label,x_0,y_0,z_0,x_1,y_1,z_1,x_2,y_2,z_2,x_3,y_3,z_3,x_4,y_4,z_4,x_5,y_5,z_5,x_6,y_6,z_6,x_7,y_7,z_7,x_8,y_8,z_8,x_9,y_9,z_9,x_10,y_10,z_10,x_11,y_11,z_11,x_12,y_12,z_12,x_13,y_13,z_13,x_14,y_14,z_14,x_15,y_15,z_15,x_16,y_16,z_16,x_17,y_17,z_17,x_18,y_18,z_18,x_19,y_19,z_19,x_20,y_20,z_20
A,0.0,0.0,0.0,-0.11423928290605545,0.22914257645606995,-0.34954389929771423,-0.025529824197292328,0.4651760458946228,-0.561307430267334,0.20679889619350433,0.6735477447509766,-0.6939443349838257,0.46309012174606323,0.8307416439056396,-0.8110038042068481,0.29510244727134705,0.11152871698141098,-0.6305599808692932,0.6208480596542358,0.4443233907222748,-0.8525499105453491,0.805614709854126,0.6964372992515564,-0.949242115020752,0.9335952401161194,0.8829596638679504,-1.0,0.4868950843811035,0.0360025092959404,-0.511552631855011,0.7633028626441956,0.4597167670726776,-0.7127185463905334,0.8573153018951416,0.7467474937438965,-0.7564502954483032,0.9177607893943787,0.9617738127708435,-0.7768137454986572,0.5986431241035461,0.04737548530101776,-0.40299397706985474,0.8401177525520325,0.44620028138160706,-0.5776792168617249,0.917396068572998,0.7116180062294006,-0.5975157022476196,0.9622735977172852,0.9194286465644836,-0.5989176034927368,0.6678327918052673,0.11269315332174301,-0.3144051134586334,0.8464064598083496,0.40977731347084045,-0.4585835933685303,0.9123342037200928,0.644310712814331,-0.5010918378829956,0.9504547715187073,0.8343222141265869,-0.5178775191307068
A,0.0,0.0,0.0,0.003352137515321374,0.18673288822174072,-0.24394503235816956,0.16791218519210815,0.3120832145214081,-0.36873239278793335,0.3977806866168976,0.3810306787490845,-0.4384511113166809,0.6099657416343689,0.4395751357078552,-0.4945681691169739,0.39530614018440247,-0.0877336785197258,-0.3814852237701416,0.6979765892028809,0.13643237948417664,-0.5248802304267883,0.8764932155609131,0.3321349024772644,-0.5979487299919128,1.0,0.486224502325058,-0.6350524425506592,0.4861880838871002,-0.1860368400812149,-0.2879554033279419,0.7473276853561401,0.09292886406183243,-0.4161914587020874,0.8740006685256958,0.32624509930610657,-0.453031450510025,0.9650428295135498,0.5207996368408203,-0.4688096344470978,0.5362623929977417,-0.19011221826076508,-0.20355013012886047,0.7684840559959412,0.07854612916707993,-0.31004759669303894,0.8787832856178284,0.28252023458480835,-0.31902194023132324,0.9524832367897034,0.46109074354171753,-0.31415635347366333,0.5659438371658325,-0.14507241547107697,-0.13619637489318848,0.757061779499054,0.06448083370923996,-0.22670963406562805,0.8602334260940552,0.24396581947803497,-0.2502608001232147,0.9314180612564087,0.4051164388656616,-0.252591997385025
A,0.0,0.0,0.0,0.01530250534415245,0.1421646773815155,-0.26244571805000305,0.1849140077829361,0.26430344581604004,-0.41059958934783936,0.41625693440437317,0.354091614484787,-0.5006517767906189,0.6198229789733887,0.42974403500556946,-0.5803616642951965,0.41493090987205505,-0.1319386065006256,-0.42507803440093994,0.7139710187911987,0.09960860013961792,-0.582137405872345,0.8841584920883179,0.3104998767375946,-0.6700229048728943,0.9884876012802124,0.4933822751045227,-0.7186071872711182,0.49772679805755615,-0.22617657482624054,-0.33044135570526123,0.7574536800384521,0.07416804879903793,-0.4768776297569275,0.9044642448425293,0.35295742750167847,-0.5316303968429565,1.0,0.5927023887634277,-0.5624421238899231,0.5442547798156738,-0.22592781484127045,-0.24425311386585236,0.7783052325248718,0.044045232236385345,-0.36943238973617554,0.905968189239502,0.2911604344844818,-0.40400758385658264,0.9909244179725647,0.5149734020233154,-0.4183887243270874,0.568532407283783,-0.17784851789474487,-0.17450708150863647,0.7660834193229675,0.014717940241098404,-0.2805265486240387,0.8752532005310059,0.20848079025745392,-0.3180452287197113,0.9497622847557068,0.3914310932159424,-0.33092689514160156
A,0.0,0.0,0.0,0.047366660088300705,0.12116026133298874,-0.21379971504211426,0.22105325758457184,0.2327449917793274,-0.336930513381958,0.4431934356689453,0.32245588302612305,-0.4147109389305115,0.6370553374290466,0.3977055549621582,-0.48299163579940796,0.43073683977127075,-0.09855310618877411,-0.3347313702106476,0.7233425974845886,0.06520755589008331,-0.471686452627182,0.8929893970489502,0.2330903708934784,-0.551436185836792,1.0,0.3813212215900421,-0.594245970249176,0.49925684928894043,-0.18974752724170685,-0.258796751499176,0.7556314468383789,0.026948442682623863,-0.38593366742134094,0.8974564671516418,0.26303473114967346,-0.43565016984939575,0.981923520565033,0.4673861563205719,-0.46147817373275757,0.5378119349479675,-0.19458743929862976,-0.19116610288619995,0.7702165842056274,-0.0006916777929291129,-0.3035299777984619,0.8899006247520447,0.20537935197353363,-0.3376709222793579,0.9650785326957703,0.3885152339935303,-0.3496586084365845,0.5600595474243164,-0.1528470665216446,-0.13595999777317047,0.7549420595169067,-0.01966981589794159,-0.2277134507894516,0.8601580262184143,0.14002220332622528,-0.2581397593021393,0.9274872541427612,0.28554490208625793,-0.2659572660923004
A,0.0,0.0,0.0,0.17037633061408997,-0.14906460046768188,-0.052503131330013275,0.4233236014842987,-0.1886037141084671,-0.11650336533784866,0.6275589466094971,-0.1369333416223526,-0.1658119410276413,0.7686697244644165,-0.06160217523574829,-0.2195814698934555,0.39783963561058044,-0.2346533089876175,-0.23984703421592712,0.6707913279533386,-0.17765100300312042,-0.3488894999027252,0.8607568740844727,-0.07902125269174576,-0.4102778136730194,1.0,0.01967749185860157,-0.44119009375572205,0.3439806401729584,-0.08032896369695663,-0.2520122826099396,0.6245066523551941,-0.018114252015948296,-0.3382551372051239,0.813227117061615,0.057515766471624374,-0.3684343993663788,0.9539933204650879,0.13507205247879028,-0.38962575793266296,0.29149356484413147,0.09061016887426376,-0.2575805187225342,0.5523123741149902,0.14938752353191376,-0.3217953145503998,0.7280611991882324,0.20181001722812653,-0.3263404369354248,0.8508543372154236,0.2578544020652771,-0.32723164558410645,0.24694260954856873,0.25786322355270386,-0.2640356123447418,0.463766872882843,0.28466495871543884,-0.30389413237571716,0.6052844524383545,0.3056389391422272,-0.297908753156662,0.7087956666946411,0.33178842067718506,-0.29104846715927124
A,0.0,0.0,0.0,0.14744819700717926,-0.17308340966701508,-0.02313202992081642,0.3835583031177521,-0.25198444724082947,-0.0682087168097496,0.5796802639961243,-0.21831822395324707,-0.10986756533384323,0.7230565547943115,-0.14192940294742584,-0.1523503214120865,0.4099063575267792,-0.34782928228378296,-0.14788216352462769,0.6819003224372864,-0.370583176612854,-0.24638564884662628,0.8707623481750488,-0.29804402589797974,-0.3041260540485382,1.0,-0.21111074090003967,-0.33203354477882385,0.3879510462284088,-0.20650827884674072,-0.1750841587781906,0.6692118644714355,-0.18268033862113953,-0.2473299205303192,0.838427722454071,-0.10325413942337036,-0.2745210826396942,0.9573360681533813,-0.018415678292512894,-0.2898896336555481,0.3510560095310211,-0.02498854510486126,-0.19941295683383942,0.6116365790367126,0.015579712577164173,-0.2489839494228363,0.7531910538673401,0.0717276856303215,-0.23932132124900818,0.8467912673950195,0.1278623342514038,-0.22920860350131989,0.3082127273082733,0.1662042737007141,-0.22529715299606323,0.51601642370224,0.17804916203022003,-0.2546226978302002,0.6311891078948975,0.18896357715129852,-0.23709887266159058,0.7135253548622131,0.20282630622386932,-0.2190704047679901
A,0.0,0.0,0.0,0.12778101861476898,-0.13506408035755157,-0.13114233314990997,0.29906851053237915,-0.48735669255256653,-0.20013342797756195,0.4308027923107147,-0.7773544192314148,-0.26284337043762207,0.5213744044303894,-0.896680474281311,-0.2971270680427551,0.4999709129333496,-0.9467949271202087,-0.06376190483570099,0.7446086406707764,-0.9121217131614685,-0.2454873025417328,0.5622544288635254,-0.6452037692070007,-0.34962135553359985,0.45389994978904724,-0.6037018895149231,-0.4104960560798645,0.5157486200332642,-0.9887055158615112,-0.08216299116611481,0.7682358026504517,-1.0,-0.28445786237716675,0.5600231289863586,-0.6941397786140442,-0.3203850984573364,0.4504440426826477,-0.612923264503479,-0.3043755292892456,0.5138282179832458,-0.9649984836578369,-0.13180910050868988,0.722839891910553,-0.9517070055007935,-0.3048360049724579,0.5325307846069336,-0.6652429103851318,-0.2355327606201172,0.428294837474823,-0.6027833223342896,-0.15441681444644928,0.46339038014411926,-0.8750503659248352,-0.1966516673564911,0.6465903520584106,-0.8744703531265259,-0.27277687191963196,0.504222571849823,-0.6415016651153564,-0.19821995496749878,0.4265581965446472,-0.5795926451683044,-0.12664881348609924
A,0.0,0.0,0.0,-0.0477900467813015,-0.2783924341201782,-0.08987098187208176,-0.010136588476598263,-0.6089739203453064,-0.1228451281785965,0.12184353917837143,-0.8392201662063599,-0.15230540931224823,0.2559252381324768,-0.9413789510726929,-0.15429751574993134,0.1685686856508255,-0.9238710999488831,0.00874980166554451,0.2928241789340973,-1.0,-0.11262327432632446,0.19153805077075958,-0.7556111812591553,-0.17932061851024628,0.11864515393972397,-0.6525939702987671,-0.20310240983963013,0.2953290045261383,-0.868057906627655,0.0076281363144516945,0.3928098678588867,-0.9252938032150269,-0.11840422451496124,0.27849793434143066,-0.6726062297821045,-0.14833785593509674,0.20849548280239105,-0.5629828572273254,-0.13444745540618896,0.3993542790412903,-0.7775622606277466,-0.019570397213101387,0.4732028841972351,-0.8347899913787842,-0.12875273823738098,0.3469345271587372,-0.6138277649879456,-0.07969988882541656,0.2691579759120941,-0.527423620223999,-0.01569569669663906,0.45296937227249146,-0.6694135665893555,-0.05757729709148407,0.5395832657814026,-0.729898989200592,-0.0974184200167656,0.4254254996776581,-0.5741221904754639,-0.03388084098696709,0.3613049387931824,-0.5086406469345093,0.03246711194515228
A,0.0,0.0,0.0,-0.12823449075222015,-0.333711177110672,-0.08847691863775253,-0.13914093375205994,-0.6905032992362976,-0.12093040347099304,-0.025427738204598427,-0.9191316366195679,-0.1494753658771515,0.10444954037666321,-1.0,-0.15618573129177094,0.107670359313488,-0.8744964003562927,-0.013975776731967926,0.20933447778224945,-0.971428632736206,-0.12163645774126053,0.12038203328847885,-0.7636136412620544,-0.17060603201389313,0.05909576267004013,-0.6870567798614502,-0.18833428621292114,0.23913006484508514,-0.7768155932426453,-0.02281774953007698,0.3280499577522278,-0.8759281039237976,-0.1389758586883545,0.2190302312374115,-0.6483016014099121,-0.15588805079460144,0.1595085859298706,-0.5686072707176208,-0.13678078353405,0.34943729639053345,-0.6506058573722839,-0.054218173027038574,0.42621737718582153,-0.7361900806427002,-0.16467054188251495,0.3048551678657532,-0.5288587808609009,-0.1130819246172905,0.23248207569122314,-0.463490754365921,-0.04930027946829796,0.43139269948005676,-0.4913361966609955,-0.0952313020825386,0.5071384310722351,-0.5848738551139832,-0.14882054924964905,0.3986126780509949,-0.43651682138442993,-0.08782649785280228,0.3306765854358673,-0.38241124153137207,-0.023619243875145912
A,0.0,0.0,0.0,-0.20462706685066223,-0.29535049200057983,-0.0375225767493248,-0.3236032724380493,-0.6006062030792236,-0.07226135581731796,-0.325900137424469,-0.8232163786888123,-0.1211770549416542,-0.23590974509716034,-0.8851078748703003,-0.16202670335769653,-0.13325992226600647,-0.7939149737358093,0.023831520229578018,-0.1590631902217865,-1.0,-0.06985592842102051,-0.18599416315555573,-0.8436018824577332,-0.14163297414779663,-0.17782972753047943,-0.718112051486969,-0.18068291246891022,0.004425517749041319,-0.7560376524925232,-0.007692198734730482,-0.02408178150653839,-0.9579240679740906,-0.09852849692106247,-0.07166964560747147,-0.7856543064117432,-0.13575351238250732,-0.06761671602725983,-0.6594986915588379,-0.14190234243869781,0.1283932775259018,-0.6880287528038025,-0.05558530241250992,0.08709883689880371,-0.8629509806632996,-0.13310693204402924,0.032209768891334534,-0.7065881490707397,-0.11073663830757141,0.028142191469669342,-0.5971735119819641,-0.07623814791440964,0.23666176199913025,-0.5863483548164368,-0.10948814451694489,0.184324711561203,-0.7462289929389954,-0.1269678920507431,0.12490732222795486,-0.634752094745636,-0.0747048631310463,0.11412857472896576,-0.5478769540786743,-0.029435791075229645
A,0.0,0.0,0.0,-0.21834488213062286,-0.2461102455854416,0.001645587501116097,-0.3168158233165741,-0.5373220443725586,0.025748230516910553,-0.33100396394729614,-0.8074520826339722,0.03035963699221611,-0.34550830721855164,-0.9693676233291626,0.05099758878350258,-0.21097029745578766,-0.7557965517044067,0.11401711404323578,-0.3117077648639679,-1.0,0.02511085942387581,-0.36008161306381226,-0.7876303195953369,-0.005669034086167812,-0.35017696022987366,-0.7001338601112366,-0.002826188923791051,-0.1196170225739479,-0.7130274772644043,0.07490849494934082,-0.2023792415857315,-0.9655981063842773,-0.035737909376621246,-0.27382737398147583,-0.6865726709365845,-0.045397642999887466,-0.2566569745540619,-0.6205759644508362,-0.008736047893762589,-0.024912063032388687,-0.6564383506774902,0.014822262339293957,-0.09140351414680481,-0.835974395275116,-0.09130820631980896,-0.17599280178546906,-0.5640266537666321,-0.054434314370155334,-0.155639186501503,-0.5068885684013367,0.009393272921442986,0.08268049359321594,-0.5830308198928833,-0.04810498282313347,0.010755738243460655,-0.7016410231590271,-0.08157366514205933,-0.07072769850492477,-0.5133997201919556,-0.03368249163031578,-0.06223946437239647,-0.44982150197029114,0.02041628770530224
A,0.0,0.0,0.0,-0.2697100043296814,-0.0813930332660675,-0.06944305449724197,-0.46931368112564087,-0.41190317273139954,-0.08109509199857712,-0.5104634165763855,-0.7679428458213806,-0.09922966361045837,-0.43161216378211975,-0.9558907151222229,-0.09169500321149826,-0.31770017743110657,-0.7252600193023682,0.045434027910232544,-0.33057698607444763,-1.0,-0.09403038024902344,-0.35237807035446167,-0.7392695546150208,-0.15165919065475464,-0.3473917543888092,-0.6154263019561768,-0.16717107594013214,-0.16455550491809845,-0.7029238343238831,0.02900782786309719,-0.18729077279567719,-0.9574816226959229,-0.10613707453012466,-0.2284904569387436,-0.6328516006469727,-0.11333545297384262,-0.21643765270709991,-0.590620756149292,-0.08128955960273743,-0.02010246552526951,-0.6489081978797913,-0.019589954987168312,-0.034052446484565735,-0.8534737229347229,-0.15866102278232574,-0.08941257745027542,-0.5428106188774109,-0.10290408879518509,-0.08281499892473221,-0.49629732966423035,-0.026754777878522873,0.13509590923786163,-0.5829543471336365,-0.07717086374759674,0.10627830028533936,-0.707335352897644,-0.13927061855793,0.05202477425336838,-0.49038639664649963,-0.09006720036268234,0.057141147553920746,-0.4323795735836029,-0.03503626957535744
A,0.0,0.0,0.0,-0.27197012305259705,-0.10891326516866684,-0.07004661113023758,-0.4699876308441162,-0.4161306321620941,-0.08508236706256866,-0.5206421613693237,-0.748998761177063,-0.10882393270730972,-0.44129329919815063,-0.943148136138916,-0.10831160843372345,-0.32018721103668213,-0.7334924340248108,0.05745408684015274,-0.33288508653640747,-1.0,-0.08164257556200027,-0.34472450613975525,-0.7560856342315674,-0.1440085917711258,-0.3318653702735901,-0.628605842590332,-0.16190068423748016,-0.16234999895095825,-0.704134464263916,0.038483019918203354,-0.1767658293247223,-0.9540800452232361,-0.09800969809293747,-0.2148328572511673,-0.6424005627632141,-0.11247490346431732,-0.20031163096427917,-0.6013671159744263,-0.08254816383123398,-0.01583286188542843,-0.6520456075668335,-0.012810410931706429,-0.021735772490501404,-0.8408460021018982,-0.15234768390655518,-0.07920719683170319,-0.5444539785385132,-0.10406465828418732,-0.07321019470691681,-0.5131406784057617,-0.03125353157520294,0.13529184460639954,-0.583875834941864,-0.07318136096000671,0.10997189581394196,-0.6995810866355896,-0.13757862150669098,0.05832890048623085,-0.4890263080596924,-0.08868421614170074,0.0709759071469307,-0.4404425024986267,-0.03149592503905296
A,0.0,0.0,0.0,-0.26702600717544556,-0.11478548496961594,-0.07435697317123413,-0.4628758430480957,-0.42875775694847107,-0.09525752812623978,-0.5115246176719666,-0.7597923874855042,-0.12314572185277939,-0.4327627420425415,-0.955532431602478,-0.12782573699951172,-0.31016892194747925,-0.7402468323707581,0.03653334081172943,-0.32890525460243225,-1.0,-0.10704439133405685,-0.341318815946579,-0.7670057415962219,-0.17152835428714752,-0.3244032859802246,-0.6363072991371155,-0.19051311910152435,-0.15320256352424622,-0.7176467180252075,0.01647995412349701,-0.1783752143383026,-0.9713073372840881,-0.12313313037157059,-0.21202291548252106,-0.6627768278121948,-0.13397575914859772,-0.186061292886734,-0.6074060201644897,-0.1003846749663353,-0.004636159632354975,-0.6653012037277222,-0.03526940941810608,-0.022632671520113945,-0.8620843887329102,-0.17627494037151337,-0.07428054511547089,-0.5662363767623901,-0.12120234966278076,-0.05807889625430107,-0.5219550132751465,-0.04316916689276695,0.1501692533493042,-0.5922378301620483,-0.09661011397838593,0.11223951727151871,-0.7099758982658386,-0.16576506197452545,0.06338377296924591,-0.5043365359306335,-0.11520738154649734,0.08053351193666458,-0.4542795419692993,-0.055656254291534424
A,0.0,0.0,0.0,-0.268898606300354,-0.12319384515285492,-0.0755147635936737,-0.4680679738521576,-0.43891051411628723,-0.09885838627815247,-0.5144196152687073,-0.7661237120628357,-0.1291617602109909,-0.4285586476325989,-0.961858868598938,-0.13675890862941742,-0.3165529668331146,-0.7538463473320007,0.03616982698440552,-0.3456496000289917,-1.0,-0.10246274620294571,-0.3507017493247986,-0.778315544128418,-0.16153210401535034,-0.3296245038509369,-0.6590438485145569,-0.17716358602046967,-0.15856148302555084,-0.7382482290267944,0.01565573923289776,-0.18798856437206268,-0.9935728311538696,-0.12148705124855042,-0.21723957359790802,-0.6802279949188232,-0.1264118105173111,-0.18909716606140137,-0.6207276582717896,-0.08629988133907318,-0.006377901881933212,-0.686884880065918,-0.03646959736943245,-0.026233628392219543,-0.8782761096954346,-0.1793687641620636,-0.07447735220193863,-0.5752811431884766,-0.12243727594614029,-0.05651571601629257,-0.5239989757537842,-0.040195614099502563,0.15152637660503387,-0.6095415353775024,-0.09777146577835083,0.1052028089761734,-0.7292432188987732,-0.16836854815483093,0.05928919464349747,-0.5218687057495117,-0.11595724523067474,0.07889667898416519,-0.4699954688549042,-0.053376488387584686
A,0.0,0.0,0.0,-0.2624538540840149,-0.11111848801374435,-0.07144645601511002,-0.46735480427742004,-0.4269617199897766,-0.09293653070926666,-0.5228471755981445,-0.7460517287254333,-0.12150551378726959,-0.44274088740348816,-0.9416671395301819,-0.12680459022521973,-0.32225412130355835,-0.7473321557044983,0.039427656680345535,-0.353950172662735,-1.0,-0.0940973311662674,-0.3538917601108551,-0.7689103484153748,-0.15390253067016602,-0.3339264988899231,-0.641680896282196,-0.1714138388633728,-0.1656532734632492,-0.7394858598709106,0.018729383125901222,-0.19674177467823029,-0.9883991479873657,-0.11084499955177307,-0.22069936990737915,-0.6793704032897949,-0.11831934750080109,-0.19534917175769806,-0.6123576164245605,-0.08324193209409714,-0.014801663346588612,-0.6890509128570557,-0.032303906977176666,-0.040551360696554184,-0.8771743178367615,-0.1636628806591034,-0.0796630010008812,-0.5822516083717346,-0.10700065642595291,-0.05935496836900711,-0.5314320921897888,-0.029317863285541534,0.1419508308172226,-0.6115314364433289,-0.09255167096853256,0.09041659533977509,-0.7205379605293274,-0.15350019931793213,0.05301542952656746,-0.5187457203865051,-0.0999891459941864,0.0768548995256424,-0.4763581156730652,-0.03968933969736099
A,0.0,0.0,0.0,-0.25699931383132935,-0.11863765865564346,-0.07046210020780563,-0.45868760347366333,-0.4242703318595886,-0.09323043376207352,-0.5185614228248596,-0.7414119839668274,-0.123371921479702,-0.4400114119052887,-0.9362326860427856,-0.1299765408039093,-0.3109057545661926,-0.7460218071937561,0.040966663509607315,-0.3365565538406372,-1.0,-0.09367765486240387,-0.3447098135948181,-0.7647087574005127,-0.15427237749099731,-0.3286031186580658,-0.6337459087371826,-0.17190785706043243,-0.15768733620643616,-0.7321451306343079,0.020869145169854164,-0.18840551376342773,-0.976559579372406,-0.10873284935951233,-0.2142152637243271,-0.672796905040741,-0.11771176755428314,-0.1880555897951126,-0.6126614809036255,-0.08471269905567169,-0.01018805056810379,-0.6818658113479614,-0.029392536729574203,-0.03737297281622887,-0.8666298389434814,-0.15908853709697723,-0.07708978652954102,-0.5763654112815857,-0.10249482095241547,-0.05717611312866211,-0.5296131372451782,-0.02570870704948902,0.14317525923252106,-0.606756865978241,-0.08896075934171677,0.09449446946382523,-0.7223227024078369,-0.14754611253738403,0.05616198480129242,-0.5207744240760803,-0.09317972511053085,0.079013392329216,-0.47689253091812134,-0.03275555744767189
A,0.0,0.0,0.0,-0.2653401792049408,-0.10478128492832184,-0.07734797894954681,-0.47595635056495667,-0.4174620807170868,-0.09776920825242996,-0.5364503264427185,-0.7461461424827576,-0.12442156672477722,-0.44850602746009827,-0.94121915102005,-0.12727636098861694,-0.33335283398628235,-0.7489233613014221,0.04712272807955742,-0.35976409912109375,-1.0,-0.08490944653749466,-0.36092814803123474,-0.7793809771537781,-0.14438392221927643,-0.3408692181110382,-0.6516821980476379,-0.1614842414855957,-0.17787639796733856,-0.7399823665618896,0.030504794791340828,-0.20316427946090698,-0.994372546672821,-0.1030244454741478,-0.22808511555194855,-0.6847572922706604,-0.11238080263137817,-0.2053607553243637,-0.6109468936920166,-0.07559799402952194,-0.028502577915787697,-0.6912012100219727,-0.01763852871954441,-0.04685117304325104,-0.879032552242279,-0.1552124321460724,-0.090260811150074,-0.581104040145874,-0.10395299643278122,-0.07583392411470413,-0.5250393748283386,-0.026334021240472794,0.12822389602661133,-0.615411639213562,-0.07510294765233994,0.08527889102697372,-0.7315589189529419,-0.14166581630706787,0.041490282863378525,-0.5264769196510315,-0.09247185289859772,0.05496708303689957,-0.4742552638053894,-0.03299572318792343
A,0.0,0.0,0.0,-0.2659890949726105,-0.10972034186124802,-0.0817764401435852,-0.47457829117774963,-0.42293426394462585,-0.10602741688489914,-0.5343988537788391,-0.7542219161987305,-0.13547949492931366,-0.45230549573898315,-0.9510238170623779,-0.1406490057706833,-0.3323703706264496,-0.7501795291900635,0.03652274236083031,-0.3551361858844757,-1.0,-0.10070318728685379,-0.35841143131256104,-0.7578253149986267,-0.16276220977306366,-0.3417103886604309,-0.6388149261474609,-0.18331588804721832,-0.17481763660907745,-0.7418149709701538,0.01911843568086624,-0.20255622267723083,-0.9932536482810974,-0.12053129822015762,-0.22819165885448456,-0.679446280002594,-0.1353147178888321,-0.2032015472650528,-0.6206868886947632,-0.10439243912696838,-0.023208143189549446,-0.6922820210456848,-0.029538799077272415,-0.042954303324222565,-0.8817955255508423,-0.17024224996566772,-0.08812002092599869,-0.5787076950073242,-0.11752472817897797,-0.07375159114599228,-0.5333161354064941,-0.04088231176137924,0.13645602762699127,-0.6184029579162598,-0.08810506016016006,0.09016092121601105,-0.7304747700691223,-0.15498942136764526,0.048174429684877396,-0.5207525491714478,-0.10403787344694138,0.06559593230485916,-0.4770784378051758,-0.044796351343393326
A,0.0,0.0,0.0,-0.2693171501159668,-0.10923833400011063,-0.07738456130027771,-0.47468796372413635,-0.4186112880706787,-0.09760751575231552,-0.5336180329322815,-0.7399954199790955,-0.1231728196144104,-0.4572363793849945,-0.9349396228790283,-0.12459457665681839,-0.331474244594574,-0.7473804354667664,0.03770951181650162,-0.34958475828170776,-1.0,-0.09835503995418549,-0.35924777388572693,-0.7631528377532959,-0.15682508051395416,-0.34569215774536133,-0.634557843208313,-0.17271336913108826,-0.17291758954524994,-0.7319437265396118,0.020811408758163452,-0.1934138536453247,-0.9836006164550781,-0.11554009467363358,-0.22726649045944214,-0.6687055826187134,-0.12475485354661942,-0.20911504328250885,-0.6089997291564941,-0.0891486406326294,-0.022536376491189003,-0.6815360188484192,-0.027233421802520752,-0.03572143241763115,-0.8653351068496704,-0.1681847721338272,-0.08602669090032578,-0.5619048476219177,-0.11640630662441254,-0.07542695105075836,-0.5165154337882996,-0.03936856985092163,0.13402140140533447,-0.6087718605995178,-0.08432251214981079,0.0961301252245903,-0.7223855257034302,-0.15429238975048065,0.053199272602796555,-0.5123816132545471,-0.10571849346160889,0.06948092579841614,-0.4662450850009918,-0.04688151180744171
A,0.0,0.0,0.0,-0.25911441445350647,-0.10583091527223587,-0.07828695327043533,-0.4626230001449585,-0.40649178624153137,-0.1027456670999527,-0.525420606136322,-0.7258577346801758,-0.13344796001911163,-0.45357829332351685,-0.9274979829788208,-0.13940076529979706,-0.316063791513443,-0.7450125813484192,0.03982198238372803,-0.3379473388195038,-1.0,-0.10102662444114685,-0.35476744174957275,-0.7615035772323608,-0.16447967290878296,-0.3440772294998169,-0.630099356174469,-0.18304362893104553,-0.1639305204153061,-0.7273972034454346,0.02299698255956173,-0.18947209417819977,-0.9741536974906921,-0.11360179632902145,-0.22682268917560577,-0.6638671159744263,-0.1259196698665619,-0.20843592286109924,-0.610876739025116,-0.09382101148366928,-0.018472794443368912,-0.6773527264595032,-0.02563990093767643,-0.03725964203476906,-0.868503987789154,-0.16397708654403687,-0.08670318871736526,-0.5694242119789124,-0.11173003911972046,-0.0724969208240509,-0.5280239582061768,-0.03574400767683983,0.1350027322769165,-0.606322705745697,-0.08402001112699509,0.09730342030525208,-0.7261626124382019,-0.1512077897787094,0.0509483776986599,-0.5158868432044983,-0.10193988680839539,0.06702914834022522,-0.4676206707954407,-0.04305019974708557
A,0.0,0.0,0.0,-0.2602054178714752,-0.09903371334075928,-0.08161826431751251,-0.46638837456703186,-0.39719581604003906,-0.10803840309381485,-0.5312233567237854,-0.7195725440979004,-0.13934014737606049,-0.45657801628112793,-0.9188128113746643,-0.14498813450336456,-0.32452642917633057,-0.7419163584709167,0.03353843837976456,-0.3442627191543579,-1.0,-0.10430806875228882,-0.35147562623023987,-0.756779134273529,-0.1646454781293869,-0.3380330502986908,-0.6292235255241394,-0.18231405317783356,-0.17177720367908478,-0.725700318813324,0.01851293444633484,-0.19341467320919037,-0.9740755558013916,-0.11745543032884598,-0.22468255460262299,-0.6601044535636902,-0.1283777952194214,-0.20853444933891296,-0.6103885769844055,-0.09589044749736786,-0.026503123342990875,-0.6769232749938965,-0.027913980185985565,-0.03853369876742363,-0.8644681572914124,-0.16629861295223236,-0.08672556281089783,-0.5652166604995728,-0.11436016857624054,-0.07795333862304688,-0.5287386178970337,-0.03919164463877678,0.12561161816120148,-0.6075838208198547,-0.08407040685415268,0.09453281760215759,-0.7255648374557495,-0.15155185759067535,0.05033569037914276,-0.5151020884513855,-0.10301312804222107,0.06299357861280441,-0.46938809752464294,-0.04515016824007034
A,0.0,0.0,0.0,-0.26150426268577576,-0.0994391068816185,-0.08360105007886887,-0.4687257409095764,-0.40390744805336,-0.10767888277769089,-0.5353574156761169,-0.7341371178627014,-0.1367742270231247,-0.45492008328437805,-0.9286037683486938,-0.13998565077781677,-0.3349618911743164,-0.7447177767753601,0.042554039508104324,-0.3534480631351471,-1.0,-0.09670430421829224,-0.3584553897380829,-0.7536659240722656,-0.15912815928459167,-0.34519344568252563,-0.626934826374054,-0.17801886796951294,-0.1778540015220642,-0.731265127658844,0.028264354914426804,-0.20102398097515106,-0.9770773649215698,-0.11123501509428024,-0.22801341116428375,-0.6633909344673157,-0.12579946219921112,-0.20973332226276398,-0.6108357906341553,-0.09448697417974472,-0.030041400343179703,-0.6838213801383972,-0.018489856272935867,-0.04437999799847603,-0.8646262288093567,-0.15961185097694397,-0.08919183164834976,-0.5647137761116028,-0.10965867340564728,-0.07995609939098358,-0.5282690525054932,-0.03442477434873581,0.12405310571193695,-0.6163119673728943,-0.07536252588033676,0.09042910486459732,-0.7285634875297546,-0.1425790935754776,0.04886193200945854,-0.5173462629318237,-0.09471116214990616,0.06270653009414673,-0.4739375412464142,-0.03725632280111313
A,0.0,0.0,0.0,-0.2602861523628235,-0.10774685442447662,-0.07470650970935822,-0.4659057557582855,-0.40637290477752686,-0.09617865085601807,-0.5334538221359253,-0.7316996455192566,-0.12455610185861588,-0.4505840241909027,-0.9234107732772827,-0.1274089217185974,-0.33013656735420227,-0.7400773167610168,0.04831724986433983,-0.3510362505912781,-1.0,-0.08672365546226501,-0.35551753640174866,-0.7548252940177917,-0.14799758791923523,-0.34172356128692627,-0.6248916983604431,-0.1667049378156662,-0.17480242252349854,-0.7269796133041382,0.03190422058105469,-0.1987980604171753,-0.973014235496521,-0.10105240345001221,-0.2257377952337265,-0.6604188084602356,-0.11391041427850723,-0.2093096226453781,-0.603367269039154,-0.08344889432191849,-0.027047177776694298,-0.6795961260795593,-0.01564326137304306,-0.04380323365330696,-0.8694764375686646,-0.14963294565677643,-0.0886988714337349,-0.5687774419784546,-0.09781883656978607,-0.07828724384307861,-0.5207898020744324,-0.023123320192098618,0.12857501208782196,-0.6109412908554077,-0.07260511815547943,0.08904276043176651,-0.7261220216751099,-0.1346326619386673,0.04723001644015312,-0.5186604857444763,-0.08492263406515121,0.06287864595651627,-0.4718524217605591,-0.02701018564403057
A,0.0,0.0,0.0,-0.25844091176986694,-0.10888401418924332,-0.0706414058804512,-0.46720537543296814,-0.4083244204521179,-0.09420368075370789,-0.5378455519676208,-0.7246856093406677,-0.12531018257141113,-0.45922547578811646,-0.9205063581466675,-0.13193634152412415,-0.3245551586151123,-0.7384764552116394,0.03932684659957886,-0.34931522607803345,-1.0,-0.09631164371967316,-0.3522699475288391,-0.7565203905105591,-0.15744592249393463,-0.3353720009326935,-0.6216611862182617,-0.17593136429786682,-0.17000247538089752,-0.7248285412788391,0.019987143576145172,-0.19655364751815796,-0.9720988869667053,-0.11243407428264618,-0.22168798744678497,-0.6611283421516418,-0.12437169998884201,-0.20362021028995514,-0.598931074142456,-0.09414965659379959,-0.02201155014336109,-0.6775727272033691,-0.02886771410703659,-0.044186580926179886,-0.8706895112991333,-0.1618618220090866,-0.08427797257900238,-0.5709744691848755,-0.1067231073975563,-0.07177280634641647,-0.517462968826294,-0.030527779832482338,0.13200044631958008,-0.6062286496162415,-0.08654627203941345,0.08804750442504883,-0.730987012386322,-0.14896653592586517,0.04871673882007599,-0.5226120948791504,-0.09591076523065567,0.0648002177476883,-0.4688803255558014,-0.03565995395183563
A,0.0,0.0,0.0,-0.259162575006485,-0.09685727208852768,-0.0752120092511177,-0.4670896828174591,-0.39999377727508545,-0.10119848698377609,-0.5369251370429993,-0.7222930788993835,-0.13348861038684845,-0.4650164842605591,-0.9245118498802185,-0.14126941561698914,-0.3252929151058197,-0.7327740788459778,0.028377775102853775,-0.3536827266216278,-1.0,-0.110805444419384,-0.35228464007377625,-0.7559167146682739,-0.17092925310134888,-0.3316425383090973,-0.6204413771629333,-0.18804378807544708,-0.17252762615680695,-0.7242772579193115,0.010166327469050884,-0.20517845451831818,-0.9804367423057556,-0.12661270797252655,-0.22390352189540863,-0.6611192226409912,-0.13599346578121185,-0.20083098113536835,-0.5980508923530579,-0.10193907469511032,-0.02413303591310978,-0.6819784045219421,-0.037836458534002304,-0.05133660510182381,-0.8798987865447998,-0.1765475869178772,-0.08608683943748474,-0.5710974335670471,-0.11903861165046692,-0.0697895810008049,-0.5183607935905457,-0.039309535175561905,0.1306789517402649,-0.616984486579895,-0.09475045651197433,0.08093392848968506,-0.7332180738449097,-0.16321490705013275,0.047042183578014374,-0.522061288356781,-0.11143932491540909,0.06914522498846054,-0.4743298888206482,-0.05060431733727455
A,0.0,0.0,0.0,-0.26234519481658936,-0.10092736035585403,-0.07255134731531143,-0.46876591444015503,-0.39850980043411255,-0.09667690843343735,-0.5389986634254456,-0.7166810035705566,-0.12815013527870178,-0.46631231904029846,-0.91824871301651,-0.13539810478687286,-0.33333510160446167,-0.7337616682052612,0.038836222141981125,-0.3591659963130951,-1.0,-0.09783845394849777,-0.36214619874954224,-0.7580746412277222,-0.1586051881313324,-0.34359210729599,-0.6208488941192627,-0.17621183395385742,-0.17951713502407074,-0.7239980101585388,0.020203953608870506,-0.2105993926525116,-0.9793786406517029,-0.11390306800603867,-0.23255033791065216,-0.6622309684753418,-0.12497510015964508,-0.2094513177871704,-0.5938419103622437,-0.09266981482505798,-0.03028262034058571,-0.6801517605781555,-0.028322063386440277,-0.053265057504177094,-0.8826830983161926,-0.16519400477409363,-0.0926615446805954,-0.574505627155304,-0.11029654741287231,-0.07822585105895996,-0.5133969783782959,-0.03229918330907822,0.1254405826330185,-0.6116701364517212,-0.0856047198176384,0.0819210633635521,-0.7361888885498047,-0.15288785099983215,0.04165181890130043,-0.5229649543762207,-0.10238689929246902,0.057422664016485214,-0.46578142046928406,-0.042558614164590836
A,0.0,0.0,0.0,-0.264254629611969,-0.10074419528245926,-0.07204674929380417,-0.4719977378845215,-0.39668893814086914,-0.09510747343301773,-0.5440950393676758,-0.7151179909706116,-0.12651294469833374,-0.4693382680416107,-0.916231095790863,-0.13407550752162933,-0.33523157238960266,-0.732615053653717,0.044981151819229126,-0.3635580837726593,-1.0,-0.09386740624904633,-0.3682461380958557,-0.7607930898666382,-0.15754514932632446,-0.34919169545173645,-0.6177208423614502,-0.17635631561279297,-0.18038882315158844,-0.7228485941886902,0.02543496899306774,-0.2100808471441269,-0.9810830950737,-0.11086196452379227,-0.23458944261074066,-0.6654109358787537,-0.12443218380212784,-0.21329768002033234,-0.5922278165817261,-0.09301336854696274,-0.03003465011715889,-0.6788263320922852,-0.02462625503540039,-0.05207395553588867,-0.8825894594192505,-0.16302168369293213,-0.09324025362730026,-0.575654923915863,-0.10960860550403595,-0.08002966642379761,-0.5114227533340454,-0.03179679438471794,0.1265232115983963,-0.6091976165771484,-0.08359362185001373,0.08397150039672852,-0.7378995418548584,-0.15083183348178864,0.04218854382634163,-0.523428201675415,-0.09989756345748901,0.056935977190732956,-0.46216732263565063,-0.039467956870794296
A,0.0,0.0,0.0,-0.26605820655822754,-0.09380203485488892,-0.0789266973733902,-0.4795559346675873,-0.3891410529613495,-0.10564795881509781,-0.5507190823554993,-0.7157616019248962,-0.13898132741451263,-0.4756069779396057,-0.9235963225364685,-0.14733579754829407,-0.34508413076400757,-0.7316875457763672,0.03643963485956192,-0.3718093931674957,-1.0,-0.10838313400745392,-0.37059083580970764,-0.7562239170074463,-0.17317914962768555,-0.352351576089859,-0.622356116771698,-0.19253090023994446,-0.18954338133335114,-0.7220122218132019,0.018260659649968147,-0.21902528405189514,-0.9820172190666199,-0.12444204092025757,-0.23947499692440033,-0.661732017993927,-0.13788898289203644,-0.22220802307128906,-0.6004884243011475,-0.10536842048168182,-0.03983783349394798,-0.6811224222183228,-0.0317322239279747,-0.05985049530863762,-0.8811246156692505,-0.17654699087142944,-0.09772080928087234,-0.570984959602356,-0.12269580364227295,-0.08837468922138214,-0.5211933851242065,-0.04374274984002113,0.11688593775033951,-0.6164107322692871,-0.09119665622711182,0.07742474973201752,-0.7409613132476807,-0.1630668342113495,0.04001304879784584,-0.5225751996040344,-0.11314340680837631,0.05419948324561119,-0.4667274057865143,-0.05288095399737358
A,0.0,0.0,0.0,-0.26274406909942627,-0.10450413078069687,-0.06911403685808182,-0.4708414673805237,-0.3979070782661438,-0.08972982317209244,-0.5471490025520325,-0.7126243114471436,-0.11875756084918976,-0.4760928452014923,-0.9098812341690063,-0.12330785393714905,-0.3381298780441284,-0.7322988510131836,0.04918448254466057,-0.36656495928764343,-1.0,-0.09069129079580307,-0.36837324500083923,-0.7502591013908386,-0.15553492307662964,-0.3515492081642151,-0.6125043630599976,-0.17567192018032074,-0.18305648863315582,-0.7224711179733276,0.02881971374154091,-0.21615102887153625,-0.980412483215332,-0.11014693975448608,-0.23790057003498077,-0.660770058631897,-0.12763050198554993,-0.22032959759235382,-0.5956485271453857,-0.09895659238100052,-0.03415355458855629,-0.6813479065895081,-0.02172711491584778,-0.060139819979667664,-0.8848025798797607,-0.16175180673599243,-0.09734165668487549,-0.5744777321815491,-0.11012112349271774,-0.08505820482969284,-0.5159615874290466,-0.03339359536767006,0.12328916043043137,-0.6179502606391907,-0.08085213601589203,0.07627172768115997,-0.7410245537757874,-0.1489170640707016,0.039124421775341034,-0.5235908627510071,-0.0988766998052597,0.05581474304199219,-0.4679889380931854,-0.03896023705601692
A,0.0,0.0,0.0,-0.2698063254356384,-0.0936160758137703,-0.06545624136924744,-0.48407986760139465,-0.3849453628063202,-0.08668702095746994,-0.55890291929245,-0.7009570598602295,-0.11661560088396072,-0.48902782797813416,-0.8984274864196777,-0.1234399676322937,-0.34517452120780945,-0.7257421016693115,0.0367710180580616,-0.3761351704597473,-1.0,-0.10272432118654251,-0.38159629702568054,-0.7520317435264587,-0.16608312726020813,-0.36332476139068604,-0.6048606634140015,-0.18516992032527924,-0.1893225610256195,-0.716018795967102,0.014410106465220451,-0.2215055376291275,-0.9736322164535522,-0.12210267037153244,-0.2463475614786148,-0.6550002694129944,-0.13623256981372833,-0.22819799184799194,-0.5864914655685425,-0.10688238590955734,-0.03959822654724121,-0.6779401898384094,-0.0367087721824646,-0.06466452777385712,-0.8796520829200745,-0.17325259745121002,-0.10240861028432846,-0.5679293870925903,-0.11915510892868042,-0.09021936357021332,-0.5102705359458923,-0.043212078511714935,0.11724677681922913,-0.617182195186615,-0.09611989557743073,0.07381262630224228,-0.738827109336853,-0.16248776018619537,0.03673836216330528,-0.5188447833061218,-0.11109139770269394,0.053467001765966415,-0.4623793065547943,-0.051597870886325836
A,0.0,0.0,0.0,-0.26679712533950806,-0.096498504281044,-0.07034094631671906,-0.4838496148586273,-0.38611549139022827,-0.09537635743618011,-0.5614303350448608,-0.7010015249252319,-0.12845760583877563,-0.4866832494735718,-0.9071129560470581,-0.1378711760044098,-0.3416016399860382,-0.7338575720787048,0.0362393893301487,-0.37431517243385315,-1.0,-0.10012475401163101,-0.38162580132484436,-0.7474310398101807,-0.16293096542358398,-0.36074298620224,-0.6025125980377197,-0.18303850293159485,-0.18646785616874695,-0.7276687622070312,0.01533113606274128,-0.21777591109275818,-0.9800050854682922,-0.12012998014688492,-0.24605579674243927,-0.6600897908210754,-0.1360226422548294,-0.2213536500930786,-0.5870584845542908,-0.10819043219089508,-0.03683415800333023,-0.6857008934020996,-0.03424717113375664,-0.06096937879920006,-0.8826130032539368,-0.16869476437568665,-0.10372605919837952,-0.5740194916725159,-0.11535133421421051,-0.08668959140777588,-0.5140211582183838,-0.04019203037023544,0.12072449177503586,-0.6189250946044922,-0.0924820676445961,0.0751849040389061,-0.745147705078125,-0.1545930951833725,0.03347665071487427,-0.5277835130691528,-0.1009402722120285,0.05169301852583885,-0.4701419770717621,-0.04049188271164894
A,0.0,0.0,0.0,-0.26296189427375793,-0.10437599569559097,-0.06942234188318253,-0.48370063304901123,-0.39654770493507385,-0.09343414753675461,-0.562391996383667,-0.7134920358657837,-0.124663807451725,-0.4764382541179657,-0.913408637046814,-0.1309453397989273,-0.34859132766723633,-0.7405041456222534,0.037255026400089264,-0.3736221194267273,-1.0,-0.09348063170909882,-0.3751329183578491,-0.7439160943031311,-0.152756929397583,-0.3579622805118561,-0.607931911945343,-0.17251990735530853,-0.18998540937900543,-0.7384877800941467,0.017070960253477097,-0.2197899967432022,-0.98488450050354,-0.1154407411813736,-0.2418029010295868,-0.6656869649887085,-0.12981759011745453,-0.21905197203159332,-0.5921931862831116,-0.10171517729759216,-0.0377652570605278,-0.6970561146736145,-0.030987177044153214,-0.05888684093952179,-0.8871171474456787,-0.1614105999469757,-0.09799657762050629,-0.5827111005783081,-0.10643170028924942,-0.08467268943786621,-0.5226540565490723,-0.03108026459813118,0.12090812623500824,-0.6282392740249634,-0.08755110204219818,0.07637206465005875,-0.7516260147094727,-0.14537519216537476,0.03814395144581795,-0.5402956008911133,-0.09040487557649612,0.0539277046918869,-0.48823031783103943,-0.02993164397776127
A,0.0,0.0,0.0,-0.27062785625457764,-0.10675660520792007,-0.06451954692602158,-0.49252432584762573,-0.3950609266757965,-0.08425889909267426,-0.5720940232276917,-0.7099646925926208,-0.11236615478992462,-0.483583003282547,-0.8948485851287842,-0.11599871516227722,-0.35525718331336975,-0.7348922491073608,0.045515526086091995,-0.3776935636997223,-1.0,-0.08189603686332703,-0.3851739168167114,-0.7460635304450989,-0.14277131855487823,-0.37276625633239746,-0.611065685749054,-0.16497963666915894,-0.19611743092536926,-0.7261548042297363,0.025057759135961533,-0.22046491503715515,-0.9731547832489014,-0.10386951267719269,-0.25091996788978577,-0.6589175462722778,-0.12188700586557388,-0.23659184575080872,-0.5861892700195312,-0.0989483967423439,-0.04699402675032616,-0.6834371089935303,-0.022744012996554375,-0.06236942484974861,-0.8806494474411011,-0.14787077903747559,-0.10817281156778336,-0.5807874202728271,-0.0954766571521759,-0.09872455149888992,-0.5164821743965149,-0.024274034425616264,0.11099252104759216,-0.6164244413375854,-0.0791507139801979,0.07238476723432541,-0.7467829585075378,-0.13199573755264282,0.03115413524210453,-0.5387029647827148,-0.0774305909872055,0.04458567872643471,-0.483530193567276,-0.01921825297176838
A,0.0,0.0,0.0,-0.2693541347980499,-0.11421069502830505,-0.06929619610309601,-0.48953697085380554,-0.40369799733161926,-0.08869404345750809,-0.5747746229171753,-0.7119736671447754,-0.11539251357316971,-0.49811241030693054,-0.9048209190368652,-0.11725034564733505,-0.36304041743278503,-0.7507022023200989,0.052571140229701996,-0.37699994444847107,-1.0,-0.07280966639518738,-0.38275012373924255,-0.7466152906417847,-0.1339898407459259,-0.37390828132629395,-0.6159257888793945,-0.15735091269016266,-0.20319268107414246,-0.7455962896347046,0.033047325909137726,-0.21976207196712494,-0.9924930930137634,-0.09787876904010773,-0.24754761159420013,-0.6753073334693909,-0.11884955316781998,-0.23773637413978577,-0.6025719046592712,-0.09656338393688202,-0.0523659884929657,-0.7014504075050354,-0.014653132297098637,-0.056611932814121246,-0.8880840539932251,-0.14370845258235931,-0.10221709311008453,-0.5892757773399353,-0.0960216298699379,-0.10026255995035172,-0.5314206480979919,-0.026553645730018616,0.10649693012237549,-0.6315271854400635,-0.07110622525215149,0.08036191761493683,-0.7538321614265442,-0.12767750024795532,0.039650969207286835,-0.5456929206848145,-0.07599853724241257,0.045994386076927185,-0.49547505378723145,-0.01875595934689045
A,0.0,0.0,0.0,-0.26399949193000793,-0.11270228773355484,-0.08096835762262344,-0.487842857837677,-0.4002211391925812,-0.1037236824631691,-0.580836296081543,-0.7134187817573547,-0.1314803510904312,-0.49622446298599243,-0.8983376622200012,-0.13187338411808014,-0.37224945425987244,-0.7463645339012146,0.049252524971961975,-0.38741350173950195,-1.0,-0.08228760957717896,-0.38283106684684753,-0.7440886497497559,-0.1449858546257019,-0.37244975566864014,-0.6285105347633362,-0.16932907700538635,-0.2092815786600113,-0.7406717538833618,0.03436323255300522,-0.22675514221191406,-0.991031289100647,-0.10367007553577423,-0.24621281027793884,-0.6652064919471741,-0.12372651696205139,-0.23769612610340118,-0.6040418744087219,-0.09873383492231369,-0.05634831637144089,-0.6969866752624512,-0.011221115477383137,-0.06344887614250183,-0.8908740878105164,-0.14683356881141663,-0.10302269458770752,-0.5855388045310974,-0.09652471542358398,-0.10078272223472595,-0.537942111492157,-0.022968746721744537,0.10451734066009521,-0.6300228238105774,-0.06678326427936554,0.07731293886899948,-0.7596087455749512,-0.12642702460289001,0.038555651903152466,-0.5465835332870483,-0.07433709502220154,0.04542529582977295,-0.49887269735336304,-0.015734296292066574
A,0.0,0.0,0.0,-0.2692580223083496,-0.10883519798517227,-0.07900453358888626,-0.4979640245437622,-0.39206281304359436,-0.10529866069555283,-0.5935184955596924,-0.7127871513366699,-0.13792724907398224,-0.5049664378166199,-0.9071897864341736,-0.14443132281303406,-0.3754987418651581,-0.7434095740318298,0.04576539993286133,-0.3940182328224182,-1.0,-0.08926736563444138,-0.3871137499809265,-0.7360361218452454,-0.15194998681545258,-0.37471604347229004,-0.6222240924835205,-0.1752893477678299,-0.21256309747695923,-0.7368388175964355,0.028465483337640762,-0.235573872923851,-0.98281329870224,-0.11066653579473495,-0.2506805956363678,-0.6549140810966492,-0.12894590198993683,-0.23956063389778137,-0.6037981510162354,-0.10271957516670227,-0.06001552939414978,-0.6997236013412476,-0.019544271752238274,-0.07161731272935867,-0.8875285983085632,-0.15681540966033936,-0.10615567117929459,-0.5802147388458252,-0.10565434396266937,-0.1019686609506607,-0.5426227450370789,-0.03160751610994339,0.10002339631319046,-0.6404725313186646,-0.07722783833742142,0.0696391835808754,-0.7632668018341064,-0.13484831154346466,0.035802219063043594,-0.5462791323661804,-0.07996608316898346,0.04727660492062569,-0.5017613768577576,-0.01978772133588791
A,0.0,0.0,0.0,-0.27476000785827637,-0.09952525049448013,-0.07184107601642609,-0.5079744458198547,-0.38963544368743896,-0.08986037224531174,-0.5970926880836487,-0.7017629742622375,-0.11421504616737366,-0.5162829756736755,-0.8852611780166626,-0.11331750452518463,-0.37457916140556335,-0.7373919486999512,0.04500426724553108,-0.3932705819606781,-1.0,-0.08607348054647446,-0.39061668515205383,-0.7372115254402161,-0.14596445858478546,-0.37627390027046204,-0.6058738827705383,-0.1662035882472992,-0.20972111821174622,-0.7286834716796875,0.02679505944252014,-0.2336890548467636,-0.9798064827919006,-0.10975580662488937,-0.2527066469192505,-0.6526233553886414,-0.12763391435146332,-0.2399376481771469,-0.5894235968589783,-0.10030602663755417,-0.056827157735824585,-0.689705491065979,-0.020442795008420944,-0.0681711882352829,-0.8780707120895386,-0.15453599393367767,-0.10489045828580856,-0.5710803866386414,-0.10487597435712814,-0.09990272670984268,-0.5267884731292725,-0.0320037305355072,0.10260418802499771,-0.6305896639823914,-0.07647087424993515,0.07519477605819702,-0.7510086894035339,-0.13458944857120514,0.041008785367012024,-0.5364221334457397,-0.08148461580276489,0.0531780980527401,-0.4930931031703949,-0.02231490984559059
A,0.0,0.0,0.0,-0.2694002687931061,-0.1139923557639122,-0.06683190912008286,-0.4980689287185669,-0.3982967436313629,-0.08814364671707153,-0.5957447290420532,-0.6988107562065125,-0.11761847138404846,-0.5189365148544312,-0.8976597189903259,-0.12268974632024765,-0.36804768443107605,-0.7396971583366394,0.0494118332862854,-0.3913637697696686,-1.0,-0.08236893266439438,-0.38660797476768494,-0.7439615726470947,-0.1475277543067932,-0.37048399448394775,-0.6007171869277954,-0.17140361666679382,-0.20667634904384613,-0.7361286282539368,0.028438743203878403,-0.23112399876117706,-0.9874892234802246,-0.10304834693670273,-0.24494922161102295,-0.6675241589546204,-0.12243983149528503,-0.23357796669006348,-0.5886731743812561,-0.09881611168384552,-0.05175644904375076,-0.6957390308380127,-0.02096099592745304,-0.0643964558839798,-0.8865289092063904,-0.14961974322795868,-0.09767037630081177,-0.5854496955871582,-0.09907282143831253,-0.09562766551971436,-0.524712085723877,-0.02775115706026554,0.10924199223518372,-0.6275420784950256,-0.07896533608436584,0.08310312777757645,-0.7584228515625,-0.13477259874343872,0.046325527131557465,-0.5455881357192993,-0.08009874820709229,0.0502065047621727,-0.48895400762557983,-0.020925967022776604
A,0.0,0.0,0.0,-0.2703254222869873,-0.11063597351312637,-0.06298746168613434,-0.4985259175300598,-0.39792633056640625,-0.08161415159702301,-0.5927609801292419,-0.6982007026672363,-0.10858368128538132,-0.5217859148979187,-0.8939802646636963,-0.11136355996131897,-0.36534398794174194,-0.731797993183136,0.04602330923080444,-0.3901256322860718,-1.0,-0.08227162063121796,-0.3824547827243805,-0.7407410144805908,-0.14318916201591492,-0.3667750358581543,-0.6028549671173096,-0.1645180732011795,-0.20406945049762726,-0.727055013179779,0.024480853229761124,-0.2315465360879898,-0.9800763726234436,-0.10331408679485321,-0.24479977786540985,-0.660327672958374,-0.12010880559682846,-0.23431898653507233,-0.5877988338470459,-0.09582651406526566,-0.05106797441840172,-0.6895779967308044,-0.024466989561915398,-0.06577678769826889,-0.8900863528251648,-0.15026773512363434,-0.09733263403177261,-0.5866810083389282,-0.09849731624126434,-0.0940285250544548,-0.5259638428688049,-0.02753402106463909,0.10741911083459854,-0.627210259437561,-0.08151701837778091,0.07986772805452347,-0.7595558762550354,-0.13579699397087097,0.045343805104494095,-0.5452315807342529,-0.08065634220838547,0.05216911435127258,-0.4884425103664398,-0.0216069333255291
A,0.0,0.0,0.0,-0.2681103050708771,-0.10992063581943512,-0.062238696962594986,-0.49148544669151306,-0.3982570469379425,-0.08175057917833328,-0.5833876729011536,-0.6913230419158936,-0.10938513278961182,-0.5205230712890625,-0.8881598114967346,-0.11351099610328674,-0.3619866669178009,-0.7327614426612854,0.03997601196169853,-0.38953346014022827,-1.0,-0.0908755511045456,-0.38459673523902893,-0.7474364638328552,-0.1539459228515625,-0.36412376165390015,-0.5942218899726868,-0.17520856857299805,-0.20010758936405182,-0.7283680438995361,0.01724826730787754,-0.2240692526102066,-0.9839298725128174,-0.11284618079662323,-0.24132557213306427,-0.6663727760314941,-0.1309935748577118,-0.2290840893983841,-0.5801669359207153,-0.10627716034650803,-0.04499125853180885,-0.6863384246826172,-0.03215256333351135,-0.056972943246364594,-0.8801441192626953,-0.1588892638683319,-0.09326676279306412,-0.5812764167785645,-0.10810650140047073,-0.09101489186286926,-0.5169658064842224,-0.03716878965497017,0.11425695568323135,-0.6162475347518921,-0.08935489505529404,0.08756458014249802,-0.746488630771637,-0.14542584121227264,0.05023634433746338,-0.5365490317344666,-0.09057798981666565,0.05655251815915108,-0.4811219274997711,-0.031079383566975594
A,0.0,0.0,0.0,-0.27601954340934753,-0.11883363127708435,-0.05898163467645645,-0.49411916732788086,-0.4064483642578125,-0.08025985211133957,-0.5853475332260132,-0.6934385895729065,-0.1111297532916069,-0.5267142653465271,-0.89384526014328,-0.12062332034111023,-0.35906845331192017,-0.7340359687805176,0.039046477526426315,-0.385062575340271,-1.0,-0.09301839023828506,-0.3813607692718506,-0.7492080330848694,-0.16120246052742004,-0.3598337769508362,-0.58182293176651,-0.18545904755592346,-0.1964138299226761,-0.725691556930542,0.014193662442266941,-0.21647018194198608,-0.9835473895072937,-0.11827263981103897,-0.23345635831356049,-0.6644262075424194,-0.14189429581165314,-0.21902380883693695,-0.5552005767822266,-0.12040049582719803,-0.04096155986189842,-0.6808516979217529,-0.03612487018108368,-0.05496307089924812,-0.8779807686805725,-0.16192135214805603,-0.09117680042982101,-0.5774019360542297,-0.11300183832645416,-0.08820808678865433,-0.4933701157569885,-0.04296676442027092,0.1172880157828331,-0.6062269806861877,-0.09399577975273132,0.09331364929676056,-0.7382696270942688,-0.1487048864364624,0.052627336233854294,-0.5274100303649902,-0.09327732771635056,0.055125642567873,-0.46228674054145813,-0.03340021148324013
A,0.0,0.0,0.0,-0.2712255120277405,-0.11770464479923248,-0.058640386909246445,-0.4912879168987274,-0.40605428814888,-0.07971768826246262,-0.5822190642356873,-0.6966984868049622,-0.10980590432882309,-0.5260359048843384,-0.9024676084518433,-0.11795448511838913,-0.35962626338005066,-0.7287099361419678,0.0387200303375721,-0.3856758773326874,-1.0,-0.09042773395776749,-0.38432446122169495,-0.7496287226676941,-0.15671253204345703,-0.36484867334365845,-0.585433840751648,-0.18073667585849762,-0.19857452809810638,-0.7245715856552124,0.014552759937942028,-0.21820981800556183,-0.9873666763305664,-0.113355852663517,-0.23839223384857178,-0.6753816604614258,-0.1362588256597519,-0.22890204191207886,-0.5701815485954285,-0.11682526022195816,-0.04404694586992264,-0.681491494178772,-0.03452717885375023,-0.056323397904634476,-0.8870493769645691,-0.15581636130809784,-0.09201932698488235,-0.5934023261070251,-0.1049731969833374,-0.09123734384775162,-0.5097951889038086,-0.03619769960641861,0.11292964220046997,-0.6083670258522034,-0.09123943001031876,0.0880303606390953,-0.7491704821586609,-0.14382492005825043,0.05076945945620537,-0.5402426719665527,-0.08691100776195526,0.053832150995731354,-0.47325947880744934,-0.027376322075724602
A,0.0,0.0,0.0,-0.2739233374595642,-0.10926973074674606,-0.07139045745134354,-0.49686574935913086,-0.39334988594055176,-0.09788865596055984,-0.5924252271652222,-0.6909932494163513,-0.1319490671157837,-0.533440351486206,-0.904908299446106,-0.14259786903858185,-0.3568703830242157,-0.7352688312530518,0.042047109454870224,-0.3807408809661865,-1.0,-0.09667757153511047,-0.3886004686355591,-0.749364972114563,-0.16712737083435059,-0.37306100130081177,-0.5974755883216858,-0.1927558034658432,-0.19748593866825104,-0.7267628312110901,0.021461375057697296,-0.21330665051937103,-0.9816272258758545,-0.11549451947212219,-0.24312669038772583,-0.6632636189460754,-0.13950638473033905,-0.23537276685237885,-0.5834708213806152,-0.11832515150308609,-0.04439140111207962,-0.6842641234397888,-0.027733944356441498,-0.05334712937474251,-0.8724193572998047,-0.15972168743610382,-0.0961824432015419,-0.5766558051109314,-0.11130176484584808,-0.0951847955584526,-0.5239747762680054,-0.04149150475859642,0.1138387992978096,-0.6172937154769897,-0.08591815084218979,0.08899340778589249,-0.7396001219749451,-0.14391687512397766,0.05067314952611923,-0.5283546447753906,-0.08920180052518845,0.05850011110305786,-0.4799930453300476,-0.029706843197345734
A,0.0,0.0,0.0,-0.27469828724861145,-0.10479214787483215,-0.06988508254289627,-0.4982028603553772,-0.392182320356369,-0.09542061388492584,-0.5887240767478943,-0.6900030970573425,-0.12781646847724915,-0.5191038846969604,-0.8921648859977722,-0.1370069682598114,-0.35718482732772827,-0.7322625517845154,0.03195858374238014,-0.3774219751358032,-1.0,-0.10128040611743927,-0.38338854908943176,-0.7436641454696655,-0.16804341971874237,-0.3689271807670593,-0.591411828994751,-0.19271208345890045,-0.1961214244365692,-0.723873496055603,0.011772675439715385,-0.20546577870845795,-0.9854364395141602,-0.12070679664611816,-0.24001605808734894,-0.6695720553398132,-0.14242474734783173,-0.2373782992362976,-0.5824735164642334,-0.1214146763086319,-0.04351372644305229,-0.6791214942932129,-0.03519090265035629,-0.04737988859415054,-0.8774881958961487,-0.16158942878246307,-0.09370958060026169,-0.5824548602104187,-0.11207427829504013,-0.09509170800447464,-0.5191872119903564,-0.04336373135447502,0.11319513618946075,-0.6084997653961182,-0.09088704735040665,0.09029777348041534,-0.7410675287246704,-0.14513735473155975,0.04917081445455551,-0.5313727259635925,-0.08941090852022171,0.05448747053742409,-0.4758455753326416,-0.03053966537117958
A,0.0,0.0,0.0,-0.2721989154815674,-0.0962352603673935,-0.07804899662733078,-0.503533661365509,-0.38551613688468933,-0.10428237915039062,-0.5940284729003906,-0.6908607482910156,-0.13529366254806519,-0.513981819152832,-0.8857489228248596,-0.1409832239151001,-0.36308589577674866,-0.7348731160163879,0.029415447264909744,-0.38138824701309204,-1.0,-0.1025264784693718,-0.38093534111976624,-0.7399493455886841,-0.16537556052207947,-0.3633666932582855,-0.6020864844322205,-0.18841584026813507,-0.20146510004997253,-0.7276912331581116,0.013333349488675594,-0.20956699550151825,-0.9839828610420227,-0.12173318862915039,-0.24113152921199799,-0.6627461314201355,-0.14043490588665009,-0.23586255311965942,-0.5864412784576416,-0.11578559130430222,-0.05153847858309746,-0.6852296590805054,-0.03113999031484127,-0.05433293431997299,-0.8763576149940491,-0.15955810248851776,-0.09977862238883972,-0.5797848701477051,-0.1098480373620987,-0.0980580747127533,-0.5285217761993408,-0.03990095853805542,0.10527674853801727,-0.6197296977043152,-0.08523734658956528,0.08170915395021439,-0.7430293560028076,-0.13979080319404602,0.04217063635587692,-0.5364295840263367,-0.08665386587381363,0.04992322996258736,-0.490011602640152,-0.0292645376175642
A,0.0,0.0,0.0,-0.2643146216869354,-0.0850551575422287,-0.07514376193284988,-0.5021170973777771,-0.36444172263145447,-0.09815270453691483,-0.595053493976593,-0.6687847971916199,-0.1267048418521881,-0.5192403197288513,-0.8542776107788086,-0.13004949688911438,-0.36401182413101196,-0.7233188152313232,0.029016537591814995,-0.38493984937667847,-1.0,-0.10432080179452896,-0.38314712047576904,-0.7410929203033447,-0.16637609899044037,-0.3633434772491455,-0.6005322933197021,-0.18807008862495422,-0.20394466817378998,-0.7168389558792114,0.011548291891813278,-0.21925973892211914,-0.9817723035812378,-0.12469393014907837,-0.24621419608592987,-0.6588801145553589,-0.14165422320365906,-0.23943962156772614,-0.5872393250465393,-0.11507312208414078,-0.05484486371278763,-0.6790345311164856,-0.034595053642988205,-0.06125693768262863,-0.8812924027442932,-0.16464121639728546,-0.10416161268949509,-0.5819922089576721,-0.11434567719697952,-0.10392285138368607,-0.5316389203071594,-0.04376579821109772,0.10017003864049911,-0.618107259273529,-0.09034337103366852,0.07916353642940521,-0.7472344040870667,-0.14841137826442719,0.03804858401417732,-0.5375164747238159,-0.09716536849737167,0.04240702465176582,-0.48569607734680176,-0.040717583149671555
A,0.0,0.0,0.0,-0.26566582918167114,-0.056854717433452606,-0.07545530050992966,-0.5127102136611938,-0.3285476267337799,-0.09799983352422714,-0.6122223734855652,-0.6393880248069763,-0.12603724002838135,-0.5322275161743164,-0.81142258644104,-0.13092190027236938,-0.3877656161785126,-0.7024616599082947,0.023681240156292915,-0.403253436088562,-0.9968021512031555,-0.11312573403120041,-0.3959311544895172,-0.7430948615074158,-0.1825161576271057,-0.3816782534122467,-0.5916237235069275,-0.2098442167043686,-0.2243378907442093,-0.7091411352157593,0.004072827752679586,-0.2340770661830902,-1.0,-0.1377241313457489,-0.2573733925819397,-0.6756020784378052,-0.16252820193767548,-0.26007071137428284,-0.5773295164108276,-0.14066077768802643,-0.07320811599493027,-0.683763325214386,-0.04325605556368828,-0.0719095766544342,-0.9170392155647278,-0.18055425584316254,-0.11464694887399673,-0.6044815182685852,-0.13746137917041779,-0.12889152765274048,-0.5208851099014282,-0.06961529701948166,0.08312179893255234,-0.6289991140365601,-0.0997588112950325,0.07622081786394119,-0.7774369120597839,-0.169496551156044,0.03612580895423889,-0.5554975867271423,-0.12470187246799469,0.025469772517681122,-0.4784797728061676,-0.07085288316011429
A,0.0,0.0,0.0,-0.26554757356643677,-0.07267040759325027,-0.06804242730140686,-0.5015627145767212,-0.3200158178806305,-0.09648170322179794,-0.5929815173149109,-0.6189262270927429,-0.13166284561157227,-0.5181490182876587,-0.803083062171936,-0.14744602143764496,-0.38622283935546875,-0.6927893161773682,0.010524876415729523,-0.39572036266326904,-0.9777250289916992,-0.12389244139194489,-0.3897772431373596,-0.7422308325767517,-0.19662800431251526,-0.37737107276916504,-0.5814169645309448,-0.22724959254264832,-0.22222737967967987,-0.7044479846954346,-0.0146037507802248,-0.23078583180904388,-1.0,-0.1540152132511139,-0.2524092197418213,-0.68740314245224,-0.18201303482055664,-0.2547649145126343,-0.5661702156066895,-0.16462698578834534,-0.06998033076524734,-0.6822218894958496,-0.06414458900690079,-0.06569243222475052,-0.923407256603241,-0.19910427927970886,-0.10771112889051437,-0.618952214717865,-0.15974809229373932,-0.12270760536193848,-0.5121271014213562,-0.0958685502409935,0.08752439171075821,-0.623627245426178,-0.12148304283618927,0.07934436947107315,-0.7828018665313721,-0.19150087237358093,0.03821835666894913,-0.56918865442276,-0.14704112708568573,0.02275434508919716,-0.47912538051605225,-0.09390371292829514
A,0.0,0.0,0.0,-0.2628653645515442,-0.06375520676374435,-0.06797917187213898,-0.4994508922100067,-0.310198575258255,-0.09494444727897644,-0.5897586345672607,-0.6085367202758789,-0.12787982821464539,-0.5149933695793152,-0.7922687530517578,-0.14305415749549866,-0.3769364655017853,-0.6767261028289795,0.006152670830488205,-0.39121437072753906,-0.9680048227310181,-0.1289053112268448,-0.38599127531051636,-0.7379487752914429,-0.20426395535469055,-0.37346771359443665,-0.5680219531059265,-0.23601402342319489,-0.2095566689968109,-0.6955481171607971,-0.018438030034303665,-0.22148917615413666,-1.0,-0.1598486751317978,-0.2419552057981491,-0.6839028000831604,-0.19028811156749725,-0.2427012175321579,-0.5431908965110779,-0.1728539913892746,-0.055267639458179474,-0.6785266995429993,-0.06648460775613785,-0.05580199137330055,-0.9270707368850708,-0.20293359458446503,-0.09392912685871124,-0.6158609986305237,-0.1634741574525833,-0.10664219409227371,-0.49173516035079956,-0.09771228581666946,0.10213123261928558,-0.6224382519721985,-0.12200870364904404,0.0917222797870636,-0.7803597450256348,-0.1956080198287964,0.052418436855077744,-0.5647051930427551,-0.15085509419441223,0.03677230328321457,-0.4694651663303375,-0.09600387513637543
A,0.0,0.0,0.0,-0.26883792877197266,-0.056715335696935654,-0.06701510399580002,-0.5096405744552612,-0.30929988622665405,-0.09132352471351624,-0.5962228178977966,-0.6177498698234558,-0.12241033464670181,-0.5121267437934875,-0.8024768233299255,-0.13525627553462982,-0.3803652226924896,-0.6789302229881287,0.01487983949482441,-0.40075722336769104,-0.9686216711997986,-0.12324266135692596,-0.3923344016075134,-0.7362120747566223,-0.20094706118106842,-0.37730783224105835,-0.5676907300949097,-0.23336128890514374,-0.21606819331645966,-0.6969139575958252,-0.009427761659026146,-0.23136667907238007,-1.0,-0.15238170325756073,-0.24730175733566284,-0.6807316541671753,-0.18427053093910217,-0.2468520700931549,-0.5387567281723022,-0.16691474616527557,-0.06108386442065239,-0.6831449866294861,-0.05831500515341759,-0.06419509649276733,-0.9366251826286316,-0.19718143343925476,-0.09964852780103683,-0.617278516292572,-0.1582152396440506,-0.11210565268993378,-0.4870529770851135,-0.09147553145885468,0.09785079956054688,-0.6307271122932434,-0.1147831380367279,0.0869140774011612,-0.7906789779663086,-0.19057504832744598,0.046966150403022766,-0.5686748027801514,-0.14765982329845428,0.031212227419018745,-0.46740323305130005,-0.09330493211746216
A,0.0,0.0,0.0,-0.2631884813308716,-0.060649726539850235,-0.053785357624292374,-0.5058823227882385,-0.3104721009731293,-0.0723855271935463,-0.5956515669822693,-0.602897047996521,-0.0997961163520813,-0.5199130177497864,-0.7776649594306946,-0.1105198785662651,-0.3766755759716034,-0.6845154166221619,0.020410116761922836,-0.3921070396900177,-0.9733478426933289,-0.1039259135723114,-0.3779293894767761,-0.7524135708808899,-0.1744396984577179,-0.36443623900413513,-0.5786065459251404,-0.20332187414169312,-0.20825231075286865,-0.7051435112953186,-0.007761731278151274,-0.22533252835273743,-1.0,-0.13558684289455414,-0.23518319427967072,-0.6927615404129028,-0.16201820969581604,-0.23789487779140472,-0.5431757569313049,-0.14426898956298828,-0.050702765583992004,-0.6868270635604858,-0.057990074157714844,-0.05409184843301773,-0.9375035166740417,-0.18546178936958313,-0.08301712572574615,-0.6298231482505798,-0.14630427956581116,-0.09909050911664963,-0.48743343353271484,-0.08236368745565414,0.10820093005895615,-0.6256157755851746,-0.11426067352294922,0.10398679226636887,-0.8021762371063232,-0.18631456792354584,0.06695082783699036,-0.5887230634689331,-0.14267751574516296,0.04378337785601616,-0.47296521067619324,-0.08891085535287857
A,0.0,0.0,0.0,-0.25903716683387756,-0.0847720131278038,-0.05366024002432823,-0.4849187135696411,-0.3144887685775757,-0.07359850406646729,-0.5690486431121826,-0.591606080532074,-0.10317156463861465,-0.4961830675601959,-0.7547658681869507,-0.11568475514650345,-0.35712873935699463,-0.6846034526824951,0.042225658893585205,-0.37280771136283875,-0.9496540427207947,-0.07924975454807281,-0.3606727421283722,-0.7459761500358582,-0.1544385850429535,-0.3442792296409607,-0.5704911351203918,-0.18644490838050842,-0.1932368129491806,-0.714989960193634,0.015128500759601593,-0.20874539017677307,-1.0,-0.11119004338979721,-0.21850819885730743,-0.7050267457962036,-0.14473600685596466,-0.21702328324317932,-0.5511617064476013,-0.1310124695301056,-0.04010068252682686,-0.6973847150802612,-0.03459737449884415,-0.03745661675930023,-0.9405917525291443,-0.15793924033641815,-0.06984968483448029,-0.6487064957618713,-0.12065470218658447,-0.08003358542919159,-0.5056305527687073,-0.05684547498822212,0.11634542047977448,-0.6310572028160095,-0.09086602926254272,0.1103900671005249,-0.8048978447914124,-0.15433606505393982,0.07073626667261124,-0.605488121509552,-0.10686143487691879,0.05136081203818321,-0.49773263931274414,-0.05017223209142685
A,0.0,0.0,0.0,-0.2609327733516693,-0.07326654344797134,-0.05251859128475189,-0.48933979868888855,-0.30594512820243835,-0.07173784077167511,-0.57758629322052,-0.5831300616264343,-0.10099730640649796,-0.5119184255599976,-0.7582875490188599,-0.11243569105863571,-0.363931268453598,-0.6744785904884338,0.042213525623083115,-0.3898002505302429,-0.9463459849357605,-0.0771697387099266,-0.37158575654029846,-0.748958170413971,-0.15018971264362335,-0.35166290402412415,-0.5788273215293884,-0.18112270534038544,-0.20307037234306335,-0.7120875120162964,0.01590624451637268,-0.22479966282844543,-1.0,-0.1060134619474411,-0.22772596776485443,-0.7088809013366699,-0.1371394693851471,-0.22374412417411804,-0.5631016492843628,-0.12302543967962265,-0.049573931843042374,-0.6991584897041321,-0.03263915702700615,-0.05480261892080307,-0.9537926316261292,-0.1523675173521042,-0.08011361956596375,-0.6640978455543518,-0.11029075086116791,-0.08542837202548981,-0.5236674547195435,-0.04480105638504028,0.10824277251958847,-0.6358076333999634,-0.0878170058131218,0.09774675220251083,-0.813970685005188,-0.15055112540721893,0.05759575217962265,-0.6166090369224548,-0.10157178342342377,0.0408538281917572,-0.5084428787231445,-0.04416538029909134
A,0.0,0.0,0.0,-0.25307968258857727,-0.07678686082363129,-0.048713527619838715,-0.47514525055885315,-0.3085203468799591,-0.07009272277355194,-0.5629259943962097,-0.576690137386322,-0.10290888696908951,-0.49899664521217346,-0.7559903264045715,-0.11985471099615097,-0.3524589538574219,-0.668546736240387,0.040643058717250824,-0.3886765241622925,-0.9350281953811646,-0.0716957300901413,-0.36910608410835266,-0.7483586668968201,-0.1441340446472168,-0.3408356308937073,-0.5750772356987,-0.17595097422599792,-0.19884873926639557,-0.710002064704895,0.013859988190233707,-0.22267061471939087,-1.0,-0.10070282965898514,-0.22308805584907532,-0.7263155579566956,-0.133072167634964,-0.2116662859916687,-0.5654724836349487,-0.1212816834449768,-0.04916016012430191,-0.6973663568496704,-0.03344132378697395,-0.054264891892671585,-0.9506871700286865,-0.14394129812717438,-0.08020027726888657,-0.6801974177360535,-0.10802020877599716,-0.08236426115036011,-0.5271090269088745,-0.049001097679138184,0.10558077692985535,-0.6349595189094543,-0.08712541311979294,0.09416790306568146,-0.8220108151435852,-0.1451573222875595,0.04912968724966049,-0.6384894251823425,-0.10033082962036133,0.029876070097088814,-0.5184810757637024,-0.047323793172836304
A,0.0,0.0,0.0,-0.25185778737068176,-0.08343281596899033,-0.04125721752643585,-0.46884241700172424,-0.31641700863838196,-0.06135999783873558,-0.5560343861579895,-0.578127920627594,-0.09468646347522736,-0.4925788640975952,-0.7524584531784058,-0.1124260425567627,-0.3515923321247101,-0.6688665151596069,0.048333022743463516,-0.3877251446247101,-0.9348447322845459,-0.05920150503516197,-0.36566561460494995,-0.7502478957176208,-0.13131338357925415,-0.3360210359096527,-0.5738744139671326,-0.1635202020406723,-0.20001940429210663,-0.7151860594749451,0.020136898383498192,-0.22026680409908295,-1.0,-0.09081277996301651,-0.21900776028633118,-0.7306523323059082,-0.12484312802553177,-0.20936249196529388,-0.5616940855979919,-0.11466934531927109,-0.05033941939473152,-0.7074372172355652,-0.02740115486085415,-0.05368227884173393,-0.9577092528343201,-0.12974083423614502,-0.07635875791311264,-0.6953867673873901,-0.09568604081869125,-0.07889506965875626,-0.5363080501556396,-0.03961492329835892,0.10300478339195251,-0.6497083902359009,-0.08108941465616226,0.0938868373632431,-0.8269591331481934,-0.13240592181682587,0.04864393547177315,-0.6501576900482178,-0.08914996683597565,0.028805945068597794,-0.5307791829109192,-0.03838302940130234
A,0.0,0.0,0.0,-0.26083308458328247,-0.07296138256788254,-0.04432523623108864,-0.49283841252326965,-0.3030273914337158,-0.06949450075626373,-0.5891432762145996,-0.5687754154205322,-0.10704996436834335,-0.5229048132896423,-0.7390010356903076,-0.13036119937896729,-0.37535035610198975,-0.662088930606842,0.029590768739581108,-0.420917809009552,-0.9345101118087769,-0.08088593930006027,-0.3943408727645874,-0.7443387508392334,-0.1545451432466507,-0.3624318242073059,-0.5612239837646484,-0.18773506581783295,-0.221806138753891,-0.7108269333839417,5.658533700625412e-05,-0.25089338421821594,-1.0,-0.11506228148937225,-0.24361395835876465,-0.730359673500061,-0.15261922776699066,-0.23353295028209686,-0.5482418537139893,-0.1445872187614441,-0.06599440425634384,-0.7135363221168518,-0.047393735498189926,-0.08152599632740021,-0.9745503664016724,-0.1541738361120224,-0.09449558705091476,-0.7052379250526428,-0.1219695508480072,-0.09774705767631531,-0.5303358435630798,-0.06632538884878159,0.0900745540857315,-0.6670353412628174,-0.10047432035207748,0.06785087287425995,-0.8469010591506958,-0.15717270970344543,0.031009551137685776,-0.6622446775436401,-0.1138574406504631,0.014447767287492752,-0.529174268245697,-0.06183857098221779
A,0.0,0.0,0.0,-0.2747691571712494,-0.0672500729560852,-0.039880696684122086,-0.526311457157135,-0.2895093262195587,-0.06341983377933502,-0.6364297270774841,-0.558091938495636,-0.10075610131025314,-0.5622416138648987,-0.7329611778259277,-0.12376303225755692,-0.4094942808151245,-0.6596440076828003,0.03731652721762657,-0.4629497230052948,-0.9337549805641174,-0.07549045979976654,-0.43392500281333923,-0.7421837449073792,-0.15052266418933868,-0.3986649215221405,-0.557351291179657,-0.18399131298065186,-0.2519942820072174,-0.7136378884315491,0.005133537109941244,-0.2929249107837677,-1.0,-0.11037557572126389,-0.27755987644195557,-0.7284032702445984,-0.14781147241592407,-0.2605350613594055,-0.5454664826393127,-0.13949525356292725,-0.09133535623550415,-0.7246426343917847,-0.045436546206474304,-0.12141349911689758,-0.9783438444137573,-0.1548222452402115,-0.12454964965581894,-0.702616810798645,-0.12210426479578018,-0.12017269432544708,-0.5240350365638733,-0.06500125676393509,0.06954296678304672,-0.68529212474823,-0.10120955854654312,0.03132026642560959,-0.8674644827842712,-0.16023318469524384,0.0014328110264614224,-0.672995924949646,-0.11535496264696121,-0.007144590374082327,-0.5311406850814819,-0.06128446385264397
A,0.0,0.0,0.0,-0.2914295494556427,-0.054709821939468384,-0.05278953164815903,-0.5575445294380188,-0.26104068756103516,-0.0816819816827774,-0.6801977753639221,-0.5520617961883545,-0.12240765988826752,-0.600675106048584,-0.7460552453994751,-0.1447913646697998,-0.44599834084510803,-0.6479842066764832,0.03958487883210182,-0.5036354660987854,-0.9334248304367065,-0.0844755694270134,-0.45763102173805237,-0.7199703454971313,-0.16605931520462036,-0.4197477400302887,-0.5367173552513123,-0.20279718935489655,-0.2829506993293762,-0.710298478603363,0.01276035699993372,-0.3376857340335846,-0.9955539703369141,-0.10999951511621475,-0.30071189999580383,-0.7020140886306763,-0.14748598635196686,-0.2802846133708954,-0.531522810459137,-0.1392020285129547,-0.11833107471466064,-0.7340068221092224,-0.03578256070613861,-0.15715856850147247,-1.0,-0.15500810742378235,-0.14353732764720917,-0.7041668891906738,-0.11534187942743301,-0.13509152829647064,-0.5283069610595703,-0.05131041631102562,0.05160161852836609,-0.706605076789856,-0.09099262207746506,0.017345987260341644,-0.8986795544624329,-0.15463468432426453,-0.002701156074181199,-0.6911894083023071,-0.10554566234350204,-0.012211746536195278,-0.5496917366981506,-0.047094687819480896
A,0.0,0.0,0.0,-0.32967615127563477,-0.009619651362299919,-0.05227680131793022,-0.6330844759941101,-0.20114652812480927,-0.06831272691488266,-0.7927409410476685,-0.5087611675262451,-0.09891287982463837,-0.7197861075401306,-0.6976669430732727,-0.10626433044672012,-0.5292008519172668,-0.6277672052383423,0.08398731797933578,-0.5918571949005127,-0.9421365261077881,-0.04805975407361984,-0.5366888046264648,-0.6877548098564148,-0.12741725146770477,-0.5026491284370422,-0.5211264491081238,-0.16185362637043,-0.3507022261619568,-0.6975732445716858,0.05504690110683441,-0.41757893562316895,-0.9950692653656006,-0.08242758363485336,-0.36913207173347473,-0.6539087891578674,-0.11909214407205582,-0.3561207354068756,-0.5205478072166443,-0.10537225753068924,-0.1767110824584961,-0.7380861639976501,-0.0013782400637865067,-0.21903084218502045,-1.0,-0.13747186958789825,-0.19095925986766815,-0.6587828397750854,-0.08982142060995102,-0.18449904024600983,-0.5187982320785522,-0.015283292159438133,0.006683656945824623,-0.7354071140289307,-0.06528003513813019,-0.025973021984100342,-0.9157781004905701,-0.12691810727119446,-0.028962023556232452,-0.6715487241744995,-0.06875346601009369,-0.03318159654736519,-0.5545893311500549,-0.0038253560196608305
A,0.0,0.0,0.0,-0.3242318034172058,-0.008560219779610634,-0.06000177934765816,-0.6314337253570557,-0.20119622349739075,-0.07829353958368301,-0.7888688445091248,-0.5130637884140015,-0.10877525061368942,-0.717797577381134,-0.7278793454170227,-0.11652622371912003,-0.5498477816581726,-0.6177123785018921,0.057522252202034,-0.6001409292221069,-0.9451085925102234,-0.08231420069932938,-0.5421884059906006,-0.682583749294281,-0.15773765742778778,-0.5209559202194214,-0.5250852108001709,-0.18932917714118958,-0.35974180698394775,-0.6916870474815369,0.027165193110704422,-0.4185982048511505,-1.0,-0.11560990661382675,-0.36676904559135437,-0.6551738381385803,-0.14545102417469025,-0.36324644088745117,-0.5379682183265686,-0.12769313156604767,-0.17836859822273254,-0.737855076789856,-0.03144227713346481,-0.21787914633750916,-0.9939380288124084,-0.17389532923698425,-0.18535427749156952,-0.6523222923278809,-0.12487845867872238,-0.18933722376823425,-0.5308900475502014,-0.0511460043489933,0.01194845326244831,-0.7409586310386658,-0.0979372188448906,-0.02198515273630619,-0.9267409443855286,-0.16480974853038788,-0.014029374346137047,-0.6779559850692749,-0.1069641187787056,-0.014634937047958374,-0.5662672519683838,-0.04365263879299164
A,0.0,0.0,0.0,-0.3285835385322571,-0.005252704489976168,-0.06420610100030899,-0.6426886916160583,-0.20286564528942108,-0.07943849265575409,-0.7958225011825562,-0.5208615660667419,-0.10636740177869797,-0.7201266884803772,-0.7351812720298767,-0.10989779978990555,-0.5587003231048584,-0.6236426830291748,0.06447086483240128,-0.608994722366333,-0.9388542771339417,-0.07556461542844772,-0.5460067391395569,-0.6716786623001099,-0.15121494233608246,-0.5237060785293579,-0.5233493447303772,-0.1831893026828766,-0.3708800971508026,-0.69477778673172,0.03572475165128708,-0.4272732734680176,-1.0,-0.10833609849214554,-0.37036871910095215,-0.6488267183303833,-0.13860076665878296,-0.3675171136856079,-0.535286545753479,-0.11993008106946945,-0.19084253907203674,-0.7391926646232605,-0.02292974852025509,-0.2273641973733902,-0.995468020439148,-0.1663951873779297,-0.19056425988674164,-0.6518258452415466,-0.11851699650287628,-0.19500526785850525,-0.5358782410621643,-0.04480840265750885,-0.0014519458636641502,-0.7403709888458252,-0.09011432528495789,-0.03300926461815834,-0.9288714528083801,-0.1568933129310608,-0.02118937112390995,-0.6784446239471436,-0.09958586096763611,-0.02010311931371689,-0.5702845454216003,-0.036485154181718826
A,0.0,0.0,0.0,-0.33045652508735657,0.01620209589600563,-0.07840301841497421,-0.6486570835113525,-0.18842484056949615,-0.09766378253698349,-0.8019711971282959,-0.526721715927124,-0.12475164234638214,-0.7169393301010132,-0.7616167068481445,-0.12822295725345612,-0.5722551941871643,-0.6332692503929138,0.05358937382698059,-0.616405725479126,-0.935102105140686,-0.0854375883936882,-0.5611286759376526,-0.6663348078727722,-0.15836212038993835,-0.5400193929672241,-0.5365659594535828,-0.19079837203025818,-0.37749141454696655,-0.7014883160591125,0.02993025630712509,-0.42375555634498596,-1.0,-0.12150824069976807,-0.3830176293849945,-0.6371570825576782,-0.15283244848251343,-0.38245195150375366,-0.5411806702613831,-0.13408204913139343,-0.19651491940021515,-0.735951840877533,-0.024482155218720436,-0.21793217957019806,-0.9796654582023621,-0.17999804019927979,-0.1991351842880249,-0.6272530555725098,-0.13749279081821442,-0.20782801508903503,-0.5333569645881653,-0.06591863930225372,-0.0030115011613816023,-0.7379153966903687,-0.08777876198291779,-0.026278648525476456,-0.9188429117202759,-0.16286815702915192,-0.01999494433403015,-0.6633687615394592,-0.10960889607667923,-0.020614348351955414,-0.569600522518158,-0.048956312239170074
A,0.0,0.0,0.0,-0.3225591480731964,0.009748455137014389,-0.08706904202699661,-0.647998571395874,-0.19719430804252625,-0.11132536083459854,-0.8070432543754578,-0.5261209011077881,-0.14129698276519775,-0.7241654396057129,-0.761000394821167,-0.1481851041316986,-0.5744124054908752,-0.6415479183197021,0.0335456021130085,-0.6088955402374268,-0.935012936592102,-0.11178211122751236,-0.5634520649909973,-0.6686763167381287,-0.18373703956604004,-0.5538927316665649,-0.5480412840843201,-0.21480675041675568,-0.37675222754478455,-0.7019145488739014,0.010398597456514835,-0.41823092103004456,-1.0,-0.14633652567863464,-0.3834998905658722,-0.6381475329399109,-0.17262375354766846,-0.38487935066223145,-0.5540629625320435,-0.14955487847328186,-0.19272077083587646,-0.7301725745201111,-0.044331569224596024,-0.20928435027599335,-0.9694898128509521,-0.2052878737449646,-0.19419614970684052,-0.6198161244392395,-0.16094450652599335,-0.20498518645763397,-0.5392336845397949,-0.08761078119277954,0.0008984226733446121,-0.7283114790916443,-0.10856045037508011,-0.022061394527554512,-0.9068193435668945,-0.18756775557994843,-0.015265225432813168,-0.6525282263755798,-0.13460151851177216,-0.013208329677581787,-0.5649160742759705,-0.07387486100196838
A,0.0,0.0,0.0,-0.32191601395606995,0.02224908582866192,-0.10649783164262772,-0.6539268493652344,-0.17849257588386536,-0.13929201662540436,-0.8093937635421753,-0.5263587832450867,-0.17421622574329376,-0.7101959586143494,-0.7734973430633545,-0.1822081357240677,-0.5818501710891724,-0.6359855532646179,0.01962132379412651,-0.6134368181228638,-0.9378482699394226,-0.13245633244514465,-0.5596299171447754,-0.654517650604248,-0.2041194885969162,-0.5579150915145874,-0.5346513986587524,-0.2340257167816162,-0.3798453211784363,-0.6951255202293396,0.005077985115349293,-0.4157092571258545,-1.0,-0.16008606553077698,-0.37388432025909424,-0.6268371939659119,-0.18345139920711517,-0.3845013976097107,-0.536929190158844,-0.15618421137332916,-0.19390501081943512,-0.719545304775238,-0.043597228825092316,-0.2079795002937317,-0.9613732695579529,-0.21313777565956116,-0.18509389460086823,-0.6039143800735474,-0.16589336097240448,-0.20191413164138794,-0.5152201652526855,-0.08756393939256668,0.00268349377438426,-0.7157142162322998,-0.10315744578838348,-0.019821036607027054,-0.9005824327468872,-0.18670038878917694,-0.010762062855064869,-0.6425861120223999,-0.13436134159564972,-0.016034919768571854,-0.547145426273346,-0.07254339754581451
A,0.0,0.0,0.0,-0.3182171583175659,0.016040684655308723,-0.09522253274917603,-0.6409757733345032,-0.1885656863451004,-0.12678562104701996,-0.7977667450904846,-0.521657407283783,-0.1610749214887619,-0.7163901329040527,-0.7563158273696899,-0.16981247067451477,-0.5743328332901001,-0.6346313953399658,0.01600458286702633,-0.6012839078903198,-0.9467502236366272,-0.12934675812721252,-0.5464059710502625,-0.6752805113792419,-0.1997832953929901,-0.5441710948944092,-0.5509113669395447,-0.23029576241970062,-0.3772793412208557,-0.6927134990692139,-0.0030195070430636406,-0.40280479192733765,-1.0,-0.1592014580965042,-0.36154791712760925,-0.6379050612449646,-0.18315309286117554,-0.37189921736717224,-0.5441807508468628,-0.15999171137809753,-0.19502902030944824,-0.7133873105049133,-0.05298039689660072,-0.19751407206058502,-0.958493709564209,-0.2110438346862793,-0.17758505046367645,-0.6142852902412415,-0.16327843070030212,-0.19320864975452423,-0.5223053097724915,-0.08916544914245605,-0.0003914356930181384,-0.7047359347343445,-0.11292243748903275,-0.016892699524760246,-0.8929625749588013,-0.18800725042819977,-0.005331777967512608,-0.6463932394981384,-0.13231095671653748,-0.00737296836450696,-0.5550238490104675,-0.07063991576433182
A,0.0,0.0,0.0,-0.32312101125717163,0.017130671069025993,-0.10779949277639389,-0.6497112512588501,-0.19787470996379852,-0.13840247690677643,-0.7916628122329712,-0.5469644069671631,-0.17038048803806305,-0.6864247918128967,-0.7712154984474182,-0.17521236836910248,-0.5775917768478394,-0.6441454291343689,0.016752565279603004,-0.6101609468460083,-0.9459342956542969,-0.13541068136692047,-0.554868757724762,-0.6577316522598267,-0.20579610764980316,-0.5552868247032166,-0.5482333302497864,-0.23572583496570587,-0.37855952978134155,-0.698539137840271,0.00301858177408576,-0.41102248430252075,-1.0,-0.15869927406311035,-0.37072205543518066,-0.6239581108093262,-0.17790362238883972,-0.3816169500350952,-0.5542683005332947,-0.14944802224636078,-0.19532987475395203,-0.7139554023742676,-0.04570639878511429,-0.19955618679523468,-0.9563702940940857,-0.2104763239622116,-0.18328115344047546,-0.5990070104598999,-0.1610506922006607,-0.20006728172302246,-0.5270649194717407,-0.08398013561964035,0.0009648388950154185,-0.702930748462677,-0.1063891053199768,-0.015131497755646706,-0.8879169225692749,-0.1840153932571411,-0.010727949440479279,-0.632617175579071,-0.13097086548805237,-0.013384565711021423,-0.5511318445205688,-0.07105951756238937
A,0.0,0.0,0.0,-0.30850666761398315,0.007493882905691862,-0.11085467040538788,-0.6291983127593994,-0.20475226640701294,-0.14205271005630493,-0.7877569198608398,-0.5293691158294678,-0.17296747863292694,-0.708585262298584,-0.7293993830680847,-0.17607606947422028,-0.5673083662986755,-0.6594683527946472,0.01766280271112919,-0.5872577428817749,-0.9602460265159607,-0.12848204374313354,-0.5295388102531433,-0.6764729022979736,-0.1955844759941101,-0.5344827771186829,-0.5635958909988403,-0.22374741733074188,-0.3679640591144562,-0.7073983550071716,0.006367819849401712,-0.3875869810581207,-1.0,-0.15099458396434784,-0.347154825925827,-0.6341372132301331,-0.17025046050548553,-0.36701247096061707,-0.5661996603012085,-0.1424608826637268,-0.1852586418390274,-0.7173914909362793,-0.03984302654862404,-0.1787690669298172,-0.9485558271408081,-0.20030580461025238,-0.16342920064926147,-0.6044551134109497,-0.15453298389911652,-0.1914047747850418,-0.5434049367904663,-0.08151578158140182,0.005383418407291174,-0.7056547999382019,-0.09792113304138184,0.000527616182807833,-0.8814627528190613,-0.17288729548454285,0.007043187972158194,-0.6320939064025879,-0.12169556319713593,-0.0005250882240943611,-0.5609668493270874,-0.06396608054637909
A,0.0,0.0,0.0,-0.3199014365673065,0.011521658860147,-0.11840321868658066,-0.6467601656913757,-0.20183712244033813,-0.15406198799610138,-0.7924998998641968,-0.5497123003005981,-0.1888618916273117,-0.6993158459663391,-0.7768440842628479,-0.194828599691391,-0.5754851698875427,-0.6552680134773254,0.01190590113401413,-0.5945132970809937,-0.9555058479309082,-0.1459403783082962,-0.5356704592704773,-0.6651341319084167,-0.2195630967617035,-0.5445411801338196,-0.5616512298583984,-0.2517624795436859,-0.37546229362487793,-0.7009633183479309,0.001210600370541215,-0.3975118398666382,-1.0,-0.17022688686847687,-0.35551750659942627,-0.6228228807449341,-0.19444087147712708,-0.3801625072956085,-0.5563734173774719,-0.16811718046665192,-0.19345109164714813,-0.7151406407356262,-0.04604261368513107,-0.1877722293138504,-0.9509674310684204,-0.22025437653064728,-0.17106826603412628,-0.5932093858718872,-0.1736774444580078,-0.20360852777957916,-0.5331636667251587,-0.09731563180685043,-0.0028578038327395916,-0.7066396474838257,-0.10575234144926071,-0.006663644686341286,-0.8816906809806824,-0.19006642699241638,0.0008475040667690337,-0.6214225888252258,-0.1390545666217804,-0.010171129368245602,-0.54631507396698,-0.0797506645321846
A,0.0,0.0,0.0,-0.31521356105804443,5.739854896091856e-05,-0.10460460931062698,-0.6357762813568115,-0.21479535102844238,-0.1312093436717987,-0.7914575338363647,-0.5443745851516724,-0.1583392322063446,-0.705874502658844,-0.7348303198814392,-0.158216193318367,-0.5648943781852722,-0.6627514362335205,0.021067606285214424,-0.5824316143989563,-0.9538048505783081,-0.12016911059617996,-0.5316064357757568,-0.6746983528137207,-0.1837758719921112,-0.5340649485588074,-0.5752381086349487,-0.2114616185426712,-0.36504799127578735,-0.7094824314117432,0.007987271063029766,-0.3853706419467926,-1.0,-0.14475850760936737,-0.3541828989982605,-0.634573221206665,-0.1591552048921585,-0.36653608083724976,-0.5760395526885986,-0.13013803958892822,-0.18267212808132172,-0.7160251140594482,-0.03951255977153778,-0.17712657153606415,-0.9439481496810913,-0.1943395584821701,-0.17507413029670715,-0.6023350358009338,-0.1468198299407959,-0.19587984681129456,-0.5472177863121033,-0.07504861056804657,0.008494628593325615,-0.6993849277496338,-0.09898073226213455,0.001824275590479374,-0.8734115958213806,-0.1704154908657074,-0.007371257059276104,-0.6242842674255371,-0.12043135613203049,-0.015372115187346935,-0.5487607717514038,-0.06527143716812134
A,0.0,0.0,0.0,-0.3143027722835541,0.0008126231841742992,-0.11292987316846848,-0.6397789716720581,-0.2341533750295639,-0.13669395446777344,-0.7827594876289368,-0.574267566204071,-0.15820081532001495,-0.6882660388946533,-0.7761397361755371,-0.14968854188919067,-0.5643008947372437,-0.6703804731369019,0.02108222059905529,-0.574199914932251,-0.9646508693695068,-0.12480892986059189,-0.5162546634674072,-0.674767792224884,-0.18817999958992004,-0.525510847568512,-0.5709996223449707,-0.21447674930095673,-0.3654342293739319,-0.7106457948684692,0.013333718292415142,-0.3790827989578247,-1.0,-0.144502192735672,-0.33940622210502625,-0.6297498345375061,-0.1605910062789917,-0.36591899394989014,-0.5705940127372742,-0.1311499923467636,-0.18458613753318787,-0.7172046899795532,-0.030620453879237175,-0.1716521829366684,-0.9423461556434631,-0.19235385954380035,-0.16151949763298035,-0.593307375907898,-0.14675232768058777,-0.19754904508590698,-0.5398269891738892,-0.07477772980928421,0.005093019921332598,-0.705237865447998,-0.08672311156988144,0.003700400236994028,-0.8669722080230713,-0.16422554850578308,0.0031319125555455685,-0.6099530458450317,-0.11752715706825256,-0.01357848010957241,-0.538708508014679,-0.0637892484664917
A,0.0,0.0,0.0,-0.3177954852581024,-0.0055698212236166,-0.11731467396020889,-0.6399955153465271,-0.2516072690486908,-0.14567042887210846,-0.7807731032371521,-0.5972126722335815,-0.17278322577476501,-0.6623739004135132,-0.7675187587738037,-0.17161612212657928,-0.544815719127655,-0.6865743398666382,0.020117033272981644,-0.5588526725769043,-0.9791080951690674,-0.12307634949684143,-0.5074167251586914,-0.6863916516304016,-0.18464499711990356,-0.5151665210723877,-0.5868425369262695,-0.21046000719070435,-0.347288578748703,-0.717835545539856,0.014046327210962772,-0.35461702942848206,-1.0,-0.1425863355398178,-0.32901352643966675,-0.6296077370643616,-0.15922966599464417,-0.35222670435905457,-0.5793436169624329,-0.13024979829788208,-0.16946251690387726,-0.7140100598335266,-0.028067616745829582,-0.1501724272966385,-0.9389871954917908,-0.1906440407037735,-0.15368244051933289,-0.5867528915405273,-0.14979760348796844,-0.18507714569568634,-0.5354053378105164,-0.07974547892808914,0.016136836260557175,-0.6935018301010132,-0.0824991762638092,0.018779972568154335,-0.8555412292480469,-0.1590231955051422,0.00992116890847683,-0.6031366586685181,-0.11415658891201019,-0.00251949205994606,-0.535505473613739,-0.06123751401901245
A,0.0,0.0,0.0,-0.3172686696052551,-0.010133889503777027,-0.10372638702392578,-0.6325579285621643,-0.24747322499752045,-0.1294349879026413,-0.7671261429786682,-0.5961727499961853,-0.15534251928329468,-0.6581693291664124,-0.7850708961486816,-0.15509600937366486,-0.5435980558395386,-0.6745306849479675,0.017864659428596497,-0.549467921257019,-0.9691166877746582,-0.11964383721351624,-0.5033374428749084,-0.6878156065940857,-0.18291501700878143,-0.5081695914268494,-0.5836785435676575,-0.21303409337997437,-0.34564560651779175,-0.7082785367965698,0.004870534874498844,-0.3557376265525818,-1.0,-0.14832177758216858,-0.3324863314628601,-0.6350828409194946,-0.17040488123893738,-0.35151585936546326,-0.5685659646987915,-0.14834900200366974,-0.16561391949653625,-0.7095552682876587,-0.04072193056344986,-0.14891977608203888,-0.943687915802002,-0.1963326781988144,-0.15434888005256653,-0.5964506268501282,-0.15445706248283386,-0.18677321076393127,-0.5368795394897461,-0.08774080872535706,0.02097838744521141,-0.6874603033065796,-0.09757275134325027,0.026977362111210823,-0.8506365418434143,-0.1734023094177246,0.018498124554753304,-0.5976113080978394,-0.12790806591510773,0.0032883647363632917,-0.5265499949455261,-0.07662598788738251
A,0.0,0.0,0.0,-0.3027995526790619,-0.01499644760042429,-0.10760761797428131,-0.6150561571121216,-0.24863901734352112,-0.13759960234165192,-0.7587302923202515,-0.5778908729553223,-0.16666223108768463,-0.6606311798095703,-0.7562010288238525,-0.16967062652111053,-0.5261064171791077,-0.6814994812011719,0.0011651323875412345,-0.5357495546340942,-0.9722872972488403,-0.14126494526863098,-0.4936964213848114,-0.6900715231895447,-0.20255103707313538,-0.5010440349578857,-0.591290295124054,-0.22978387773036957,-0.3279063403606415,-0.7131578326225281,-0.012211921624839306,-0.3399116098880768,-1.0,-0.16917093098163605,-0.3183659613132477,-0.6275079846382141,-0.185194194316864,-0.33635732531547546,-0.569198727607727,-0.15743692219257355,-0.14849843084812164,-0.7094702124595642,-0.05835152417421341,-0.13743601739406586,-0.9414613246917725,-0.2199546843767166,-0.14316153526306152,-0.5890350341796875,-0.17372559010982513,-0.17192061245441437,-0.5350959300994873,-0.10210233181715012,0.038686353713274,-0.6839252710342407,-0.115596242249012,0.03623202443122864,-0.8508443832397461,-0.19557422399520874,0.0276782363653183,-0.5955497622489929,-0.1476154625415802,0.01709323190152645,-0.5253449082374573,-0.09294077754020691
A,0.0,0.0,0.0,-0.3030751645565033,-0.010132324881851673,-0.10612159967422485,-0.6231894493103027,-0.2604217827320099,-0.12937481701374054,-0.760635256767273,-0.6045569181442261,-0.15135517716407776,-0.6505606174468994,-0.789208710193634,-0.14601323008537292,-0.5240551233291626,-0.6826666593551636,0.012197601608932018,-0.5366728901863098,-0.9740772247314453,-0.1298406720161438,-0.4901178181171417,-0.6849053502082825,-0.19122938811779022,-0.49673593044281006,-0.58955317735672,-0.21808119118213654,-0.32729077339172363,-0.7131205201148987,0.0007612534100189805,-0.3436112403869629,-1.0,-0.15646740794181824,-0.32133153080940247,-0.6280323266983032,-0.17503918707370758,-0.3437056541442871,-0.5715984106063843,-0.14804381132125854,-0.1491570770740509,-0.7139738202095032,-0.043797485530376434,-0.1451966017484665,-0.943691611289978,-0.2047705352306366,-0.14568601548671722,-0.5877079963684082,-0.1576097160577774,-0.17490139603614807,-0.5352885723114014,-0.08454516530036926,0.03597411885857582,-0.696540892124176,-0.09944723546504974,0.02749004028737545,-0.8569466471672058,-0.17646577954292297,0.024295097216963768,-0.598406970500946,-0.1263316571712494,0.01725514605641365,-0.5314085483551025,-0.07008007168769836
A,0.0,0.0,0.0,-0.3004676103591919,-0.023590967059135437,-0.10880040377378464,-0.6101757884025574,-0.2688150405883789,-0.132510244846344,-0.7484084963798523,-0.6013029217720032,-0.1548641324043274,-0.661046028137207,-0.7889325618743896,-0.14928095042705536,-0.5192663669586182,-0.6874770522117615,0.0192004032433033,-0.5262210965156555,-0.9721482396125793,-0.1274949461221695,-0.48648613691329956,-0.6884382963180542,-0.19131536781787872,-0.49628397822380066,-0.5925332307815552,-0.21737417578697205,-0.32431089878082275,-0.712604284286499,0.00835885014384985,-0.33630096912384033,-1.0,-0.15449310839176178,-0.32019418478012085,-0.6305459141731262,-0.1741734892129898,-0.34286418557167053,-0.5761454701423645,-0.14481191337108612,-0.14795905351638794,-0.7064274549484253,-0.037362318485975266,-0.1393277645111084,-0.931574821472168,-0.20448805391788483,-0.14757892489433289,-0.58133864402771,-0.16117000579833984,-0.17701008915901184,-0.5362256169319153,-0.0876600369811058,0.03538745641708374,-0.6831835508346558,-0.09434163570404053,0.030004218220710754,-0.8383966088294983,-0.1765318661928177,0.019002214074134827,-0.585405707359314,-0.1307019144296646,0.011198613792657852,-0.5237860083580017,-0.07531644403934479
A,0.0,0.0,0.0,-0.3037767708301544,-0.03992132842540741,-0.11249969154596329,-0.6009368300437927,-0.28861725330352783,-0.13690318167209625,-0.7171072363853455,-0.633941113948822,-0.1605406254529953,-0.6167976260185242,-0.8338322639465332,-0.15659070014953613,-0.5070968866348267,-0.6984329223632812,0.03391330689191818,-0.5175197124481201,-0.9633992314338684,-0.11184895783662796,-0.4819340705871582,-0.6831114292144775,-0.17824377119541168,-0.48549336194992065,-0.5977199077606201,-0.20592434704303741,-0.31631386280059814,-0.724956750869751,0.02498299442231655,-0.3286011815071106,-1.0,-0.1384793519973755,-0.3180679678916931,-0.6325377821922302,-0.16161859035491943,-0.33105289936065674,-0.581132709980011,-0.13267318904399872,-0.14394547045230865,-0.7145000100135803,-0.020645175129175186,-0.13442426919937134,-0.9264713525772095,-0.18807949125766754,-0.15066465735435486,-0.580794095993042,-0.14929556846618652,-0.17128586769104004,-0.5413607954978943,-0.07657837122678757,0.039101775735616684,-0.6855539083480835,-0.07814525067806244,0.028201140463352203,-0.8282713890075684,-0.15846359729766846,0.013032058253884315,-0.5799800157546997,-0.11378689110279083,0.012484044767916203,-0.526881754398346,-0.05786977335810661
A,0.0,0.0,0.0,-0.2986607253551483,-0.050904739648103714,-0.09533203393220901,-0.5845392346382141,-0.2996962070465088,-0.1119096428155899,-0.702957034111023,-0.6258839964866638,-0.12983117997646332,-0.6192378401756287,-0.7958679795265198,-0.1218971312046051,-0.48544538021087646,-0.6946989297866821,0.041254207491874695,-0.5004695653915405,-0.9681379199028015,-0.09600716084241867,-0.47478556632995605,-0.7011340260505676,-0.15884751081466675,-0.4684109687805176,-0.5988466739654541,-0.18359574675559998,-0.29914695024490356,-0.717589259147644,0.02899002470076084,-0.3149218261241913,-1.0,-0.12675125896930695,-0.313932865858078,-0.6429397463798523,-0.14837530255317688,-0.31600937247276306,-0.5748234391212463,-0.11853479593992233,-0.13098500669002533,-0.7019069790840149,-0.01681399531662464,-0.12821507453918457,-0.9138380289077759,-0.17539604008197784,-0.15229523181915283,-0.5778861045837402,-0.13784611225128174,-0.16224057972431183,-0.5243719220161438,-0.06653899699449539,0.047123875468969345,-0.6659682393074036,-0.07279084622859955,0.029621664434671402,-0.8099315166473389,-0.14930997788906097,0.005146758630871773,-0.5715960264205933,-0.10660499334335327,0.008860054425895214,-0.5135576128959656,-0.052137598395347595
A,0.0,0.0,0.0,-0.29564449191093445,-0.053547412157058716,-0.09230508655309677,-0.5751475095748901,-0.2916420102119446,-0.11220858991146088,-0.7041012644767761,-0.5904256701469421,-0.13366326689720154,-0.6488165855407715,-0.7400323748588562,-0.1301192045211792,-0.48534244298934937,-0.6988958716392517,0.02698829025030136,-0.49323585629463196,-0.9660263061523438,-0.11394023150205612,-0.475292444229126,-0.7023530006408691,-0.17664964497089386,-0.47130805253982544,-0.6005427241325378,-0.2008505016565323,-0.2973475158214569,-0.7148247957229614,0.011268390342593193,-0.31139901280403137,-1.0,-0.14681626856327057,-0.31588736176490784,-0.6422834992408752,-0.16420845687389374,-0.31720665097236633,-0.5779616236686707,-0.1311887800693512,-0.127070352435112,-0.697430431842804,-0.037091683596372604,-0.12155624479055405,-0.9179478883743286,-0.198578879237175,-0.15195871889591217,-0.5790066123008728,-0.1567595899105072,-0.16054750978946686,-0.5241966247558594,-0.08241721987724304,0.051186203956604004,-0.6591547727584839,-0.09527962654829025,0.037817131727933884,-0.8056334853172302,-0.1784016489982605,0.007542025297880173,-0.5654184818267822,-0.13692182302474976,0.009172951802611351,-0.5051046013832092,-0.08209595829248428
A,0.0,0.0,0.0,-0.29236242175102234,-0.04093661904335022,-0.09444765746593475,-0.5744355916976929,-0.2934492826461792,-0.11720303446054459,-0.6955902576446533,-0.6176950931549072,-0.14115026593208313,-0.6149652004241943,-0.7674082517623901,-0.14144457876682281,-0.47157618403434753,-0.6911926865577698,0.019714945927262306,-0.4795345664024353,-0.9661266207695007,-0.11479444801807404,-0.4613651931285858,-0.6995416283607483,-0.17536483705043793,-0.4545709490776062,-0.5864499807357788,-0.20054253935813904,-0.28575795888900757,-0.7113056182861328,0.004078603349626064,-0.2955990135669708,-1.0,-0.14713025093078613,-0.30224213004112244,-0.6403986215591431,-0.16495969891548157,-0.3033762574195862,-0.5638110637664795,-0.13484153151512146,-0.1177484467625618,-0.6899199485778809,-0.042560357600450516,-0.10955875366926193,-0.9115422964096069,-0.1962263435125351,-0.14059969782829285,-0.5748809576034546,-0.1550494283437729,-0.15229816734790802,-0.5139258503913879,-0.08431026339530945,0.05938521772623062,-0.6441984176635742,-0.09925886243581772,0.04959561303257942,-0.7838881015777588,-0.1759789139032364,0.018923018127679825,-0.5478765368461609,-0.13309724628925323,0.01535450667142868,-0.4891912639141083,-0.08005959540605545
A,0.0,0.0,0.0,-0.28710415959358215,-0.02782740257680416,-0.11185462772846222,-0.5748913884162903,-0.28279194235801697,-0.14411816000938416,-0.6943448781967163,-0.6244295835494995,-0.17436590790748596,-0.5956323146820068,-0.7978054881095886,-0.17879801988601685,-0.4819200932979584,-0.6880563497543335,0.004184323363006115,-0.48533496260643005,-0.9599350690841675,-0.14154498279094696,-0.46060624718666077,-0.6800212264060974,-0.20639272034168243,-0.4590699076652527,-0.574968695640564,-0.233527272939682,-0.29535022377967834,-0.7081236839294434,-0.0066931420005857944,-0.2990913987159729,-1.0,-0.16974109411239624,-0.303221732378006,-0.637083113193512,-0.1907193809747696,-0.31309905648231506,-0.566994845867157,-0.16067075729370117,-0.12751321494579315,-0.688430905342102,-0.05070441961288452,-0.11392360180616379,-0.9069759845733643,-0.21523888409137726,-0.14133994281291962,-0.5667762756347656,-0.1735084354877472,-0.16120536625385284,-0.5172879099845886,-0.09989563375711441,0.048792388290166855,-0.6461340188980103,-0.10605612397193909,0.04231373965740204,-0.7862541079521179,-0.18780651688575745,0.019259141758084297,-0.5475344061851501,-0.1436149924993515,0.01576397195458412,-0.49363118410110474,-0.08828338235616684
A,0.0,0.0,0.0,-0.2867971360683441,-0.03103163093328476,-0.1051638200879097,-0.5798787474632263,-0.29287058115005493,-0.13203668594360352,-0.7061247825622559,-0.6251444816589355,-0.15757493674755096,-0.6130850315093994,-0.78666752576828,-0.15826314687728882,-0.4876515865325928,-0.6849459409713745,0.00016477877215947956,-0.48615556955337524,-0.9704224467277527,-0.14774519205093384,-0.4576071798801422,-0.6929211020469666,-0.211929589509964,-0.46012082695961,-0.582759439945221,-0.237347811460495,-0.29864782094955444,-0.7009022831916809,-0.012880723923444748,-0.2935660183429718,-1.0,-0.17687323689460754,-0.29432955384254456,-0.637639582157135,-0.19466926157474518,-0.3114483058452606,-0.563973069190979,-0.16295386850833893,-0.12939304113388062,-0.6819331645965576,-0.05837462842464447,-0.11056976765394211,-0.9025298357009888,-0.2227228283882141,-0.13414090871810913,-0.5617703795433044,-0.18009118735790253,-0.15869008004665375,-0.5082218050956726,-0.10709939897060394,0.04675639048218727,-0.6413162350654602,-0.11460179090499878,0.04531802609562874,-0.7867420315742493,-0.1962229311466217,0.02591339312493801,-0.5444060564041138,-0.15228083729743958,0.020201435312628746,-0.4845679700374603,-0.09820392727851868
A,0.0,0.0,0.0,-0.28566455841064453,-0.036631662398576736,-0.10170961171388626,-0.571379542350769,-0.29172709584236145,-0.12451591342687607,-0.6992136836051941,-0.6068158149719238,-0.14566951990127563,-0.6256426572799683,-0.7664296627044678,-0.14174945652484894,-0.48890331387519836,-0.675122857093811,0.005012799520045519,-0.4790968596935272,-0.9662421345710754,-0.1385500282049179,-0.44871360063552856,-0.6905045509338379,-0.20273980498313904,-0.45225346088409424,-0.5690588355064392,-0.22821687161922455,-0.3015492260456085,-0.6909415125846863,-0.0071485829539597034,-0.2871518135070801,-1.0,-0.16925233602523804,-0.28683626651763916,-0.6388142704963684,-0.19100694358348846,-0.3093068301677704,-0.5540569424629211,-0.1622556895017624,-0.13508157432079315,-0.6727330088615417,-0.05073783919215202,-0.10462997853755951,-0.8977010846138,-0.2116263210773468,-0.12895885109901428,-0.5612042546272278,-0.17452874779701233,-0.16002121567726135,-0.5020882487297058,-0.10635990649461746,0.03653232380747795,-0.6330287456512451,-0.10457797348499298,0.04878215491771698,-0.7716898322105408,-0.18605053424835205,0.027506181970238686,-0.534502387046814,-0.1475677192211151,0.013332854956388474,-0.47627586126327515,-0.0980568379163742
A,0.0,0.0,0.0,-0.2838129997253418,-0.047404538840055466,-0.10124682635068893,-0.5687838196754456,-0.30624333024024963,-0.12569096684455872,-0.6906084418296814,-0.6304436326026917,-0.14940829575061798,-0.5989392399787903,-0.798910915851593,-0.146872878074646,-0.4791899025440216,-0.6840739846229553,0.008819520473480225,-0.4710230231285095,-0.9801658391952515,-0.13799084722995758,-0.4376554787158966,-0.7004424333572388,-0.20379261672496796,-0.44822990894317627,-0.582153856754303,-0.23010298609733582,-0.29679369926452637,-0.6959773898124695,-0.003491657553240657,-0.27587470412254333,-1.0,-0.16530272364616394,-0.27141907811164856,-0.635417103767395,-0.18591167032718658,-0.3051537275314331,-0.5561657547950745,-0.158189594745636,-0.1348077952861786,-0.6773994565010071,-0.0480322428047657,-0.09737393260002136,-0.9125800728797913,-0.20704510807991028,-0.11786442250013351,-0.5730589628219604,-0.16661246120929718,-0.1584431231021881,-0.5077279210090637,-0.09788894653320312,0.031966641545295715,-0.6374170780181885,-0.10334422439336777,0.05124226212501526,-0.7921873331069946,-0.18213307857513428,0.0346345417201519,-0.5523385405540466,-0.14101889729499817,0.014906968921422958,-0.48596763610839844,-0.09042906016111374
A,0.0,0.0,0.0,-0.27954012155532837,-0.04941495135426521,-0.1022341400384903,-0.5575025677680969,-0.30586257576942444,-0.13076376914978027,-0.6852971911430359,-0.6202014684677124,-0.15910883247852325,-0.6113755106925964,-0.7810293436050415,-0.1618565320968628,-0.48031285405158997,-0.6837620735168457,0.004597940947860479,-0.47127917408943176,-0.9877862930297852,-0.14595726132392883,-0.43712279200553894,-0.7112062573432922,-0.21531778573989868,-0.442999929189682,-0.5884897708892822,-0.24308393895626068,-0.29891136288642883,-0.6925058364868164,-0.00858413428068161,-0.2759368419647217,-1.0,-0.17327798902988434,-0.2746083438396454,-0.6424229741096497,-0.1968792974948883,-0.30747219920158386,-0.5653275847434998,-0.1710749715566635,-0.13826951384544373,-0.6739553809165955,-0.05411604791879654,-0.09706053137779236,-0.9093453288078308,-0.21493130922317505,-0.11920980364084244,-0.5727187395095825,-0.17583531141281128,-0.1586703062057495,-0.5128883123397827,-0.10774527490139008,0.027040166780352592,-0.6369286775588989,-0.11070216447114944,0.053942691534757614,-0.7927095890045166,-0.19136321544647217,0.03444148972630501,-0.554594099521637,-0.15156063437461853,0.012188983149826527,-0.4905359745025635,-0.1016731783747673
A,0.0,0.0,0.0,-0.28510212898254395,-0.04366376996040344,-0.09690515697002411,-0.5593212842941284,-0.3001266419887543,-0.12300354987382889,-0.679781973361969,-0.6121020913124084,-0.14947465062141418,-0.6120498180389404,-0.7850047945976257,-0.15052825212478638,-0.48062002658843994,-0.682525098323822,0.002151900203898549,-0.46647584438323975,-0.9904284477233887,-0.14879512786865234,-0.43873754143714905,-0.71394944190979,-0.21685218811035156,-0.4502072036266327,-0.5857568979263306,-0.2429581731557846,-0.30199679732322693,-0.6885465383529663,-0.012014845386147499,-0.2736699879169464,-1.0,-0.1760214865207672,-0.2732914686203003,-0.6423361301422119,-0.1975569874048233,-0.3072948455810547,-0.5625420808792114,-0.17098399996757507,-0.14280228316783905,-0.6722883582115173,-0.057724907994270325,-0.0973270907998085,-0.9131643176078796,-0.2183682769536972,-0.11788612604141235,-0.5746412873268127,-0.17753157019615173,-0.15887627005577087,-0.5087949633598328,-0.10901165008544922,0.02057594619691372,-0.639705240726471,-0.11390458047389984,0.0502714067697525,-0.801676869392395,-0.1969197541475296,0.03197211027145386,-0.559124767780304,-0.15774525701999664,0.0076407985761761665,-0.4885397255420685,-0.1081305742263794
A,0.0,0.0,0.0,-0.28894904255867004,-0.04176977276802063,-0.09807829558849335,-0.5626444816589355,-0.30296415090560913,-0.12300742417573929,-0.6761670112609863,-0.627938985824585,-0.1476164013147354,-0.6039959192276001,-0.8112683296203613,-0.14735135436058044,-0.47494080662727356,-0.6802889704704285,0.00029852165607735515,-0.4558066427707672,-0.9850136041641235,-0.14902691543102264,-0.42991361021995544,-0.705267071723938,-0.21620357036590576,-0.4419243633747101,-0.5734702944755554,-0.2422913759946823,-0.29475146532058716,-0.6861766576766968,-0.012562124989926815,-0.26533350348472595,-1.0,-0.17537426948547363,-0.2660795748233795,-0.6379842758178711,-0.19697251915931702,-0.2997215986251831,-0.5525358319282532,-0.17112626135349274,-0.13568982481956482,-0.6707388758659363,-0.0566079318523407,-0.08817263692617416,-0.9143956899642944,-0.21752405166625977,-0.11188921332359314,-0.5725405812263489,-0.17763027548789978,-0.1542944610118866,-0.5003228187561035,-0.11006122827529907,0.02743460237979889,-0.6383451223373413,-0.11092352122068405,0.056052424013614655,-0.7992124557495117,-0.19550257921218872,0.0363621860742569,-0.5543019771575928,-0.15707440674304962,0.011653002351522446,-0.4796562194824219,-0.1080620214343071
A,0.0,0.0,0.0,-0.28396278619766235,-0.055684756487607956,-0.09028289467096329,-0.555983304977417,-0.32045978307724,-0.11170731484889984,-0.669289767742157,-0.6446454524993896,-0.13520149886608124,-0.5763072967529297,-0.817929744720459,-0.13491947948932648,-0.463283896446228,-0.6890776753425598,0.01641952246427536,-0.44340118765830994,-0.9883468151092529,-0.12772050499916077,-0.41563674807548523,-0.7153482437133789,-0.19664372503757477,-0.42873603105545044,-0.5797898173332214,-0.22473536431789398,-0.28302887082099915,-0.6937912702560425,0.0008202228345908225,-0.2525039315223694,-1.0,-0.15620006620883942,-0.25122469663619995,-0.6415066719055176,-0.1803707778453827,-0.2871065139770508,-0.5429078936576843,-0.1572180986404419,-0.12378516048192978,-0.6751192212104797,-0.04544515907764435,-0.07931778579950333,-0.917323648929596,-0.20132328569889069,-0.10155025124549866,-0.5785123705863953,-0.16403548419475555,-0.14349152147769928,-0.489457368850708,-0.09814693033695221,0.040343593806028366,-0.6351145505905151,-0.10127942264080048,0.06483719497919083,-0.8033660054206848,-0.18073660135269165,0.04461253061890602,-0.5609513521194458,-0.14076551795005798,0.017836088314652443,-0.4734533727169037,-0.09096405655145645
A,0.0,0.0,0.0,-0.2830190062522888,-0.06702134013175964,-0.08810797333717346,-0.5401859283447266,-0.3365136981010437,-0.11033952236175537,-0.6387553811073303,-0.664326548576355,-0.1357399970293045,-0.5387043952941895,-0.8359993696212769,-0.1388825923204422,-0.4288029074668884,-0.7063233256340027,0.022676030173897743,-0.40933898091316223,-0.9895687103271484,-0.11743105947971344,-0.39562684297561646,-0.7205758690834045,-0.18746110796928406,-0.40744829177856445,-0.5769285559654236,-0.2160274237394333,-0.25523388385772705,-0.70695960521698,0.00708265183493495,-0.22935077548027039,-1.0,-0.1462382674217224,-0.24017824232578278,-0.6478134989738464,-0.17289920151233673,-0.2672330439090729,-0.540000319480896,-0.15084993839263916,-0.10124028474092484,-0.6812434792518616,-0.03862731531262398,-0.06134442612528801,-0.9132578372955322,-0.19057659804821014,-0.09626567363739014,-0.5836828351020813,-0.15740948915481567,-0.13375847041606903,-0.4874071478843689,-0.0934368371963501,0.059044256806373596,-0.6310774087905884,-0.09371624141931534,0.07746678590774536,-0.8017275929450989,-0.1703348308801651,0.04620052129030228,-0.5653219819068909,-0.13091029226779938,0.019559944048523903,-0.47228291630744934,-0.08084466308355331
A,0.0,0.0,0.0,-0.28144577145576477,-0.08732985705137253,-0.07533629983663559,-0.5283545851707458,-0.34407156705856323,-0.09760341793298721,-0.6205924153327942,-0.6572192907333374,-0.12496966868638992,-0.5227128267288208,-0.7959368228912354,-0.13273471593856812,-0.41038307547569275,-0.7016076445579529,0.01798868738114834,-0.3778698444366455,-0.9867973923683167,-0.11950840801000595,-0.3704960346221924,-0.7332723736763,-0.19299322366714478,-0.3803817927837372,-0.5795648694038391,-0.223795548081398,-0.23654092848300934,-0.7010445594787598,-0.002161995507776737,-0.20603859424591064,-1.0,-0.1527034193277359,-0.22391048073768616,-0.6656894087791443,-0.1839800924062729,-0.2482936680316925,-0.5340901613235474,-0.16600263118743896,-0.08222565054893494,-0.6778351664543152,-0.048758793622255325,-0.04400553181767464,-0.9142571091651917,-0.1946878880262375,-0.0815400630235672,-0.5958693623542786,-0.16229331493377686,-0.11434938758611679,-0.47204941511154175,-0.09885729849338531,0.07441501319408417,-0.6219705939292908,-0.10334743559360504,0.09512589126825333,-0.803991436958313,-0.1757485717535019,0.06168646365404129,-0.5805453658103943,-0.13435211777687073,0.03392120450735092,-0.4721810817718506,-0.08287133276462555
A,0.0,0.0,0.0,-0.28498074412345886,-0.11054179817438126,-0.06139267235994339,-0.5167147517204285,-0.3566363751888275,-0.07953479886054993,-0.5971574187278748,-0.6660172939300537,-0.10610156506299973,-0.49650800228118896,-0.8045300841331482,-0.11364767700433731,-0.379644513130188,-0.7030890583992004,0.03721562772989273,-0.3522343039512634,-0.9877886772155762,-0.08941145986318588,-0.3562159240245819,-0.7442668676376343,-0.16259407997131348,-0.36525842547416687,-0.5829045176506042,-0.19501402974128723,-0.21027110517024994,-0.7031882405281067,0.014354847371578217,-0.18771764636039734,-1.0,-0.12302765250205994,-0.21371221542358398,-0.6791260242462158,-0.1572123020887375,-0.23356372117996216,-0.5383713245391846,-0.14474903047084808,-0.05828588828444481,-0.6775365471839905,-0.03292913734912872,-0.027721934020519257,-0.9211782813072205,-0.16649216413497925,-0.07436688244342804,-0.6145767569541931,-0.13623511791229248,-0.10382139682769775,-0.47761282324790955,-0.07685551792383194,0.09940946847200394,-0.615689218044281,-0.0872945636510849,0.11463882029056549,-0.8050971627235413,-0.15227553248405457,0.06922103464603424,-0.5922338366508484,-0.1111404225230217,0.03906304016709328,-0.47605597972869873,-0.06121460720896721
A,0.0,0.0,0.0,-0.2707861661911011,-0.11506670713424683,-0.06150628998875618,-0.4896183907985687,-0.37384822964668274,-0.08374833315610886,-0.5569795966148376,-0.6770471930503845,-0.11439403146505356,-0.45204776525497437,-0.7899374961853027,-0.12795433402061462,-0.3399576246738434,-0.7164259552955627,0.022968648001551628,-0.31993570923805237,-0.9904232621192932,-0.09961399435997009,-0.33348700404167175,-0.7506240010261536,-0.17023003101348877,-0.3430764973163605,-0.5913246870040894,-0.20237736403942108,-0.17565283179283142,-0.715359091758728,-0.00021708174608647823,-0.16131383180618286,-1.0,-0.13026651740074158,-0.198195680975914,-0.6899946331977844,-0.16116584837436676,-0.21518352627754211,-0.5497451424598694,-0.14899058640003204,-0.02446725033223629,-0.6846217513084412,-0.046366624534130096,-0.0016972898738458753,-0.9336605072021484,-0.17489898204803467,-0.05639924108982086,-0.6319192051887512,-0.14421012997627258,-0.08483430743217468,-0.4850842356681824,-0.08669015765190125,0.13398759067058563,-0.6161165237426758,-0.09950143843889236,0.14341266453266144,-0.8100448250770569,-0.16667556762695312,0.08567346632480621,-0.5996097922325134,-0.1284235566854477,0.048378512263298035,-0.4699060916900635,-0.08094644546508789
A,0.0,0.0,0.0,-0.2689498960971832,-0.1250641942024231,-0.055841755121946335,-0.48088163137435913,-0.38947582244873047,-0.07605298608541489,-0.5382591485977173,-0.6861648559570312,-0.10664267838001251,-0.4337689280509949,-0.7791190147399902,-0.12073613703250885,-0.31221330165863037,-0.7296304106712341,0.03156016021966934,-0.30730393528938293,-0.9999210238456726,-0.08698094636201859,-0.3244185149669647,-0.7698968052864075,-0.15613605082035065,-0.330547571182251,-0.6073512434959412,-0.18656019866466522,-0.15018901228904724,-0.7279682755470276,0.008613434620201588,-0.15128996968269348,-1.0,-0.11460749804973602,-0.18982452154159546,-0.6984178423881531,-0.14225709438323975,-0.1993454396724701,-0.5549733638763428,-0.12753547728061676,0.002328369999304414,-0.6936874389648438,-0.03712145611643791,0.010289117693901062,-0.944238543510437,-0.1600928008556366,-0.04692904278635979,-0.6475099921226501,-0.12779586017131805,-0.06903940439224243,-0.4897576570510864,-0.06842521578073502,0.16170383989810944,-0.6192536950111389,-0.08957277983427048,0.1585700660943985,-0.8118318915367126,-0.1542576104402542,0.09022104740142822,-0.6126587390899658,-0.11636563390493393,0.05045335739850998,-0.47981300950050354,-0.06817382574081421
A,0.0,0.0,0.0,-0.2708272337913513,-0.12757883965969086,-0.0513870008289814,-0.47028809785842896,-0.3999863564968109,-0.07101349532604218,-0.5186172127723694,-0.7002618908882141,-0.10308829694986343,-0.40664565563201904,-0.7922296524047852,-0.11874790489673615,-0.3003842830657959,-0.7321867942810059,0.04440383240580559,-0.3002363443374634,-1.0,-0.07265870273113251,-0.31211185455322266,-0.7730674743652344,-0.14317159354686737,-0.3157404661178589,-0.5993594527244568,-0.17284941673278809,-0.1402236521244049,-0.7337753772735596,0.020176943391561508,-0.14507468044757843,-0.9994817972183228,-0.10059161484241486,-0.17447899281978607,-0.7027462720870972,-0.13019855320453644,-0.18135468661785126,-0.5472781658172607,-0.11507866531610489,0.01298745907843113,-0.7014632821083069,-0.02674122527241707,0.015399307943880558,-0.950384259223938,-0.14563274383544922,-0.032242510467767715,-0.6572281718254089,-0.11051449924707413,-0.04980850964784622,-0.49091267585754395,-0.04783753305673599,0.17446912825107574,-0.6266608834266663,-0.08044258505105972,0.16553325951099396,-0.8218910098075867,-0.14121484756469727,0.10628475248813629,-0.6275761723518372,-0.09916791319847107,0.07299792766571045,-0.49323686957359314,-0.046666599810123444
A,0.0,0.0,0.0,-0.26319053769111633,-0.1499466747045517,-0.04490596055984497,-0.4444411098957062,-0.42549046874046326,-0.062108639627695084,-0.4730960726737976,-0.7105098366737366,-0.09243245422840118,-0.35822296142578125,-0.8080382943153381,-0.10619278252124786,-0.26954880356788635,-0.7354313731193542,0.04423266649246216,-0.26941993832588196,-0.9954696297645569,-0.0699232742190361,-0.2808321714401245,-0.7641470432281494,-0.13572269678115845,-0.28341755270957947,-0.6031033396720886,-0.1620863825082779,-0.11242072284221649,-0.736876904964447,0.01851390302181244,-0.12057334184646606,-1.0,-0.09701700508594513,-0.14754362404346466,-0.7069553732872009,-0.12218058854341507,-0.1497284173965454,-0.5621305108070374,-0.10499461740255356,0.039079803973436356,-0.702878475189209,-0.028802428394556046,0.03565758466720581,-0.9509915113449097,-0.14366425573825836,-0.008701005019247532,-0.6610807180404663,-0.10345428436994553,-0.018190044909715652,-0.500461995601654,-0.038004226982593536,0.19933205842971802,-0.6249772906303406,-0.08217943459749222,0.18203534185886383,-0.8261483907699585,-0.13838712871074677,0.12218203395605087,-0.6348511576652527,-0.09176472574472427,0.09570502489805222,-0.5038148760795593,-0.03632695972919464
A,0.0,0.0,0.0,-0.2513791024684906,-0.16047100722789764,-0.03365679830312729,-0.4216616153717041,-0.4486055374145508,-0.04298697039484978,-0.443412721157074,-0.7376664876937866,-0.06745865941047668,-0.3256910443305969,-0.8322926759719849,-0.07539298385381699,-0.2308695912361145,-0.7510715126991272,0.05925336852669716,-0.24253012239933014,-0.9992113709449768,-0.048661816865205765,-0.2552759647369385,-0.7679092288017273,-0.10982447117567062,-0.24940133094787598,-0.6143302321434021,-0.13291211426258087,-0.08049729466438293,-0.7483205795288086,0.03177708387374878,-0.09843810647726059,-1.0,-0.07263464480638504,-0.12651658058166504,-0.7101612687110901,-0.08941357582807541,-0.11652956157922745,-0.5772029161453247,-0.06805412471294403,0.06791211664676666,-0.7090057730674744,-0.01714327372610569,0.06021983176469803,-0.9534718990325928,-0.12025921046733856,0.008386244997382164,-0.6727330684661865,-0.07355795800685883,0.004709808621555567,-0.5252319574356079,-0.006967125926166773,0.22470316290855408,-0.624575138092041,-0.07202011346817017,0.21098805963993073,-0.8328737616539001,-0.1188528835773468,0.14453013241291046,-0.6507629156112671,-0.06813925504684448,0.12107304483652115,-0.5281016826629639,-0.011669634841382504
A,0.0,0.0,0.0,-0.2459251433610916,-0.17901495099067688,-0.0324690118432045,-0.39752134680747986,-0.46647170186042786,-0.044567547738552094,-0.40546175837516785,-0.7418407201766968,-0.07357370853424072,-0.28587841987609863,-0.8618390560150146,-0.08655793964862823,-0.20123529434204102,-0.7622628211975098,0.0652359277009964,-0.21635228395462036,-0.9985002875328064,-0.04104292392730713,-0.23215797543525696,-0.7654361724853516,-0.10202432423830032,-0.22343312203884125,-0.620094895362854,-0.12502777576446533,-0.05647049844264984,-0.7564650177955627,0.03643396124243736,-0.07252883166074753,-1.0,-0.06414912641048431,-0.10394525527954102,-0.715240478515625,-0.08119035512208939,-0.08711612969636917,-0.5869433879852295,-0.06012437865138054,0.0927087664604187,-0.7151595950126648,-0.01424315944314003,0.08162755519151688,-0.9587047100067139,-0.11336488276720047,0.02704540826380253,-0.6846551895141602,-0.06762899458408356,0.029230110347270966,-0.5410540699958801,-0.002519245259463787,0.24778801202774048,-0.6277738213539124,-0.07100014388561249,0.23196084797382355,-0.8416112661361694,-0.11549469828605652,0.162623792886734,-0.6655474901199341,-0.06450054794549942,0.14701279997825623,-0.5437164306640625,-0.007441714871674776
A,0.0,0.0,0.0,-0.2458469569683075,-0.16865891218185425,-0.034217238426208496,-0.39291879534721375,-0.46158936619758606,-0.04502362012863159,-0.3938480019569397,-0.7445969581604004,-0.07285653799772263,-0.272174596786499,-0.8635832071304321,-0.08365422487258911,-0.19318196177482605,-0.7549791932106018,0.06667881458997726,-0.20691026747226715,-1.0,-0.041210561990737915,-0.22450295090675354,-0.7604906558990479,-0.10196755826473236,-0.21520161628723145,-0.6070917248725891,-0.12357425689697266,-0.047938957810401917,-0.750471293926239,0.04021141305565834,-0.0648309588432312,-0.998782753944397,-0.06241215020418167,-0.0943368449807167,-0.7067519426345825,-0.07823978364467621,-0.07434117048978806,-0.572373628616333,-0.0551384836435318,0.10147583484649658,-0.7132322192192078,-0.008877799846231937,0.09350668638944626,-0.965885579586029,-0.1099606603384018,0.03847692906856537,-0.6857863664627075,-0.0623600110411644,0.04122716560959816,-0.5350317358970642,0.005091859493404627,0.2561997175216675,-0.6316540837287903,-0.06449910253286362,0.25035980343818665,-0.8506313562393188,-0.11120244115591049,0.17929403483867645,-0.674881637096405,-0.061652228236198425,0.1611543744802475,-0.5501793026924133,-0.004845439922064543
A,0.0,0.0,0.0,-0.2488536238670349,-0.18338985741138458,-0.024294229224324226,-0.390814870595932,-0.46816226840019226,-0.03248000144958496,-0.3878094255924225,-0.736303985118866,-0.06005680933594704,-0.2692022919654846,-0.8624852895736694,-0.07194396108388901,-0.1881086677312851,-0.7525762319564819,0.07307062298059464,-0.20203085243701935,-1.0,-0.03953847661614418,-0.22828997671604156,-0.773246705532074,-0.1042255312204361,-0.22414173185825348,-0.6243874430656433,-0.12731540203094482,-0.04449322074651718,-0.7480847239494324,0.04273281246423721,-0.06018495932221413,-0.999988853931427,-0.06094580888748169,-0.09572942554950714,-0.7155666351318359,-0.07775495946407318,-0.07632213830947876,-0.5877344012260437,-0.05566861480474472,0.10637471079826355,-0.7141838669776917,-0.0098808528855443,0.09565722197294235,-0.9693187475204468,-0.10879790037870407,0.039659857749938965,-0.6950038075447083,-0.05916032940149307,0.048418596386909485,-0.5508899688720703,0.008899930864572525,0.264331191778183,-0.6363400220870972,-0.06851666420698166,0.25045162439346313,-0.8650275468826294,-0.11157044023275375,0.18046747148036957,-0.6921501159667969,-0.058456290513277054,0.17190036177635193,-0.571050226688385,0.0005329358391463757
A,0.0,0.0,0.0,-0.24900773167610168,-0.17707766592502594,-0.023754412308335304,-0.3877800703048706,-0.46352311968803406,-0.030563168227672577,-0.3808383643627167,-0.7306457161903381,-0.05686429888010025,-0.2672059237957001,-0.8609378337860107,-0.06709657609462738,-0.1907818764448166,-0.7532868981361389,0.07437438517808914,-0.20895718038082123,-1.0,-0.03622583672404289,-0.22789764404296875,-0.7667005062103271,-0.09905987232923508,-0.2178797572851181,-0.6134088039398193,-0.12062370032072067,-0.0460980050265789,-0.750908613204956,0.04491725191473961,-0.06673058867454529,-0.9961554408073425,-0.056226834654808044,-0.09717512130737305,-0.7071360945701599,-0.07121633738279343,-0.07345602661371231,-0.5788799524307251,-0.04839649423956871,0.10581931471824646,-0.7182053923606873,-0.0068548559211194515,0.09073243290185928,-0.9689161777496338,-0.10411856323480606,0.036338627338409424,-0.6892044544219971,-0.05349570885300636,0.048748139292001724,-0.543828547000885,0.014475492760539055,0.2667529284954071,-0.6407088041305542,-0.06469425559043884,0.2513892948627472,-0.8669120073318481,-0.10742367804050446,0.18013475835323334,-0.693435788154602,-0.054430171847343445,0.1718187928199768,-0.5726231932640076,0.0043207998387515545
A,0.0,0.0,0.0,-0.24557001888751984,-0.16640426218509674,-0.02708491124212742,-0.39053261280059814,-0.4549552798271179,-0.033035535365343094,-0.39004063606262207,-0.7257707715034485,-0.05781962350010872,-0.2758868336677551,-0.8603482246398926,-0.06493034213781357,-0.1930769681930542,-0.7554675340652466,0.07673379778862,-0.21943461894989014,-0.9996041059494019,-0.036436598747968674,-0.23567019402980804,-0.7608873248100281,-0.10065050423145294,-0.22112953662872314,-0.6105667948722839,-0.12290740013122559,-0.05093489587306976,-0.7546865344047546,0.04935278370976448,-0.08143623918294907,-1.0,-0.05391605943441391,-0.1105009987950325,-0.7070959210395813,-0.06894883513450623,-0.081187404692173,-0.58267742395401,-0.04518746957182884,0.10125434398651123,-0.7251657843589783,-0.001522583537735045,0.07965204119682312,-0.981515109539032,-0.1014188900589943,0.021883435547351837,-0.6969642043113708,-0.051648709923028946,0.036624085158109665,-0.5531030893325806,0.017272641882300377,0.2628074586391449,-0.6521192193031311,-0.05886984243988991,0.2431046962738037,-0.8725633025169373,-0.10424073785543442,0.16733720898628235,-0.6972246170043945,-0.05456376075744629,0.15844738483428955,-0.5781823396682739,0.002966043073683977
A,0.0,0.0,0.0,-0.2535482347011566,-0.17566491663455963,-0.017744313925504684,-0.39546701312065125,-0.45847460627555847,-0.019629348069429398,-0.390800803899765,-0.7299964427947998,-0.04246387630701065,-0.27747082710266113,-0.8662904500961304,-0.047931913286447525,-0.19990654289722443,-0.7423279285430908,0.08907067030668259,-0.2237188071012497,-0.997543215751648,-0.01902926154434681,-0.23993472754955292,-0.7656526565551758,-0.08146233856678009,-0.22486452758312225,-0.6128793954849243,-0.10250718891620636,-0.06050873547792435,-0.7440593242645264,0.05909944325685501,-0.08818348497152328,-1.0,-0.040295086801052094,-0.11467798799276352,-0.7148582935333252,-0.057175956666469574,-0.08526767045259476,-0.5857197642326355,-0.03512495756149292,0.08918356150388718,-0.7194634079933167,0.00671053770929575,0.06921329349279404,-0.9818177819252014,-0.0861649215221405,0.014665646478533745,-0.7088174819946289,-0.03747101128101349,0.030827363952994347,-0.5608407855033875,0.029434684664011,0.24893057346343994,-0.6522135734558105,-0.05168980360031128,0.230829656124115,-0.88217693567276,-0.08901163935661316,0.15984734892845154,-0.7172550559043884,-0.037594351917505264,0.15501363575458527,-0.5967935919761658,0.01979741081595421
A,0.0,0.0,0.0,-0.2627379298210144,-0.15741656720638275,-0.01772572472691536,-0.41361525654792786,-0.43486288189888,-0.016459668055176735,-0.4162444472312927,-0.7024381160736084,-0.03465798497200012,-0.30797460675239563,-0.8317351937294006,-0.034909386187791824,-0.22880257666110992,-0.7370855212211609,0.08307946473360062,-0.25459420680999756,-0.985662579536438,-0.022512339055538177,-0.2656536400318146,-0.7519544959068298,-0.08133409172296524,-0.2495163530111313,-0.602599024772644,-0.1010819599032402,-0.08544258773326874,-0.7460855841636658,0.054826777428388596,-0.11880649626255035,-1.0,-0.041542354971170425,-0.1372271627187729,-0.7106840014457703,-0.053924571722745895,-0.10378316044807434,-0.5882886052131653,-0.03023284301161766,0.07054263353347778,-0.7284407019615173,0.004664164036512375,0.04683929309248924,-0.9915654063224792,-0.08822274208068848,-0.0002746323589235544,-0.7109953165054321,-0.039203912019729614,0.019693169742822647,-0.5676618218421936,0.02688167430460453,0.23693926632404327,-0.668731153011322,-0.051012564450502396,0.21524791419506073,-0.885112464427948,-0.0929480567574501,0.14431998133659363,-0.7133738994598389,-0.045360587537288666,0.1378456950187683,-0.5958001613616943,0.009504279121756554
A,0.0,0.0,0.0,-0.2587546408176422,-0.1492258906364441,-0.025323575362563133,-0.41716545820236206,-0.4258705973625183,-0.028483862057328224,-0.4251261353492737,-0.701486349105835,-0.049921225756406784,-0.3150410056114197,-0.8444408178329468,-0.0528186671435833,-0.2347884327173233,-0.7368806004524231,0.08554182201623917,-0.2693432569503784,-0.9743090271949768,-0.019738687202334404,-0.27769720554351807,-0.742091178894043,-0.07968233525753021,-0.2572938799858093,-0.5945850014686584,-0.10073652118444443,-0.09437993913888931,-0.7518222332000732,0.05862845107913017,-0.13584135472774506,-1.0,-0.040473729372024536,-0.14822587370872498,-0.7095028758049011,-0.055616240948438644,-0.10938864946365356,-0.5864447951316833,-0.03224219009280205,0.057652562856674194,-0.7371203303337097,0.008790310472249985,0.026622269302606583,-0.9924172759056091,-0.08668676763772964,-0.012857875786721706,-0.7128349542617798,-0.038685522973537445,0.013283006846904755,-0.5732101798057556,0.028027063235640526,0.22335034608840942,-0.6798240542411804,-0.04731467366218567,0.19309155642986298,-0.8920187950134277,-0.08938009291887283,0.129041388630867,-0.7182482481002808,-0.04109909012913704,0.12960661947727203,-0.6039862632751465,0.014758409932255745
A,0.0,0.0,0.0,-0.2604826092720032,-0.14720115065574646,-0.026747871190309525,-0.4237874448299408,-0.4215688109397888,-0.030007071793079376,-0.4321928918361664,-0.6988711357116699,-0.05144583806395531,-0.3205192983150482,-0.8428709506988525,-0.054219651967287064,-0.24166573584079742,-0.729332447052002,0.08543430268764496,-0.28028106689453125,-0.9683428406715393,-0.021285299211740494,-0.2808355987071991,-0.7326979041099548,-0.08200917392969131,-0.2570146322250366,-0.5873509645462036,-0.10372110456228256,-0.09964647889137268,-0.7479667067527771,0.05826937034726143,-0.1446802169084549,-1.0,-0.043516047298908234,-0.15013550221920013,-0.7074519395828247,-0.06006404384970665,-0.11062183231115341,-0.5861543416976929,-0.037070728838443756,0.05227361619472504,-0.7377029657363892,0.007847695611417294,0.018590619787573814,-0.992228627204895,-0.08973472565412521,-0.016536390408873558,-0.7098348140716553,-0.04164416715502739,0.009979026392102242,-0.5728749632835388,0.025773877277970314,0.21839018166065216,-0.6855550408363342,-0.0490470789372921,0.18307305872440338,-0.8952484726905823,-0.09066226333379745,0.12231610715389252,-0.718048632144928,-0.04123346507549286,0.12444236129522324,-0.605740487575531,0.01526770181953907
A,0.0,0.0,0.0,-0.2610393166542053,-0.1355385184288025,-0.028160765767097473,-0.432766318321228,-0.41532546281814575,-0.02986081875860691,-0.44511809945106506,-0.694490909576416,-0.04835464805364609,-0.33310407400131226,-0.8349801301956177,-0.04775024577975273,-0.25137969851493835,-0.7295646071434021,0.08132881671190262,-0.2902939021587372,-0.9687618613243103,-0.02163628675043583,-0.28618866205215454,-0.7319493293762207,-0.07989246398210526,-0.26220449805259705,-0.5836125612258911,-0.10076367855072021,-0.1090027317404747,-0.7508506178855896,0.05559980869293213,-0.15524305403232574,-1.0,-0.04374706745147705,-0.15577498078346252,-0.7087158560752869,-0.059170279651880264,-0.1184234619140625,-0.5829545259475708,-0.03586043044924736,0.04186737537384033,-0.7428922057151794,0.007171630393713713,0.0060732304118573666,-0.9932748675346375,-0.08833659440279007,-0.02478431537747383,-0.7133697867393494,-0.04136280342936516,-0.0012195520102977753,-0.5739141702651978,0.02444220520555973,0.20622800290584564,-0.6934027671813965,-0.04770943149924278,0.1687317192554474,-0.8958265781402588,-0.09021805226802826,0.11152475327253342,-0.7184621095657349,-0.04298495128750801,0.11164660006761551,-0.6055010557174683,0.011650996282696724
A,0.0,0.0,0.0,-0.2645512521266937,-0.13323968648910522,-0.027812646701931953,-0.4438771903514862,-0.40678825974464417,-0.028731852769851685,-0.4637920558452606,-0.6846048831939697,-0.045842330902814865,-0.3509899079799652,-0.8139470219612122,-0.043947380036115646,-0.2656121551990509,-0.728742241859436,0.08211629092693329,-0.3046800196170807,-0.9657757878303528,-0.017035270109772682,-0.2977426052093506,-0.7303131222724915,-0.07492820173501968,-0.2746034264564514,-0.5799463391304016,-0.09647731482982635,-0.12270931899547577,-0.7526012063026428,0.05753103271126747,-0.1685423105955124,-1.0,-0.03883703425526619,-0.16549450159072876,-0.7080260515213013,-0.05553418770432472,-0.13200411200523376,-0.5765971541404724,-0.03386389836668968,0.02743184007704258,-0.7473093271255493,0.010969022288918495,-0.007152565289288759,-0.996570348739624,-0.08207850158214569,-0.0345616489648819,-0.7140911221504211,-0.03758811205625534,-0.01593528501689434,-0.5653209090232849,0.02616870030760765,0.19016620516777039,-0.6993933916091919,-0.04183875396847725,0.1586470603942871,-0.8993853330612183,-0.08415449410676956,0.1005159318447113,-0.7182956337928772,-0.038875460624694824,0.09220293909311295,-0.5993000864982605,0.014263467863202095
A,0.0,0.0,0.0,-0.2649429738521576,-0.12610162794589996,-0.036518968641757965,-0.453022301197052,-0.39078468084335327,-0.046906597912311554,-0.48429054021835327,-0.6698638796806335,-0.0720924586057663,-0.3808329701423645,-0.8132114410400391,-0.07845646142959595,-0.2846023738384247,-0.7290176153182983,0.06957773119211197,-0.3212965130805969,-0.9621980786323547,-0.03425873443484306,-0.310382217168808,-0.7292495965957642,-0.09594440460205078,-0.28820422291755676,-0.5736935138702393,-0.12025963515043259,-0.1398552805185318,-0.7583286166191101,0.044427886605262756,-0.18494251370429993,-1.0,-0.05824197828769684,-0.1780490130186081,-0.7116561532020569,-0.07926773279905319,-0.14841458201408386,-0.5771867036819458,-0.06019408628344536,0.011090051382780075,-0.7542142271995544,-0.0029821640346199274,-0.021462326869368553,-0.9923486113548279,-0.10232622176408768,-0.043770261108875275,-0.7143111824989319,-0.0605858713388443,-0.030490096658468246,-0.5681081414222717,0.0016782460734248161,0.17318841814994812,-0.7066654562950134,-0.05699422210454941,0.14217057824134827,-0.886789858341217,-0.10352662950754166,0.08966314792633057,-0.7064018845558167,-0.059298161417245865,0.07977098226547241,-0.5943783521652222,-0.006904815789312124
A,0.0,0.0,0.0,-0.2716573178768158,-0.12505294382572174,-0.03231436014175415,-0.46395525336265564,-0.37993016839027405,-0.041449714452028275,-0.5082377791404724,-0.6563218235969543,-0.06681330502033234,-0.40654832124710083,-0.7829831838607788,-0.07330802083015442,-0.3012567460536957,-0.717074453830719,0.07467427849769592,-0.3385286331176758,-0.961836040019989,-0.029292302206158638,-0.32071709632873535,-0.723942220211029,-0.08944045752286911,-0.29811596870422363,-0.5660637021064758,-0.11209912598133087,-0.15388253331184387,-0.7493143081665039,0.04765527322888374,-0.20143772661685944,-1.0,-0.056511081755161285,-0.18572179973125458,-0.705898106098175,-0.07710126042366028,-0.15520188212394714,-0.5722765922546387,-0.05687643215060234,0.0005604978650808334,-0.7496961355209351,-0.001415088539943099,-0.03389872610569,-0.9966819286346436,-0.10222819447517395,-0.049558356404304504,-0.7126536965370178,-0.05947447940707207,-0.036750271916389465,-0.5662356615066528,0.004451706539839506,0.165038600564003,-0.7059219479560852,-0.05647095665335655,0.13589835166931152,-0.8943929076194763,-0.10099663585424423,0.08807697147130966,-0.7102549076080322,-0.0543217658996582,0.0787530317902565,-0.5988951921463013,-0.00037452884134836495
A,0.0,0.0,0.0,-0.27567774057388306,-0.12428833544254303,-0.03267880901694298,-0.4786635935306549,-0.37540531158447266,-0.04070495069026947,-0.5264889001846313,-0.6567184329032898,-0.06446660310029984,-0.4172576069831848,-0.783378541469574,-0.06904327124357224,-0.3190074861049652,-0.7189952731132507,0.07922708988189697,-0.3586958348751068,-0.9562923908233643,-0.02309734933078289,-0.33878394961357117,-0.71504807472229,-0.08126835525035858,-0.31560078263282776,-0.5653505921363831,-0.10349082201719284,-0.16833171248435974,-0.75555819272995,0.05253603681921959,-0.2199951708316803,-1.0,-0.05042950436472893,-0.20138493180274963,-0.6994640827178955,-0.06805770844221115,-0.16815099120140076,-0.5743095278739929,-0.045623648911714554,-0.012727010995149612,-0.758560836315155,0.00337575888261199,-0.049516335129737854,-0.9918591976165771,-0.09891542047262192,-0.06150556728243828,-0.6988336443901062,-0.05300277844071388,-0.04579026997089386,-0.561189591884613,0.0137471379712224,0.15409114956855774,-0.7155261635780334,-0.05172496289014816,0.12024182081222534,-0.9018044471740723,-0.09606092423200607,0.07768865674734116,-0.705722987651825,-0.04541689157485962,0.07297544926404953,-0.5974786877632141,0.011654662899672985
A,0.0,0.0,0.0,-0.28737542033195496,-0.12553608417510986,-0.02495863102376461,-0.49654364585876465,-0.3778870701789856,-0.028127072378993034,-0.5458766222000122,-0.6566107869148254,-0.048637907952070236,-0.43179407715797424,-0.7650613188743591,-0.05045172944664955,-0.33391159772872925,-0.7149390578269958,0.08801805973052979,-0.3787243366241455,-0.9583706855773926,-0.014836880378425121,-0.3599485754966736,-0.7150556445121765,-0.07412592321634293,-0.3352601230144501,-0.5668798089027405,-0.09671316295862198,-0.18284650146961212,-0.7505188584327698,0.05859600752592087,-0.2368188053369522,-1.0,-0.04270324483513832,-0.21951892971992493,-0.6974766254425049,-0.06000613793730736,-0.18191742897033691,-0.577215313911438,-0.03723558411002159,-0.026694728061556816,-0.7530186176300049,0.007017816416919231,-0.06490395218133926,-0.9939792156219482,-0.09096519649028778,-0.0769127681851387,-0.6980937719345093,-0.04225749522447586,-0.05336896330118179,-0.564354658126831,0.026074673980474472,0.14144782721996307,-0.7102912664413452,-0.050339117646217346,0.10623212903738022,-0.9078759551048279,-0.08759770542383194,0.06981027871370316,-0.7151569724082947,-0.032655905932188034,0.07829161733388901,-0.614747941493988,0.026565542444586754
A,0.0,0.0,0.0,-0.2859102189540863,-0.12111199647188187,-0.02351049892604351,-0.5000830888748169,-0.3673356771469116,-0.026295287534594536,-0.5626623630523682,-0.6459352970123291,-0.045833293348550797,-0.4563305079936981,-0.7412678599357605,-0.0469285286962986,-0.3437580168247223,-0.7125348448753357,0.08858761936426163,-0.39130157232284546,-0.9545630812644958,-0.012026110664010048,-0.3684151768684387,-0.7169561982154846,-0.07134166359901428,-0.3437415659427643,-0.5641550421714783,-0.09442595392465591,-0.19070103764533997,-0.7506369352340698,0.05864398926496506,-0.2495984435081482,-1.0,-0.03823505714535713,-0.22525687515735626,-0.7020507454872131,-0.05448126792907715,-0.1892431527376175,-0.5767313838005066,-0.03252961114048958,-0.03377328813076019,-0.753376305103302,0.007017573807388544,-0.07621850073337555,-0.9956401586532593,-0.08730708062648773,-0.0809277817606926,-0.7041017413139343,-0.037820104509592056,-0.0577583983540535,-0.5681688785552979,0.029379088431596756,0.13699933886528015,-0.7086144089698792,-0.05016104131937027,0.09783101826906204,-0.9071649312973022,-0.08539533615112305,0.06349919736385345,-0.7099146246910095,-0.028731418773531914,0.0678618997335434,-0.6041488647460938,0.030574172735214233
A,0.0,0.0,0.0,-0.28842416405677795,-0.12887035310268402,-0.02004537545144558,-0.5000815391540527,-0.3708857595920563,-0.023300640285015106,-0.5617265105247498,-0.6545091867446899,-0.04524920880794525,-0.4531489908695221,-0.7675877809524536,-0.04961130768060684,-0.33901679515838623,-0.7177096009254456,0.09592185914516449,-0.3843332529067993,-0.967631459236145,-0.006385947111994028,-0.36360588669776917,-0.7266098856925964,-0.06815281510353088,-0.33737125992774963,-0.5743193030357361,-0.09236172586679459,-0.18367348611354828,-0.7540925741195679,0.06337438523769379,-0.237548828125,-1.0,-0.03420319780707359,-0.21922332048416138,-0.7050232887268066,-0.054103344678878784,-0.1863197535276413,-0.585027277469635,-0.03518860414624214,-0.026802558451890945,-0.7557589411735535,0.008879328146576881,-0.0694216936826706,-0.9940632581710815,-0.0851500928401947,-0.0783834382891655,-0.7038499712944031,-0.035259492695331573,-0.055141884833574295,-0.5741855502128601,0.03187292069196701,0.14587467908859253,-0.70950847864151,-0.05103318393230438,0.09974641352891922,-0.9143165946006775,-0.08334717899560928,0.06451896578073502,-0.7123511433601379,-0.022625653073191643,0.07070376724004745,-0.6050658822059631,0.039216555655002594
A,0.0,0.0,0.0,-0.2915742099285126,-0.11593971401453018,-0.02577877789735794,-0.5130112171173096,-0.3609318435192108,-0.03176603093743324,-0.576106071472168,-0.6523630619049072,-0.05520528182387352,-0.46497851610183716,-0.7610424757003784,-0.0605512410402298,-0.34941598773002625,-0.7117853164672852,0.08463039249181747,-0.3912290036678314,-0.9715513586997986,-0.01925434172153473,-0.37653282284736633,-0.726449191570282,-0.0795830488204956,-0.355207622051239,-0.5750626921653748,-0.10301901400089264,-0.19137445092201233,-0.7472666501998901,0.05361514165997505,-0.24406717717647552,-1.0,-0.04541591554880142,-0.23093096911907196,-0.7016401290893555,-0.06283685564994812,-0.1971627175807953,-0.5838302373886108,-0.04227859899401665,-0.03256508708000183,-0.7495952844619751,0.0004328825161792338,-0.0735384076833725,-0.996540367603302,-0.09601069241762161,-0.08545578271150589,-0.703903079032898,-0.04529689624905586,-0.061497170478105545,-0.5738076567649841,0.02245342545211315,0.14012816548347473,-0.7057542204856873,-0.05861819162964821,0.10039352625608444,-0.9170013070106506,-0.09474919736385345,0.0624375082552433,-0.714897871017456,-0.03553544729948044,0.06765367835760117,-0.6040205359458923,0.025614973157644272
A,0.0,0.0,0.0,-0.29335394501686096,-0.13116572797298431,-0.02404843084514141,-0.5144344568252563,-0.3693949580192566,-0.029751576483249664,-0.5694361329078674,-0.6735152006149292,-0.05362384393811226,-0.4509705603122711,-0.8218936920166016,-0.05773060396313667,-0.35588762164115906,-0.7181010246276855,0.09075881540775299,-0.39184337854385376,-0.9831945896148682,-0.0136029701679945,-0.37183308601379395,-0.7382495403289795,-0.07476644963026047,-0.35623064637184143,-0.5986617803573608,-0.09903617203235626,-0.1937982141971588,-0.7513611912727356,0.06027268245816231,-0.24083955585956573,-1.0,-0.0368967242538929,-0.2265262007713318,-0.7051339149475098,-0.05697457119822502,-0.2049199342727661,-0.6007443070411682,-0.04063437134027481,-0.032001007348299026,-0.7549775838851929,0.007536802440881729,-0.07281407713890076,-0.9953041672706604,-0.08957468718290329,-0.08343411982059479,-0.7030916213989258,-0.039581723511219025,-0.06472193449735641,-0.5796235203742981,0.027284065261483192,0.144022598862648,-0.7153265476226807,-0.05048634484410286,0.09357789158821106,-0.9300038814544678,-0.0856083333492279,0.059390030801296234,-0.7281128168106079,-0.024200327694416046,0.06765834242105484,-0.6167088150978088,0.03882106766104698
A,0.0,0.0,0.0,-0.29598259925842285,-0.12846775352954865,-0.02584173157811165,-0.5130016803741455,-0.3703705668449402,-0.030583998188376427,-0.5628969669342041,-0.6774779558181763,-0.053021546453237534,-0.4422571063041687,-0.8305219411849976,-0.05563357472419739,-0.3548223674297333,-0.7132964134216309,0.09417696297168732,-0.38467225432395935,-0.9785763025283813,-0.009848212823271751,-0.366812527179718,-0.7380818128585815,-0.07189444452524185,-0.3517603874206543,-0.5903206467628479,-0.09597771614789963,-0.1920478194952011,-0.7491718530654907,0.06568298488855362,-0.2317926585674286,-1.0,-0.03294824808835983,-0.2193126380443573,-0.7027031779289246,-0.05507213994860649,-0.2001221925020218,-0.5877169966697693,-0.038953881710767746,-0.030737217515707016,-0.7526180148124695,0.01477415394037962,-0.06359133869409561,-0.9973270297050476,-0.0836900845170021,-0.07489585876464844,-0.7020900845527649,-0.03480024263262749,-0.05872006714344025,-0.5683156847953796,0.03249174356460571,0.14561425149440765,-0.7114055752754211,-0.041476063430309296,0.10468828678131104,-0.9264723062515259,-0.07822342216968536,0.07016486674547195,-0.7242521047592163,-0.018139490857720375,0.07414881885051727,-0.6114827990531921,0.04466089978814125
A,0.0,0.0,0.0,-0.2895406484603882,-0.12621697783470154,-0.02348298951983452,-0.5024439096450806,-0.3660147488117218,-0.021470367908477783,-0.5537469983100891,-0.6659432053565979,-0.036296285688877106,-0.4382324814796448,-0.8006793856620789,-0.031184518709778786,-0.34933239221572876,-0.7093548774719238,0.108036108314991,-0.3782239556312561,-0.9601345062255859,0.011881249025464058,-0.3593597710132599,-0.7226422429084778,-0.046079304069280624,-0.3400776982307434,-0.5744624733924866,-0.06888175010681152,-0.18823190033435822,-0.746638298034668,0.07998049259185791,-0.2322470098733902,-1.0,-0.015154100954532623,-0.21766528487205505,-0.699113130569458,-0.03590160235762596,-0.19253505766391754,-0.5760375261306763,-0.01721135340631008,-0.02983141504228115,-0.7456841468811035,0.02927972748875618,-0.0619240328669548,-0.984711766242981,-0.06690335273742676,-0.07329946756362915,-0.6901757121086121,-0.01836373656988144,-0.055655524134635925,-0.5556032657623291,0.049525853246450424,0.1463102549314499,-0.6977691650390625,-0.026659758761525154,0.10680296272039413,-0.9043222069740295,-0.06244581565260887,0.07063472270965576,-0.7010177373886108,-0.003795625874772668,0.07139360159635544,-0.5909068584442139,0.05785650759935379
A,0.0,0.0,0.0,-0.29386988282203674,-0.13257679343223572,-0.025478249415755272,-0.5064403414726257,-0.3617612421512604,-0.027928117662668228,-0.5623904466629028,-0.6628322601318359,-0.048452407121658325,-0.4408656358718872,-0.7998573780059814,-0.048100315034389496,-0.34899279475212097,-0.7106150388717651,0.10937213152647018,-0.3785936236381531,-0.9679511189460754,0.006694957613945007,-0.3634139597415924,-0.7248823642730713,-0.05566521733999252,-0.3457435369491577,-0.5772867202758789,-0.08036300539970398,-0.18693149089813232,-0.7428656816482544,0.08141754567623138,-0.22929461300373077,-1.0,-0.018797989934682846,-0.2177991420030594,-0.6946933269500732,-0.04125941917300224,-0.19478732347488403,-0.5731889605522156,-0.02333144098520279,-0.027875451371073723,-0.7415358424186707,0.029767870903015137,-0.05827982351183891,-0.9843164682388306,-0.06944184005260468,-0.07162754237651825,-0.6855350732803345,-0.019502855837345123,-0.05379515513777733,-0.5482239127159119,0.05051133409142494,0.1493849903345108,-0.6942034959793091,-0.027717076241970062,0.11407246440649033,-0.9102480411529541,-0.062495503574609756,0.07396559417247772,-0.7076992392539978,-0.002379658864811063,0.07206994295120239,-0.5940651297569275,0.060756292194128036
A,0.0,0.0,0.0,-0.27880164980888367,-0.12470588088035583,-0.034916557371616364,-0.49694693088531494,-0.37572214007377625,-0.04307644069194794,-0.5568206310272217,-0.6678190231323242,-0.06523487716913223,-0.43527233600616455,-0.7725635170936584,-0.0676768347620964,-0.3329561948776245,-0.7223495841026306,0.07313738018274307,-0.36661288142204285,-0.9749473929405212,-0.029292112216353416,-0.356891930103302,-0.7307152152061462,-0.08738969266414642,-0.33961620926856995,-0.5907491445541382,-0.11139261722564697,-0.17516431212425232,-0.7508336901664734,0.04744204133749008,-0.21983720362186432,-1.0,-0.05421490967273712,-0.2173781394958496,-0.6992372870445251,-0.07125779986381531,-0.1973130702972412,-0.5857863426208496,-0.05120217800140381,-0.020576775074005127,-0.7431519031524658,-0.0005653933039866388,-0.053401317447423935,-0.9836942553520203,-0.10177918523550034,-0.07135947793722153,-0.6878637671470642,-0.05218879505991936,-0.05607374384999275,-0.5568364262580872,0.01553365308791399,0.14943718910217285,-0.6924399733543396,-0.05485577508807182,0.11419975757598877,-0.9026051163673401,-0.09728992730379105,0.07366937398910522,-0.6978349685668945,-0.04268258064985275,0.07190833985805511,-0.5833339691162109,0.015699060633778572
A,0.0,0.0,0.0,-0.28976625204086304,-0.12730050086975098,-0.04843245819211006,-0.5228708982467651,-0.3749867081642151,-0.06639434397220612,-0.584139883518219,-0.6716307401657104,-0.09676253795623779,-0.45693662762641907,-0.7881415486335754,-0.10617982596158981,-0.3535912036895752,-0.7279365062713623,0.05599024519324303,-0.38348549604415894,-0.9869920611381531,-0.054236188530921936,-0.3791017234325409,-0.7337546348571777,-0.11325904726982117,-0.370653361082077,-0.5985493659973145,-0.13664688169956207,-0.19130830466747284,-0.7528573870658875,0.0338907353579998,-0.2319459468126297,-1.0,-0.07612176239490509,-0.2347792387008667,-0.6972715258598328,-0.09267948567867279,-0.22169329226016998,-0.5909967422485352,-0.07105362415313721,-0.033181168138980865,-0.7484798431396484,-0.01223040372133255,-0.06421477347612381,-0.9808931946754456,-0.1222458928823471,-0.08253897726535797,-0.683921217918396,-0.07413947582244873,-0.07126173377037048,-0.5569108128547668,-0.0051520103588700294,0.1349104642868042,-0.7033883333206177,-0.06561680138111115,0.09998764097690582,-0.9101609587669373,-0.1129390150308609,0.06107281893491745,-0.7076539397239685,-0.05983668938279152,0.06004738807678223,-0.5932620763778687,-0.0010343919275328517
A,0.0,0.0,0.0,-0.286200612783432,-0.12460203468799591,-0.043622326105833054,-0.5221810936927795,-0.3743440806865692,-0.05703448876738548,-0.5927202701568604,-0.6661480665206909,-0.08357344567775726,-0.4734933078289032,-0.7718295454978943,-0.08987492322921753,-0.35030803084373474,-0.7242612242698669,0.057978566735982895,-0.38608965277671814,-0.9902066588401794,-0.05445175990462303,-0.38308432698249817,-0.7347246408462524,-0.11460762470960617,-0.3707486391067505,-0.6061061024665833,-0.13916082680225372,-0.1882164180278778,-0.7455066442489624,0.03290887176990509,-0.23269665241241455,-1.0,-0.077305369079113,-0.23921717703342438,-0.6960924863815308,-0.09220964461565018,-0.22194485366344452,-0.6002145409584045,-0.06998206675052643,-0.030695531517267227,-0.739602267742157,-0.01617378555238247,-0.06728895008563995,-0.9787746071815491,-0.12456706166267395,-0.08610542863607407,-0.6800770163536072,-0.07296841591596603,-0.06780458986759186,-0.564240574836731,-0.002889873692765832,0.13872618973255157,-0.697194516658783,-0.07253030687570572,0.09847392141819,-0.9062356352806091,-0.11638162285089493,0.06209861859679222,-0.6998803615570068,-0.05944213271141052,0.07034473866224289,-0.5920253992080688,0.0007372767431661487
A,0.0,0.0,0.0,-0.29093557596206665,-0.12148795276880264,-0.04780534654855728,-0.5307974219322205,-0.371342271566391,-0.06317353248596191,-0.601283848285675,-0.6701207160949707,-0.09071466326713562,-0.4824514091014862,-0.7829664945602417,-0.09625620394945145,-0.35500070452690125,-0.7360756993293762,0.055140770971775055,-0.38783156871795654,-0.9973431825637817,-0.06097607687115669,-0.3880729675292969,-0.7320452928543091,-0.12227293848991394,-0.37868982553482056,-0.6115026473999023,-0.1477659046649933,-0.18942393362522125,-0.7503880262374878,0.03164836764335632,-0.23361477255821228,-1.0,-0.08326871693134308,-0.24467146396636963,-0.6837371587753296,-0.09829707443714142,-0.2295438051223755,-0.5972015857696533,-0.07593934237957001,-0.030118197202682495,-0.7407262921333313,-0.016541561111807823,-0.06474721431732178,-0.9758672714233398,-0.1296115666627884,-0.08897428214550018,-0.6659461855888367,-0.07618498057126999,-0.07288887351751328,-0.5557758212089539,-0.004177127964794636,0.14074763655662537,-0.6983305215835571,-0.07228513062000275,0.10414376109838486,-0.9042397141456604,-0.1173684298992157,0.0644068717956543,-0.6911881566047668,-0.05900757014751434,0.06910081952810287,-0.5875759124755859,0.002538737142458558
A,0.0,0.0,0.0,-0.28410086035728455,-0.11204886436462402,-0.05720281973481178,-0.5329834818840027,-0.3706299662590027,-0.07114898413419724,-0.6052696108818054,-0.6726911067962646,-0.09438356012105942,-0.48519018292427063,-0.790708601474762,-0.09368810057640076,-0.3565542995929718,-0.743712842464447,0.05334269627928734,-0.38567182421684265,-1.0,-0.0625215545296669,-0.3856061100959778,-0.7297887206077576,-0.12037147581577301,-0.37749481201171875,-0.6252523064613342,-0.1439540535211563,-0.19043049216270447,-0.7557921409606934,0.03394453972578049,-0.23011858761310577,-0.9973945617675781,-0.08147925138473511,-0.2445702999830246,-0.6762139797210693,-0.09256382286548615,-0.23010243475437164,-0.6124432682991028,-0.0664217472076416,-0.032785963267087936,-0.7436816692352295,-0.012331756763160229,-0.0650305226445198,-0.9665694832801819,-0.12578082084655762,-0.0899086520075798,-0.6582776308059692,-0.0703229084610939,-0.07160530984401703,-0.5777180194854736,0.002784272190183401,0.13636109232902527,-0.7031416296958923,-0.06734864413738251,0.09893547743558884,-0.8965446949005127,-0.11016302555799484,0.06211807578802109,-0.6790456771850586,-0.04997480660676956,0.07367544621229172,-0.5912742614746094,0.012286949902772903
A,0.0,0.0,0.0,-0.2804350256919861,-0.11781460046768188,-0.05128716677427292,-0.5252853631973267,-0.37501659989356995,-0.06319800764322281,-0.5963498950004578,-0.6793217658996582,-0.08552463352680206,-0.47188472747802734,-0.7991275787353516,-0.08460582792758942,-0.3482733964920044,-0.7396659851074219,0.05827230215072632,-0.3762628734111786,-1.0,-0.05465769022703171,-0.38064518570899963,-0.7338988780975342,-0.11044497787952423,-0.3732534945011139,-0.6284947991371155,-0.13290520012378693,-0.18207064270973206,-0.7492506504058838,0.03711260110139847,-0.22225607931613922,-0.9866487383842468,-0.07364312559366226,-0.2409292757511139,-0.6721853017807007,-0.08322632312774658,-0.22621917724609375,-0.6123618483543396,-0.05746718868613243,-0.024860909208655357,-0.7339150309562683,-0.010346799157559872,-0.05906740576028824,-0.9518442749977112,-0.12056481093168259,-0.08709503710269928,-0.6511723399162292,-0.0655292496085167,-0.06824956834316254,-0.5767386555671692,0.00607881648465991,0.14591163396835327,-0.6894685626029968,-0.06576139479875565,0.10354002565145493,-0.8827049732208252,-0.10649117827415466,0.06498108804225922,-0.6695399284362793,-0.045777689665555954,0.07903306186199188,-0.5844391584396362,0.016180509701371193
A,0.0,0.0,0.0,-0.2794683873653412,-0.11017666012048721,-0.05293799191713333,-0.5225191712379456,-0.3686349093914032,-0.06763224303722382,-0.6006031036376953,-0.6707632541656494,-0.09255128353834152,-0.4888441860675812,-0.8071478009223938,-0.09437770396471024,-0.350055456161499,-0.7348548769950867,0.0536017119884491,-0.37445133924484253,-1.0,-0.06148805841803551,-0.3775370121002197,-0.7394858002662659,-0.11754553765058517,-0.37007129192352295,-0.6267361640930176,-0.13895942270755768,-0.18546396493911743,-0.7442029714584351,0.03203129395842552,-0.2201310247182846,-0.9863276481628418,-0.08334018290042877,-0.23873338103294373,-0.6745355725288391,-0.0952177569270134,-0.227876678109169,-0.6080445647239685,-0.06975065171718597,-0.028716878965497017,-0.7259645462036133,-0.015408496372401714,-0.05679886043071747,-0.9388230443000793,-0.12951287627220154,-0.08464392274618149,-0.6415516138076782,-0.07543054968118668,-0.0710609033703804,-0.5658171772956848,-0.0036033925134688616,0.1392189860343933,-0.6780010461807251,-0.07054368406534195,0.10653440654277802,-0.8657421469688416,-0.11494477838277817,0.07067340612411499,-0.6571816205978394,-0.055378954857587814,0.08148211985826492,-0.5766674280166626,0.006412089336663485
A,0.0,0.0,0.0,-0.27853816747665405,-0.1126897856593132,-0.05673336610198021,-0.5211247801780701,-0.376568078994751,-0.0704868957400322,-0.5998983383178711,-0.6787450313568115,-0.09398280084133148,-0.48194852471351624,-0.8014051914215088,-0.09333634376525879,-0.3472505509853363,-0.7387753129005432,0.0550079382956028,-0.3719765245914459,-1.0,-0.061044249683618546,-0.37807154655456543,-0.7365294694900513,-0.11488468945026398,-0.37152448296546936,-0.6316927075386047,-0.13470320403575897,-0.18208245933055878,-0.7401831746101379,0.035014666616916656,-0.2146052122116089,-0.978272020816803,-0.08235107362270355,-0.23817582428455353,-0.6618307828903198,-0.09137830883264542,-0.22805018723011017,-0.6069397330284119,-0.06323158740997314,-0.026590950787067413,-0.7174752354621887,-0.012134875170886517,-0.05225393548607826,-0.9270899295806885,-0.12819311022758484,-0.08333715051412582,-0.6263251304626465,-0.07179468870162964,-0.0685187429189682,-0.5610982775688171,0.0022696403320878744,0.14031897485256195,-0.6684349179267883,-0.06763217598199844,0.10961073637008667,-0.8589401245117188,-0.1105804368853569,0.06933040916919708,-0.6458143591880798,-0.04907603934407234,0.08069533854722977,-0.5660189986228943,0.013963469304144382
A,0.0,0.0,0.0,-0.2750031352043152,-0.11572133004665375,-0.04894267022609711,-0.5157848000526428,-0.38085049390792847,-0.060463108122348785,-0.5966544151306152,-0.6801819801330566,-0.08297276496887207,-0.48477235436439514,-0.8265972137451172,-0.08209094405174255,-0.34014302492141724,-0.7321279644966125,0.05566367879509926,-0.3734416663646698,-1.0,-0.05646086111664772,-0.37641477584838867,-0.7406629323959351,-0.10776740312576294,-0.3655056059360504,-0.6319496631622314,-0.12636838853359222,-0.17553076148033142,-0.7350682020187378,0.032525401562452316,-0.21484212577342987,-0.9786921739578247,-0.07974859327077866,-0.23642265796661377,-0.6692188382148743,-0.08817465603351593,-0.22355003654956818,-0.6103793382644653,-0.061558421701192856,-0.019173134118318558,-0.7110937237739563,-0.01615111716091633,-0.052485257387161255,-0.9293168783187866,-0.12812021374702454,-0.08234819024801254,-0.63405841588974,-0.07126257568597794,-0.06605194509029388,-0.5677456259727478,0.0010362695902585983,0.1484619826078415,-0.6590385437011719,-0.07212341576814651,0.11002445220947266,-0.8512077331542969,-0.11541339010000229,0.06972158700227737,-0.6403758525848389,-0.0542486347258091,0.08264670521020889,-0.560196042060852,0.007827850058674812
A,0.0,0.0,0.0,-0.2809658348560333,-0.10879458487033844,-0.05525246635079384,-0.5217323899269104,-0.3720184862613678,-0.06953917443752289,-0.5990808606147766,-0.6768209934234619,-0.09414602816104889,-0.48912790417671204,-0.835434079170227,-0.09429461508989334,-0.3477465510368347,-0.7355143427848816,0.05959083139896393,-0.37829527258872986,-1.0,-0.05423494800925255,-0.3859652578830719,-0.7402878403663635,-0.10739985853433609,-0.3754955232143402,-0.6323082447052002,-0.12684690952301025,-0.182328999042511,-0.7398102879524231,0.03889806568622589,-0.22031952440738678,-0.9785157442092896,-0.07452207803726196,-0.24687401950359344,-0.6678074598312378,-0.08325584977865219,-0.23248893022537231,-0.6131489276885986,-0.05612432211637497,-0.02598961815237999,-0.7149032354354858,-0.008899581618607044,-0.05483865737915039,-0.9271764755249023,-0.1238124892115593,-0.08964554220438004,-0.630530059337616,-0.06742968410253525,-0.07157519459724426,-0.5671954154968262,0.0055335164070129395,0.14315012097358704,-0.6617875695228577,-0.06474649906158447,0.10770727694034576,-0.8456223607063293,-0.11088042706251144,0.06401067972183228,-0.6354724764823914,-0.0509045273065567,0.07719188928604126,-0.5576614141464233,0.011342659592628479
A,0.0,0.0,0.0,-0.28381237387657166,-0.10868778079748154,-0.05225703492760658,-0.5238938331604004,-0.3767908215522766,-0.06126953661441803,-0.6042577028274536,-0.6761091351509094,-0.0809863805770874,-0.5041775703430176,-0.8376220464706421,-0.07546161115169525,-0.3511713743209839,-0.7398008108139038,0.06814455986022949,-0.3816080391407013,-1.0,-0.05020071566104889,-0.3896002769470215,-0.7390263080596924,-0.10528645664453506,-0.3795391619205475,-0.6318617463111877,-0.12424179911613464,-0.18567727506160736,-0.7393622398376465,0.04672824218869209,-0.22263288497924805,-0.982620120048523,-0.07095203548669815,-0.2501992881298065,-0.6676971912384033,-0.08156953752040863,-0.2375352531671524,-0.6190763115882874,-0.054193973541259766,-0.029909586533904076,-0.7140640616416931,-0.002516381209716201,-0.05687790364027023,-0.9308837652206421,-0.12169612944126129,-0.09336431324481964,-0.627949059009552,-0.06605147570371628,-0.07665088027715683,-0.5699585676193237,0.007895066402852535,0.13818298280239105,-0.6643562316894531,-0.059550702571868896,0.1072908267378807,-0.8459959626197815,-0.10778150707483292,0.060985445976257324,-0.6296147108078003,-0.048415299504995346,0.07227854430675507,-0.5550814867019653,0.014311299659311771
A,0.0,0.0,0.0,-0.2857491374015808,-0.10313567519187927,-0.049168385565280914,-0.521090567111969,-0.37705814838409424,-0.06096804887056351,-0.6021089553833008,-0.6801586747169495,-0.0841919481754303,-0.5170188546180725,-0.8659509420394897,-0.08491669595241547,-0.35102400183677673,-0.7345592975616455,0.059369757771492004,-0.38160207867622375,-1.0,-0.06118929013609886,-0.3941527009010315,-0.7434807419776917,-0.11902680993080139,-0.38352057337760925,-0.6221445798873901,-0.13904066383838654,-0.1845427304506302,-0.7383911609649658,0.03470010682940483,-0.22323153913021088,-0.9898500442504883,-0.08227533102035522,-0.25414806604385376,-0.6751483082771301,-0.09394513815641403,-0.23790787160396576,-0.6103135347366333,-0.06775758415460587,-0.027087779715657234,-0.7133246064186096,-0.01638752780854702,-0.05659208819270134,-0.9363516569137573,-0.13566944003105164,-0.09441179782152176,-0.6324132084846497,-0.07919792085886002,-0.07521819323301315,-0.5637389421463013,-0.005248681642115116,0.14353320002555847,-0.6614946126937866,-0.07461093366146088,0.10913687944412231,-0.8464418053627014,-0.12504059076309204,0.06338075548410416,-0.6285793781280518,-0.06408914178609848,0.07612868398427963,-0.5472896695137024,-0.00026361492928117514
A,0.0,0.0,0.0,-0.2855946123600006,-0.09717375040054321,-0.048739928752183914,-0.519454300403595,-0.37603792548179626,-0.05897310748696327,-0.5997190475463867,-0.6831194758415222,-0.08066055923700333,-0.5280067324638367,-0.8810328841209412,-0.08000627905130386,-0.35160398483276367,-0.7293907999992371,0.059768736362457275,-0.3822868764400482,-1.0,-0.061377789825201035,-0.39202913641929626,-0.7449995875358582,-0.11757958680391312,-0.38043734431266785,-0.6228244304656982,-0.13548587262630463,-0.1866665482521057,-0.7333934307098389,0.03517552837729454,-0.22427119314670563,-0.9865179061889648,-0.08070529997348785,-0.25264039635658264,-0.6731119155883789,-0.0903077945113182,-0.23777902126312256,-0.6114112734794617,-0.06308170408010483,-0.029259709641337395,-0.7072548270225525,-0.016192734241485596,-0.05749872326850891,-0.9355299472808838,-0.13728126883506775,-0.09325838088989258,-0.6322613954544067,-0.08062753081321716,-0.07655259221792221,-0.563197910785675,-0.006477409973740578,0.14000694453716278,-0.6546093225479126,-0.07440920919179916,0.10971403867006302,-0.8443120718002319,-0.127909317612648,0.06626859307289124,-0.62596195936203,-0.06814184784889221,0.07838905602693558,-0.5418809056282043,-0.004920671693980694
A,0.0,0.0,0.0,-0.2899297773838043,-0.10325586050748825,-0.052363455295562744,-0.517631471157074,-0.3773919343948364,-0.06428887695074081,-0.5971406102180481,-0.6827287077903748,-0.08759993314743042,-0.5394554734230042,-0.892796516418457,-0.08777851611375809,-0.356865793466568,-0.7332822680473328,0.0677688792347908,-0.3879620432853699,-1.0,-0.0559343621134758,-0.39216065406799316,-0.7442213296890259,-0.11499764025211334,-0.3777977228164673,-0.6235052943229675,-0.13403630256652832,-0.1921376734972,-0.7355164885520935,0.043873466551303864,-0.22863392531871796,-0.9854190945625305,-0.0756683275103569,-0.25441011786460876,-0.672258734703064,-0.08981915563344955,-0.2415931522846222,-0.6128246188163757,-0.06450744718313217,-0.034981563687324524,-0.7080084681510925,-0.008099167607724667,-0.06133938580751419,-0.9308609366416931,-0.13340087234973907,-0.09624838829040527,-0.6259443163871765,-0.08019543439149857,-0.08156987279653549,-0.5597559809684753,-0.006807124242186546,0.13489417731761932,-0.6553977131843567,-0.06709767132997513,0.10445127636194229,-0.8384987115859985,-0.12253374606370926,0.06296448409557343,-0.61695396900177,-0.0639987662434578,0.0750703364610672,-0.5355935096740723,-0.0005772772128693759
A,0.0,0.0,0.0,-0.291328102350235,-0.09568677097558975,-0.05506698042154312,-0.5178763270378113,-0.37556466460227966,-0.07006683200597763,-0.5941797494888306,-0.6805458068847656,-0.09567657858133316,-0.5439459681510925,-0.8994717001914978,-0.09923993051052094,-0.35896405577659607,-0.7319133281707764,0.055258046835660934,-0.3917196989059448,-1.0,-0.07057101279497147,-0.40215176343917847,-0.7469903826713562,-0.13044510781764984,-0.387761652469635,-0.619377851486206,-0.14965516328811646,-0.19596470892429352,-0.7343335151672363,0.0304275956004858,-0.2322172224521637,-0.9923224449157715,-0.09056124091148376,-0.2647043466567993,-0.6809262633323669,-0.10550425201654434,-0.25078535079956055,-0.6156535148620605,-0.08103495836257935,-0.03967919573187828,-0.704472005367279,-0.02184697426855564,-0.06549254059791565,-0.9320604205131531,-0.1484469324350357,-0.10544481128454208,-0.6274845004081726,-0.09628074616193771,-0.0917670726776123,-0.5585711002349854,-0.02430819347500801,0.12929745018482208,-0.6494526267051697,-0.08126627653837204,0.1002839058637619,-0.8378326892852783,-0.13981899619102478,0.056188300251960754,-0.6145821213722229,-0.08244086802005768,0.06592275947332382,-0.5282171964645386,-0.020149877294898033
A,0.0,0.0,0.0,-0.2859901189804077,-0.09156311303377151,-0.05893620103597641,-0.509879469871521,-0.36921676993370056,-0.07726941257715225,-0.5875790119171143,-0.6772027015686035,-0.10507597029209137,-0.5451430082321167,-0.8997129201889038,-0.11044558137655258,-0.3665630519390106,-0.7296788096427917,0.04814755171537399,-0.3942320644855499,-1.0,-0.07812950015068054,-0.3990597426891327,-0.7485787868499756,-0.13869349658489227,-0.38487708568573,-0.6182585954666138,-0.15868352353572845,-0.20262768864631653,-0.7336599826812744,0.024159807711839676,-0.23383550345897675,-0.9949193596839905,-0.09625383466482162,-0.2612021267414093,-0.6849424242973328,-0.11122091859579086,-0.2520565986633301,-0.614987850189209,-0.08756840229034424,-0.04558856040239334,-0.7036620378494263,-0.02706654742360115,-0.06523174047470093,-0.9327118992805481,-0.15277427434921265,-0.10119326412677765,-0.6315017938613892,-0.10026521235704422,-0.09144804626703262,-0.5594809651374817,-0.028927365317940712,0.12367920577526093,-0.6474629044532776,-0.08584240823984146,0.10040626674890518,-0.8348263502120972,-0.14521381258964539,0.05968336760997772,-0.6147395968437195,-0.08845333755016327,0.0657721757888794,-0.5283238887786865,-0.02696959860622883
A,0.0,0.0,0.0,-0.27840325236320496,-0.09546902775764465,-0.055845219641923904,-0.4947222173213959,-0.3771483898162842,-0.07580657303333282,-0.5678536891937256,-0.6786652207374573,-0.10522644966840744,-0.5313405990600586,-0.9012700915336609,-0.11383689939975739,-0.3565991222858429,-0.7305557727813721,0.03621527552604675,-0.3868957757949829,-1.0,-0.0878613144159317,-0.3943231999874115,-0.7545797228813171,-0.1474456936120987,-0.3782406449317932,-0.6187246441841125,-0.16704264283180237,-0.19656910002231598,-0.732915461063385,0.01072376873344183,-0.2241576611995697,-0.9939632415771484,-0.1076914519071579,-0.2545633018016815,-0.6918773651123047,-0.12303231656551361,-0.2442193627357483,-0.6128445267677307,-0.10058287531137466,-0.04193372279405594,-0.6996850371360779,-0.0398133359849453,-0.061354443430900574,-0.9281423687934875,-0.16137532889842987,-0.1006368026137352,-0.6346219182014465,-0.1108202338218689,-0.09219148755073547,-0.5564915537834167,-0.042484790086746216,0.12332303822040558,-0.6406970024108887,-0.09732410311698914,0.09578699618577957,-0.829702615737915,-0.1560099869966507,0.05339280143380165,-0.6140793561935425,-0.10060510039329529,0.058684077113866806,-0.5249096155166626,-0.04066041111946106
A,0.0,0.0,0.0,-0.2827349901199341,-0.1103341281414032,-0.05076390132308006,-0.4918051064014435,-0.39005985856056213,-0.06997596472501755,-0.5607142448425293,-0.6849638223648071,-0.09976200759410858,-0.5235137343406677,-0.9048633575439453,-0.10865064710378647,-0.35080116987228394,-0.7347843647003174,0.0438477024435997,-0.3813789188861847,-1.0,-0.07801233232021332,-0.3883247673511505,-0.757128894329071,-0.13775239884853363,-0.3714398741722107,-0.6205365657806396,-0.15771616995334625,-0.1903744488954544,-0.7378028035163879,0.01669798418879509,-0.222570538520813,-0.9984067678451538,-0.09883330762386322,-0.25193843245506287,-0.6993524432182312,-0.1145176962018013,-0.23600997030735016,-0.6182780265808105,-0.09241607040166855,-0.03568510338664055,-0.7033024430274963,-0.035070523619651794,-0.05833204463124275,-0.930574893951416,-0.15283335745334625,-0.09849778562784195,-0.6407855153083801,-0.10155844688415527,-0.08303988724946976,-0.5615101456642151,-0.03281496837735176,0.13038691878318787,-0.6414095759391785,-0.09357676655054092,0.0955154076218605,-0.8173536658287048,-0.1477031409740448,0.05310019850730896,-0.6101165413856506,-0.09123102575540543,0.06512094289064407,-0.529532253742218,-0.030793750658631325
A,0.0,0.0,0.0,-0.2822909653186798,-0.11523158848285675,-0.05413660407066345,-0.48594143986701965,-0.39244410395622253,-0.0755547434091568,-0.5504986047744751,-0.6837347149848938,-0.10700885206460953,-0.5223812460899353,-0.9051138758659363,-0.11864524334669113,-0.34772568941116333,-0.7371565699577332,0.04074955731630325,-0.3794032335281372,-0.9916667342185974,-0.07966978847980499,-0.38470759987831116,-0.7592268586158752,-0.14125671982765198,-0.3653595447540283,-0.6219017505645752,-0.16312111914157867,-0.1890781670808792,-0.7389300465583801,0.014314288273453712,-0.2212463915348053,-1.0,-0.10191384702920914,-0.251044899225235,-0.7052002549171448,-0.12088393419981003,-0.2322797328233719,-0.6119222640991211,-0.1007692962884903,-0.0356147438287735,-0.7003852128982544,-0.036396708339452744,-0.05609576031565666,-0.9295907020568848,-0.157064750790596,-0.0994051992893219,-0.6405683755874634,-0.10985266417264938,-0.08287100493907928,-0.5479252338409424,-0.04256923869252205,0.12829916179180145,-0.6320895552635193,-0.09377729892730713,0.09207403659820557,-0.8044496774673462,-0.15266449749469757,0.046166498214006424,-0.6000739336013794,-0.09973833709955215,0.05578451603651047,-0.5138986706733704,-0.0407194085419178
A,0.0,0.0,0.0,-0.2836224436759949,-0.10860804468393326,-0.06299983710050583,-0.4869421124458313,-0.390238881111145,-0.08778499811887741,-0.5488097071647644,-0.6859463453292847,-0.12059403955936432,-0.525814414024353,-0.9131584167480469,-0.13416838645935059,-0.3481241762638092,-0.7340149283409119,0.02976737916469574,-0.3769509792327881,-0.9944436550140381,-0.09589193761348724,-0.38379693031311035,-0.7602412104606628,-0.15922658145427704,-0.3673591613769531,-0.620743989944458,-0.18135185539722443,-0.18982701003551483,-0.7330901026725769,0.005549341440200806,-0.2209344208240509,-1.0,-0.1175871267914772,-0.25330743193626404,-0.7047120928764343,-0.139994278550148,-0.23693332076072693,-0.611361026763916,-0.12074461579322815,-0.03662985935807228,-0.6942034959793091,-0.04364818334579468,-0.05759100615978241,-0.9253161549568176,-0.1712002158164978,-0.10231789201498032,-0.6326824426651001,-0.12791666388511658,-0.09025688469409943,-0.5416423082351685,-0.061888620257377625,0.12657713890075684,-0.6285444498062134,-0.09981036931276321,0.0884137824177742,-0.7916486263275146,-0.16512151062488556,0.04612259566783905,-0.5836477875709534,-0.11594602465629578,0.05753912776708603,-0.5011835098266602,-0.058553360402584076
A,0.0,0.0,0.0,-0.28092285990715027,-0.10956106334924698,-0.06051497906446457,-0.481900691986084,-0.39055079221725464,-0.0828123539686203,-0.542534589767456,-0.6865999698638916,-0.11327152699232101,-0.5259304046630859,-0.9128841757774353,-0.12452564388513565,-0.3529869616031647,-0.7296966910362244,0.03203442692756653,-0.3750428259372711,-0.9886537790298462,-0.09296324849128723,-0.37547630071640015,-0.7594909071922302,-0.1579136848449707,-0.36216309666633606,-0.621235191822052,-0.18183279037475586,-0.19693544507026672,-0.7293451428413391,0.006370184011757374,-0.22134387493133545,-1.0,-0.11604155600070953,-0.24843339622020721,-0.7089114189147949,-0.1417207270860672,-0.2402714490890503,-0.6107851266860962,-0.12605032324790955,-0.04414329677820206,-0.6915944814682007,-0.043595459312200546,-0.058219555765390396,-0.933080792427063,-0.17102281749248505,-0.10128501802682877,-0.6381227970123291,-0.13021518290042877,-0.09938910603523254,-0.5347046852111816,-0.06636381149291992,0.11799732595682144,-0.6253326535224915,-0.10021186619997025,0.0874965637922287,-0.7890638113021851,-0.16731829941272736,0.04554210230708122,-0.581807553768158,-0.12059101462364197,0.048317328095436096,-0.4947909712791443,-0.06502828001976013
A,0.0,0.0,0.0,-0.2826489210128784,-0.10193642973899841,-0.06933729350566864,-0.4807201027870178,-0.3850720524787903,-0.09333811700344086,-0.5383682250976562,-0.6832567453384399,-0.12321043014526367,-0.533277690410614,-0.9084336161613464,-0.13369201123714447,-0.36116287112236023,-0.7299540638923645,0.02470102719962597,-0.37602269649505615,-0.9849076271057129,-0.10438315570354462,-0.3787277936935425,-0.7526837587356567,-0.1706666350364685,-0.36672088503837585,-0.6135638952255249,-0.19481900334358215,-0.20417585968971252,-0.732170820236206,0.002661393955349922,-0.22502565383911133,-1.0,-0.12331470847129822,-0.25365662574768066,-0.7051856517791748,-0.1499015986919403,-0.24265983700752258,-0.6142697930335999,-0.13409791886806488,-0.05176088586449623,-0.6961325407028198,-0.044860322028398514,-0.05895132198929787,-0.9395388960838318,-0.17617389559745789,-0.10472173243761063,-0.6441126465797424,-0.1378914713859558,-0.10173238068819046,-0.551494300365448,-0.07531173527240753,0.10836362093687057,-0.632286012172699,-0.0997297391295433,0.08064725995063782,-0.7778662443161011,-0.16971078515052795,0.04049558937549591,-0.5726834535598755,-0.1265905201435089,0.04727150872349739,-0.5005236864089966,-0.0732431411743164
A,0.0,0.0,0.0,-0.2744266986846924,-0.10713987052440643,-0.06714081019163132,-0.4648827314376831,-0.38112035393714905,-0.09217531979084015,-0.5211474299430847,-0.669369637966156,-0.12322651594877243,-0.5261688828468323,-0.8909242749214172,-0.13656015694141388,-0.3542475998401642,-0.7179794311523438,0.024895604699850082,-0.3648132383823395,-0.9704559445381165,-0.10055068880319595,-0.37011033296585083,-0.7522668242454529,-0.16943912208080292,-0.3570016324520111,-0.6013012528419495,-0.1959066092967987,-0.20175424218177795,-0.727827250957489,0.0015611042035743594,-0.22351408004760742,-1.0,-0.12035112082958221,-0.2520359456539154,-0.7162224650382996,-0.1502452790737152,-0.2372194081544876,-0.6111648082733154,-0.1373140513896942,-0.05447518453001976,-0.6934892535209656,-0.046288494020700455,-0.06203895062208176,-0.9425432682037354,-0.16911807656288147,-0.1053532063961029,-0.6625417470932007,-0.13335587084293365,-0.09836508333683014,-0.5656507015228271,-0.07458997517824173,0.10003829002380371,-0.625415027141571,-0.10189444571733475,0.07526426762342453,-0.7613356113433838,-0.16719922423362732,0.035529617220163345,-0.5707764625549316,-0.12636318802833557,0.041791968047618866,-0.5052939057350159,-0.07600385695695877
A,0.0,0.0,0.0,-0.27321961522102356,-0.11288189142942429,-0.06600136309862137,-0.4616469740867615,-0.3825860917568207,-0.0904264748096466,-0.5146692991256714,-0.6667065024375916,-0.12065105885267258,-0.5200891494750977,-0.8840131163597107,-0.13338224589824677,-0.35069021582603455,-0.714092493057251,0.023333797231316566,-0.36233770847320557,-0.9622048735618591,-0.095780149102211,-0.3662532866001129,-0.746888279914856,-0.16073036193847656,-0.35022422671318054,-0.5977168083190918,-0.18641696870326996,-0.1970909982919693,-0.7263255715370178,-9.105916979024187e-05,-0.2204437553882599,-1.0,-0.1155790314078331,-0.24718700349330902,-0.716117262840271,-0.14229357242584229,-0.22896172106266022,-0.6094352602958679,-0.1291268765926361,-0.0493939109146595,-0.6901823282241821,-0.04727454483509064,-0.05854581668972969,-0.9505767822265625,-0.16419897973537445,-0.10368955880403519,-0.6754792332649231,-0.12707677483558655,-0.09384384751319885,-0.5746955275535583,-0.06962325423955917,0.10397257655858994,-0.6165411472320557,-0.10221564024686813,0.07185537368059158,-0.7474763989448547,-0.1657424122095108,0.02793881669640541,-0.5657638907432556,-0.1261952519416809,0.035724107176065445,-0.5021831393241882,-0.07790187746286392
A,0.0,0.0,0.0,-0.2719753086566925,-0.11194608360528946,-0.06845398992300034,-0.4603624641895294,-0.3818080723285675,-0.09508141875267029,-0.5150272250175476,-0.6665739417076111,-0.12725797295570374,-0.5191156268119812,-0.885366678237915,-0.14171497523784637,-0.34899789094924927,-0.7143436074256897,0.020209819078445435,-0.35882923007011414,-0.9641537070274353,-0.10075228661298752,-0.36487871408462524,-0.7504647970199585,-0.167070671916008,-0.3499867022037506,-0.5993045568466187,-0.1934131234884262,-0.19801224768161774,-0.7261174917221069,-0.002143093151971698,-0.22013744711875916,-1.0,-0.11913925409317017,-0.24884089827537537,-0.7154138684272766,-0.1467132419347763,-0.23115557432174683,-0.6076064109802246,-0.13376949727535248,-0.05117702856659889,-0.6908513903617859,-0.04837728664278984,-0.06124795973300934,-0.950299084186554,-0.1662614494562149,-0.10787966847419739,-0.6726810932159424,-0.12985791265964508,-0.09815402328968048,-0.5702487230300903,-0.07243139296770096,0.10191495716571808,-0.617616593837738,-0.10255543887615204,0.06868866831064224,-0.7450570464134216,-0.16714639961719513,0.021473897621035576,-0.5610358119010925,-0.12861229479312897,0.027421295642852783,-0.4950502812862396,-0.08051186054944992
A,0.0,0.0,0.0,-0.26943913102149963,-0.11626116186380386,-0.06237945333123207,-0.4565371870994568,-0.38856008648872375,-0.08741728216409683,-0.5087248682975769,-0.6712609529495239,-0.11938613653182983,-0.5120958089828491,-0.8911347389221191,-0.13504140079021454,-0.34580913186073303,-0.7124664187431335,0.019977452233433723,-0.35827571153640747,-0.9612780213356018,-0.09877496212720871,-0.3579908609390259,-0.7561483383178711,-0.1670512855052948,-0.3402095139026642,-0.6016970276832581,-0.19493316113948822,-0.1953890025615692,-0.7225680351257324,-0.004350897390395403,-0.21908871829509735,-1.0,-0.12128639221191406,-0.24010561406612396,-0.7238762974739075,-0.15352556109428406,-0.22115971148014069,-0.6000575423240662,-0.14413806796073914,-0.048345424234867096,-0.6870947480201721,-0.050499871373176575,-0.05770613253116608,-0.9531079530715942,-0.1686372011899948,-0.10073497891426086,-0.6747826933860779,-0.1357564628124237,-0.09480812400579453,-0.5502059459686279,-0.07981943339109421,0.1052393913269043,-0.6137092113494873,-0.10344217717647552,0.07756848633289337,-0.760496199131012,-0.16995367407798767,0.025245968252420425,-0.5744825601577759,-0.13249002397060394,0.01817535050213337,-0.4873304069042206,-0.08431082963943481
A,0.0,0.0,0.0,-0.2702442705631256,-0.11573179066181183,-0.0637701228260994,-0.45596620440483093,-0.38981130719184875,-0.08827484399080276,-0.5082322955131531,-0.6713742613792419,-0.11948803812265396,-0.5135632157325745,-0.89029860496521,-0.1343061625957489,-0.3481203019618988,-0.7179009318351746,0.02232537977397442,-0.35829082131385803,-0.9556156992912292,-0.09801172465085983,-0.3599890172481537,-0.7433934807777405,-0.1662655770778656,-0.34372466802597046,-0.5940927267074585,-0.1944352090358734,-0.19749397039413452,-0.7271841168403625,-0.0025364961475133896,-0.21596553921699524,-1.0,-0.12199528515338898,-0.2410898506641388,-0.7200576066970825,-0.15384988486766815,-0.22484451532363892,-0.605311393737793,-0.14380042254924774,-0.05111675336956978,-0.6901616454124451,-0.05026639252901077,-0.05163475126028061,-0.9436551928520203,-0.17210476100444794,-0.0994340032339096,-0.6645161509513855,-0.14075838029384613,-0.09778926521539688,-0.5517479777336121,-0.08572117239236832,0.10075201094150543,-0.6168262958526611,-0.10500883311033249,0.08092387020587921,-0.7577214241027832,-0.173248291015625,0.026635119691491127,-0.568203866481781,-0.13682787120342255,0.016295982524752617,-0.4845529794692993,-0.08972328901290894
A,0.0,0.0,0.0,-0.2693207263946533,-0.1197131797671318,-0.06221694126725197,-0.4572851061820984,-0.3879047930240631,-0.08623337745666504,-0.5091550350189209,-0.6661815643310547,-0.11769849807024002,-0.5154121518135071,-0.8863122463226318,-0.13233980536460876,-0.3510545492172241,-0.7181678414344788,0.02777498960494995,-0.36358559131622314,-0.956217885017395,-0.09102793037891388,-0.3601164221763611,-0.7476675510406494,-0.15967881679534912,-0.3419986069202423,-0.5963757634162903,-0.1875309944152832,-0.19861645996570587,-0.7282965183258057,0.0032844182569533587,-0.2197423279285431,-1.0,-0.11551619321107864,-0.23986603319644928,-0.7226245999336243,-0.14878076314926147,-0.22450187802314758,-0.6014204621315002,-0.13911472260951996,-0.05115956813097,-0.6919319033622742,-0.04393666982650757,-0.050972241908311844,-0.9438218474388123,-0.16542647778987885,-0.0962563008069992,-0.6664362549781799,-0.1355368196964264,-0.0969872921705246,-0.5455639958381653,-0.08042585849761963,0.10200227797031403,-0.6186814904212952,-0.09784480929374695,0.08864324539899826,-0.7741988301277161,-0.16534508764743805,0.032389216125011444,-0.5853750705718994,-0.12858636677265167,0.01494718249887228,-0.49131640791893005,-0.0806540921330452
A,0.0,0.0,0.0,-0.2697649300098419,-0.11540679633617401,-0.06379806250333786,-0.460117906332016,-0.3798748254776001,-0.08781000971794128,-0.5186537504196167,-0.6616607308387756,-0.11981302499771118,-0.5212396383285522,-0.8844623565673828,-0.13398829102516174,-0.3565201759338379,-0.7165032625198364,0.039658013731241226,-0.3732406795024872,-0.9589757919311523,-0.08005042374134064,-0.36783432960510254,-0.745964527130127,-0.15063217282295227,-0.3479655086994171,-0.5921706557273865,-0.17935125529766083,-0.20470936596393585,-0.7287856340408325,0.016463955864310265,-0.22714558243751526,-1.0,-0.10311954468488693,-0.24367348849773407,-0.7187039256095886,-0.1375451534986496,-0.22904761135578156,-0.597305953502655,-0.12796348333358765,-0.05783318728208542,-0.6978360414505005,-0.030934549868106842,-0.056316886097192764,-0.9515560269355774,-0.15339995920658112,-0.09885178506374359,-0.6702830195426941,-0.12328122556209564,-0.10304546356201172,-0.5471254587173462,-0.06747622042894363,0.09593073278665543,-0.6307060718536377,-0.08557362109422684,0.0874430388212204,-0.7940269708633423,-0.15397468209266663,0.033522315323352814,-0.5982921719551086,-0.11659453064203262,0.012824193574488163,-0.4969027042388916,-0.06773622334003448
A,0.0,0.0,0.0,-0.2721755802631378,-0.11390920728445053,-0.05515928566455841,-0.4586515724658966,-0.3773326575756073,-0.07662921398878098,-0.5106685161590576,-0.6590548157691956,-0.10781870782375336,-0.5132182836532593,-0.8815898299217224,-0.12288668751716614,-0.3539584279060364,-0.7117451429367065,0.04280336946249008,-0.37179166078567505,-0.955624520778656,-0.0718986988067627,-0.3666413724422455,-0.7479873895645142,-0.14197131991386414,-0.34413382411003113,-0.5849254727363586,-0.1705693155527115,-0.20141218602657318,-0.7270432710647583,0.01737956516444683,-0.22438812255859375,-1.0,-0.09587772935628891,-0.23934651911258698,-0.7230755686759949,-0.1300421953201294,-0.22150518000125885,-0.5861326456069946,-0.12164947390556335,-0.05295368283987045,-0.6981387734413147,-0.030470697209239006,-0.05321650579571724,-0.9608655571937561,-0.14664578437805176,-0.0947498232126236,-0.6819019913673401,-0.11654940247535706,-0.096822589635849,-0.542178750038147,-0.062200773507356644,0.10265516489744186,-0.6311991810798645,-0.0846727266907692,0.09307926148176193,-0.8079381585121155,-0.15050290524959564,0.0387178435921669,-0.6120366454124451,-0.1121942549943924,0.01683346927165985,-0.4963890016078949,-0.06316867470741272
A,0.0,0.0,0.0,-0.27665725350379944,-0.10874330252408981,-0.0566607266664505,-0.465676873922348,-0.3709273934364319,-0.07805068790912628,-0.5213486552238464,-0.6578747630119324,-0.10925070196390152,-0.523292064666748,-0.8834866285324097,-0.12317535281181335,-0.358545184135437,-0.71192467212677,0.04755992069840431,-0.3779480457305908,-0.9583274722099304,-0.06820600479841232,-0.36951473355293274,-0.7432108521461487,-0.13697530329227448,-0.345927894115448,-0.5861420631408691,-0.16439373791217804,-0.20635366439819336,-0.7286061644554138,0.0229265745729208,-0.2286311388015747,-1.0,-0.09107649326324463,-0.24234171211719513,-0.7168671488761902,-0.12392769753932953,-0.22572070360183716,-0.58966064453125,-0.11443264782428741,-0.05829053744673729,-0.7016782164573669,-0.02504602074623108,-0.05954878777265549,-0.9586107134819031,-0.1435525268316269,-0.09872974455356598,-0.6740409731864929,-0.11140412092208862,-0.0991785004734993,-0.5414144992828369,-0.0547550730407238,0.09683302044868469,-0.6381669044494629,-0.07959673553705215,0.08664528280496597,-0.8149808049201965,-0.14424476027488708,0.03461542725563049,-0.6154744029045105,-0.10358551144599915,0.015376991592347622,-0.5019581913948059,-0.05279063433408737
A,0.0,0.0,0.0,-0.2807157337665558,-0.10538459569215775,-0.05402492731809616,-0.4717860221862793,-0.36846813559532166,-0.07398698478937149,-0.5269134640693665,-0.6575831770896912,-0.10383670777082443,-0.5321770906448364,-0.8815186619758606,-0.11628469824790955,-0.36959177255630493,-0.7103402018547058,0.04750456660985947,-0.38221806287765503,-0.9595887064933777,-0.06782632321119308,-0.36898791790008545,-0.7430365681648254,-0.13612942397594452,-0.3460577130317688,-0.5836819410324097,-0.1625358909368515,-0.21420779824256897,-0.7290550470352173,0.022599048912525177,-0.23004716634750366,-1.0,-0.09264776855707169,-0.23858578503131866,-0.716069221496582,-0.12644018232822418,-0.22396232187747955,-0.58540278673172,-0.11672796308994293,-0.06476747244596481,-0.7062787413597107,-0.024844011291861534,-0.0615752749145031,-0.9528353810310364,-0.14419828355312347,-0.09479566663503647,-0.6697804927825928,-0.11241664737462997,-0.09473009407520294,-0.5358703136444092,-0.0551300123333931,0.09109055250883102,-0.6491427421569824,-0.07834517955780029,0.0833781436085701,-0.8258435130119324,-0.1414324939250946,0.03762400522828102,-0.6248196363449097,-0.09860087186098099,0.01992863602936268,-0.5094214081764221,-0.04588299244642258
A,0.0,0.0,0.0,-0.2772911787033081,-0.1083730012178421,-0.054733358323574066,-0.4708411991596222,-0.3704768717288971,-0.076512411236763,-0.5270609855651855,-0.6582003831863403,-0.10831933468580246,-0.52740079164505,-0.8840116262435913,-0.12326916307210922,-0.36548474431037903,-0.7141386270523071,0.045010533183813095,-0.37826240062713623,-0.9587336778640747,-0.0713886171579361,-0.36732029914855957,-0.7471690773963928,-0.1416032761335373,-0.3448352515697479,-0.5868737697601318,-0.16945044696331024,-0.20904912054538727,-0.7334168553352356,0.020295780152082443,-0.22482110559940338,-1.0,-0.09463343024253845,-0.23577407002449036,-0.7232044339179993,-0.12986813485622406,-0.2225303053855896,-0.591051459312439,-0.12186340242624283,-0.058349378407001495,-0.7115144729614258,-0.026830198243260384,-0.0568290613591671,-0.9543359279632568,-0.1451175957918167,-0.09194038063287735,-0.6769917011260986,-0.1150197759270668,-0.0920674279332161,-0.5420929193496704,-0.05963563919067383,0.09937866777181625,-0.6552659869194031,-0.07999825477600098,0.08567409217357635,-0.830140233039856,-0.14322340488433838,0.039531465619802475,-0.6321063041687012,-0.10141550749540329,0.023793624714016914,-0.5157829523086548,-0.04951527342200279
A,0.0,0.0,0.0,-0.2806667387485504,-0.10591945052146912,-0.053863074630498886,-0.4777814447879791,-0.36740025877952576,-0.0753815546631813,-0.5357837080955505,-0.6579614281654358,-0.10737694799900055,-0.5318011045455933,-0.8865618109703064,-0.12201816588640213,-0.3717057704925537,-0.7078130841255188,0.045829370617866516,-0.387073814868927,-0.9560394287109375,-0.06856069713830948,-0.37230226397514343,-0.7404587268829346,-0.13591499626636505,-0.34919390082359314,-0.5854633450508118,-0.16257967054843903,-0.21402080357074738,-0.727693498134613,0.020590392872691154,-0.23058505356311798,-1.0,-0.09285442531108856,-0.23820152878761292,-0.7176345586776733,-0.12499593943357468,-0.2238972932100296,-0.5870789885520935,-0.11508265137672424,-0.061743658035993576,-0.7069628238677979,-0.02712033875286579,-0.060206133872270584,-0.9541414380073547,-0.14560961723327637,-0.09150821715593338,-0.6719821095466614,-0.11273715645074844,-0.08971550315618515,-0.5372623801231384,-0.05511075630784035,0.0966319665312767,-0.650703489780426,-0.08080744743347168,0.08425445109605789,-0.8347107172012329,-0.1439049392938614,0.03826054185628891,-0.6355854272842407,-0.10066182911396027,0.022630630061030388,-0.5162259936332703,-0.047904059290885925
A,0.0,0.0,0.0,-0.28165197372436523,-0.09604087471961975,-0.05570031702518463,-0.48512548208236694,-0.3635872006416321,-0.0773923322558403,-0.5460172891616821,-0.6591368913650513,-0.10903300344944,-0.5399587750434875,-0.8887924551963806,-0.12313589453697205,-0.370431125164032,-0.7108962535858154,0.03910217434167862,-0.3863019645214081,-0.9637157917022705,-0.07627302408218384,-0.3750530779361725,-0.7420865893363953,-0.14191192388534546,-0.3536137044429779,-0.5848193168640137,-0.16726191341876984,-0.21249715983867645,-0.7304425835609436,0.01483048964291811,-0.230337455868721,-1.0,-0.09811067581176758,-0.23987996578216553,-0.714873731136322,-0.12713713943958282,-0.2256292849779129,-0.5897805690765381,-0.11606074124574661,-0.05967485159635544,-0.7093563079833984,-0.032138023525476456,-0.061502546072006226,-0.9566633701324463,-0.15125249326229095,-0.09309004247188568,-0.6730064749717712,-0.11731970310211182,-0.09094807505607605,-0.5413209795951843,-0.059980202466249466,0.09980731457471848,-0.6559301614761353,-0.08513586223125458,0.08635228872299194,-0.8426085710525513,-0.149631530046463,0.04052327945828438,-0.641592800617218,-0.10702281445264816,0.0252227745950222,-0.5204309225082397,-0.05516909807920456
A,0.0,0.0,0.0,-0.2776939868927002,-0.10001150518655777,-0.05620217323303223,-0.48527464270591736,-0.3686404824256897,-0.07852514833211899,-0.5500178933143616,-0.6639469265937805,-0.11037338525056839,-0.5380079746246338,-0.8927702903747559,-0.12375877052545547,-0.3736460506916046,-0.7128989100456238,0.039047326892614365,-0.38882845640182495,-0.9648188948631287,-0.076554074883461,-0.3715861737728119,-0.7436261773109436,-0.14144837856292725,-0.3517850637435913,-0.5957827568054199,-0.16683731973171234,-0.21443571150302887,-0.7322224974632263,0.014745795167982578,-0.23084741830825806,-1.0,-0.09878996759653091,-0.2367975264787674,-0.7149204015731812,-0.12667511403560638,-0.2287764996290207,-0.5965149998664856,-0.11487036943435669,-0.06074308231472969,-0.7127523422241211,-0.032529812306165695,-0.05854849889874458,-0.9567564725875854,-0.15225091576576233,-0.08807625621557236,-0.673838198184967,-0.11700307577848434,-0.09227980673313141,-0.5480412244796753,-0.058709319680929184,0.09835923463106155,-0.6600131988525391,-0.08589320629835129,0.08964851498603821,-0.8506470918655396,-0.1500677764415741,0.046511683613061905,-0.648945152759552,-0.10632035881280899,0.028626594692468643,-0.5297342538833618,-0.05379435047507286
A,0.0,0.0,0.0,-0.2795409560203552,-0.09287365525960922,-0.05895976349711418,-0.49227654933929443,-0.3584573566913605,-0.08210086077451706,-0.5602740049362183,-0.6581878066062927,-0.11388073861598969,-0.5394386649131775,-0.8880002498626709,-0.12640191614627838,-0.3752829134464264,-0.7142922282218933,0.0391835980117321,-0.3930801749229431,-0.9718268513679504,-0.0766046866774559,-0.3766535222530365,-0.7450841665267944,-0.1404915302991867,-0.35473790764808655,-0.5979471802711487,-0.1653594970703125,-0.21382129192352295,-0.7348206639289856,0.015954850241541862,-0.23146073520183563,-1.0,-0.09730037301778793,-0.23855677247047424,-0.7134402990341187,-0.12390671670436859,-0.22929339110851288,-0.6044299006462097,-0.11163020133972168,-0.05888184905052185,-0.7161609530448914,-0.030774977058172226,-0.056604571640491486,-0.9532826542854309,-0.15030339360237122,-0.08436726778745651,-0.6691981554031372,-0.11220934987068176,-0.08546413481235504,-0.5555548667907715,-0.05269038677215576,0.10199364274740219,-0.6645920276641846,-0.08396445214748383,0.09410794079303741,-0.8525902032852173,-0.14661850035190582,0.05664457008242607,-0.6482608914375305,-0.09980085492134094,0.04657818749547005,-0.5385989546775818,-0.04553923383355141
A,0.0,0.0,0.0,-0.2798722982406616,-0.09530996531248093,-0.0585872046649456,-0.495193749666214,-0.3633796274662018,-0.08166395872831345,-0.5651993751525879,-0.6628499031066895,-0.11335596442222595,-0.544053316116333,-0.8919566869735718,-0.1258685290813446,-0.37735551595687866,-0.7134119272232056,0.036806363612413406,-0.3987630307674408,-0.9712175726890564,-0.07966755330562592,-0.37600842118263245,-0.7426406145095825,-0.1429509073495865,-0.35252341628074646,-0.5998907089233398,-0.16725192964076996,-0.21440117061138153,-0.7344995141029358,0.012945576570928097,-0.23313678801059723,-1.0,-0.09993898123502731,-0.23596617579460144,-0.7110227942466736,-0.1250775307416916,-0.22772417962551117,-0.6030128002166748,-0.11199895292520523,-0.05784037709236145,-0.7172310948371887,-0.03436098247766495,-0.05830582231283188,-0.9563901424407959,-0.15327394008636475,-0.0823909267783165,-0.6698957681655884,-0.11312852799892426,-0.08411996066570282,-0.5555348992347717,-0.05246194824576378,0.10272336006164551,-0.6660169959068298,-0.08812490105628967,0.09181953221559525,-0.8540765643119812,-0.14976705610752106,0.05732106789946556,-0.6478222012519836,-0.10139250010251999,0.04879152774810791,-0.5373156070709229,-0.04627300798892975
A,0.0,0.0,0.0,-0.2778511941432953,-0.10479433834552765,-0.055849265307188034,-0.49263179302215576,-0.37210479378700256,-0.0775376632809639,-0.562993586063385,-0.6685976982116699,-0.10844603180885315,-0.537638783454895,-0.8961300849914551,-0.12020289897918701,-0.37394440174102783,-0.7221837639808655,0.042521677911281586,-0.39110028743743896,-0.9722118377685547,-0.07054288685321808,-0.37205150723457336,-0.7431516647338867,-0.13260917365550995,-0.3520740866661072,-0.606914758682251,-0.1574895828962326,-0.21079713106155396,-0.7403614521026611,0.01788792386651039,-0.22387900948524475,-1.0,-0.0936904102563858,-0.23069298267364502,-0.7103506922721863,-0.11904549598693848,-0.22617299854755402,-0.6056562662124634,-0.10683123022317886,-0.05482820048928261,-0.7210827469825745,-0.029897723346948624,-0.04808766394853592,-0.954753041267395,-0.14774595201015472,-0.07569782435894012,-0.6684273481369019,-0.10811083763837814,-0.08128838241100311,-0.5558416247367859,-0.048316191881895065,0.10454688966274261,-0.6677477955818176,-0.08390894532203674,0.101411834359169,-0.8589173555374146,-0.1446913629770279,0.06382002681493759,-0.6510744094848633,-0.09614473581314087,0.05019455775618553,-0.5395140051841736,-0.041286442428827286
A,0.0,0.0,0.0,-0.2787177860736847,-0.10659140348434448,-0.05861460044980049,-0.49389025568962097,-0.373116672039032,-0.08204002678394318,-0.5656096935272217,-0.6709234714508057,-0.11383992433547974,-0.5351793169975281,-0.8972344398498535,-0.12593263387680054,-0.3763865828514099,-0.7176573276519775,0.035749778151512146,-0.39368805289268494,-0.9726856350898743,-0.07668862491846085,-0.3706800043582916,-0.7448457479476929,-0.1371864229440689,-0.35154879093170166,-0.6101897358894348,-0.161754310131073,-0.2114383578300476,-0.7390939593315125,0.012596286833286285,-0.2262829691171646,-1.0,-0.09811579436063766,-0.22863295674324036,-0.7106577754020691,-0.12232363224029541,-0.22514133155345917,-0.6049653887748718,-0.11012592166662216,-0.05293210595846176,-0.7222915291786194,-0.03326726332306862,-0.048937730491161346,-0.9596675038337708,-0.15120819211006165,-0.07341821491718292,-0.6710885763168335,-0.11042434722185135,-0.07933035492897034,-0.5542493462562561,-0.050017163157463074,0.10816826671361923,-0.6691604256629944,-0.08533699065446854,0.09995151311159134,-0.8534374833106995,-0.14741702377796173,0.06457022577524185,-0.6480576992034912,-0.09955007582902908,0.051984015852212906,-0.5385195016860962,-0.04492458328604698
A,0.0,0.0,0.0,-0.2746508717536926,-0.10649941116571426,-0.05791801959276199,-0.49069395661354065,-0.3721920847892761,-0.08095543831586838,-0.5644152760505676,-0.6650274395942688,-0.11284369230270386,-0.5352601408958435,-0.8921170234680176,-0.12485469877719879,-0.37423446774482727,-0.7191562652587891,0.03996584191918373,-0.39536353945732117,-0.9731168150901794,-0.07361074537038803,-0.3728223741054535,-0.7449510097503662,-0.13501864671707153,-0.3510361313819885,-0.6072996258735657,-0.15945377945899963,-0.21057936549186707,-0.7393370866775513,0.0167081318795681,-0.22822512686252594,-1.0,-0.09579476714134216,-0.23161333799362183,-0.7101203799247742,-0.12089428305625916,-0.22706320881843567,-0.6033327579498291,-0.10805840790271759,-0.05282590538263321,-0.7206202745437622,-0.029688017442822456,-0.05208996310830116,-0.9555939435958862,-0.14858412742614746,-0.07936599850654602,-0.6677507758140564,-0.10859435051679611,-0.08556757867336273,-0.5517181754112244,-0.04783320426940918,0.10818807780742645,-0.6665416955947876,-0.08225784450769424,0.09591015428304672,-0.8525214791297913,-0.14421437680721283,0.05674467980861664,-0.6454868316650391,-0.09651496261358261,0.042468927800655365,-0.5338156819343567,-0.041666626930236816
A,0.0,0.0,0.0,-0.2730947434902191,-0.11176927387714386,-0.05741497501730919,-0.4890095293521881,-0.3789447247982025,-0.08037120848894119,-0.5642276406288147,-0.6695826053619385,-0.1127210408449173,-0.5348935723304749,-0.8951060771942139,-0.12595318257808685,-0.37327829003334045,-0.7231955528259277,0.039592575281858444,-0.3935526907444,-0.9721598029136658,-0.07590106874704361,-0.3705899715423584,-0.74739670753479,-0.13906796276569366,-0.350569486618042,-0.6100417375564575,-0.16441619396209717,-0.2093510627746582,-0.7422152161598206,0.015212968923151493,-0.22520874440670013,-1.0,-0.09999505430459976,-0.22864872217178345,-0.7097122669219971,-0.1265270859003067,-0.22711297869682312,-0.5991600751876831,-0.11384347081184387,-0.05130502209067345,-0.7237348556518555,-0.03228136524558067,-0.049340639263391495,-0.9548571705818176,-0.15409110486507416,-0.07566332072019577,-0.6654869914054871,-0.11528991162776947,-0.08434982597827911,-0.547256588935852,-0.05436970666050911,0.10982612520456314,-0.668719470500946,-0.08580154925584793,0.0991983637213707,-0.852471649646759,-0.15052223205566406,0.060743752866983414,-0.6443686485290527,-0.10342186689376831,0.04403179883956909,-0.531409502029419,-0.04824035242199898
A,0.0,0.0,0.0,-0.27562350034713745,-0.11014683544635773,-0.05876598134636879,-0.49121975898742676,-0.3756504952907562,-0.08276179432868958,-0.5654873251914978,-0.666969895362854,-0.11578348278999329,-0.5360881090164185,-0.8926404118537903,-0.12935785949230194,-0.3721294701099396,-0.7237646579742432,0.036787014454603195,-0.3946092426776886,-0.9745673537254333,-0.07896897196769714,-0.37449729442596436,-0.7476778030395508,-0.1413925439119339,-0.3532539904117584,-0.6073281168937683,-0.16602164506912231,-0.20790810883045197,-0.7416681051254272,0.013090534135699272,-0.22497281432151794,-1.0,-0.10233503580093384,-0.23019617795944214,-0.7076548933982849,-0.12781941890716553,-0.2252330482006073,-0.5967423319816589,-0.11430538445711136,-0.049529459327459335,-0.72032231092453,-0.03374621644616127,-0.048446718603372574,-0.9521751999855042,-0.1561584174633026,-0.07686532288789749,-0.6608971357345581,-0.11677224934101105,-0.08269710093736649,-0.5415679216384888,-0.05515356361865997,0.11203624308109283,-0.662660539150238,-0.08663049340248108,0.09992238134145737,-0.8448619246482849,-0.15174779295921326,0.05935359001159668,-0.6378746032714844,-0.10505616664886475,0.04466572776436806,-0.52686607837677,-0.050016481429338455
A,0.0,0.0,0.0,-0.27521729469299316,-0.10722683370113373,-0.06109272688627243,-0.49439048767089844,-0.374453067779541,-0.0852460190653801,-0.5717472434043884,-0.6682324409484863,-0.11800052225589752,-0.5406180620193481,-0.8953815698623657,-0.13039672374725342,-0.37644830346107483,-0.7240349054336548,0.03890136629343033,-0.39733394980430603,-0.9772588014602661,-0.07746892422437668,-0.3779640793800354,-0.7487952709197998,-0.1398678421974182,-0.3582817614078522,-0.6122993230819702,-0.16469956934452057,-0.21133464574813843,-0.7415898442268372,0.01678355224430561,-0.22726567089557648,-1.0,-0.09808847308158875,-0.23440523445606232,-0.705954372882843,-0.12202952057123184,-0.23153607547283173,-0.6017950177192688,-0.10791491717100143,-0.052484992891550064,-0.7205124497413635,-0.029375502839684486,-0.049398235976696014,-0.9552400708198547,-0.1515541970729828,-0.07998425513505936,-0.6642173528671265,-0.11122824251651764,-0.08744801580905914,-0.54933762550354,-0.04935876280069351,0.11018866300582886,-0.6644412875175476,-0.0820244774222374,0.10167930275201797,-0.8498618602752686,-0.14665384590625763,0.05956879258155823,-0.643460214138031,-0.1000376045703888,0.043456804007291794,-0.5336892604827881,-0.045303940773010254
A,0.0,0.0,0.0,-0.2784896194934845,-0.10446799546480179,-0.057358987629413605,-0.4956444501876831,-0.37507349252700806,-0.0786249116063118,-0.5701503157615662,-0.6713096499443054,-0.10956531763076782,-0.5413748025894165,-0.8982370495796204,-0.12081452459096909,-0.37703999876976013,-0.7256023287773132,0.043036505579948425,-0.39676809310913086,-0.9801086783409119,-0.07346329092979431,-0.37788257002830505,-0.7529190182685852,-0.13560204207897186,-0.35864701867103577,-0.6158492565155029,-0.1598563939332962,-0.2115202695131302,-0.7409540414810181,0.018894370645284653,-0.22632618248462677,-1.0,-0.0960007905960083,-0.23445996642112732,-0.7038058638572693,-0.11986542493104935,-0.23216885328292847,-0.6001255512237549,-0.10569757968187332,-0.0530981607735157,-0.7185418605804443,-0.029258346185088158,-0.047436799854040146,-0.9545875787734985,-0.15290620923042297,-0.07887482643127441,-0.6585051417350769,-0.11269835382699966,-0.08678437769412994,-0.5423508286476135,-0.050641972571611404,0.10928843915462494,-0.6616709232330322,-0.08358901739120483,0.10515139251947403,-0.8490601181983948,-0.1496298760175705,0.06424722820520401,-0.638312816619873,-0.10305722057819366,0.04876668006181717,-0.5275061130523682,-0.04827465862035751
A,0.0,0.0,0.0,-0.27711033821105957,-0.10112380981445312,-0.06202703341841698,-0.4977701008319855,-0.3748369514942169,-0.08295255154371262,-0.5792099833488464,-0.6743422150611877,-0.1125272810459137,-0.5487141609191895,-0.9004983901977539,-0.12110791355371475,-0.38388592004776,-0.725736677646637,0.0441119447350502,-0.3997901976108551,-0.9819707274436951,-0.07378622144460678,-0.37936702370643616,-0.7487266659736633,-0.1345902681350708,-0.362016499042511,-0.6199872493743896,-0.1583571881055832,-0.21834653615951538,-0.7405547499656677,0.022192969918251038,-0.22901754081249237,-1.0,-0.09589892625808716,-0.23611333966255188,-0.6986094117164612,-0.11850956082344055,-0.23687823116779327,-0.6070382595062256,-0.10275793075561523,-0.06028403714299202,-0.7197951674461365,-0.024952158331871033,-0.05151760205626488,-0.9522050023078918,-0.1511675864458084,-0.0827755555510521,-0.6545942425727844,-0.10994328558444977,-0.09320388734340668,-0.5514628291130066,-0.04696785658597946,0.10153000056743622,-0.6665448546409607,-0.07890845090150833,0.09991943091154099,-0.846466600894928,-0.1448485404253006,0.05949512869119644,-0.6331319808959961,-0.09833148866891861,0.04323789104819298,-0.5298548936843872,-0.043892256915569305
A,0.0,0.0,0.0,-0.2787203788757324,-0.10815539956092834,-0.0610739104449749,-0.4986525774002075,-0.37788310647010803,-0.08219387382268906,-0.5790908932685852,-0.6773789525032043,-0.11234565079212189,-0.5492700338363647,-0.9057973027229309,-0.12170004099607468,-0.382239431142807,-0.7327686548233032,0.04677656292915344,-0.3987244665622711,-0.9834622740745544,-0.07123973220586777,-0.37990039587020874,-0.7505359053611755,-0.13328692317008972,-0.361488938331604,-0.6229814291000366,-0.15823745727539062,-0.2153974324464798,-0.7458067536354065,0.02416428178548813,-0.2262846678495407,-1.0,-0.09345697611570358,-0.23518264293670654,-0.6989078521728516,-0.11693768203258514,-0.23450975120067596,-0.6085825562477112,-0.10257498174905777,-0.05664021521806717,-0.722206711769104,-0.023811347782611847,-0.04687828570604324,-0.951693058013916,-0.15057332813739777,-0.08101840317249298,-0.653256893157959,-0.11057253926992416,-0.09101780503988266,-0.5510042905807495,-0.04877399653196335,0.10609117150306702,-0.6657626628875732,-0.07839212566614151,0.10378836840391159,-0.8428095579147339,-0.1452515572309494,0.06154341623187065,-0.6282187104225159,-0.0994957908987999,0.045190442353487015,-0.5260621905326843,-0.04563387855887413
A,0.0,0.0,0.0,-0.2759605348110199,-0.11008350551128387,-0.060859180986881256,-0.4918537437915802,-0.3842293322086334,-0.08053360134363174,-0.571646511554718,-0.6798272728919983,-0.10977587848901749,-0.5474510192871094,-0.9090576767921448,-0.11829006671905518,-0.37490415573120117,-0.7336985468864441,0.05202813446521759,-0.39367133378982544,-0.9833325147628784,-0.0644369050860405,-0.3778488039970398,-0.7535414695739746,-0.12537722289562225,-0.3609577715396881,-0.6247702240943909,-0.14905865490436554,-0.20934508740901947,-0.7449215650558472,0.029935022816061974,-0.22288919985294342,-1.0,-0.08625860512256622,-0.2342618852853775,-0.7000135183334351,-0.10906989872455597,-0.23340216279029846,-0.6074392199516296,-0.09365136176347733,-0.05141466110944748,-0.7197469472885132,-0.017935924232006073,-0.04412117600440979,-0.9525957703590393,-0.14460760354995728,-0.08077146112918854,-0.6541634798049927,-0.10543707013130188,-0.09117770195007324,-0.5472390055656433,-0.04348902031779289,0.11124809086322784,-0.662635862827301,-0.07237143814563751,0.10795356333255768,-0.8457968235015869,-0.13976246118545532,0.061989299952983856,-0.6305677890777588,-0.09471993148326874,0.04356139898300171,-0.5227081179618835,-0.04095050320029259
A,0.0,0.0,0.0,-0.2829953730106354,-0.12098749727010727,-0.05532549321651459,-0.49354588985443115,-0.39096134901046753,-0.07369835674762726,-0.5688371062278748,-0.6835213303565979,-0.10335016995668411,-0.5521144270896912,-0.9131443500518799,-0.11250211298465729,-0.37252724170684814,-0.7362344861030579,0.058888450264930725,-0.39553582668304443,-0.9864736199378967,-0.05646873638033867,-0.3807946741580963,-0.7571334838867188,-0.11802397668361664,-0.3612455725669861,-0.6280969381332397,-0.14198841154575348,-0.20850451290607452,-0.7444940805435181,0.03400818258523941,-0.2253977507352829,-1.0,-0.0801830068230629,-0.23825962841510773,-0.7021239399909973,-0.10427167266607285,-0.23361735045909882,-0.6077912449836731,-0.09033997356891632,-0.05114084109663963,-0.7155573964118958,-0.016201691702008247,-0.048522159457206726,-0.9541565179824829,-0.14021354913711548,-0.08488903939723969,-0.6547800302505493,-0.1006881520152092,-0.09074553847312927,-0.5417547821998596,-0.03886061906814575,0.1115616038441658,-0.6543031930923462,-0.07272424548864365,0.1064707562327385,-0.8418269157409668,-0.13808372616767883,0.05794914439320564,-0.6287273168563843,-0.09242666512727737,0.04035668075084686,-0.5177525877952576,-0.03842096030712128
A,0.0,0.0,0.0,-0.28240084648132324,-0.11870179325342178,-0.06195773556828499,-0.48905110359191895,-0.3932511508464813,-0.08299358934164047,-0.5657339692115784,-0.6883402466773987,-0.11421863734722137,-0.5636351704597473,-0.922413170337677,-0.12483827024698257,-0.37187573313713074,-0.7456430196762085,0.054281365126371384,-0.3956298530101776,-0.9875566959381104,-0.06298709660768509,-0.38305309414863586,-0.7540760040283203,-0.12291911989450455,-0.36231690645217896,-0.6306555271148682,-0.14513325691223145,-0.20589035749435425,-0.750484824180603,0.03150030970573425,-0.22188451886177063,-1.0,-0.08292904496192932,-0.23700878024101257,-0.6942186951637268,-0.102619469165802,-0.22934259474277496,-0.6104167103767395,-0.08535334467887878,-0.04733912646770477,-0.717634916305542,-0.018053457140922546,-0.042974311858415604,-0.9546322822570801,-0.14516186714172363,-0.08218810707330704,-0.6505438685417175,-0.10359569638967514,-0.08580262959003448,-0.5464626550674438,-0.03990835323929787,0.11640583723783493,-0.6542072892189026,-0.074458546936512,0.11391660571098328,-0.8417532444000244,-0.1420927792787552,0.06261269003152847,-0.6238023042678833,-0.09627178311347961,0.04554189741611481,-0.5152012705802917,-0.04175281152129173
A,0.0,0.0,0.0,-0.2810252904891968,-0.11816711723804474,-0.06280122697353363,-0.48288434743881226,-0.39730024337768555,-0.08297770470380783,-0.5561038255691528,-0.6889021992683411,-0.11324694007635117,-0.5708469748497009,-0.9200794696807861,-0.12326814234256744,-0.3630583882331848,-0.7495806813240051,0.05050380900502205,-0.3967190384864807,-0.9883964657783508,-0.06712807714939117,-0.380922794342041,-0.7538612484931946,-0.12545090913772583,-0.35695120692253113,-0.6358165740966797,-0.14611375331878662,-0.19876514375209808,-0.7531424760818481,0.027044527232646942,-0.2212751805782318,-1.0,-0.08884938061237335,-0.23472976684570312,-0.6914429664611816,-0.1082211434841156,-0.22586286067962646,-0.6122274994850159,-0.08953920751810074,-0.04007687419652939,-0.7183548808097839,-0.023230671882629395,-0.04557281360030174,-0.9505549669265747,-0.15188801288604736,-0.08176804333925247,-0.6447919011116028,-0.11048759520053864,-0.08254104107618332,-0.5473724603652954,-0.04612506926059723,0.1234881803393364,-0.6541929841041565,-0.08041846752166748,0.11288675665855408,-0.8389491438865662,-0.1486947387456894,0.061687394976615906,-0.6208006739616394,-0.10278409719467163,0.046685993671417236,-0.5159457921981812,-0.04780828207731247
A,0.0,0.0,0.0,-0.2783098816871643,-0.1262342780828476,-0.06786692142486572,-0.4783548414707184,-0.4066018760204315,-0.08809005469083786,-0.5555621981620789,-0.6997624635696411,-0.1183604821562767,-0.5815747976303101,-0.9316213130950928,-0.1280220001935959,-0.362892746925354,-0.7507532835006714,0.05616426095366478,-0.4013570547103882,-0.9886721968650818,-0.06320111453533173,-0.3805955946445465,-0.7579863667488098,-0.12163029611110687,-0.3527923822402954,-0.6514211297035217,-0.14182505011558533,-0.19936004281044006,-0.7540662884712219,0.03456646949052811,-0.22287826240062714,-1.0,-0.08484714478254318,-0.23367168009281158,-0.6904059052467346,-0.10467945039272308,-0.22341372072696686,-0.6241759657859802,-0.0845789834856987,-0.041964489966630936,-0.7199122309684753,-0.015494998544454575,-0.04696648567914963,-0.9488077759742737,-0.14852429926395416,-0.08173000812530518,-0.64388507604599,-0.1072959452867508,-0.08107396215200424,-0.5588680505752563,-0.0412425696849823,0.11961939930915833,-0.6571083068847656,-0.07319273054599762,0.11111560463905334,-0.8394297361373901,-0.1436920464038849,0.06222590431571007,-0.6209120750427246,-0.097907654941082,0.05158819258213043,-0.5220549702644348,-0.042020201683044434
A,0.0,0.0,0.0,-0.28168293833732605,-0.12213675677776337,-0.07020983099937439,-0.48391100764274597,-0.40297776460647583,-0.09199041873216629,-0.5640851259231567,-0.7006159424781799,-0.12322411686182022,-0.5962256789207458,-0.9337373375892639,-0.13348908722400665,-0.3670918047428131,-0.7521035075187683,0.05321795493364334,-0.40625616908073425,-0.9951636791229248,-0.06607665866613388,-0.3889145255088806,-0.763651967048645,-0.12442123144865036,-0.3629310131072998,-0.6524881720542908,-0.14445436000823975,-0.2031615525484085,-0.7555744051933289,0.03346901386976242,-0.22712287306785583,-1.0,-0.08266730606555939,-0.2407439649105072,-0.6930426955223083,-0.10061325877904892,-0.23177118599414825,-0.6306384205818176,-0.080900177359581,-0.04601877182722092,-0.7210854291915894,-0.015013251453638077,-0.050923675298690796,-0.9536942839622498,-0.1450314223766327,-0.08748979866504669,-0.6519646048545837,-0.10283973067998886,-0.08681482821702957,-0.5661313533782959,-0.037989262491464615,0.11523617058992386,-0.6588624715805054,-0.07148666679859161,0.10611991584300995,-0.8378666639328003,-0.1406213790178299,0.055616799741983414,-0.620811402797699,-0.09510942548513412,0.04406626522541046,-0.5211849212646484,-0.04028448462486267
A,0.0,0.0,0.0,-0.28133314847946167,-0.12586261332035065,-0.06578819453716278,-0.482291579246521,-0.4089280068874359,-0.08474396169185638,-0.5644612908363342,-0.7035081386566162,-0.1146545335650444,-0.6006754636764526,-0.9366514086723328,-0.12421026080846786,-0.3664860129356384,-0.7511047720909119,0.05986116826534271,-0.4066483676433563,-0.9965181946754456,-0.058695774525403976,-0.3897235691547394,-0.7658857703208923,-0.11786201596260071,-0.363762766122818,-0.6482272744178772,-0.13795429468154907,-0.20258229970932007,-0.7552248239517212,0.038678091019392014,-0.22875522077083588,-1.0,-0.07665722817182541,-0.24166136980056763,-0.6932281851768494,-0.09555684030056,-0.2317815124988556,-0.6177217364311218,-0.07639161497354507,-0.04518106207251549,-0.7210189700126648,-0.011006169952452183,-0.05302346497774124,-0.9554156064987183,-0.13986842334270477,-0.08837053179740906,-0.6496619582176208,-0.09769951552152634,-0.08818324655294418,-0.5481494069099426,-0.03244727477431297,0.11694565415382385,-0.6579010486602783,-0.06832726299762726,0.10649412125349045,-0.8432059288024902,-0.13720732927322388,0.0544990710914135,-0.6243427395820618,-0.09180914610624313,0.03888578712940216,-0.5137603282928467,-0.036811888217926025
A,0.0,0.0,0.0,-0.27373650670051575,-0.1311364769935608,-0.06574568897485733,-0.4737134277820587,-0.41364026069641113,-0.08424117416143417,-0.5612356066703796,-0.7037531733512878,-0.1134314239025116,-0.6043930053710938,-0.9342169165611267,-0.12253844738006592,-0.35891300439834595,-0.7536133527755737,0.062076810747385025,-0.39998212456703186,-0.9955881834030151,-0.05300173908472061,-0.38813725113868713,-0.7719629406929016,-0.11016982048749924,-0.36503177881240845,-0.6639018654823303,-0.12987513840198517,-0.1974085420370102,-0.7565445303916931,0.041176166385412216,-0.22105512022972107,-1.0,-0.07149245589971542,-0.23950238525867462,-0.6994056105613708,-0.09002673625946045,-0.23196543753147125,-0.6355873346328735,-0.07114685326814651,-0.042159147560596466,-0.720897912979126,-0.008110673166811466,-0.04824202507734299,-0.9527302980422974,-0.13461704552173615,-0.0872509703040123,-0.6555768847465515,-0.09337587654590607,-0.08711226284503937,-0.5678258538246155,-0.029699167236685753,0.11745108664035797,-0.656619668006897,-0.06507167220115662,0.10729964077472687,-0.8418654203414917,-0.13221217691898346,0.05613303184509277,-0.6247255802154541,-0.08657807111740112,0.04519059881567955,-0.5214189291000366,-0.031953148543834686
A,0.0,0.0,0.0,-0.27348512411117554,-0.14119204878807068,-0.06218717247247696,-0.47174426913261414,-0.42370712757110596,-0.07885491847991943,-0.5587570667266846,-0.7141744494438171,-0.10650283843278885,-0.6087998151779175,-0.9434625506401062,-0.11480500549077988,-0.35379528999328613,-0.7538393139839172,0.06324773281812668,-0.39661887288093567,-0.9954894781112671,-0.04862138256430626,-0.3857393264770508,-0.778007447719574,-0.10618581622838974,-0.36123523116111755,-0.6722661256790161,-0.1272840052843094,-0.19236478209495544,-0.7570967674255371,0.04183545336127281,-0.21802900731563568,-1.0,-0.067894846200943,-0.23780831694602966,-0.7077507376670837,-0.0884326919913292,-0.22782102227210999,-0.641971230506897,-0.0722658783197403,-0.037955690175294876,-0.7207914590835571,-0.0068655675277113914,-0.045667871832847595,-0.9572957158088684,-0.12991417944431305,-0.08627794682979584,-0.66796875,-0.09020461142063141,-0.08416423201560974,-0.5778700709342957,-0.028585651889443398,0.12064074724912643,-0.6561528444290161,-0.06288972496986389,0.1066027507185936,-0.8421145081520081,-0.12763839960098267,0.0532635822892189,-0.631652295589447,-0.08221065253019333,0.042785923928022385,-0.5295680165290833,-0.028362853452563286
A,0.0,0.0,0.0,-0.27270475029945374,-0.13534773886203766,-0.06440792977809906,-0.47131186723709106,-0.42198270559310913,-0.08023235946893692,-0.5593065023422241,-0.7158445715904236,-0.10580312460660934,-0.6102402806282043,-0.9440810680389404,-0.11113886535167694,-0.36045220494270325,-0.7507997155189514,0.062178824096918106,-0.4002764821052551,-0.9936094284057617,-0.048713140189647675,-0.38176852464675903,-0.7687312364578247,-0.1042187288403511,-0.35636404156684875,-0.6658637523651123,-0.12386287748813629,-0.19814328849315643,-0.7559801340103149,0.042543888092041016,-0.22242678701877594,-1.0,-0.06871788948774338,-0.23526333272457123,-0.7037219405174255,-0.08911171555519104,-0.22631198167800903,-0.638078510761261,-0.07182078063488007,-0.04335193708539009,-0.7212139964103699,-0.004362945910543203,-0.0493224561214447,-0.9557406306266785,-0.128738135099411,-0.08351308107376099,-0.664646327495575,-0.08928374201059341,-0.083388552069664,-0.5771301984786987,-0.02709105797111988,0.11519579589366913,-0.6595954298973083,-0.058562982827425,0.10594021528959274,-0.8418878316879272,-0.12383866310119629,0.05721200257539749,-0.631660521030426,-0.07919421046972275,0.04501013085246086,-0.5335680842399597,-0.025624457746744156
A,0.0,0.0,0.0,-0.2717334032058716,-0.13666130602359772,-0.06910429149866104,-0.47369253635406494,-0.4255608916282654,-0.08685453236103058,-0.5638186931610107,-0.7203931212425232,-0.1138344407081604,-0.6164554953575134,-0.9506434798240662,-0.12013254314661026,-0.3607741892337799,-0.7592262625694275,0.057877834886312485,-0.39969855546951294,-0.9965193271636963,-0.05587952584028244,-0.3834834098815918,-0.7690544724464417,-0.11053042113780975,-0.3598768711090088,-0.6746143698692322,-0.1295265257358551,-0.19815196096897125,-0.7610068321228027,0.038944508880376816,-0.22097048163414001,-1.0,-0.07483457773923874,-0.23726807534694672,-0.6981884241104126,-0.09260633587837219,-0.22925464808940887,-0.6459641456604004,-0.07296951115131378,-0.042873311787843704,-0.7253605127334595,-0.008390865288674831,-0.04982127994298935,-0.9528535604476929,-0.13609275221824646,-0.0870758444070816,-0.6583511829376221,-0.09489714354276657,-0.08563355356454849,-0.5846886038780212,-0.030993206426501274,0.1157303899526596,-0.6649846434593201,-0.06358836591243744,0.10302562266588211,-0.8434627652168274,-0.13013163208961487,0.054067302495241165,-0.6306930780410767,-0.08443084359169006,0.04619433730840683,-0.5388375520706177,-0.029767200350761414
A,0.0,0.0,0.0,-0.2738402783870697,-0.14146949350833893,-0.06593239307403564,-0.4742784798145294,-0.4264601767063141,-0.08085561543703079,-0.5642080307006836,-0.7235429883003235,-0.10614848136901855,-0.6178228855133057,-0.9535070657730103,-0.11049140244722366,-0.35813993215560913,-0.7562673091888428,0.06994067877531052,-0.3990006744861603,-0.9972403049468994,-0.04084007441997528,-0.3834732472896576,-0.7706602215766907,-0.09563944488763809,-0.3589480519294739,-0.6730913519859314,-0.11496403068304062,-0.19724655151367188,-0.7582119703292847,0.05135289952158928,-0.22212442755699158,-1.0,-0.06071418896317482,-0.2397368997335434,-0.6982925534248352,-0.08095715194940567,-0.2316468060016632,-0.6418707370758057,-0.06298205256462097,-0.04433272406458855,-0.7222373485565186,0.004250410012900829,-0.05080682039260864,-0.9536930322647095,-0.12187738716602325,-0.09114963561296463,-0.6596447229385376,-0.08361651003360748,-0.09044749289751053,-0.5796436071395874,-0.02139381133019924,0.11348165571689606,-0.6612908840179443,-0.0504150353372097,0.1019110456109047,-0.8432896733283997,-0.11548182368278503,0.04940841346979141,-0.6329874992370605,-0.07156778126955032,0.0393165722489357,-0.5377432703971863,-0.01815982535481453
A,0.0,0.0,0.0,-0.270859956741333,-0.14030009508132935,-0.07002142816781998,-0.4716484546661377,-0.4233345687389374,-0.08720523864030838,-0.5640720129013062,-0.719861626625061,-0.11407104134559631,-0.6171102523803711,-0.9503648281097412,-0.11929281055927277,-0.3637049198150635,-0.7545958161354065,0.06714974343776703,-0.4023754298686981,-0.9959012866020203,-0.045548729598522186,-0.38203880190849304,-0.7678133249282837,-0.10063071548938751,-0.3573359251022339,-0.6708383560180664,-0.11974983662366867,-0.20238901674747467,-0.7570104002952576,0.0504707470536232,-0.2229810208082199,-1.0,-0.06405089050531387,-0.237675741314888,-0.6963792443275452,-0.08474091440439224,-0.23406238853931427,-0.6429685354232788,-0.0663803219795227,-0.04904657229781151,-0.7234541177749634,0.004902978427708149,-0.05150877311825752,-0.951558530330658,-0.12371063977479935,-0.08938965201377869,-0.6570569276809692,-0.08603750914335251,-0.09160736203193665,-0.5808336138725281,-0.023429159075021744,0.10916944593191147,-0.665727436542511,-0.04847833514213562,0.09984581917524338,-0.8440022468566895,-0.11476323753595352,0.049587432295084,-0.6352943778038025,-0.07145487517118454,0.03842493146657944,-0.5437607169151306,-0.018045591190457344
A,0.0,0.0,0.0,-0.2730538249015808,-0.1362130343914032,-0.07219484448432922,-0.4759695529937744,-0.4217692017555237,-0.08902480453252792,-0.5683906078338623,-0.7227287292480469,-0.11490987986326218,-0.621855616569519,-0.9532111287117004,-0.11859975755214691,-0.3698822557926178,-0.7532306909561157,0.06757237762212753,-0.4053453505039215,-0.9972741603851318,-0.047853194177150726,-0.3833830654621124,-0.7657685875892639,-0.10371182858943939,-0.3612963855266571,-0.6686822175979614,-0.12265787273645401,-0.20763197541236877,-0.7552897334098816,0.05108078196644783,-0.22740791738033295,-1.0,-0.06605683267116547,-0.24005059897899628,-0.6932297945022583,-0.08714068681001663,-0.23906835913658142,-0.6421924829483032,-0.06836462020874023,-0.053687114268541336,-0.7229235768318176,0.004970765206962824,-0.055236656218767166,-0.9490118026733398,-0.126045823097229,-0.09050054103136063,-0.6509889960289001,-0.08779769390821457,-0.09471290558576584,-0.579392671585083,-0.02434620074927807,0.10443735122680664,-0.6675201654434204,-0.04924900084733963,0.0971277728676796,-0.8418954014778137,-0.11737462133169174,0.05149117857217789,-0.6294118165969849,-0.07383894920349121,0.04171453416347504,-0.5404523015022278,-0.019843541085720062
A,0.0,0.0,0.0,-0.2727792263031006,-0.12996448576450348,-0.0706229954957962,-0.4737049639225006,-0.4180440604686737,-0.08726419508457184,-0.5628698468208313,-0.7186108231544495,-0.11274661123752594,-0.6178485751152039,-0.9483799934387207,-0.1162620261311531,-0.3729616403579712,-0.7531412243843079,0.06289227306842804,-0.40525856614112854,-0.9987424612045288,-0.05279894545674324,-0.386622816324234,-0.7666952610015869,-0.10849888622760773,-0.3663596510887146,-0.6644566059112549,-0.1270769238471985,-0.2104872614145279,-0.7565160393714905,0.04565761983394623,-0.22755686938762665,-1.0,-0.06957361102104187,-0.24135853350162506,-0.6957906484603882,-0.08937931060791016,-0.2404279112815857,-0.6430151462554932,-0.07075095921754837,-0.05610475316643715,-0.7243419289588928,-0.0006380919367074966,-0.055779796093702316,-0.9504567384719849,-0.12896764278411865,-0.0924018993973732,-0.6544469594955444,-0.09029543399810791,-0.09831960499286652,-0.5821163058280945,-0.028161020949482918,0.10211803019046783,-0.6683213710784912,-0.054958779364824295,0.09711814671754837,-0.8415018320083618,-0.12147749960422516,0.05048801377415657,-0.6295629739761353,-0.07783807814121246,0.039290521293878555,-0.5416973829269409,-0.02469213306903839
A,0.0,0.0,0.0,-0.2767583429813385,-0.12172766029834747,-0.07253411412239075,-0.4778059124946594,-0.41124239563941956,-0.08989986777305603,-0.5611342787742615,-0.7191959619522095,-0.11578623205423355,-0.6148073077201843,-0.9497910141944885,-0.11949880421161652,-0.3749271333217621,-0.7518413662910461,0.05924643948674202,-0.4052214026451111,-1.0,-0.0590827502310276,-0.3838067352771759,-0.7650048732757568,-0.11511874198913574,-0.3646506071090698,-0.6637582778930664,-0.13356344401836395,-0.21197210252285004,-0.7544510364532471,0.04173826426267624,-0.22794201970100403,-0.9978928565979004,-0.07458194345235825,-0.2396441102027893,-0.6887351870536804,-0.0931113213300705,-0.24132153391838074,-0.6404911279678345,-0.07399669289588928,-0.05740338936448097,-0.7226794362068176,-0.005355855915695429,-0.055928584188222885,-0.950857937335968,-0.13537932932376862,-0.09133435040712357,-0.6491269469261169,-0.09485341608524323,-0.0998850166797638,-0.5789181590080261,-0.031837426126003265,0.10122759640216827,-0.6678135991096497,-0.06081680580973625,0.09975439310073853,-0.8424487709999084,-0.12877249717712402,0.05440988391637802,-0.6272502541542053,-0.08462703973054886,0.041020467877388,-0.5390443205833435,-0.03130460903048515
A,0.0,0.0,0.0,-0.27419334650039673,-0.12466312199831009,-0.07494841516017914,-0.4755672216415405,-0.41526395082473755,-0.09162802249193192,-0.5614349246025085,-0.7228496074676514,-0.11644098162651062,-0.6151952743530273,-0.9533902406692505,-0.1182512491941452,-0.3732963502407074,-0.7534487843513489,0.06424888223409653,-0.4075125455856323,-0.9990004301071167,-0.0536993034183979,-0.38279736042022705,-0.7633535861968994,-0.10964049398899078,-0.36043551564216614,-0.6660457849502563,-0.12803268432617188,-0.21155166625976562,-0.7567366361618042,0.048477765172719955,-0.23030820488929749,-1.0,-0.06824814528226852,-0.2410435974597931,-0.6917650699615479,-0.08715955168008804,-0.2420218288898468,-0.648257851600647,-0.06753426045179367,-0.05767647549510002,-0.7240359783172607,0.0023634585086256266,-0.05831031873822212,-0.952331006526947,-0.12812559306621552,-0.09281038492918015,-0.6522979140281677,-0.0879453644156456,-0.09924053400754929,-0.5881094336509705,-0.024458052590489388,0.10068147629499435,-0.6688034534454346,-0.052450068295001984,0.09678271412849426,-0.84239262342453,-0.12097015976905823,0.05280028656125069,-0.6278873682022095,-0.07729971408843994,0.0431118868291378,-0.5441523194313049,-0.023779815062880516
A,0.0,0.0,0.0,-0.27530133724212646,-0.1310805380344391,-0.06917387247085571,-0.4736291766166687,-0.41679826378822327,-0.08478643000125885,-0.5592735409736633,-0.7228737473487854,-0.11001603305339813,-0.6116552948951721,-0.952373743057251,-0.1133623793721199,-0.3682308793067932,-0.7503782510757446,0.06827448308467865,-0.403449684381485,-0.9994484782218933,-0.04864664748311043,-0.379035085439682,-0.7669514417648315,-0.10569364577531815,-0.35555171966552734,-0.6659455895423889,-0.12489958852529526,-0.20677441358566284,-0.753679633140564,0.05020598694682121,-0.22743399441242218,-1.0,-0.0656202882528305,-0.2378184050321579,-0.6942598223686218,-0.0866834819316864,-0.23746439814567566,-0.644714891910553,-0.06919330358505249,-0.053099632263183594,-0.7210054397583008,0.002686328487470746,-0.05552279204130173,-0.9560824036598206,-0.12637563049793243,-0.08921023458242416,-0.6566764712333679,-0.08655280619859695,-0.09479919821023941,-0.5844041109085083,-0.023594681173563004,0.10456322133541107,-0.6641441583633423,-0.05296727642416954,0.09962394088506699,-0.8438867330551147,-0.11974462866783142,0.05603821575641632,-0.629982054233551,-0.07514642924070358,0.04711112007498741,-0.5414673089981079,-0.021339083090424538
A,0.0,0.0,0.0,-0.27425771951675415,-0.1296054720878601,-0.0737888514995575,-0.4736112952232361,-0.4152734875679016,-0.09269467741250992,-0.5584614276885986,-0.7242034077644348,-0.12034418433904648,-0.6108035445213318,-0.957001268863678,-0.12565936148166656,-0.3678027093410492,-0.7528663873672485,0.06313680857419968,-0.402165949344635,-0.9990114569664001,-0.054938022047281265,-0.37780019640922546,-0.7660077214241028,-0.11188443005084991,-0.3545396029949188,-0.6684833765029907,-0.13123729825019836,-0.2054002583026886,-0.7556218504905701,0.046678416430950165,-0.22491520643234253,-1.0,-0.07007898390293121,-0.23581907153129578,-0.6929451823234558,-0.09027627110481262,-0.23532386124134064,-0.6478499174118042,-0.07218864560127258,-0.05099545791745186,-0.7229104042053223,0.00039501622086390853,-0.05141783505678177,-0.9559996128082275,-0.12962552905082703,-0.08670853078365326,-0.6565060615539551,-0.0889957845211029,-0.0929265022277832,-0.5882620215415955,-0.02546529844403267,0.10687346011400223,-0.6667872071266174,-0.05443590134382248,0.10352540016174316,-0.8442969918251038,-0.12182626873254776,0.05875912308692932,-0.6312825083732605,-0.07719370722770691,0.049044471234083176,-0.5454990267753601,-0.023295089602470398
A,0.0,0.0,0.0,-0.27776557207107544,-0.12815865874290466,-0.075424425303936,-0.47965410351753235,-0.4121529459953308,-0.0951121523976326,-0.5666654109954834,-0.7218557000160217,-0.12342426180839539,-0.6188900470733643,-0.9567374587059021,-0.12910586595535278,-0.37168586254119873,-0.7528101801872253,0.06326894462108612,-0.4090924859046936,-0.9987626075744629,-0.05572190880775452,-0.38598111271858215,-0.7648325562477112,-0.11349935084581375,-0.3616613447666168,-0.6668460965156555,-0.13362284004688263,-0.20858515799045563,-0.7550362348556519,0.047086749225854874,-0.2316320389509201,-1.0,-0.07164749503135681,-0.24375778436660767,-0.6907089948654175,-0.09257205575704575,-0.24024096131324768,-0.6442531943321228,-0.07460855692625046,-0.05366469547152519,-0.7204911708831787,0.0006988095119595528,-0.055750876665115356,-0.9539153575897217,-0.13116951286792755,-0.09286078810691833,-0.6534630656242371,-0.09092822670936584,-0.0966281145811081,-0.5842428803443909,-0.02719721384346485,0.1060132309794426,-0.6626514196395874,-0.05440367013216019,0.10053734481334686,-0.8370549082756042,-0.12288420647382736,0.05208192020654678,-0.6239343285560608,-0.07904000580310822,0.04175611212849617,-0.5371780395507812,-0.02557598054409027
A,0.0,0.0,0.0,-0.2837561070919037,-0.12057321518659592,-0.07446558028459549,-0.486788809299469,-0.40994498133659363,-0.09171606600284576,-0.5729048848152161,-0.7262954711914062,-0.11790495365858078,-0.6273478865623474,-0.960757851600647,-0.12113478034734726,-0.37659239768981934,-0.7490231990814209,0.06675893813371658,-0.4139551520347595,-1.0,-0.05280396342277527,-0.3893384337425232,-0.760465681552887,-0.10890764743089676,-0.3637201189994812,-0.6649536490440369,-0.1275233030319214,-0.2121727615594864,-0.7514633536338806,0.050304945558309555,-0.23523519933223724,-0.998069167137146,-0.06773374229669571,-0.24679270386695862,-0.6849844455718994,-0.08642043173313141,-0.2415175884962082,-0.6484428644180298,-0.06709743291139603,-0.05614977702498436,-0.7188894152641296,0.0030283117666840553,-0.059637345373630524,-0.9538905620574951,-0.12940065562725067,-0.09641760587692261,-0.6499134302139282,-0.08748660981655121,-0.09787976741790771,-0.5899184942245483,-0.022885188460350037,0.10429220646619797,-0.6652415990829468,-0.05306755378842354,0.09881851077079773,-0.8366565704345703,-0.12146548926830292,0.0511358380317688,-0.6195269227027893,-0.07698357850313187,0.044230327010154724,-0.5367203950881958,-0.02330833673477173
A,0.0,0.0,0.0,-0.2783437669277191,-0.12111739814281464,-0.07603758573532104,-0.4819006323814392,-0.40974950790405273,-0.0940818265080452,-0.5687488913536072,-0.7239477038383484,-0.12049321085214615,-0.6200864315032959,-0.9583269953727722,-0.12382350862026215,-0.3724741041660309,-0.7531089186668396,0.06441505253314972,-0.40742284059524536,-1.0,-0.05558661371469498,-0.3831862211227417,-0.7588819861412048,-0.1117548793554306,-0.3594796657562256,-0.6641871333122253,-0.1305030882358551,-0.20794160664081573,-0.7551795840263367,0.04849782958626747,-0.22934368252754211,-0.999369740486145,-0.06921815127134323,-0.24155624210834503,-0.6848663091659546,-0.08703317493200302,-0.23888558149337769,-0.6497155427932739,-0.06729546189308167,-0.05122964084148407,-0.7214645147323608,0.0015536609571427107,-0.05461644381284714,-0.9548134803771973,-0.13073106110095978,-0.09132201224565506,-0.6498621106147766,-0.08841220289468765,-0.09416306018829346,-0.5914047956466675,-0.023813845589756966,0.1100369244813919,-0.6665332317352295,-0.05427863448858261,0.1051713228225708,-0.8383450508117676,-0.12312392890453339,0.05789290741086006,-0.6190387606620789,-0.07864654064178467,0.05053918808698654,-0.5374682545661926,-0.025070054456591606
A,0.0,0.0,0.0,-0.279147744178772,-0.12627464532852173,-0.07662024348974228,-0.4802725911140442,-0.4115908741950989,-0.09602387994527817,-0.5669675469398499,-0.7210896015167236,-0.12378711998462677,-0.6170434951782227,-0.955167829990387,-0.1288830041885376,-0.3710154592990875,-0.7518845200538635,0.06320957094430923,-0.40689817070961,-0.9938035011291504,-0.055698659271001816,-0.38164764642715454,-0.7575193643569946,-0.11275049299001694,-0.35656410455703735,-0.6635980606079102,-0.13270528614521027,-0.20675474405288696,-0.7548490166664124,0.04718460887670517,-0.23029160499572754,-1.0,-0.0710064247250557,-0.2414025068283081,-0.6890448927879333,-0.09058138728141785,-0.23614156246185303,-0.6473920941352844,-0.07176285982131958,-0.0500829853117466,-0.7198271751403809,0.0006021775188855827,-0.05398952215909958,-0.9520031213760376,-0.13176310062408447,-0.0905195027589798,-0.6502494812011719,-0.09051037579774857,-0.09217947721481323,-0.5857475399971008,-0.02599135786294937,0.11077012866735458,-0.6616684198379517,-0.05481520667672157,0.1043616235256195,-0.8334913849830627,-0.1234341710805893,0.056215859949588776,-0.6195932030677795,-0.07902760803699493,0.04835154116153717,-0.5371033549308777,-0.02523290179669857
A,0.0,0.0,0.0,-0.2790815830230713,-0.1279895156621933,-0.0802290141582489,-0.48055675625801086,-0.41347020864486694,-0.10139353573322296,-0.5681984424591064,-0.7229545712471008,-0.13055995106697083,-0.6207653880119324,-0.9602951407432556,-0.13707298040390015,-0.3743114769458771,-0.7537037134170532,0.06189370155334473,-0.40887174010276794,-0.9941155314445496,-0.0586177222430706,-0.38326042890548706,-0.7625735998153687,-0.11670578271150589,-0.35850727558135986,-0.6687846779823303,-0.1369444876909256,-0.20933835208415985,-0.7556775808334351,0.04736005514860153,-0.22921079397201538,-1.0,-0.0731377825140953,-0.2406136393547058,-0.6891624331474304,-0.09396740794181824,-0.2383355051279068,-0.6460381746292114,-0.07536810636520386,-0.052304644137620926,-0.7210260033607483,0.0017358741024509072,-0.052138909697532654,-0.9511213302612305,-0.1334998607635498,-0.08980032801628113,-0.6496854424476624,-0.09443683922290802,-0.0945810079574585,-0.5837323069572449,-0.030503947287797928,0.10817114263772964,-0.6635048985481262,-0.05287731811404228,0.10571077466011047,-0.8336220383644104,-0.12373631447553635,0.05632423236966133,-0.6211174130439758,-0.0812864676117897,0.04453476145863533,-0.5375682711601257,-0.02837277390062809
A,0.0,0.0,0.0,-0.28131887316703796,-0.12885910272598267,-0.07875742763280869,-0.4829980731010437,-0.41479024291038513,-0.09849335253238678,-0.5704731941223145,-0.725914716720581,-0.12639258801937103,-0.622635543346405,-0.9613770842552185,-0.13149914145469666,-0.37268099188804626,-0.7526779174804688,0.06439701467752457,-0.407914936542511,-0.994155764579773,-0.05641890689730644,-0.38296785950660706,-0.7550479769706726,-0.11399628221988678,-0.3579406142234802,-0.6625904440879822,-0.13397584855556488,-0.20663940906524658,-0.7546483278274536,0.0490742102265358,-0.22907660901546478,-1.0,-0.07154348492622375,-0.24122366309165955,-0.684052050113678,-0.09143312275409698,-0.23611964285373688,-0.6472835540771484,-0.07205226272344589,-0.04921426624059677,-0.720224916934967,0.0025590669829398394,-0.05125603824853897,-0.9521291255950928,-0.13281111419200897,-0.0890180692076683,-0.6466583609580994,-0.09102574735879898,-0.09034517407417297,-0.5880417823791504,-0.025331148877739906,0.11210739612579346,-0.6641848087310791,-0.05298079922795296,0.10640886425971985,-0.8342437148094177,-0.12298651784658432,0.05847740173339844,-0.6158550977706909,-0.07769302278757095,0.051975592970848083,-0.5354254245758057,-0.022837555035948753
A,0.0,0.0,0.0,-0.2804111838340759,-0.1286487579345703,-0.07761697471141815,-0.4841042757034302,-0.418169766664505,-0.09684759378433228,-0.5708210468292236,-0.7278906106948853,-0.12394247949123383,-0.6242673397064209,-0.9625036120414734,-0.12849029898643494,-0.374232679605484,-0.7561603784561157,0.05989626795053482,-0.4063599109649658,-0.9915359616279602,-0.05918967351317406,-0.3844199776649475,-0.7514533400535583,-0.11512189358472824,-0.36116835474967957,-0.6643955111503601,-0.13517378270626068,-0.2073097825050354,-0.7572359442710876,0.043282266706228256,-0.2280464917421341,-1.0,-0.07548954337835312,-0.2430831640958786,-0.6866658329963684,-0.09326399862766266,-0.23688173294067383,-0.6539489030838013,-0.07364635914564133,-0.048348017036914825,-0.7206007242202759,-0.0040369885973632336,-0.048680379986763,-0.9485158324241638,-0.13721241056919098,-0.08880689740180969,-0.6466825008392334,-0.09419181942939758,-0.08935356140136719,-0.5926341414451599,-0.029156744480133057,0.11455464363098145,-0.6622388362884521,-0.060409680008888245,0.11053495854139328,-0.8319903016090393,-0.12891100347042084,0.05949806049466133,-0.6149612069129944,-0.08319117873907089,0.051571838557720184,-0.5361295342445374,-0.029135560616850853
A,0.0,0.0,0.0,-0.2852332592010498,-0.1256551295518875,-0.07714402675628662,-0.48730897903442383,-0.41495412588119507,-0.09570068120956421,-0.5727145075798035,-0.7266965508460999,-0.12257236987352371,-0.6241976022720337,-0.9619863629341125,-0.12743419408798218,-0.3702591359615326,-0.7479251027107239,0.05995935574173927,-0.40599164366722107,-0.991216778755188,-0.060344573110342026,-0.385759562253952,-0.7502990365028381,-0.11715439707040787,-0.36182135343551636,-0.6594924330711365,-0.1373942643404007,-0.2030249685049057,-0.7499806880950928,0.042937345802783966,-0.22826412320137024,-1.0,-0.0773787796497345,-0.2447737157344818,-0.6862463355064392,-0.09634651988744736,-0.23542720079421997,-0.6487269997596741,-0.07674050331115723,-0.04448286071419716,-0.7144653797149658,-0.004734609741717577,-0.05004691332578659,-0.9492228031158447,-0.13856826722621918,-0.09049797058105469,-0.6448430418968201,-0.09496152400970459,-0.08741842210292816,-0.5862781405448914,-0.02874840423464775,0.11870061606168747,-0.657475471496582,-0.06150851398706436,0.10906479507684708,-0.8314072489738464,-0.12926383316516876,0.05743499472737312,-0.6135008931159973,-0.08221828937530518,0.05225304886698723,-0.5315183997154236,-0.02706330083310604
A,0.0,0.0,0.0,-0.2810274064540863,-0.11786797642707825,-0.08080804347991943,-0.48465320467948914,-0.40869441628456116,-0.10105257481336594,-0.5695189237594604,-0.7230127453804016,-0.12861716747283936,-0.6143705248832703,-0.9610140323638916,-0.13325899839401245,-0.3704000413417816,-0.7475020289421082,0.05720462277531624,-0.4018903970718384,-0.996059238910675,-0.0667329803109169,-0.3832359313964844,-0.7535951733589172,-0.12394656985998154,-0.36241090297698975,-0.656817615032196,-0.14305588603019714,-0.20249049365520477,-0.7492976784706116,0.041947878897190094,-0.2242092490196228,-1.0,-0.08176109194755554,-0.24053946137428284,-0.6851349472999573,-0.10105593502521515,-0.2353549748659134,-0.6469413638114929,-0.08039656281471252,-0.043743159621953964,-0.7161290645599365,-0.004645262844860554,-0.04714132845401764,-0.9475635290145874,-0.14229580760002136,-0.08746550977230072,-0.6421685814857483,-0.10014890134334564,-0.0889376699924469,-0.5859677195549011,-0.03380855545401573,0.12028643488883972,-0.6629056930541992,-0.06032048910856247,0.11210201680660248,-0.8314766883850098,-0.1307486891746521,0.06221602484583855,-0.6124009490013123,-0.08544177561998367,0.055694952607154846,-0.5331836938858032,-0.03080485761165619
A,0.0,0.0,0.0,-0.2781004309654236,-0.1275557577610016,-0.07977192103862762,-0.47603142261505127,-0.41867977380752563,-0.10017388314008713,-0.5578779578208923,-0.7255390286445618,-0.12809909880161285,-0.59405916929245,-0.9602934122085571,-0.1332876831293106,-0.36002883315086365,-0.7501012682914734,0.05493718013167381,-0.39473065733909607,-0.9920815229415894,-0.06731129437685013,-0.3721925914287567,-0.7520235776901245,-0.12371500581502914,-0.34610337018966675,-0.6568880677223206,-0.14273589849472046,-0.19304588437080383,-0.7511562705039978,0.03938843309879303,-0.21588857471942902,-1.0,-0.08415155857801437,-0.22947391867637634,-0.6853615641593933,-0.1025719866156578,-0.21994641423225403,-0.6431369781494141,-0.0807560533285141,-0.03493347018957138,-0.7169221043586731,-0.006935284938663244,-0.03746772184967995,-0.9452428221702576,-0.1433762162923813,-0.07854083925485611,-0.640954852104187,-0.1006636768579483,-0.07808134704828262,-0.5825279355049133,-0.03352784365415573,0.12764500081539154,-0.6605759263038635,-0.06230317801237106,0.11973683536052704,-0.8316784501075745,-0.13197433948516846,0.06881912052631378,-0.6145327687263489,-0.08626177161931992,0.06336572021245956,-0.5348218083381653,-0.031018419191241264
A,0.0,0.0,0.0,-0.2831881642341614,-0.12703023850917816,-0.08058280497789383,-0.4846588373184204,-0.4170759618282318,-0.1022854894399643,-0.5699429512023926,-0.7282817959785461,-0.13170462846755981,-0.6019861698150635,-0.9666776061058044,-0.1385444700717926,-0.3664241433143616,-0.7481722831726074,0.05548901483416557,-0.4018459618091583,-0.9916200637817383,-0.0660003051161766,-0.3792971968650818,-0.7521001696586609,-0.12241635471582413,-0.3543773591518402,-0.6618936061859131,-0.14248880743980408,-0.19950003921985626,-0.7499344944953918,0.040398355573415756,-0.22235296666622162,-1.0,-0.08271902054548264,-0.23752830922603607,-0.6840100288391113,-0.10110969096422195,-0.22918251156806946,-0.6455410122871399,-0.07978843152523041,-0.0411502867937088,-0.716001570224762,-0.005483978893607855,-0.04170612990856171,-0.9503269195556641,-0.14219412207603455,-0.08360733091831207,-0.6463109850883484,-0.09873108565807343,-0.0826714038848877,-0.5890883803367615,-0.031240858137607574,0.12115076184272766,-0.6593290567398071,-0.060546454042196274,0.11601949483156204,-0.8310673236846924,-0.130914568901062,0.0636448934674263,-0.6146734356880188,-0.08516062051057816,0.05748628079891205,-0.5344843864440918,-0.02986817993223667
A,0.0,0.0,0.0,-0.27990949153900146,-0.13615083694458008,-0.07793649286031723,-0.48004722595214844,-0.42486074566841125,-0.09751316905021667,-0.5651462078094482,-0.7298771739006042,-0.12503057718276978,-0.5914406776428223,-0.9656237363815308,-0.12962350249290466,-0.3608279824256897,-0.7506720423698425,0.06112278997898102,-0.39494580030441284,-0.9882041215896606,-0.058177605271339417,-0.3718124032020569,-0.751415491104126,-0.11476996541023254,-0.3484119176864624,-0.6615363359451294,-0.13537725806236267,-0.19401200115680695,-0.7531467080116272,0.04570877552032471,-0.2185346782207489,-1.0,-0.07658366113901138,-0.23127146065235138,-0.687283992767334,-0.09650146961212158,-0.2231791615486145,-0.6462999582290649,-0.07628504186868668,-0.036053366959095,-0.7197956442832947,-0.00021991628454998136,-0.03881383687257767,-0.9484884738922119,-0.13520219922065735,-0.07941915839910507,-0.6469387412071228,-0.0930144414305687,-0.07863280177116394,-0.5891234278678894,-0.02644580602645874,0.12693199515342712,-0.6632776260375977,-0.055060092359781265,0.12048064917325974,-0.8363736867904663,-0.12370333075523376,0.0684722363948822,-0.6212188601493835,-0.07811440527439117,0.06216844543814659,-0.5412207841873169,-0.023084409534931183
A,0.0,0.0,0.0,-0.2833808660507202,-0.13238494098186493,-0.07955887913703918,-0.4842253625392914,-0.42335259914398193,-0.09853169322013855,-0.5709495544433594,-0.7351876497268677,-0.12498100847005844,-0.5970773100852966,-0.9718902111053467,-0.12745653092861176,-0.3678416311740875,-0.7508035898208618,0.0647776871919632,-0.3989948332309723,-0.9913726449012756,-0.05315566435456276,-0.3728695809841156,-0.7467745542526245,-0.1080973669886589,-0.35068002343177795,-0.6638518571853638,-0.1283007562160492,-0.20053066313266754,-0.7531194090843201,0.05110333114862442,-0.22408270835876465,-1.0,-0.07068736106157303,-0.2346496433019638,-0.680145263671875,-0.08945389837026596,-0.2279902845621109,-0.6471869349479675,-0.0686311200261116,-0.04204939678311348,-0.7202499508857727,0.006344540975987911,-0.04337590932846069,-0.9518224596977234,-0.1290198117494583,-0.08182128518819809,-0.6457917094230652,-0.08540402352809906,-0.08088788390159607,-0.5924828052520752,-0.017796078696846962,0.12195869535207748,-0.6657638549804688,-0.04753754287958145,0.11772402375936508,-0.8361265063285828,-0.1157190278172493,0.06580977886915207,-0.6194077730178833,-0.07009699195623398,0.058084987103939056,-0.5417740941047668,-0.015185784548521042
A,0.0,0.0,0.0,-0.27971673011779785,-0.13202714920043945,-0.0798335075378418,-0.482866108417511,-0.4258979260921478,-0.0990840494632721,-0.5705007910728455,-0.7358841896057129,-0.1259291023015976,-0.5973778367042542,-0.9719094634056091,-0.1288851946592331,-0.36973220109939575,-0.7512927055358887,0.06148896738886833,-0.39999470114707947,-0.9919666647911072,-0.05890927463769913,-0.3715331256389618,-0.748103678226471,-0.11468983441591263,-0.34919723868370056,-0.6582857370376587,-0.13456247746944427,-0.20189839601516724,-0.7549675107002258,0.047213416546583176,-0.22278712689876556,-1.0,-0.07584735751152039,-0.2309563159942627,-0.6793118119239807,-0.09461847692728043,-0.22694915533065796,-0.6445068120956421,-0.0735812783241272,-0.04214930161833763,-0.7228338122367859,0.0018241537036374211,-0.040538884699344635,-0.9484784007072449,-0.134395033121109,-0.07842711359262466,-0.6415979266166687,-0.09117911010980606,-0.08222243934869766,-0.58905428647995,-0.024054139852523804,0.12179069966077805,-0.6682671904563904,-0.052683427929878235,0.11999895423650742,-0.8346900343894958,-0.12195484340190887,0.06862591952085495,-0.6168078184127808,-0.07674530148506165,0.0578986220061779,-0.540786862373352,-0.022222772240638733
A,0.0,0.0,0.0,-0.28095686435699463,-0.12761850655078888,-0.08397382497787476,-0.4847854673862457,-0.42127785086631775,-0.10551286488771439,-0.572914719581604,-0.7387493848800659,-0.13383542001247406,-0.5997831225395203,-0.9783370494842529,-0.13770431280136108,-0.37379586696624756,-0.7516444325447083,0.05766217038035393,-0.40260642766952515,-0.994545578956604,-0.06453835964202881,-0.3725423514842987,-0.7466779351234436,-0.11952836811542511,-0.3495161235332489,-0.6597959399223328,-0.1386488676071167,-0.20480498671531677,-0.7540082335472107,0.04483947902917862,-0.22421780228614807,-1.0,-0.0800652801990509,-0.23142015933990479,-0.6737532615661621,-0.09731963276863098,-0.22846192121505737,-0.6437256336212158,-0.07481875270605087,-0.04438800737261772,-0.7228869199752808,0.00025862717302516103,-0.042090386152267456,-0.948012113571167,-0.13922782242298126,-0.07996439188718796,-0.6361422538757324,-0.09507346153259277,-0.08511961996555328,-0.5878829956054688,-0.026590608060359955,0.12044090032577515,-0.6706892251968384,-0.05364400893449783,0.1193554624915123,-0.8357383012771606,-0.1252267211675644,0.06891253590583801,-0.6154642105102539,-0.0800740122795105,0.05798116698861122,-0.5406822562217712,-0.02502628043293953
A,0.0,0.0,0.0,-0.2804231643676758,-0.1290166974067688,-0.08294520527124405,-0.48513656854629517,-0.422698438167572,-0.10283933579921722,-0.5749074816703796,-0.7367532849311829,-0.12979188561439514,-0.6045281887054443,-0.9734922051429749,-0.13215769827365875,-0.3768705725669861,-0.7504851818084717,0.06121576949954033,-0.40644919872283936,-0.9910383224487305,-0.060031063854694366,-0.3744516670703888,-0.745658814907074,-0.1145150363445282,-0.3517662584781647,-0.6628695130348206,-0.13346552848815918,-0.20837104320526123,-0.7533131241798401,0.04791475087404251,-0.22753959894180298,-1.0,-0.0768442451953888,-0.2332024872303009,-0.6764237880706787,-0.09452344477176666,-0.23214086890220642,-0.6494321823120117,-0.07205146551132202,-0.04790472984313965,-0.7229072451591492,0.0027406951412558556,-0.043268755078315735,-0.9461629390716553,-0.13673748075962067,-0.08039183169603348,-0.6363241672515869,-0.09395366162061691,-0.08770924806594849,-0.5908434391021729,-0.02625562809407711,0.11674459278583527,-0.6714921593666077,-0.05172264575958252,0.11844361573457718,-0.8370108008384705,-0.1235499233007431,0.0688832551240921,-0.6174875497817993,-0.07954717427492142,0.05713382735848427,-0.5435278415679932,-0.025321172550320625
A,0.0,0.0,0.0,-0.277008593082428,-0.13473224639892578,-0.07961500436067581,-0.47579094767570496,-0.4271797835826874,-0.09917056560516357,-0.5604323744773865,-0.7393308281898499,-0.1263248473405838,-0.5905377864837646,-0.9758273959159851,-0.12972167134284973,-0.36596640944480896,-0.7534748315811157,0.06311260908842087,-0.3945937752723694,-0.9907748103141785,-0.05558475852012634,-0.3665018379688263,-0.7500548958778381,-0.1103837713599205,-0.3435887098312378,-0.6638987064361572,-0.130118727684021,-0.1980387419462204,-0.7576684951782227,0.048594143241643906,-0.21736127138137817,-1.0,-0.07215828448534012,-0.22488215565681458,-0.680778980255127,-0.09006534516811371,-0.22043372690677643,-0.6495476365089417,-0.06917988508939743,-0.03811313211917877,-0.7249568104743958,0.002871685428544879,-0.03450200334191322,-0.947873592376709,-0.13238944113254547,-0.07259434461593628,-0.6415096521377563,-0.08925560861825943,-0.0768929198384285,-0.5915036201477051,-0.022669678553938866,0.12605057656764984,-0.6697838306427002,-0.05193154141306877,0.12474804371595383,-0.837029755115509,-0.12099378556013107,0.07320564985275269,-0.619451105594635,-0.07591096311807632,0.062285322695970535,-0.544892430305481,-0.021658925339579582
A,0.0,0.0,0.0,-0.2836116552352905,-0.12783445417881012,-0.08326732367277145,-0.4871935248374939,-0.4194771945476532,-0.10462605953216553,-0.5748429894447327,-0.7340460419654846,-0.13280069828033447,-0.6012332439422607,-0.9714110493659973,-0.1366494745016098,-0.37464404106140137,-0.7493334412574768,0.05614013969898224,-0.40384113788604736,-0.9930645823478699,-0.0654793232679367,-0.3743606209754944,-0.7448752522468567,-0.12091371417045593,-0.3523290753364563,-0.6583548784255981,-0.14095768332481384,-0.20594847202301025,-0.7514356374740601,0.04286924749612808,-0.22500115633010864,-1.0,-0.08268191665410995,-0.2334374040365219,-0.6750010251998901,-0.10177429765462875,-0.23205286264419556,-0.6416337490081787,-0.08059012144804001,-0.0461394302546978,-0.7196186780929565,-0.001627091784030199,-0.042458675801754,-0.9462231397628784,-0.14147168397903442,-0.08068659901618958,-0.6327412724494934,-0.0984315425157547,-0.08650052547454834,-0.5798299908638,-0.03031996078789234,0.11870337277650833,-0.6667014360427856,-0.05524892359972,0.11866124719381332,-0.8341037631034851,-0.12700378894805908,0.06809975206851959,-0.6153287887573242,-0.08233319222927094,0.056635212153196335,-0.5401751399040222,-0.027540316805243492
A,0.0,0.0,0.0,-0.2780894935131073,-0.13065701723098755,-0.0800737664103508,-0.4798397719860077,-0.42950439453125,-0.09815564751625061,-0.5653301477432251,-0.7433554530143738,-0.12354300171136856,-0.5970526337623596,-0.9792901277542114,-0.12508182227611542,-0.3707575500011444,-0.7534476518630981,0.06125885993242264,-0.39731812477111816,-0.9934218525886536,-0.05811700597405434,-0.3686041235923767,-0.7468017339706421,-0.11172354966402054,-0.346025675535202,-0.658027172088623,-0.13005447387695312,-0.2015247642993927,-0.7565574049949646,0.04676493629813194,-0.22125810384750366,-1.0,-0.07480553537607193,-0.22799833118915558,-0.6783058643341064,-0.09147565066814423,-0.22361859679222107,-0.6461989879608154,-0.06950870901346207,-0.04086904227733612,-0.7245666980743408,0.0009161380585283041,-0.039110805839300156,-0.9487056732177734,-0.13587768375873566,-0.07591830939054489,-0.638973593711853,-0.09187386929988861,-0.08052545040845871,-0.5868983864784241,-0.02451075054705143,0.12403496354818344,-0.6709010601043701,-0.05396898463368416,0.12270334362983704,-0.8395898342132568,-0.12482811510562897,0.07323365658521652,-0.6188409924507141,-0.07980287820100784,0.06270971894264221,-0.5417393445968628,-0.025387199595570564
A,0.0,0.0,0.0,-0.2825039327144623,-0.13196970522403717,-0.07646415382623672,-0.48546382784843445,-0.42847365140914917,-0.0928080603480339,-0.56888347864151,-0.7425268292427063,-0.11730992048978806,-0.6012715101242065,-0.9756028056144714,-0.11830558627843857,-0.36877089738845825,-0.751237690448761,0.06344843655824661,-0.40187737345695496,-0.9919416904449463,-0.05312253162264824,-0.37447336316108704,-0.7463157176971436,-0.10579727590084076,-0.3489413261413574,-0.6589940190315247,-0.1242569088935852,-0.20134444534778595,-0.754241406917572,0.04789167642593384,-0.22420085966587067,-1.0,-0.07176269590854645,-0.23391717672348022,-0.6786010265350342,-0.08816809207201004,-0.22669148445129395,-0.644143283367157,-0.06617860496044159,-0.04289843142032623,-0.7221183776855469,0.0016626424621790648,-0.04272649437189102,-0.9495952725410461,-0.1325361132621765,-0.08124136179685593,-0.6405165195465088,-0.08789482712745667,-0.08157408237457275,-0.5857248306274414,-0.020239347591996193,0.12072771787643433,-0.6679589152336121,-0.053441062569618225,0.11783363670110703,-0.8386751413345337,-0.12220428884029388,0.06687486916780472,-0.6202811002731323,-0.07614017277956009,0.05924355238676071,-0.5417770743370056,-0.021002283319830894
A,0.0,0.0,0.0,-0.28502053022384644,-0.12888695299625397,-0.0800543799996376,-0.4919997751712799,-0.4255393147468567,-0.09848865121603012,-0.5787041187286377,-0.7406975030899048,-0.12472222000360489,-0.6089035868644714,-0.9771431088447571,-0.127341628074646,-0.3769322633743286,-0.7517850399017334,0.06096949055790901,-0.4088795781135559,-0.9951559901237488,-0.059860799461603165,-0.3824467957019806,-0.7470799684524536,-0.11428727209568024,-0.3586687445640564,-0.656099796295166,-0.13284753262996674,-0.20727789402008057,-0.7531670928001404,0.045816414058208466,-0.2295103520154953,-1.0,-0.07789360731840134,-0.240089550614357,-0.6755869388580322,-0.09544119983911514,-0.23509076237678528,-0.6397507786750793,-0.07329227775335312,-0.04678588733077049,-0.7207717895507812,-0.0007872757851146162,-0.04462547227740288,-0.9475016593933105,-0.13934417068958282,-0.08422689884901047,-0.634148120880127,-0.0956510603427887,-0.08788541704416275,-0.578285276889801,-0.02759835496544838,0.11896813660860062,-0.6669557094573975,-0.056413788348436356,0.1192011684179306,-0.8367803692817688,-0.12796124815940857,0.06964387744665146,-0.6162151098251343,-0.08280855417251587,0.06025809794664383,-0.5372675657272339,-0.027823694050312042
A,0.0,0.0,0.0,-0.28362104296684265,-0.12992031872272491,-0.078499935567379,-0.48773592710494995,-0.4299863874912262,-0.0957859605550766,-0.572687566280365,-0.7431216239929199,-0.12083254754543304,-0.6037017107009888,-0.9773874282836914,-0.12274433672428131,-0.37133339047431946,-0.7544260025024414,0.05925137549638748,-0.4027059078216553,-0.9945247173309326,-0.058544378727674484,-0.37746956944465637,-0.7452957630157471,-0.11050210148096085,-0.35383978486061096,-0.6563897132873535,-0.1281292587518692,-0.2027042955160141,-0.7555655837059021,0.04330987110733986,-0.22432872653007507,-1.0,-0.07729555666446686,-0.2361074835062027,-0.6743934750556946,-0.0927363857626915,-0.23121722042560577,-0.6395931839942932,-0.07011475414037704,-0.04273845627903938,-0.7218768000602722,-0.003582738572731614,-0.04093484207987785,-0.9473703503608704,-0.13961990177631378,-0.08191943168640137,-0.6336958408355713,-0.09563618898391724,-0.08664066344499588,-0.5795994400978088,-0.02860061079263687,0.12214486300945282,-0.6663170456886292,-0.05932755023241043,0.12279132753610611,-0.8378096222877502,-0.13040269911289215,0.07285682111978531,-0.616070568561554,-0.08553417772054672,0.06296469271183014,-0.5375832915306091,-0.031374458223581314
A,0.0,0.0,0.0,-0.28595268726348877,-0.12730881571769714,-0.08036370575428009,-0.490519642829895,-0.42463624477386475,-0.09867458045482635,-0.5766752362251282,-0.7365886569023132,-0.12445072829723358,-0.6086422801017761,-0.9708459377288818,-0.1269768476486206,-0.3746357560157776,-0.7541630864143372,0.05748257786035538,-0.405411958694458,-0.9933927655220032,-0.0619000680744648,-0.37986209988594055,-0.7412028312683105,-0.11527742445468903,-0.3552621901035309,-0.6517475843429565,-0.13366088271141052,-0.20522212982177734,-0.7560141086578369,0.042792003601789474,-0.22672991454601288,-1.0,-0.0804242417216301,-0.23947931826114655,-0.6716002821922302,-0.09755101799964905,-0.23325172066688538,-0.6358577013015747,-0.07523592561483383,-0.044633664190769196,-0.7230082750320435,-0.002855513012036681,-0.0428389348089695,-0.9484063982963562,-0.14125317335128784,-0.08474256098270416,-0.6321129202842712,-0.09786783903837204,-0.08696120232343674,-0.5758839845657349,-0.029996182769536972,0.12015943229198456,-0.6683003306388855,-0.05734963342547417,0.11978822946548462,-0.8384836912155151,-0.12888632714748383,0.06840452551841736,-0.6159782409667969,-0.0836738646030426,0.06028780713677406,-0.5367023944854736,-0.028587250038981438
A,0.0,0.0,0.0,-0.28411826491355896,-0.1282847374677658,-0.07775304466485977,-0.49121004343032837,-0.42890089750289917,-0.09438293427228928,-0.5763900279998779,-0.7400417327880859,-0.11901307106018066,-0.6092640161514282,-0.9733479619026184,-0.12041948735713959,-0.3791022300720215,-0.7566854953765869,0.062459494918584824,-0.40880149602890015,-0.9933581352233887,-0.0566561222076416,-0.38341861963272095,-0.7479195594787598,-0.11015501618385315,-0.36121875047683716,-0.6614097952842712,-0.12835724651813507,-0.2101728767156601,-0.7587285041809082,0.04604652151465416,-0.22944192588329315,-1.0,-0.07620060443878174,-0.24149636924266815,-0.6756848692893982,-0.09309959411621094,-0.2385523021221161,-0.6423606276512146,-0.07054833322763443,-0.04945281520485878,-0.7267431616783142,-0.0015432945219799876,-0.04579303041100502,-0.9480666518211365,-0.13843956589698792,-0.08611419796943665,-0.6347927451133728,-0.09508153796195984,-0.09156092256307602,-0.5817185044288635,-0.027663428336381912,0.11541181057691574,-0.6727893948554993,-0.05804141238331795,0.11637973040342331,-0.8414780497550964,-0.12899021804332733,0.06643328815698624,-0.6183072924613953,-0.08368847519159317,0.05547023192048073,-0.5389767289161682,-0.028657659888267517
A,0.0,0.0,0.0,-0.2892027795314789,-0.12466087192296982,-0.07711753994226456,-0.4941936731338501,-0.4242589771747589,-0.09347560256719589,-0.5792402029037476,-0.7375774383544922,-0.1184491217136383,-0.6126810908317566,-0.9707637429237366,-0.12039993703365326,-0.38067224621772766,-0.7528347373008728,0.06358617544174194,-0.4115438461303711,-0.9929659366607666,-0.0572488009929657,-0.38548851013183594,-0.7458733916282654,-0.11116612702608109,-0.3624934256076813,-0.6582425832748413,-0.1292419582605362,-0.2107633650302887,-0.7544121146202087,0.04630636051297188,-0.2289159595966339,-1.0,-0.07842778414487839,-0.2411656677722931,-0.6725735664367676,-0.09662292152643204,-0.23916888236999512,-0.6405801773071289,-0.07436569035053253,-0.04955205321311951,-0.7229599952697754,-0.002275550737977028,-0.04349003732204437,-0.9450381994247437,-0.1422947645187378,-0.08563652634620667,-0.628644585609436,-0.10072052478790283,-0.0937318429350853,-0.5786572098731995,-0.033868879079818726,0.116030752658844,-0.6703139543533325,-0.059535034000873566,0.12000846117734909,-0.8360819220542908,-0.13166561722755432,0.06964710354804993,-0.6122981309890747,-0.08718892931938171,0.057792842388153076,-0.5355450510978699,-0.03268779069185257
A,0.0,0.0,0.0,-0.2912839949131012,-0.12241730093955994,-0.07739141583442688,-0.4977115988731384,-0.4211585819721222,-0.09295546263456345,-0.5788350105285645,-0.7369953989982605,-0.11685072630643845,-0.6097461581230164,-0.9700728058815002,-0.11744460463523865,-0.37901750206947327,-0.7530350089073181,0.06419909000396729,-0.40970897674560547,-0.9936947226524353,-0.05586374178528786,-0.38457438349723816,-0.7446916699409485,-0.10993391275405884,-0.3613547384738922,-0.656766951084137,-0.1284942477941513,-0.20882683992385864,-0.755886971950531,0.04703768342733383,-0.22829928994178772,-1.0,-0.07559479773044586,-0.24070635437965393,-0.6716771125793457,-0.09298788011074066,-0.23677071928977966,-0.6404638886451721,-0.07093650847673416,-0.04713188856840134,-0.7246941328048706,-0.0015744129195809364,-0.04248750954866409,-0.9501649141311646,-0.1391626000404358,-0.08427939563989639,-0.6330972909927368,-0.0956108421087265,-0.08929252624511719,-0.582268476486206,-0.028377316892147064,0.11978498101234436,-0.671057939529419,-0.0592428520321846,0.12264843285083771,-0.8399044275283813,-0.13026484847068787,0.07159793376922607,-0.6133258938789368,-0.08454133570194244,0.06159596145153046,-0.5350450277328491,-0.029555071145296097
A,0.0,0.0,0.0,-0.2922572195529938,-0.12042107433080673,-0.07821904122829437,-0.4997614026069641,-0.42602384090423584,-0.09390563517808914,-0.581881046295166,-0.7437717914581299,-0.11761706322431564,-0.6126472353935242,-0.9765371084213257,-0.11806949228048325,-0.3819151520729065,-0.7529226541519165,0.06129077449440956,-0.410938560962677,-0.9950516819953918,-0.05837187170982361,-0.3855004608631134,-0.7436264753341675,-0.11100363731384277,-0.36419373750686646,-0.6548789739608765,-0.1287020891904831,-0.21104185283184052,-0.7557235360145569,0.04442429170012474,-0.23030640184879303,-1.0,-0.07819271832704544,-0.24184922873973846,-0.6719061732292175,-0.0947333574295044,-0.23912371695041656,-0.6409632563591003,-0.07250869274139404,-0.04808715730905533,-0.7252328991889954,-0.00378721603192389,-0.0430094450712204,-0.9521860480308533,-0.14187121391296387,-0.08433462679386139,-0.6362955570220947,-0.09845642745494843,-0.09162899106740952,-0.5848491191864014,-0.0317540280520916,0.11992593109607697,-0.6729081869125366,-0.06097439303994179,0.1230897307395935,-0.8405304551124573,-0.13312073051929474,0.07245545834302902,-0.6139629483222961,-0.08839379996061325,0.060570128262043,-0.5343495011329651,-0.03441738337278366
A,0.0,0.0,0.0,-0.28991541266441345,-0.11796514689922333,-0.07916320860385895,-0.49692803621292114,-0.42360755801200867,-0.09590815752744675,-0.5801569223403931,-0.7403216361999512,-0.12046530097723007,-0.6127105951309204,-0.9728578329086304,-0.12193316221237183,-0.3825628161430359,-0.753166913986206,0.05803990364074707,-0.4108229875564575,-0.9956428408622742,-0.06452959030866623,-0.38322898745536804,-0.7440502047538757,-0.11926093697547913,-0.3597005605697632,-0.6495938897132874,-0.13749666512012482,-0.21234145760536194,-0.7567917108535767,0.04121823236346245,-0.22971907258033752,-1.0,-0.08256819099187851,-0.23945049941539764,-0.6718235015869141,-0.09986322373151779,-0.23678328096866608,-0.6380577683448792,-0.07772800326347351,-0.04941978678107262,-0.7266339659690857,-0.007000969257205725,-0.04391614720225334,-0.9510123133659363,-0.14604605734348297,-0.08390907198190689,-0.6339465975761414,-0.10294639319181442,-0.09143529087305069,-0.5811315774917603,-0.03610652685165405,0.11778055876493454,-0.6742438077926636,-0.06421905010938644,0.12036331743001938,-0.8396398425102234,-0.1373685747385025,0.07181666791439056,-0.6119378805160522,-0.09251280874013901,0.06079092249274254,-0.532686710357666,-0.03804586082696915
A,0.0,0.0,0.0,-0.291031152009964,-0.12018603831529617,-0.07906268537044525,-0.4986749589443207,-0.4248391091823578,-0.09419763088226318,-0.5788230895996094,-0.7421765327453613,-0.11683262139558792,-0.6077048778533936,-0.9734093546867371,-0.11579704284667969,-0.3842369019985199,-0.7566383481025696,0.06386268138885498,-0.4098135530948639,-0.9953704476356506,-0.05525913089513779,-0.38197553157806396,-0.7418389320373535,-0.10821347683668137,-0.3609252870082855,-0.6511877775192261,-0.1260230839252472,-0.21353615820407867,-0.7619619369506836,0.048006318509578705,-0.229408860206604,-1.0,-0.07293195277452469,-0.2383304387331009,-0.6709837317466736,-0.08961495012044907,-0.2376212179660797,-0.6400265693664551,-0.06743882596492767,-0.05082716792821884,-0.7330938577651978,0.0005949441692791879,-0.04517132788896561,-0.9535467624664307,-0.13642360270023346,-0.08391813188791275,-0.6348118782043457,-0.09306930005550385,-0.0919012576341629,-0.5834528207778931,-0.02632693201303482,0.1160016730427742,-0.6815228462219238,-0.05584384873509407,0.11652660369873047,-0.8414198160171509,-0.12793760001659393,0.06982097029685974,-0.6127349734306335,-0.0829029530286789,0.06089214235544205,-0.5376284122467041,-0.028129981830716133
A,0.0,0.0,0.0,-0.28702312707901,-0.12663701176643372,-0.07882671058177948,-0.49703872203826904,-0.4272507429122925,-0.09521292895078659,-0.5816816687583923,-0.7439489364624023,-0.11922105401754379,-0.6094967722892761,-0.9774371981620789,-0.11933906376361847,-0.3855505585670471,-0.7557627558708191,0.06337081640958786,-0.41131314635276794,-0.9971821904182434,-0.057976480573415756,-0.38123035430908203,-0.7485510110855103,-0.11278802901506424,-0.36135292053222656,-0.6549209952354431,-0.13113129138946533,-0.21551728248596191,-0.759155809879303,0.047263093292713165,-0.22950255870819092,-1.0,-0.07538896799087524,-0.23475666344165802,-0.6746010780334473,-0.09288492798805237,-0.23782986402511597,-0.6373162865638733,-0.0709759071469307,-0.05335551127791405,-0.7300364971160889,-0.0004798322624992579,-0.045765314251184464,-0.9516642689704895,-0.13915450870990753,-0.0808195024728775,-0.635148823261261,-0.09642079472541809,-0.09300010651350021,-0.5776979923248291,-0.02944771945476532,0.11387475579977036,-0.6772422194480896,-0.057098738849163055,0.11728790402412415,-0.843018651008606,-0.13114376366138458,0.07218601554632187,-0.6148666739463806,-0.08682765811681747,0.05796070769429207,-0.5337800979614258,-0.032073210924863815
A,0.0,0.0,0.0,-0.2897919714450836,-0.12785698473453522,-0.07958384603261948,-0.49779802560806274,-0.4265713691711426,-0.09736119210720062,-0.5811764001846313,-0.7447015643119812,-0.12252993881702423,-0.6094648241996765,-0.9792868494987488,-0.12356792390346527,-0.3839758038520813,-0.7562216520309448,0.061372023075819016,-0.408041775226593,-0.9998319149017334,-0.0618370957672596,-0.3810109794139862,-0.7458829879760742,-0.11814302951097488,-0.3618519902229309,-0.6519247889518738,-0.13751453161239624,-0.21116332709789276,-0.7574520111083984,0.04530426114797592,-0.22812975943088531,-1.0,-0.07844081521034241,-0.23752059042453766,-0.674007773399353,-0.09699146449565887,-0.2388862520456314,-0.6416429281234741,-0.07641664147377014,-0.04764406010508537,-0.725814700126648,-0.0024282403755933046,-0.04308903217315674,-0.9496890306472778,-0.14014792442321777,-0.08170969784259796,-0.6354093551635742,-0.09660042077302933,-0.09115905314683914,-0.5849816203117371,-0.03005032241344452,0.1201961562037468,-0.672231912612915,-0.059279799461364746,0.12131845206022263,-0.8389623761177063,-0.13051068782806396,0.07579491287469864,-0.6143141388893127,-0.08472983539104462,0.06713754683732986,-0.5389479994773865,-0.029860591515898705
A,0.0,0.0,0.0,-0.2911350429058075,-0.12155379354953766,-0.07927779108285904,-0.5007672905921936,-0.41982126235961914,-0.0977926254272461,-0.5817774534225464,-0.7405277490615845,-0.12351178377866745,-0.611909031867981,-0.9763901829719543,-0.1252487599849701,-0.3855389356613159,-0.7539449334144592,0.057661235332489014,-0.40973204374313354,-1.0,-0.06706149131059647,-0.3830634653568268,-0.7471534013748169,-0.12362616509199142,-0.36253219842910767,-0.6474632620811462,-0.1421521008014679,-0.21210606396198273,-0.7551273107528687,0.04095061495900154,-0.22740671038627625,-0.9980973601341248,-0.08170865476131439,-0.23775099217891693,-0.6733742952346802,-0.09898291528224945,-0.23812441527843475,-0.639293372631073,-0.07753408700227737,-0.047886498272418976,-0.7238783240318298,-0.007406369782984257,-0.04150993749499321,-0.9459598064422607,-0.14397752285003662,-0.08074295520782471,-0.631706714630127,-0.09950793534517288,-0.08959076553583145,-0.5813552141189575,-0.03267134353518486,0.12067816406488419,-0.6705355644226074,-0.06491636484861374,0.12404114753007889,-0.834894061088562,-0.13489189743995667,0.07795562595129013,-0.6090660691261292,-0.0881047323346138,0.06928575783967972,-0.5339714884757996,-0.03276599198579788
A,0.0,0.0,0.0,-0.28907495737075806,-0.11423385143280029,-0.08682559430599213,-0.49965789914131165,-0.41608908772468567,-0.10584099590778351,-0.5800826549530029,-0.7411481738090515,-0.12986008822917938,-0.6084517240524292,-0.9778695702552795,-0.12872342765331268,-0.39026808738708496,-0.7504547834396362,0.05391593277454376,-0.4081632196903229,-1.0,-0.07365106791257858,-0.38052231073379517,-0.7433671355247498,-0.13047568500041962,-0.3620087802410126,-0.6449651718139648,-0.14852166175842285,-0.21609801054000854,-0.7515081167221069,0.04126286134123802,-0.2252500206232071,-0.998442530632019,-0.08611647039651871,-0.23497505486011505,-0.6701565980911255,-0.10432987660169601,-0.23866689205169678,-0.6377117037773132,-0.08166670799255371,-0.05310259386897087,-0.7220750451087952,-0.004128179047256708,-0.04155348613858223,-0.9423985481262207,-0.14485566318035126,-0.08019007742404938,-0.6262830495834351,-0.10182858258485794,-0.09176383167505264,-0.5823943614959717,-0.03450426831841469,0.11374765634536743,-0.6728017926216125,-0.05918717384338379,0.11927785724401474,-0.8326134085655212,-0.13104462623596191,0.07590561360120773,-0.6031368970870972,-0.08553007245063782,0.06820098310709,-0.5332810282707214,-0.030514374375343323
A,0.0,0.0,0.0,-0.2939765155315399,-0.11437990516424179,-0.07694482058286667,-0.5040054321289062,-0.4144304394721985,-0.09241863340139389,-0.5829886198043823,-0.7425589561462402,-0.11524983495473862,-0.6075392365455627,-0.9796115159988403,-0.11452662944793701,-0.3882792294025421,-0.744695246219635,0.06194859743118286,-0.40629592537879944,-0.9984042048454285,-0.05978955328464508,-0.38224169611930847,-0.7458797693252563,-0.11458082497119904,-0.3624628782272339,-0.6470431089401245,-0.13242419064044952,-0.21254706382751465,-0.7479199171066284,0.04527885466814041,-0.22164493799209595,-1.0,-0.07545483857393265,-0.23264887928962708,-0.6775526404380798,-0.09242670983076096,-0.23040001094341278,-0.6419268250465393,-0.07099337130784988,-0.049288779497146606,-0.7188274264335632,-0.0026542723644524813,-0.038604166358709335,-0.9470309019088745,-0.13708974421024323,-0.07739444077014923,-0.6374036073684692,-0.09245644509792328,-0.08451242744922638,-0.5899108648300171,-0.026202071458101273,0.11870936304330826,-0.6679971814155579,-0.05956023186445236,0.12353208661079407,-0.8337900042533875,-0.12587228417396545,0.07795362174510956,-0.6085331439971924,-0.07732949405908585,0.07003293186426163,-0.5352500677108765,-0.02180522121489048
A,0.0,0.0,0.0,-0.2891823947429657,-0.12011009454727173,-0.07771074771881104,-0.4990970194339752,-0.4179409444332123,-0.09512367844581604,-0.5775347352027893,-0.7390303015708923,-0.11973408609628677,-0.6020467877388,-0.9752119183540344,-0.12041834741830826,-0.38206803798675537,-0.7490239143371582,0.05927613005042076,-0.4050610065460205,-0.994798481464386,-0.065346859395504,-0.377375990152359,-0.7433773279190063,-0.12118437886238098,-0.35435914993286133,-0.6460145711898804,-0.13885222375392914,-0.2069973349571228,-0.7523140907287598,0.04133256524801254,-0.22109118103981018,-1.0,-0.0813947319984436,-0.22894977033138275,-0.6796932220458984,-0.09735334664583206,-0.22436927258968353,-0.6463972926139832,-0.0741201713681221,-0.04249315336346626,-0.7216491103172302,-0.008148538880050182,-0.03769123554229736,-0.9446004629135132,-0.14287950098514557,-0.07241207361221313,-0.6389562487602234,-0.09529346227645874,-0.07428209483623505,-0.596043050289154,-0.026482215151190758,0.12595956027507782,-0.6683053374290466,-0.066936194896698,0.12365371733903885,-0.8329409956932068,-0.13286235928535461,0.08303451538085938,-0.6094833016395569,-0.08183380961418152,0.08415652811527252,-0.5406389832496643,-0.023973751813173294
A,0.0,0.0,0.0,-0.28957509994506836,-0.11757693439722061,-0.07541602104902267,-0.49914246797561646,-0.4166657030582428,-0.0919528380036354,-0.5763193964958191,-0.7370602488517761,-0.11569395661354065,-0.6050096154212952,-0.9707443118095398,-0.11543150991201401,-0.3859015107154846,-0.7451354265213013,0.05918186157941818,-0.40728622674942017,-0.992824912071228,-0.061762142926454544,-0.3798564672470093,-0.7427205443382263,-0.11532457917928696,-0.3586098551750183,-0.6419448852539062,-0.13172215223312378,-0.21292716264724731,-0.7506785988807678,0.04156865179538727,-0.22574679553508759,-1.0,-0.0767018124461174,-0.23360969126224518,-0.6824110746383667,-0.09086879342794418,-0.23128239810466766,-0.6433266997337341,-0.06713453680276871,-0.04956746846437454,-0.7203292846679688,-0.006852349732071161,-0.04398024454712868,-0.9419223666191101,-0.13754267990589142,-0.07788412272930145,-0.6373087763786316,-0.08980445563793182,-0.08091334253549576,-0.586875855922699,-0.021616138517856598,0.11845210939645767,-0.6670705676078796,-0.06427272409200668,0.11629695445299149,-0.8307877779006958,-0.12789957225322723,0.07432539761066437,-0.6113123893737793,-0.07733704149723053,0.0720430240035057,-0.5402020215988159,-0.02027173712849617
A,0.0,0.0,0.0,-0.2907320261001587,-0.11834590137004852,-0.07792134582996368,-0.4998437762260437,-0.4160800576210022,-0.09420115500688553,-0.5779768228530884,-0.7380813360214233,-0.11748834699392319,-0.6009313464164734,-0.9724225997924805,-0.1164323017001152,-0.3866514563560486,-0.748720645904541,0.06218249723315239,-0.40634456276893616,-0.9934132695198059,-0.05892211198806763,-0.3782373368740082,-0.7404218316078186,-0.11280696839094162,-0.35676759481430054,-0.6490454077720642,-0.1305815577507019,-0.21280212700366974,-0.7515279054641724,0.045453548431396484,-0.223274365067482,-1.0,-0.07629293948411942,-0.23225738108158112,-0.6756687164306641,-0.09228496253490448,-0.23078016936779022,-0.6430025100708008,-0.06937596201896667,-0.050553854554891586,-0.7204086184501648,-0.0026876048650592566,-0.03992070257663727,-0.9460777044296265,-0.13752150535583496,-0.07683410495519638,-0.6346695423126221,-0.09134326875209808,-0.08272306621074677,-0.5879300236701965,-0.023358548060059547,0.11645735055208206,-0.6672956943511963,-0.05999700725078583,0.12055262178182602,-0.832119345664978,-0.12699785828590393,0.07634524255990982,-0.6069974303245544,-0.07829554378986359,0.07038436830043793,-0.5362487435340881,-0.021982425823807716
A,0.0,0.0,0.0,-0.2945709526538849,-0.11881095170974731,-0.07748475670814514,-0.5068099498748779,-0.4159349203109741,-0.09186733514070511,-0.5863616466522217,-0.7361769676208496,-0.11325471848249435,-0.6059240698814392,-0.969939112663269,-0.11020690947771072,-0.3902120888233185,-0.7510969638824463,0.0670306533575058,-0.4118109941482544,-0.9946528673171997,-0.05161372199654579,-0.3844520151615143,-0.739518404006958,-0.10437697917222977,-0.36403822898864746,-0.6522915363311768,-0.12209759652614594,-0.21740464866161346,-0.7546096444129944,0.050474029034376144,-0.22911398112773895,-1.0,-0.07078123837709427,-0.23901763558387756,-0.6746527552604675,-0.08760950714349747,-0.23729771375656128,-0.6443389654159546,-0.065305195748806,-0.05572003871202469,-0.7239261269569397,0.0023113733623176813,-0.04515591636300087,-0.9440021514892578,-0.13262306153774261,-0.08363685756921768,-0.6309142112731934,-0.08864892274141312,-0.09022495150566101,-0.587469220161438,-0.022167040035128593,0.1115671694278717,-0.671859860420227,-0.054925426840782166,0.11579765379428864,-0.8313931226730347,-0.12182102352380753,0.07099039107561111,-0.6043329238891602,-0.07456933706998825,0.06488028168678284,-0.5355769991874695,-0.019532643258571625
A,0.0,0.0,0.0,-0.2945777177810669,-0.11545933037996292,-0.08064506947994232,-0.5036420226097107,-0.41414323449134827,-0.09675205498933792,-0.580529510974884,-0.7377464771270752,-0.11941926926374435,-0.601645290851593,-0.9729914665222168,-0.11771965771913528,-0.388724684715271,-0.7500914931297302,0.06285925209522247,-0.40618017315864563,-0.9955767393112183,-0.0575631782412529,-0.3790626525878906,-0.7406731843948364,-0.11052259802818298,-0.35979771614074707,-0.6464442014694214,-0.12745970487594604,-0.21434180438518524,-0.7514891028404236,0.047418903559446335,-0.2219468057155609,-1.0,-0.0746203064918518,-0.23290470242500305,-0.6707841157913208,-0.0907784029841423,-0.23591700196266174,-0.6346662640571594,-0.06767264008522034,-0.051688145846128464,-0.7206099033355713,0.00011066853039665148,-0.03736552596092224,-0.941948652267456,-0.13697081804275513,-0.0770433098077774,-0.6239323616027832,-0.09319602698087692,-0.08875083178281784,-0.5743685364723206,-0.02610389143228531,0.11605373024940491,-0.6686676144599915,-0.056310024112463,0.12398551404476166,-0.8304192423820496,-0.12603925168514252,0.07996491342782974,-0.6019548773765564,-0.07946722954511642,0.070903480052948,-0.5306181311607361,-0.024189427495002747
A,0.0,0.0,0.0,-0.2976848781108856,-0.11662597954273224,-0.07978956401348114,-0.50898277759552,-0.4151627719402313,-0.0947873517870903,-0.5877666473388672,-0.739206850528717,-0.11666582524776459,-0.6089271306991577,-0.9741474986076355,-0.1137191653251648,-0.39275696873664856,-0.7499741911888123,0.06530383974313736,-0.4125291109085083,-0.9975064992904663,-0.056069329380989075,-0.3833315968513489,-0.7397980690002441,-0.10934488475322723,-0.3636969029903412,-0.6487547755241394,-0.12648893892765045,-0.21806782484054565,-0.752394437789917,0.04947957023978233,-0.2269839495420456,-1.0,-0.07398991286754608,-0.23626196384429932,-0.6704268455505371,-0.09093324840068817,-0.239539235830307,-0.6389530301094055,-0.06838288903236389,-0.054393962025642395,-0.7224229574203491,0.0015669059939682484,-0.041420940309762955,-0.9437469244003296,-0.1371312290430069,-0.08053668588399887,-0.6253477334976196,-0.09365887939929962,-0.09290124475955963,-0.5790517330169678,-0.026697808876633644,0.11441600322723389,-0.6710678935050964,-0.05539145693182945,0.12245216220617294,-0.8328720331192017,-0.12572041153907776,0.07704290002584457,-0.6022050976753235,-0.0793767049908638,0.06639831513166428,-0.5298029184341431,-0.024353697896003723
A,0.0,0.0,0.0,-0.29883497953414917,-0.10956984758377075,-0.08131352066993713,-0.5125309228897095,-0.4078022837638855,-0.09765949845314026,-0.5917848348617554,-0.733977735042572,-0.12023234367370605,-0.6114159822463989,-0.9709786176681519,-0.11819158494472504,-0.3961954116821289,-0.7453341484069824,0.05934244394302368,-0.4174937903881073,-0.9969927072525024,-0.06315044313669205,-0.38674044609069824,-0.7411683201789856,-0.11720598489046097,-0.3664027452468872,-0.6467587351799011,-0.1348099559545517,-0.2215791493654251,-0.7494821548461914,0.0438794270157814,-0.23107659816741943,-1.0,-0.08016403019428253,-0.2379535734653473,-0.6696211695671082,-0.09757160395383835,-0.2413015514612198,-0.6335753202438354,-0.07532306015491486,-0.05764903128147125,-0.72139972448349,-0.0033783288672566414,-0.04502174258232117,-0.9441803693771362,-0.14213089644908905,-0.08198262006044388,-0.6242676377296448,-0.09870939701795578,-0.09492408484220505,-0.5755410194396973,-0.031849537044763565,0.11133930832147598,-0.6716030836105347,-0.059727903455495834,0.11828228831291199,-0.8331691026687622,-0.12994873523712158,0.0754532441496849,-0.6025148630142212,-0.08324870467185974,0.06512489169836044,-0.5302795767784119,-0.02812887728214264
A,0.0,0.0,0.0,-0.29839521646499634,-0.1142425686120987,-0.0802842304110527,-0.5095832943916321,-0.40972599387168884,-0.0954526886343956,-0.5898916125297546,-0.7332360148429871,-0.11745063215494156,-0.610226571559906,-0.9696117639541626,-0.11482767015695572,-0.3954935371875763,-0.7479957342147827,0.06695087254047394,-0.41522371768951416,-0.9976234436035156,-0.05619271099567413,-0.38618552684783936,-0.7438428401947021,-0.1120104193687439,-0.36755049228668213,-0.649843156337738,-0.13043314218521118,-0.2201279252767563,-0.7500830888748169,0.05143638700246811,-0.22975382208824158,-1.0,-0.07343447208404541,-0.2383144199848175,-0.6695747375488281,-0.09267206490039825,-0.24354197084903717,-0.6343368887901306,-0.07131834328174591,-0.05652870237827301,-0.7206568717956543,0.0035912655293941498,-0.04445493593811989,-0.9436847567558289,-0.13660043478012085,-0.0827590748667717,-0.6233679056167603,-0.09515906870365143,-0.09625804424285889,-0.5756878852844238,-0.02892390452325344,0.11195945739746094,-0.6703718304634094,-0.0532524511218071,0.11912354826927185,-0.8326102495193481,-0.12495085597038269,0.07627278566360474,-0.6007220149040222,-0.07953719049692154,0.06637759506702423,-0.5280893445014954,-0.024736987426877022
A,0.0,0.0,0.0,-0.2949813902378082,-0.11573928594589233,-0.08585595339536667,-0.5035219192504883,-0.41464710235595703,-0.10364750772714615,-0.5813772082328796,-0.7365372180938721,-0.1270083487033844,-0.6020427346229553,-0.9737711548805237,-0.12536807358264923,-0.3886870741844177,-0.7534592747688293,0.05999937653541565,-0.4089204668998718,-0.9972789883613586,-0.06417712569236755,-0.3815520703792572,-0.7434836030006409,-0.11961833387613297,-0.36263445019721985,-0.6501649618148804,-0.13773119449615479,-0.2143431454896927,-0.7554602026939392,0.046717893332242966,-0.22542285919189453,-1.0,-0.07928017526865005,-0.23498612642288208,-0.6680083870887756,-0.0972369983792305,-0.2385195642709732,-0.6344387531280518,-0.07445327937602997,-0.050815150141716,-0.7252967357635498,0.000625154294539243,-0.040982212871313095,-0.9435595273971558,-0.1403219997882843,-0.08111484348773956,-0.6243578195571899,-0.09856126457452774,-0.0937594473361969,-0.5795930624008179,-0.03183852881193161,0.11725322157144547,-0.6741798520088196,-0.05499120429158211,0.12092205882072449,-0.8326270580291748,-0.12775039672851562,0.07538595795631409,-0.6022785902023315,-0.08330228924751282,0.06552936881780624,-0.5329300761222839,-0.028941217809915543
A,0.0,0.0,0.0,-0.29682686924934387,-0.10473095625638962,-0.08838335424661636,-0.510972261428833,-0.4063098728656769,-0.10763717442750931,-0.5911248326301575,-0.7370575070381165,-0.13193602859973907,-0.6121228337287903,-0.9760052561759949,-0.13044382631778717,-0.39979586005210876,-0.749264121055603,0.056666579097509384,-0.417578786611557,-1.0,-0.06912846863269806,-0.38592666387557983,-0.7406895160675049,-0.123912014067173,-0.36889684200286865,-0.6493775248527527,-0.14166054129600525,-0.2251099944114685,-0.7521568536758423,0.043798062950372696,-0.23407584428787231,-0.9987355470657349,-0.08390814810991287,-0.23982150852680206,-0.6646168828010559,-0.1009778082370758,-0.24748268723487854,-0.6365182995796204,-0.07787677645683289,-0.06094135716557503,-0.723915696144104,-0.0022559710778295994,-0.047327324748039246,-0.9449855089187622,-0.14474010467529297,-0.08381789922714233,-0.6239269375801086,-0.10093337297439575,-0.10011719912290573,-0.5822761058807373,-0.03343024104833603,0.10811851173639297,-0.6752730011940002,-0.05820033326745033,0.11908341199159622,-0.833320677280426,-0.13255898654460907,0.07614487409591675,-0.6010749340057373,-0.08808077871799469,0.06262709200382233,-0.5304835438728333,-0.03400690108537674
A,0.0,0.0,0.0,-0.2972734868526459,-0.09611431509256363,-0.09135408699512482,-0.5175026059150696,-0.39672616124153137,-0.11207886785268784,-0.599776029586792,-0.730948805809021,-0.1375969499349594,-0.6227431893348694,-0.9726532101631165,-0.13668808341026306,-0.40884721279144287,-0.7514672875404358,0.056123752146959305,-0.425210177898407,-1.0,-0.07367751002311707,-0.3954523801803589,-0.7390763163566589,-0.1286400556564331,-0.37812355160713196,-0.6499661803245544,-0.14550597965717316,-0.23413972556591034,-0.7529438734054565,0.04347541928291321,-0.24038903415203094,-0.9988309144973755,-0.0880223736166954,-0.24743172526359558,-0.6561432480812073,-0.1035572737455368,-0.2555428147315979,-0.6362674236297607,-0.07798472791910172,-0.07048375904560089,-0.7251504063606262,-0.003476434852927923,-0.05374888703227043,-0.944401204586029,-0.1504179835319519,-0.09185454994440079,-0.6163723468780518,-0.10544261336326599,-0.10834355652332306,-0.5831872820854187,-0.03594154492020607,0.0983746349811554,-0.6800258755683899,-0.060606349259614944,0.10984987020492554,-0.8323983550071716,-0.1372424066066742,0.06800306588411331,-0.595298707485199,-0.0922951027750969,0.056760381907224655,-0.5312036275863647,-0.03708598390221596
A,0.0,0.0,0.0,-0.2948109209537506,-0.10116297006607056,-0.09064649790525436,-0.5105217695236206,-0.4018343687057495,-0.11101024597883224,-0.591927170753479,-0.7337040901184082,-0.13586558401584625,-0.6173220276832581,-0.973136842250824,-0.13448157906532288,-0.40300679206848145,-0.7538595199584961,0.05452629178762436,-0.4145268499851227,-1.0,-0.0735882967710495,-0.3886472284793854,-0.740531861782074,-0.12799113988876343,-0.373828262090683,-0.6520430445671082,-0.14510804414749146,-0.22671683132648468,-0.753262460231781,0.04183323308825493,-0.23094069957733154,-0.9999526143074036,-0.0881558284163475,-0.24216757714748383,-0.6622117757797241,-0.10405073314905167,-0.25080379843711853,-0.6426968574523926,-0.07954644411802292,-0.06301719695329666,-0.7228900194168091,-0.004697754513472319,-0.044457729905843735,-0.9394234418869019,-0.14872020483016968,-0.08729493618011475,-0.6200520992279053,-0.10546254366636276,-0.10467462986707687,-0.5908343195915222,-0.038296956568956375,0.10551325231790543,-0.6754940152168274,-0.06137722730636597,0.11732705682516098,-0.8294356465339661,-0.13476169109344482,0.07203521579504013,-0.5970147848129272,-0.09005796909332275,0.06001457944512367,-0.5341564416885376,-0.03606368228793144
A,0.0,0.0,0.0,-0.3011137843132019,-0.10200633108615875,-0.08693448454141617,-0.5163214802742004,-0.400645911693573,-0.10664121061563492,-0.5941414833068848,-0.733657717704773,-0.13177815079689026,-0.6160643696784973,-0.972211480140686,-0.13094733655452728,-0.4047861099243164,-0.7514486908912659,0.05632133409380913,-0.4198664128780365,-0.9994129538536072,-0.06949952244758606,-0.39088529348373413,-0.7398274540901184,-0.1232418492436409,-0.37352821230888367,-0.6509461402893066,-0.14062534272670746,-0.2288561463356018,-0.7517932057380676,0.041876960545778275,-0.23427854478359222,-1.0,-0.08643466979265213,-0.24417856335639954,-0.6625149846076965,-0.10298649221658707,-0.2529517114162445,-0.6400544047355652,-0.07973263412714005,-0.06445092707872391,-0.7225360870361328,-0.005573495291173458,-0.04600934684276581,-0.9443583488464355,-0.1490487903356552,-0.0878836140036583,-0.6224918961524963,-0.1058116927742958,-0.10588479787111282,-0.5870696306228638,-0.039018984884023666,0.1049189567565918,-0.6742141246795654,-0.062757708132267,0.1182083934545517,-0.8315803408622742,-0.13729636371135712,0.07260274142026901,-0.599059522151947,-0.09296227246522903,0.05837618187069893,-0.5319607853889465,-0.03922327980399132
A,0.0,0.0,0.0,-0.298686146736145,-0.09192875027656555,-0.08626360446214676,-0.5108416676521301,-0.4030552804470062,-0.10168460756540298,-0.5847631692886353,-0.740707516670227,-0.12185964733362198,-0.6079874634742737,-0.9750368595123291,-0.11595086008310318,-0.40119078755378723,-0.7485582232475281,0.05468382686376572,-0.41238585114479065,-1.0,-0.06996820867061615,-0.38162028789520264,-0.7363387942314148,-0.12013083696365356,-0.36483973264694214,-0.651205837726593,-0.1345375031232834,-0.22470276057720184,-0.7479611039161682,0.04146299138665199,-0.2274918407201767,-0.9957225322723389,-0.08695543557405472,-0.23752717673778534,-0.6573590636253357,-0.10198302567005157,-0.24705415964126587,-0.6408379077911377,-0.07658663392066956,-0.06046465039253235,-0.7198489904403687,-0.004602869041264057,-0.04160681739449501,-0.9337077736854553,-0.14775000512599945,-0.08357308059930801,-0.6130739450454712,-0.10570435225963593,-0.10187055170536041,-0.587151825428009,-0.03934888541698456,0.1084728017449379,-0.6778414845466614,-0.0601230226457119,0.12074505537748337,-0.8293622732162476,-0.1322976052761078,0.07682982832193375,-0.5968800187110901,-0.08807077258825302,0.06549546122550964,-0.5350937247276306,-0.03452526405453682
A,0.0,0.0,0.0,-0.2940296232700348,-0.09382639825344086,-0.08843372762203217,-0.4998062551021576,-0.4060562551021576,-0.10565020889043808,-0.5705317258834839,-0.7434771656990051,-0.12704789638519287,-0.5981996655464172,-0.9785668849945068,-0.12264349311590195,-0.39342352747917175,-0.7467129826545715,0.04894891381263733,-0.4035765528678894,-1.0,-0.07632404565811157,-0.3738081753253937,-0.7358037829399109,-0.12710613012313843,-0.3581606447696686,-0.6483392715454102,-0.14213044941425323,-0.21668469905853271,-0.7463944554328918,0.03656226396560669,-0.21894249320030212,-0.994488537311554,-0.09198406338691711,-0.22939299046993256,-0.6558370590209961,-0.1075027659535408,-0.23920053243637085,-0.6353804469108582,-0.08309388905763626,-0.05231540650129318,-0.7183821797370911,-0.00838860310614109,-0.03466767445206642,-0.9346527457237244,-0.1517374962568283,-0.0768539234995842,-0.613498866558075,-0.10960814356803894,-0.09575695544481277,-0.5832551717758179,-0.04346087574958801,0.11604616791009903,-0.6758445501327515,-0.06287526339292526,0.1271028220653534,-0.8291581869125366,-0.1360672116279602,0.08289641886949539,-0.5975145697593689,-0.0921478122472763,0.0704721137881279,-0.5332208871841431,-0.038889333605766296
A,0.0,0.0,0.0,-0.2921089828014374,-0.09643328189849854,-0.08869940787553787,-0.4970512390136719,-0.40396004915237427,-0.10789698362350464,-0.5679325461387634,-0.7419881820678711,-0.13204903900623322,-0.5912397503852844,-0.9792324900627136,-0.13023799657821655,-0.38520297408103943,-0.7437247037887573,0.05096534639596939,-0.3995343744754791,-1.0,-0.07727012038230896,-0.3691903054714203,-0.7370393872261047,-0.12959811091423035,-0.3512369990348816,-0.6449109315872192,-0.14464472234249115,-0.21132870018482208,-0.744103729724884,0.038608893752098083,-0.21732237935066223,-0.9943526983261108,-0.09147176891565323,-0.22560544312000275,-0.6538017988204956,-0.10666082799434662,-0.23381531238555908,-0.6330553293228149,-0.08133482933044434,-0.048728007823228836,-0.7178242206573486,-0.006804110016673803,-0.033733565360307693,-0.9403923153877258,-0.1522500067949295,-0.0738334059715271,-0.6150729060173035,-0.10791584849357605,-0.09131962805986404,-0.5799086689949036,-0.03923790156841278,0.11818312853574753,-0.6758219003677368,-0.06191757321357727,0.12799830734729767,-0.8289583921432495,-0.137294739484787,0.08315348625183105,-0.5965619683265686,-0.09308897703886032,0.06974808871746063,-0.5304862260818481,-0.03874443098902702
A,0.0,0.0,0.0,-0.29747697710990906,-0.09628279507160187,-0.08403122425079346,-0.5023907423019409,-0.40476012229919434,-0.1006704717874527,-0.5732482075691223,-0.7436989545822144,-0.12308100610971451,-0.5987561941146851,-0.980588436126709,-0.12001015990972519,-0.3920343220233917,-0.7399367690086365,0.053896043449640274,-0.4059303402900696,-1.0,-0.07239097356796265,-0.3732699453830719,-0.7383046746253967,-0.12507784366607666,-0.3553949296474457,-0.6443541049957275,-0.14084796607494354,-0.21667885780334473,-0.741340160369873,0.03980551287531853,-0.223296657204628,-0.995927631855011,-0.08730205148458481,-0.22885675728321075,-0.6589127779006958,-0.10296668112277985,-0.23599451780319214,-0.632837176322937,-0.07930504530668259,-0.052254363894462585,-0.7155595421791077,-0.006625775247812271,-0.03783472999930382,-0.9424765706062317,-0.1493607610464096,-0.07537929713726044,-0.6178104281425476,-0.10479218512773514,-0.09221945703029633,-0.5760296583175659,-0.03691982850432396,0.11597856134176254,-0.6724016070365906,-0.06242750957608223,0.12816520035266876,-0.8303828239440918,-0.13579072058200836,0.08287828415632248,-0.5984268188476562,-0.09085755795240402,0.06774665415287018,-0.5267812609672546,-0.03680639714002609
A,0.0,0.0,0.0,-0.2888551652431488,-0.09636326134204865,-0.08619572222232819,-0.48987317085266113,-0.4092690646648407,-0.10342191159725189,-0.560599684715271,-0.7441383004188538,-0.12588101625442505,-0.5843560099601746,-0.9777377247810364,-0.12236417084932327,-0.38396403193473816,-0.7443578839302063,0.05098807066679001,-0.39831897616386414,-1.0,-0.0763535350561142,-0.3644939661026001,-0.7385818362236023,-0.12831497192382812,-0.34730470180511475,-0.6449828743934631,-0.143112912774086,-0.21020232141017914,-0.746483564376831,0.03770950436592102,-0.21981655061244965,-0.9947925209999084,-0.09032858163118362,-0.22310872375965118,-0.6538644433021545,-0.10382194817066193,-0.23001360893249512,-0.6317555904388428,-0.07760584354400635,-0.04635727033019066,-0.7197604179382324,-0.008305730298161507,-0.03395697847008705,-0.938595175743103,-0.1508341282606125,-0.0708635151386261,-0.6129729747772217,-0.10426892340183258,-0.08821209520101547,-0.57705157995224,-0.034758903086185455,0.12032685428857803,-0.6753488779067993,-0.06406417489051819,0.1304212361574173,-0.8285079002380371,-0.13738299906253815,0.08586601167917252,-0.596811830997467,-0.09184398502111435,0.07145889103412628,-0.531536340713501,-0.037001851946115494
A,0.0,0.0,0.0,-0.28642112016677856,-0.10672319680452347,-0.08647026121616364,-0.48588618636131287,-0.41254809498786926,-0.10490892082452774,-0.5581738948822021,-0.7420274019241333,-0.1289777159690857,-0.5821378231048584,-0.9763000011444092,-0.12781284749507904,-0.3811908960342407,-0.7473708391189575,0.05531562119722366,-0.3955092430114746,-1.0,-0.07168269902467728,-0.36386796832084656,-0.74104905128479,-0.12632545828819275,-0.34554702043533325,-0.6446482539176941,-0.14303083717823029,-0.2098185122013092,-0.748879075050354,0.04231983423233032,-0.21922162175178528,-0.9933561682701111,-0.08528203517198563,-0.22538043558597565,-0.6579486727714539,-0.10170812159776688,-0.23136989772319794,-0.6309939622879028,-0.07784903794527054,-0.04858285188674927,-0.7212035059928894,-0.0035189171321690083,-0.03432048484683037,-0.9435954689979553,-0.14608410000801086,-0.0726235955953598,-0.6212931871414185,-0.10162539780139923,-0.08904357254505157,-0.5769925713539124,-0.03326214477419853,0.11639486998319626,-0.6733129620552063,-0.059153325855731964,0.1282016932964325,-0.8312048316001892,-0.13486211001873016,0.08280272781848907,-0.5999144911766052,-0.09084348380565643,0.06682869046926498,-0.5272238254547119,-0.036352068185806274
A,0.0,0.0,0.0,-0.2854982614517212,-0.10620997846126556,-0.08278775215148926,-0.48196712136268616,-0.412218302488327,-0.10037395358085632,-0.5532829761505127,-0.739258348941803,-0.12372221052646637,-0.5770222544670105,-0.9722258448600769,-0.12212993949651718,-0.37943848967552185,-0.7473725080490112,0.057129379361867905,-0.3968409299850464,-1.0,-0.06666659563779831,-0.36385858058929443,-0.7443059086799622,-0.12022187560796738,-0.3415207862854004,-0.6452817320823669,-0.13629724085330963,-0.21048696339130402,-0.7502098083496094,0.043594785034656525,-0.22098049521446228,-0.9923833608627319,-0.0796375498175621,-0.22465993463993073,-0.6638764142990112,-0.09496547281742096,-0.2268839031457901,-0.6339125037193298,-0.07127562910318375,-0.051201485097408295,-0.7214125394821167,-0.00205188593827188,-0.03942251205444336,-0.9371145963668823,-0.14045409858226776,-0.07311714440584183,-0.6218799948692322,-0.09605550765991211,-0.08450924605131149,-0.5770062804222107,-0.0288088321685791,0.11196182668209076,-0.6716794967651367,-0.05716535076498985,0.11957088857889175,-0.825944185256958,-0.13051225244998932,0.07916245609521866,-0.5977640748023987,-0.08618967980146408,0.06940630078315735,-0.5259585380554199,-0.03196248039603233
A,0.0,0.0,0.0,-0.2841561436653137,-0.10806365311145782,-0.07692263275384903,-0.4780413806438446,-0.4103476107120514,-0.09265115112066269,-0.5497797727584839,-0.7343869209289551,-0.11548224091529846,-0.5796793699264526,-0.9698370099067688,-0.11450114101171494,-0.382512629032135,-0.7401542663574219,0.06330250203609467,-0.40315231680870056,-1.0,-0.0625610426068306,-0.36825910210609436,-0.7557002902030945,-0.11988512426614761,-0.34464994072914124,-0.6423277854919434,-0.13623857498168945,-0.21563376486301422,-0.7448357939720154,0.04792220890522003,-0.2264404296875,-0.9974963665008545,-0.07533847540616989,-0.22626055777072906,-0.6775270104408264,-0.09416286647319794,-0.2297246754169464,-0.6295069456100464,-0.07170622795820236,-0.058486733585596085,-0.7192074656486511,0.0009396024979650974,-0.047338154166936874,-0.9395873546600342,-0.1365893930196762,-0.07682212442159653,-0.6269462704658508,-0.09518112987279892,-0.09053739905357361,-0.5689454078674316,-0.028530118986964226,0.10269966721534729,-0.6721111536026001,-0.054799843579530716,0.11053355783224106,-0.8322021961212158,-0.1269765943288803,0.07382933050394058,-0.6070104241371155,-0.08273399621248245,0.06281236559152603,-0.5294348001480103,-0.02771342732012272
A,0.0,0.0,0.0,-0.2838478088378906,-0.1136091947555542,-0.06678890436887741,-0.47243228554725647,-0.41394567489624023,-0.08079885691404343,-0.537356972694397,-0.7307949066162109,-0.1028318777680397,-0.5752350091934204,-0.9620497822761536,-0.10369150340557098,-0.3768615126609802,-0.7397496104240417,0.0551852285861969,-0.39539197087287903,-0.9931519031524658,-0.06424042582511902,-0.3629140853881836,-0.7559018731117249,-0.12037153542041779,-0.3369176685810089,-0.633986234664917,-0.1371346116065979,-0.20942576229572296,-0.7459984421730042,0.03613604977726936,-0.2180858552455902,-1.0,-0.08088339865207672,-0.21935921907424927,-0.6895074844360352,-0.100673608481884,-0.2154684066772461,-0.6174527406692505,-0.08134503662586212,-0.051969077438116074,-0.7181156277656555,-0.010858628898859024,-0.04259788244962692,-0.9431070685386658,-0.14217495918273926,-0.07485787570476532,-0.6364496350288391,-0.1032944992184639,-0.08379378914833069,-0.5517678260803223,-0.03990441933274269,0.10792700201272964,-0.6647355556488037,-0.06486722826957703,0.10738658159971237,-0.8276760578155518,-0.1341252624988556,0.06618165969848633,-0.6096020340919495,-0.09003516286611557,0.05396227166056633,-0.5195059180259705,-0.03577522933483124
A,0.0,0.0,0.0,-0.2714062035083771,-0.12109183520078659,-0.05543304979801178,-0.4519576132297516,-0.41835564374923706,-0.07100149989128113,-0.5080146193504333,-0.7191556692123413,-0.0957997739315033,-0.5493941307067871,-0.9468903541564941,-0.10292858630418777,-0.3588680624961853,-0.7267605066299438,0.040389761328697205,-0.3771509528160095,-0.9767782092094421,-0.07242555171251297,-0.34296706318855286,-0.7558109164237976,-0.12973029911518097,-0.3153979778289795,-0.6182321310043335,-0.1488768309354782,-0.1968391090631485,-0.7368727326393127,0.01629653386771679,-0.2035393863916397,-1.0,-0.09422454982995987,-0.20263321697711945,-0.7018442749977112,-0.11612499505281448,-0.19744303822517395,-0.5923452377319336,-0.10025113821029663,-0.04158248007297516,-0.7084305882453918,-0.031016945838928223,-0.032410796731710434,-0.9465282559394836,-0.15215137600898743,-0.062983438372612,-0.64914870262146,-0.114005446434021,-0.07351276278495789,-0.5302402973175049,-0.053582556545734406,0.11446469277143478,-0.6495017409324646,-0.08390159159898758,0.10813628137111664,-0.8272503614425659,-0.14982053637504578,0.06293799728155136,-0.6201079487800598,-0.10523468255996704,0.0415961928665638,-0.5113236308097839,-0.05177542567253113
A,0.0,0.0,0.0,-0.2725246250629425,-0.12510305643081665,-0.05355348065495491,-0.4512880742549896,-0.41909462213516235,-0.06926633417606354,-0.5072643160820007,-0.7135874032974243,-0.09506333619356155,-0.5502212643623352,-0.9398162961006165,-0.10453138500452042,-0.36156755685806274,-0.7215325236320496,0.04434679448604584,-0.3781704604625702,-0.968268632888794,-0.06742016971111298,-0.345907062292099,-0.761264979839325,-0.12686359882354736,-0.324663907289505,-0.6248371601104736,-0.1478152573108673,-0.2009591907262802,-0.7361680269241333,0.018758930265903473,-0.20639173686504364,-1.0,-0.09027881175279617,-0.2088429182767868,-0.7126407027244568,-0.11577492952346802,-0.21103544533252716,-0.6005046367645264,-0.10250604897737503,-0.0460071861743927,-0.7102758288383484,-0.02967660501599312,-0.036347728222608566,-0.9523822069168091,-0.15004780888557434,-0.0691501572728157,-0.6637856364250183,-0.11639419943094254,-0.08468950539827347,-0.5420978665351868,-0.05900092422962189,0.1086084321141243,-0.6490734815597534,-0.08342445641756058,0.09934969246387482,-0.821233868598938,-0.15045538544654846,0.05340656638145447,-0.6203207969665527,-0.1083076000213623,0.029816513881087303,-0.5125316977500916,-0.0564085990190506
A,0.0,0.0,0.0,-0.27002280950546265,-0.12674877047538757,-0.05182383954524994,-0.44645926356315613,-0.4178417921066284,-0.06917524337768555,-0.5016489028930664,-0.7084752917289734,-0.09697026014328003,-0.5488240122795105,-0.9372571706771851,-0.10948009043931961,-0.35803723335266113,-0.7210450768470764,0.03858815133571625,-0.37595775723457336,-0.9667338728904724,-0.07378875464200974,-0.34776321053504944,-0.7660384774208069,-0.13539880514144897,-0.3252328932285309,-0.6262286305427551,-0.15811796486377716,-0.19702643156051636,-0.7336301803588867,0.011656798422336578,-0.201812744140625,-1.0,-0.09895148128271103,-0.20672361552715302,-0.715688943862915,-0.12830963730812073,-0.20527830719947815,-0.5963031053543091,-0.11805665493011475,-0.04056061804294586,-0.7062080502510071,-0.03672385960817337,-0.03204186260700226,-0.9458473920822144,-0.15652240812778473,-0.0673300102353096,-0.658717930316925,-0.12479480355978012,-0.08035796135663986,-0.5326570868492126,-0.06886561214923859,0.1155271902680397,-0.6452116370201111,-0.09009650349617004,0.10441511869430542,-0.8208460807800293,-0.15557299554347992,0.05551088601350784,-0.6228669285774231,-0.11299225687980652,0.03246506676077843,-0.5129455327987671,-0.061063025146722794
A,0.0,0.0,0.0,-0.26954129338264465,-0.11810875684022903,-0.05723295360803604,-0.4525351822376251,-0.4096713662147522,-0.07665582001209259,-0.5093075633049011,-0.7002003788948059,-0.1049879938364029,-0.5495787262916565,-0.9299129247665405,-0.11700653284788132,-0.3627171218395233,-0.72297203540802,0.03280121088027954,-0.37670770287513733,-0.9647449254989624,-0.07973653823137283,-0.34922462701797485,-0.7596479654312134,-0.1399039924144745,-0.32784155011177063,-0.6214500069618225,-0.1619824469089508,-0.20170152187347412,-0.7371538281440735,0.008151303045451641,-0.2004183679819107,-1.0,-0.103985995054245,-0.20791982114315033,-0.7110620737075806,-0.1310875564813614,-0.2102712094783783,-0.5934277176856995,-0.11847175657749176,-0.04680711030960083,-0.7099905610084534,-0.038594964891672134,-0.032454535365104675,-0.9409913420677185,-0.15975439548492432,-0.06932704895734787,-0.6551269292831421,-0.12783171236515045,-0.08428744226694107,-0.535279393196106,-0.07159219682216644,0.10724468529224396,-0.6488889455795288,-0.09073791652917862,0.09924891591072083,-0.8173573613166809,-0.15681789815425873,0.049873098731040955,-0.6203438639640808,-0.11492961645126343,0.024817539379000664,-0.5146827101707458,-0.0633973628282547
A,0.0,0.0,0.0,-0.27120864391326904,-0.11410205066204071,-0.058864742517471313,-0.4553600549697876,-0.4083961248397827,-0.0795532613992691,-0.5116000771522522,-0.7028632164001465,-0.10893497616052628,-0.5498757362365723,-0.9342655539512634,-0.12208867818117142,-0.3643675148487091,-0.7192550897598267,0.02803691476583481,-0.3775508403778076,-0.9627557396888733,-0.08822348713874817,-0.3498765230178833,-0.7542200088500977,-0.14992986619472504,-0.3289574086666107,-0.6179301738739014,-0.17319606244564056,-0.203005850315094,-0.7342536449432373,0.0028694996144622564,-0.20111791789531708,-1.0,-0.11332642287015915,-0.20779851078987122,-0.7070682644844055,-0.14075279235839844,-0.21037593483924866,-0.5916210412979126,-0.1282777041196823,-0.04733366146683693,-0.7101381421089172,-0.04464832320809364,-0.031394775956869125,-0.9412894248962402,-0.169698566198349,-0.06736841797828674,-0.6496192812919617,-0.13657371699810028,-0.08312540501356125,-0.5309088826179504,-0.0792727842926979,0.10814067721366882,-0.6533637642860413,-0.0977860540151596,0.10238175094127655,-0.8208227157592773,-0.16686266660690308,0.05415669456124306,-0.6177074313163757,-0.12488794326782227,0.028795188292860985,-0.5100789666175842,-0.07322238385677338
A,0.0,0.0,0.0,-0.271990031003952,-0.11766506731510162,-0.05073074996471405,-0.45563167333602905,-0.40831121802330017,-0.06716763228178024,-0.5109775066375732,-0.6976903080940247,-0.09436339884996414,-0.5456137657165527,-0.9257792234420776,-0.10558484494686127,-0.36194413900375366,-0.7169950008392334,0.04113694652915001,-0.3755322992801666,-0.9611558318138123,-0.06915906071662903,-0.34756842255592346,-0.7537132501602173,-0.12991364300251007,-0.32593899965286255,-0.6130076050758362,-0.15322533249855042,-0.20217196643352509,-0.734336256980896,0.013704631477594376,-0.2007514387369156,-1.0,-0.09888241440057755,-0.20808418095111847,-0.7109631896018982,-0.12878106534481049,-0.2100820541381836,-0.5862226486206055,-0.11807741969823837,-0.04795398563146591,-0.709252119064331,-0.035084068775177,-0.032943401485681534,-0.940423846244812,-0.15414287149906158,-0.06880097091197968,-0.6546921730041504,-0.12253216654062271,-0.08313878625631332,-0.5288816094398499,-0.06676549464464188,0.10615164786577225,-0.6502419114112854,-0.0889880359172821,0.10018273442983627,-0.8223024010658264,-0.1519782543182373,0.05081036686897278,-0.6278233528137207,-0.1092630997300148,0.02522711269557476,-0.5187951326370239,-0.057701226323843
A,0.0,0.0,0.0,-0.26919642090797424,-0.12337882816791534,-0.048801351338624954,-0.4536570608615875,-0.4135332405567169,-0.06366334855556488,-0.5096060633659363,-0.6977149844169617,-0.08934437483549118,-0.5368807315826416,-0.9235032796859741,-0.09910035133361816,-0.3584195375442505,-0.7254718542098999,0.04597153887152672,-0.3701860308647156,-0.9587681889533997,-0.06014377251267433,-0.34464994072914124,-0.7484000325202942,-0.11896462738513947,-0.3217075765132904,-0.6148599982261658,-0.1425713449716568,-0.19987085461616516,-0.7430902123451233,0.01810978353023529,-0.19881413877010345,-1.0,-0.08957947045564651,-0.2094334214925766,-0.7154996395111084,-0.11792454868555069,-0.20844659209251404,-0.5997279286384583,-0.10756298154592514,-0.046627115458250046,-0.7179268598556519,-0.031202398240566254,-0.030966589227318764,-0.9365102648735046,-0.1453140825033188,-0.07156937569379807,-0.6580545902252197,-0.11480960249900818,-0.0846942886710167,-0.5443176031112671,-0.06186084449291229,0.10639654844999313,-0.6587046384811401,-0.08568321913480759,0.09698604047298431,-0.8193971514701843,-0.14393271505832672,0.044104620814323425,-0.6253491640090942,-0.1014447882771492,0.020377561450004578,-0.5224158763885498,-0.051662370562553406
A,0.0,0.0,0.0,-0.26593896746635437,-0.11537016183137894,-0.04677939787507057,-0.4460521340370178,-0.41047269105911255,-0.060670945793390274,-0.5004733800888062,-0.6939758062362671,-0.08494918048381805,-0.5318487286567688,-0.9165698289871216,-0.09403499215841293,-0.3536704480648041,-0.715146005153656,0.041813649237155914,-0.3654400706291199,-0.9553881883621216,-0.06454578042030334,-0.3394579589366913,-0.7487119436264038,-0.12417104840278625,-0.31578537821769714,-0.6074380278587341,-0.14744088053703308,-0.19691355526447296,-0.7343271374702454,0.01393976341933012,-0.19827215373516083,-1.0,-0.09411236643791199,-0.207949697971344,-0.718936026096344,-0.12420374900102615,-0.2058900147676468,-0.5940492749214172,-0.11438706517219543,-0.04497338831424713,-0.7099898457527161,-0.034051284193992615,-0.0340474508702755,-0.9404577016830444,-0.14684061706066132,-0.07085327059030533,-0.6608946919441223,-0.11512529850006104,-0.08112513273954391,-0.5383746027946472,-0.061053935438394547,0.10778656601905823,-0.6520172953605652,-0.08686194568872452,0.09468728303909302,-0.8127496242523193,-0.14474092423915863,0.04579954594373703,-0.6188417077064514,-0.101035475730896,0.02577180415391922,-0.5156559348106384,-0.05001049116253853
A,0.0,0.0,0.0,-0.259448379278183,-0.10807698965072632,-0.04881412908434868,-0.43922197818756104,-0.4044558107852936,-0.06323119252920151,-0.49351343512535095,-0.687839150428772,-0.0869540423154831,-0.5294304490089417,-0.9065729975700378,-0.09500718116760254,-0.3534334599971771,-0.7041252851486206,0.037908922880887985,-0.3584405183792114,-0.9552274346351624,-0.07169772684574127,-0.331534206867218,-0.7466966509819031,-0.13366903364658356,-0.31014484167099,-0.5948057174682617,-0.15685048699378967,-0.1977272629737854,-0.7306265830993652,0.011371299624443054,-0.19026817381381989,-1.0,-0.10066884011030197,-0.19872358441352844,-0.7188431620597839,-0.13289496302604675,-0.20266705751419067,-0.5871374011039734,-0.12243776768445969,-0.04729411378502846,-0.7134256362915039,-0.035327088087797165,-0.031227439641952515,-0.932957112789154,-0.14712290465831757,-0.059402331709861755,-0.660097599029541,-0.1149764433503151,-0.06916680186986923,-0.544836163520813,-0.06026569381356239,0.10424389690160751,-0.6625238656997681,-0.08732294291257858,0.09801133722066879,-0.8113481402397156,-0.14162445068359375,0.06219233199954033,-0.6229309439659119,-0.09586397558450699,0.048747193068265915,-0.5338075757026672,-0.043427061289548874
A,0.0,0.0,0.0,-0.25174641609191895,-0.10638400912284851,-0.04286374896764755,-0.4235127568244934,-0.4065733850002289,-0.05395297706127167,-0.4703945517539978,-0.688278079032898,-0.07554113864898682,-0.5085465312004089,-0.9025088548660278,-0.08218572288751602,-0.34050095081329346,-0.7001546621322632,0.038595497608184814,-0.3416467010974884,-0.9539966583251953,-0.06939572095870972,-0.3176807165145874,-0.7517330646514893,-0.12992800772190094,-0.29963091015815735,-0.5951380729675293,-0.15147073566913605,-0.189181849360466,-0.7233996391296387,0.009800528176128864,-0.1790284663438797,-1.0,-0.09949766099452972,-0.1868220716714859,-0.7264066934585571,-0.12908361852169037,-0.19168443977832794,-0.5870882272720337,-0.11671628803014755,-0.041948821395635605,-0.7048622369766235,-0.038600701838731766,-0.022079788148403168,-0.9245797991752625,-0.14722104370594025,-0.04971541836857796,-0.6572514176368713,-0.11549188196659088,-0.06356542557477951,-0.536636233329773,-0.06163141131401062,0.10771410167217255,-0.6521865129470825,-0.09197534620761871,0.11052253097295761,-0.8144554495811462,-0.14496377110481262,0.07218673080205917,-0.6280034780502319,-0.09987003356218338,0.04960170015692711,-0.5285604596138,-0.04836888238787651
A,0.0,0.0,0.0,-0.24655312299728394,-0.10298602283000946,-0.04753183573484421,-0.4170355498790741,-0.40198028087615967,-0.059364184737205505,-0.465620756149292,-0.6835108399391174,-0.08003522455692291,-0.5015055537223816,-0.8976464867591858,-0.08450514078140259,-0.3408847749233246,-0.7018118500709534,0.038860972970724106,-0.33916401863098145,-0.951643168926239,-0.06704362481832504,-0.3095628619194031,-0.7524930834770203,-0.12632383406162262,-0.2919244170188904,-0.6011457443237305,-0.1477249413728714,-0.18955911695957184,-0.7262363433837891,0.012744111008942127,-0.17379282414913177,-1.0,-0.09551399201154709,-0.1774175614118576,-0.7291333675384521,-0.12475549429655075,-0.1886799931526184,-0.5942916870117188,-0.11230255663394928,-0.04386890307068825,-0.7083397507667542,-0.03346943482756615,-0.01684734970331192,-0.9209261536598206,-0.14214730262756348,-0.042789384722709656,-0.6593167781829834,-0.11176811158657074,-0.06294123083353043,-0.5449315309524536,-0.05891614034771919,0.10474244505167007,-0.6566183567047119,-0.08498158305883408,0.1144752949476242,-0.8166818022727966,-0.13928501307964325,0.07806269079446793,-0.6332443952560425,-0.09562532603740692,0.05056873708963394,-0.536572277545929,-0.044880617409944534
A,0.0,0.0,0.0,-0.24683831632137299,-0.11328387260437012,-0.043209802359342575,-0.41103920340538025,-0.4072287082672119,-0.05259712040424347,-0.4580354392528534,-0.6812533140182495,-0.0721426010131836,-0.49325183033943176,-0.8908316493034363,-0.07636930048465729,-0.3349262475967407,-0.6962598562240601,0.04877390339970589,-0.33214065432548523,-0.9484468102455139,-0.05487475544214249,-0.30697697401046753,-0.7578652501106262,-0.11680316925048828,-0.29180073738098145,-0.6034342646598816,-0.1400788128376007,-0.18443360924720764,-0.7207210063934326,0.021189270541071892,-0.169623464345932,-1.0,-0.08380351960659027,-0.17413952946662903,-0.7396000623703003,-0.11566310375928879,-0.18404056131839752,-0.5988463163375854,-0.10525333881378174,-0.03991688787937164,-0.7022144198417664,-0.02626878209412098,-0.01306900754570961,-0.9261708855628967,-0.130208820104599,-0.03602354973554611,-0.6730633974075317,-0.10059723258018494,-0.05295896530151367,-0.5523549318313599,-0.04896553233265877,0.10804803669452667,-0.6474586725234985,-0.07917726784944534,0.12158122658729553,-0.8139039278030396,-0.1313507854938507,0.08537042886018753,-0.6360835433006287,-0.08776725828647614,0.05840110406279564,-0.5361225008964539,-0.03727508708834648
A,0.0,0.0,0.0,-0.24032963812351227,-0.11892937868833542,-0.042518988251686096,-0.39664405584335327,-0.41070452332496643,-0.05205971375107765,-0.4380514919757843,-0.6801409721374512,-0.07078354060649872,-0.473313570022583,-0.8868746161460876,-0.07433322072029114,-0.32353150844573975,-0.6971046328544617,0.04497735574841499,-0.3176863193511963,-0.9484763145446777,-0.05368132144212723,-0.29395410418510437,-0.7647258639335632,-0.11396882683038712,-0.2772972881793976,-0.6004786491394043,-0.13621629774570465,-0.17441098392009735,-0.7226108908653259,0.019184716045856476,-0.15942665934562683,-1.0,-0.07994010299444199,-0.16009017825126648,-0.7456017732620239,-0.10969948023557663,-0.16537390649318695,-0.5914990305900574,-0.09855202585458755,-0.03244675695896149,-0.7035782337188721,-0.025497371330857277,-0.0038043821696192026,-0.934255838394165,-0.1219867691397667,-0.024198617786169052,-0.6892081499099731,-0.09155548363924026,-0.038569457828998566,-0.5541867017745972,-0.04072200134396553,0.11239129304885864,-0.6465501189231873,-0.07573637366294861,0.12746521830558777,-0.8186025619506836,-0.12501180171966553,0.09170686453580856,-0.6475008130073547,-0.08225546777248383,0.06378474831581116,-0.5404922962188721,-0.03262721374630928
A,0.0,0.0,0.0,-0.23418080806732178,-0.12282059341669083,-0.039909325540065765,-0.3855750262737274,-0.4118477702140808,-0.05021976679563522,-0.4274432063102722,-0.6758017539978027,-0.07032579183578491,-0.4643010199069977,-0.8813751339912415,-0.07607879489660263,-0.3103499710559845,-0.6948327422142029,0.04242308810353279,-0.3078725337982178,-0.9472226500511169,-0.05377878621220589,-0.2862398028373718,-0.7698049545288086,-0.1133747547864914,-0.2702730596065521,-0.6035043001174927,-0.135581836104393,-0.16275474429130554,-0.7176400423049927,0.015463467687368393,-0.14874714612960815,-1.0,-0.07993949204683304,-0.15267978608608246,-0.7511955499649048,-0.10796256363391876,-0.15857085585594177,-0.5944030284881592,-0.09671806544065475,-0.020825227722525597,-0.6950632929801941,-0.029634464532136917,0.005481776315718889,-0.9381569623947144,-0.12075884640216827,-0.017142849043011665,-0.700989842414856,-0.08943259716033936,-0.030879711732268333,-0.5647839903831482,-0.03984541818499565,0.12286423146724701,-0.6341239213943481,-0.08030850440263748,0.13736370205879211,-0.8130276203155518,-0.12712521851062775,0.09908077120780945,-0.6484507918357849,-0.08463460952043533,0.07179369032382965,-0.5413151383399963,-0.03628593310713768
A,0.0,0.0,0.0,-0.23204249143600464,-0.12841372191905975,-0.04453957453370094,-0.3792751729488373,-0.4145009517669678,-0.05728936195373535,-0.4185532331466675,-0.676462709903717,-0.07850857079029083,-0.45099732279777527,-0.8816086649894714,-0.08413305133581161,-0.3012954294681549,-0.6931282877922058,0.03769242390990257,-0.2953034043312073,-0.9485865235328674,-0.05913861468434334,-0.2735538184642792,-0.7751598358154297,-0.11881045252084732,-0.2600768804550171,-0.6053186058998108,-0.14078663289546967,-0.15367810428142548,-0.7151811718940735,0.013181399554014206,-0.13818804919719696,-1.0,-0.08350266516208649,-0.14069783687591553,-0.7546257972717285,-0.1117764562368393,-0.1486966609954834,-0.5941650867462158,-0.10032724589109421,-0.013999585062265396,-0.6907769441604614,-0.029623182490468025,0.013871289789676666,-0.9373123049736023,-0.12054821103811264,-0.008072207681834698,-0.7057290077209473,-0.0886651948094368,-0.024190865457057953,-0.5655190944671631,-0.03853147104382515,0.12756595015525818,-0.6267088055610657,-0.07855914533138275,0.14445342123508453,-0.8058817982673645,-0.12637172639369965,0.10704464465379715,-0.6495674252510071,-0.08502737432718277,0.07665110379457474,-0.5436390042304993,-0.03699285909533501
A,0.0,0.0,0.0,-0.23124079406261444,-0.12473481893539429,-0.047159746289253235,-0.38073867559432983,-0.4123574197292328,-0.06050415337085724,-0.4217549264431,-0.6738321185112,-0.08206024765968323,-0.4519723653793335,-0.8798807859420776,-0.08783149719238281,-0.30317744612693787,-0.6987025141716003,0.03911702334880829,-0.29843881726264954,-0.9530848264694214,-0.05942554399371147,-0.27667343616485596,-0.7741606831550598,-0.12005645036697388,-0.26503512263298035,-0.6083523035049438,-0.1427653282880783,-0.15690545737743378,-0.7208483219146729,0.015335927717387676,-0.14110501110553741,-1.0,-0.08335185796022415,-0.1445477306842804,-0.7509831190109253,-0.11225190758705139,-0.15563201904296875,-0.5973153710365295,-0.10095558315515518,-0.018944133073091507,-0.6983116269111633,-0.02760939672589302,0.00826788879930973,-0.9401637315750122,-0.12032075971364975,-0.013784407638013363,-0.7056505084037781,-0.08859045803546906,-0.032728783786296844,-0.5708832144737244,-0.03853956609964371,0.12028747797012329,-0.6368234753608704,-0.07703602313995361,0.13422368466854095,-0.8102949261665344,-0.12556004524230957,0.09750466793775558,-0.6470003128051758,-0.08407951146364212,0.06723549216985703,-0.5423738360404968,-0.036093831062316895
A,0.0,0.0,0.0,-0.22686275839805603,-0.1352555900812149,-0.04551288112998009,-0.37265732884407043,-0.4194177985191345,-0.05954829975962639,-0.41014501452445984,-0.6787338256835938,-0.08206479996442795,-0.4368909001350403,-0.8838619589805603,-0.08870766311883926,-0.2969922125339508,-0.7045505046844482,0.04042918607592583,-0.28935813903808594,-0.9534652233123779,-0.057878606021404266,-0.2695334553718567,-0.7687121033668518,-0.1194290965795517,-0.25797924399375916,-0.6067142486572266,-0.1433231383562088,-0.15216077864170074,-0.725029706954956,0.01606704480946064,-0.13562949001789093,-1.0,-0.08050544559955597,-0.14128616452217102,-0.7529106736183167,-0.11001823097467422,-0.15260356664657593,-0.6032935976982117,-0.10047610104084015,-0.01516770664602518,-0.7017396688461304,-0.027260374277830124,0.012129093520343304,-0.9361039400100708,-0.11788704246282578,-0.010208609513938427,-0.7011519074440002,-0.08681415766477585,-0.02885151095688343,-0.5694100260734558,-0.03807946667075157,0.1218961700797081,-0.638500988483429,-0.0769973024725914,0.1399393379688263,-0.8112773299217224,-0.12381923198699951,0.10121293365955353,-0.6472575068473816,-0.08283639699220657,0.06855179369449615,-0.5429645776748657,-0.035824164748191833
A,0.0,0.0,0.0,-0.2228725254535675,-0.14027039706707,-0.04487435519695282,-0.36518600583076477,-0.42147016525268555,-0.06138278916478157,-0.4015575051307678,-0.6762205958366394,-0.0868321880698204,-0.427914559841156,-0.8813522458076477,-0.09692647308111191,-0.2856104373931885,-0.7085655927658081,0.03450518101453781,-0.28102532029151917,-0.9533401727676392,-0.06594257056713104,-0.26285141706466675,-0.7685899138450623,-0.12683723866939545,-0.24930411577224731,-0.6077969670295715,-0.14960560202598572,-0.14256510138511658,-0.7248413562774658,0.008959685452282429,-0.1277836710214615,-1.0,-0.08920954167842865,-0.13294197618961334,-0.7486175894737244,-0.11549217253923416,-0.137873113155365,-0.600710391998291,-0.10304588824510574,-0.006377789657562971,-0.6981423497200012,-0.035419534891843796,0.019500482827425003,-0.935646653175354,-0.12761132419109344,-0.006051890552043915,-0.6985463500022888,-0.09395331889390945,-0.02177266776561737,-0.5676004886627197,-0.042714349925518036,0.12933002412319183,-0.6328583359718323,-0.08600617945194244,0.1433597207069397,-0.8098158240318298,-0.13209635019302368,0.10233914107084274,-0.6465436816215515,-0.08916665613651276,0.07252252101898193,-0.5431844592094421,-0.04061722382903099
A,0.0,0.0,0.0,-0.2252461314201355,-0.13866393268108368,-0.04485249146819115,-0.3685552775859833,-0.4208652675151825,-0.06238482892513275,-0.40787217020988464,-0.676520049571991,-0.08902613818645477,-0.43998485803604126,-0.885430634021759,-0.10027267783880234,-0.29280373454093933,-0.6995154619216919,0.030217640101909637,-0.28740787506103516,-0.953589141368866,-0.07242141664028168,-0.27075207233428955,-0.7691652774810791,-0.13376913964748383,-0.2604171335697174,-0.608347475528717,-0.15675197541713715,-0.14984452724456787,-0.7174012064933777,0.003966478165239096,-0.13448771834373474,-1.0,-0.09692813456058502,-0.1418028324842453,-0.7506574988365173,-0.124828040599823,-0.14812631905078888,-0.6031728982925415,-0.11340951919555664,-0.012324458919465542,-0.693631112575531,-0.0407993346452713,0.01357150450348854,-0.9342053532600403,-0.13359327614307404,-0.013612871989607811,-0.6984223127365112,-0.10034342855215073,-0.030826902016997337,-0.568358302116394,-0.04962620139122009,0.12463521957397461,-0.6317402124404907,-0.0918441116809845,0.13892608880996704,-0.8088565468788147,-0.13750804960727692,0.09653378278017044,-0.6485573649406433,-0.09489432722330093,0.06536992639303207,-0.5465977191925049,-0.047051310539245605
A,0.0,0.0,0.0,-0.23068635165691376,-0.13811428844928741,-0.04440923035144806,-0.3780466914176941,-0.41894277930259705,-0.06104287505149841,-0.4199906885623932,-0.6748166680335999,-0.0874033123254776,-0.45380905270576477,-0.8818495869636536,-0.09796503931283951,-0.3023802936077118,-0.7031377553939819,0.03521079570055008,-0.3001851737499237,-0.9549142718315125,-0.06757697463035583,-0.28276652097702026,-0.7722607254981995,-0.12791375815868378,-0.27179643511772156,-0.6224365830421448,-0.1506393998861313,-0.15896296501159668,-0.72097247838974,0.008023909293115139,-0.1438828557729721,-1.0,-0.09397678822278976,-0.15207929909229279,-0.7482604384422302,-0.1216510608792305,-0.15859605371952057,-0.611594557762146,-0.11011986434459686,-0.02106657437980175,-0.6980844736099243,-0.038139279931783676,0.006411322392523289,-0.9325445294380188,-0.13343684375286102,-0.022593136876821518,-0.6931437253952026,-0.10028453916311264,-0.03993898630142212,-0.570098340511322,-0.049189358949661255,0.11578945815563202,-0.6368023753166199,-0.09057252109050751,0.13056936860084534,-0.8069144487380981,-0.1367192268371582,0.08758723735809326,-0.6438766717910767,-0.09380258619785309,0.05777835100889206,-0.5446030497550964,-0.04558834806084633
A,0.0,0.0,0.0,-0.23351146280765533,-0.13839207589626312,-0.03655834123492241,-0.38299208879470825,-0.4184917211532593,-0.051104649901390076,-0.4250692129135132,-0.6738714575767517,-0.07726866006851196,-0.46048271656036377,-0.8815145492553711,-0.08890805393457413,-0.3052915036678314,-0.6957834362983704,0.03950009122490883,-0.301156222820282,-0.9517849683761597,-0.0626220554113388,-0.28460410237312317,-0.7777112722396851,-0.12540562450885773,-0.26983773708343506,-0.6151338219642639,-0.14890965819358826,-0.16267582774162292,-0.7173754572868347,0.00937697570770979,-0.1468735784292221,-1.0,-0.09029155969619751,-0.15386219322681427,-0.7575716376304626,-0.11941798031330109,-0.15672338008880615,-0.6052884459495544,-0.10880021750926971,-0.02430705726146698,-0.6972470879554749,-0.03889962285757065,0.0010616598883643746,-0.9240593314170837,-0.13018175959587097,-0.023916292935609818,-0.6923330426216125,-0.0984010174870491,-0.03760135546326637,-0.5637078285217285,-0.048640504479408264,0.11305451393127441,-0.6379334926605225,-0.092933788895607,0.12996602058410645,-0.8146938681602478,-0.1351071149110794,0.08838735520839691,-0.6558708548545837,-0.09085968881845474,0.056736499071121216,-0.5511334538459778,-0.042310673743486404
A,0.0,0.0,0.0,-0.2326178103685379,-0.13166458904743195,-0.038486722856760025,-0.3816121816635132,-0.4173033833503723,-0.05430580675601959,-0.4238160252571106,-0.672038733959198,-0.08095846325159073,-0.4630475342273712,-0.8817745447158813,-0.09369310736656189,-0.3038560748100281,-0.7016904354095459,0.031115135177969933,-0.2970079481601715,-0.9541584849357605,-0.07253900915384293,-0.2903330326080322,-0.7843875885009766,-0.1344929039478302,-0.2780662178993225,-0.6198055148124695,-0.15662366151809692,-0.16071362793445587,-0.7210043668746948,0.0016842629993334413,-0.14333124458789825,-1.0,-0.09870772808790207,-0.15584346652030945,-0.7548292875289917,-0.12517400085926056,-0.15501055121421814,-0.6006106734275818,-0.11227109283208847,-0.020942268893122673,-0.6995946764945984,-0.04566939175128937,0.004333747550845146,-0.9228140115737915,-0.13843388855457306,-0.023046990856528282,-0.6881081461906433,-0.10458425432443619,-0.03233128786087036,-0.5580485463142395,-0.052892230451107025,0.11692037433385849,-0.6404560208320618,-0.09870684891939163,0.1318519115447998,-0.8205590844154358,-0.14202013611793518,0.09001278132200241,-0.6570553779602051,-0.09583722800016403,0.06314165890216827,-0.5502916574478149,-0.04527170583605766
A,0.0,0.0,0.0,-0.23628221452236176,-0.13107286393642426,-0.0408690981566906,-0.3828650116920471,-0.4175194203853607,-0.0555083267390728,-0.42231202125549316,-0.6734777092933655,-0.07994218915700912,-0.4612954258918762,-0.8789096474647522,-0.08956088125705719,-0.30356696248054504,-0.6992484331130981,0.029188837856054306,-0.29648786783218384,-0.9522132277488708,-0.07199768722057343,-0.28036147356033325,-0.7742263078689575,-0.13019780814647675,-0.2648312449455261,-0.6054643988609314,-0.14958572387695312,-0.15780602395534515,-0.7204799056053162,0.0017706291982904077,-0.13872362673282623,-1.0,-0.09737289696931839,-0.1417541652917862,-0.7465651035308838,-0.12062780559062958,-0.14043717086315155,-0.5912444591522217,-0.10468782484531403,-0.017550738528370857,-0.6995819211006165,-0.04364043101668358,0.015200715512037277,-0.9259725213050842,-0.13533750176429749,-0.006953244563192129,-0.6925093531608582,-0.09969979524612427,-0.018810437992215157,-0.5643786787986755,-0.04659796506166458,0.11976908892393112,-0.6400257349014282,-0.09477261453866959,0.14130833745002747,-0.8176834583282471,-0.13699641823768616,0.10470147430896759,-0.6601223945617676,-0.09005185961723328,0.07731006294488907,-0.5595037341117859,-0.03876037150621414
A,0.0,0.0,0.0,-0.23363004624843597,-0.13751167058944702,-0.03910043090581894,-0.37637656927108765,-0.4238126575946808,-0.05274144932627678,-0.4130285978317261,-0.6774629354476929,-0.07702174782752991,-0.4522479474544525,-0.8825896978378296,-0.08685729652643204,-0.289263516664505,-0.7097700834274292,0.033638328313827515,-0.28690633177757263,-0.9549415707588196,-0.06645190715789795,-0.275270015001297,-0.7827649116516113,-0.12576912343502045,-0.259991317987442,-0.616452157497406,-0.14615145325660706,-0.14481095969676971,-0.7278673052787781,0.0061716181226074696,-0.12719222903251648,-1.0,-0.09262882173061371,-0.13843289017677307,-0.7512947916984558,-0.11855261027812958,-0.1382702887058258,-0.5972920060157776,-0.10496223717927933,-0.00569722568616271,-0.7038254737854004,-0.039186131209135056,0.025346172973513603,-0.926709771156311,-0.13039420545101166,-0.005405001807957888,-0.6964712738990784,-0.09726393222808838,-0.016764214262366295,-0.5674939751625061,-0.045784782618284225,0.13153958320617676,-0.6414207816123962,-0.09020917117595673,0.15170955657958984,-0.8257971405982971,-0.13183504343032837,0.10755964368581772,-0.6735023856163025,-0.08620661497116089,0.07932974398136139,-0.57082200050354,-0.03564906492829323
A,0.0,0.0,0.0,-0.2296944558620453,-0.13305310904979706,-0.04562532529234886,-0.37387824058532715,-0.4198507070541382,-0.0609232634305954,-0.41568875312805176,-0.671912670135498,-0.08515553921461105,-0.4564044177532196,-0.8791348934173584,-0.09380391985177994,-0.29906943440437317,-0.7029614448547363,0.030573228374123573,-0.2981380224227905,-0.9502646923065186,-0.06978634744882584,-0.2711743116378784,-0.7739219665527344,-0.1307644546031952,-0.2539743185043335,-0.6062928438186646,-0.15244098007678986,-0.1526366025209427,-0.7271174192428589,0.0064588747918605804,-0.13407489657402039,-1.0,-0.09013403952121735,-0.1331917941570282,-0.7460315823554993,-0.11571165174245834,-0.13789667189121246,-0.5923339128494263,-0.10246250033378601,-0.01246658805757761,-0.7051361799240112,-0.03625764697790146,0.02191540226340294,-0.9353719353675842,-0.1264522671699524,-0.0008090115734376013,-0.7058260440826416,-0.0936247929930687,-0.01727985590696335,-0.5752322673797607,-0.04287484288215637,0.12391643971204758,-0.6420863270759583,-0.08517763018608093,0.14996877312660217,-0.8251001834869385,-0.12805849313735962,0.10990492254495621,-0.6749584674835205,-0.08369112759828568,0.07650641351938248,-0.5711932182312012,-0.03404382988810539
A,0.0,0.0,0.0,-0.23105241358280182,-0.1389203667640686,-0.04631394147872925,-0.3747499883174896,-0.4232790172100067,-0.05983695387840271,-0.415966272354126,-0.6762790679931641,-0.08284586668014526,-0.4578595757484436,-0.8844826817512512,-0.08981101959943771,-0.29985105991363525,-0.6977754235267639,0.03994614630937576,-0.3013783097267151,-0.9496863484382629,-0.058012355118989944,-0.2723488211631775,-0.7827590107917786,-0.11794161051511765,-0.2555575668811798,-0.6156266927719116,-0.13837318122386932,-0.15497572720050812,-0.7248627543449402,0.017682984471321106,-0.13833074271678925,-1.0,-0.07633231580257416,-0.1292526125907898,-0.7522463202476501,-0.10228925198316574,-0.13242368400096893,-0.5966913104057312,-0.08894055336713791,-0.01681048795580864,-0.7055312395095825,-0.02392827905714512,0.01549892034381628,-0.9353543519973755,-0.112260602414608,0.0040380521677434444,-0.7118207216262817,-0.08049142360687256,-0.007698909379541874,-0.5787075757980347,-0.029857182875275612,0.11919018626213074,-0.64556884765625,-0.07203556597232819,0.14661379158496857,-0.8364923596382141,-0.11312931776046753,0.11573552340269089,-0.694921612739563,-0.06927932798862457,0.08597785234451294,-0.590195894241333,-0.019680455327033997
A,0.0,0.0,0.0,-0.23108512163162231,-0.14252756536006927,-0.04014920815825462,-0.3743284344673157,-0.4271378517150879,-0.05045367032289505,-0.41543519496917725,-0.6750764846801758,-0.07184755802154541,-0.45651164650917053,-0.8783566951751709,-0.07764429599046707,-0.29948505759239197,-0.6970736384391785,0.0468304306268692,-0.3015125095844269,-0.9503050446510315,-0.04917903244495392,-0.2711232304573059,-0.7748544216156006,-0.10941637307405472,-0.253264456987381,-0.6046491265296936,-0.13017229735851288,-0.1564532369375229,-0.7234781384468079,0.022595025599002838,-0.14063209295272827,-1.0,-0.06994698941707611,-0.13409024477005005,-0.7504400014877319,-0.09688223153352737,-0.13892996311187744,-0.591681957244873,-0.08418411016464233,-0.019518662244081497,-0.705120325088501,-0.020478110760450363,0.01299744751304388,-0.9370453953742981,-0.10554828494787216,-0.0007808558875694871,-0.7119685411453247,-0.07455421984195709,-0.012921896763145924,-0.5768017172813416,-0.024911856278777122,0.11653266847133636,-0.6467365622520447,-0.06982151418924332,0.14817175269126892,-0.8405877351760864,-0.10810600221157074,0.11402955651283264,-0.6970495581626892,-0.06474906206130981,0.08199135959148407,-0.5902087092399597,-0.015919269993901253
A,0.0,0.0,0.0,-0.23478452861309052,-0.14072872698307037,-0.04396304115653038,-0.37960579991340637,-0.42054077982902527,-0.05782792344689369,-0.42228925228118896,-0.6761537194252014,-0.08167845010757446,-0.463946133852005,-0.8806148767471313,-0.08947287499904633,-0.3049981892108917,-0.6911771893501282,0.03592289611697197,-0.301619291305542,-0.9558591246604919,-0.06340885907411575,-0.2679719030857086,-0.7816594839096069,-0.12456028908491135,-0.252884179353714,-0.6078436374664307,-0.14519144594669342,-0.15981519222259521,-0.7197647094726562,0.013499022461473942,-0.14106367528438568,-1.0,-0.0819617286324501,-0.127315953373909,-0.7509274482727051,-0.10942824929952621,-0.13378234207630157,-0.5864654183387756,-0.09702031314373016,-0.020895477384328842,-0.7052187919616699,-0.02748859114944935,0.010855842381715775,-0.9352474212646484,-0.11395281553268433,0.004742161370813847,-0.7136059999465942,-0.08277998864650726,-0.008198351599276066,-0.5745619535446167,-0.032849788665771484,0.11625999957323074,-0.6517240405082703,-0.07488511502742767,0.14669358730316162,-0.8414919376373291,-0.11410662531852722,0.12085433304309845,-0.7019997239112854,-0.07089181244373322,0.09045126289129257,-0.5968419909477234,-0.0217977836728096
A,0.0,0.0,0.0,-0.23757213354110718,-0.14261403679847717,-0.04123958945274353,-0.37962910532951355,-0.4219565987586975,-0.05285629257559776,-0.42130282521247864,-0.6773472428321838,-0.07558764517307281,-0.4611610174179077,-0.8760814070701599,-0.08151459693908691,-0.3021639287471771,-0.6896268129348755,0.04202062264084816,-0.3038051724433899,-0.9542572498321533,-0.053770098835229874,-0.2660541236400604,-0.7780866026878357,-0.11432713270187378,-0.2462150752544403,-0.602547824382782,-0.1347251683473587,-0.15493765473365784,-0.7168118357658386,0.01982833445072174,-0.14319553971290588,-1.0,-0.06770720332860947,-0.1264370083808899,-0.7573391795158386,-0.09241591393947601,-0.12700968980789185,-0.5931926965713501,-0.08069215714931488,-0.016003768891096115,-0.69696044921875,-0.020977670326828957,0.010394756682217121,-0.9415642023086548,-0.10115821659564972,0.00431077042594552,-0.7294824719429016,-0.06946371495723724,-0.002999179996550083,-0.5843369364738464,-0.020849168300628662,0.12287168949842453,-0.6379454135894775,-0.06821494549512863,0.15259703993797302,-0.8507100343704224,-0.10318981111049652,0.1269041746854782,-0.729454517364502,-0.06038729101419449,0.10082598775625229,-0.6217001080513,-0.012606082484126091
A,0.0,0.0,0.0,-0.2306004762649536,-0.14545217156410217,-0.039884358644485474,-0.3709563612937927,-0.42631685733795166,-0.052077386528253555,-0.4120216369628906,-0.6810817718505859,-0.0748150423169136,-0.45309317111968994,-0.8829423189163208,-0.0818253606557846,-0.29449063539505005,-0.6803707480430603,0.03624046966433525,-0.2918112874031067,-0.9546541571617126,-0.0575401671230793,-0.2624126076698303,-0.7965387105941772,-0.1174173653125763,-0.24614453315734863,-0.616176426410675,-0.13792763650417328,-0.15169058740139008,-0.7095764875411987,0.013645746745169163,-0.13577690720558167,-1.0,-0.07118038833141327,-0.12378840148448944,-0.7675211429595947,-0.09584858268499374,-0.12463261932134628,-0.596718966960907,-0.08531408756971359,-0.014926014468073845,-0.6917769312858582,-0.026582326740026474,0.011943760327994823,-0.942065954208374,-0.10325285792350769,0.004255078732967377,-0.7345751523971558,-0.07111886143684387,-0.0009871702641248703,-0.5845367908477783,-0.024076493456959724,0.12170210480690002,-0.634402871131897,-0.07322666049003601,0.14950606226921082,-0.8491213917732239,-0.10898105800151825,0.12474508583545685,-0.7260452508926392,-0.06611006706953049,0.10364263504743576,-0.6139074563980103,-0.01886230893433094
A,0.0,0.0,0.0,-0.23172292113304138,-0.15998156368732452,-0.02654651366174221,-0.3662722706794739,-0.4350546896457672,-0.033246368169784546,-0.40708646178245544,-0.6874731183052063,-0.053382426500320435,-0.442626953125,-0.8849102258682251,-0.05914456397294998,-0.2851700484752655,-0.6834631562232971,0.05480426549911499,-0.28103089332580566,-0.9560994505882263,-0.03191458806395531,-0.25063514709472656,-0.804110050201416,-0.08934041857719421,-0.2371722310781479,-0.6256946921348572,-0.10902690142393112,-0.1440376341342926,-0.7103231549263,0.027749551460146904,-0.13060146570205688,-1.0,-0.05071535333991051,-0.11460328847169876,-0.7768425345420837,-0.07725723832845688,-0.11828216910362244,-0.606645941734314,-0.06964908540248871,-0.00762297585606575,-0.6917250752449036,-0.015641866251826286,0.013543910346925259,-0.9528189897537231,-0.08637421578168869,0.009543292224407196,-0.751552402973175,-0.05583590269088745,0.0017146585742011666,-0.599177896976471,-0.0113939568400383,0.1302683800458908,-0.6331950426101685,-0.064242422580719,0.15254051983356476,-0.8521562814712524,-0.09648832678794861,0.1307455599308014,-0.7307319641113281,-0.05391884222626686,0.10903563350439072,-0.6181986331939697,-0.007921040989458561
A,0.0,0.0,0.0,-0.2272319793701172,-0.1697448343038559,-0.03141704574227333,-0.3590792417526245,-0.43716728687286377,-0.04295286536216736,-0.3989001512527466,-0.6852162480354309,-0.06733954697847366,-0.43188127875328064,-0.8826627731323242,-0.07732415944337845,-0.27190884947776794,-0.6780689358711243,0.04447363317012787,-0.267153799533844,-0.9580439329147339,-0.04426812008023262,-0.2434278428554535,-0.815152645111084,-0.10322874039411545,-0.23518019914627075,-0.6373235583305359,-0.12376853823661804,-0.13090325891971588,-0.7007878422737122,0.01909046433866024,-0.11549839377403259,-1.0,-0.06272576749324799,-0.10778350383043289,-0.7856488227844238,-0.09224492311477661,-0.11682441085577011,-0.6108030080795288,-0.08642465621232986,0.004557561594992876,-0.6778780221939087,-0.0225734431296587,0.026859140023589134,-0.954833984375,-0.09337212890386581,0.015168997459113598,-0.765350878238678,-0.06654554605484009,0.0033083055168390274,-0.6075473427772522,-0.024606404826045036,0.1406906694173813,-0.6150797009468079,-0.06990961730480194,0.1630740910768509,-0.8449617028236389,-0.10206876695156097,0.1380363553762436,-0.740088939666748,-0.06316595524549484,0.11485889554023743,-0.6276927590370178,-0.0198797769844532
A,0.0,0.0,0.0,-0.23120668530464172,-0.17660076916217804,-0.021380534395575523,-0.3634476065635681,-0.44712337851524353,-0.027756625786423683,-0.40303710103034973,-0.6937690377235413,-0.049703456461429596,-0.4371994137763977,-0.8921194672584534,-0.05796866491436958,-0.276521772146225,-0.6842711567878723,0.05754608288407326,-0.27453961968421936,-0.9643322229385376,-0.027784844860434532,-0.2500826418399811,-0.8258398771286011,-0.08375795185565948,-0.24292246997356415,-0.6523473858833313,-0.1022297590970993,-0.13674132525920868,-0.7075445652008057,0.027474358677864075,-0.12454160302877426,-1.0,-0.05035875737667084,-0.11465668678283691,-0.7840560674667358,-0.07709414511919022,-0.12111768871545792,-0.6146516799926758,-0.06978640705347061,-3.801495040534064e-05,-0.6885126829147339,-0.018541863188147545,0.017222827300429344,-0.9574217200279236,-0.08706986159086227,0.0067232525907456875,-0.7600262761116028,-0.05730734020471573,-0.003583679674193263,-0.6030316948890686,-0.01338900811970234,0.13652504980564117,-0.6295506954193115,-0.06956339627504349,0.1573885828256607,-0.8595298528671265,-0.09909926354885101,0.13098591566085815,-0.7477900385856628,-0.056715719401836395,0.10749934613704681,-0.6320129632949829,-0.011038463562726974
A,0.0,0.0,0.0,-0.22549283504486084,-0.1761147677898407,-0.03236916661262512,-0.3620213568210602,-0.44426393508911133,-0.0449361689388752,-0.4049340784549713,-0.6890294551849365,-0.07074876129627228,-0.43867355585098267,-0.8896538019180298,-0.08310115337371826,-0.2749394178390503,-0.6837206482887268,0.042785994708538055,-0.2728375494480133,-0.9611254930496216,-0.046445149928331375,-0.24776218831539154,-0.8288581967353821,-0.10657326877117157,-0.23735742270946503,-0.6540169715881348,-0.1279079169034958,-0.13453693687915802,-0.7063236832618713,0.01686718687415123,-0.12012732028961182,-1.0,-0.06595566868782043,-0.10986580699682236,-0.7885922789573669,-0.09650134295225143,-0.11488912999629974,-0.6090958714485168,-0.09100000560283661,0.0028516228776425123,-0.6836601495742798,-0.025416411459445953,0.0220068097114563,-0.9574374556541443,-0.09760135412216187,0.010648240335285664,-0.7678770422935486,-0.07254920899868011,-0.0013114167377352715,-0.604256272315979,-0.031008485704660416,0.13775570690631866,-0.6190863847732544,-0.07328008860349655,0.1573895961046219,-0.845620334148407,-0.10762296617031097,0.12886717915534973,-0.7385520339012146,-0.06965269893407822,0.103030726313591,-0.6191157698631287,-0.0264145415276289
A,0.0,0.0,0.0,-0.22763201594352722,-0.18277475237846375,-0.025769606232643127,-0.36575260758399963,-0.44746753573417664,-0.03637769818305969,-0.40914297103881836,-0.6887781620025635,-0.06219543144106865,-0.44311076402664185,-0.8883483409881592,-0.07520163059234619,-0.2729523479938507,-0.6787660121917725,0.05315900966525078,-0.27232667803764343,-0.9596222043037415,-0.03548019751906395,-0.24621745944023132,-0.8291759490966797,-0.09814915806055069,-0.2343202829360962,-0.654492199420929,-0.1214379221200943,-0.13546937704086304,-0.7011425495147705,0.024170197546482086,-0.12336988002061844,-1.0,-0.05631951615214348,-0.11439426988363266,-0.7971674799919128,-0.09003393352031708,-0.12093761563301086,-0.6200205683708191,-0.0882984846830368,6.1033824749756604e-05,-0.6816436648368835,-0.021063916385173798,0.01727101393043995,-0.9652835726737976,-0.08905361592769623,0.004061476327478886,-0.7796943783760071,-0.06514828652143478,-0.009506472386419773,-0.6160014271736145,-0.02616763673722744,0.13469411432743073,-0.6212030649185181,-0.07179339230060577,0.15192046761512756,-0.8501939177513123,-0.10119923204183578,0.12057478725910187,-0.7425692081451416,-0.06231825426220894,0.09152684360742569,-0.6221954226493835,-0.0201683659106493
A,0.0,0.0,0.0,-0.23005378246307373,-0.17576473951339722,-0.03401612862944603,-0.37294942140579224,-0.4349159002304077,-0.0506153330206871,-0.41988450288772583,-0.6791983246803284,-0.08161415904760361,-0.4528707265853882,-0.8843597173690796,-0.1001790314912796,-0.2838880121707916,-0.6843545436859131,0.04406962916254997,-0.2814081013202667,-0.9599707722663879,-0.050939954817295074,-0.25715237855911255,-0.8241335153579712,-0.11571697890758514,-0.24850055575370789,-0.6492686867713928,-0.13955308496952057,-0.14342361688613892,-0.7060223817825317,0.01587274856865406,-0.13180887699127197,-1.0,-0.07339821010828018,-0.12166494131088257,-0.7866467237472534,-0.10859766602516174,-0.12787553668022156,-0.610324501991272,-0.10530517250299454,-0.005338598974049091,-0.6864509582519531,-0.029480136930942535,0.008905298076570034,-0.9651703834533691,-0.1082986369729042,0.0007388180820271373,-0.7686482071876526,-0.08419737219810486,-0.010122623294591904,-0.6057823896408081,-0.04165364429354668,0.12987826764583588,-0.6252672076225281,-0.08047351241111755,0.14502759277820587,-0.8529176712036133,-0.11900347471237183,0.11974354088306427,-0.735363781452179,-0.08017392456531525,0.09527963399887085,-0.6138430833816528,-0.035475388169288635
A,0.0,0.0,0.0,-0.22765883803367615,-0.1786075234413147,-0.03577318787574768,-0.3712771236896515,-0.44050469994544983,-0.05337181314826012,-0.4180295169353485,-0.682064950466156,-0.08438538759946823,-0.4485008120536804,-0.8848463892936707,-0.10185220837593079,-0.284162700176239,-0.6850374341011047,0.03482189029455185,-0.2808939218521118,-0.9596150517463684,-0.06074671074748039,-0.2564319670200348,-0.8248304128646851,-0.12413620203733444,-0.24868498742580414,-0.6495459675788879,-0.1469470113515854,-0.140950545668602,-0.7062597870826721,0.007805955596268177,-0.12793320417404175,-1.0,-0.08128829300403595,-0.12101389467716217,-0.7861467003822327,-0.11314181983470917,-0.12963034212589264,-0.6105632781982422,-0.1081010177731514,0.00022531329886987805,-0.6847003698348999,-0.036075443029403687,0.020170703530311584,-0.9679781198501587,-0.11361847072839737,0.004951597191393375,-0.7738529443740845,-0.08788154274225235,-0.012058365158736706,-0.6106345057487488,-0.04503079503774643,0.1387048214673996,-0.6199708580970764,-0.08573814481496811,0.16290046274662018,-0.8523019552230835,-0.12252309918403625,0.12769730389118195,-0.7433443069458008,-0.08423121273517609,0.09217935055494308,-0.6239568591117859,-0.04059898108243942
A,0.0,0.0,0.0,-0.2317320704460144,-0.17263084650039673,-0.03295796737074852,-0.3745151162147522,-0.43829208612442017,-0.0474156029522419,-0.41888144612312317,-0.6854714155197144,-0.07675784081220627,-0.45331016182899475,-0.8903918862342834,-0.09242955595254898,-0.2855570316314697,-0.6810541152954102,0.04680129885673523,-0.2856585383415222,-0.9642383456230164,-0.05026598647236824,-0.2569113075733185,-0.8234055638313293,-0.11577541381120682,-0.24643763899803162,-0.6505162715911865,-0.1397138088941574,-0.1412748098373413,-0.7021802663803101,0.01838979683816433,-0.12993791699409485,-1.0,-0.07169690728187561,-0.11911121755838394,-0.7783041596412659,-0.10475138574838638,-0.12665022909641266,-0.6088317632675171,-0.10046259313821793,-0.0003564760263543576,-0.6812297105789185,-0.027846094220876694,0.017407646402716637,-0.9719618558883667,-0.1071595698595047,0.005103894975036383,-0.7713257074356079,-0.08083874732255936,-0.009745276533067226,-0.6094335913658142,-0.037204988300800323,0.14064498245716095,-0.6204862594604492,-0.07984517514705658,0.16130487620830536,-0.8578444123268127,-0.1171896681189537,0.12948259711265564,-0.7451321482658386,-0.07818847894668579,0.09786279499530792,-0.6254627704620361,-0.03402603045105934
A,0.0,0.0,0.0,-0.23095475137233734,-0.17385555803775787,-0.034793298691511154,-0.37273162603378296,-0.43867698311805725,-0.051424603909254074,-0.41396406292915344,-0.6881816983222961,-0.08243323117494583,-0.44282907247543335,-0.8959908485412598,-0.09999356418848038,-0.28059646487236023,-0.6883128881454468,0.042806826531887054,-0.274827241897583,-0.9632644057273865,-0.055067747831344604,-0.2507668137550354,-0.8208957314491272,-0.12076672911643982,-0.24142371118068695,-0.6430519819259644,-0.14475592970848083,-0.1340131312608719,-0.7080715298652649,0.015131020918488503,-0.12183985114097595,-1.0,-0.07595743238925934,-0.11429332941770554,-0.7761900424957275,-0.10876504331827164,-0.11876428127288818,-0.603595495223999,-0.1043114885687828,0.009424366056919098,-0.685530960559845,-0.03022952750325203,0.029752686619758606,-0.9774435758590698,-0.11124065518379211,0.012936009094119072,-0.7760647535324097,-0.0844593271613121,-0.0004864915390498936,-0.6110014915466309,-0.04037116467952728,0.15387481451034546,-0.6233354210853577,-0.08131930977106094,0.17675842344760895,-0.863066554069519,-0.12091129273176193,0.1402173787355423,-0.7475240230560303,-0.08190976083278656,0.10774849355220795,-0.6240576505661011,-0.0372830331325531
A,0.0,0.0,0.0,-0.22879311442375183,-0.17360356450080872,-0.03270602971315384,-0.36635199189186096,-0.4473991394042969,-0.045802805572748184,-0.40454456210136414,-0.6980624198913574,-0.07400106638669968,-0.4308007061481476,-0.9046458005905151,-0.08853472024202347,-0.2678500711917877,-0.6935637593269348,0.05156650021672249,-0.26567521691322327,-0.9658019542694092,-0.044680316001176834,-0.24651753902435303,-0.8172070980072021,-0.10803159326314926,-0.236801877617836,-0.64485764503479,-0.130421981215477,-0.12339077144861221,-0.7115650177001953,0.02350820042192936,-0.1118692085146904,-1.0,-0.06532061100006104,-0.11178912222385406,-0.7704638242721558,-0.09416279196739197,-0.1141107827425003,-0.6092134118080139,-0.08658412098884583,0.016793835908174515,-0.6874973177909851,-0.022985775023698807,0.037913866341114044,-0.9730157256126404,-0.10229074209928513,0.01398285012692213,-0.7655612826347351,-0.07049266248941422,0.0036155730485916138,-0.6087280511856079,-0.023043788969516754,0.15923017263412476,-0.6246639490127563,-0.07553145289421082,0.18291212618350983,-0.8613558411598206,-0.11213447153568268,0.13916966319084167,-0.7390021681785583,-0.06938869506120682,0.10755662620067596,-0.6177619099617004,-0.022352054715156555
A,0.0,0.0,0.0,-0.22842149436473846,-0.16987214982509613,-0.028299298137426376,-0.3666142225265503,-0.44788026809692383,-0.03670407831668854,-0.402783066034317,-0.7025851607322693,-0.061594437807798386,-0.4246281385421753,-0.9099263548851013,-0.07287666946649551,-0.2602924406528473,-0.689369797706604,0.06439316272735596,-0.2563783824443817,-0.9623710513114929,-0.03132326155900955,-0.23794026672840118,-0.8059685230255127,-0.09513780474662781,-0.23054173588752747,-0.6312722563743591,-0.11798597872257233,-0.11877741664648056,-0.709129273891449,0.035000991076231,-0.10515305399894714,-1.0,-0.057599905878305435,-0.10819706320762634,-0.7629984617233276,-0.08948935568332672,-0.11149952560663223,-0.595960259437561,-0.08194126933813095,0.019759466871619225,-0.6886957287788391,-0.013238810934126377,0.04346182942390442,-0.9677334427833557,-0.09567739069461823,0.015282469801604748,-0.7524911165237427,-0.06713267415761948,0.0006478470168076456,-0.5944153666496277,-0.020029576495289803,0.16380450129508972,-0.6307900547981262,-0.06720113754272461,0.18931761384010315,-0.8585099577903748,-0.10493835806846619,0.13996723294258118,-0.7290477156639099,-0.06466317921876907,0.10075568407773972,-0.6071733832359314,-0.01906011812388897
A,0.0,0.0,0.0,-0.23662878572940826,-0.1842353641986847,-0.025738457217812538,-0.37166544795036316,-0.46059513092041016,-0.027974484488368034,-0.40904149413108826,-0.7138437032699585,-0.04605603590607643,-0.4286876916885376,-0.9109375476837158,-0.04893721640110016,-0.2680492401123047,-0.6916845440864563,0.07647055387496948,-0.262892484664917,-0.9551493525505066,-0.012427762150764465,-0.24131757020950317,-0.7842750549316406,-0.07180789113044739,-0.2301296442747116,-0.61417555809021,-0.09355969727039337,-0.12217502295970917,-0.7145791053771973,0.048598311841487885,-0.11124421656131744,-1.0,-0.038325175642967224,-0.10865962505340576,-0.754984438419342,-0.06584607809782028,-0.10621693730354309,-0.5960538387298584,-0.05650538578629494,0.016464123502373695,-0.6958115100860596,0.0016166975256055593,0.03992548957467079,-0.9636690616607666,-0.07590384036302567,0.015211861580610275,-0.7486192584037781,-0.04181010648608208,0.007006488274782896,-0.5976020693778992,0.007668495178222656,0.16052904725074768,-0.6363577246665955,-0.051392730325460434,0.1839502453804016,-0.854678213596344,-0.08331584930419922,0.1361483633518219,-0.7288163900375366,-0.039642028510570526,0.1019081324338913,-0.6165286898612976,0.006974995601922274
A,0.0,0.0,0.0,-0.2403119057416916,-0.18802015483379364,-0.025988200679421425,-0.381740927696228,-0.4659537971019745,-0.029604075476527214,-0.414480060338974,-0.7230849862098694,-0.049142029136419296,-0.43336179852485657,-0.9238730072975159,-0.05429058149456978,-0.2745109498500824,-0.7067599296569824,0.07537034898996353,-0.2611510455608368,-0.9622178673744202,-0.020254021510481834,-0.24005621671676636,-0.8053954243659973,-0.08392667770385742,-0.23148050904273987,-0.6342154741287231,-0.10532213002443314,-0.12520043551921844,-0.7246304154396057,0.04705042764544487,-0.1067078486084938,-1.0,-0.047106895595788956,-0.10350362211465836,-0.760564923286438,-0.07820983976125717,-0.10675796866416931,-0.596829891204834,-0.06782574206590652,0.014966190792620182,-0.7022517919540405,-0.0008158580749295652,0.043173570185899734,-0.9494036436080933,-0.08608533442020416,0.023637033998966217,-0.7358177304267883,-0.05550917983055115,0.013388065621256828,-0.5867757797241211,-0.004009346943348646,0.15914218127727509,-0.6386129260063171,-0.05397794768214226,0.18380360305309296,-0.8608117699623108,-0.08775945752859116,0.14835207164287567,-0.7377223372459412,-0.042534537613391876,0.1211261972784996,-0.629178524017334,0.007972733117640018
A,0.0,0.0,0.0,-0.2376480996608734,-0.19665662944316864,-0.022209729999303818,-0.3731912672519684,-0.4773780405521393,-0.022577177733182907,-0.39960020780563354,-0.7311323881149292,-0.04025143384933472,-0.4078855812549591,-0.9314322471618652,-0.04423404857516289,-0.2520848512649536,-0.7251999974250793,0.08689920604228973,-0.23319151997566223,-0.9676548838615417,-0.002270829863846302,-0.2360907644033432,-0.8193065524101257,-0.05991252139210701,-0.23923207819461823,-0.6594674587249756,-0.07740983366966248,-0.10560452193021774,-0.736366868019104,0.058995090425014496,-0.08817869424819946,-1.0,-0.028577322140336037,-0.10001664608716965,-0.7589970231056213,-0.05393892899155617,-0.099521204829216,-0.6025542616844177,-0.03968171030282974,0.034974854439496994,-0.7045785188674927,0.011138442903757095,0.061965033411979675,-0.955044686794281,-0.07315101474523544,0.0300050750374794,-0.7349391579627991,-0.04262911528348923,0.02192302979528904,-0.5829744935035706,0.009633120149374008,0.18069399893283844,-0.6323264241218567,-0.04116201028227806,0.20600688457489014,-0.8673103451728821,-0.07587369531393051,0.16051632165908813,-0.7430083155632019,-0.032230108976364136,0.13454851508140564,-0.6301152110099792,0.017892925068736076
A,0.0,0.0,0.0,-0.22947727143764496,-0.1842038929462433,-0.02000388689339161,-0.3653985261917114,-0.4772583544254303,-0.019586332142353058,-0.3902377188205719,-0.7326579689979553,-0.036100875586271286,-0.4038241505622864,-0.9331427812576294,-0.04003608971834183,-0.24323607981204987,-0.7263973951339722,0.0761926993727684,-0.2368556261062622,-0.9709838032722473,-0.008557412773370743,-0.23356272280216217,-0.8146359920501709,-0.06221184879541397,-0.2242872267961502,-0.6505448222160339,-0.07797038555145264,-0.09878576546907425,-0.7363771796226501,0.04697217419743538,-0.08381885290145874,-1.0,-0.03397003561258316,-0.09805650264024734,-0.765579879283905,-0.05705225095152855,-0.09228921681642532,-0.6083115339279175,-0.043157704174518585,0.04300760105252266,-0.7048202753067017,-0.0006076542777009308,0.06605503708124161,-0.9461584091186523,-0.07768186181783676,0.03069041483104229,-0.7311125993728638,-0.047719959169626236,0.024157408624887466,-0.5817931890487671,0.0010589106241241097,0.18939286470413208,-0.6351398229598999,-0.05256888270378113,0.21369585394859314,-0.8647101521492004,-0.08583015203475952,0.16058537364006042,-0.7278842926025391,-0.042693957686424255,0.12933407723903656,-0.6019619107246399,0.005563380196690559
A,0.0,0.0,0.0,-0.230307474732399,-0.19626429677009583,-0.022540315985679626,-0.36034488677978516,-0.4888733923435211,-0.02466779761016369,-0.37979310750961304,-0.7425172328948975,-0.0435478650033474,-0.38363492488861084,-0.9418293237686157,-0.04861675947904587,-0.23228345811367035,-0.7273633480072021,0.07342913746833801,-0.224063903093338,-0.9769327640533447,-0.01480649784207344,-0.22533559799194336,-0.8100666403770447,-0.07003410905599594,-0.22376075387001038,-0.6505535840988159,-0.08654432743787766,-0.08900483697652817,-0.7321352958679199,0.04493914172053337,-0.07361185550689697,-1.0,-0.03736850619316101,-0.09272433817386627,-0.762747585773468,-0.059539809823036194,-0.09235285967588425,-0.6134928464889526,-0.04544147849082947,0.05120032653212547,-0.6932079195976257,-0.0023585697636008263,0.07334655523300171,-0.943020761013031,-0.08066368848085403,0.03461693227291107,-0.7271343469619751,-0.04873121157288551,0.026105079799890518,-0.5805055499076843,0.0016979522770270705,0.19653330743312836,-0.6160317063331604,-0.054269250482320786,0.219697043299675,-0.8518882393836975,-0.08593645691871643,0.16732218861579895,-0.7243679761886597,-0.04126531630754471,0.13979078829288483,-0.6050900816917419,0.008222565054893494
A,0.0,0.0,0.0,-0.21393509209156036,-0.21796473860740662,-0.019675135612487793,-0.33862680196762085,-0.5056208968162537,-0.02125592902302742,-0.35611671209335327,-0.7539596557617188,-0.04022352769970894,-0.35388460755348206,-0.9528602361679077,-0.04609014093875885,-0.20792745053768158,-0.739508330821991,0.08116380125284195,-0.18574456870555878,-0.9765779376029968,-0.00302135874517262,-0.1995968222618103,-0.8163906335830688,-0.05536423623561859,-0.2061711698770523,-0.6677919030189514,-0.07086750864982605,-0.06876246631145477,-0.7374444007873535,0.05250430107116699,-0.04715804383158684,-1.0,-0.028563939034938812,-0.0757230669260025,-0.765657901763916,-0.04932258650660515,-0.07660577446222305,-0.6181269884109497,-0.03378433361649513,0.06920695304870605,-0.6926398873329163,0.005003386177122593,0.09432810544967651,-0.9396509528160095,-0.07339361310005188,0.049332693219184875,-0.7266262173652649,-0.04270484298467636,0.039669908583164215,-0.5798624157905579,0.00779208168387413,0.2092052847146988,-0.6095386147499084,-0.04646454378962517,0.23813149333000183,-0.8434668183326721,-0.07981789857149124,0.1786484271287918,-0.7120278477668762,-0.0370156429708004,0.1463804841041565,-0.587657630443573,0.01181709673255682
A,0.0,0.0,0.0,-0.21941444277763367,-0.2266400307416916,-0.0164280254393816,-0.330827534198761,-0.5157058835029602,-0.0150045957416296,-0.33867278695106506,-0.7604992389678955,-0.032169073820114136,-0.3402046263217926,-0.9524406790733337,-0.03552330285310745,-0.1975036859512329,-0.7509720325469971,0.09572485089302063,-0.17641188204288483,-0.976702094078064,0.009080515243113041,-0.19052371382713318,-0.8058810234069824,-0.0484745055437088,-0.19292572140693665,-0.6505476832389832,-0.06655175238847733,-0.0593470074236393,-0.7488110065460205,0.06611703336238861,-0.03286832198500633,-1.0,-0.012353729456663132,-0.06650333106517792,-0.7688073515892029,-0.03427225351333618,-0.0673632100224495,-0.6241542100906372,-0.020023293793201447,0.07620120048522949,-0.7043051719665527,0.016275761649012566,0.10670767724514008,-0.9388136267662048,-0.05608934909105301,0.05604495853185654,-0.7318384051322937,-0.0238045621663332,0.04505186527967453,-0.5895658731460571,0.025950932875275612,0.2112211138010025,-0.6192260980606079,-0.03853364661335945,0.24323908984661102,-0.8403489589691162,-0.06518116593360901,0.17715205252170563,-0.7101606130599976,-0.020095475018024445,0.1425204575061798,-0.589442789554596,0.029198473319411278
A,0.0,0.0,0.0,-0.21239085495471954,-0.2331988662481308,-0.01426832377910614,-0.32515400648117065,-0.5224020481109619,-0.012679295614361763,-0.33842921257019043,-0.7629298567771912,-0.03033478371798992,-0.33276399970054626,-0.9529951214790344,-0.03506876900792122,-0.19007223844528198,-0.7515803575515747,0.09776835888624191,-0.1683593988418579,-0.9712594747543335,0.012309907004237175,-0.18710999190807343,-0.8134823441505432,-0.04461972042918205,-0.19324170053005219,-0.6754047274589539,-0.06361053884029388,-0.05582118034362793,-0.7447894811630249,0.06677589565515518,-0.027714261785149574,-1.0,-0.011847935616970062,-0.06720670312643051,-0.7836547493934631,-0.035800378769636154,-0.07273544371128082,-0.651093065738678,-0.023576287552714348,0.0785309225320816,-0.699450671672821,0.016021747142076492,0.1084841787815094,-0.9330714344978333,-0.057568684220314026,0.05304231867194176,-0.7357003092765808,-0.028011972084641457,0.03901565819978714,-0.6025059223175049,0.02004384621977806,0.2138376086950302,-0.6151032447814941,-0.039294470101594925,0.2412351369857788,-0.8376824259757996,-0.0652160793542862,0.17493171989917755,-0.7126984596252441,-0.02042747102677822,0.14196647703647614,-0.5957468748092651,0.028190800920128822
A,0.0,0.0,0.0,-0.2113524079322815,-0.2284323275089264,-0.01683495193719864,-0.3176478147506714,-0.5196381211280823,-0.019827555865049362,-0.32238295674324036,-0.7623752355575562,-0.041498564183712006,-0.32057997584342957,-0.9554385542869568,-0.05056149512529373,-0.17990687489509583,-0.7487199902534485,0.07974231988191605,-0.1536806970834732,-0.9775243997573853,-0.010545225813984871,-0.1701493263244629,-0.8045551776885986,-0.0688396543264389,-0.17949075996875763,-0.645111083984375,-0.08683402091264725,-0.04516442492604256,-0.7403804659843445,0.04854872077703476,-0.013165006414055824,-1.0,-0.03441488742828369,-0.05113309621810913,-0.7656616568565369,-0.057239461690187454,-0.056926239281892776,-0.6124154329299927,-0.04328037425875664,0.0891672670841217,-0.6924134492874146,-0.0016060112975537777,0.1260625571012497,-0.9439497590065002,-0.07827766239643097,0.06919856369495392,-0.7346370816230774,-0.047953348606824875,0.05205895006656647,-0.583034336566925,0.0013812512625008821,0.22185339033603668,-0.6048904657363892,-0.05611437186598778,0.25344741344451904,-0.8320313692092896,-0.0875287801027298,0.18702666461467743,-0.7056265473365784,-0.044720668345689774,0.15273059904575348,-0.5811785459518433,0.003884701058268547
A,0.0,0.0,0.0,-0.2104998677968979,-0.2300998568534851,-0.029042620211839676,-0.31928226351737976,-0.5209454298019409,-0.03675621747970581,-0.3284219205379486,-0.7734586000442505,-0.060806695371866226,-0.32038387656211853,-0.9725832939147949,-0.07039496302604675,-0.18795250356197357,-0.7613616585731506,0.07823698967695236,-0.160356804728508,-0.9843559265136719,-0.018894242122769356,-0.16944953799247742,-0.8033834099769592,-0.08145318180322647,-0.1747090369462967,-0.6494378447532654,-0.10217311978340149,-0.04971158877015114,-0.7558087706565857,0.052233897149562836,-0.01686684601008892,-1.0,-0.035976115614175797,-0.047860246151685715,-0.7586976289749146,-0.060766641050577164,-0.05404235050082207,-0.6169579029083252,-0.048078492283821106,0.08786503970623016,-0.7109768390655518,0.005062260664999485,0.126211017370224,-0.9457015991210938,-0.07774663716554642,0.07496200501918793,-0.7280232310295105,-0.0447244755923748,0.05645903944969177,-0.5835092663764954,0.007367895916104317,0.21966809034347534,-0.6252256631851196,-0.047715287655591965,0.25177305936813354,-0.8382691144943237,-0.08202802389860153,0.18726348876953125,-0.6994270086288452,-0.037132687866687775,0.15129899978637695,-0.5787779092788696,0.013499886728823185
A,0.0,0.0,0.0,-0.21585270762443542,-0.21993139386177063,-0.028089415282011032,-0.3236295282840729,-0.5072130560874939,-0.037119194865226746,-0.3250183165073395,-0.765813946723938,-0.06230659782886505,-0.31429171562194824,-0.9682956337928772,-0.0736241266131401,-0.19418203830718994,-0.7455627918243408,0.07166449725627899,-0.1647246927022934,-0.9804682731628418,-0.024379367008805275,-0.17276747524738312,-0.8028430938720703,-0.08488744497299194,-0.18379464745521545,-0.6544426679611206,-0.10519038140773773,-0.05603599175810814,-0.7426478862762451,0.04399106651544571,-0.020703142508864403,-1.0,-0.0423697829246521,-0.05149184167385101,-0.7629549503326416,-0.06702959537506104,-0.06443346291780472,-0.6239252090454102,-0.055378258228302,0.08187858760356903,-0.7010414004325867,-0.0038368816021829844,0.12362508475780487,-0.9503477811813354,-0.08555635809898376,0.07086972147226334,-0.7327860593795776,-0.05233367532491684,0.04518236592411995,-0.5911017656326294,-0.00113253656309098,0.2150462567806244,-0.6181685924530029,-0.05702918395400047,0.24138431251049042,-0.8332039713859558,-0.09185180068016052,0.1760745346546173,-0.694061279296875,-0.04710984230041504,0.1357877105474472,-0.5752902030944824,0.0026929506566375494
A,0.0,0.0,0.0,-0.21205030381679535,-0.21796013414859772,-0.029437433928251266,-0.31495723128318787,-0.5090703964233398,-0.03870081156492233,-0.31691431999206543,-0.7712008953094482,-0.06441767513751984,-0.30887994170188904,-0.9733986854553223,-0.07655122876167297,-0.1850815862417221,-0.7401923537254333,0.06933100521564484,-0.15159279108047485,-0.986003041267395,-0.027684474363923073,-0.16520456969738007,-0.8042193651199341,-0.08834419399499893,-0.17753219604492188,-0.6479084491729736,-0.1080198734998703,-0.04905159771442413,-0.7354360818862915,0.04348006099462509,-0.011679480783641338,-1.0,-0.047844771295785904,-0.0427863709628582,-0.7469198107719421,-0.07229848206043243,-0.04904553294181824,-0.5930149555206299,-0.0581124983727932,0.08745377510786057,-0.692517876625061,-0.0024347000289708376,0.1304151862859726,-0.9542113542556763,-0.08873779326677322,0.07500414550304413,-0.7228783965110779,-0.05601891875267029,0.05075051262974739,-0.5649689435958862,-0.002697248011827469,0.21947845816612244,-0.6097027659416199,-0.05360880866646767,0.25692862272262573,-0.8305065631866455,-0.09442175924777985,0.18671736121177673,-0.6877326965332031,-0.053434137254953384,0.14258569478988647,-0.5602694153785706,-0.004444863647222519
A,0.0,0.0,0.0,-0.21148203313350677,-0.2054244428873062,-0.044130995869636536,-0.3217640519142151,-0.4966154992580414,-0.05962646007537842,-0.32991406321525574,-0.7602155804634094,-0.08763386309146881,-0.32570984959602356,-0.9684258103370667,-0.0997772365808487,-0.20065955817699432,-0.7427973747253418,0.05370485410094261,-0.17600511014461517,-0.9838317036628723,-0.04816257581114769,-0.1734398454427719,-0.7930597066879272,-0.10942285507917404,-0.17800721526145935,-0.6410852074623108,-0.12944896519184113,-0.061351701617240906,-0.7409422993659973,0.03334183618426323,-0.029582511633634567,-1.0,-0.06265594810247421,-0.048618655651807785,-0.7470119595527649,-0.08937565982341766,-0.05642488971352577,-0.6064748167991638,-0.07745512574911118,0.07730022817850113,-0.7000167965888977,-0.00795738399028778,0.11973244696855545,-0.9564499258995056,-0.0988958328962326,0.07718729972839355,-0.7253556847572327,-0.06567666679620743,0.053853657096624374,-0.5790088176727295,-0.01229187473654747,0.2091393917798996,-0.6200211048126221,-0.055543992668390274,0.24280647933483124,-0.8303630352020264,-0.09819118678569794,0.1843060851097107,-0.6870586276054382,-0.056486018002033234,0.146055206656456,-0.5716638565063477,-0.007437070365995169
A,0.0,0.0,0.0,-0.2111697793006897,-0.21747587621212006,-0.040523070842027664,-0.3178674876689911,-0.5001792907714844,-0.05580891668796539,-0.3230670690536499,-0.7632009387016296,-0.0856197327375412,-0.3130533993244171,-0.9728842973709106,-0.10082785040140152,-0.19539675116539001,-0.74018394947052,0.06282903254032135,-0.17133764922618866,-0.9863648414611816,-0.04033006355166435,-0.17597222328186035,-0.8106153607368469,-0.10423807054758072,-0.18109868466854095,-0.6647574305534363,-0.12638095021247864,-0.058502987027168274,-0.7364261746406555,0.040544651448726654,-0.029933294281363487,-1.0,-0.0576082281768322,-0.052473705261945724,-0.7511237859725952,-0.08616910129785538,-0.057221122086048126,-0.6088769435882568,-0.07477469742298126,0.07672540843486786,-0.6971220970153809,-0.0031110921408981085,0.11537617444992065,-0.9650688767433167,-0.09639758616685867,0.06745998561382294,-0.732950747013092,-0.0635158121585846,0.04487882927060127,-0.5796399116516113,-0.008855593390762806,0.20738913118839264,-0.6174939274787903,-0.053032390773296356,0.23540814220905304,-0.8399908542633057,-0.09786714613437653,0.17427697777748108,-0.6983594298362732,-0.057107217609882355,0.137745201587677,-0.577395498752594,-0.007655949331820011
A,0.0,0.0,0.0,-0.21603448688983917,-0.20552267134189606,-0.04550794139504433,-0.3309059143066406,-0.48868218064308167,-0.0640319436788559,-0.3375203013420105,-0.753460705280304,-0.09451039135456085,-0.3310200273990631,-0.9648446440696716,-0.11042384058237076,-0.2091699093580246,-0.7472963929176331,0.05415984243154526,-0.18687666952610016,-0.987342357635498,-0.04819723591208458,-0.1868937462568283,-0.8131484389305115,-0.11263096332550049,-0.1965918093919754,-0.6660401821136475,-0.13549014925956726,-0.06723043322563171,-0.7478551268577576,0.033407267183065414,-0.03911304473876953,-1.0,-0.06070450693368912,-0.05871213600039482,-0.7564079165458679,-0.09019354730844498,-0.07276947051286697,-0.6252722144126892,-0.08153839409351349,0.07149267941713333,-0.709509015083313,-0.008188328705728054,0.10810881853103638,-0.964195966720581,-0.10149653255939484,0.06952118873596191,-0.7294377684593201,-0.06905123591423035,0.045419543981552124,-0.5859591960906982,-0.016243720427155495,0.20417287945747375,-0.6298485994338989,-0.05588604509830475,0.22854873538017273,-0.8403592705726624,-0.10319623351097107,0.1761195808649063,-0.6848740577697754,-0.06006305664777756,0.14169198274612427,-0.567089319229126,-0.009075766429305077
A,0.0,0.0,0.0,-0.2155878096818924,-0.19394902884960175,-0.051365118473768234,-0.3324469029903412,-0.48438626527786255,-0.07186934351921082,-0.34812894463539124,-0.7556739449501038,-0.1028410792350769,-0.3427669107913971,-0.971005916595459,-0.11708621680736542,-0.2151980996131897,-0.7533782720565796,0.04779048636555672,-0.19466355443000793,-0.9965353012084961,-0.05694747716188431,-0.19394050538539886,-0.8195041418075562,-0.11953730881214142,-0.20061177015304565,-0.6739304065704346,-0.14133183658123016,-0.0706823468208313,-0.7517361044883728,0.030196432024240494,-0.04930521920323372,-1.0,-0.06554219871759415,-0.0684179961681366,-0.74725741147995,-0.09007778018712997,-0.07742678374052048,-0.6249427199363708,-0.07894591242074966,0.07031293958425522,-0.7091647982597351,-0.009223910979926586,0.10373511165380478,-0.9656434059143066,-0.10484162718057632,0.061783839017152786,-0.7287194132804871,-0.0686509758234024,0.037474703043699265,-0.5921733975410461,-0.014313223771750927,0.20506076514720917,-0.6270941495895386,-0.05536626651883125,0.23604942858219147,-0.8335269093513489,-0.10560455918312073,0.17681413888931274,-0.6790083050727844,-0.06389468908309937,0.13423556089401245,-0.5657462477684021,-0.014346620067954063
A,0.0,0.0,0.0,-0.2201198935508728,-0.1952400654554367,-0.052253950387239456,-0.3394796550273895,-0.4789368510246277,-0.07365253567695618,-0.35175830125808716,-0.7468324303627014,-0.10507452487945557,-0.35209086537361145,-0.9597761034965515,-0.12003029882907867,-0.21988169848918915,-0.7530180811882019,0.04808388650417328,-0.19911643862724304,-0.9955491423606873,-0.05813249200582504,-0.20079389214515686,-0.8194782137870789,-0.12438958883285522,-0.20932303369045258,-0.6662123799324036,-0.14869354665279388,-0.07498253136873245,-0.7486023306846619,0.029505601152777672,-0.04467874765396118,-1.0,-0.07203806191682816,-0.07158933579921722,-0.746778666973114,-0.1026250347495079,-0.09273192286491394,-0.6210562586784363,-0.09392186254262924,0.06284625083208084,-0.7033054232597351,-0.010562492534518242,0.10568991303443909,-0.9532642364501953,-0.10949254781007767,0.058568794280290604,-0.7185008525848389,-0.07617837935686111,0.02706647291779518,-0.5858650803565979,-0.022794920951128006,0.19591715931892395,-0.6188036799430847,-0.05736703425645828,0.2303580343723297,-0.8179836273193359,-0.1085510179400444,0.17224763333797455,-0.664443850517273,-0.06594131141901016,0.1258653998374939,-0.5585494041442871,-0.015324711799621582
A,0.0,0.0,0.0,-0.21864119172096252,-0.19298115372657776,-0.050374049693346024,-0.34038084745407104,-0.47890231013298035,-0.07275746762752533,-0.35655874013900757,-0.7484317421913147,-0.10539888590574265,-0.35426753759384155,-0.9630404114723206,-0.12153041362762451,-0.2206117808818817,-0.7545368075370789,0.04031389579176903,-0.2009720355272293,-0.9989256262779236,-0.06620169430971146,-0.2022489756345749,-0.8184805512428284,-0.1303142011165619,-0.2116261124610901,-0.665814220905304,-0.15343806147575378,-0.07384421676397324,-0.7504311800003052,0.02064056321978569,-0.04700339585542679,-1.0,-0.07748305052518845,-0.07213404029607773,-0.7466918230056763,-0.10423538088798523,-0.0914422795176506,-0.6259416341781616,-0.09534500539302826,0.06711939722299576,-0.7060410380363464,-0.019884338602423668,0.10852257162332535,-0.9561371803283691,-0.11742567270994186,0.06020073592662811,-0.7166828513145447,-0.08271782845258713,0.02762075699865818,-0.5859943628311157,-0.03013996221125126,0.20165377855300903,-0.6231798529624939,-0.06686338782310486,0.23624683916568756,-0.824414849281311,-0.1179894357919693,0.17563210427761078,-0.668953537940979,-0.0758928582072258,0.1278551071882248,-0.5612193942070007,-0.02654712088406086
A,0.0,0.0,0.0,-0.23145487904548645,-0.17977578938007355,-0.05818909779191017,-0.36141330003738403,-0.46789005398750305,-0.08127731084823608,-0.37898099422454834,-0.7480859160423279,-0.11426838487386703,-0.3774506747722626,-0.9637115001678467,-0.12827959656715393,-0.23501068353652954,-0.7484786510467529,0.048338524997234344,-0.22072312235832214,-1.0,-0.06667009741067886,-0.22151903808116913,-0.8043040633201599,-0.1338862180709839,-0.22846992313861847,-0.6562463045120239,-0.1575184166431427,-0.09078596532344818,-0.7412170171737671,0.030719712376594543,-0.06266980618238449,-0.993158757686615,-0.07800357788801193,-0.09193123877048492,-0.7288352251052856,-0.10690122097730637,-0.11684194952249527,-0.6219689846038818,-0.0959073156118393,0.046536482870578766,-0.6978337168693542,-0.010606232099235058,0.08668307960033417,-0.9380508065223694,-0.11806263774633408,0.03869450092315674,-0.6879653334617615,-0.08153512328863144,0.005722317378968,-0.5703430771827698,-0.02429668977856636,0.18134485185146332,-0.6185421347618103,-0.059415895491838455,0.21082526445388794,-0.8068956136703491,-0.11344233900308609,0.15371930599212646,-0.6431573033332825,-0.06942472606897354,0.10827948898077011,-0.5435148477554321,-0.017285041511058807
