label,session_id,sample_index,x_0,y_0,z_0,x_1,y_1,z_1,x_2,y_2,z_2,x_3,y_3,z_3,x_4,y_4,z_4,x_5,y_5,z_5,x_6,y_6,z_6,x_7,y_7,z_7,x_8,y_8,z_8,x_9,y_9,z_9,x_10,y_10,z_10,x_11,y_11,z_11,x_12,y_12,z_12,x_13,y_13,z_13,x_14,y_14,z_14,x_15,y_15,z_15,x_16,y_16,z_16,x_17,y_17,z_17,x_18,y_18,z_18,x_19,y_19,z_19,x_20,y_20,z_20
E,E_session_001,0,0.0,0.0,0.0,-0.1342187523841858,-0.09298012405633926,-0.03518533334136009,-0.20159800350666046,-0.3389635682106018,-0.04592455178499222,-0.12300625443458557,-0.5007555484771729,-0.06006466597318649,0.007126076612621546,-0.52236407995224,-0.06453008949756622,-0.1973802149295807,-0.6705818772315979,-0.0018464644672349095,-0.19814682006835938,-0.9138169288635254,-0.07915706187486649,-0.20419707894325256,-0.7848832607269287,-0.12414103746414185,-0.19576233625411987,-0.605463445186615,-0.14042748510837555,-0.08085852861404419,-0.7039979696273804,-0.017108632251620293,-0.06160144880414009,-1.0,-0.08657582849264145,-0.08505751192569733,-0.7953792810440063,-0.09371428191661835,-0.08686061948537827,-0.6363228559494019,-0.07402505725622177,0.022370265796780586,-0.6644598245620728,-0.04662178456783295,0.05263179540634155,-0.905128538608551,-0.10974347591400146,0.009533354081213474,-0.717670738697052,-0.08686143904924393,0.002575419144704938,-0.5849621295928955,-0.049951888620853424,0.127484530210495,-0.5675694346427917,-0.08175204694271088,0.15229028463363647,-0.7709403038024902,-0.12859030067920685,0.10818669199943542,-0.6579638719558716,-0.11241696774959564,0.08852208405733109,-0.5443670153617859,-0.08589059114456177
E,E_session_001,1,0.0,0.0,0.0,-0.12642043828964233,-0.11778578162193298,-0.03304720297455788,-0.18660396337509155,-0.38303592801094055,-0.041923269629478455,-0.10877682268619537,-0.5484327673912048,-0.05459177866578102,0.02038082480430603,-0.5403767824172974,-0.05766189843416214,-0.18928030133247375,-0.6847532391548157,-0.0006571467965841293,-0.17872127890586853,-0.9241369962692261,-0.060347769409418106,-0.1879548281431198,-0.818985641002655,-0.09905479103326797,-0.18089769780635834,-0.6463223695755005,-0.1162920892238617,-0.08038950711488724,-0.7102007865905762,-0.014255725778639317,-0.05531782656908035,-1.0,-0.0691867545247078,-0.08495110273361206,-0.8349372148513794,-0.08085910230875015,-0.09178727865219116,-0.6701809763908386,-0.07088334858417511,0.018456976860761642,-0.6708653569221497,-0.039806827902793884,0.04869198799133301,-0.9132881164550781,-0.0780857503414154,0.004252308513969183,-0.7642000913619995,-0.06465921550989151,-0.005028893239796162,-0.6226020455360413,-0.043193213641643524,0.11428363621234894,-0.5856508016586304,-0.0723048523068428,0.1309804767370224,-0.7719885110855103,-0.09782756865024567,0.08886640518903732,-0.7031267881393433,-0.0896572694182396,0.07283113896846771,-0.6022538542747498,-0.07591035217046738
E,E_session_001,2,0.0,0.0,0.0,-0.1232200637459755,-0.11611621081829071,-0.03773649036884308,-0.18481916189193726,-0.3902452290058136,-0.05377616733312607,-0.10565640777349472,-0.5632180571556091,-0.0762060284614563,0.013060658238828182,-0.5534579753875732,-0.09123701602220535,-0.18014825880527496,-0.6539024710655212,-0.012256238609552383,-0.17887528240680695,-0.9242346882820129,-0.08047260344028473,-0.18503426015377045,-0.8314429521560669,-0.12867766618728638,-0.1776050329208374,-0.6598334908485413,-0.15162169933319092,-0.07992009073495865,-0.6828362941741943,-0.02805696241557598,-0.05277765542268753,-1.0,-0.09103132784366608,-0.08042903244495392,-0.8659858107566833,-0.11631306260824203,-0.08903662115335464,-0.6896139979362488,-0.11743299663066864,0.01148191373795271,-0.649345874786377,-0.05567387118935585,0.04102102667093277,-0.9245732426643372,-0.0993380919098854,0.004790878389030695,-0.7951415181159973,-0.09922358393669128,-0.005711647216230631,-0.6400291323661804,-0.08723747730255127,0.0993049144744873,-0.5792009830474854,-0.09057220816612244,0.12005462497472763,-0.784180223941803,-0.11595487594604492,0.08184359222650528,-0.7318223118782043,-0.11279037594795227,0.062073271721601486,-0.6156596541404724,-0.10435989499092102
E,E_session_001,3,0.0,0.0,0.0,-0.12396186590194702,-0.12291353195905685,-0.03533608838915825,-0.18247264623641968,-0.41383659839630127,-0.05304737016558647,-0.10142796486616135,-0.5961388945579529,-0.07946354895830154,0.015542559325695038,-0.5828351378440857,-0.09912696480751038,-0.17627812922000885,-0.655043363571167,-0.007071370258927345,-0.17563731968402863,-0.9275887608528137,-0.07383476197719574,-0.18094266951084137,-0.8232368230819702,-0.12298982590436935,-0.17343419790267944,-0.65555340051651,-0.14819133281707764,-0.08027191460132599,-0.6834383606910706,-0.025240670889616013,-0.05261904373764992,-1.0,-0.08948719501495361,-0.07878689467906952,-0.8659012913703918,-0.11964945495128632,-0.08536560833454132,-0.689083456993103,-0.1252606362104416,0.00998156052082777,-0.6524346470832825,-0.05487663298845291,0.0400564931333065,-0.9305508136749268,-0.09835880994796753,0.003178546903654933,-0.8020829558372498,-0.10354170948266983,-0.010717389173805714,-0.6402069926261902,-0.09637974202632904,0.0975833311676979,-0.5894532799720764,-0.09181515127420425,0.11858215183019638,-0.7897184491157532,-0.11486195772886276,0.07724525034427643,-0.7359062433242798,-0.114545077085495,0.05236583203077316,-0.6195787191390991,-0.10998420417308807
E,E_session_001,4,0.0,0.0,0.0,-0.12081290036439896,-0.12378548085689545,-0.03535943850874901,-0.1794453114271164,-0.4106684923171997,-0.05249546095728874,-0.09834413230419159,-0.5874955058097839,-0.07747979462146759,0.01917264424264431,-0.5772752165794373,-0.0956786498427391,-0.17668552696704865,-0.6512040495872498,-0.010576814413070679,-0.1775960922241211,-0.9193715453147888,-0.07671099901199341,-0.18075625598430634,-0.8114430904388428,-0.12383036315441132,-0.1707807183265686,-0.6482802629470825,-0.1477605551481247,-0.08070053905248642,-0.6823100447654724,-0.028605150058865547,-0.05387449637055397,-1.0,-0.09082727134227753,-0.07781033962965012,-0.8583316802978516,-0.11700169742107391,-0.08396951854228973,-0.6895380616188049,-0.12033267319202423,0.009780274704098701,-0.6526238322257996,-0.0579802580177784,0.03968554362654686,-0.9259113073348999,-0.10171617567539215,0.0038720942102372646,-0.7897289991378784,-0.10497576743364334,-0.01052366103976965,-0.6353227496147156,-0.09678447246551514,0.09605801105499268,-0.5880123972892761,-0.09443251043558121,0.11588636785745621,-0.7826263904571533,-0.11859794706106186,0.07498954981565475,-0.7222369909286499,-0.11767058819532394,0.05066484585404396,-0.6093027591705322,-0.11287657916545868
E,E_session_001,5,0.0,0.0,0.0,-0.12263840436935425,-0.12957555055618286,-0.0337955504655838,-0.18029005825519562,-0.421792596578598,-0.05010863393545151,-0.10032515972852707,-0.5956132411956787,-0.07513362169265747,0.01442478783428669,-0.5825379490852356,-0.09350109100341797,-0.17545150220394135,-0.6543042659759521,-0.006205085664987564,-0.1766832023859024,-0.9214368462562561,-0.07260026782751083,-0.18006914854049683,-0.8085677027702332,-0.11997916549444199,-0.1683332473039627,-0.6465990543365479,-0.1441328376531601,-0.08029687404632568,-0.6853476166725159,-0.025865307077765465,-0.05325756594538689,-1.0,-0.08860873430967331,-0.07564804702997208,-0.853058934211731,-0.11504661291837692,-0.07879268378019333,-0.6869048476219177,-0.11847346276044846,0.010205315425992012,-0.6556628346443176,-0.05712683126330376,0.04084860533475876,-0.9265361428260803,-0.10089817643165588,0.005286634434014559,-0.787046492099762,-0.10355044156312943,-0.0072230682708323,-0.6357113122940063,-0.09521912038326263,0.09644077718257904,-0.5903657078742981,-0.09548670798540115,0.11585860699415207,-0.7842403054237366,-0.11731626093387604,0.07491429895162582,-0.717008650302887,-0.11410260200500488,0.05308366194367409,-0.6019269824028015,-0.1083458811044693
E,E_session_001,6,0.0,0.0,0.0,-0.12318147718906403,-0.12788927555084229,-0.03737150877714157,-0.1798788160085678,-0.4146505892276764,-0.0560976006090641,-0.1003722995519638,-0.5901697874069214,-0.08285489678382874,0.011814975179731846,-0.586563766002655,-0.10297049582004547,-0.178525909781456,-0.6513755917549133,-0.008020001463592052,-0.17759563028812408,-0.9204602241516113,-0.07519223541021347,-0.1786963939666748,-0.8175861239433289,-0.12418976426124573,-0.16841250658035278,-0.659063458442688,-0.14905546605587006,-0.08317164331674576,-0.6831004023551941,-0.025714093819260597,-0.05606338009238243,-1.0,-0.09003879129886627,-0.07494063675403595,-0.8570724725723267,-0.11952647566795349,-0.0787186399102211,-0.6860021948814392,-0.12446232885122299,0.007859520614147186,-0.6559359431266785,-0.05510218068957329,0.039124470204114914,-0.9266954064369202,-0.10132678598165512,0.0056836847215890884,-0.7945098876953125,-0.10920098423957825,-0.007280802819877863,-0.6385458707809448,-0.10337033122777939,0.09434042125940323,-0.5925965905189514,-0.09150620549917221,0.11565886437892914,-0.7854297757148743,-0.11565157771110535,0.07653343677520752,-0.7265746593475342,-0.11593450605869293,0.053374141454696655,-0.612236738204956,-0.11202112585306168
E,E_session_001,7,0.0,0.0,0.0,-0.1207590103149414,-0.12713803350925446,-0.03556983917951584,-0.17632608115673065,-0.4167396128177643,-0.04970403388142586,-0.09201540052890778,-0.5917059779167175,-0.07124725729227066,0.021954933181405067,-0.5961014032363892,-0.08634469658136368,-0.17810243368148804,-0.6463661789894104,-0.0070557016879320145,-0.17984816431999207,-0.9170205593109131,-0.07208938896656036,-0.17873018980026245,-0.8173663020133972,-0.11792636662721634,-0.1672341376543045,-0.6613640189170837,-0.1403876096010208,-0.08278714865446091,-0.6808024644851685,-0.023486480116844177,-0.05801484361290932,-1.0,-0.08421970903873444,-0.07234877347946167,-0.8517632484436035,-0.1091579720377922,-0.07513478398323059,-0.6863512992858887,-0.11117257177829742,0.008221006952226162,-0.6555973291397095,-0.051533959805965424,0.03674434870481491,-0.9291958808898926,-0.09623878449201584,0.008530055172741413,-0.7891819477081299,-0.1004667580127716,-0.002525940304622054,-0.6371335983276367,-0.09240175783634186,0.09441323578357697,-0.5935530662536621,-0.08634904772043228,0.11507455259561539,-0.786033570766449,-0.11153846234083176,0.07956181466579437,-0.723148763179779,-0.11108046025037766,0.05847467482089996,-0.6124230623245239,-0.10651250928640366
E,E_session_001,8,0.0,0.0,0.0,-0.11769911646842957,-0.1236233040690422,-0.03584251552820206,-0.17467240989208221,-0.4009090065956116,-0.054213229566812515,-0.095577672123909,-0.5678537487983704,-0.08030813932418823,0.01842038705945015,-0.5602405071258545,-0.1001165583729744,-0.17702876031398773,-0.6478459239006042,-0.011940439231693745,-0.17529547214508057,-0.9207821488380432,-0.07973650097846985,-0.17485083639621735,-0.8210846185684204,-0.12862151861190796,-0.16491274535655975,-0.6601138710975647,-0.15309663116931915,-0.08150375634431839,-0.6798015236854553,-0.029624948278069496,-0.053405944257974625,-1.0,-0.09351573884487152,-0.06996895372867584,-0.8564571142196655,-0.12163597345352173,-0.07449144870042801,-0.6859407424926758,-0.12588416039943695,0.009619231335818768,-0.6529077887535095,-0.05858193337917328,0.04106292501091957,-0.9282519221305847,-0.10433416068553925,0.010293264873325825,-0.7953689098358154,-0.11089882999658585,-0.0035416237078607082,-0.6403103470802307,-0.10435943305492401,0.09536990523338318,-0.5896897315979004,-0.09428320080041885,0.11936700344085693,-0.7829176783561707,-0.1198037639260292,0.08195487409830093,-0.7285498380661011,-0.12074439972639084,0.05763170123100281,-0.618359386920929,-0.11706055700778961
E,E_session_001,9,0.0,0.0,0.0,-0.1176096573472023,-0.1331666111946106,-0.03701965883374214,-0.17219215631484985,-0.3994993269443512,-0.05390441045165062,-0.08982067555189133,-0.5558587312698364,-0.07704588770866394,0.026262961328029633,-0.5645589232444763,-0.09396824240684509,-0.17434293031692505,-0.6456052660942078,-0.014276532456278801,-0.17677238583564758,-0.9179775714874268,-0.0826740637421608,-0.17815977334976196,-0.827642560005188,-0.13147078454494476,-0.1691650003194809,-0.6700210571289062,-0.15494133532047272,-0.07813756912946701,-0.6762576699256897,-0.030011650174856186,-0.053543347865343094,-1.0,-0.0924903154373169,-0.06921307742595673,-0.8602187037467957,-0.11998163908720016,-0.07491697371006012,-0.6925065517425537,-0.12375696003437042,0.013121942058205605,-0.650260865688324,-0.05699698254466057,0.040575962513685226,-0.9213875532150269,-0.10425978899002075,0.012565534561872482,-0.7888111472129822,-0.11264596879482269,-0.0005095571395941079,-0.6360563039779663,-0.10678815096616745,0.09912190586328506,-0.5854599475860596,-0.09042037278413773,0.12335074692964554,-0.7794099450111389,-0.11995308846235275,0.08841541409492493,-0.7227851152420044,-0.12284516543149948,0.06398830562829971,-0.6094977259635925,-0.11969602108001709
E,E_session_001,10,0.0,0.0,0.0,-0.11885571479797363,-0.15143905580043793,-0.031492989510297775,-0.1752173751592636,-0.41634708642959595,-0.046736836433410645,-0.09408675134181976,-0.5626131296157837,-0.0693989098072052,0.023883486166596413,-0.550512433052063,-0.08558552712202072,-0.17638951539993286,-0.6516298651695251,-0.008111493661999702,-0.18155549466609955,-0.9285619258880615,-0.07282614707946777,-0.17796465754508972,-0.8195926547050476,-0.11853667348623276,-0.16895510256290436,-0.6638423204421997,-0.14034849405288696,-0.08116648346185684,-0.6835029721260071,-0.0257306769490242,-0.06207990646362305,-1.0,-0.0818791463971138,-0.06964227557182312,-0.8460378050804138,-0.10408207774162292,-0.07350597530603409,-0.684119462966919,-0.10517232120037079,0.011094559915363789,-0.6592157483100891,-0.05428154766559601,0.03421640396118164,-0.9305880665779114,-0.0957077145576477,0.013286428526043892,-0.7896039485931396,-0.09911520779132843,0.0007713339873589575,-0.6383415460586548,-0.09058792889118195,0.09841839224100113,-0.595089852809906,-0.08904357999563217,0.12216835469007492,-0.7946228384971619,-0.11270671337842941,0.09263011068105698,-0.7371660470962524,-0.11072516441345215,0.06997596472501755,-0.6250301599502563,-0.10459300875663757
E,E_session_001,11,0.0,0.0,0.0,-0.11706940829753876,-0.15090784430503845,-0.02974313497543335,-0.1710076630115509,-0.4186597168445587,-0.04590407758951187,-0.0877586081624031,-0.5675727128982544,-0.07030121237039566,0.03129139915108681,-0.5537926554679871,-0.08857139945030212,-0.17031612992286682,-0.658911943435669,-0.007124578580260277,-0.17299018800258636,-0.9310069680213928,-0.07317283004522324,-0.17202194035053253,-0.8233501315116882,-0.12044693529605865,-0.16438685357570648,-0.6641045808792114,-0.143010675907135,-0.07499329745769501,-0.6850900053977966,-0.025750696659088135,-0.05329516530036926,-1.0,-0.08424866944551468,-0.06600889563560486,-0.8498085141181946,-0.10763964802026749,-0.07154309749603271,-0.685322105884552,-0.10896193981170654,0.017197735607624054,-0.655668318271637,-0.05519793927669525,0.04192353039979935,-0.9293978810310364,-0.09735361486673355,0.017037928104400635,-0.7908692359924316,-0.09956985712051392,0.003212056355550885,-0.6368129849433899,-0.08985142409801483,0.10443064570426941,-0.5884544849395752,-0.09088120609521866,0.12979687750339508,-0.7892395853996277,-0.11440923810005188,0.09668058902025223,-0.7356016635894775,-0.11196809262037277,0.0716824159026146,-0.6275952458381653,-0.10525526106357574
E,E_session_001,12,0.0,0.0,0.0,-0.11317969858646393,-0.14807231724262238,-0.035588350147008896,-0.16592983901500702,-0.42492958903312683,-0.05353821814060211,-0.08086270838975906,-0.5676310658454895,-0.07835549861192703,0.039086729288101196,-0.5371885895729065,-0.09660069644451141,-0.16749846935272217,-0.6606149077415466,-0.011249877512454987,-0.16549070179462433,-0.9241861701011658,-0.07740966975688934,-0.16727888584136963,-0.8177562355995178,-0.12489660084247589,-0.16020017862319946,-0.6612172722816467,-0.14834994077682495,-0.07153699547052383,-0.6909735202789307,-0.02790810540318489,-0.047896597534418106,-1.0,-0.08815240859985352,-0.06301165372133255,-0.8513572812080383,-0.1134766936302185,-0.06725874543190002,-0.6878806352615356,-0.11564234644174576,0.02127714827656746,-0.661729097366333,-0.05568939819931984,0.048321593552827835,-0.9256595373153687,-0.09851691126823425,0.02097512036561966,-0.7891862988471985,-0.10346999764442444,0.00699722021818161,-0.6398329734802246,-0.0954919084906578,0.10867755860090256,-0.5926382541656494,-0.09014873206615448,0.13147060573101044,-0.7761516571044922,-0.11288761347532272,0.09961912035942078,-0.7239815592765808,-0.11198093742132187,0.07864472270011902,-0.6230095624923706,-0.10668637603521347
E,E_session_001,13,0.0,0.0,0.0,-0.11287258565425873,-0.15172453224658966,-0.0371437631547451,-0.16428814828395844,-0.42000827193260193,-0.05721258372068405,-0.08310265839099884,-0.5634085536003113,-0.08477183431386948,0.031274404376745224,-0.5318631529808044,-0.10606654733419418,-0.16897280514240265,-0.6596021056175232,-0.008357314392924309,-0.16624896228313446,-0.9234095811843872,-0.0753779262304306,-0.16873900592327118,-0.8405436277389526,-0.1254372000694275,-0.16289590299129486,-0.6907599568367004,-0.15058331191539764,-0.07437098026275635,-0.6887598633766174,-0.024735014885663986,-0.052643563598394394,-1.0,-0.08580085635185242,-0.06671861559152603,-0.8689894080162048,-0.11473506689071655,-0.0697256550192833,-0.7043427228927612,-0.11999642848968506,0.018104340881109238,-0.6591808199882507,-0.05246458575129509,0.04594222828745842,-0.9311259984970093,-0.09550328552722931,0.018362119793891907,-0.8074798583984375,-0.10250598937273026,0.004621104337275028,-0.6528905034065247,-0.09591440111398697,0.10483559221029282,-0.5909728407859802,-0.08723323047161102,0.13022564351558685,-0.7855644226074219,-0.10928571969270706,0.09671922028064728,-0.7444188594818115,-0.10906215757131577,0.07315856963396072,-0.6377910375595093,-0.10429809242486954
E,E_session_001,14,0.0,0.0,0.0,-0.1166454553604126,-0.1469181627035141,-0.03503442928195,-0.17108872532844543,-0.4247211515903473,-0.0520341657102108,-0.08594290912151337,-0.5789905190467834,-0.07596862316131592,0.03142382577061653,-0.5592557191848755,-0.09326660633087158,-0.17249302566051483,-0.6519628763198853,-0.00926926638931036,-0.1725948303937912,-0.9254230260848999,-0.07334364950656891,-0.16777953505516052,-0.8214956521987915,-0.12020973861217499,-0.16122324764728546,-0.6661108136177063,-0.1439063847064972,-0.07637393474578857,-0.6833884119987488,-0.024699218571186066,-0.05776088684797287,-1.0,-0.08070982992649078,-0.06393234431743622,-0.8544759154319763,-0.10627441853284836,-0.06864006072282791,-0.6954290270805359,-0.11089140176773071,0.01522347703576088,-0.6549117565155029,-0.051022522151470184,0.03882630541920662,-0.9285958409309387,-0.0912923812866211,0.019183434545993805,-0.7929700016975403,-0.09538182616233826,0.0047476645559072495,-0.6389951705932617,-0.08847591280937195,0.10204940289258957,-0.5883621573448181,-0.08404401689767838,0.12379258126020432,-0.776473343372345,-0.10621827095746994,0.09690511226654053,-0.7259202599525452,-0.10561226308345795,0.07465364038944244,-0.6234253644943237,-0.1015249565243721
E,E_session_001,15,0.0,0.0,0.0,-0.11656318604946136,-0.14717723429203033,-0.036551207304000854,-0.1701124757528305,-0.419969379901886,-0.054012544453144073,-0.08575408160686493,-0.5729979872703552,-0.07840865850448608,0.03227957338094711,-0.5676044821739197,-0.09651421010494232,-0.17460107803344727,-0.646716296672821,-0.01142208930104971,-0.17823319137096405,-0.9211288690567017,-0.07689280062913895,-0.1737796813249588,-0.8292614221572876,-0.1258394718170166,-0.16575674712657928,-0.6763678789138794,-0.15067939460277557,-0.07836545258760452,-0.6794329881668091,-0.026743777096271515,-0.05799214541912079,-1.0,-0.0852232575416565,-0.06748604029417038,-0.864415168762207,-0.11475471407175064,-0.07387249916791916,-0.6988241672515869,-0.12200695276260376,0.014376002363860607,-0.654604971408844,-0.052952881902456284,0.039377786219120026,-0.9295875430107117,-0.09582871943712234,0.016165439039468765,-0.8032845854759216,-0.10664775222539902,0.0014385198010131717,-0.6452378630638123,-0.1039808988571167,0.10167605429887772,-0.5902021527290344,-0.08578644692897797,0.1240365207195282,-0.7823742628097534,-0.11218027770519257,0.09208027273416519,-0.7367838025093079,-0.1171339750289917,0.06649161130189896,-0.6246656179428101,-0.11663033068180084
E,E_session_001,16,0.0,0.0,0.0,-0.11495877802371979,-0.1481177806854248,-0.033903494477272034,-0.17222192883491516,-0.41651615500450134,-0.05037346109747887,-0.09262366592884064,-0.5635399222373962,-0.0735677108168602,0.024372272193431854,-0.5382826924324036,-0.0903671607375145,-0.17423254251480103,-0.6540936231613159,-0.010228605009615421,-0.17600663006305695,-0.9226148128509521,-0.07436556369066238,-0.17438867688179016,-0.8154643774032593,-0.11977872997522354,-0.16565625369548798,-0.6652408838272095,-0.1420922577381134,-0.07793036103248596,-0.6857348084449768,-0.026878127828240395,-0.05627582222223282,-1.0,-0.08460153639316559,-0.06753098964691162,-0.8424407243728638,-0.1073436588048935,-0.0715835839509964,-0.6826176643371582,-0.10803790390491486,0.014946953393518925,-0.6592245101928711,-0.05432076007127762,0.0410788394510746,-0.9253644347190857,-0.09633468836545944,0.016029367223381996,-0.7812628149986267,-0.09980985522270203,0.002442850498482585,-0.6316672563552856,-0.09079158306121826,0.10271050035953522,-0.5919305086135864,-0.08814393728971481,0.12463195621967316,-0.7817519903182983,-0.11118066310882568,0.0923912525177002,-0.7267586588859558,-0.10972288250923157,0.06989733129739761,-0.6226363182067871,-0.10390514880418777
E,E_session_001,17,0.0,0.0,0.0,-0.11610601842403412,-0.15619754791259766,-0.03873433917760849,-0.16709420084953308,-0.4255189895629883,-0.05880144238471985,-0.0860724076628685,-0.5591913461685181,-0.08517821133136749,0.0322042778134346,-0.5210719108581543,-0.10521727055311203,-0.1680808663368225,-0.6561723351478577,-0.017827026546001434,-0.17081774771213531,-0.927442729473114,-0.08456611633300781,-0.16894757747650146,-0.82573401927948,-0.1339360624551773,-0.15804387629032135,-0.6642396450042725,-0.15926389396190643,-0.07071300595998764,-0.6843510866165161,-0.03264744207262993,-0.04911728575825691,-1.0,-0.09457206726074219,-0.059694696217775345,-0.8565956354141235,-0.1264873892068863,-0.062466368079185486,-0.6846250891685486,-0.1345493197441101,0.02236461639404297,-0.6554498672485352,-0.05801223963499069,0.049427520483732224,-0.9325755834579468,-0.10101141780614853,0.025075213983654976,-0.8059914708137512,-0.11439524590969086,0.01162734255194664,-0.6435461044311523,-0.11287526041269302,0.10971762239933014,-0.5875467658042908,-0.09015963226556778,0.1317746788263321,-0.7805977463722229,-0.11675621569156647,0.10123423486948013,-0.7481411099433899,-0.1250281035900116,0.07852726429700851,-0.6397191882133484,-0.12642040848731995
E,E_session_001,18,0.0,0.0,0.0,-0.11504335701465607,-0.14357058703899384,-0.03615298494696617,-0.1696845144033432,-0.4199434816837311,-0.051107797771692276,-0.08515723794698715,-0.5691449046134949,-0.07254700362682343,0.03258074074983597,-0.5533572435379028,-0.08717462420463562,-0.17461372911930084,-0.6480984091758728,-0.010580469854176044,-0.17794854938983917,-0.9245785474777222,-0.07574497908353806,-0.176152303814888,-0.838660717010498,-0.12293320894241333,-0.16861988604068756,-0.6826921105384827,-0.1459570974111557,-0.07834547013044357,-0.6806269884109497,-0.025755610316991806,-0.059952154755592346,-1.0,-0.08247862011194229,-0.06802822649478912,-0.8711614608764648,-0.1085338294506073,-0.07149761915206909,-0.7081578373908997,-0.11336126923561096,0.014645755290985107,-0.654137372970581,-0.052215326577425,0.038593363016843796,-0.9315572381019592,-0.09493941813707352,0.017694365233182907,-0.8021156787872314,-0.10095753520727158,0.004632764030247927,-0.6477290391921997,-0.0948915183544159,0.10266388207674026,-0.5896226167678833,-0.08539435267448425,0.1263018697500229,-0.7923606038093567,-0.11294426023960114,0.0959591343998909,-0.7416257262229919,-0.11495848745107651,0.07121603935956955,-0.6250825524330139,-0.1118670180439949
E,E_session_001,19,0.0,0.0,0.0,-0.12080743908882141,-0.15706691145896912,-0.03410391882061958,-0.17287084460258484,-0.4098866581916809,-0.051440078765153885,-0.09152904152870178,-0.539962649345398,-0.07527272403240204,0.028140416368842125,-0.5275468826293945,-0.09330486506223679,-0.17145046591758728,-0.6506516337394714,-0.01359881553798914,-0.1740110218524933,-0.9242560863494873,-0.0800064280629158,-0.17082130908966064,-0.8286281228065491,-0.128936305642128,-0.16241666674613953,-0.670967698097229,-0.15314798057079315,-0.07449504733085632,-0.6801151633262634,-0.029909353703260422,-0.0554422102868557,-1.0,-0.08772977441549301,-0.06144199147820473,-0.8612703084945679,-0.11783374100923538,-0.06517048925161362,-0.6967982649803162,-0.12584872543811798,0.018496617674827576,-0.6533263921737671,-0.05652721971273422,0.04170966148376465,-0.929835319519043,-0.10020770132541656,0.023108186200261116,-0.7999813556671143,-0.11178947240114212,0.010328205302357674,-0.640960156917572,-0.10928183048963547,0.10748965293169022,-0.5849047899246216,-0.0891011655330658,0.12997065484523773,-0.786631166934967,-0.11778759211301804,0.10352639108896255,-0.743310809135437,-0.12312451004981995,0.08081578463315964,-0.6301101446151733,-0.12222309410572052
E,E_session_001,20,0.0,0.0,0.0,-0.1167224571108818,-0.16590888798236847,-0.034813571721315384,-0.16583535075187683,-0.42463910579681396,-0.05096212401986122,-0.08289078623056412,-0.5617647171020508,-0.0743144080042839,0.03245168924331665,-0.5452905297279358,-0.09189194440841675,-0.17329609394073486,-0.6444606184959412,-0.004407175816595554,-0.17857004702091217,-0.9096704125404358,-0.07123221457004547,-0.17488186061382294,-0.8553752303123474,-0.121968574821949,-0.1647186428308487,-0.71730637550354,-0.1465601623058319,-0.0766550749540329,-0.6814872622489929,-0.020649340003728867,-0.05792722478508949,-1.0,-0.0836176723241806,-0.06367242336273193,-0.8887057900428772,-0.11840138584375381,-0.06691598892211914,-0.7177215814590454,-0.12646867334842682,0.016891656443476677,-0.6603882908821106,-0.047822583466768265,0.04249894618988037,-0.9313767552375793,-0.09597623348236084,0.021667441353201866,-0.8134793043136597,-0.11183103173971176,0.00819823145866394,-0.6513980031013489,-0.1088857427239418,0.10618297010660172,-0.5969510078430176,-0.08109485357999802,0.12832438945770264,-0.7908725738525391,-0.11135949939489365,0.10110864043235779,-0.7530635595321655,-0.11862675845623016,0.07896006852388382,-0.6359327435493469,-0.11705345660448074
E,E_session_001,21,0.0,0.0,0.0,-0.1159927025437355,-0.15741989016532898,-0.02770903706550598,-0.16642765700817108,-0.41740214824676514,-0.03958528861403465,-0.08720181882381439,-0.5440599322319031,-0.05876637622714043,0.029173782095313072,-0.5249807238578796,-0.07241394370794296,-0.1696087121963501,-0.6508260369300842,-0.0072656371630728245,-0.17378422617912292,-0.9165883660316467,-0.072806216776371,-0.17305895686149597,-0.8251602053642273,-0.11861114203929901,-0.16307663917541504,-0.6678481101989746,-0.13919362425804138,-0.07432211190462112,-0.6843342185020447,-0.02661975286900997,-0.05475585535168648,-1.0,-0.08320250362157822,-0.06627343595027924,-0.8658851981163025,-0.10623077303171158,-0.06949453055858612,-0.6983968019485474,-0.10683873295783997,0.01870148815214634,-0.6575936675071716,-0.05655091628432274,0.043221328407526016,-0.9249098896980286,-0.09942172467708588,0.020244861021637917,-0.7919228672981262,-0.10501372069120407,0.009471950121223927,-0.6419556140899658,-0.09685758501291275,0.10730201750993729,-0.586977481842041,-0.09208919107913971,0.12910573184490204,-0.7821545004844666,-0.11857333779335022,0.09841755032539368,-0.7315601110458374,-0.1184084564447403,0.07742900401353836,-0.6190000176429749,-0.11253137141466141
E,E_session_001,22,0.0,0.0,0.0,-0.11505856364965439,-0.1662197858095169,-0.03190821409225464,-0.16479137539863586,-0.4104776084423065,-0.052013374865055084,-0.08559432625770569,-0.5437034964561462,-0.08027002960443497,0.027467850595712662,-0.5331482291221619,-0.10317854583263397,-0.16796423494815826,-0.6515628099441528,-0.009382794611155987,-0.16954734921455383,-0.9182508587837219,-0.07794854044914246,-0.1648210883140564,-0.8196783065795898,-0.12857773900032043,-0.1560065597295761,-0.6625139713287354,-0.15282385051250458,-0.07173160463571548,-0.6848039627075195,-0.028811601921916008,-0.051083143800497055,-1.0,-0.08994752168655396,-0.05778048560023308,-0.85355544090271,-0.11899001151323318,-0.06279158592224121,-0.6782240271568298,-0.12321525067090988,0.021438423544168472,-0.6596372723579407,-0.05862579122185707,0.04605412110686302,-0.9270809888839722,-0.10387355089187622,0.02588694915175438,-0.7901821732521057,-0.11137613654136658,0.01228402927517891,-0.6295704245567322,-0.10327529907226562,0.10907677561044693,-0.588049054145813,-0.09440325200557709,0.13177883625030518,-0.7816868424415588,-0.1185995414853096,0.1043829396367073,-0.7359232306480408,-0.11651275306940079,0.08138202875852585,-0.624435305595398,-0.10883618891239166
E,E_session_001,23,0.0,0.0,0.0,-0.11776366829872131,-0.17349450290203094,-0.0302090123295784,-0.16773948073387146,-0.421124130487442,-0.04932247847318649,-0.08543744683265686,-0.5590268969535828,-0.07721441239118576,0.030502088367938995,-0.5535569787025452,-0.09926538914442062,-0.17043277621269226,-0.6523889899253845,-0.004377318080514669,-0.1724023073911667,-0.9242950677871704,-0.07094794511795044,-0.16849935054779053,-0.8184747099876404,-0.12102330476045609,-0.16322848200798035,-0.6635202169418335,-0.14579766988754272,-0.07338067889213562,-0.6832330226898193,-0.02445729449391365,-0.05655499920248985,-1.0,-0.08159051090478897,-0.060557108372449875,-0.8529237508773804,-0.11023039370775223,-0.06482899188995361,-0.6873513460159302,-0.11641576886177063,0.020503366366028786,-0.6577261090278625,-0.05493388697504997,0.04201708734035492,-0.9276498556137085,-0.09713270515203476,0.024156326428055763,-0.7909104228019714,-0.10240073502063751,0.010668585076928139,-0.6354369521141052,-0.09480247646570206,0.10872164368629456,-0.5865904092788696,-0.09149220585823059,0.1316574364900589,-0.7844845652580261,-0.11248161643743515,0.10413547605276108,-0.7340678572654724,-0.10750521719455719,0.08037775009870529,-0.6234637498855591,-0.09935624897480011
E,E_session_001,24,0.0,0.0,0.0,-0.11991431564092636,-0.16826876997947693,-0.030054207891225815,-0.17417271435260773,-0.40041571855545044,-0.053747545927762985,-0.09979479759931564,-0.5295623540878296,-0.08577368408441544,0.009385031647980213,-0.5209537744522095,-0.11210305988788605,-0.17965957522392273,-0.6489039063453674,-0.014007228426635265,-0.17841507494449615,-0.9212779998779297,-0.08168765157461166,-0.16522987186908722,-0.8056851625442505,-0.13287177681922913,-0.16009391844272614,-0.6490151286125183,-0.15895870327949524,-0.07975386083126068,-0.6805607676506042,-0.03499613329768181,-0.06257649511098862,-1.0,-0.09299983084201813,-0.05717393010854721,-0.8496308326721191,-0.12339409440755844,-0.06411894410848618,-0.6799561381340027,-0.13170446455478668,0.015579957515001297,-0.6578810811042786,-0.06531483680009842,0.03530951216816902,-0.9263142347335815,-0.10783516615629196,0.025027910247445107,-0.7932122349739075,-0.1150236576795578,0.007712756749242544,-0.6350986957550049,-0.10921485722064972,0.10316894203424454,-0.5884421467781067,-0.10128946602344513,0.12644846737384796,-0.7852771282196045,-0.12389548867940903,0.10613546520471573,-0.7409215569496155,-0.12085182964801788,0.08068052679300308,-0.6317138671875,-0.11409903317689896
E,E_session_001,25,0.0,0.0,0.0,-0.11791207641363144,-0.16699792444705963,-0.03290662541985512,-0.1686939150094986,-0.39528122544288635,-0.05750010162591934,-0.08712481707334518,-0.5158342719078064,-0.08965815603733063,0.027953889220952988,-0.5208338499069214,-0.11680193990468979,-0.17192617058753967,-0.6516751646995544,-0.017910625785589218,-0.17280958592891693,-0.9234858751296997,-0.08867397904396057,-0.16118046641349792,-0.8223989605903625,-0.14203666150569916,-0.15450170636177063,-0.6677427291870117,-0.16876468062400818,-0.0703597143292427,-0.6843910217285156,-0.03846539929509163,-0.05146833509206772,-1.0,-0.09680238366127014,-0.04991525784134865,-0.8542675375938416,-0.1271621286869049,-0.05668143182992935,-0.6868295669555664,-0.13559438288211823,0.025259176269173622,-0.658082902431488,-0.06901469081640244,0.04992480203509331,-0.927909255027771,-0.11318571865558624,0.03555374592542648,-0.7944430112838745,-0.11990761756896973,0.01874820701777935,-0.6394942402839661,-0.11354082822799683,0.1130649521946907,-0.5815656781196594,-0.10538162291049957,0.1384110450744629,-0.7860632538795471,-0.13013429939746857,0.11789926141500473,-0.7395796775817871,-0.1259329617023468,0.09530843049287796,-0.6292034387588501,-0.11783593893051147
E,E_session_001,26,0.0,0.0,0.0,-0.11929494142532349,-0.16983254253864288,-0.03706381469964981,-0.1715586930513382,-0.3990951478481293,-0.06643491983413696,-0.08661726117134094,-0.5260216593742371,-0.10326936095952988,0.02851024828851223,-0.5251955986022949,-0.13426409661769867,-0.1704399734735489,-0.660934567451477,-0.021747123450040817,-0.16786381602287292,-0.9327315092086792,-0.09465997666120529,-0.15497426688671112,-0.8092663884162903,-0.15000882744789124,-0.15095831453800201,-0.651838481426239,-0.1784668266773224,-0.06764641404151917,-0.6899042725563049,-0.04171081259846687,-0.04772743955254555,-1.0,-0.10041678696870804,-0.04616861417889595,-0.8451203107833862,-0.13188236951828003,-0.05559654161334038,-0.6817712187767029,-0.14214448630809784,0.028465962037444115,-0.6622281670570374,-0.07205464690923691,0.05326421931385994,-0.9311538338661194,-0.11552049964666367,0.03901161253452301,-0.7931079864501953,-0.12072878330945969,0.0195644348859787,-0.6396029591560364,-0.11406901478767395,0.11613325774669647,-0.5851852893829346,-0.10878819227218628,0.1410704106092453,-0.7942641973495483,-0.1298072636127472,0.12009410560131073,-0.7421307563781738,-0.12210861593484879,0.09522715210914612,-0.6295995116233826,-0.11223461478948593
E,E_session_001,27,0.0,0.0,0.0,-0.11695406585931778,-0.1725703328847885,-0.038000546395778656,-0.16624502837657928,-0.39472901821136475,-0.06703183054924011,-0.08444657921791077,-0.5158092379570007,-0.10312746465206146,0.026189912110567093,-0.5217869877815247,-0.13324496150016785,-0.1685127466917038,-0.6541617512702942,-0.02116876095533371,-0.1581243872642517,-0.9242061376571655,-0.09533926844596863,-0.14199578762054443,-0.8080510497093201,-0.15165963768959045,-0.14023235440254211,-0.6508846282958984,-0.1806183010339737,-0.06384758651256561,-0.6862155199050903,-0.04020893946290016,-0.03942110016942024,-1.0,-0.10346648097038269,-0.027976272627711296,-0.8328748941421509,-0.13747432827949524,-0.03613829240202904,-0.6602649092674255,-0.14728482067584991,0.032801393419504166,-0.6606939435005188,-0.0693991482257843,0.05916106700897217,-0.9308007955551147,-0.11715629696846008,0.05540935695171356,-0.7828739881515503,-0.12247339636087418,0.0359283983707428,-0.6209185719490051,-0.11353687942028046,0.1186489388346672,-0.5827080011367798,-0.1047646701335907,0.1503647118806839,-0.7811915278434753,-0.13119271397590637,0.1379052996635437,-0.7321571111679077,-0.1259741187095642,0.11148380488157272,-0.6238429546356201,-0.11610208451747894
E,E_session_001,28,0.0,0.0,0.0,-0.11360161006450653,-0.16697555780410767,-0.04075460135936737,-0.1643645316362381,-0.39585795998573303,-0.06907421350479126,-0.08063320815563202,-0.5230453610420227,-0.1025221198797226,0.02996041812002659,-0.5197643041610718,-0.12875135242938995,-0.16594694554805756,-0.6585908532142639,-0.026225509122014046,-0.15805329382419586,-0.9262980818748474,-0.1006477028131485,-0.13904623687267303,-0.7918023467063904,-0.15369686484336853,-0.1374184936285019,-0.6381242871284485,-0.17969173192977905,-0.063261017203331,-0.6925283074378967,-0.04388878494501114,-0.037197310477495193,-1.0,-0.10351182520389557,-0.02665151096880436,-0.824942409992218,-0.12930497527122498,-0.03817665949463844,-0.6666056513786316,-0.1337089240550995,0.031678035855293274,-0.6704760193824768,-0.07249043136835098,0.060992281883955,-0.9198814630508423,-0.11903402954339981,0.05469139665365219,-0.7645219564437866,-0.1180139034986496,0.03195679187774658,-0.6236243844032288,-0.10527199506759644,0.11613654345273972,-0.5972408056259155,-0.10754144191741943,0.14477777481079102,-0.7880588173866272,-0.12972554564476013,0.1290980875492096,-0.7170994281768799,-0.1171485185623169,0.10180311650037766,-0.6092530488967896,-0.10260899364948273
E,E_session_001,29,0.0,0.0,0.0,-0.11496537923812866,-0.16693450510501862,-0.045486025512218475,-0.1648711860179901,-0.3913939893245697,-0.07745398581027985,-0.07881098240613937,-0.5196138620376587,-0.11402913182973862,0.03275730088353157,-0.5295124053955078,-0.14288876950740814,-0.1705932766199112,-0.6593772172927856,-0.030055876821279526,-0.15913480520248413,-0.9330470561981201,-0.1052512377500534,-0.13521921634674072,-0.7999034523963928,-0.16060616075992584,-0.13262762129306793,-0.6431007981300354,-0.18844406306743622,-0.06574446707963943,-0.6897478699684143,-0.04537928104400635,-0.040815725922584534,-1.0,-0.10561806708574295,-0.024639684706926346,-0.833838939666748,-0.13702014088630676,-0.03551069274544716,-0.6734270453453064,-0.14653103053569794,0.02950497716665268,-0.6648603677749634,-0.0715915635228157,0.05517903342843056,-0.9243600964546204,-0.11857892572879791,0.055893030017614365,-0.7807318568229675,-0.12308566272258759,0.03468447923660278,-0.6331881880760193,-0.11473353952169418,0.11380202323198318,-0.5893517732620239,-0.10444407165050507,0.14162571728229523,-0.7855130434036255,-0.12817497551441193,0.13441815972328186,-0.7300567626953125,-0.11990325152873993,0.11060938239097595,-0.6257892847061157,-0.10866003483533859
E,E_session_001,30,0.0,0.0,0.0,-0.11259620636701584,-0.1670975536108017,-0.042838290333747864,-0.16002197563648224,-0.3962838649749756,-0.07243482768535614,-0.07242975383996964,-0.5226781368255615,-0.1078086569905281,0.0383409708738327,-0.5325449109077454,-0.13563866913318634,-0.1649070829153061,-0.656097948551178,-0.026018913835287094,-0.1537756770849228,-0.9353423714637756,-0.1009661927819252,-0.13621746003627777,-0.7944653034210205,-0.15486179292201996,-0.1361709088087082,-0.6407480239868164,-0.18157318234443665,-0.061361003667116165,-0.6836254596710205,-0.04256226494908333,-0.032624341547489166,-1.0,-0.10254833102226257,-0.024094965308904648,-0.8223298192024231,-0.13166534900665283,-0.03624187037348747,-0.6679796576499939,-0.1393977552652359,0.03354772925376892,-0.6577894687652588,-0.07013928890228271,0.06349774450063705,-0.9216251969337463,-0.11603186279535294,0.057511456310749054,-0.7692250609397888,-0.11772716790437698,0.03611038252711296,-0.6264631748199463,-0.10768692940473557,0.11863003671169281,-0.5834678411483765,-0.1043311059474945,0.14897054433822632,-0.7911121845245361,-0.12499013543128967,0.1345643401145935,-0.7292894124984741,-0.11400846391916275,0.10831950604915619,-0.6227292418479919,-0.10168347507715225
E,E_session_001,31,0.0,0.0,0.0,-0.11298725754022598,-0.15950477123260498,-0.045071765780448914,-0.16334228217601776,-0.38189685344696045,-0.07543361186981201,-0.07680920511484146,-0.5100871920585632,-0.1105223149061203,0.03745730593800545,-0.5193066000938416,-0.1380595564842224,-0.16493815183639526,-0.6473100781440735,-0.031602755188941956,-0.15147095918655396,-0.9283751249313354,-0.10700157284736633,-0.13802509009838104,-0.7961582541465759,-0.16075372695922852,-0.13997609913349152,-0.6405776143074036,-0.18709981441497803,-0.06062016636133194,-0.6806358098983765,-0.04714764282107353,-0.028608258813619614,-1.0,-0.10589321702718735,-0.02490147575736046,-0.8293684720993042,-0.13248518109321594,-0.03962118923664093,-0.6724219918251038,-0.13863436877727509,0.034752875566482544,-0.6564953923225403,-0.07378038763999939,0.06704118847846985,-0.9183813333511353,-0.11900325119495392,0.05637897178530693,-0.764618456363678,-0.1187533289194107,0.03307165578007698,-0.620311439037323,-0.1075456291437149,0.1200101375579834,-0.580407977104187,-0.10726777464151382,0.1514640897512436,-0.7865835428237915,-0.12830990552902222,0.13176079094409943,-0.7200220823287964,-0.11621112376451492,0.10195421427488327,-0.607541024684906,-0.10289470106363297
E,E_session_001,32,0.0,0.0,0.0,-0.11016198247671127,-0.16207285225391388,-0.04521939158439636,-0.1597267985343933,-0.38057181239128113,-0.07507911324501038,-0.0763140320777893,-0.5093375444412231,-0.109592005610466,0.031801871955394745,-0.5337660908699036,-0.13612870872020721,-0.16407422721385956,-0.6564793586730957,-0.031169896945357323,-0.150752991437912,-0.9296346306800842,-0.10800176113843918,-0.13601714372634888,-0.7847282290458679,-0.1610981971025467,-0.13652914762496948,-0.6331793665885925,-0.18657122552394867,-0.059534307569265366,-0.6895517110824585,-0.046789925545454025,-0.02744443342089653,-1.0,-0.10756415873765945,-0.023609505966305733,-0.8149508237838745,-0.13304609060287476,-0.03890670835971832,-0.6665412187576294,-0.13755491375923157,0.035835396498441696,-0.6665077209472656,-0.07373467832803726,0.0695587620139122,-0.9204272627830505,-0.1221497431397438,0.058471206575632095,-0.7531095147132874,-0.1193547174334526,0.03425247222185135,-0.6164088845252991,-0.10544902086257935,0.12082766741514206,-0.5887548923492432,-0.10726777464151382,0.1519482433795929,-0.7888525724411011,-0.12976400554180145,0.13163650035858154,-0.7120480537414551,-0.11537779867649078,0.10138994455337524,-0.6051716208457947,-0.09959597885608673
E,E_session_001,33,0.0,0.0,0.0,-0.10863250494003296,-0.16309620440006256,-0.04789052531123161,-0.15713495016098022,-0.3869001269340515,-0.07945095002651215,-0.0693414956331253,-0.5145928263664246,-0.11553511023521423,0.040318433195352554,-0.533280074596405,-0.14351928234100342,-0.16316623985767365,-0.6601782441139221,-0.031008198857307434,-0.14636977016925812,-0.9307384490966797,-0.10986509174108505,-0.1335516721010208,-0.7787171602249146,-0.16454610228538513,-0.13554376363754272,-0.6259121298789978,-0.19115126132965088,-0.06018408387899399,-0.6905381679534912,-0.04633193835616112,-0.025158826261758804,-1.0,-0.10970238596200943,-0.022678468376398087,-0.8136837482452393,-0.13744884729385376,-0.039430100470781326,-0.667097806930542,-0.14323212206363678,0.03426704555749893,-0.6649736762046814,-0.07340662181377411,0.06975997239351273,-0.9193400144577026,-0.12348458915948868,0.0585627406835556,-0.7501188516616821,-0.12249388545751572,0.03294859826564789,-0.6127453446388245,-0.10968324542045593,0.1181914284825325,-0.5852106213569641,-0.10732817649841309,0.14669157564640045,-0.7777701616287231,-0.1305191069841385,0.12702728807926178,-0.6968463659286499,-0.11733411252498627,0.0976383313536644,-0.5894221067428589,-0.10255780816078186
E,E_session_001,34,0.0,0.0,0.0,-0.10483340173959732,-0.16668370366096497,-0.043905891478061676,-0.1496925801038742,-0.3916725814342499,-0.07001134008169174,-0.06766272336244583,-0.5195462703704834,-0.10110913217067719,0.039101433008909225,-0.5334293246269226,-0.12389647215604782,-0.16203323006629944,-0.6575832962989807,-0.021749280393123627,-0.14398185908794403,-0.9223437905311584,-0.09821704030036926,-0.13243302702903748,-0.7806292772293091,-0.15008486807346344,-0.13487976789474487,-0.626655638217926,-0.17397746443748474,-0.06040072813630104,-0.6902617812156677,-0.03685153275728226,-0.025378860533237457,-1.0,-0.09880507737398148,-0.025497838854789734,-0.8191897869110107,-0.12269890308380127,-0.04130277410149574,-0.6721694469451904,-0.12436693906784058,0.03420940786600113,-0.6651293039321899,-0.0640779584646225,0.06817413866519928,-0.9132881164550781,-0.11354037374258041,0.053268980234861374,-0.748674213886261,-0.11110828816890717,0.02941093221306801,-0.6144505143165588,-0.09622197598218918,0.11792438477277756,-0.5874841213226318,-0.09781941026449203,0.147990420460701,-0.7800161242485046,-0.12176308780908585,0.125525563955307,-0.7052583694458008,-0.10975164920091629,0.09721686691045761,-0.6022398471832275,-0.09501159936189651
E,E_session_001,35,0.0,0.0,0.0,-0.10512306541204453,-0.16632547974586487,-0.039711445569992065,-0.1475875973701477,-0.40011200308799744,-0.06513094156980515,-0.06148216500878334,-0.5256571769714355,-0.09693925082683563,0.049096666276454926,-0.5331281423568726,-0.12085267156362534,-0.15731658041477203,-0.6603847146034241,-0.01958031952381134,-0.1433260440826416,-0.9267504811286926,-0.09540732949972153,-0.13569381833076477,-0.785170316696167,-0.14646749198436737,-0.13882896304130554,-0.6334969401359558,-0.17036204040050507,-0.059422753751277924,-0.6898952126502991,-0.03726280480623245,-0.028956908732652664,-1.0,-0.09887098520994186,-0.031090067699551582,-0.8222749829292297,-0.12223407626152039,-0.04479062184691429,-0.6792358160018921,-0.12440837919712067,0.03300793468952179,-0.6626505851745605,-0.06676008552312851,0.06560741364955902,-0.920647919178009,-0.1155230775475502,0.05004655942320824,-0.7592859864234924,-0.11390452831983566,0.028320791199803352,-0.6245391964912415,-0.10067200660705566,0.11697164922952652,-0.5856770277023315,-0.1027301624417305,0.14912103116512299,-0.7752289175987244,-0.12807781994342804,0.12431126087903976,-0.705242395401001,-0.11930906772613525,0.09485335648059845,-0.6032647490501404,-0.10748907178640366
E,E_session_001,36,0.0,0.0,0.0,-0.10532033443450928,-0.1674465388059616,-0.04243050515651703,-0.14654169976711273,-0.3874415159225464,-0.07296372205018997,-0.060645900666713715,-0.515430212020874,-0.10935749113559723,0.0471925251185894,-0.5427554845809937,-0.13809120655059814,-0.15864689648151398,-0.646699070930481,-0.027912048622965813,-0.1474142074584961,-0.932898998260498,-0.10159218311309814,-0.12767496705055237,-0.788216769695282,-0.1546623706817627,-0.12863853573799133,-0.6319582462310791,-0.181780144572258,-0.058331284672021866,-0.6801052093505859,-0.04465774819254875,-0.03752877935767174,-1.0,-0.10072986036539078,-0.0196580458432436,-0.819222629070282,-0.12998420000076294,-0.03078695572912693,-0.6701923608779907,-0.14084161818027496,0.03410501778125763,-0.6567702293395996,-0.07181793451309204,0.05812300369143486,-0.9358146786689758,-0.11422159522771835,0.06200200319290161,-0.7768676280975342,-0.11419492959976196,0.040845878422260284,-0.6314393877983093,-0.10606066137552261,0.11808881163597107,-0.5791609287261963,-0.10561686754226685,0.14820000529289246,-0.7786695957183838,-0.12558706104755402,0.1397763192653656,-0.7153576016426086,-0.1153649240732193,0.11184763163328171,-0.6130768656730652,-0.1053624227643013
E,E_session_001,37,0.0,0.0,0.0,-0.10436085611581802,-0.1732969582080841,-0.04004034027457237,-0.1454702913761139,-0.39557480812072754,-0.06971631199121475,-0.057885874062776566,-0.5222437977790833,-0.10639388859272003,0.05246950685977936,-0.5389900207519531,-0.13541531562805176,-0.15525703132152557,-0.6547423601150513,-0.022021787241101265,-0.14284184575080872,-0.9311937093734741,-0.09636148810386658,-0.12999790906906128,-0.7900527715682983,-0.14983800053596497,-0.1321059912443161,-0.6369779706001282,-0.17699770629405975,-0.056693825870752335,-0.6853576898574829,-0.04013422504067421,-0.03277062997221947,-1.0,-0.09838497638702393,-0.027101751416921616,-0.8274185061454773,-0.12626352906227112,-0.03981740027666092,-0.6789952516555786,-0.13483674824237823,0.03621416166424751,-0.6597961187362671,-0.06927330046892166,0.06432787328958511,-0.9332767724990845,-0.11327672749757767,0.055328406393527985,-0.7745120525360107,-0.11238755285739899,0.03220110386610031,-0.6287542581558228,-0.10234078019857407,0.12001118063926697,-0.5824667811393738,-0.10526004433631897,0.15225544571876526,-0.7775546312332153,-0.1261407732963562,0.13327357172966003,-0.7162286043167114,-0.11663564294576645,0.10317648202180862,-0.6161287426948547,-0.1062387228012085
E,E_session_001,38,0.0,0.0,0.0,-0.10466927289962769,-0.16674432158470154,-0.041071705520153046,-0.14425931870937347,-0.3927074670791626,-0.06957843899726868,-0.05851183831691742,-0.5250864028930664,-0.10341478884220123,0.04593372344970703,-0.552042543888092,-0.1291438341140747,-0.15853306651115417,-0.6537332534790039,-0.02451368421316147,-0.14419496059417725,-0.9273405075073242,-0.09836763888597488,-0.12268079072237015,-0.7758457660675049,-0.15124472975730896,-0.12350723147392273,-0.6221402883529663,-0.17789828777313232,-0.059041429311037064,-0.6875251531600952,-0.040739912539720535,-0.0335208997130394,-1.0,-0.09917442500591278,-0.01639234833419323,-0.809010922908783,-0.12719856202602386,-0.029572248458862305,-0.6576505899429321,-0.1349252164363861,0.03329148888587952,-0.6677370071411133,-0.06736455857753754,0.05999160185456276,-0.9304724335670471,-0.11170050501823425,0.061686526983976364,-0.7620070576667786,-0.10890833288431168,0.03855770081281662,-0.6207612156867981,-0.09695670008659363,0.11572938412427902,-0.5955064296722412,-0.10042446106672287,0.14497604966163635,-0.7851960062980652,-0.12063942849636078,0.13420400023460388,-0.7103321552276611,-0.1075696349143982,0.10534040629863739,-0.6103330254554749,-0.09414812922477722
E,E_session_001,39,0.0,0.0,0.0,-0.1033799946308136,-0.16701415181159973,-0.04633566737174988,-0.14368556439876556,-0.4023424983024597,-0.07670050114393234,-0.05196094140410423,-0.5296607613563538,-0.11179468780755997,0.05882970616221428,-0.54282146692276,-0.13863758742809296,-0.15450526773929596,-0.6598597764968872,-0.027561239898204803,-0.14141951501369476,-0.9320222735404968,-0.10551701486110687,-0.12317845225334167,-0.7839323878288269,-0.1605260819196701,-0.12391992658376694,-0.6293100714683533,-0.18792405724525452,-0.055400438606739044,-0.690642774105072,-0.04225200414657593,-0.026270920410752296,-1.0,-0.10622301697731018,-0.01451420970261097,-0.8128547072410583,-0.13580460846424103,-0.02927747741341591,-0.6640343070030212,-0.14328645169734955,0.035869114100933075,-0.6687935590744019,-0.06854551285505295,0.06509735435247421,-0.9193041920661926,-0.1176549643278122,0.062187135219573975,-0.7570517659187317,-0.11824667453765869,0.03727807477116585,-0.6219717264175415,-0.10732754319906235,0.11694815754890442,-0.59806227684021,-0.10190172493457794,0.1504175364971161,-0.7865980863571167,-0.12537240982055664,0.13839107751846313,-0.7158489227294922,-0.11552639305591583,0.10960862785577774,-0.6172393560409546,-0.10397539287805557
E,E_session_001,40,0.0,0.0,0.0,-0.102261483669281,-0.16752274334430695,-0.04553770273923874,-0.13934709131717682,-0.41100454330444336,-0.07325621694326401,-0.04536027833819389,-0.5381019711494446,-0.10525403171777725,0.06325794011354446,-0.5510332584381104,-0.12841784954071045,-0.15278002619743347,-0.6582813262939453,-0.02487861178815365,-0.13867804408073425,-0.9312478303909302,-0.09930696338415146,-0.11351462453603745,-0.767715573310852,-0.15079554915428162,-0.11269146203994751,-0.6120110750198364,-0.17619068920612335,-0.05459606647491455,-0.6903121471405029,-0.03889194875955582,-0.028277218341827393,-1.0,-0.09826962649822235,-0.009679117240011692,-0.8041309118270874,-0.12531466782093048,-0.022340742871165276,-0.6605531573295593,-0.13172395527362823,0.0360935777425766,-0.670137882232666,-0.06431140005588531,0.06348317861557007,-0.9209699630737305,-0.10995785892009735,0.06600712984800339,-0.7515676617622375,-0.10807936638593674,0.04185714200139046,-0.6216264367103577,-0.0965079590678215,0.11674948036670685,-0.6005812287330627,-0.09663987159729004,0.14716416597366333,-0.7845821976661682,-0.11733303964138031,0.13779018819332123,-0.7017807364463806,-0.10482855141162872,0.10994203388690948,-0.6007324457168579,-0.09210658818483353
E,E_session_001,41,0.0,0.0,0.0,-0.10105864703655243,-0.1617802530527115,-0.041365526616573334,-0.13730672001838684,-0.4088206887245178,-0.06560064852237701,-0.04518509283661842,-0.545004665851593,-0.09490898996591568,0.06330285966396332,-0.5692763924598694,-0.11619183421134949,-0.1506810188293457,-0.6553401350975037,-0.017969433218240738,-0.1349949687719345,-0.9257593750953674,-0.08809973299503326,-0.10906387120485306,-0.7768353819847107,-0.13884574174880981,-0.10867061465978622,-0.6205143332481384,-0.16436149179935455,-0.05236215889453888,-0.6898471713066101,-0.03282811865210533,-0.025714825838804245,-1.0,-0.0864831954240799,-0.007155771367251873,-0.8169649243354797,-0.11296505481004715,-0.019408036023378372,-0.6736317873001099,-0.12054310739040375,0.0378163643181324,-0.6669104695320129,-0.05870233103632927,0.06780993938446045,-0.9250473976135254,-0.1002044603228569,0.07081165909767151,-0.7653348445892334,-0.09898034483194351,0.04777723178267479,-0.6331674456596375,-0.08935165405273438,0.11833783984184265,-0.5928214192390442,-0.0910932719707489,0.14975252747535706,-0.7866339087486267,-0.10999990254640579,0.14111152291297913,-0.7126955986022949,-0.09775111079216003,0.11298816651105881,-0.6138879060745239,-0.08612522482872009
E,E_session_001,42,0.0,0.0,0.0,-0.1028161272406578,-0.16464684903621674,-0.04242942854762077,-0.14044326543807983,-0.40526625514030457,-0.0688379555940628,-0.04767294600605965,-0.539603590965271,-0.10036240518093109,0.059538476169109344,-0.5619634389877319,-0.12398947030305862,-0.15027348697185516,-0.6618805527687073,-0.01927787996828556,-0.13298539817333221,-0.9261585474014282,-0.09125078469514847,-0.10785982757806778,-0.772385835647583,-0.14343786239624023,-0.10880248993635178,-0.6214032769203186,-0.16978266835212708,-0.05143718048930168,-0.6944908499717712,-0.03493073955178261,-0.02176729589700699,-1.0,-0.09043349325656891,-0.006031048018485308,-0.8147160410881042,-0.11830614507198334,-0.02226714976131916,-0.6747443675994873,-0.12672027945518494,0.03927168995141983,-0.6733177304267883,-0.06170913577079773,0.0709521621465683,-0.924724817276001,-0.10454925149679184,0.0714113712310791,-0.7627975344657898,-0.10382584482431412,0.04530178755521774,-0.6354983448982239,-0.09424742311239243,0.11992715299129486,-0.6006428599357605,-0.09508635103702545,0.14830520749092102,-0.7935565114021301,-0.11198430508375168,0.1389361023902893,-0.7124304175376892,-0.09730610996484756,0.11107975989580154,-0.612407386302948,-0.08408042043447495
E,E_session_001,43,0.0,0.0,0.0,-0.10010930895805359,-0.16360679268836975,-0.04610592871904373,-0.13710449635982513,-0.4001944661140442,-0.07546689361333847,-0.04480120912194252,-0.5326833724975586,-0.10884494334459305,0.0640856921672821,-0.5514479279518127,-0.1340121328830719,-0.14999882876873016,-0.6557043194770813,-0.02551599033176899,-0.12972120940685272,-0.9204981327056885,-0.09947723895311356,-0.10957255214452744,-0.7691311836242676,-0.15219447016716003,-0.11085399240255356,-0.6170042753219604,-0.17871928215026855,-0.05142654478549957,-0.6896200180053711,-0.03972779959440231,-0.02002868987619877,-1.0,-0.09873829782009125,-0.00931648537516594,-0.8164869546890259,-0.12643207609653473,-0.02407999522984028,-0.6716755628585815,-0.13328129053115845,0.03983807563781738,-0.6673743724822998,-0.06504202634096146,0.07240120321512222,-0.9227577447891235,-0.11039171367883682,0.06835060566663742,-0.7592032551765442,-0.10862765461206436,0.042482756078243256,-0.6292288303375244,-0.09725978225469589,0.12044075131416321,-0.5921388268470764,-0.09722132980823517,0.1482740342617035,-0.7805328369140625,-0.1174127534031868,0.1352165937423706,-0.6996093392372131,-0.10370185971260071,0.10728301852941513,-0.6007082462310791,-0.09009995311498642
E,E_session_001,44,0.0,0.0,0.0,-0.10048715025186539,-0.15934118628501892,-0.049378760159015656,-0.13964012265205383,-0.3968382179737091,-0.0794527679681778,-0.046867355704307556,-0.530975878238678,-0.11292372643947601,0.06325972825288773,-0.5496171712875366,-0.13782212138175964,-0.15033912658691406,-0.6595843434333801,-0.027241691946983337,-0.13228274881839752,-0.9208805561065674,-0.10351966321468353,-0.111117422580719,-0.7701386213302612,-0.1575041115283966,-0.11081721633672714,-0.6153563261032104,-0.18416109681129456,-0.050909847021102905,-0.6958324313163757,-0.040041521191596985,-0.01855035498738289,-1.0,-0.10001549869775772,-0.009090115316212177,-0.8156722187995911,-0.1268949657678604,-0.024559680372476578,-0.6713538765907288,-0.13268877565860748,0.04096994921565056,-0.6740204095840454,-0.06463836133480072,0.07322253286838531,-0.9144561290740967,-0.11137496680021286,0.06698745489120483,-0.7460821866989136,-0.10812017321586609,0.03997078165411949,-0.6199393272399902,-0.0950898751616478,0.1221199631690979,-0.5984785556793213,-0.0965055301785469,0.15003414452075958,-0.7793396711349487,-0.11638524383306503,0.13515019416809082,-0.6928776502609253,-0.10056806355714798,0.10628289729356766,-0.5954020619392395,-0.08507713675498962
E,E_session_001,45,0.0,0.0,0.0,-0.1003434956073761,-0.158405140042305,-0.04885623976588249,-0.1388332098722458,-0.39365726709365845,-0.07870180904865265,-0.04402581602334976,-0.5317322611808777,-0.11258578300476074,0.06390742212533951,-0.5609420537948608,-0.1379978358745575,-0.14887084066867828,-0.6606864333152771,-0.02463669516146183,-0.12862667441368103,-0.926112711429596,-0.10050767660140991,-0.11037636548280716,-0.7693736553192139,-0.15498609840869904,-0.11269943416118622,-0.6165672540664673,-0.18244029581546783,-0.04947782680392265,-0.6931743621826172,-0.038430362939834595,-0.015819337218999863,-1.0,-0.09744495153427124,-0.007526142988353968,-0.8143973350524902,-0.126162588596344,-0.023999139666557312,-0.674862802028656,-0.13439159095287323,0.04179494082927704,-0.6705623269081116,-0.06415490806102753,0.07724957168102264,-0.9263360500335693,-0.111167773604393,0.0712406113743782,-0.7550650835037231,-0.10981104522943497,0.044411011040210724,-0.6252420544624329,-0.0988105908036232,0.12440385669469833,-0.5938284993171692,-0.09702955186367035,0.15485574305057526,-0.7799015045166016,-0.11838117241859436,0.13804733753204346,-0.6886920928955078,-0.10426875948905945,0.10678790509700775,-0.5854759812355042,-0.09034356474876404
E,E_session_001,46,0.0,0.0,0.0,-0.09932311624288559,-0.15364351868629456,-0.05103015527129173,-0.13645826280117035,-0.39257073402404785,-0.08086874336004257,-0.04163941740989685,-0.5317061543464661,-0.11383382230997086,0.06649164110422134,-0.5580848455429077,-0.13789114356040955,-0.14793221652507782,-0.6563689708709717,-0.028795210644602776,-0.12735135853290558,-0.9227880239486694,-0.10403424501419067,-0.11198937892913818,-0.7616479396820068,-0.15597938001155853,-0.11437898874282837,-0.6120316982269287,-0.1818321794271469,-0.04824335500597954,-0.6897969245910645,-0.040928106755018234,-0.013446957804262638,-1.0,-0.0997314602136612,-0.010154969990253448,-0.8085751533508301,-0.12486305087804794,-0.026509389281272888,-0.674530029296875,-0.13019947707653046,0.04401952400803566,-0.6667755842208862,-0.06496132165193558,0.08003722876310349,-0.9205961227416992,-0.11198554188013077,0.06795702129602432,-0.7435999512672424,-0.10731259733438492,0.041271764785051346,-0.6181776523590088,-0.0937931016087532,0.12717881798744202,-0.5914835929870605,-0.09628617763519287,0.15584872663021088,-0.7783388495445251,-0.11718279868364334,0.13582420349121094,-0.6855548024177551,-0.10144423693418503,0.10660959780216217,-0.585917055606842,-0.08624014258384705
E,E_session_001,47,0.0,0.0,0.0,-0.09954336285591125,-0.15301787853240967,-0.05335056781768799,-0.1364530771970749,-0.3919801712036133,-0.08345246315002441,-0.03990665450692177,-0.5287627577781677,-0.11566437780857086,0.06813514232635498,-0.5551463961601257,-0.13852985203266144,-0.15025265514850616,-0.6543896794319153,-0.0354626290500164,-0.12840665876865387,-0.9235774874687195,-0.11079302430152893,-0.11234846711158752,-0.7611865997314453,-0.1612590253353119,-0.11510372906923294,-0.611243724822998,-0.1857050061225891,-0.04824460670351982,-0.687151312828064,-0.0455213263630867,-0.012301103211939335,-1.0,-0.1039106622338295,-0.008182218298316002,-0.8102651834487915,-0.12746112048625946,-0.026291780173778534,-0.6749064922332764,-0.13178960978984833,0.04485287889838219,-0.6644072532653809,-0.06731158494949341,0.08094926923513412,-0.9160588979721069,-0.11403027921915054,0.07015446573495865,-0.7411289215087891,-0.10942379385232925,0.04217382147908211,-0.6139033436775208,-0.09578197449445724,0.12754584848880768,-0.5910405516624451,-0.09650683403015137,0.15626883506774902,-0.778954029083252,-0.11762899160385132,0.14041006565093994,-0.6944193243980408,-0.10317478328943253,0.11235107481479645,-0.5967457294464111,-0.08863025903701782
E,E_session_001,48,0.0,0.0,0.0,-0.09931115806102753,-0.15386591851711273,-0.051109082996845245,-0.13747017085552216,-0.3937840461730957,-0.08102210611104965,-0.040737465023994446,-0.5325040221214294,-0.11368641257286072,0.06926131993532181,-0.5580028891563416,-0.1373893916606903,-0.14850743114948273,-0.6535153985023499,-0.034359704703092575,-0.1302955001592636,-0.9201288819313049,-0.10761607438325882,-0.11179458349943161,-0.7559977173805237,-0.15755845606327057,-0.11374956369400024,-0.6071553230285645,-0.18272805213928223,-0.04890679940581322,-0.6903750896453857,-0.0461883470416069,-0.01666272059082985,-1.0,-0.10052120685577393,-0.009144337847828865,-0.8126403093338013,-0.1231137067079544,-0.0258755162358284,-0.6796820163726807,-0.128829225897789,0.04275308921933174,-0.6681497097015381,-0.06956145167350769,0.07807662338018417,-0.9271251559257507,-0.11318544298410416,0.06989236921072006,-0.7532384991645813,-0.10846967250108719,0.042666152119636536,-0.6249107718467712,-0.09658296406269073,0.12525466084480286,-0.5928481221199036,-0.10031096637248993,0.15402249991893768,-0.7795467972755432,-0.12087851017713547,0.13818413019180298,-0.6953988671302795,-0.107228584587574,0.10947337746620178,-0.5963582396507263,-0.09421620517969131
E,E_session_001,49,0.0,0.0,0.0,-0.09973045438528061,-0.15247683227062225,-0.05320596322417259,-0.13800671696662903,-0.3881198763847351,-0.08378622680902481,-0.04115006700158119,-0.5295431613922119,-0.11615531891584396,0.06684888899326324,-0.5662673711776733,-0.13964438438415527,-0.15030650794506073,-0.6534000039100647,-0.03599883243441582,-0.13296589255332947,-0.9103413820266724,-0.10778681933879852,-0.11535141617059708,-0.7448607683181763,-0.1571555733680725,-0.11811728775501251,-0.6007561683654785,-0.18278071284294128,-0.05097772926092148,-0.693842351436615,-0.04667018726468086,-0.019484424963593483,-1.0,-0.09937071800231934,-0.010543451644480228,-0.8098484873771667,-0.12237466871738434,-0.026793571189045906,-0.6803043484687805,-0.12916900217533112,0.04092022776603699,-0.6743283271789551,-0.06861472874879837,0.07647085934877396,-0.9289986491203308,-0.11257260292768478,0.06951889395713806,-0.7497913241386414,-0.10836631804704666,0.041639331728219986,-0.6229792237281799,-0.09733802825212479,0.12425262480974197,-0.5991498827934265,-0.09781573712825775,0.1498226821422577,-0.7768959403038025,-0.11961644887924194,0.1335003674030304,-0.6837419867515564,-0.10601454973220825,0.10320359468460083,-0.5838868021965027,-0.09319224953651428
E,E_session_001,50,0.0,0.0,0.0,-0.09821298718452454,-0.1549658477306366,-0.05409134551882744,-0.1353827565908432,-0.3944129943847656,-0.08394402265548706,-0.03935747593641281,-0.5336940884590149,-0.11511185020208359,0.06810861080884933,-0.564818799495697,-0.13693027198314667,-0.1521170735359192,-0.6477063298225403,-0.03813420236110687,-0.1326647400856018,-0.9101948142051697,-0.10807812958955765,-0.1130719929933548,-0.7389879822731018,-0.15564166009426117,-0.11654697358608246,-0.5925474762916565,-0.18026970326900482,-0.05215740576386452,-0.6889240145683289,-0.047473467886447906,-0.022624339908361435,-1.0,-0.09910321980714798,-0.009712502360343933,-0.8106382489204407,-0.12180188298225403,-0.026258107274770737,-0.6772483587265015,-0.12865862250328064,0.0405387319624424,-0.6719383597373962,-0.06785926967859268,0.07456523925065994,-0.93581223487854,-0.10970862954854965,0.07234691083431244,-0.7593654990196228,-0.10580099374055862,0.044205717742443085,-0.6293923854827881,-0.0953480452299118,0.12378033995628357,-0.6000454425811768,-0.09557420760393143,0.15025943517684937,-0.7847813367843628,-0.11530521512031555,0.13768072426319122,-0.6975038051605225,-0.10240352153778076,0.10730800777673721,-0.5970574021339417,-0.09060195088386536
E,E_session_001,51,0.0,0.0,0.0,-0.09722267836332321,-0.15622948110103607,-0.055601611733436584,-0.13494643568992615,-0.3960863947868347,-0.08503257483243942,-0.03798692300915718,-0.5347875356674194,-0.11511193215847015,0.07245440781116486,-0.565151572227478,-0.135575532913208,-0.15396754443645477,-0.6451334953308105,-0.03753415495157242,-0.13384921848773956,-0.9003717303276062,-0.10663530230522156,-0.1174628734588623,-0.7290015816688538,-0.15297242999076843,-0.12198860943317413,-0.5910740494728088,-0.17744499444961548,-0.054908279329538345,-0.6904196739196777,-0.04631487652659416,-0.024407612159848213,-1.0,-0.09916315227746964,-0.013717344030737877,-0.804502546787262,-0.12141931802034378,-0.028660330921411514,-0.6763233542442322,-0.12717920541763306,0.0376485250890255,-0.6764056086540222,-0.0662536770105362,0.0721321776509285,-0.9350897073745728,-0.10963726788759232,0.06784407049417496,-0.7536752223968506,-0.10604635626077652,0.04088182747364044,-0.6292826533317566,-0.09533076733350754,0.12150069326162338,-0.6059722304344177,-0.0935957282781601,0.14636224508285522,-0.7825286388397217,-0.11464043706655502,0.1311049908399582,-0.6888556480407715,-0.10241811722517014,0.10158812254667282,-0.5904232263565063,-0.09095179289579391
E,E_session_001,52,0.0,0.0,0.0,-0.09796267747879028,-0.15884242951869965,-0.05684863030910492,-0.13398060202598572,-0.40082257986068726,-0.08580705523490906,-0.03609485924243927,-0.5392698645591736,-0.1153053566813469,0.07470492273569107,-0.5676771998405457,-0.134830504655838,-0.15356150269508362,-0.6481545567512512,-0.03518662601709366,-0.13068634271621704,-0.8926679491996765,-0.10490669310092926,-0.11502556502819061,-0.7191713452339172,-0.15253692865371704,-0.11851991713047028,-0.5799163579940796,-0.17802774906158447,-0.05497177690267563,-0.6928170919418335,-0.043019190430641174,-0.027254823595285416,-1.0,-0.09816659241914749,-0.013961223885416985,-0.8044170141220093,-0.1228841096162796,-0.02549544908106327,-0.6699175238609314,-0.12983021140098572,0.03754645958542824,-0.6797575950622559,-0.06238901987671852,0.07021687179803848,-0.941680371761322,-0.10733336955308914,0.06953400373458862,-0.7625101208686829,-0.10710105299949646,0.04468999058008194,-0.6309255361557007,-0.09809320420026779,0.12155471742153168,-0.6089110970497131,-0.08936089277267456,0.1483098864555359,-0.7855532169342041,-0.11226955056190491,0.1348595768213272,-0.6974327564239502,-0.10439858585596085,0.10483221709728241,-0.5975640416145325,-0.0959700345993042
E,E_session_001,53,0.0,0.0,0.0,-0.09551204741001129,-0.15929867327213287,-0.0577838160097599,-0.12872442603111267,-0.40898171067237854,-0.08484267443418503,-0.029115358367562294,-0.5552963018417358,-0.11188070476055145,0.07943617552518845,-0.5931100845336914,-0.1288008838891983,-0.15540915727615356,-0.6361215710639954,-0.03469682112336159,-0.1328924149274826,-0.8881965279579163,-0.10111341625452042,-0.11420577019453049,-0.7145680785179138,-0.14623360335826874,-0.11977441608905792,-0.5797135829925537,-0.17088936269283295,-0.05595124140381813,-0.686206579208374,-0.041143111884593964,-0.03077208623290062,-1.0,-0.09287640452384949,-0.014131707139313221,-0.8050981760025024,-0.11746592819690704,-0.027447782456874847,-0.6756243705749512,-0.1255437135696411,0.03735348954796791,-0.6772230863571167,-0.058797694742679596,0.06866248697042465,-0.9454642534255981,-0.10183850675821304,0.07182479649782181,-0.7666887640953064,-0.10220281034708023,0.045598458498716354,-0.6369409561157227,-0.09470430761575699,0.12139482796192169,-0.6118146181106567,-0.08395475894212723,0.14732006192207336,-0.7892512679100037,-0.10560836642980576,0.13789986073970795,-0.7023838758468628,-0.09787636995315552,0.10811199992895126,-0.604470431804657,-0.09041387587785721
E,E_session_001,54,0.0,0.0,0.0,-0.09614608436822891,-0.16031861305236816,-0.0521811842918396,-0.13092367351055145,-0.40617281198501587,-0.07866943627595901,-0.03211638331413269,-0.5508975982666016,-0.10697274655103683,0.0788738802075386,-0.577645480632782,-0.12612909078598022,-0.15210674703121185,-0.6397765278816223,-0.029367811977863312,-0.13192297518253326,-0.8869510293006897,-0.09323380142450333,-0.11418017745018005,-0.7180019617080688,-0.13826268911361694,-0.11644232273101807,-0.5826029181480408,-0.16351379454135895,-0.054368410259485245,-0.6884611248970032,-0.03900016099214554,-0.030214006081223488,-1.0,-0.08837276697158813,-0.014529349282383919,-0.8131734132766724,-0.11295799911022186,-0.02478853054344654,-0.6805586814880371,-0.1216341108083725,0.03730350360274315,-0.6773045063018799,-0.05932462587952614,0.06728268414735794,-0.9499706029891968,-0.09892258048057556,0.07013377547264099,-0.779347836971283,-0.09980719536542892,0.04743962362408638,-0.6471450924873352,-0.09341518580913544,0.12082567065954208,-0.6085780262947083,-0.08699670433998108,0.14658550918102264,-0.7887860536575317,-0.10636346787214279,0.13509736955165863,-0.707583487033844,-0.09889927506446838,0.10666456073522568,-0.6085613369941711,-0.09209805727005005
E,E_session_001,55,0.0,0.0,0.0,-0.09612563252449036,-0.15930937230587006,-0.053812358528375626,-0.13252633810043335,-0.4037538766860962,-0.08080531656742096,-0.03763798624277115,-0.5525707602500916,-0.10940646380186081,0.07245143502950668,-0.5750834345817566,-0.12806782126426697,-0.15514542162418365,-0.638612687587738,-0.028162073343992233,-0.13199278712272644,-0.8890670537948608,-0.09262096881866455,-0.11224694550037384,-0.7191425561904907,-0.1375943273305893,-0.11565752327442169,-0.5880629420280457,-0.16298525035381317,-0.05690886452794075,-0.688780665397644,-0.03683001175522804,-0.0325787290930748,-1.0,-0.08836010098457336,-0.015161293558776379,-0.8103224039077759,-0.113484688103199,-0.02753218077123165,-0.6792978644371033,-0.12193641811609268,0.03536771982908249,-0.6822537183761597,-0.05652385950088501,0.06259017437696457,-0.9495232105255127,-0.09740722179412842,0.06700148433446884,-0.7777765989303589,-0.09793217480182648,0.043251506984233856,-0.6482489705085754,-0.09080725163221359,0.11873741447925568,-0.6195945739746094,-0.08378039300441742,0.14417703449726105,-0.7961816191673279,-0.10315481573343277,0.13394224643707275,-0.711641252040863,-0.09545452147722244,0.10577648878097534,-0.612980306148529,-0.08831659704446793
E,E_session_001,56,0.0,0.0,0.0,-0.09753696620464325,-0.15921062231063843,-0.05420609563589096,-0.13778361678123474,-0.39307212829589844,-0.0841417983174324,-0.042991772294044495,-0.5376715064048767,-0.11573516577482224,0.06827712059020996,-0.5654598474502563,-0.1376817226409912,-0.15883328020572662,-0.6312911510467529,-0.03562772274017334,-0.1322026401758194,-0.8869637846946716,-0.103683702647686,-0.11606743931770325,-0.7147105932235718,-0.14998796582221985,-0.12043503671884537,-0.58278489112854,-0.17584899067878723,-0.060695137828588486,-0.6809371709823608,-0.045473337173461914,-0.03149736300110817,-1.0,-0.10057801753282547,-0.01717931032180786,-0.8079013824462891,-0.12591956555843353,-0.02982081100344658,-0.6780065298080444,-0.13414596021175385,0.03138592094182968,-0.6753970980644226,-0.06602584570646286,0.06169528514146805,-0.9479623436927795,-0.11033845692873001,0.06238462030887604,-0.7716214060783386,-0.10993273556232452,0.037974342703819275,-0.6414329409599304,-0.10156039893627167,0.11449974030256271,-0.6126877665519714,-0.09397384524345398,0.14139486849308014,-0.7943112254142761,-0.11683236062526703,0.12803512811660767,-0.7052202224731445,-0.10888117551803589,0.09884440153837204,-0.6041298508644104,-0.10093524307012558
E,E_session_001,57,0.0,0.0,0.0,-0.095937080681324,-0.16102692484855652,-0.052180953323841095,-0.1359737366437912,-0.39977261424064636,-0.08071761578321457,-0.04100323095917702,-0.5487954616546631,-0.11159149557352066,0.07110213488340378,-0.580985426902771,-0.13328507542610168,-0.15808430314064026,-0.6241372227668762,-0.03189410641789436,-0.13487517833709717,-0.8805295825004578,-0.09967990219593048,-0.11694296449422836,-0.7142383456230164,-0.1471637636423111,-0.12033174932003021,-0.5828629732131958,-0.1740528643131256,-0.0607399046421051,-0.6774219274520874,-0.042594216763973236,-0.03368261456489563,-1.0,-0.09790878742933273,-0.0171030443161726,-0.810051441192627,-0.1257345825433731,-0.028498081490397453,-0.6795365810394287,-0.13581496477127075,0.030892247334122658,-0.6746026277542114,-0.06368718296289444,0.061238158494234085,-0.9493386745452881,-0.10713434964418411,0.06332357227802277,-0.7769774198532104,-0.10792279243469238,0.03953816369175911,-0.6459315419197083,-0.1007232666015625,0.11339720338582993,-0.6151677370071411,-0.09206309169530869,0.14034771919250488,-0.7993717193603516,-0.11313517391681671,0.12733890116214752,-0.7143321633338928,-0.10472168028354645,0.09817615896463394,-0.6129927635192871,-0.0970432311296463
E,E_session_001,58,0.0,0.0,0.0,-0.09684402495622635,-0.16223876178264618,-0.05118198320269585,-0.13727203011512756,-0.40370309352874756,-0.07699287682771683,-0.04202001914381981,-0.5484791398048401,-0.10515370965003967,0.06897382438182831,-0.5768876075744629,-0.12422491610050201,-0.16024672985076904,-0.6235857009887695,-0.02918352745473385,-0.13391342759132385,-0.8808043599128723,-0.09609701484441757,-0.11739395558834076,-0.7185123562812805,-0.14212165772914886,-0.12313256412744522,-0.5907116532325745,-0.16778306663036346,-0.06181823089718819,-0.6746103167533875,-0.04012586548924446,-0.03259795531630516,-1.0,-0.09476380795240402,-0.016673071309924126,-0.8089727759361267,-0.1212516725063324,-0.029169391840696335,-0.6817824244499207,-0.13010890781879425,0.03016776032745838,-0.670339822769165,-0.06175776198506355,0.060901135206222534,-0.9477660059928894,-0.10642033815383911,0.063514843583107,-0.7724920511245728,-0.10792754590511322,0.039453428238630295,-0.6437311172485352,-0.10062777996063232,0.11289823800325394,-0.6099687218666077,-0.09044353663921356,0.14119412004947662,-0.7979165315628052,-0.11333662271499634,0.1282101571559906,-0.7116559743881226,-0.10629094392061234,0.09796842187643051,-0.6109470725059509,-0.0993250235915184
E,E_session_001,59,0.0,0.0,0.0,-0.09847164154052734,-0.1547280102968216,-0.051781460642814636,-0.14085638523101807,-0.3958108425140381,-0.07887265086174011,-0.044615525752305984,-0.5385265946388245,-0.10815361142158508,0.06763435900211334,-0.5609118342399597,-0.12865343689918518,-0.15630468726158142,-0.628781259059906,-0.03148426488041878,-0.1292090117931366,-0.881166934967041,-0.10031595081090927,-0.11332394927740097,-0.7183994054794312,-0.1484905183315277,-0.11730927973985672,-0.5830552577972412,-0.17500466108322144,-0.058374859392642975,-0.6770436763763428,-0.04251600429415703,-0.02804717980325222,-1.0,-0.0993732139468193,-0.012272071093320847,-0.8158130645751953,-0.12685254216194153,-0.023319503292441368,-0.6796649694442749,-0.1353592574596405,0.031679779291152954,-0.6697046756744385,-0.06445830315351486,0.06290271133184433,-0.9475684762001038,-0.10910004377365112,0.0672253668308258,-0.7795907258987427,-0.11129783093929291,0.044103119522333145,-0.646705687046051,-0.10389918088912964,0.11335266381502151,-0.6050618886947632,-0.09375575929880142,0.141761913895607,-0.7909393310546875,-0.11645131558179855,0.1308687925338745,-0.7115350365638733,-0.11050446331501007,0.10091391205787659,-0.6122397780418396,-0.10394858568906784
E,E_session_001,60,0.0,0.0,0.0,-0.09555532783269882,-0.16322863101959229,-0.04971034452319145,-0.13404269516468048,-0.40506547689437866,-0.0757981538772583,-0.03979823738336563,-0.541114330291748,-0.10470826178789139,0.06828867644071579,-0.5595752000808716,-0.12458666414022446,-0.15321248769760132,-0.6350535154342651,-0.026316646486520767,-0.12396470457315445,-0.8887521624565125,-0.09360519796609879,-0.10747501999139786,-0.7242844700813293,-0.1406419575214386,-0.11238477379083633,-0.5930135846138,-0.16645418107509613,-0.05516650155186653,-0.6788897514343262,-0.03804774209856987,-0.024256965145468712,-1.0,-0.09404182434082031,-0.009318092837929726,-0.8184418082237244,-0.12172269821166992,-0.021452711895108223,-0.6881297826766968,-0.13049288094043732,0.0349595807492733,-0.6695552468299866,-0.06067219004034996,0.0665583685040474,-0.9404355883598328,-0.10434146225452423,0.06935474276542664,-0.7743614912033081,-0.10683633387088776,0.04497179016470909,-0.646095871925354,-0.09985555708408356,0.11557812243700027,-0.6062564253807068,-0.09055209159851074,0.1431613713502884,-0.7883135080337524,-0.11179064214229584,0.13057929277420044,-0.7073060870170593,-0.10527010262012482,0.09972997009754181,-0.6082589030265808,-0.09847112745046616
E,E_session_001,61,0.0,0.0,0.0,-0.09591158479452133,-0.16340872645378113,-0.052979908883571625,-0.13478434085845947,-0.4070407748222351,-0.07984964549541473,-0.041818588972091675,-0.5456609725952148,-0.10853313654661179,0.06541389971971512,-0.5592237114906311,-0.1274459809064865,-0.15488207340240479,-0.6369061470031738,-0.02947993576526642,-0.12518443167209625,-0.8926407694816589,-0.09731576591730118,-0.10678119212388992,-0.7223055362701416,-0.1438022255897522,-0.11181121319532394,-0.5904721021652222,-0.1694153994321823,-0.057391081005334854,-0.6812483668327332,-0.03904391825199127,-0.026383742690086365,-1.0,-0.09646442532539368,-0.008746607229113579,-0.8098838925361633,-0.12414547055959702,-0.021291881799697876,-0.6790432929992676,-0.1327093541622162,0.03362929821014404,-0.6741223335266113,-0.059617020189762115,0.0655699074268341,-0.9451006650924683,-0.10532449930906296,0.06861735135316849,-0.7721906304359436,-0.10755794495344162,0.04279511049389839,-0.6432205438613892,-0.10019324719905853,0.11514417082071304,-0.6125422120094299,-0.08747030794620514,0.14078018069267273,-0.7865241169929504,-0.11109644174575806,0.128363236784935,-0.6992405652999878,-0.10548701882362366,0.0981799066066742,-0.6008349061012268,-0.09900297969579697
E,E_session_001,62,0.0,0.0,0.0,-0.09373718500137329,-0.16414569318294525,-0.049861300736665726,-0.12899337708950043,-0.41247984766960144,-0.07400336861610413,-0.03715585172176361,-0.5477003455162048,-0.10029581189155579,0.06735389679670334,-0.5505326986312866,-0.11719953268766403,-0.15000639855861664,-0.6385771036148071,-0.023854712024331093,-0.11760511249303818,-0.8945959210395813,-0.08945279568433762,-0.10412668436765671,-0.7315965890884399,-0.13491372764110565,-0.11017347872257233,-0.5983908772468567,-0.15955781936645508,-0.053342677652835846,-0.6795523166656494,-0.034222546964883804,-0.019836418330669403,-1.0,-0.09026161581277847,-0.008908145129680634,-0.8177964091300964,-0.11679176986217499,-0.021116677671670914,-0.6863903403282166,-0.1235671192407608,0.03635333105921745,-0.6686927080154419,-0.05565161630511284,0.07046148180961609,-0.9351946711540222,-0.09898088127374649,0.06760474294424057,-0.7683202624320984,-0.1013222187757492,0.041560977697372437,-0.6422518491744995,-0.09369248151779175,0.11694908887147903,-0.6060553789138794,-0.08434982597827911,0.14301127195358276,-0.7797781229019165,-0.10574272274971008,0.1283046454191208,-0.6967342495918274,-0.10018742829561234,0.0989980474114418,-0.6021876335144043,-0.09374287724494934
E,E_session_001,63,0.0,0.0,0.0,-0.09367635101079941,-0.16461418569087982,-0.047678641974925995,-0.1282084435224533,-0.41056522727012634,-0.07171052694320679,-0.03788125142455101,-0.54940265417099,-0.09906357526779175,0.06554543226957321,-0.5523704290390015,-0.11731613427400589,-0.14884567260742188,-0.6383433938026428,-0.020164376124739647,-0.12098415940999985,-0.8969227075576782,-0.08398318290710449,-0.10499375313520432,-0.7337602972984314,-0.12972824275493622,-0.10827155411243439,-0.5997365117073059,-0.15532419085502625,-0.0526907816529274,-0.6797699928283691,-0.03183881938457489,-0.0238370168954134,-1.0,-0.08573553711175919,-0.009998389519751072,-0.8227595090866089,-0.11394129693508148,-0.020252641290426254,-0.6906706690788269,-0.12340720742940903,0.036413080990314484,-0.6683286428451538,-0.05434509739279747,0.06654661893844604,-0.9411122798919678,-0.09525584429502487,0.06617028266191483,-0.7819297313690186,-0.09992416948080063,0.04183347523212433,-0.6530478000640869,-0.0953034907579422,0.11694863438606262,-0.6051045656204224,-0.0840599313378334,0.14289750158786774,-0.7835801243782043,-0.10370837897062302,0.1278454065322876,-0.7074896693229675,-0.09970152378082275,0.09735022485256195,-0.6104589104652405,-0.0954698994755745
E,E_session_001,64,0.0,0.0,0.0,-0.09455733001232147,-0.1667081117630005,-0.047125425189733505,-0.12809717655181885,-0.4266684353351593,-0.06838850677013397,-0.035630155354738235,-0.5678072571754456,-0.09259859472513199,0.06822726130485535,-0.5641887784004211,-0.10692205280065536,-0.15113916993141174,-0.6415418982505798,-0.01687510870397091,-0.12054560333490372,-0.9019474983215332,-0.08022722601890564,-0.10261327773332596,-0.7341552972793579,-0.12446635216474533,-0.10760694742202759,-0.5978708863258362,-0.14857448637485504,-0.055206868797540665,-0.682944118976593,-0.027588700875639915,-0.026402907446026802,-1.0,-0.08034463226795197,-0.008948465809226036,-0.8161842823028564,-0.10633161664009094,-0.019603652879595757,-0.6855714321136475,-0.11373636871576309,0.034439221024513245,-0.6723103523254395,-0.04949565231800079,0.06402541697025299,-0.945397138595581,-0.0900711938738823,0.0674523264169693,-0.7793698310852051,-0.09223108738660812,0.04350595921278,-0.6516043543815613,-0.08544951677322388,0.11502907425165176,-0.6123982071876526,-0.07852935045957565,0.13893000781536102,-0.7901090383529663,-0.09811368584632874,0.1269436925649643,-0.709385335445404,-0.09266678988933563,0.0982319712638855,-0.6138393878936768,-0.08693871647119522
E,E_session_001,65,0.0,0.0,0.0,-0.09495839476585388,-0.165090873837471,-0.05046273395419121,-0.12910303473472595,-0.41277074813842773,-0.07625944912433624,-0.03619015961885452,-0.546669602394104,-0.10453897714614868,0.06781972199678421,-0.5444843769073486,-0.12362559139728546,-0.14791740477085114,-0.6450247764587402,-0.024797040969133377,-0.11761053651571274,-0.8998001217842102,-0.0909154936671257,-0.10529210418462753,-0.7349957823753357,-0.13808080554008484,-0.10942179709672928,-0.5969505310058594,-0.16414746642112732,-0.05054863169789314,-0.6826969981193542,-0.03519541025161743,-0.019900919869542122,-1.0,-0.09093845635652542,-0.008856486529111862,-0.8209449648857117,-0.11950577795505524,-0.018760882318019867,-0.6851009726524353,-0.12855792045593262,0.0390632264316082,-0.6676819920539856,-0.05656064301729202,0.06967528164386749,-0.9370307326316833,-0.09813712537288666,0.0682343989610672,-0.7759349346160889,-0.10204334557056427,0.044709231704473495,-0.644445538520813,-0.09630294144153595,0.1190543845295906,-0.6009213328361511,-0.08546137809753418,0.14386430382728577,-0.7778423428535461,-0.10535026341676712,0.12975522875785828,-0.703665018081665,-0.10107947885990143,0.10133775323629379,-0.6081337332725525,-0.09612664580345154
E,E_session_001,66,0.0,0.0,0.0,-0.09722941368818283,-0.16626834869384766,-0.048672135919332504,-0.1291617900133133,-0.41216814517974854,-0.07397639751434326,-0.03319757059216499,-0.5488649010658264,-0.10221341997385025,0.07215182483196259,-0.5607982873916626,-0.12153628468513489,-0.14824271202087402,-0.6402797698974609,-0.022805580869317055,-0.12047968059778214,-0.9006651043891907,-0.08792246133089066,-0.10456162691116333,-0.7383906841278076,-0.135126531124115,-0.1076856181025505,-0.599284827709198,-0.16144727170467377,-0.050381746143102646,-0.6794309616088867,-0.03395393118262291,-0.020681455731391907,-1.0,-0.08761153370141983,-0.007237329613417387,-0.821090817451477,-0.11716337502002716,-0.01780647411942482,-0.6850128769874573,-0.12812957167625427,0.039809130132198334,-0.6658023595809937,-0.055809009820222855,0.07146518677473068,-0.939437210559845,-0.09625210613012314,0.070836640894413,-0.7800440192222595,-0.10096340626478195,0.04653964191675186,-0.6475770473480225,-0.0968855619430542,0.12080135941505432,-0.6013877391815186,-0.08491212129592896,0.1443469226360321,-0.7805343866348267,-0.10390332341194153,0.13077782094478607,-0.7055307626724243,-0.09884186089038849,0.10214301198720932,-0.6079456210136414,-0.09406154602766037
E,E_session_001,67,0.0,0.0,0.0,-0.09811162948608398,-0.16664154827594757,-0.04725351184606552,-0.13022387027740479,-0.4032299220561981,-0.07521922886371613,-0.034305986016988754,-0.5349368453025818,-0.1068655252456665,0.07004354149103165,-0.5494509339332581,-0.13034075498580933,-0.14560265839099884,-0.6430599689483643,-0.024653147906064987,-0.11691156029701233,-0.898928165435791,-0.09181468933820724,-0.10309299826622009,-0.736016571521759,-0.14134399592876434,-0.10622721165418625,-0.5944104790687561,-0.16909469664096832,-0.04741179198026657,-0.6801878213882446,-0.03775337338447571,-0.017211029306054115,-1.0,-0.0936165377497673,-0.006192212924361229,-0.8253026604652405,-0.12537360191345215,-0.01582047902047634,-0.6855248808860779,-0.13769452273845673,0.04243601858615875,-0.6644573211669922,-0.06123491749167442,0.07454010099172592,-0.9382320642471313,-0.10322152823209763,0.0716242864727974,-0.7821946740150452,-0.10985568910837173,0.047257959842681885,-0.6471388339996338,-0.10687100887298584,0.12321611493825912,-0.5962511301040649,-0.09179075062274933,0.14819636940956116,-0.7722363471984863,-0.11258503049612045,0.13112612068653107,-0.698706865310669,-0.10896362364292145,0.09954040497541428,-0.5989818572998047,-0.10489322245121002
E,E_session_001,68,0.0,0.0,0.0,-0.09757692366838455,-0.16323304176330566,-0.04960404708981514,-0.13079866766929626,-0.4034368097782135,-0.07817333191633224,-0.035407330840826035,-0.5392496585845947,-0.1102052554488182,0.0687459260225296,-0.5516881942749023,-0.13352613151073456,-0.14715008437633514,-0.6425302028656006,-0.02503565512597561,-0.1195342019200325,-0.9022254347801208,-0.0921819657087326,-0.10600882768630981,-0.738829493522644,-0.1411965787410736,-0.10804887115955353,-0.5971739888191223,-0.1683170050382614,-0.049109265208244324,-0.6784778833389282,-0.036669157445430756,-0.019082045182585716,-1.0,-0.0931033119559288,-0.007994135841727257,-0.8245896697044373,-0.12472599744796753,-0.016771918162703514,-0.6843300461769104,-0.13634061813354492,0.04068225994706154,-0.6617346405982971,-0.058908503502607346,0.0722135677933693,-0.9438384771347046,-0.10123317688703537,0.07027287781238556,-0.7882587313652039,-0.1074925884604454,0.047631531953811646,-0.6504881381988525,-0.10357983410358429,0.12212863564491272,-0.5939202308654785,-0.08840897679328918,0.14635150134563446,-0.7745381593704224,-0.10879744589328766,0.131077378988266,-0.7060419917106628,-0.10508781671524048,0.1017027273774147,-0.6081746816635132,-0.1005128026008606
E,E_session_001,69,0.0,0.0,0.0,-0.09638819098472595,-0.16288749873638153,-0.046658437699079514,-0.13094113767147064,-0.4058142602443695,-0.07366638630628586,-0.035838913172483444,-0.5411744713783264,-0.10459095984697342,0.06788299977779388,-0.5465158820152283,-0.1273154616355896,-0.14624330401420593,-0.6434119343757629,-0.023056307807564735,-0.11888005584478378,-0.9054694175720215,-0.08929942548274994,-0.10384638607501984,-0.7459442615509033,-0.1380806714296341,-0.10625753551721573,-0.6051998138427734,-0.16527369618415833,-0.04881368950009346,-0.6784777045249939,-0.0358433723449707,-0.018189119175076485,-1.0,-0.09165985882282257,-0.005509132985025644,-0.8265511989593506,-0.12280835956335068,-0.01497968565672636,-0.6871639490127563,-0.13421493768692017,0.040813837200403214,-0.6615428924560547,-0.05898488685488701,0.07330138981342316,-0.9406738877296448,-0.10027571767568588,0.072074756026268,-0.7856089472770691,-0.10570673644542694,0.048275064677000046,-0.6505855917930603,-0.10157398134469986,0.12173327058553696,-0.5941948294639587,-0.08925684541463852,0.1472819447517395,-0.776375949382782,-0.10951650142669678,0.13203980028629303,-0.7054857015609741,-0.10547246783971786,0.10198480635881424,-0.6076200604438782,-0.1008472666144371
E,E_session_001,70,0.0,0.0,0.0,-0.09721560031175613,-0.1597832292318344,-0.04830808565020561,-0.13275495171546936,-0.3996921479701996,-0.0763670802116394,-0.03784754499793053,-0.5369396209716797,-0.10817528516054153,0.06732228398323059,-0.5518410205841064,-0.13173937797546387,-0.14605560898780823,-0.6461364030838013,-0.024288585409522057,-0.1176380068063736,-0.8980193734169006,-0.0922718420624733,-0.10398023575544357,-0.7367663979530334,-0.14172479510307312,-0.1059064045548439,-0.598961353302002,-0.16927658021450043,-0.047782883048057556,-0.6822684407234192,-0.03685766085982323,-0.014585006050765514,-1.0,-0.09561088681221008,-0.005106882192194462,-0.8192864060401917,-0.12686578929424286,-0.015177009627223015,-0.6812236309051514,-0.13740721344947815,0.04264131188392639,-0.6664340496063232,-0.05996090918779373,0.07726158201694489,-0.9390161037445068,-0.1043785884976387,0.07228832691907883,-0.7775422930717468,-0.10904049128293991,0.04781198129057884,-0.6441839337348938,-0.10334672033786774,0.12358738481998444,-0.5993775725364685,-0.09016329795122147,0.1482236534357071,-0.7783843278884888,-0.11173511296510696,0.1297772377729416,-0.703808069229126,-0.10653620958328247,0.09919484704732895,-0.6086238622665405,-0.10042444616556168
E,E_session_001,71,0.0,0.0,0.0,-0.09684634953737259,-0.1645115315914154,-0.05030377581715584,-0.13237425684928894,-0.40414750576019287,-0.07901165634393692,-0.03662084415555,-0.5368754267692566,-0.1108827143907547,0.0677131786942482,-0.5473215579986572,-0.13389849662780762,-0.14831393957138062,-0.652470588684082,-0.025752011686563492,-0.1178993508219719,-0.9015531539916992,-0.09551504254341125,-0.10301486402750015,-0.7345971465110779,-0.14565116167068481,-0.10545654594898224,-0.5960266590118408,-0.173081636428833,-0.04856785759329796,-0.6858890056610107,-0.03729090839624405,-0.015446451492607594,-1.0,-0.09703166782855988,-0.005068592727184296,-0.8174704313278198,-0.1274903416633606,-0.016621163114905357,-0.6788458824157715,-0.13699153065681458,0.042707815766334534,-0.6682406663894653,-0.05990549549460411,0.07675976306200027,-0.9362840056419373,-0.10484488308429718,0.07402801513671875,-0.7736454606056213,-0.10844884067773819,0.048981405794620514,-0.6408714056015015,-0.10147351026535034,0.12380040436983109,-0.5991891622543335,-0.0898779034614563,0.1498611867427826,-0.7783764600753784,-0.11079030483961105,0.1351323425769806,-0.7039936184883118,-0.10472893714904785,0.10532514750957489,-0.6090489029884338,-0.09772700816392899
E,E_session_001,72,0.0,0.0,0.0,-0.09671580791473389,-0.16041190922260284,-0.048415545374155045,-0.1315852701663971,-0.40278032422065735,-0.07565972954034805,-0.03710382059216499,-0.5406490564346313,-0.10659831762313843,0.06726138293743134,-0.5509099960327148,-0.12873901426792145,-0.14727075397968292,-0.6455386281013489,-0.023704931139945984,-0.117460697889328,-0.9011965990066528,-0.09180918335914612,-0.1023666113615036,-0.7334679365158081,-0.13985243439674377,-0.10442060977220535,-0.5952633023262024,-0.16580761969089508,-0.04917231574654579,-0.6804484724998474,-0.03561389818787575,-0.015387112274765968,-1.0,-0.09471281617879868,-0.006009442266076803,-0.814008891582489,-0.12388498336076736,-0.017020339146256447,-0.6773431301116943,-0.13206720352172852,0.04106506332755089,-0.6643151044845581,-0.05836807191371918,0.0756097361445427,-0.9350284934043884,-0.10312504321336746,0.0704745203256607,-0.7706568241119385,-0.10627959668636322,0.0458550900220871,-0.638795018196106,-0.09867112338542938,0.12188860774040222,-0.5984885096549988,-0.08820716291666031,0.1467607319355011,-0.780602753162384,-0.10881539434194565,0.12976311147212982,-0.706834614276886,-0.10269370675086975,0.10034484416246414,-0.613368570804596,-0.09555953741073608
E,E_session_001,73,0.0,0.0,0.0,-0.095089852809906,-0.1622316986322403,-0.04782804474234581,-0.12828528881072998,-0.4097434878349304,-0.07383161038160324,-0.03390886262059212,-0.5455883145332336,-0.10363209992647171,0.06916534155607224,-0.5502156019210815,-0.1247040405869484,-0.1476198136806488,-0.6490009427070618,-0.020292991772294044,-0.11574874073266983,-0.8991393446922302,-0.0863168016076088,-0.0995473638176918,-0.7312038540840149,-0.13336342573165894,-0.10202421247959137,-0.5954601764678955,-0.15919017791748047,-0.04987020418047905,-0.6836227774620056,-0.03247099369764328,-0.015775898471474648,-1.0,-0.09042396396398544,-0.004561863839626312,-0.8139688968658447,-0.11957670003175735,-0.016242612153291702,-0.6777195334434509,-0.12782680988311768,0.04016803577542305,-0.6675388813018799,-0.05555409938097,0.07421304285526276,-0.9374266862869263,-0.09901981055736542,0.07151227444410324,-0.772680401802063,-0.1025359183549881,0.04639611020684242,-0.6418700814247131,-0.09542279690504074,0.12015856057405472,-0.6025426387786865,-0.08573847264051437,0.14451177418231964,-0.7822984457015991,-0.10503488779067993,0.1295400708913803,-0.7065860033035278,-0.09885042905807495,0.10077772289514542,-0.6142846941947937,-0.09201212227344513
E,E_session_001,74,0.0,0.0,0.0,-0.09496346116065979,-0.16382534801959991,-0.0464479885995388,-0.1279534250497818,-0.41422489285469055,-0.07047069072723389,-0.03382977098226547,-0.5512394905090332,-0.09839503467082977,0.06891556084156036,-0.5574364066123962,-0.11766576766967773,-0.14626368880271912,-0.6477542519569397,-0.018953556194901466,-0.1178424134850502,-0.8991065621376038,-0.08482015132904053,-0.10241548717021942,-0.7354413866996765,-0.13244010508060455,-0.10416097193956375,-0.599146842956543,-0.15878452360630035,-0.04889921098947525,-0.6822367906570435,-0.03159031644463539,-0.016591263934969902,-1.0,-0.08826145529747009,-0.005951397120952606,-0.8191396594047546,-0.11801737546920776,-0.016221346333622932,-0.6845970153808594,-0.12762440741062164,0.04095910117030144,-0.6661695241928101,-0.05512671545147896,0.07506412267684937,-0.9354252219200134,-0.09793021529912949,0.07112792879343033,-0.775177001953125,-0.10321393609046936,0.04664238914847374,-0.645783007144928,-0.09821576625108719,0.12151394784450531,-0.6006590127944946,-0.0857095941901207,0.14712513983249664,-0.7814757227897644,-0.10530325770378113,0.12998543679714203,-0.7077996134757996,-0.10075363516807556,0.09961691498756409,-0.6131076812744141,-0.09581103175878525
E,E_session_001,75,0.0,0.0,0.0,-0.09512626379728317,-0.1624731719493866,-0.0478188619017601,-0.12846675515174866,-0.410385400056839,-0.07251010835170746,-0.035005971789360046,-0.5463677644729614,-0.1004888117313385,0.0680190771818161,-0.5553417801856995,-0.11965545266866684,-0.14880207180976868,-0.6453387141227722,-0.023488489910960197,-0.11906018108129501,-0.9015523791313171,-0.08952058106660843,-0.1013706848025322,-0.7340694069862366,-0.13573318719863892,-0.10342191159725189,-0.5998592376708984,-0.1610402911901474,-0.05089060589671135,-0.6817029118537903,-0.03529404103755951,-0.018039120361208916,-1.0,-0.0916728526353836,-0.004870925564318895,-0.8121676445007324,-0.11969651281833649,-0.015945063903927803,-0.6806765198707581,-0.1282871961593628,0.03920450434088707,-0.668178379535675,-0.0578530989587307,0.07287680357694626,-0.9386420249938965,-0.10134129971265793,0.0708278939127922,-0.7726357579231262,-0.10475859045982361,0.045776329934597015,-0.6453723311424255,-0.09848098456859589,0.11916877329349518,-0.6052566766738892,-0.08734171837568283,0.14373965561389923,-0.7881519794464111,-0.10768081247806549,0.12890182435512543,-0.7093114256858826,-0.10163495689630508,0.09954383224248886,-0.6153294444084167,-0.09544860571622849
E,E_session_001,76,0.0,0.0,0.0,-0.09646573662757874,-0.15926948189735413,-0.048236146569252014,-0.13060857355594635,-0.39912405610084534,-0.07440370321273804,-0.0378422737121582,-0.533362865447998,-0.10340087115764618,0.0647357776761055,-0.5546553134918213,-0.12392836809158325,-0.14936114847660065,-0.6411117315292358,-0.027500316500663757,-0.11998230963945389,-0.8949421048164368,-0.09452763199806213,-0.10197599232196808,-0.7310789823532104,-0.14223863184452057,-0.1037682443857193,-0.595230221748352,-0.16873712837696075,-0.05018996819853783,-0.6794021129608154,-0.03993360698223114,-0.01774418167769909,-1.0,-0.09624656289815903,-0.004119690973311663,-0.8174921870231628,-0.12566377222537994,-0.015049421228468418,-0.6841294169425964,-0.13588710129261017,0.03984209895133972,-0.6654258370399475,-0.06279274821281433,0.07417649775743484,-0.9359174966812134,-0.10666143149137497,0.07373441010713577,-0.7719420194625854,-0.11095824837684631,0.049075473099946976,-0.6439295411109924,-0.10577943921089172,0.11986111104488373,-0.5995177626609802,-0.09249183535575867,0.1450299322605133,-0.779483437538147,-0.11436082422733307,0.13153615593910217,-0.702323853969574,-0.10891537368297577,0.10192491114139557,-0.6086733341217041,-0.10323136299848557
E,E_session_001,77,0.0,0.0,0.0,-0.09697852283716202,-0.16678079962730408,-0.04639473930001259,-0.12940546870231628,-0.4131892919540405,-0.0710153728723526,-0.03526050224900246,-0.5433878898620605,-0.09944221377372742,0.0681099072098732,-0.5500504374504089,-0.11957080662250519,-0.14517174661159515,-0.6486809253692627,-0.02055223286151886,-0.1214255541563034,-0.8986865878105164,-0.08858690410852432,-0.10609567910432816,-0.7425767779350281,-0.13809143006801605,-0.10815124958753586,-0.6012468934059143,-0.16480788588523865,-0.04717705398797989,-0.684083878993988,-0.03353196009993553,-0.018528489395976067,-1.0,-0.09019822627305984,-0.006016600411385298,-0.8290197849273682,-0.12143120169639587,-0.014780313707888126,-0.6925210952758789,-0.13238640129566193,0.043056149035692215,-0.6659371852874756,-0.057409174740314484,0.0751638188958168,-0.936492919921875,-0.10170232504606247,0.07349839806556702,-0.7840932607650757,-0.10911910980939865,0.05077488347887993,-0.6520182490348816,-0.10535269230604172,0.12368026375770569,-0.5972316861152649,-0.08810195326805115,0.14835618436336517,-0.776252031326294,-0.11037798970937729,0.13322056829929352,-0.708465576171875,-0.10720290243625641,0.10452646017074585,-0.6111949682235718,-0.1025426834821701
E,E_session_001,78,0.0,0.0,0.0,-0.09832721948623657,-0.16480843722820282,-0.04732207581400871,-0.13282620906829834,-0.40642452239990234,-0.07290519773960114,-0.037175253033638,-0.539785623550415,-0.1017761304974556,0.06841279566287994,-0.5551260113716125,-0.12219132483005524,-0.14631769061088562,-0.6472539901733398,-0.02463936060667038,-0.11948516219854355,-0.9020940065383911,-0.09054727107286453,-0.10442747175693512,-0.7424450516700745,-0.1372809261083603,-0.10739481449127197,-0.6054672002792358,-0.1628541201353073,-0.04855351522564888,-0.6826416254043579,-0.03677200898528099,-0.018940642476081848,-1.0,-0.09049707651138306,-0.005654552485793829,-0.8222179412841797,-0.1186051070690155,-0.015534591861069202,-0.6892879009246826,-0.1286746859550476,0.041473858058452606,-0.6649048328399658,-0.059506770223379135,0.07554321736097336,-0.9405109882354736,-0.10257957130670547,0.07437216490507126,-0.7807832360267639,-0.1075030192732811,0.04963911324739456,-0.6494265794754028,-0.10296469181776047,0.12211811542510986,-0.595184326171875,-0.0890023335814476,0.14866748452186584,-0.7806574702262878,-0.11201310157775879,0.13446740806102753,-0.7073364853858948,-0.1080385074019432,0.10367300361394882,-0.6087917685508728,-0.10313977301120758
E,E_session_001,79,0.0,0.0,0.0,-0.09827900677919388,-0.1650657057762146,-0.04457443580031395,-0.13232092559337616,-0.4098527431488037,-0.0677742063999176,-0.03666249290108681,-0.5424442887306213,-0.09507066011428833,0.06895836442708969,-0.5536785125732422,-0.11425589770078659,-0.14577288925647736,-0.6466618776321411,-0.019154459238052368,-0.12038113176822662,-0.9025302529335022,-0.08482838422060013,-0.10670949518680573,-0.746791660785675,-0.13225503265857697,-0.1090712919831276,-0.6069604158401489,-0.1579146534204483,-0.04759906232357025,-0.6814338564872742,-0.03263062238693237,-0.018148334696888924,-1.0,-0.08596229553222656,-0.008250364102423191,-0.8261057734489441,-0.11457080394029617,-0.017288926988840103,-0.6918728947639465,-0.12452003359794617,0.04260830581188202,-0.6629194617271423,-0.056883566081523895,0.07582758367061615,-0.9358307719230652,-0.09888504445552826,0.07106953859329224,-0.7797949910163879,-0.10476519912481308,0.04741312563419342,-0.648711621761322,-0.10067896544933319,0.12348645180463791,-0.5939761996269226,-0.08787339180707932,0.14950838685035706,-0.7800130248069763,-0.10931221395730972,0.1322166621685028,-0.7093126177787781,-0.10531780868768692,0.10169941931962967,-0.6101744174957275,-0.10045740008354187
E,E_session_001,80,0.0,0.0,0.0,-0.09640654921531677,-0.1632910817861557,-0.0445743165910244,-0.12967772781848907,-0.41062477231025696,-0.0668799877166748,-0.0355793759226799,-0.5462815165519714,-0.093135766685009,0.06900610774755478,-0.5523921847343445,-0.11101442575454712,-0.14447687566280365,-0.6439987421035767,-0.0193093903362751,-0.1195327639579773,-0.9069379568099976,-0.08238203823566437,-0.1041489765048027,-0.7482309341430664,-0.12707123160362244,-0.1072193831205368,-0.6088514924049377,-0.15123172104358673,-0.047981541603803635,-0.6813774704933167,-0.032134152948856354,-0.01923077367246151,-1.0,-0.08233801275491714,-0.007238691672682762,-0.8239108324050903,-0.10834445059299469,-0.017799541354179382,-0.6924089193344116,-0.11712206155061722,0.040873363614082336,-0.6640791296958923,-0.05563683807849884,0.07430078834295273,-0.9361796379089355,-0.09505437314510345,0.07162076234817505,-0.7788777351379395,-0.09900031238794327,0.0466284304857254,-0.6504167914390564,-0.0942935198545456,0.12022380530834198,-0.596260130405426,-0.0859486535191536,0.14713557064533234,-0.7827098965644836,-0.1057213768362999,0.13264961540699005,-0.7114282846450806,-0.10066504031419754,0.10232550650835037,-0.613783597946167,-0.09547428041696548
E,E_session_001,81,0.0,0.0,0.0,-0.09606661647558212,-0.16345934569835663,-0.04505901411175728,-0.12992332875728607,-0.4131198823451996,-0.06741537898778915,-0.038031622767448425,-0.5504288673400879,-0.09340261667966843,0.0659724771976471,-0.5536999702453613,-0.11079061776399612,-0.14618726074695587,-0.6453102827072144,-0.019714485853910446,-0.12055934220552444,-0.9110168218612671,-0.0814896821975708,-0.10403116792440414,-0.7540686726570129,-0.12555508315563202,-0.10684645175933838,-0.6144919395446777,-0.14957943558692932,-0.0494755394756794,-0.6811814904212952,-0.0314367339015007,-0.020949970930814743,-1.0,-0.08061254769563675,-0.007650565356016159,-0.8262624740600586,-0.1067279651761055,-0.01768719032406807,-0.6944471001625061,-0.1160237267613411,0.03951781988143921,-0.6632298231124878,-0.053701017051935196,0.07280925661325455,-0.93683260679245,-0.09212801605463028,0.0706821158528328,-0.7831778526306152,-0.0971498116850853,0.04535500705242157,-0.6528525948524475,-0.0936475545167923,0.1190439909696579,-0.5957961082458496,-0.08272389322519302,0.14442548155784607,-0.7814931273460388,-0.10223068296909332,0.13083291053771973,-0.7129908800125122,-0.09854185581207275,0.10056847333908081,-0.6158751845359802,-0.09461189061403275
E,E_session_001,82,0.0,0.0,0.0,-0.09698548913002014,-0.16092514991760254,-0.04666145145893097,-0.1322329342365265,-0.4089166820049286,-0.07060740143060684,-0.03891216218471527,-0.5430575609207153,-0.09755217283964157,0.0668918564915657,-0.550407886505127,-0.11622702330350876,-0.14627298712730408,-0.6410320997238159,-0.02586839534342289,-0.12217024713754654,-0.903339684009552,-0.09004998207092285,-0.10655806958675385,-0.7468089461326599,-0.1356203705072403,-0.10904404520988464,-0.60808926820755,-0.1606358140707016,-0.04862367734313011,-0.6787515878677368,-0.03782358393073082,-0.021007904782891273,-1.0,-0.08913736790418625,-0.0072524393908679485,-0.8258377909660339,-0.11615074425935745,-0.01609949767589569,-0.693877637386322,-0.1259368509054184,0.040807612240314484,-0.660627007484436,-0.06009012088179588,0.07232167571783066,-0.9360314607620239,-0.09990338981151581,0.07185593247413635,-0.780916154384613,-0.10440842062234879,0.048238880932331085,-0.6517550945281982,-0.10050741583108902,0.12083123624324799,-0.5907608866691589,-0.08917746692895889,0.144987091422081,-0.7766794562339783,-0.10904604941606522,0.1335373818874359,-0.7092613577842712,-0.10457111150026321,0.1061616763472557,-0.6153551340103149,-0.10021580010652542
E,E_session_001,83,0.0,0.0,0.0,-0.09751829504966736,-0.1653948724269867,-0.04538159444928169,-0.13306286931037903,-0.4108334183692932,-0.07026323676109314,-0.04029076546430588,-0.5453552603721619,-0.09907758980989456,0.06492956727743149,-0.5475385785102844,-0.11979765444993973,-0.1462659388780594,-0.6435474753379822,-0.02397841028869152,-0.12458321452140808,-0.9088816046714783,-0.08812069892883301,-0.10788178443908691,-0.7527793645858765,-0.13504430651664734,-0.10882730036973953,-0.6099113821983337,-0.16087019443511963,-0.048203255981206894,-0.6786239147186279,-0.036737412214279175,-0.021527383476495743,-1.0,-0.08819529414176941,-0.00793458055704832,-0.8313875794410706,-0.11676670610904694,-0.016608180478215218,-0.693216860294342,-0.12770801782608032,0.041573237627744675,-0.6592147946357727,-0.05977797135710716,0.07190398126840591,-0.9363136291503906,-0.09858082979917526,0.07110775262117386,-0.7891099452972412,-0.10512675344944,0.04814860597252846,-0.6539744138717651,-0.10263711214065552,0.1223163902759552,-0.5898211002349854,-0.0897679477930069,0.14725889265537262,-0.7783562541007996,-0.10866277664899826,0.13371096551418304,-0.7166299819946289,-0.10551328212022781,0.10422854125499725,-0.6170280575752258,-0.10216015577316284
E,E_session_001,84,0.0,0.0,0.0,-0.09808830916881561,-0.16339191794395447,-0.0448661707341671,-0.13500605523586273,-0.4134160578250885,-0.06844157725572586,-0.04156588762998581,-0.5513795614242554,-0.09605065733194351,0.06470825523138046,-0.5515028238296509,-0.11531227082014084,-0.14912886917591095,-0.6414797306060791,-0.021297359839081764,-0.12751905620098114,-0.9135727286338806,-0.08432236313819885,-0.1080976277589798,-0.7575350403785706,-0.13036836683750153,-0.11012763530015945,-0.6167734265327454,-0.15604503452777863,-0.0525449737906456,-0.678325355052948,-0.03391055762767792,-0.02723097801208496,-1.0,-0.08348920941352844,-0.00951117929071188,-0.8271346688270569,-0.11139074712991714,-0.017826542258262634,-0.6924577355384827,-0.12258736789226532,0.03655890002846718,-0.6607609391212463,-0.05696984380483627,0.0668596550822258,-0.9447032809257507,-0.09525851160287857,0.0694296583533287,-0.7928139567375183,-0.10124091804027557,0.04619426652789116,-0.6578202247619629,-0.09885318577289581,0.1175650879740715,-0.5931494235992432,-0.08688046783208847,0.14335140585899353,-0.782120406627655,-0.10680391639471054,0.13105231523513794,-0.7154461145401001,-0.10395880788564682,0.10054878145456314,-0.6147850155830383,-0.10096369683742523
E,E_session_001,85,0.0,0.0,0.0,-0.09566980600357056,-0.16023311018943787,-0.04696403443813324,-0.1328161209821701,-0.4119918942451477,-0.0720129907131195,-0.03944779559969902,-0.5490162372589111,-0.10087034851312637,0.06847770512104034,-0.5483385324478149,-0.12136102467775345,-0.14518588781356812,-0.6422286033630371,-0.023120878264307976,-0.12478231638669968,-0.9120323061943054,-0.08703352510929108,-0.10771911591291428,-0.7626383900642395,-0.13432838022708893,-0.10926169157028198,-0.6220023036003113,-0.16061080992221832,-0.04869654402136803,-0.6784519553184509,-0.03522790968418121,-0.022185148671269417,-1.0,-0.08537095785140991,-0.008602517656981945,-0.8369009494781494,-0.1138632595539093,-0.016631457954645157,-0.7014721632003784,-0.12528079748153687,0.04020300507545471,-0.6585872769355774,-0.05806776136159897,0.07127664983272552,-0.938558042049408,-0.09559161961078644,0.07099529355764389,-0.7954971194267273,-0.10237341374158859,0.04898877069354057,-0.6613802313804626,-0.10064167529344559,0.1213265061378479,-0.5892752408981323,-0.08818764239549637,0.1478811651468277,-0.7777497172355652,-0.10616955161094666,0.13439154624938965,-0.7182713747024536,-0.10328897833824158,0.10525798052549362,-0.6199400424957275,-0.10056030005216599
E,E_session_001,86,0.0,0.0,0.0,-0.09839706867933273,-0.15991902351379395,-0.04540682211518288,-0.1368643045425415,-0.4084729850292206,-0.07011967897415161,-0.04340202361345291,-0.5425756573677063,-0.09853541105985641,0.06439381837844849,-0.5451239943504333,-0.1191839724779129,-0.14682511985301971,-0.6424314975738525,-0.02563021145761013,-0.12421712279319763,-0.912071704864502,-0.08811005204916,-0.10933424532413483,-0.7591886520385742,-0.13378389179706573,-0.11116814613342285,-0.6196437478065491,-0.15964993834495544,-0.04929463937878609,-0.6783987879753113,-0.038991622626781464,-0.0200582817196846,-1.0,-0.08739045262336731,-0.008505096659064293,-0.8325451612472534,-0.11493701487779617,-0.017958061769604683,-0.7013990879058838,-0.12674124538898468,0.03957303985953331,-0.6585994362831116,-0.06252454221248627,0.0740218535065651,-0.9384644627571106,-0.09984999150037766,0.07138227671384811,-0.7898424863815308,-0.10618428140878677,0.04730025306344032,-0.6587316393852234,-0.1049577072262764,0.12022093683481216,-0.5878803730010986,-0.09287696331739426,0.1438397914171219,-0.777113139629364,-0.11093878000974655,0.1316613405942917,-0.7104331254959106,-0.10674390941858292,0.10451477766036987,-0.6121435165405273,-0.1036190316081047
E,E_session_001,87,0.0,0.0,0.0,-0.09792065620422363,-0.16731390357017517,-0.044356200844049454,-0.13564254343509674,-0.4139394164085388,-0.06957250833511353,-0.04350835829973221,-0.5465201139450073,-0.09939219057559967,0.06372711807489395,-0.5435867309570312,-0.12148731201887131,-0.14683689177036285,-0.6415839791297913,-0.022350307554006577,-0.128123939037323,-0.9119958281517029,-0.08609838783740997,-0.11234182864427567,-0.764633059501648,-0.13376013934612274,-0.11239320039749146,-0.6226916909217834,-0.16052092611789703,-0.049593355506658554,-0.6768806576728821,-0.03632030263543129,-0.022392185404896736,-1.0,-0.08665616810321808,-0.009598071686923504,-0.8380850553512573,-0.11564240604639053,-0.017238393425941467,-0.6991742849349976,-0.12741288542747498,0.039333444088697433,-0.6559267044067383,-0.06063942611217499,0.07103883475065231,-0.9352544546127319,-0.09806577116250992,0.07035153359174728,-0.7917763590812683,-0.10478170216083527,0.04887828975915909,-0.6550318598747253,-0.1028260812163353,0.12012585252523422,-0.5843938589096069,-0.09203679859638214,0.1461583971977234,-0.7738708257675171,-0.10940190404653549,0.13318054378032684,-0.7138389348983765,-0.10568638145923615,0.10493823885917664,-0.6129918098449707,-0.10237909853458405
E,E_session_001,88,0.0,0.0,0.0,-0.0969628170132637,-0.16733182966709137,-0.0417625829577446,-0.13363519310951233,-0.41512367129325867,-0.06609285622835159,-0.040744081139564514,-0.5496933460235596,-0.09578351676464081,0.06826335191726685,-0.5471631288528442,-0.11824455857276917,-0.1401607245206833,-0.6448162794113159,-0.01873042993247509,-0.12200497090816498,-0.916519045829773,-0.0803283154964447,-0.10899243503808975,-0.7769697308540344,-0.12771403789520264,-0.10985168069601059,-0.6340256929397583,-0.15445800125598907,-0.044638123363256454,-0.6773982644081116,-0.033422067761421204,-0.01807592064142227,-1.0,-0.08070485293865204,-0.008530352264642715,-0.8457399010658264,-0.10989910364151001,-0.015198475681245327,-0.7060232162475586,-0.12275118380784988,0.04343093931674957,-0.6532430648803711,-0.05824369937181473,0.07576141506433487,-0.9366160035133362,-0.09279696643352509,0.07119594514369965,-0.8021267652511597,-0.10119333118200302,0.050110138952732086,-0.6629812717437744,-0.10131675750017166,0.12440595775842667,-0.5799317359924316,-0.09000339359045029,0.15039363503456116,-0.7738848328590393,-0.10549147427082062,0.13530291616916656,-0.7237244248390198,-0.10284207761287689,0.10724880546331406,-0.6247327923774719,-0.10085694491863251
E,E_session_001,89,0.0,0.0,0.0,-0.09847333282232285,-0.16643284261226654,-0.043732110410928726,-0.13717252016067505,-0.4071226119995117,-0.07039938122034073,-0.04610021412372589,-0.5438120365142822,-0.10174837708473206,0.062059082090854645,-0.5491886734962463,-0.1257939487695694,-0.14595384895801544,-0.6387251615524292,-0.025515811517834663,-0.1258859932422638,-0.9153956174850464,-0.08762902766466141,-0.11026954650878906,-0.7732881903648376,-0.13452383875846863,-0.11044330149888992,-0.6311832666397095,-0.16111411154270172,-0.04871714487671852,-0.6740573644638062,-0.0395524837076664,-0.021539082750678062,-1.0,-0.08680087327957153,-0.00897151418030262,-0.8426533341407776,-0.11599963903427124,-0.01643107831478119,-0.7050611972808838,-0.12950490415096283,0.03988583758473396,-0.6533305644989014,-0.06322523206472397,0.07171658426523209,-0.9392250776290894,-0.0984075665473938,0.0691949725151062,-0.8015332818031311,-0.10622874647378922,0.046867869794368744,-0.6636467576026917,-0.1063372790813446,0.1202419325709343,-0.5814208388328552,-0.09366874396800995,0.1442251205444336,-0.7759432792663574,-0.10984507948160172,0.1324409395456314,-0.7225852608680725,-0.10625241696834564,0.10568997263908386,-0.6241257786750793,-0.10362856835126877
E,E_session_001,90,0.0,0.0,0.0,-0.10060302168130875,-0.16842405498027802,-0.045397065579891205,-0.13924527168273926,-0.4110947847366333,-0.07209733873605728,-0.04830548167228699,-0.551256537437439,-0.10329965502023697,0.06105148419737816,-0.5553718209266663,-0.12700052559375763,-0.1467890590429306,-0.6352216601371765,-0.024478251114487648,-0.12971894443035126,-0.9117481708526611,-0.08821256458759308,-0.11513152718544006,-0.7784973978996277,-0.13710524141788483,-0.11453169584274292,-0.6380419731140137,-0.1649681180715561,-0.0488671250641346,-0.6708847284317017,-0.03780671954154968,-0.022479096427559853,-1.0,-0.08751285821199417,-0.01040627807378769,-0.8507499098777771,-0.11910135298967361,-0.016683809459209442,-0.7122970223426819,-0.13394103944301605,0.039709415286779404,-0.6496207118034363,-0.061232760548591614,0.0706702470779419,-0.9348003268241882,-0.09843383729457855,0.06911733746528625,-0.8058156967163086,-0.10935013741254807,0.04916401579976082,-0.6673048734664917,-0.11114988476037979,0.12020892649888992,-0.5779429078102112,-0.09171349555253983,0.147079199552536,-0.7703742384910583,-0.10928557068109512,0.1350426971912384,-0.72418612241745,-0.108714759349823,0.10829794406890869,-0.6262427568435669,-0.10831030458211899
E,E_session_001,91,0.0,0.0,0.0,-0.10064655542373657,-0.1702645868062973,-0.04358385503292084,-0.1397102028131485,-0.4099217355251312,-0.07042703032493591,-0.04874128848314285,-0.547615647315979,-0.10237638652324677,0.06045147776603699,-0.5485681295394897,-0.12722496688365936,-0.1464846432209015,-0.6421055793762207,-0.02277437411248684,-0.1272762417793274,-0.911627471446991,-0.08712258189916611,-0.11344518512487411,-0.772614598274231,-0.13674873113632202,-0.11306191980838776,-0.6296443939208984,-0.1647011786699295,-0.04808073863387108,-0.67514568567276,-0.03763870522379875,-0.020212937146425247,-1.0,-0.08872686326503754,-0.010292639955878258,-0.8458096981048584,-0.12052972614765167,-0.017504971474409103,-0.7035873532295227,-0.13437101244926453,0.04113197699189186,-0.6515686511993408,-0.06248605623841286,0.07400664687156677,-0.9364346265792847,-0.10018924623727798,0.07028136402368546,-0.8024179935455322,-0.11025604605674744,0.04890282079577446,-0.6609283685684204,-0.11040399968624115,0.1216585636138916,-0.5767141580581665,-0.0942259356379509,0.14792194962501526,-0.7711900472640991,-0.11101631820201874,0.13569578528404236,-0.7234382033348083,-0.1087726503610611,0.11000601202249527,-0.6259042620658875,-0.1064244881272316
E,E_session_001,92,0.0,0.0,0.0,-0.09815267473459244,-0.16989226639270782,-0.042038436979055405,-0.13517223298549652,-0.41128021478652954,-0.06850600242614746,-0.0455925427377224,-0.5520322918891907,-0.10070101916790009,0.0614386647939682,-0.5580418109893799,-0.12602941691875458,-0.1441970318555832,-0.6351785063743591,-0.021290946751832962,-0.1265987753868103,-0.9107168912887573,-0.08488769829273224,-0.11284078657627106,-0.778887927532196,-0.13418255746364594,-0.11296612024307251,-0.6368743777275085,-0.1620093137025833,-0.04631990194320679,-0.6693997979164124,-0.03676421940326691,-0.017945189028978348,-1.0,-0.08803662657737732,-0.008805520832538605,-0.8473858833312988,-0.12040429562330246,-0.0169146079570055,-0.7036651968955994,-0.1345212161540985,0.04276007041335106,-0.6467292904853821,-0.06189991533756256,0.07607260346412659,-0.9329205751419067,-0.09874209761619568,0.07145126163959503,-0.8013927936553955,-0.1086413785815239,0.05058686435222626,-0.6592816114425659,-0.10892249643802643,0.12316381186246872,-0.5733396410942078,-0.0938655287027359,0.14948782324790955,-0.7672392129898071,-0.10946314036846161,0.13550521433353424,-0.7232522964477539,-0.10700047761201859,0.109401635825634,-0.6275947093963623,-0.10484027117490768
E,E_session_001,93,0.0,0.0,0.0,-0.09788718074560165,-0.17067916691303253,-0.04007139801979065,-0.1334671974182129,-0.4114333391189575,-0.06556005030870438,-0.04532120004296303,-0.5495540499687195,-0.09713981300592422,0.06019381061196327,-0.5556348562240601,-0.12210988253355026,-0.14122764766216278,-0.6391834020614624,-0.018727077171206474,-0.12214477360248566,-0.9065335988998413,-0.08052435517311096,-0.11115701496601105,-0.7773401737213135,-0.12837517261505127,-0.11150812357664108,-0.6396157145500183,-0.15551705658435822,-0.04492102563381195,-0.6718124747276306,-0.03506412357091904,-0.015731049701571465,-1.0,-0.08601745963096619,-0.008601066656410694,-0.8499414324760437,-0.11814124882221222,-0.014938109554350376,-0.7063909769058228,-0.13171976804733276,0.04350734129548073,-0.6469415426254272,-0.06081346794962883,0.07643589377403259,-0.9288420677185059,-0.09786023944616318,0.06983407586812973,-0.8005895614624023,-0.10894270986318588,0.049674272537231445,-0.6600208878517151,-0.10978137701749802,0.12388988584280014,-0.5716739892959595,-0.09310024976730347,0.15180088579654694,-0.7648991942405701,-0.10958552360534668,0.13565832376480103,-0.7228571176528931,-0.10818319022655487,0.10844189673662186,-0.627178430557251,-0.10652586072683334
E,E_session_001,94,0.0,0.0,0.0,-0.09920486807823181,-0.17149899899959564,-0.040488049387931824,-0.1362314224243164,-0.4073980152606964,-0.06594937294721603,-0.04661788418889046,-0.5426726341247559,-0.09676427394151688,0.060393545776605606,-0.5520310997962952,-0.12116336822509766,-0.1406184583902359,-0.6391544938087463,-0.02351161278784275,-0.12321475893259048,-0.9112411141395569,-0.08448991179466248,-0.11208710074424744,-0.7830492258071899,-0.13185234367847443,-0.11300444602966309,-0.6423462629318237,-0.15868954360485077,-0.043813854455947876,-0.6723143458366394,-0.039172571152448654,-0.015961628407239914,-1.0,-0.08636976033449173,-0.0076561118476092815,-0.8523916602134705,-0.11737366020679474,-0.014318032190203667,-0.7097667455673218,-0.13178987801074982,0.0441238135099411,-0.6474829912185669,-0.06384755671024323,0.07612183690071106,-0.927091658115387,-0.09814836084842682,0.06953258812427521,-0.8004940152168274,-0.10883471369743347,0.048466961830854416,-0.6599598526954651,-0.11077291518449783,0.12400277704000473,-0.571033775806427,-0.09501654654741287,0.14936789870262146,-0.7665141224861145,-0.11057917028665543,0.13523374497890472,-0.7239609956741333,-0.10834144800901413,0.10929050296545029,-0.6244234442710876,-0.1065623089671135
E,E_session_001,95,0.0,0.0,0.0,-0.10016564279794693,-0.17191645503044128,-0.04022371768951416,-0.13783302903175354,-0.40902772545814514,-0.06480760872364044,-0.045882511883974075,-0.5465375185012817,-0.09504295885562897,0.06523005664348602,-0.5665744543075562,-0.11887164413928986,-0.14027035236358643,-0.6390327215194702,-0.019548343494534492,-0.1272248923778534,-0.9103702902793884,-0.08230047672986984,-0.11598765850067139,-0.7880375981330872,-0.13197796046733856,-0.11481688171625137,-0.6433860659599304,-0.15971066057682037,-0.043131694197654724,-0.6736028790473938,-0.03536312282085419,-0.01568775065243244,-1.0,-0.08351834863424301,-0.0076523409225046635,-0.8599984049797058,-0.11639728397130966,-0.014396168291568756,-0.7154272198677063,-0.1317732334136963,0.044503044337034225,-0.6489728093147278,-0.06075064092874527,0.07623981684446335,-0.9270363450050354,-0.09563713520765305,0.07058490812778473,-0.8066136837005615,-0.1078493520617485,0.050587862730026245,-0.6668277382850647,-0.11059930920600891,0.12475650757551193,-0.5725584030151367,-0.09278339147567749,0.1509610414505005,-0.766334593296051,-0.10883639752864838,0.13794758915901184,-0.7270252704620361,-0.1074765995144844,0.11274965107440948,-0.6279891133308411,-0.10608609020709991
E,E_session_001,96,0.0,0.0,0.0,-0.09808791428804398,-0.16930751502513885,-0.04199319705367088,-0.13406619429588318,-0.4108078181743622,-0.06571377068758011,-0.041139934211969376,-0.5510887503623962,-0.09434028714895248,0.06817661970853806,-0.5727238655090332,-0.11574383825063705,-0.14445550739765167,-0.6377807855606079,-0.019424572587013245,-0.1261637806892395,-0.9065379500389099,-0.08157050609588623,-0.11322317272424698,-0.7721906900405884,-0.12936492264270782,-0.11414261907339096,-0.6312918663024902,-0.15607525408267975,-0.04567835479974747,-0.6729637980461121,-0.0340876542031765,-0.01648293063044548,-1.0,-0.0838283896446228,-0.006667284294962883,-0.8450113534927368,-0.11531401425600052,-0.015446292236447334,-0.7034401893615723,-0.1284644603729248,0.04384617134928703,-0.6507980823516846,-0.058379415422677994,0.07609731703996658,-0.9237931370735168,-0.09471628069877625,0.07293621450662613,-0.7880953550338745,-0.10337679088115692,0.051181621849536896,-0.6527842879295349,-0.10272234678268433,0.12526842951774597,-0.5769952535629272,-0.08937563747167587,0.15117374062538147,-0.7654314637184143,-0.10491307079792023,0.14034993946552277,-0.7129369378089905,-0.1005633994936943,0.11588772386312485,-0.6174484491348267,-0.0967755913734436
E,E_session_001,97,0.0,0.0,0.0,-0.0962144285440445,-0.167088121175766,-0.04042021557688713,-0.12953150272369385,-0.40754434466362,-0.06302809715270996,-0.03549433499574661,-0.5442989468574524,-0.0905713438987732,0.07216070592403412,-0.567568838596344,-0.11088032275438309,-0.1392589509487152,-0.6386197209358215,-0.01971817947924137,-0.12243684381246567,-0.9032511711120605,-0.0804830938577652,-0.10941493511199951,-0.7583518028259277,-0.12678885459899902,-0.10917942225933075,-0.6165493726730347,-0.15290218591690063,-0.04271276667714119,-0.6728664040565491,-0.03486371040344238,-0.015804152935743332,-1.0,-0.08199776709079742,-0.00543146301060915,-0.8424564599990845,-0.11157266050577164,-0.012459490448236465,-0.7061998844146729,-0.12452283501625061,0.044770415872335434,-0.6491922736167908,-0.05953066051006317,0.07666374742984772,-0.9246222376823425,-0.09475439786911011,0.07381927222013474,-0.7882076501846313,-0.10312814265489578,0.05228613317012787,-0.6562497019767761,-0.1032286062836647,0.12526188790798187,-0.574583888053894,-0.09070762246847153,0.15328238904476166,-0.7687872052192688,-0.10713712126016617,0.14224247634410858,-0.7171298861503601,-0.10382968932390213,0.11567950248718262,-0.6213207840919495,-0.1012941300868988
E,E_session_001,98,0.0,0.0,0.0,-0.09764173626899719,-0.16656164824962616,-0.04603969305753708,-0.1301277130842209,-0.4117227792739868,-0.06963542103767395,-0.034004103392362595,-0.5535632967948914,-0.09712564200162888,0.0755012184381485,-0.5768455266952515,-0.11647443473339081,-0.1408969759941101,-0.6415607929229736,-0.02056988887488842,-0.1230301484465599,-0.9054800271987915,-0.08238334953784943,-0.11027948558330536,-0.75747150182724,-0.12909258902072906,-0.11186753958463669,-0.6186426281929016,-0.15531480312347412,-0.04362931475043297,-0.6759493947029114,-0.03289614990353584,-0.01580107770860195,-1.0,-0.07996135205030441,-0.006562252528965473,-0.8399478793144226,-0.10944054275751114,-0.015456748194992542,-0.707916796207428,-0.12264402955770493,0.04467461630702019,-0.6531873941421509,-0.05561990290880203,0.07652096450328827,-0.9256135821342468,-0.09093210846185684,0.07288598269224167,-0.7897902131080627,-0.09991265088319778,0.0509466752409935,-0.6604496836662292,-0.10068966448307037,0.12504245340824127,-0.579853892326355,-0.08540141582489014,0.15077590942382812,-0.7716982364654541,-0.10051635652780533,0.13857007026672363,-0.7168700695037842,-0.09686633944511414,0.11195094883441925,-0.6175636053085327,-0.09450428187847137
E,E_session_001,99,0.0,0.0,0.0,-0.09348290413618088,-0.16238811612129211,-0.042843014001846313,-0.12459371984004974,-0.4071091115474701,-0.06506623327732086,-0.030907923355698586,-0.5474589467048645,-0.09160873293876648,0.07561616599559784,-0.5681266188621521,-0.11069414019584656,-0.13809314370155334,-0.6392531394958496,-0.018804442137479782,-0.11985696852207184,-0.8950634002685547,-0.07925798743963242,-0.10740560293197632,-0.7499216198921204,-0.12520156800746918,-0.1087421327829361,-0.612199068069458,-0.1510397046804428,-0.042299266904592514,-0.6764432191848755,-0.03284621611237526,-0.013877383433282375,-1.0,-0.07992145419120789,-0.004424586426466703,-0.8393071889877319,-0.10838469117879868,-0.012550284154713154,-0.7033677697181702,-0.1199023574590683,0.0452762134373188,-0.6541734933853149,-0.056789979338645935,0.0779733881354332,-0.9267454147338867,-0.09198825061321259,0.07424765825271606,-0.785392165184021,-0.09940647333860397,0.05204007402062416,-0.6545544266700745,-0.09843913465738297,0.1252106875181198,-0.578875720500946,-0.08750693500041962,0.15187759697437286,-0.7690326571464539,-0.10346567630767822,0.13962659239768982,-0.7114039659500122,-0.09925016015768051,0.1131030023097992,-0.6140361428260803,-0.0958738774061203
E,E_session_001,100,0.0,0.0,0.0,-0.094955213367939,-0.1638244092464447,-0.045881010591983795,-0.12719736993312836,-0.4084182381629944,-0.0700364038348198,-0.03379632905125618,-0.5518786311149597,-0.09818115085363388,0.07413957267999649,-0.5754830241203308,-0.118684783577919,-0.1382293999195099,-0.636609673500061,-0.023218853399157524,-0.12119816243648529,-0.8995243906974792,-0.08518385887145996,-0.10844443738460541,-0.7537298798561096,-0.13229404389858246,-0.11045069992542267,-0.6151490807533264,-0.15905974805355072,-0.042004797607660294,-0.6742076873779297,-0.03585001453757286,-0.012778839096426964,-1.0,-0.0834793820977211,-0.0036127485800534487,-0.8413804173469543,-0.11338938027620316,-0.013705817051231861,-0.7078312039375305,-0.12693780660629272,0.045478831976652145,-0.6530143618583679,-0.0584227554500103,0.07793412357568741,-0.9269180297851562,-0.09372884035110474,0.0735718160867691,-0.789574384689331,-0.10194820165634155,0.05020013079047203,-0.6583117246627808,-0.10229085385799408,0.12475699186325073,-0.5794898271560669,-0.08804003894329071,0.1496105045080185,-0.7719279527664185,-0.10321750491857529,0.13725495338439941,-0.717279314994812,-0.09915005415678024,0.11036591231822968,-0.6188390254974365,-0.0965445414185524
E,E_session_001,101,0.0,0.0,0.0,-0.09399104863405228,-0.16217204928398132,-0.04618355259299278,-0.12490204721689224,-0.40563035011291504,-0.07122557610273361,-0.029736177995800972,-0.5436385869979858,-0.09952463954687119,0.0769573226571083,-0.5656784772872925,-0.12031145393848419,-0.13969504833221436,-0.636565625667572,-0.027979286387562752,-0.12003934383392334,-0.8941470980644226,-0.09057069569826126,-0.10878682136535645,-0.7429279088973999,-0.1372310370206833,-0.11112164705991745,-0.603345513343811,-0.16377954185009003,-0.04265997186303139,-0.6734652519226074,-0.04055476188659668,-0.012314015999436378,-1.0,-0.09046390652656555,-0.00265257409773767,-0.8345679044723511,-0.12044332921504974,-0.012606969103217125,-0.6988579034805298,-0.13316909968852997,0.04578118026256561,-0.6527934670448303,-0.06249115616083145,0.0790925920009613,-0.9249905347824097,-0.09934764355421066,0.07564181834459305,-0.7794528007507324,-0.10632769763469696,0.050952132791280746,-0.6493378281593323,-0.10523713380098343,0.1254810094833374,-0.5790296792984009,-0.09126728773117065,0.14994516968727112,-0.7661467790603638,-0.10805702954530716,0.1392723023891449,-0.705738365650177,-0.1034928485751152,0.11274401098489761,-0.6112276911735535,-0.10008109360933304
E,E_session_001,102,0.0,0.0,0.0,-0.09437906742095947,-0.1674366444349289,-0.04654238373041153,-0.12496896833181381,-0.41339975595474243,-0.07064308226108551,-0.029050782322883606,-0.5522498488426208,-0.09844742715358734,0.07742294669151306,-0.5671238899230957,-0.11840718984603882,-0.13879120349884033,-0.6382702589035034,-0.022813163697719574,-0.11977814882993698,-0.8982304334640503,-0.08578767627477646,-0.10626956075429916,-0.7438501715660095,-0.1332218050956726,-0.10765785723924637,-0.6047707200050354,-0.1600475013256073,-0.041568558663129807,-0.6751346588134766,-0.034795839339494705,-0.012565814889967442,-1.0,-0.0856722965836525,-0.0005060323164798319,-0.8328839540481567,-0.11680406332015991,-0.009865897707641125,-0.6984382271766663,-0.12975016236305237,0.0466926246881485,-0.6563848853111267,-0.05674763023853302,0.07768069207668304,-0.9332529306411743,-0.09437576681375504,0.07668040692806244,-0.7885041236877441,-0.10227353870868683,0.053797170519828796,-0.6570636630058289,-0.10089100897312164,0.12590272724628448,-0.5865508317947388,-0.08570658415555954,0.1495853215456009,-0.7779924869537354,-0.10262897610664368,0.13933071494102478,-0.7206875085830688,-0.09884026646614075,0.11322028189897537,-0.6245073676109314,-0.0954255759716034
E,E_session_001,103,0.0,0.0,0.0,-0.09346729516983032,-0.16234853863716125,-0.0454360730946064,-0.1237109899520874,-0.4043522775173187,-0.07034090161323547,-0.030412711203098297,-0.5414122939109802,-0.09886825084686279,0.07428095489740372,-0.5576971173286438,-0.11987659335136414,-0.13948899507522583,-0.6335800290107727,-0.02764209546148777,-0.11949670314788818,-0.8943957090377808,-0.0901571586728096,-0.10788784176111221,-0.7432761192321777,-0.13623198866844177,-0.11028046160936356,-0.6080282926559448,-0.16243615746498108,-0.042463790625333786,-0.6697320938110352,-0.04092736169695854,-0.011752870865166187,-1.0,-0.09222707152366638,-0.0014810904394835234,-0.834362268447876,-0.12257353216409683,-0.0108223557472229,-0.7014105916023254,-0.13500340282917023,0.045250240713357925,-0.6510350108146667,-0.06351511925458908,0.07733899354934692,-0.9234334826469421,-0.10174255073070526,0.0750839039683342,-0.7814471125602722,-0.11008304357528687,0.052399855107069016,-0.6555294394493103,-0.10913478583097458,0.12460052222013474,-0.5809382200241089,-0.09277025610208511,0.15002216398715973,-0.7709885239601135,-0.10914471000432968,0.13890692591667175,-0.713739275932312,-0.10485819727182388,0.11231351643800735,-0.6202231049537659,-0.10159655660390854
E,E_session_001,104,0.0,0.0,0.0,-0.09268427640199661,-0.16450095176696777,-0.04546808451414108,-0.12250732630491257,-0.41007760167121887,-0.07052455842494965,-0.029244156554341316,-0.5480666756629944,-0.09955233335494995,0.07446888834238052,-0.5588395595550537,-0.1209927573800087,-0.1361047774553299,-0.6338974833488464,-0.026166105642914772,-0.11438526958227158,-0.9007702469825745,-0.0892559066414833,-0.10327158868312836,-0.7468699812889099,-0.1357804238796234,-0.10689879208803177,-0.6077157855033875,-0.1619301289319992,-0.03980601951479912,-0.6698637008666992,-0.03913113847374916,-0.0086759552359581,-1.0,-0.09100518375635147,0.0013660152908414602,-0.8360745906829834,-0.12203349173069,-0.008556105196475983,-0.701381266117096,-0.13474039733409882,0.047786008566617966,-0.6514886617660522,-0.061537005007267,0.07884828001260757,-0.9294170141220093,-0.09940606355667114,0.07644178718328476,-0.789327085018158,-0.10781868547201157,0.053465940058231354,-0.6603635549545288,-0.10701236128807068,0.12707990407943726,-0.5827094316482544,-0.09074219316244125,0.15231949090957642,-0.7731997966766357,-0.10733601450920105,0.13975118100643158,-0.7161272764205933,-0.10361071676015854,0.11172820627689362,-0.6192693114280701,-0.1005878672003746
E,E_session_001,105,0.0,0.0,0.0,-0.0941484346985817,-0.16405481100082397,-0.04928338900208473,-0.12449151277542114,-0.4097493886947632,-0.07583508640527725,-0.030096301808953285,-0.5498803853988647,-0.10563462972640991,0.07442662119865417,-0.5611029863357544,-0.1271374374628067,-0.14005184173583984,-0.6363170146942139,-0.027692886069417,-0.11675406992435455,-0.8978428840637207,-0.09248984605073929,-0.10554635524749756,-0.7414396405220032,-0.14057905972003937,-0.10966011136770248,-0.6031657457351685,-0.1680976003408432,-0.04222548007965088,-0.6742526888847351,-0.03892647102475166,-0.010706706903874874,-1.0,-0.0927104502916336,0.00013596113421954215,-0.8339900374412537,-0.12507784366607666,-0.010130035690963268,-0.7014628648757935,-0.13895867764949799,0.046441204845905304,-0.6583266258239746,-0.06010652333498001,0.07891799509525299,-0.9316914081573486,-0.10032349079847336,0.07620063424110413,-0.7878866791725159,-0.10987769067287445,0.051973242312669754,-0.6580849885940552,-0.10976581275463104,0.12619638442993164,-0.5912491083145142,-0.0884445458650589,0.15258681774139404,-0.7716295123100281,-0.107962965965271,0.13789509236812592,-0.7106565237045288,-0.1066661924123764,0.10773872584104538,-0.6133991479873657,-0.10518165677785873
E,E_session_001,106,0.0,0.0,0.0,-0.09298334270715714,-0.16924040019512177,-0.05031327158212662,-0.12133289873600006,-0.42563536763191223,-0.07698340713977814,-0.02498171292245388,-0.5691086053848267,-0.10689728707075119,0.07939648628234863,-0.5665174126625061,-0.12787257134914398,-0.1383579522371292,-0.6490218639373779,-0.021708112210035324,-0.11145314574241638,-0.9056676030158997,-0.08634288609027863,-0.09805906563997269,-0.7469969391822815,-0.1354992687702179,-0.10150281339883804,-0.6062349677085876,-0.1635960042476654,-0.04022715240716934,-0.6837866306304932,-0.03201635926961899,-0.007822666317224503,-1.0,-0.08644884079694748,0.003862619400024414,-0.8342291712760925,-0.11941054463386536,-0.00627493392676115,-0.6978196501731873,-0.13249917328357697,0.049019232392311096,-0.6643772125244141,-0.053001414984464645,0.08187869191169739,-0.9344590306282043,-0.09245277941226959,0.08040570467710495,-0.7912725210189819,-0.10147558152675629,0.05602869391441345,-0.6584454774856567,-0.10008629411458969,0.1287059187889099,-0.5953444242477417,-0.08154351264238358,0.15359413623809814,-0.7716833353042603,-0.09982042014598846,0.1401292383670807,-0.7125908732414246,-0.098311647772789,0.11089357733726501,-0.6168490648269653,-0.09594540297985077
E,E_session_001,107,0.0,0.0,0.0,-0.09448964893817902,-0.17263245582580566,-0.049325570464134216,-0.12566182017326355,-0.41778045892715454,-0.07704737782478333,-0.03242018446326256,-0.5559709072113037,-0.10855698585510254,0.07067690044641495,-0.5568884015083313,-0.1314631998538971,-0.1403065174818039,-0.6521036028862,-0.020858116447925568,-0.1129617765545845,-0.9060024619102478,-0.08499784022569656,-0.10283953696489334,-0.7473799586296082,-0.1345287263393402,-0.10689148306846619,-0.6077650189399719,-0.16327166557312012,-0.04199937731027603,-0.6831868290901184,-0.031902015209198,-0.008628458715975285,-1.0,-0.08640757203102112,-1.4783063306822442e-05,-0.8342838287353516,-0.12071685492992401,-0.010251130908727646,-0.6977197527885437,-0.13519343733787537,0.047272540628910065,-0.6617828011512756,-0.053338661789894104,0.08041155338287354,-0.936549723148346,-0.09307033568620682,0.07643236964941025,-0.7926482558250427,-0.10294654965400696,0.05223318561911583,-0.6572940349578857,-0.10230817645788193,0.127065509557724,-0.5896855592727661,-0.0821317508816719,0.15430769324302673,-0.7699375152587891,-0.10132516920566559,0.1384221464395523,-0.7111499309539795,-0.10059822350740433,0.10803578794002533,-0.6145534515380859,-0.09879180043935776
E,E_session_001,108,0.0,0.0,0.0,-0.09403754025697708,-0.17260493338108063,-0.047794729471206665,-0.12566159665584564,-0.4304141700267792,-0.07324299961328506,-0.032077569514513016,-0.5702331066131592,-0.10291867703199387,0.07120589911937714,-0.5577696561813354,-0.12415254861116409,-0.1401095986366272,-0.651050329208374,-0.018633032217621803,-0.11115498840808868,-0.910050094127655,-0.08116970956325531,-0.1003081426024437,-0.753787100315094,-0.1294955611228943,-0.10493837296962738,-0.6164963841438293,-0.15801352262496948,-0.04212995246052742,-0.6824146509170532,-0.030626898631453514,-0.008374640718102455,-1.0,-0.08385798335075378,-0.0002371400041738525,-0.8399217128753662,-0.11786609143018723,-0.010235313326120377,-0.7087932229042053,-0.13289524614810944,0.047098588198423386,-0.6620289087295532,-0.05307250842452049,0.08229450136423111,-0.9381737112998962,-0.09236294031143188,0.07615216076374054,-0.7992923855781555,-0.10372345894575119,0.050933197140693665,-0.6654148101806641,-0.10469498485326767,0.12712480127811432,-0.5936163067817688,-0.08276425302028656,0.15168562531471252,-0.7762069702148438,-0.10107701271772385,0.13529828190803528,-0.7202280759811401,-0.1009569764137268,0.10607655346393585,-0.624700129032135,-0.10033996403217316
E,E_session_001,109,0.0,0.0,0.0,-0.09496866166591644,-0.1757301390171051,-0.04614843800663948,-0.1264544278383255,-0.4253556430339813,-0.07179887592792511,-0.03349620848894119,-0.5597901344299316,-0.10192729532718658,0.07102897018194199,-0.5528228878974915,-0.12387583404779434,-0.1412826031446457,-0.6460955142974854,-0.019254527986049652,-0.11271530389785767,-0.9068625569343567,-0.08098401874303818,-0.10353424400091171,-0.7529752850532532,-0.12844178080558777,-0.10910143703222275,-0.6192528009414673,-0.15665088593959808,-0.043272715061903,-0.6778699159622192,-0.0325942300260067,-0.009677916765213013,-1.0,-0.08535721153020859,-0.002948867855593562,-0.8365792036056519,-0.11879318952560425,-0.013242034241557121,-0.7027275562286377,-0.13333211839199066,0.046016573905944824,-0.6574222445487976,-0.056006018072366714,0.08103420585393906,-0.9343774318695068,-0.09454120695590973,0.07450348883867264,-0.7931860685348511,-0.10588133335113525,0.04931211099028587,-0.6580628752708435,-0.10691922158002853,0.1265014111995697,-0.5881137251853943,-0.0865468755364418,0.15282747149467468,-0.7677445411682129,-0.10444948822259903,0.1357227861881256,-0.7105295062065125,-0.10438519716262817,0.10530904680490494,-0.6141006946563721,-0.10394958406686783
E,E_session_001,110,0.0,0.0,0.0,-0.09466513991355896,-0.17680326104164124,-0.04528374969959259,-0.1261243224143982,-0.4375664293766022,-0.06874976307153702,-0.03315874934196472,-0.5750899910926819,-0.09708789736032486,0.07133352011442184,-0.5566242933273315,-0.11709574609994888,-0.13700613379478455,-0.6520446538925171,-0.014044249430298805,-0.10912451148033142,-0.9147071838378906,-0.0743773803114891,-0.09779061377048492,-0.7585777640342712,-0.1210026666522026,-0.10200527310371399,-0.620350182056427,-0.14821922779083252,-0.04021859169006348,-0.6825551390647888,-0.02641907148063183,-0.008724231272935867,-1.0,-0.07775413990020752,-0.00013888960529584438,-0.8386722803115845,-0.11055579781532288,-0.009055465459823608,-0.7030694484710693,-0.12439561635255814,0.04832421615719795,-0.6605303883552551,-0.049305811524391174,0.0811060443520546,-0.9396764636039734,-0.08664202690124512,0.07559546083211899,-0.8033287525177002,-0.09856750816106796,0.05176287516951561,-0.6645732522010803,-0.09972114115953445,0.1281105875968933,-0.5924249291419983,-0.07930835336446762,0.15116259455680847,-0.776264488697052,-0.09585102647542953,0.13559623062610626,-0.7244561910629272,-0.09638617932796478,0.10786765068769455,-0.6274847388267517,-0.0962105318903923
E,E_session_001,111,0.0,0.0,0.0,-0.09564808756113052,-0.1768280416727066,-0.0429970845580101,-0.12810033559799194,-0.4213911294937134,-0.06867418438196182,-0.03783831745386124,-0.5588430762290955,-0.09978901594877243,0.06727038323879242,-0.5586051344871521,-0.12360154092311859,-0.13989271223545074,-0.6424202919006348,-0.019212156534194946,-0.11745116114616394,-0.9072737097740173,-0.08022914081811905,-0.10760696232318878,-0.7622361779212952,-0.1274220496416092,-0.1096506416797638,-0.6259178519248962,-0.1550758332014084,-0.04240476340055466,-0.6750040054321289,-0.033821575343608856,-0.010298783890902996,-1.0,-0.0856950655579567,-0.003992321901023388,-0.8419547080993652,-0.11872205138206482,-0.013320563361048698,-0.7024044990539551,-0.1330951750278473,0.04595990851521492,-0.6533376574516296,-0.05788903683423996,0.07864940166473389,-0.9325860142707825,-0.09535045921802521,0.0714566707611084,-0.7933095693588257,-0.10572469979524612,0.048452675342559814,-0.6528388261795044,-0.10603724420070648,0.12523885071277618,-0.5825991034507751,-0.08882296085357666,0.15047043561935425,-0.7679960131645203,-0.10530251264572144,0.13409534096717834,-0.7158226370811462,-0.10384389758110046,0.10671542584896088,-0.6183708906173706,-0.10235762596130371
E,E_session_001,112,0.0,0.0,0.0,-0.09747499972581863,-0.172087162733078,-0.04520516097545624,-0.13065235316753387,-0.42727434635162354,-0.06967588514089584,-0.03646354004740715,-0.565381646156311,-0.09874900430440903,0.07265836000442505,-0.5592997074127197,-0.12024269998073578,-0.1374083012342453,-0.6438826322555542,-0.02089213952422142,-0.11416889727115631,-0.9075582027435303,-0.08188384771347046,-0.10555528849363327,-0.7626645565032959,-0.12863604724407196,-0.10853373259305954,-0.6259924173355103,-0.15590810775756836,-0.03996359929442406,-0.6764174103736877,-0.034334637224674225,-0.007311525754630566,-1.0,-0.08469576388597488,-0.0018317252397537231,-0.8424885869026184,-0.11630284041166306,-0.010611706413328648,-0.7042813897132874,-0.13004741072654724,0.048372507095336914,-0.6524205207824707,-0.05770251527428627,0.08194388449192047,-0.9333553314208984,-0.0944114476442337,0.0750940814614296,-0.7970730662345886,-0.10525203496217728,0.05336466059088707,-0.6574913859367371,-0.1063658744096756,0.12815697491168976,-0.5790776014328003,-0.08818553388118744,0.15373365581035614,-0.7681163549423218,-0.1046232134103775,0.13811075687408447,-0.7175341844558716,-0.10374307632446289,0.11212971806526184,-0.6183031797409058,-0.1029689684510231
E,E_session_001,113,0.0,0.0,0.0,-0.09710085391998291,-0.17336887121200562,-0.04726095497608185,-0.12993599474430084,-0.42110615968704224,-0.07359756529331207,-0.03809555619955063,-0.5611063838005066,-0.10440722852945328,0.06809855252504349,-0.5671061277389526,-0.12727469205856323,-0.1389797329902649,-0.63777756690979,-0.022889045998454094,-0.11591987311840057,-0.9052509665489197,-0.08632560819387436,-0.10518351197242737,-0.7569659352302551,-0.1343180388212204,-0.10850609838962555,-0.6200651526451111,-0.16200505197048187,-0.04083605855703354,-0.6730368137359619,-0.03591054677963257,-0.00892700906842947,-1.0,-0.0887356549501419,0.0005592908128164709,-0.8374190926551819,-0.12163255363702774,-0.009224038571119308,-0.7007308602333069,-0.13595548272132874,0.047586459666490555,-0.6520718336105347,-0.058970142155885696,0.0801420658826828,-0.9331427812576294,-0.09857530891895294,0.07671310007572174,-0.7892650365829468,-0.10787318646907806,0.05376007407903671,-0.650323748588562,-0.10736332088708878,0.12659820914268494,-0.5802634358406067,-0.08914767950773239,0.15368017554283142,-0.7675899267196655,-0.10718421638011932,0.1394651234149933,-0.7078441381454468,-0.10447216778993607,0.11204858124256134,-0.6063956022262573,-0.10198622196912766
E,E_session_001,114,0.0,0.0,0.0,-0.09844483435153961,-0.17601406574249268,-0.04507274925708771,-0.1297570914030075,-0.4276192784309387,-0.068488709628582,-0.03343188017606735,-0.5659199953079224,-0.09667809307575226,0.0758432149887085,-0.5707689523696899,-0.1169140487909317,-0.13668504357337952,-0.6410122513771057,-0.017141850665211678,-0.11178740113973618,-0.9060712456703186,-0.07819376140832901,-0.1021287813782692,-0.7621270418167114,-0.12496691197156906,-0.1054365485906601,-0.6276664733886719,-0.15204167366027832,-0.03892189636826515,-0.672888994216919,-0.030415616929531097,-0.0062999301590025425,-1.0,-0.08089092373847961,0.00025643783737905324,-0.8385634422302246,-0.11226033419370651,-0.007712173275649548,-0.7016639113426208,-0.12541018426418304,0.04957668110728264,-0.6483328938484192,-0.054037559777498245,0.08372970670461655,-0.9297394752502441,-0.09114956855773926,0.07740339636802673,-0.7902946472167969,-0.10074997693300247,0.05622411146759987,-0.6519303321838379,-0.1006694957613945,0.12981443107128143,-0.574544370174408,-0.08484582602977753,0.15738241374492645,-0.7652373313903809,-0.10103564709424973,0.14092841744422913,-0.7126086354255676,-0.09899790585041046,0.1136808693408966,-0.6144620180130005,-0.09727201610803604
E,E_session_001,115,0.0,0.0,0.0,-0.09873923659324646,-0.17565929889678955,-0.04403913766145706,-0.1292887032032013,-0.4269881546497345,-0.06840682774782181,-0.03416028618812561,-0.5718386769294739,-0.09784696996212006,0.07398414611816406,-0.5854803919792175,-0.11976071447134018,-0.1362232267856598,-0.6389294266700745,-0.018556851893663406,-0.11263427883386612,-0.9033694863319397,-0.07947886735200882,-0.10271118581295013,-0.7584479451179504,-0.12661105394363403,-0.10435085743665695,-0.6234875917434692,-0.1542460322380066,-0.03796419873833656,-0.672332763671875,-0.03244623914361,-0.006242850329726934,-1.0,-0.08325976133346558,-3.1032654078444466e-05,-0.8388440012931824,-0.11589398980140686,-0.00762851582840085,-0.7013915181159973,-0.13023744523525238,0.05060712993144989,-0.6494892835617065,-0.056053224951028824,0.08305717259645462,-0.9331814050674438,-0.09322419762611389,0.07599781453609467,-0.7941292524337769,-0.10315102338790894,0.05549351125955582,-0.6550232172012329,-0.10359890013933182,0.13089756667613983,-0.5761568546295166,-0.08657220751047134,0.1559498906135559,-0.7655704617500305,-0.10231509059667587,0.13869066536426544,-0.7134149670600891,-0.09990421682596207,0.11227774620056152,-0.6167452335357666,-0.09813264012336731
E,E_session_001,116,0.0,0.0,0.0,-0.09970184415578842,-0.1758146435022354,-0.04524945095181465,-0.13137750327587128,-0.4234616458415985,-0.07083384692668915,-0.03491150587797165,-0.5640153884887695,-0.10096380859613419,0.074241504073143,-0.5761663913726807,-0.12355844676494598,-0.1386079341173172,-0.6359338164329529,-0.024200670421123505,-0.11525996029376984,-0.9027507901191711,-0.08634740114212036,-0.10423263907432556,-0.7576923966407776,-0.13377532362937927,-0.10611623525619507,-0.6220439672470093,-0.16158561408519745,-0.03951422870159149,-0.6699248552322388,-0.03797120973467827,-0.008110510185360909,-1.0,-0.08876457810401917,0.0013009763788431883,-0.8404655456542969,-0.12126310914754868,-0.006108347326517105,-0.70319664478302,-0.13626419007778168,0.04943687096238136,-0.6473432779312134,-0.06127562001347542,0.08150186389684677,-0.9320558309555054,-0.09904897958040237,0.07803027331829071,-0.7938575148582458,-0.10931047052145004,0.05761142075061798,-0.6549157500267029,-0.11042580008506775,0.1297498345375061,-0.5733901858329773,-0.09149925410747528,0.15618769824504852,-0.7641323208808899,-0.10869435220956802,0.1417836844921112,-0.7121862769126892,-0.10699614882469177,0.11521819978952408,-0.6126521825790405,-0.10593455284833908
E,E_session_001,117,0.0,0.0,0.0,-0.09911608695983887,-0.17742881178855896,-0.04702038690447807,-0.13200132548809052,-0.4289861023426056,-0.07263267040252686,-0.034839313477277756,-0.5680926442146301,-0.10261058062314987,0.07635888457298279,-0.5770816206932068,-0.12468961626291275,-0.13820558786392212,-0.6369357705116272,-0.02346666529774666,-0.1139945313334465,-0.902553379535675,-0.08730149269104004,-0.10365797579288483,-0.7548333406448364,-0.13578560948371887,-0.1067243441939354,-0.6198168992996216,-0.1640656590461731,-0.038872819393873215,-0.6715136766433716,-0.03688693419098854,-0.005824725143611431,-1.0,-0.08975748717784882,0.0018434090306982398,-0.8348249197006226,-0.12236764281988144,-0.007398100104182959,-0.6963030099868774,-0.13652105629444122,0.05081583559513092,-0.6493946313858032,-0.06041434779763222,0.08482011407613754,-0.9348382353782654,-0.09958949685096741,0.0809713676571846,-0.7908653616905212,-0.10888615250587463,0.059521470218896866,-0.6505919694900513,-0.10848116129636765,0.1318160891532898,-0.5753616690635681,-0.09117337316274643,0.15846584737300873,-0.7656955122947693,-0.10848168283700943,0.14328381419181824,-0.7102131843566895,-0.10589171946048737,0.11553062498569489,-0.6098951101303101,-0.10381166636943817
E,E_session_001,118,0.0,0.0,0.0,-0.0996408611536026,-0.1757396161556244,-0.04732387885451317,-0.13108418881893158,-0.4245055317878723,-0.07303634285926819,-0.034037601202726364,-0.5660162568092346,-0.10297831147909164,0.07492604106664658,-0.5824719071388245,-0.12518756091594696,-0.13924027979373932,-0.636432945728302,-0.02332294173538685,-0.11273017525672913,-0.9044312834739685,-0.08698248863220215,-0.1011030450463295,-0.762920081615448,-0.1360977292060852,-0.10446822643280029,-0.6260064244270325,-0.1646488904953003,-0.039578765630722046,-0.6706100702285767,-0.03604508936405182,-0.006334811914712191,-1.0,-0.08852629363536835,0.0036636986769735813,-0.839183509349823,-0.12247785925865173,-0.0050444044172763824,-0.6994293928146362,-0.1377575695514679,0.050053372979164124,-0.6480991244316101,-0.05872570350766182,0.0846555158495903,-0.9352399706840515,-0.09796175360679626,0.08254406601190567,-0.7928410768508911,-0.10792835801839828,0.061183977872133255,-0.6499059796333313,-0.10795906186103821,0.13062015175819397,-0.5734469890594482,-0.08855392783880234,0.1582983434200287,-0.764839768409729,-0.1064639762043953,0.14534598588943481,-0.712897777557373,-0.1044478565454483,0.11812114715576172,-0.6150122880935669,-0.10251274704933167
E,E_session_001,119,0.0,0.0,0.0,-0.09847688674926758,-0.17079414427280426,-0.047178562730550766,-0.13021449744701385,-0.4245680868625641,-0.07088429480791092,-0.0331040695309639,-0.5653653740882874,-0.09839657694101334,0.07621026039123535,-0.5753799676895142,-0.11799701303243637,-0.13841991126537323,-0.6363947987556458,-0.022778939455747604,-0.1127220094203949,-0.9002285003662109,-0.08479518443346024,-0.10156949609518051,-0.7585387825965881,-0.13195417821407318,-0.10492929071187973,-0.621733546257019,-0.15924067795276642,-0.03925320506095886,-0.6726444959640503,-0.03494162857532501,-0.006645797286182642,-1.0,-0.08619244396686554,0.0036653783172369003,-0.8396786451339722,-0.11782629787921906,-0.004274231381714344,-0.6993072032928467,-0.13096047937870026,0.0499088279902935,-0.6502127051353455,-0.05718694627285004,0.08383642137050629,-0.9297469854354858,-0.09585501998662949,0.08218914270401001,-0.78656405210495,-0.10533004254102707,0.06033289059996605,-0.6462000608444214,-0.10481075942516327,0.13017818331718445,-0.5761572122573853,-0.08659102767705917,0.1579589545726776,-0.7605131268501282,-0.10528242588043213,0.14505968987941742,-0.7050291299819946,-0.10402201116085052,0.1172555610537529,-0.606853187084198,-0.10242515057325363
E,E_session_001,120,0.0,0.0,0.0,-0.10080540925264359,-0.17247407138347626,-0.04845228046178818,-0.13301441073417664,-0.4301859140396118,-0.0715102106332779,-0.034672774374485016,-0.5731341242790222,-0.09810859709978104,0.07619006931781769,-0.5867694020271301,-0.11653365194797516,-0.1398417055606842,-0.6353822350502014,-0.02333613857626915,-0.11579713970422745,-0.9027449488639832,-0.08574027568101883,-0.10487155616283417,-0.759550154209137,-0.132951557636261,-0.10940065234899521,-0.6227315664291382,-0.16032293438911438,-0.04011145979166031,-0.6727227568626404,-0.034841641783714294,-0.00929432362318039,-1.0,-0.08445605635643005,0.0018604015931487083,-0.8420934677124023,-0.11579091846942902,-0.006109355017542839,-0.7070155143737793,-0.13006345927715302,0.04944933205842972,-0.6504061222076416,-0.056765083223581314,0.082627072930336,-0.9316165447235107,-0.09491734206676483,0.08156495541334152,-0.7905316948890686,-0.10446219891309738,0.05969493091106415,-0.6517795920372009,-0.10504814982414246,0.13006603717803955,-0.5762985944747925,-0.08598620444536209,0.15615567564964294,-0.7636353969573975,-0.10436063259840012,0.14352105557918549,-0.7084031701087952,-0.10299697518348694,0.11585977673530579,-0.6084102392196655,-0.1020725667476654
E,E_session_001,121,0.0,0.0,0.0,-0.09930362552404404,-0.17177647352218628,-0.04919345676898956,-0.1316036581993103,-0.42707952857017517,-0.07273706793785095,-0.03209196776151657,-0.56837397813797,-0.09925712645053864,0.07878533750772476,-0.5891917943954468,-0.11754980683326721,-0.13982048630714417,-0.6320632100105286,-0.026693832129240036,-0.11491318047046661,-0.9000361561775208,-0.09022930264472961,-0.10235023498535156,-0.7544929385185242,-0.13791637122631073,-0.10760723054409027,-0.6169315576553345,-0.1654697209596634,-0.039500318467617035,-0.6694384813308716,-0.037830423563718796,-0.007320644799619913,-1.0,-0.08848724514245987,0.005923881661146879,-0.8363154530525208,-0.12009555101394653,-0.0037279680836945772,-0.7005600929260254,-0.13434219360351562,0.050228897482156754,-0.6471077799797058,-0.05913357064127922,0.08453404158353806,-0.92906653881073,-0.09829650819301605,0.08609922230243683,-0.7819154858589172,-0.106752909719944,0.06311164051294327,-0.6434628367424011,-0.10633736848831177,0.13077442348003387,-0.5718523859977722,-0.08762175589799881,0.15890492498874664,-0.7597942352294922,-0.10715127736330032,0.14887076616287231,-0.7005631327629089,-0.10506482422351837,0.12082260102033615,-0.6013544201850891,-0.1033586785197258
E,E_session_001,122,0.0,0.0,0.0,-0.09952043741941452,-0.1756640523672104,-0.046632327139377594,-0.13098140060901642,-0.4316582679748535,-0.06901814043521881,-0.032005198299884796,-0.5750043988227844,-0.0952533707022667,0.07771797478199005,-0.5934581160545349,-0.1134490817785263,-0.13848397135734558,-0.6360644698143005,-0.021644696593284607,-0.1152338832616806,-0.9028614163398743,-0.0843060165643692,-0.10173167288303375,-0.7584086060523987,-0.1322013884782791,-0.10592987388372421,-0.6211778521537781,-0.15992343425750732,-0.03822700306773186,-0.6708981394767761,-0.03391701728105545,-0.00802020262926817,-1.0,-0.08337198942899704,0.005784459877759218,-0.8420699834823608,-0.11565545201301575,-0.002863524714484811,-0.7078406810760498,-0.13079343736171722,0.05141088739037514,-0.6470667123794556,-0.056396301835775375,0.08497200161218643,-0.9312363266944885,-0.09470827132463455,0.08683831244707108,-0.789635956287384,-0.10448592156171799,0.06481647491455078,-0.6508572101593018,-0.10518144071102142,0.1317933201789856,-0.5711529850959778,-0.085922472178936,0.15954452753067017,-0.7628992199897766,-0.10477174073457718,0.14932499825954437,-0.7092322707176208,-0.1034381091594696,0.12133713066577911,-0.6096591353416443,-0.10237500071525574
E,E_session_001,123,0.0,0.0,0.0,-0.10001743584871292,-0.17480924725532532,-0.04660346359014511,-0.13092617690563202,-0.42695051431655884,-0.06989888101816177,-0.03164970874786377,-0.5677195191383362,-0.0971655324101448,0.07849457114934921,-0.5887453556060791,-0.11646871268749237,-0.133176788687706,-0.6381174325942993,-0.021426845341920853,-0.11049207299947739,-0.9037068486213684,-0.08387238532304764,-0.09809179604053497,-0.758112907409668,-0.131906196475029,-0.10097303986549377,-0.621324360370636,-0.15985871851444244,-0.033946651965379715,-0.6714155077934265,-0.03403324633836746,-0.0036957792472094297,-1.0,-0.08320770412683487,0.006066516041755676,-0.8410316705703735,-0.11510727554559708,-0.0023246442433446646,-0.7068939208984375,-0.12998655438423157,0.054326046258211136,-0.6464000940322876,-0.05693275108933449,0.0886533111333847,-0.9298140406608582,-0.09475462138652802,0.0862627848982811,-0.7887111306190491,-0.10408922284841537,0.06473200768232346,-0.6512437462806702,-0.10455473512411118,0.1347227543592453,-0.5688376426696777,-0.08697593957185745,0.16375426948070526,-0.7601351737976074,-0.10510401427745819,0.15017537772655487,-0.7069826126098633,-0.10317297279834747,0.12130122631788254,-0.6089457869529724,-0.10175303369760513
E,E_session_001,124,0.0,0.0,0.0,-0.10052467882633209,-0.17628301680088043,-0.04623326659202576,-0.13310527801513672,-0.42545750737190247,-0.07084710896015167,-0.03502874821424484,-0.5651267170906067,-0.09907664358615875,0.07616749405860901,-0.5804678797721863,-0.11962947994470596,-0.1346849650144577,-0.6384392380714417,-0.026128990575671196,-0.11073973774909973,-0.9026803374290466,-0.08834175020456314,-0.09908891469240189,-0.7576664686203003,-0.13600203394889832,-0.10267028212547302,-0.6203506588935852,-0.163789302110672,-0.03518783673644066,-0.6714926958084106,-0.0390903539955616,-0.00409479346126318,-1.0,-0.0873471051454544,0.006998518016189337,-0.8429787755012512,-0.11875195801258087,-0.0017569775227457285,-0.7069140076637268,-0.13375046849250793,0.05336037650704384,-0.6463281512260437,-0.06169147044420242,0.08688221126794815,-0.9312665462493896,-0.0983119010925293,0.08703593164682388,-0.7947062253952026,-0.10742564499378204,0.0661696121096611,-0.6586218476295471,-0.10823506116867065,0.13301150500774384,-0.5669114589691162,-0.09120553731918335,0.16069649159908295,-0.7589927911758423,-0.10747731477022171,0.15071377158164978,-0.7073154449462891,-0.10412824898958206,0.12474167346954346,-0.6090168952941895,-0.10206615179777145
E,E_session_001,125,0.0,0.0,0.0,-0.09675963222980499,-0.17484383285045624,-0.0478544682264328,-0.12802554666996002,-0.4265882670879364,-0.07294924557209015,-0.03316427022218704,-0.5676761269569397,-0.10155985504388809,0.07640621066093445,-0.5706742405891418,-0.12193384766578674,-0.13226370513439178,-0.6347593665122986,-0.02558448351919651,-0.10706255584955215,-0.9014482498168945,-0.08814271539449692,-0.09554608166217804,-0.7529380917549133,-0.13507342338562012,-0.09976101666688919,-0.615740954875946,-0.16227060556411743,-0.03264108672738075,-0.669215202331543,-0.03705151006579399,-0.0021442745346575975,-1.0,-0.08775998651981354,0.007958941161632538,-0.838712751865387,-0.11858443170785904,-0.0008710389956831932,-0.7043763399124146,-0.13177289068698883,0.05592692643404007,-0.6445537209510803,-0.05847722664475441,0.08844400942325592,-0.9321519732475281,-0.09604516625404358,0.08780240267515182,-0.7943000197410583,-0.10451661795377731,0.06704190373420715,-0.6591816544532776,-0.10387925803661346,0.1349288374185562,-0.5680177211761475,-0.08705788105726242,0.16295766830444336,-0.7527188658714294,-0.10325726121664047,0.1528806984424591,-0.7074512839317322,-0.10143411159515381,0.12769672274589539,-0.620682954788208,-0.10004262626171112
E,E_session_001,126,0.0,0.0,0.0,-0.09807371348142624,-0.1757596880197525,-0.04740292578935623,-0.128835991024971,-0.4284859299659729,-0.07240694016218185,-0.03177627921104431,-0.5685142874717712,-0.10091183334589005,0.07940103113651276,-0.5707675218582153,-0.12143231183290482,-0.13275308907032013,-0.6386797428131104,-0.026442842558026314,-0.10950599610805511,-0.9047603011131287,-0.08830159902572632,-0.0936407744884491,-0.7582240700721741,-0.13568918406963348,-0.09782195836305618,-0.6208244562149048,-0.16374941170215607,-0.0325150229036808,-0.6725894212722778,-0.03798053413629532,-0.0038242568261921406,-1.0,-0.08649276942014694,0.012210818007588387,-0.8431219458580017,-0.1184786781668663,0.002139219781383872,-0.7116984724998474,-0.13412870466709137,0.055991996079683304,-0.6468554735183716,-0.05920453742146492,0.0870337188243866,-0.9353886246681213,-0.09541589021682739,0.09175656735897064,-0.8035562634468079,-0.10582285374403,0.06967844069004059,-0.6706444621086121,-0.10779380053281784,0.13432039320468903,-0.5686509013175964,-0.08742427825927734,0.16147573292255402,-0.7532164454460144,-0.10423749685287476,0.1570793241262436,-0.7138679623603821,-0.10425245761871338,0.13287128508090973,-0.6302952766418457,-0.10473857820034027
E,E_session_001,127,0.0,0.0,0.0,-0.09551054984331131,-0.17511360347270966,-0.04730135574936867,-0.12552331387996674,-0.4290441870689392,-0.07176221162080765,-0.03133867308497429,-0.5690204501152039,-0.09986405819654465,0.07781245559453964,-0.5612887144088745,-0.11934894323348999,-0.13355810940265656,-0.6376380324363708,-0.022627931088209152,-0.10491661727428436,-0.9053026437759399,-0.0843052864074707,-0.08991500735282898,-0.7554179430007935,-0.12962816655635834,-0.09611059725284576,-0.6198915243148804,-0.15591567754745483,-0.03241782635450363,-0.6740691661834717,-0.033874668180942535,-0.0018071148078888655,-1.0,-0.08532579988241196,0.012638174928724766,-0.8352658152580261,-0.11558036506175995,0.0019066572422161698,-0.703692615032196,-0.12749966979026794,0.0572897270321846,-0.6507467031478882,-0.05513334646821022,0.08728992193937302,-0.9315626621246338,-0.0927894115447998,0.09155141562223434,-0.7915641665458679,-0.10006299614906311,0.06933320313692093,-0.6613279581069946,-0.09799007326364517,0.1355903595685959,-0.5767468810081482,-0.08350758999586105,0.16103370487689972,-0.7461228370666504,-0.09971760213375092,0.15712572634220123,-0.7041561007499695,-0.09818204492330551,0.134771928191185,-0.630516529083252,-0.09645214676856995
E,E_session_001,128,0.0,0.0,0.0,-0.0954969972372055,-0.18191654980182648,-0.045362237840890884,-0.125836580991745,-0.43130287528038025,-0.07251431792974472,-0.03182784467935562,-0.5674126744270325,-0.10471661388874054,0.07687525451183319,-0.556566059589386,-0.1292724460363388,-0.12915413081645966,-0.6429800391197205,-0.022570235654711723,-0.10159932076931,-0.9099950194358826,-0.08747191727161407,-0.08830593526363373,-0.7603845000267029,-0.13689756393432617,-0.09346668422222137,-0.6192240118980408,-0.16542965173721313,-0.029063496738672256,-0.6740005016326904,-0.03587055206298828,0.003651827573776245,-1.0,-0.089952252805233,0.015985073521733284,-0.8396538496017456,-0.12364434450864792,0.005378036294132471,-0.7013999819755554,-0.13801151514053345,0.06025597080588341,-0.6487255692481995,-0.05899455025792122,0.09291975945234299,-0.9376668334007263,-0.0977461114525795,0.09360597282648087,-0.799197793006897,-0.10670855641365051,0.070309579372406,-0.6594881415367126,-0.10544907301664352,0.13870815932750702,-0.5722576975822449,-0.0892237201333046,0.16623279452323914,-0.7501038908958435,-0.10577758401632309,0.15842097997665405,-0.7100449800491333,-0.10477583110332489,0.13311493396759033,-0.6290949583053589,-0.10320474952459335
E,E_session_001,129,0.0,0.0,0.0,-0.09680831432342529,-0.1847589910030365,-0.04256095364689827,-0.12840965390205383,-0.4304286539554596,-0.06938053667545319,-0.03355187177658081,-0.5631617307662964,-0.10095767676830292,0.07784097641706467,-0.5605071783065796,-0.12498530745506287,-0.12760569155216217,-0.6430216431617737,-0.02664029970765114,-0.09772934019565582,-0.9116672873497009,-0.08959297835826874,-0.08133590966463089,-0.7609835863113403,-0.13719986379146576,-0.08733635395765305,-0.6229782104492188,-0.16512015461921692,-0.02725793980062008,-0.6714363694190979,-0.040846943855285645,0.007766688242554665,-1.0,-0.09204616397619247,0.022797245532274246,-0.8377336263656616,-0.12369149178266525,0.01035983394831419,-0.7011101245880127,-0.137821227312088,0.061228711158037186,-0.6441832780838013,-0.06394542008638382,0.09596750140190125,-0.936360239982605,-0.10121209174394608,0.09921090304851532,-0.797799289226532,-0.10843397676944733,0.07442811876535416,-0.6598743200302124,-0.10698983818292618,0.13884922862052917,-0.5657194256782532,-0.09360792487859726,0.1674424558877945,-0.7464827299118042,-0.11110745370388031,0.16089467704296112,-0.704603910446167,-0.10917370021343231,0.13333769142627716,-0.6227918267250061,-0.107108473777771
E,E_session_001,130,0.0,0.0,0.0,-0.09709953516721725,-0.1906198114156723,-0.04336690902709961,-0.12872834503650665,-0.4303971230983734,-0.07378990948200226,-0.033640921115875244,-0.5644978284835815,-0.10944360494613647,0.07823039591312408,-0.559533953666687,-0.13736717402935028,-0.12300191819667816,-0.6432974934577942,-0.027468765154480934,-0.09426015615463257,-0.9157611131668091,-0.09391917288303375,-0.0792754739522934,-0.7635568380355835,-0.14466391503810883,-0.08699531853199005,-0.620552122592926,-0.1741759032011032,-0.022710829973220825,-0.6706644892692566,-0.041667334735393524,0.010669290088117123,-1.0,-0.09592912346124649,0.026114579290151596,-0.8364229798316956,-0.13008399307727814,0.012480883859097958,-0.6953166127204895,-0.1455606371164322,0.06551394611597061,-0.6438097953796387,-0.06485999375581741,0.09916187822818756,-0.9368752241134644,-0.10236820578575134,0.10276731103658676,-0.8011513352394104,-0.1095411628484726,0.0764356255531311,-0.6609156727790833,-0.10790460556745529,0.14314047992229462,-0.565798819065094,-0.09492038190364838,0.17412757873535156,-0.7422425150871277,-0.11068814247846603,0.16911740601062775,-0.7066603302955627,-0.10855046659708023,0.14079582691192627,-0.6295630931854248,-0.10646943747997284
E,E_session_001,131,0.0,0.0,0.0,-0.0961824506521225,-0.1921669989824295,-0.04181240499019623,-0.12652041018009186,-0.4334271252155304,-0.07200244069099426,-0.03165121376514435,-0.562964916229248,-0.10804824531078339,0.07891879230737686,-0.5576852560043335,-0.1365862339735031,-0.11886545270681381,-0.6468508839607239,-0.026470543816685677,-0.08854550123214722,-0.916075587272644,-0.09283549338579178,-0.07617087662220001,-0.7651163339614868,-0.14347904920578003,-0.08517862111330032,-0.6239086985588074,-0.17269355058670044,-0.019543025642633438,-0.6704199910163879,-0.04148717597126961,0.01809690147638321,-1.0,-0.09627150744199753,0.029307520017027855,-0.8365265727043152,-0.13017186522483826,0.015173541381955147,-0.6950013041496277,-0.1450289487838745,0.06814584136009216,-0.6405718922615051,-0.06535086780786514,0.10514528304338455,-0.9366862177848816,-0.10359565168619156,0.10433028638362885,-0.7981467247009277,-0.10996468365192413,0.07790659368038177,-0.6556925177574158,-0.10711195319890976,0.14560049772262573,-0.5591994524002075,-0.09591692686080933,0.17987962067127228,-0.741934597492218,-0.11207262426614761,0.1702299863100052,-0.7054044008255005,-0.10909043997526169,0.1396917849779129,-0.6259227991104126,-0.10593107342720032
E,E_session_001,132,0.0,0.0,0.0,-0.09652774780988693,-0.1973571479320526,-0.03740513697266579,-0.12747088074684143,-0.4307233691215515,-0.06678692251443863,-0.033451326191425323,-0.5549301505088806,-0.10288313776254654,0.07822473347187042,-0.5502570867538452,-0.1321319192647934,-0.11860113590955734,-0.6518265008926392,-0.02358108200132847,-0.0853288471698761,-0.9173904061317444,-0.08869784325361252,-0.07488607615232468,-0.7680515050888062,-0.13870741426944733,-0.08445865660905838,-0.6263417601585388,-0.16781143844127655,-0.01795615628361702,-0.6720433235168457,-0.040657736361026764,0.019965335726737976,-1.0,-0.09553232043981552,0.029461484402418137,-0.8389142751693726,-0.1299148052930832,0.015629099681973457,-0.6962726712226868,-0.14479149878025055,0.07050309330224991,-0.6388325095176697,-0.06603992730379105,0.10806112736463547,-0.9372450709342957,-0.10443997383117676,0.10635393112897873,-0.7999922037124634,-0.11172077059745789,0.07994361221790314,-0.6570663452148438,-0.10918886959552765,0.1480104923248291,-0.5531215071678162,-0.09752703458070755,0.18104156851768494,-0.7292404174804688,-0.11595994979143143,0.17261265218257904,-0.6991503834724426,-0.1152176707983017,0.14402742683887482,-0.6286450028419495,-0.11292275786399841
E,E_session_001,133,0.0,0.0,0.0,-0.09499137848615646,-0.19416430592536926,-0.038279082626104355,-0.12181256711483002,-0.4369247257709503,-0.06695040315389633,-0.027673039585351944,-0.5651731491088867,-0.10218443721532822,0.08285589516162872,-0.5488846302032471,-0.13054141402244568,-0.1129789650440216,-0.6480376720428467,-0.023651817813515663,-0.0837525874376297,-0.9222497940063477,-0.08870401978492737,-0.06915119290351868,-0.7849709987640381,-0.1396431177854538,-0.07651902735233307,-0.6385663747787476,-0.16922490298748016,-0.015212967991828918,-0.6694074869155884,-0.03961431607604027,0.02074584737420082,-1.0,-0.09219249337911606,0.03487227484583855,-0.850186288356781,-0.12695743143558502,0.023989591747522354,-0.7052546739578247,-0.14350730180740356,0.07157833874225616,-0.634251058101654,-0.06422421336174011,0.10979826748371124,-0.9383969306945801,-0.10216163843870163,0.11044323444366455,-0.8138116002082825,-0.11319790780544281,0.08504228293895721,-0.669418454170227,-0.11435144394636154,0.14883409440517426,-0.5473803281784058,-0.09501031786203384,0.19008223712444305,-0.7269191741943359,-0.11518926173448563,0.18033747375011444,-0.7045097947120667,-0.11861317604780197,0.14704421162605286,-0.628487229347229,-0.12007156759500504
E,E_session_001,134,0.0,0.0,0.0,-0.09754236787557602,-0.1936383992433548,-0.040311042219400406,-0.12201555073261261,-0.4430491626262665,-0.06542742252349854,-0.027985982596874237,-0.5657680034637451,-0.09672047197818756,0.08231226354837418,-0.5443726778030396,-0.1204991489648819,-0.11488144844770432,-0.6580371260643005,-0.014941805973649025,-0.08248768001794815,-0.919814944267273,-0.07770810276269913,-0.07351411879062653,-0.793725848197937,-0.1271900087594986,-0.08440985530614853,-0.6522801518440247,-0.15539447963237762,-0.017617197707295418,-0.6782180070877075,-0.029493046924471855,0.019616978242993355,-1.0,-0.08060683310031891,0.030222054570913315,-0.8525749444961548,-0.11403706669807434,0.02003380097448826,-0.7074832916259766,-0.1290680170059204,0.07076828181743622,-0.6400279402732849,-0.05380672588944435,0.1116674467921257,-0.9396716952323914,-0.09202096611261368,0.10919066518545151,-0.8117889165878296,-0.1025838702917099,0.08421863615512848,-0.6653575897216797,-0.10276380181312561,0.14914000034332275,-0.5506561994552612,-0.08467751741409302,0.19205242395401,-0.7358008027076721,-0.10494477301836014,0.17773425579071045,-0.7049969434738159,-0.1072358638048172,0.14309373497962952,-0.6187050938606262,-0.1074470803141594
E,E_session_001,135,0.0,0.0,0.0,-0.09930171072483063,-0.18842719495296478,-0.041774969547986984,-0.12184399366378784,-0.4474763870239258,-0.06516914069652557,-0.02505314163863659,-0.5722665786743164,-0.09413310140371323,0.08611924946308136,-0.5439344644546509,-0.11587602645158768,-0.10984190553426743,-0.6564280986785889,-0.015806984156370163,-0.08227790147066116,-0.922482967376709,-0.07721887528896332,-0.07225687801837921,-0.8088372349739075,-0.12490267306566238,-0.07985180616378784,-0.6703317761421204,-0.15139658749103546,-0.014953131787478924,-0.6774609088897705,-0.02951890602707863,0.020287316292524338,-1.0,-0.07702090591192245,0.03016122803092003,-0.8573896884918213,-0.10589230060577393,0.021967226639389992,-0.7135101556777954,-0.1180744394659996,0.0717843621969223,-0.6373375654220581,-0.05370432510972023,0.11417932063341141,-0.9381241798400879,-0.09058292210102081,0.10844837129116058,-0.8130737543106079,-0.09947730600833893,0.08436520397663116,-0.6674332022666931,-0.09882958978414536,0.14973755180835724,-0.5478344559669495,-0.08479917049407959,0.19454197585582733,-0.7427711486816406,-0.10459688305854797,0.17538422346115112,-0.7093960642814636,-0.10544432699680328,0.13836780190467834,-0.61490797996521,-0.10481559485197067
E,E_session_001,136,0.0,0.0,0.0,-0.10086317360401154,-0.1885472685098648,-0.039142947643995285,-0.12391820549964905,-0.44477578997612,-0.0627661645412445,-0.027780361473560333,-0.5668878555297852,-0.09258697926998138,0.08405864983797073,-0.5453395247459412,-0.11534569412469864,-0.10743967443704605,-0.659947395324707,-0.012954827398061752,-0.08165153861045837,-0.920932412147522,-0.07313539832830429,-0.07487856596708298,-0.8076488375663757,-0.11991344392299652,-0.08360936492681503,-0.6722976565361023,-0.14606577157974243,-0.013714022934436798,-0.6809162497520447,-0.02842837944626808,0.020515624433755875,-1.0,-0.07446040213108063,0.027691936120390892,-0.8574009537696838,-0.10229950398206711,0.01886116899549961,-0.7135452032089233,-0.11409438401460648,0.07238072156906128,-0.6397340297698975,-0.0541420616209507,0.1148764118552208,-0.9382388591766357,-0.08925686031579971,0.10877390205860138,-0.8144356608390808,-0.09637199342250824,0.0854542925953865,-0.6722016334533691,-0.09524963051080704,0.15072403848171234,-0.5478945970535278,-0.08656282722949982,0.1955326497554779,-0.7400502562522888,-0.10332905501127243,0.17540904879570007,-0.7034014463424683,-0.10121244192123413,0.1385432630777359,-0.6091302633285522,-0.09906478971242905
E,E_session_001,137,0.0,0.0,0.0,-0.1012561023235321,-0.18417464196681976,-0.04200930893421173,-0.12678320705890656,-0.4379112124443054,-0.06713374704122543,-0.032174184918403625,-0.5589487552642822,-0.09756381809711456,0.07928422838449478,-0.535256564617157,-0.12057561427354813,-0.10943377017974854,-0.6578593254089355,-0.01867738552391529,-0.08118507266044617,-0.921532154083252,-0.0798988938331604,-0.07468877732753754,-0.8006783127784729,-0.12615953385829926,-0.08280304074287415,-0.6635357737541199,-0.1519162654876709,-0.015006872825324535,-0.6810823678970337,-0.03305896744132042,0.020868251100182533,-1.0,-0.07959713786840439,0.026823461055755615,-0.8503059148788452,-0.10567493736743927,0.018400266766548157,-0.7070684432983398,-0.11609328538179398,0.07150471955537796,-0.6411964297294617,-0.05776499584317207,0.11494425684213638,-0.9372107982635498,-0.09370996057987213,0.10666099935770035,-0.8059638142585754,-0.09907752275466919,0.08290701359510422,-0.6638205051422119,-0.09665372222661972,0.14956867694854736,-0.5496594309806824,-0.08934472501277924,0.192156583070755,-0.7364853024482727,-0.10748758912086487,0.16963094472885132,-0.6922842860221863,-0.10467419773340225,0.13242119550704956,-0.5955784916877747,-0.10170638561248779
E,E_session_001,138,0.0,0.0,0.0,-0.0989096611738205,-0.1872495412826538,-0.042034126818180084,-0.12410110980272293,-0.4404418468475342,-0.0685395747423172,-0.02951820380985737,-0.567147433757782,-0.10083620995283127,0.08084230124950409,-0.5391272902488708,-0.12555822730064392,-0.11022986471652985,-0.6613264679908752,-0.017842281609773636,-0.08432186394929886,-0.9254875779151917,-0.08062398433685303,-0.07679732888936996,-0.8041008710861206,-0.12879115343093872,-0.08554069697856903,-0.6651822328567505,-0.1556830257177353,-0.014893081970512867,-0.6826335191726685,-0.03268759697675705,0.020323703065514565,-1.0,-0.07990817725658417,0.027628662064671516,-0.8535271286964417,-0.10660102218389511,0.01752636954188347,-0.7109971642494202,-0.11773237586021423,0.07228071987628937,-0.6415043473243713,-0.05803210288286209,0.11325760930776596,-0.9394292235374451,-0.09401410073041916,0.10711780190467834,-0.8090538382530212,-0.09853187948465347,0.08339817076921463,-0.6650218963623047,-0.09549450129270554,0.15047982335090637,-0.5492360591888428,-0.09044285863637924,0.1929806023836136,-0.7369768023490906,-0.10770639032125473,0.17192906141281128,-0.6953285336494446,-0.10411181300878525,0.13536417484283447,-0.5990812182426453,-0.10060139000415802
E,E_session_001,139,0.0,0.0,0.0,-0.1013811007142067,-0.18921779096126556,-0.03996550664305687,-0.12485461682081223,-0.44546785950660706,-0.06440059840679169,-0.0289717186242342,-0.5651381015777588,-0.09446118026971817,0.08352318406105042,-0.5385172963142395,-0.11715344339609146,-0.10796958953142166,-0.664089024066925,-0.016491495072841644,-0.07902572304010391,-0.9237746000289917,-0.0775914192199707,-0.07055961340665817,-0.7953799962997437,-0.12371380627155304,-0.07940534502267838,-0.6570778489112854,-0.14910900592803955,-0.012701356783509254,-0.6836866736412048,-0.03158235549926758,0.024262234568595886,-1.0,-0.07824650406837463,0.031214691698551178,-0.8468578457832336,-0.1040436178445816,0.020780479535460472,-0.7040152549743652,-0.11363893747329712,0.07383670657873154,-0.64219731092453,-0.05680520460009575,0.1173613891005516,-0.9358606934547424,-0.09202513098716736,0.11127407848834991,-0.8021669387817383,-0.09601452946662903,0.08639325946569443,-0.6609815955162048,-0.0920761451125145,0.15180759131908417,-0.550544798374176,-0.08871419727802277,0.19230082631111145,-0.7353132963180542,-0.10461656004190445,0.17311203479766846,-0.6896443963050842,-0.09967193007469177,0.1374993473291397,-0.596795916557312,-0.09495273977518082
E,E_session_001,140,0.0,0.0,0.0,-0.09930270910263062,-0.18556568026542664,-0.04225132241845131,-0.12472370266914368,-0.4486830532550812,-0.06876182556152344,-0.02770426496863365,-0.5758082270622253,-0.10115806013345718,0.08357280492782593,-0.5383754372596741,-0.1260138303041458,-0.10785181820392609,-0.667730987071991,-0.019111083820462227,-0.07900004833936691,-0.9254646897315979,-0.08265943080186844,-0.07533697038888931,-0.7876569628715515,-0.1301700919866562,-0.08359190076589584,-0.6444651484489441,-0.15671652555465698,-0.011630731634795666,-0.68803870677948,-0.034372296184301376,0.02727254293859005,-1.0,-0.0837600976228714,0.027407096698880196,-0.8398482799530029,-0.10852140933275223,0.01722540520131588,-0.6951792240142822,-0.11689037829637527,0.07613670080900192,-0.6451887488365173,-0.060160089284181595,0.11991335451602936,-0.9368220567703247,-0.09702856838703156,0.10750634968280792,-0.797166109085083,-0.0985577404499054,0.08412390202283859,-0.65399569272995,-0.09262789785861969,0.15331855416297913,-0.5513613224029541,-0.093105249106884,0.19332769513130188,-0.7353627681732178,-0.10926955193281174,0.16863422095775604,-0.6867966651916504,-0.1029631569981575,0.13453233242034912,-0.5923976898193359,-0.09722704440355301
E,E_session_001,141,0.0,0.0,0.0,-0.09941579401493073,-0.18693266808986664,-0.042989932000637054,-0.12473228573799133,-0.4498826563358307,-0.06831727921962738,-0.025787876918911934,-0.5719379782676697,-0.09893503040075302,0.08774301409721375,-0.5399051308631897,-0.12201286107301712,-0.1089361384510994,-0.6692841649055481,-0.01926393061876297,-0.07804714143276215,-0.9180058240890503,-0.08303103595972061,-0.07631547749042511,-0.7798847556114197,-0.13053712248802185,-0.08662975579500198,-0.6413329839706421,-0.1571449637413025,-0.011738347820937634,-0.6900233626365662,-0.03448333591222763,0.02841884270310402,-1.0,-0.08401714265346527,0.027233343571424484,-0.8369384407997131,-0.10893377661705017,0.016413625329732895,-0.6948198676109314,-0.11720053851604462,0.07660788297653198,-0.6472398042678833,-0.060331087559461594,0.12133590877056122,-0.9331588745117188,-0.09803199768066406,0.10844817757606506,-0.7892235517501831,-0.10026725381612778,0.08444856107234955,-0.6490123867988586,-0.094624362885952,0.15407735109329224,-0.5518534779548645,-0.09327452629804611,0.19288384914398193,-0.7320196628570557,-0.11017182469367981,0.16829389333724976,-0.6785520911216736,-0.1039198711514473,0.13453927636146545,-0.5839802026748657,-0.09816564619541168
E,E_session_001,142,0.0,0.0,0.0,-0.10034537315368652,-0.18802617490291595,-0.043639980256557465,-0.12611261010169983,-0.45558300614356995,-0.0683259516954422,-0.02604038454592228,-0.5799990892410278,-0.09811998158693314,0.0887344628572464,-0.5380735993385315,-0.11995931714773178,-0.11030767112970352,-0.6701326370239258,-0.019617412239313126,-0.07962056249380112,-0.9226115345954895,-0.08346197754144669,-0.07957932353019714,-0.7814028859138489,-0.13059134781360626,-0.09029179066419601,-0.6438549757003784,-0.15727733075618744,-0.012158125638961792,-0.6904401779174805,-0.034688010811805725,0.02936238795518875,-1.0,-0.08307556062936783,0.023981943726539612,-0.8400142788887024,-0.10621941089630127,0.011650986969470978,-0.7049646377563477,-0.11419963091611862,0.07695327699184418,-0.6469610929489136,-0.06085735931992531,0.1235094964504242,-0.9265356659889221,-0.09772387892007828,0.10562828183174133,-0.7866320610046387,-0.09962250292301178,0.07979872077703476,-0.6514134407043457,-0.09458249062299728,0.1549064666032791,-0.5536496043205261,-0.09442214667797089,0.19383984804153442,-0.7362249493598938,-0.11033700406551361,0.16622313857078552,-0.6839020252227783,-0.10404544323682785,0.13157598674297333,-0.5885108113288879,-0.09901855140924454
E,E_session_001,143,0.0,0.0,0.0,-0.10154442489147186,-0.18819275498390198,-0.04434000328183174,-0.12869422137737274,-0.45465463399887085,-0.0683775320649147,-0.026652546599507332,-0.5817387700080872,-0.09694423526525497,0.08799830079078674,-0.5499330163002014,-0.1176588162779808,-0.11252564936876297,-0.6660844087600708,-0.019677933305501938,-0.08358409255743027,-0.9231865406036377,-0.08359521627426147,-0.08057090640068054,-0.7805542945861816,-0.13089236617088318,-0.08989981561899185,-0.6432374715805054,-0.15723271667957306,-0.013055142015218735,-0.685615599155426,-0.0337381474673748,0.029926078394055367,-1.0,-0.0827360525727272,0.024309702217578888,-0.8337231874465942,-0.10671243071556091,0.00944144930690527,-0.6958373785018921,-0.11439388990402222,0.07592999935150146,-0.6433611512184143,-0.05881400406360626,0.12326648831367493,-0.9255259037017822,-0.09594558924436569,0.104674331843853,-0.7798674702644348,-0.09771020710468292,0.07741779834032059,-0.6426399946212769,-0.09188256412744522,0.15354758501052856,-0.5515322089195251,-0.09121084958314896,0.19050845503807068,-0.737135648727417,-0.10755427926778793,0.16479076445102692,-0.6798020005226135,-0.10071953386068344,0.13166843354701996,-0.583375096321106,-0.09473244100809097
E,E_session_001,144,0.0,0.0,0.0,-0.10154920816421509,-0.1897229254245758,-0.042750291526317596,-0.12939360737800598,-0.45359358191490173,-0.06731946021318436,-0.026636993512511253,-0.5792416930198669,-0.09704294055700302,0.09030331671237946,-0.5517460107803345,-0.11944925040006638,-0.11522992700338364,-0.6715715527534485,-0.017982518300414085,-0.08504700660705566,-0.9224063754081726,-0.08372683823108673,-0.0809829980134964,-0.7878748774528503,-0.13391584157943726,-0.08968169242143631,-0.6484099626541138,-0.1619470715522766,-0.0150996008887887,-0.6892325282096863,-0.033176105469465256,0.02749009057879448,-1.0,-0.0846368595957756,0.02382645197212696,-0.8406639099121094,-0.1116417795419693,0.010267402976751328,-0.6969082951545715,-0.12097537517547607,0.07518137991428375,-0.6468498706817627,-0.05928851664066315,0.11983669549226761,-0.9244186878204346,-0.09758397936820984,0.10372533649206161,-0.784318208694458,-0.10084901750087738,0.07786303758621216,-0.6445183157920837,-0.09558770060539246,0.1537984013557434,-0.5550064444541931,-0.09265501797199249,0.19029498100280762,-0.7421414852142334,-0.10899080336093903,0.16586971282958984,-0.6895654201507568,-0.10249847173690796,0.1331368088722229,-0.5926616191864014,-0.09659961611032486
E,E_session_001,145,0.0,0.0,0.0,-0.10154404491186142,-0.18700240552425385,-0.04439214617013931,-0.12877623736858368,-0.4507598876953125,-0.06948317587375641,-0.024781303480267525,-0.5781764388084412,-0.09894289076328278,0.0919346809387207,-0.5519430041313171,-0.12074853479862213,-0.11324939131736755,-0.6748923659324646,-0.021781709045171738,-0.08408612757921219,-0.9248863458633423,-0.08576619625091553,-0.08141900599002838,-0.7807270288467407,-0.1338423639535904,-0.08852336555719376,-0.6429818272590637,-0.16080109775066376,-0.012907794676721096,-0.6907002329826355,-0.035303376615047455,0.029233403503894806,-1.0,-0.08558645099401474,0.021781105548143387,-0.8337409496307373,-0.11034024506807327,0.008028553798794746,-0.6906000971794128,-0.11803001165390015,0.07643501460552216,-0.6474494934082031,-0.059540726244449615,0.12121778726577759,-0.9227163791656494,-0.09652864933013916,0.1013900488615036,-0.7807837128639221,-0.09917102754116058,0.07536913454532623,-0.6419126987457275,-0.09347695112228394,0.1545853167772293,-0.5555003881454468,-0.09115510433912277,0.19175924360752106,-0.7438687682151794,-0.10735464096069336,0.16512422263622284,-0.6926082968711853,-0.10159363597631454,0.1315350979566574,-0.5961325764656067,-0.09597957879304886
E,E_session_001,146,0.0,0.0,0.0,-0.10382741689682007,-0.1901506632566452,-0.04355624318122864,-0.13336829841136932,-0.45486801862716675,-0.06787202507257462,-0.03149039298295975,-0.585707426071167,-0.09680896997451782,0.08452904969453812,-0.556009829044342,-0.11781617999076843,-0.11672437936067581,-0.676469087600708,-0.018121639266610146,-0.088665671646595,-0.9287112951278687,-0.08290262520313263,-0.08575896918773651,-0.7866041660308838,-0.1310829520225525,-0.09224941581487656,-0.6514461040496826,-0.15761984884738922,-0.016826899722218513,-0.6911530494689941,-0.03216535970568657,0.02487625554203987,-1.0,-0.08322463929653168,0.017877331003546715,-0.8352658152580261,-0.10779430717229843,0.0054862843826413155,-0.6967267394065857,-0.11489111930131912,0.07264601439237595,-0.6488084197044373,-0.05735449865460396,0.11866853386163712,-0.9233592748641968,-0.09555897116661072,0.09824766218662262,-0.7835075259208679,-0.09762046486139297,0.07293128967285156,-0.6483420133590698,-0.09097680449485779,0.1513744294643402,-0.559399425983429,-0.08980311453342438,0.18711258471012115,-0.7531996369361877,-0.10522312670946121,0.16072113811969757,-0.698944091796875,-0.09755035489797592,0.12924329936504364,-0.6009159088134766,-0.09043736010789871
E,E_session_001,147,0.0,0.0,0.0,-0.1013450026512146,-0.1852278709411621,-0.04843442514538765,-0.12826688587665558,-0.4588518738746643,-0.07481005787849426,-0.024002695456147194,-0.5921456813812256,-0.10506810247898102,0.09376822412014008,-0.5630481839179993,-0.12674303352832794,-0.1153886616230011,-0.6794556379318237,-0.02031969651579857,-0.09054616838693619,-0.9267043471336365,-0.08551958203315735,-0.08612868934869766,-0.7739339470863342,-0.1329561173915863,-0.0908467099070549,-0.6332279443740845,-0.1583239734172821,-0.015249551273882389,-0.6946670413017273,-0.03115272894501686,0.023813027888536453,-1.0,-0.0834219679236412,0.017748259007930756,-0.8262192010879517,-0.10741502046585083,0.006428301800042391,-0.6846278309822083,-0.11267858743667603,0.07444868981838226,-0.6501863598823547,-0.053467776626348495,0.11894682049751282,-0.9223284721374512,-0.09225849062204361,0.09926003217697144,-0.7771171927452087,-0.09409665316343307,0.07448703795671463,-0.6387962102890015,-0.08616123348474503,0.15302151441574097,-0.5590353608131409,-0.08334726095199585,0.1876075714826584,-0.7455107569694519,-0.09862256050109863,0.16245849430561066,-0.6904924511909485,-0.09175743162631989,0.1327410787343979,-0.5955869555473328,-0.0844016894698143
E,E_session_001,148,0.0,0.0,0.0,-0.1002265214920044,-0.1845637559890747,-0.046774595975875854,-0.1301749348640442,-0.4562312066555023,-0.07158813625574112,-0.028648270294070244,-0.5944474935531616,-0.10028646886348724,0.08708108961582184,-0.5684675574302673,-0.12065667659044266,-0.12539182603359222,-0.6737387180328369,-0.020362084731459618,-0.10509516298770905,-0.9303172826766968,-0.08218471705913544,-0.09595970064401627,-0.7935060262680054,-0.1281973421573639,-0.0987291932106018,-0.6559931635856628,-0.15339231491088867,-0.025238726288080215,-0.6968174576759338,-0.030971840023994446,0.008256044238805771,-1.0,-0.07716314494609833,0.009180685505270958,-0.8393516540527344,-0.09958823770284653,0.0012015444226562977,-0.7013674974441528,-0.10646755993366241,0.06622502952814102,-0.6576389670372009,-0.05263104662299156,0.10534573346376419,-0.9299147725105286,-0.08760541677474976,0.08980443328619003,-0.790476381778717,-0.08850618451833725,0.06863510608673096,-0.6538355350494385,-0.08208031952381134,0.14692360162734985,-0.5704112648963928,-0.08177986741065979,0.18083907663822174,-0.7605429291725159,-0.09711755067110062,0.15557798743247986,-0.7073311805725098,-0.09017524868249893,0.1264800876379013,-0.6079050302505493,-0.08353046327829361
E,E_session_001,149,0.0,0.0,0.0,-0.103272445499897,-0.18052726984024048,-0.048156317323446274,-0.1329057812690735,-0.4528961181640625,-0.07391070574522018,-0.030239444226026535,-0.5932571291923523,-0.10315384715795517,0.08878562599420547,-0.5705004930496216,-0.12396614998579025,-0.12497764080762863,-0.6723172664642334,-0.022433020174503326,-0.10071592032909393,-0.9294384121894836,-0.08579008281230927,-0.09579434990882874,-0.7838966250419617,-0.13228349387645721,-0.10010701417922974,-0.6389410495758057,-0.15679584443569183,-0.02428244985640049,-0.6932922005653381,-0.03171378746628761,0.012579968199133873,-1.0,-0.08024769276380539,0.008325770497322083,-0.8409181833267212,-0.10381627082824707,0.0005921355332247913,-0.6997963786125183,-0.10976333171129227,0.06585586071014404,-0.6541704535484314,-0.05203290283679962,0.1047399714589119,-0.921658992767334,-0.0868138000369072,0.08653727918863297,-0.7905864715576172,-0.08964646607637405,0.06625675410032272,-0.6572203636169434,-0.08349191397428513,0.14587266743183136,-0.5695288777351379,-0.07982676476240158,0.17584608495235443,-0.7613477110862732,-0.09258256107568741,0.15098990499973297,-0.7146756649017334,-0.08548185974359512,0.12395945191383362,-0.6203011274337769,-0.07840853929519653
E,E_session_001,150,0.0,0.0,0.0,-0.10131767392158508,-0.18178144097328186,-0.04986706003546715,-0.13228347897529602,-0.45138949155807495,-0.07588786631822586,-0.03200681135058403,-0.5947909951210022,-0.10476183891296387,0.0862487256526947,-0.5795373320579529,-0.12468819320201874,-0.1360887736082077,-0.671679675579071,-0.023186244070529938,-0.11336524039506912,-0.9289166927337646,-0.0862244963645935,-0.09990813583135605,-0.778192937374115,-0.13407869637012482,-0.10527795553207397,-0.6320627331733704,-0.16070351004600525,-0.03236902877688408,-0.6972095966339111,-0.031287405639886856,-0.003039637813344598,-1.0,-0.07842118293046951,0.005604668986052275,-0.8357884883880615,-0.10491219907999039,-0.00318410387262702,-0.6984091401100159,-0.11509143561124802,0.06167500466108322,-0.6631723046302795,-0.050289977341890335,0.09421191364526749,-0.9260433912277222,-0.08485745638608932,0.08602160960435867,-0.7892058491706848,-0.0895172655582428,0.06292298436164856,-0.6547417640686035,-0.08620813488960266,0.1437859684228897,-0.582078218460083,-0.07674097269773483,0.17102891206741333,-0.7689834237098694,-0.09155408293008804,0.15381570160388947,-0.718555212020874,-0.08687471598386765,0.1270117610692978,-0.6248877048492432,-0.08234728127717972
E,E_session_001,151,0.0,0.0,0.0,-0.10109108686447144,-0.17649619281291962,-0.04843113571405411,-0.13238811492919922,-0.4460928440093994,-0.07299191504716873,-0.03334447368979454,-0.5926775932312012,-0.10074460506439209,0.08478596806526184,-0.5907614231109619,-0.11959808319807053,-0.13683415949344635,-0.6658588647842407,-0.022326979786157608,-0.11742016673088074,-0.9229817390441895,-0.08484534919261932,-0.10565010458230972,-0.7619129419326782,-0.13043084740638733,-0.10839420557022095,-0.6167637705802917,-0.1554296612739563,-0.03441951796412468,-0.6958109140396118,-0.031706441193819046,-0.006360544823110104,-1.0,-0.07883452624082565,-0.0011229602387174964,-0.8234678506851196,-0.10248422622680664,-0.007378748618066311,-0.6887184977531433,-0.11009448766708374,0.059190645813941956,-0.6659666299819946,-0.05199050530791283,0.09143940359354019,-0.9307542443275452,-0.08673834800720215,0.08055765926837921,-0.7846661806106567,-0.0886496976017952,0.06193169206380844,-0.6537449359893799,-0.08335831761360168,0.1423301100730896,-0.5888201594352722,-0.07952160388231277,0.16528350114822388,-0.7785456776618958,-0.09369423240423203,0.14516228437423706,-0.7181578874588013,-0.0862983763217926,0.12220936268568039,-0.621666669845581,-0.07985761761665344
E,E_session_001,152,0.0,0.0,0.0,-0.1028003916144371,-0.18676427006721497,-0.04583672806620598,-0.13463637232780457,-0.44515037536621094,-0.0721743181347847,-0.03522660210728645,-0.591787576675415,-0.10274560749530792,0.08314260840415955,-0.5910766124725342,-0.12484803050756454,-0.14111968874931335,-0.6717352271080017,-0.020698372274637222,-0.12121153622865677,-0.9160696268081665,-0.085320383310318,-0.10754607617855072,-0.7527904510498047,-0.13282839953899384,-0.11098378151655197,-0.610454797744751,-0.15843543410301208,-0.03889256715774536,-0.7002747654914856,-0.03182610124349594,-0.012629961594939232,-1.0,-0.08137843757867813,-0.004223302472382784,-0.8243643045425415,-0.10674622654914856,-0.009186075069010258,-0.6872598528862,-0.11481720209121704,0.05540772154927254,-0.6721801161766052,-0.0535883754491806,0.08520765602588654,-0.9373254776000977,-0.09124740213155746,0.07823024690151215,-0.7942193150520325,-0.09418762475252151,0.061507757753133774,-0.66065913438797,-0.08776211738586426,0.13802652060985565,-0.595196008682251,-0.08215292543172836,0.16080647706985474,-0.7969358563423157,-0.09698519855737686,0.14431558549404144,-0.7459573745727539,-0.08896394073963165,0.1228402778506279,-0.6483594179153442,-0.08078385144472122
E,E_session_001,153,0.0,0.0,0.0,-0.10081855952739716,-0.1874857395887375,-0.04113192483782768,-0.1307477355003357,-0.4410565197467804,-0.06664550304412842,-0.03412184119224548,-0.5870160460472107,-0.09792284667491913,0.08160872757434845,-0.5926817059516907,-0.12168988585472107,-0.13793537020683289,-0.6644515991210938,-0.016642622649669647,-0.11807481199502945,-0.9129314422607422,-0.08027523010969162,-0.10752154141664505,-0.7548027634620667,-0.12799127399921417,-0.10892313718795776,-0.6100916266441345,-0.15385547280311584,-0.036408986896276474,-0.6943222880363464,-0.030330710113048553,-0.008905664086341858,-1.0,-0.08161041140556335,-0.006831934675574303,-0.8283754587173462,-0.10915392637252808,-0.012142356485128403,-0.6833666563034058,-0.11763539910316467,0.05779652297496796,-0.6685810089111328,-0.053919389843940735,0.08875352889299393,-0.9401593804359436,-0.08985636383295059,0.07590954005718231,-0.7971410155296326,-0.09346186369657516,0.05930590257048607,-0.6563884019851685,-0.08732204884290695,0.1413433700799942,-0.5924937129020691,-0.08424559980630875,0.16327573359012604,-0.7905153632164001,-0.09716814756393433,0.14316608011722565,-0.7425072193145752,-0.09004873782396317,0.1229020208120346,-0.6473637819290161,-0.08257624506950378
E,E_session_001,154,0.0,0.0,0.0,-0.0991840809583664,-0.18757560849189758,-0.04137927293777466,-0.1295047402381897,-0.4330638647079468,-0.0685979574918747,-0.03347010165452957,-0.5756323933601379,-0.10111185908317566,0.08107608556747437,-0.5911725759506226,-0.12624360620975494,-0.13762010633945465,-0.6607375741004944,-0.022808518260717392,-0.11819612979888916,-0.9122720956802368,-0.08613118529319763,-0.10487884283065796,-0.7495575547218323,-0.13382790982723236,-0.10811086744070053,-0.6069863438606262,-0.16058962047100067,-0.0361030176281929,-0.6920127868652344,-0.03662845492362976,-0.011315792798995972,-1.0,-0.08575079590082169,-0.003368217032402754,-0.8241872787475586,-0.11394447088241577,-0.009502910077571869,-0.6842662692070007,-0.12511755526065826,0.05839734897017479,-0.6669507622718811,-0.05956028401851654,0.08878526091575623,-0.9452890753746033,-0.09431984275579453,0.08101457357406616,-0.7986846566200256,-0.09751847386360168,0.06269235163927078,-0.6579780578613281,-0.09291882067918777,0.1422111839056015,-0.5881670117378235,-0.08899153023958206,0.16368572413921356,-0.7849015593528748,-0.10263533145189285,0.14788106083869934,-0.7370327711105347,-0.0957939401268959,0.126778706908226,-0.6463094353675842,-0.08940329402685165
E,E_session_001,155,0.0,0.0,0.0,-0.09934741258621216,-0.18169942498207092,-0.04168487340211868,-0.1325032114982605,-0.4185400605201721,-0.07059746235609055,-0.04124017432332039,-0.5618798136711121,-0.10507912933826447,0.0693175420165062,-0.5869560241699219,-0.1324540078639984,-0.13975687325000763,-0.6610873937606812,-0.023615019395947456,-0.12026934325695038,-0.911138653755188,-0.08761755377054214,-0.10803499072790146,-0.7495051026344299,-0.13570883870124817,-0.11076348274946213,-0.607492208480835,-0.1625237762928009,-0.03863786906003952,-0.6934978365898132,-0.03838776797056198,-0.011999665759503841,-1.0,-0.08893615007400513,-0.0051553803496062756,-0.8233210444450378,-0.11764933913946152,-0.012566299177706242,-0.6834558844566345,-0.12880074977874756,0.05601182579994202,-0.669480562210083,-0.06218523159623146,0.08702512085437775,-0.9447358250617981,-0.09874237328767776,0.07803714275360107,-0.790087103843689,-0.10053728520870209,0.05871426314115524,-0.6484869122505188,-0.09449762850999832,0.14017079770565033,-0.5904392004013062,-0.09244897216558456,0.16309374570846558,-0.7850488424301147,-0.10696898400783539,0.14492516219615936,-0.726517379283905,-0.09821934998035431,0.12216735631227493,-0.6333467960357666,-0.09011147171258926
E,E_session_001,156,0.0,0.0,0.0,-0.09899423271417618,-0.18309764564037323,-0.0433160699903965,-0.13035474717617035,-0.42341846227645874,-0.07164347916841507,-0.03567830100655556,-0.5608646869659424,-0.10465750843286514,0.0765361413359642,-0.5780479311943054,-0.12998445332050323,-0.13937819004058838,-0.6546813249588013,-0.02656525745987892,-0.1172708049416542,-0.9128084182739258,-0.09140465408563614,-0.10491186380386353,-0.7467119693756104,-0.13764818012714386,-0.10907360166311264,-0.6061297059059143,-0.16280032694339752,-0.03703560680150986,-0.687589704990387,-0.03996567055583,-0.00884667132049799,-1.0,-0.09231624752283096,-0.0008593650418333709,-0.8125867247581482,-0.11928214877843857,-0.009569280780851841,-0.6741974949836731,-0.12802176177501678,0.05806777626276016,-0.6655009388923645,-0.06253955513238907,0.08995719999074936,-0.9382286667823792,-0.10096830129623413,0.08189055323600769,-0.7747751474380493,-0.10172808170318604,0.06083480268716812,-0.6351086497306824,-0.09384635090827942,0.14225123822689056,-0.590635359287262,-0.09154325723648071,0.1627749800682068,-0.7805764675140381,-0.10683321952819824,0.14725852012634277,-0.7181013226509094,-0.09794057905673981,0.12542369961738586,-0.6280026435852051,-0.08925942331552505
E,E_session_001,157,0.0,0.0,0.0,-0.09837031364440918,-0.18085546791553497,-0.04670826718211174,-0.1318475604057312,-0.42207634449005127,-0.07474170625209808,-0.03938378766179085,-0.5568609833717346,-0.10645029693841934,0.07155723869800568,-0.575552761554718,-0.12945005297660828,-0.14401991665363312,-0.6511923670768738,-0.028669532388448715,-0.1154443621635437,-0.9061136841773987,-0.09525177627801895,-0.1029103621840477,-0.733036458492279,-0.14105668663978577,-0.10898879170417786,-0.595306396484375,-0.16584829986095428,-0.04059866443276405,-0.6872411966323853,-0.04064377397298813,-0.008424024097621441,-1.0,-0.09607437252998352,-0.0011216615093871951,-0.8027964234352112,-0.1224726065993309,-0.013248479925096035,-0.6692278385162354,-0.1300358772277832,0.055818457156419754,-0.6696674823760986,-0.062331877648830414,0.0896635502576828,-0.9390843510627747,-0.10442700237035751,0.08116132766008377,-0.7652938365936279,-0.10433923453092575,0.05719734728336334,-0.6284675598144531,-0.09510471671819687,0.1408740133047104,-0.5996588468551636,-0.09064770489931107,0.16297325491905212,-0.7826308012008667,-0.10890085995197296,0.14630256593227386,-0.7123969197273254,-0.10033911466598511,0.12202795594930649,-0.6251516938209534,-0.09148354828357697
E,E_session_001,158,0.0,0.0,0.0,-0.09814945608377457,-0.18215149641036987,-0.046335041522979736,-0.1326572149991989,-0.42112216353416443,-0.07585378736257553,-0.0362420491874218,-0.5550606846809387,-0.10925660282373428,0.07825985550880432,-0.5725975036621094,-0.13430406153202057,-0.14082960784435272,-0.6534010171890259,-0.031693220138549805,-0.113162100315094,-0.909318745136261,-0.09781303256750107,-0.10048133879899979,-0.7372282147407532,-0.14446613192558289,-0.1066662073135376,-0.5980374813079834,-0.1703750491142273,-0.03660895302891731,-0.6860572099685669,-0.04458513483405113,-0.005451055709272623,-1.0,-0.09733208268880844,0.0020316459704190493,-0.8109760880470276,-0.12372387945652008,-0.010471178218722343,-0.6741850972175598,-0.13306039571762085,0.05911581218242645,-0.6652030944824219,-0.06699827313423157,0.09354036301374435,-0.9356135725975037,-0.10658863931894302,0.08545958250761032,-0.7687209248542786,-0.10694833099842072,0.0602417066693306,-0.6287661194801331,-0.09939276427030563,0.14352719485759735,-0.5916756391525269,-0.09623746573925018,0.16864387691020966,-0.7801474928855896,-0.11320511996746063,0.15167799592018127,-0.712724506855011,-0.10448715090751648,0.12430569529533386,-0.6173037886619568,-0.09640197455883026
E,E_session_001,159,0.0,0.0,0.0,-0.09836997091770172,-0.18619906902313232,-0.0444553941488266,-0.13086973130702972,-0.4266352355480194,-0.07152266800403595,-0.03490742668509483,-0.5593008995056152,-0.10317517817020416,0.0759420394897461,-0.57110196352005,-0.12621089816093445,-0.14142872393131256,-0.6573845148086548,-0.023216664791107178,-0.11045926809310913,-0.9196605682373047,-0.0885838195681572,-0.09651307016611099,-0.7464890480041504,-0.13518479466438293,-0.10205162316560745,-0.602725088596344,-0.16032271087169647,-0.03773268312215805,-0.687036395072937,-0.03580339625477791,-0.00530700758099556,-1.0,-0.08964855223894119,0.004535421263426542,-0.8060895800590515,-0.11789444088935852,-0.005826559849083424,-0.6633630394935608,-0.12698739767074585,0.05745494365692139,-0.6670382618904114,-0.05828842148184776,0.09125179797410965,-0.9445695281028748,-0.09849872440099716,0.08521275222301483,-0.7762426137924194,-0.10097634792327881,0.06209494173526764,-0.6314907670021057,-0.0934189185500145,0.14079292118549347,-0.5963987112045288,-0.08741665631532669,0.16656732559204102,-0.7871286869049072,-0.10520396381616592,0.15118134021759033,-0.721246063709259,-0.09856044501066208,0.1250905841588974,-0.6240993738174438,-0.09085988253355026
E,E_session_001,160,0.0,0.0,0.0,-0.0977531149983406,-0.1881915032863617,-0.04236191138625145,-0.13147099316120148,-0.43480533361434937,-0.06842367351055145,-0.03341144323348999,-0.5659094452857971,-0.09964370727539062,0.08012475073337555,-0.5671563744544983,-0.12218476831912994,-0.14035452902317047,-0.6552311182022095,-0.021590963006019592,-0.10713055729866028,-0.9185276031494141,-0.08699797838926315,-0.09520860761404037,-0.7439874410629272,-0.1337870955467224,-0.10273268818855286,-0.5998600125312805,-0.15958358347415924,-0.03647199273109436,-0.6847575902938843,-0.03459196910262108,-0.0029399236664175987,-1.0,-0.08991300314664841,0.004917240235954523,-0.808424711227417,-0.11919035017490387,-0.006576939951628447,-0.6672260761260986,-0.12866279482841492,0.05859100818634033,-0.665679395198822,-0.05719876289367676,0.09240119904279709,-0.9435538053512573,-0.09641924500465393,0.08439319580793381,-0.776797890663147,-0.09878110885620117,0.0584387443959713,-0.6326745748519897,-0.09139060974121094,0.141500324010849,-0.5959187150001526,-0.08654466271400452,0.16704152524471283,-0.7762796878814697,-0.1042562872171402,0.15145067870616913,-0.7169212102890015,-0.09956423193216324,0.1246461421251297,-0.6300022602081299,-0.09337536990642548
E,E_session_001,161,0.0,0.0,0.0,-0.09712094813585281,-0.1854860484600067,-0.04277312383055687,-0.1299169957637787,-0.4312726855278015,-0.06890632212162018,-0.03168675675988197,-0.5609892010688782,-0.10032574087381363,0.08013547211885452,-0.563821017742157,-0.12327095866203308,-0.13410943746566772,-0.6618876457214355,-0.021413089707493782,-0.10017439723014832,-0.9173194766044617,-0.08754175901412964,-0.09194524586200714,-0.7451638579368591,-0.1352030485868454,-0.09988880902528763,-0.6038147211074829,-0.16132229566574097,-0.030746303498744965,-0.6865910291671753,-0.03484371304512024,0.005559022072702646,-1.0,-0.0909917801618576,0.007795661687850952,-0.8061487674713135,-0.11941225081682205,-0.004346537869423628,-0.6621958613395691,-0.1278807371854782,0.06374922394752502,-0.6618505716323853,-0.05814460292458534,0.10043524950742722,-0.9379442930221558,-0.09909751266241074,0.08753141015768051,-0.768460214138031,-0.10090944170951843,0.06254862993955612,-0.6215691566467285,-0.09254567325115204,0.14645685255527496,-0.5861241817474365,-0.08823326975107193,0.176585853099823,-0.7762934565544128,-0.10736273974180222,0.15411031246185303,-0.7115928530693054,-0.10195592045783997,0.12364508211612701,-0.6147565245628357,-0.09491320699453354
E,E_session_001,162,0.0,0.0,0.0,-0.09609583020210266,-0.18982823193073273,-0.042660463601350784,-0.1252736896276474,-0.44428566098213196,-0.06700912117958069,-0.028582459315657616,-0.5780674815177917,-0.09705790877342224,0.07748071104288101,-0.5684947371482849,-0.117784284055233,-0.13183164596557617,-0.6686565279960632,-0.014256865717470646,-0.09992578625679016,-0.928931713104248,-0.08067844063043594,-0.08641437441110611,-0.7468153834342957,-0.12830734252929688,-0.0902436226606369,-0.6032025218009949,-0.15340100228786469,-0.02977161295711994,-0.6893265247344971,-0.02707783877849579,0.006818083580583334,-1.0,-0.08312912285327911,0.010039879940450191,-0.8004964590072632,-0.1101866140961647,-0.0008822373929433525,-0.6580002307891846,-0.11654918640851974,0.06369498372077942,-0.6628686189651489,-0.05081665515899658,0.10107666254043579,-0.9312139749526978,-0.09135381877422333,0.08647934347391129,-0.7623875141143799,-0.0927337110042572,0.06239880248904228,-0.6182711720466614,-0.08322346955537796,0.14526556432247162,-0.5901567935943604,-0.08160179108381271,0.1757972538471222,-0.7814905643463135,-0.0985589325428009,0.1507910043001175,-0.7128815650939941,-0.0918932557106018,0.11965799331665039,-0.6110077500343323,-0.08366849273443222
E,E_session_001,163,0.0,0.0,0.0,-0.0965752974152565,-0.18928225338459015,-0.0417904295027256,-0.1258559376001358,-0.4458686113357544,-0.06562667340040207,-0.02563975751399994,-0.5755904912948608,-0.0949682742357254,0.08436691015958786,-0.5638908743858337,-0.11522238701581955,-0.13102631270885468,-0.6695395708084106,-0.01565202698111534,-0.10016237944364548,-0.9313726425170898,-0.08166610449552536,-0.08618994802236557,-0.7558066844940186,-0.12900814414024353,-0.09183365851640701,-0.6103794574737549,-0.15404151380062103,-0.028779927641153336,-0.6903829574584961,-0.02849567122757435,0.005937722511589527,-1.0,-0.08282206952571869,0.010255573317408562,-0.8070342540740967,-0.1091262549161911,-0.001515341573394835,-0.6634840965270996,-0.1158512681722641,0.06465921550989151,-0.6622559428215027,-0.05213041231036186,0.10322302579879761,-0.935272216796875,-0.09167767316102982,0.08979472517967224,-0.7692000865936279,-0.09271783381700516,0.06395510584115982,-0.623156726360321,-0.08367625623941422,0.1469789296388626,-0.5872281193733215,-0.08273790776729584,0.1769903302192688,-0.7786734104156494,-0.10097260028123856,0.15536780655384064,-0.716151773929596,-0.09558708220720291,0.12483115494251251,-0.6185023784637451,-0.08838047832250595
E,E_session_001,164,0.0,0.0,0.0,-0.09604528546333313,-0.18405084311962128,-0.043146856129169464,-0.12443214654922485,-0.4505133330821991,-0.06677403301000595,-0.021434949710965157,-0.5843570828437805,-0.09559755027294159,0.09095173329114914,-0.5751780271530151,-0.11504501104354858,-0.13029484450817108,-0.668997049331665,-0.016816817224025726,-0.10100892186164856,-0.9362037777900696,-0.08289546519517899,-0.0879521369934082,-0.76219242811203,-0.13032834231853485,-0.09202565997838974,-0.6134302616119385,-0.1555466204881668,-0.0276316087692976,-0.6892834901809692,-0.028549669310450554,0.008608576841652393,-1.0,-0.08300324529409409,0.009343119338154793,-0.8095032572746277,-0.10904662311077118,-0.0034347698092460632,-0.6647851467132568,-0.11557400971651077,0.0655851811170578,-0.6591418385505676,-0.05123033747076988,0.1057315543293953,-0.9301833510398865,-0.08970123529434204,0.08959820866584778,-0.7677273154258728,-0.0906398668885231,0.06376800686120987,-0.6210901141166687,-0.08206775784492493,0.14787538349628448,-0.5837717652320862,-0.08122124522924423,0.17805446684360504,-0.7727504372596741,-0.0993666797876358,0.1546279489994049,-0.7129931449890137,-0.0950227603316307,0.12418761104345322,-0.6166371703147888,-0.08883896470069885
E,E_session_001,165,0.0,0.0,0.0,-0.09667079895734787,-0.18712516129016876,-0.03935791924595833,-0.12538284063339233,-0.4609040319919586,-0.059477489441633224,-0.02378450706601143,-0.5908235311508179,-0.08584726601839066,0.08787865191698074,-0.5628913044929504,-0.1032477468252182,-0.129852756857872,-0.6746069192886353,-0.009010989218950272,-0.10276472568511963,-0.9453545808792114,-0.07058049738407135,-0.09390673041343689,-0.781333863735199,-0.11526784300804138,-0.0983956977725029,-0.6359567642211914,-0.13929980993270874,-0.028170233592391014,-0.6929550170898438,-0.021892184391617775,0.007339094299823046,-1.0,-0.07334806025028229,0.004223230294883251,-0.8159565925598145,-0.0980478972196579,-0.00660375040024519,-0.6722428202629089,-0.10390321165323257,0.06423289328813553,-0.6596695780754089,-0.04569903388619423,0.10492724925279617,-0.9326799511909485,-0.08109959214925766,0.08524463325738907,-0.7757473587989807,-0.08277707546949387,0.06117205321788788,-0.6288864612579346,-0.07539162784814835,0.14629817008972168,-0.5835700631141663,-0.07674587517976761,0.17895947396755219,-0.775640606880188,-0.0932149812579155,0.15185968577861786,-0.7189697623252869,-0.0900905504822731,0.12160523980855942,-0.6208301782608032,-0.08533617854118347
E,E_session_001,166,0.0,0.0,0.0,-0.09685719013214111,-0.18380075693130493,-0.04033340886235237,-0.12775053083896637,-0.44815555214881897,-0.06339525431394577,-0.025722572579979897,-0.5782191753387451,-0.092305988073349,0.08731989562511444,-0.5583492517471313,-0.11277839541435242,-0.1325332373380661,-0.6748776435852051,-0.013604109175503254,-0.10953664034605026,-0.9488348960876465,-0.07764234393835068,-0.09265867620706558,-0.7937659621238708,-0.12634947896003723,-0.09710276871919632,-0.6406652331352234,-0.15263426303863525,-0.03179340064525604,-0.6938730478286743,-0.026537645608186722,0.0010273094521835446,-1.0,-0.07588788866996765,0.008597389794886112,-0.8216418027877808,-0.10321538150310516,-0.004349896218627691,-0.6718629598617554,-0.11280103027820587,0.05917808786034584,-0.6605883240699768,-0.05011662840843201,0.097873255610466,-0.9384597539901733,-0.08500287681818008,0.0883483812212944,-0.7818237543106079,-0.08783352375030518,0.06259581446647644,-0.6302874088287354,-0.08238210529088974,0.139757439494133,-0.5803455114364624,-0.08089102059602737,0.17359983921051025,-0.7702698111534119,-0.0992748811841011,0.15331515669822693,-0.7107769846916199,-0.09639529883861542,0.12062051892280579,-0.608320951461792,-0.09187252819538116
E,E_session_001,167,0.0,0.0,0.0,-0.09710441529750824,-0.17344428598880768,-0.03904953598976135,-0.12719817459583282,-0.4479418098926544,-0.060989879071712494,-0.026278873905539513,-0.5779626965522766,-0.08912941068410873,0.08498595654964447,-0.5393879413604736,-0.1086130440235138,-0.13398738205432892,-0.6683241724967957,-0.013334675692021847,-0.11319144815206528,-0.946678876876831,-0.07690666615962982,-0.09603019803762436,-0.7881502509117126,-0.12287725508213043,-0.09813260287046432,-0.6358064413070679,-0.14712852239608765,-0.03388514742255211,-0.6879814863204956,-0.0271657332777977,-0.0005952390492893755,-1.0,-0.07987812906503677,0.004048555623739958,-0.818295955657959,-0.1049734354019165,-0.009570793248713017,-0.6680535674095154,-0.11072361469268799,0.05603640899062157,-0.6545364856719971,-0.05169285088777542,0.09475601464509964,-0.9326266050338745,-0.08792086690664291,0.08375594764947891,-0.7771720290184021,-0.08971811085939407,0.057829104363918304,-0.629742443561554,-0.0820881575345993,0.13545943796634674,-0.5794140696525574,-0.08338062465190887,0.1676679104566574,-0.7644118070602417,-0.100884348154068,0.1482512652873993,-0.7110990881919861,-0.09825318306684494,0.11769969016313553,-0.6178160905838013,-0.0935729593038559
E,E_session_001,168,0.0,0.0,0.0,-0.09743103384971619,-0.18147408962249756,-0.037908703088760376,-0.12815456092357635,-0.45490652322769165,-0.05963212996721268,-0.027052881196141243,-0.5847388505935669,-0.08759903162717819,0.0836334079504013,-0.5385274887084961,-0.10767941176891327,-0.13861402869224548,-0.6740378737449646,-0.012349704280495644,-0.12055322527885437,-0.9517719745635986,-0.07503873854875565,-0.10084444284439087,-0.812011182308197,-0.12169700860977173,-0.10349483788013458,-0.6598594784736633,-0.1462942659854889,-0.03881000727415085,-0.69509357213974,-0.026460936293005943,-0.008057172410190105,-1.0,-0.07635969668626785,0.0046704914420843124,-0.8339438438415527,-0.10264509916305542,-0.00773076806217432,-0.6817728877067566,-0.11074288934469223,0.05259965732693672,-0.6632969975471497,-0.051128193736076355,0.09071558713912964,-0.9362167716026306,-0.08671464771032333,0.08664491027593613,-0.794981062412262,-0.09173275530338287,0.06157578155398369,-0.6481471061706543,-0.0870465561747551,0.13360987603664398,-0.5894679427146912,-0.08266985416412354,0.1658448874950409,-0.7778926491737366,-0.10015437752008438,0.15261049568653107,-0.7289896607398987,-0.09813059866428375,0.12453174591064453,-0.6305618286132812,-0.09421628713607788
E,E_session_001,169,0.0,0.0,0.0,-0.09839878231287003,-0.17325517535209656,-0.038665033876895905,-0.1308606117963791,-0.44624871015548706,-0.058250606060028076,-0.031242214143276215,-0.5725094676017761,-0.08332163095474243,0.08080355077981949,-0.5298609137535095,-0.10013610869646072,-0.14394190907478333,-0.6661232113838196,-0.012021786533296108,-0.12500406801700592,-0.945876955986023,-0.07399715483188629,-0.10327772051095963,-0.8055931925773621,-0.11882815510034561,-0.10664293169975281,-0.655076265335083,-0.14170002937316895,-0.04361112788319588,-0.6912607550621033,-0.024811450392007828,-0.012419145554304123,-1.0,-0.07375609129667282,0.0013984742108732462,-0.8268550038337708,-0.09714896231889725,-0.012857841327786446,-0.6766253709793091,-0.10236946493387222,0.04851588234305382,-0.6612668037414551,-0.04838133975863457,0.08410139381885529,-0.9355360269546509,-0.08341061323881149,0.08264423906803131,-0.784200131893158,-0.08509333431720734,0.05653774365782738,-0.6404117345809937,-0.0775296613574028,0.13007710874080658,-0.5896455645561218,-0.07881275564432144,0.16340623795986176,-0.7757208347320557,-0.09644859284162521,0.15185251832008362,-0.720522403717041,-0.09250500053167343,0.12266294658184052,-0.6260993480682373,-0.08667008578777313
E,E_session_001,170,0.0,0.0,0.0,-0.10078940540552139,-0.17163653671741486,-0.03697935864329338,-0.13856355845928192,-0.4486834406852722,-0.05576511472463608,-0.040317319333553314,-0.5728517770767212,-0.0809359923005104,0.0731157511472702,-0.523179292678833,-0.0984317883849144,-0.1457265019416809,-0.6677403450012207,-0.010988166555762291,-0.13060806691646576,-0.9526574611663818,-0.07302675396203995,-0.11253109574317932,-0.8166110515594482,-0.11859025806188583,-0.11524149775505066,-0.6641197204589844,-0.14207696914672852,-0.046174485236406326,-0.6932456493377686,-0.024947375059127808,-0.014960636384785175,-1.0,-0.0733281672000885,-0.0047469185665249825,-0.833458662033081,-0.09773772209882736,-0.01687001809477806,-0.6841631531715393,-0.10458971560001373,0.04587940871715546,-0.6645511388778687,-0.04978299140930176,0.08162034302949905,-0.9395036101341248,-0.08402795344591141,0.07704278081655502,-0.7953189015388489,-0.08801774680614471,0.05370586737990379,-0.6488387584686279,-0.08292919397354126,0.12887322902679443,-0.5968741178512573,-0.08151756227016449,0.16336122155189514,-0.7908977270126343,-0.09866991639137268,0.14990662038326263,-0.7374279499053955,-0.09606586396694183,0.12257663905620575,-0.6358528733253479,-0.091881662607193
E,E_session_001,171,0.0,0.0,0.0,-0.1009259894490242,-0.16866286098957062,-0.03808232769370079,-0.13876742124557495,-0.4463527202606201,-0.0544903501868248,-0.03972136601805687,-0.5682587623596191,-0.07631758600473404,0.07386908680200577,-0.5221003293991089,-0.09003748744726181,-0.1532735973596573,-0.6607073545455933,-0.00854582991451025,-0.14065954089164734,-0.9464442729949951,-0.07085121423006058,-0.12242025882005692,-0.8125268816947937,-0.11414209008216858,-0.12499193847179413,-0.6648098230361938,-0.13525506854057312,-0.05335897579789162,-0.6941009163856506,-0.021673006936907768,-0.024588635191321373,-1.0,-0.07226971536874771,-0.01348448358476162,-0.8251804113388062,-0.09463910013437271,-0.02663247101008892,-0.6798321008682251,-0.09788758307695389,0.03901155665516853,-0.6723646521568298,-0.04620848223567009,0.07142731547355652,-0.9432361721992493,-0.08461979776620865,0.06765785068273544,-0.7866740822792053,-0.08637918531894684,0.04342634603381157,-0.6483299136161804,-0.07778897136449814,0.12258534133434296,-0.609734833240509,-0.0773986205458641,0.15319152176380157,-0.7891313433647156,-0.09865684807300568,0.13882534205913544,-0.7204290628433228,-0.09471800178289413,0.11041636019945145,-0.6218974590301514,-0.08793582022190094
E,E_session_001,172,0.0,0.0,0.0,-0.10391796380281448,-0.1658257693052292,-0.03690701350569725,-0.14256492257118225,-0.4375145733356476,-0.05459405481815338,-0.045106370002031326,-0.5708339810371399,-0.07877305150032043,0.07052795588970184,-0.5490155220031738,-0.09495974332094193,-0.15779423713684082,-0.662459671497345,-0.005645609460771084,-0.1479683369398117,-0.9412671327590942,-0.06746344268321991,-0.1329984813928604,-0.8097460269927979,-0.11306978762149811,-0.13230814039707184,-0.6570668816566467,-0.13628463447093964,-0.05943130701780319,-0.6916037797927856,-0.02045913226902485,-0.03212115541100502,-1.0,-0.0696234181523323,-0.02851990796625614,-0.8388581871986389,-0.09457793831825256,-0.03942112997174263,-0.6900102496147156,-0.10099385678768158,0.033358458429574966,-0.665746808052063,-0.04654993861913681,0.06371866911649704,-0.9322512149810791,-0.08213543146848679,0.05281132087111473,-0.7882634401321411,-0.0857691615819931,0.03188123181462288,-0.6476699709892273,-0.08010425418615341,0.1185598224401474,-0.5983565449714661,-0.07958882302045822,0.14764246344566345,-0.7892007827758789,-0.0979422852396965,0.12737399339675903,-0.7297939658164978,-0.09391072392463684,0.10051167756319046,-0.6273699402809143,-0.0882813110947609
E,E_session_001,173,0.0,0.0,0.0,-0.1034783199429512,-0.16578902304172516,-0.038458459079265594,-0.14870885014533997,-0.4239826202392578,-0.060443952679634094,-0.05858751758933067,-0.5562126040458679,-0.08848398178815842,0.05257095396518707,-0.5331073999404907,-0.1083793193101883,-0.16166464984416962,-0.6581815481185913,-0.012883815914392471,-0.15326619148254395,-0.9360247850418091,-0.07809538394212723,-0.1376904547214508,-0.7884902954101562,-0.12491089105606079,-0.13734224438667297,-0.6368913054466248,-0.14868654310703278,-0.06299888342618942,-0.6898658275604248,-0.02817350998520851,-0.036885038018226624,-1.0,-0.08088202029466629,-0.031486257910728455,-0.8229013681411743,-0.10591717809438705,-0.04178492724895477,-0.6773236989974976,-0.11158867925405502,0.028985220938920975,-0.6673861742019653,-0.05425484851002693,0.059401657432317734,-0.937511682510376,-0.09225305914878845,0.05111902207136154,-0.7832338213920593,-0.09349212795495987,0.030807258561253548,-0.646096408367157,-0.08529860526323318,0.11218403279781342,-0.5991740226745605,-0.08715996146202087,0.14321283996105194,-0.7863584160804749,-0.10460859537124634,0.1254197657108307,-0.7221989631652832,-0.09749076515436172,0.09983188658952713,-0.6250670552253723,-0.08924085646867752
E,E_session_001,174,0.0,0.0,0.0,-0.10416261106729507,-0.16274721920490265,-0.03615149110555649,-0.1497328281402588,-0.4237770736217499,-0.05660376325249672,-0.06256740540266037,-0.5657039284706116,-0.08350711315870285,0.04704015329480171,-0.5524508953094482,-0.10339121520519257,-0.1613805592060089,-0.6553864479064941,-0.011525929905474186,-0.15271656215190887,-0.9355882406234741,-0.07317003607749939,-0.13189879059791565,-0.8024290800094604,-0.12064444273710251,-0.13143405318260193,-0.6437151432037354,-0.14563769102096558,-0.0623384527862072,-0.6891011595726013,-0.027226220816373825,-0.04269352927803993,-1.0,-0.07495575398206711,-0.026471389457583427,-0.8411083817481995,-0.10389363020658493,-0.033468570560216904,-0.6853464245796204,-0.11448418349027634,0.030398061498999596,-0.66655033826828,-0.05293243005871773,0.055342450737953186,-0.93807452917099,-0.08634042739868164,0.057313449680805206,-0.8009228706359863,-0.0933288186788559,0.03917524963617325,-0.6509464383125305,-0.09117430448532104,0.11438120156526566,-0.5988402962684631,-0.0851975679397583,0.13866490125656128,-0.7878718972206116,-0.10108216851949692,0.12993133068084717,-0.7370654344558716,-0.09798122942447662,0.10803528875112534,-0.6340028047561646,-0.09394382685422897
E,E_session_001,175,0.0,0.0,0.0,-0.10446102172136307,-0.1719473898410797,-0.03464797884225845,-0.14526116847991943,-0.42917853593826294,-0.05448312312364578,-0.0555175244808197,-0.5631136894226074,-0.08096534758806229,0.055097416043281555,-0.5405504703521729,-0.10076030343770981,-0.15937206149101257,-0.6481510400772095,-0.010552617721259594,-0.15568721294403076,-0.9282568693161011,-0.07145050168037415,-0.13637396693229675,-0.8015326857566833,-0.11806469410657883,-0.13081222772598267,-0.6476770043373108,-0.1428028643131256,-0.06001586839556694,-0.6815559267997742,-0.026182953268289566,-0.043611735105514526,-1.0,-0.07647545635700226,-0.03138383477926254,-0.8461652994155884,-0.10690850019454956,-0.03665252774953842,-0.688872218132019,-0.11743225902318954,0.031982582062482834,-0.6582247614860535,-0.051494237035512924,0.05577540397644043,-0.9426478147506714,-0.08632209151983261,0.05380403995513916,-0.8108637928962708,-0.0969347283244133,0.03651350736618042,-0.6573134660720825,-0.09598887711763382,0.11540914326906204,-0.5889918208122253,-0.08309610933065414,0.13668975234031677,-0.7748541235923767,-0.10127668082714081,0.12980134785175323,-0.7461599707603455,-0.10397469252347946,0.11241141706705093,-0.6598416566848755,-0.10335980355739594
E,E_session_001,176,0.0,0.0,0.0,-0.10560648888349533,-0.16775718331336975,-0.03444230183959007,-0.14619268476963043,-0.4133303165435791,-0.05583082512021065,-0.05871260538697243,-0.5458744168281555,-0.08354347199201584,0.050818804651498795,-0.5364877581596375,-0.1048341765999794,-0.15372757613658905,-0.6398738026618958,-0.01791996881365776,-0.15270878374576569,-0.9240032434463501,-0.07848822325468063,-0.1371261030435562,-0.7959946393966675,-0.12259010225534439,-0.13089191913604736,-0.643110454082489,-0.14521346986293793,-0.05626145005226135,-0.6754146814346313,-0.03460684418678284,-0.04007400572299957,-1.0,-0.0829521045088768,-0.03207925334572792,-0.8449333310127258,-0.1090564876794815,-0.036745939403772354,-0.687929093837738,-0.11691555380821228,0.03354324772953987,-0.651174783706665,-0.06048453226685524,0.05857536941766739,-0.9367272257804871,-0.0956047996878624,0.05263914540410042,-0.7994424104690552,-0.10235174745321274,0.03511819243431091,-0.6481039524078369,-0.09877322614192963,0.11615869402885437,-0.5787068009376526,-0.09235356748104095,0.1367678940296173,-0.7681931853294373,-0.10905179381370544,0.12568442523479462,-0.7291598320007324,-0.10650835931301117,0.10545530170202255,-0.6352220177650452,-0.10222382098436356
E,E_session_001,177,0.0,0.0,0.0,-0.10423348098993301,-0.1672443151473999,-0.036115117371082306,-0.14719629287719727,-0.4137476086616516,-0.05871757119894028,-0.06378210335969925,-0.5438836216926575,-0.08691178262233734,0.04429934546351433,-0.532130241394043,-0.1079932376742363,-0.1563890129327774,-0.6386319994926453,-0.022895555943250656,-0.1525215357542038,-0.9208072423934937,-0.08436025679111481,-0.1351623684167862,-0.7750176191329956,-0.12669184803962708,-0.13112443685531616,-0.6254376173019409,-0.1481255739927292,-0.058055322617292404,-0.6738241314888,-0.03936372324824333,-0.04034455120563507,-1.0,-0.08869670331478119,-0.033031344413757324,-0.8295741081237793,-0.11095955222845078,-0.041075870394706726,-0.6767498850822449,-0.11544372886419296,0.0331992544233799,-0.6502274870872498,-0.06497720628976822,0.058448970317840576,-0.930620014667511,-0.10056799650192261,0.05082688853144646,-0.7781223654747009,-0.10179904848337173,0.03010699339210987,-0.630216121673584,-0.09408405423164368,0.11610136181116104,-0.5790130496025085,-0.0967957004904747,0.13309241831302643,-0.7612386345863342,-0.1129954531788826,0.11842049658298492,-0.7048182487487793,-0.10640513151884079,0.09571890532970428,-0.6067836880683899,-0.09894980490207672
E,E_session_001,178,0.0,0.0,0.0,-0.10245068371295929,-0.1718028336763382,-0.03645407408475876,-0.1440230756998062,-0.40092554688453674,-0.06292247772216797,-0.06277046352624893,-0.5346482396125793,-0.09556768834590912,0.042077697813510895,-0.5382091999053955,-0.1209673061966896,-0.15624290704727173,-0.6401215195655823,-0.023527782410383224,-0.14764508605003357,-0.9263346195220947,-0.08695338666439056,-0.13025125861167908,-0.7775558829307556,-0.13065773248672485,-0.1275857388973236,-0.6286923885345459,-0.1522732526063919,-0.057942431420087814,-0.6716257333755493,-0.03986094892024994,-0.0395338274538517,-1.0,-0.09198582917451859,-0.030251476913690567,-0.8325064778327942,-0.11657698452472687,-0.03714536502957344,-0.680474042892456,-0.12179884314537048,0.032193373888731,-0.6490107178688049,-0.06521624326705933,0.0571635439991951,-0.9359422326087952,-0.10400077700614929,0.05237597972154617,-0.7908910512924194,-0.10666944831609726,0.03301065042614937,-0.6431193947792053,-0.0981912910938263,0.1138203963637352,-0.5799890756607056,-0.096380814909935,0.1321568489074707,-0.7686994075775146,-0.11342748999595642,0.12219643592834473,-0.7225001454353333,-0.1066351979970932,0.10191554576158524,-0.6301833391189575,-0.0977114886045456
E,E_session_001,179,0.0,0.0,0.0,-0.10448741912841797,-0.17373216152191162,-0.036950066685676575,-0.14365343749523163,-0.4070161283016205,-0.06365340948104858,-0.05710204318165779,-0.5326988697052002,-0.09619637578725815,0.05056157335639,-0.5277758240699768,-0.12223038077354431,-0.15588900446891785,-0.6414234042167664,-0.024441387504339218,-0.14769619703292847,-0.9148679375648499,-0.08755800873041153,-0.13307532668113708,-0.7680654525756836,-0.13205154240131378,-0.12989307940006256,-0.621540367603302,-0.1551729291677475,-0.05724868178367615,-0.6743782758712769,-0.0418003611266613,-0.037870265543460846,-1.0,-0.09450990706682205,-0.03193403035402298,-0.8370030522346497,-0.12166735529899597,-0.03924492746591568,-0.6855846047401428,-0.1288735568523407,0.033853109925985336,-0.6506766676902771,-0.0678657665848732,0.05935303866863251,-0.9314476847648621,-0.10697256028652191,0.05255676433444023,-0.7862290740013123,-0.1122317686676979,0.032580163329839706,-0.6404630541801453,-0.10599269717931747,0.11643972247838974,-0.5784011483192444,-0.09974420070648193,0.13042747974395752,-0.7532730102539062,-0.11722701787948608,0.11993619799613953,-0.7025330662727356,-0.11169552057981491,0.10148810595273972,-0.6125801205635071,-0.10423819720745087
E,E_session_001,180,0.0,0.0,0.0,-0.10363207012414932,-0.17808657884597778,-0.036215491592884064,-0.14348432421684265,-0.4158114790916443,-0.06223258376121521,-0.05895431339740753,-0.5451244115829468,-0.09488780796527863,0.04771333560347557,-0.5245899558067322,-0.12015971541404724,-0.15464884042739868,-0.6476876139640808,-0.01999431662261486,-0.14621104300022125,-0.9273384213447571,-0.08665493130683899,-0.13182441890239716,-0.7763277292251587,-0.13224677741527557,-0.13089017570018768,-0.6246435642242432,-0.15440639853477478,-0.056789252907037735,-0.6757488250732422,-0.03730742260813713,-0.037826213985681534,-1.0,-0.09316300600767136,-0.031224450096488,-0.8345774412155151,-0.11794102191925049,-0.03922177851200104,-0.6813915967941284,-0.12191049009561539,0.03411683440208435,-0.6504701972007751,-0.06452284008264542,0.058981191366910934,-0.9351012706756592,-0.10612685233354568,0.05157170072197914,-0.7899070978164673,-0.10844781249761581,0.030722808092832565,-0.6416718363761902,-0.09833714365959167,0.11673387885093689,-0.5814454555511475,-0.097869873046875,0.13429996371269226,-0.7678363919258118,-0.11593731492757797,0.12278904765844345,-0.7230029106140137,-0.10952255129814148,0.1020272746682167,-0.6325693130493164,-0.10023514926433563
E,E_session_001,181,0.0,0.0,0.0,-0.10400649905204773,-0.17699243128299713,-0.035912297666072845,-0.14165329933166504,-0.4234596788883209,-0.0589267760515213,-0.054039765149354935,-0.5542360544204712,-0.08853807300329208,0.057454418390989304,-0.530572772026062,-0.11090830713510513,-0.14936251938343048,-0.6455118060112,-0.014282775111496449,-0.1431913524866104,-0.9242919683456421,-0.07781004905700684,-0.12893898785114288,-0.7850015759468079,-0.12275596708059311,-0.12821045517921448,-0.6315174698829651,-0.14478734135627747,-0.05314946919679642,-0.6777563691139221,-0.030599599704146385,-0.034937597811222076,-1.0,-0.08187520503997803,-0.02750091627240181,-0.8419817686080933,-0.10673553496599197,-0.03410683944821358,-0.6865890026092529,-0.11169175058603287,0.03736664727330208,-0.6522343158721924,-0.05702557414770126,0.06298612058162689,-0.9360241293907166,-0.09442341327667236,0.056503430008888245,-0.7978892922401428,-0.09866316616535187,0.036137815564870834,-0.6488786935806274,-0.09113217145204544,0.12041953951120377,-0.5826355814933777,-0.08978557586669922,0.13946448266506195,-0.7649025917053223,-0.10528929531574249,0.12818783521652222,-0.7248703837394714,-0.10008421540260315,0.1066584661602974,-0.634746789932251,-0.09259506314992905
E,E_session_001,182,0.0,0.0,0.0,-0.10431036353111267,-0.17129763960838318,-0.03924548998475075,-0.14458581805229187,-0.41634851694107056,-0.06473136693239212,-0.05459871143102646,-0.5480359196662903,-0.0957438200712204,0.05676484853029251,-0.5248661637306213,-0.11925662308931351,-0.15190726518630981,-0.6477751135826111,-0.021980032324790955,-0.1463959962129593,-0.9234236478805542,-0.08566930145025253,-0.13193964958190918,-0.7794073224067688,-0.13005439937114716,-0.12883152067661285,-0.6299929022789001,-0.1523929387331009,-0.05454617366194725,-0.6808571219444275,-0.03693034127354622,-0.03645005822181702,-1.0,-0.08739284425973892,-0.030216660350561142,-0.8386316299438477,-0.11041749268770218,-0.0361153818666935,-0.6868306398391724,-0.11510856449604034,0.035806167870759964,-0.6570282578468323,-0.06187858060002327,0.06080317869782448,-0.9357573390007019,-0.09893058985471725,0.052830204367637634,-0.7938089370727539,-0.10173443704843521,0.034466538578271866,-0.6475768089294434,-0.09403622895479202,0.11863523721694946,-0.5883083343505859,-0.09344203025102615,0.1365954875946045,-0.7708930969238281,-0.10927825421094894,0.12285873293876648,-0.7246825695037842,-0.10372419655323029,0.10220486670732498,-0.6292256116867065,-0.09637225419282913
E,E_session_001,183,0.0,0.0,0.0,-0.10590386390686035,-0.17533273994922638,-0.03913077339529991,-0.14507189393043518,-0.4220907986164093,-0.06501520425081253,-0.05518392100930214,-0.5517138242721558,-0.09720223397016525,0.05561579763889313,-0.5229239463806152,-0.1220470517873764,-0.15208838880062103,-0.654015839099884,-0.01800195872783661,-0.14853531122207642,-0.930124044418335,-0.08324345201253891,-0.13109517097473145,-0.7867347598075867,-0.12977264821529388,-0.12775710225105286,-0.6336774230003357,-0.1529758870601654,-0.05404889956116676,-0.6856153011322021,-0.03298751264810562,-0.038099076598882675,-1.0,-0.0844661295413971,-0.0280008427798748,-0.8375028967857361,-0.10960397869348526,-0.033251307904720306,-0.6852746605873108,-0.11561492830514908,0.03705766797065735,-0.6605297327041626,-0.05844833329319954,0.061369575560092926,-0.9380500912666321,-0.09588369727134705,0.05600728839635849,-0.7978172898292542,-0.09986156970262527,0.03718279302120209,-0.6498894095420837,-0.09274423122406006,0.11989809572696686,-0.5912820100784302,-0.0906255841255188,0.1388738602399826,-0.7777136564254761,-0.10562329739332199,0.12630319595336914,-0.732587456703186,-0.099986732006073,0.10439018905162811,-0.6359920501708984,-0.09257317334413528
E,E_session_001,184,0.0,0.0,0.0,-0.10534777492284775,-0.18028274178504944,-0.03655531629920006,-0.14298860728740692,-0.42463186383247375,-0.060312822461128235,-0.05045728385448456,-0.5426499843597412,-0.09017288684844971,0.060554780066013336,-0.5028286576271057,-0.11318465322256088,-0.15579219162464142,-0.6482686400413513,-0.01647707261145115,-0.15043970942497253,-0.9269182085990906,-0.07830773293972015,-0.12983201444149017,-0.7965816259384155,-0.1229110062122345,-0.12614859640598297,-0.6488760709762573,-0.1456846296787262,-0.05537224933505058,-0.6817657947540283,-0.03172949329018593,-0.037641528993844986,-1.0,-0.081069715321064,-0.023761361837387085,-0.8458438515663147,-0.1065376028418541,-0.031061945483088493,-0.6900203227996826,-0.11314313113689423,0.03722742199897766,-0.6574150323867798,-0.05684472620487213,0.06137081980705261,-0.9403531551361084,-0.09233762323856354,0.061096932739019394,-0.8019487261772156,-0.09783491492271423,0.04103443771600723,-0.6519485116004944,-0.09192664921283722,0.12019075453281403,-0.5869158506393433,-0.0883006826043129,0.1388283371925354,-0.7642855644226074,-0.10476908087730408,0.13382606208324432,-0.7297190427780151,-0.10253702104091644,0.11453021317720413,-0.6451868414878845,-0.0974154844880104
E,E_session_001,185,0.0,0.0,0.0,-0.10734777897596359,-0.17337645590305328,-0.03845936059951782,-0.14777463674545288,-0.4201086759567261,-0.06306233257055283,-0.05754535645246506,-0.5509262681007385,-0.09411242604255676,0.05297199636697769,-0.5247146487236023,-0.11779313534498215,-0.15336169302463531,-0.6504600048065186,-0.01689201407134533,-0.14867906272411346,-0.9287003874778748,-0.08300673961639404,-0.1338493376970291,-0.7895385026931763,-0.13059723377227783,-0.13015958666801453,-0.6376984119415283,-0.15460801124572754,-0.055510930716991425,-0.6792994737625122,-0.033266011625528336,-0.03486647084355354,-1.0,-0.08578689396381378,-0.030194364488124847,-0.8433632850646973,-0.11164267361164093,-0.036853861063718796,-0.6910021901130676,-0.11840205639600754,0.035445161163806915,-0.6530494689941406,-0.06033843383193016,0.06403239071369171,-0.9346639513969421,-0.09894607216119766,0.054032500833272934,-0.795154333114624,-0.10332103818655014,0.035433460026979446,-0.6463258862495422,-0.09656322002410889,0.1188637763261795,-0.5825784802436829,-0.09428197890520096,0.1418117731809616,-0.7736523747444153,-0.11122429370880127,0.12491720914840698,-0.726360559463501,-0.10638774931430817,0.1014527752995491,-0.622764527797699,-0.0996396467089653
E,E_session_001,186,0.0,0.0,0.0,-0.10607664287090302,-0.17859497666358948,-0.0373530387878418,-0.14361272752285004,-0.4308995008468628,-0.05871772766113281,-0.05588909611105919,-0.5567666292190552,-0.08666206151247025,0.05096188187599182,-0.5191512703895569,-0.10714629292488098,-0.15261541306972504,-0.6535199880599976,-0.009006105363368988,-0.14726406335830688,-0.9279138445854187,-0.07248567789793015,-0.13016198575496674,-0.7921134829521179,-0.11958370357751846,-0.12497269362211227,-0.6373118162155151,-0.1432483047246933,-0.05502662435173988,-0.6835775375366211,-0.024672001600265503,-0.035620879381895065,-1.0,-0.0752624124288559,-0.02933618612587452,-0.8495450615882874,-0.10249143838882446,-0.03407290577888489,-0.6947687268257141,-0.10991042107343674,0.036080677062273026,-0.6578484177589417,-0.05131848156452179,0.06414355337619781,-0.9366418719291687,-0.08862879127264023,0.055041778832674026,-0.8015385270118713,-0.09593532979488373,0.03745051473379135,-0.6499761343002319,-0.09082236140966415,0.11989275366067886,-0.5884852409362793,-0.08475003391504288,0.14015771448612213,-0.7748013138771057,-0.1007082536816597,0.12398454546928406,-0.7316279411315918,-0.09762211889028549,0.10167567431926727,-0.6293346285820007,-0.09200823307037354
E,E_session_001,187,0.0,0.0,0.0,-0.1055249273777008,-0.18206040561199188,-0.03433793783187866,-0.14040914177894592,-0.42942044138908386,-0.056024834513664246,-0.050620585680007935,-0.5484040975570679,-0.08492108434438705,0.05797472596168518,-0.5053414702415466,-0.10706555098295212,-0.1476554572582245,-0.6580829620361328,-0.009147635661065578,-0.142738476395607,-0.9257655739784241,-0.07264091074466705,-0.12950094044208527,-0.7907513976097107,-0.11885077506303787,-0.12462778389453888,-0.6376939415931702,-0.14151357114315033,-0.0510481521487236,-0.6853871941566467,-0.026766357943415642,-0.03096611797809601,-1.0,-0.07741444557905197,-0.029117438942193985,-0.8519227504730225,-0.1028718575835228,-0.034818828105926514,-0.6979961395263672,-0.10841887444257736,0.039123211055994034,-0.6557276248931885,-0.05509593337774277,0.06831531226634979,-0.9339069128036499,-0.09300486743450165,0.055709611624479294,-0.8010503649711609,-0.09952174872159958,0.03744170814752579,-0.6528642773628235,-0.09306906163692474,0.12164086848497391,-0.5824271440505981,-0.0897931382060051,0.14257872104644775,-0.7730809450149536,-0.10603753477334976,0.12641200423240662,-0.7342566847801208,-0.10201513022184372,0.10588107258081436,-0.6363131403923035,-0.0950440913438797
E,E_session_001,188,0.0,0.0,0.0,-0.10773509740829468,-0.17814575135707855,-0.03750491514801979,-0.14611390233039856,-0.425794780254364,-0.06023826450109482,-0.05683032050728798,-0.5523729920387268,-0.0892958864569664,0.05268062278628349,-0.5208441019058228,-0.11094290763139725,-0.14971871674060822,-0.6566519141197205,-0.01297258771955967,-0.14408111572265625,-0.9284583330154419,-0.07750813663005829,-0.12976135313510895,-0.7906727194786072,-0.12436144798994064,-0.12533093988895416,-0.6360005736351013,-0.1475440114736557,-0.05200830474495888,-0.6850041747093201,-0.029302474111318588,-0.032750289887189865,-1.0,-0.07943839579820633,-0.02775728330016136,-0.847672700881958,-0.104383684694767,-0.033000022172927856,-0.6941878795623779,-0.11054105311632156,0.03866581618785858,-0.6568578481674194,-0.05655873194336891,0.06624628603458405,-0.9313194155693054,-0.09377462416887283,0.05684686079621315,-0.7965128421783447,-0.0982181504368782,0.03922072425484657,-0.649523138999939,-0.09154301136732101,0.1215129867196083,-0.5846706628799438,-0.09059656411409378,0.14281055331230164,-0.7760271430015564,-0.1057952493429184,0.12661664187908173,-0.7301052808761597,-0.09958768635988235,0.10419411957263947,-0.6261546015739441,-0.09189222753047943
E,E_session_001,189,0.0,0.0,0.0,-0.10476779192686081,-0.17510530352592468,-0.038524698466062546,-0.14096485078334808,-0.4241902828216553,-0.06052102521061897,-0.05260607972741127,-0.5436911582946777,-0.0881623923778534,0.05532042682170868,-0.5042477250099182,-0.1085471659898758,-0.1453818529844284,-0.656359076499939,-0.016477281227707863,-0.14138668775558472,-0.9274899959564209,-0.08122197538614273,-0.1280357539653778,-0.794399619102478,-0.12813006341457367,-0.12240765988826752,-0.6366514563560486,-0.15116789937019348,-0.04879637807607651,-0.6851661801338196,-0.03213375061750412,-0.028778929263353348,-1.0,-0.081721231341362,-0.025638572871685028,-0.8535517454147339,-0.10627147555351257,-0.030855068936944008,-0.6981675624847412,-0.1123211532831192,0.04118998348712921,-0.6545337438583374,-0.05877617001533508,0.07056574523448944,-0.9291359782218933,-0.0960201770067215,0.0585184209048748,-0.7971904277801514,-0.1025073230266571,0.03939506411552429,-0.648699939250946,-0.0975361093878746,0.12378145009279251,-0.5793629884719849,-0.09223222732543945,0.14573442935943604,-0.7668468952178955,-0.11001917719841003,0.12769225239753723,-0.7237396240234375,-0.10698434710502625,0.10323525965213776,-0.6185567378997803,-0.10144063830375671
E,E_session_001,190,0.0,0.0,0.0,-0.10704760998487473,-0.1696036159992218,-0.038940634578466415,-0.14804771542549133,-0.411335825920105,-0.06260623037815094,-0.06103142723441124,-0.5408889055252075,-0.09197412431240082,0.04611283540725708,-0.5294957160949707,-0.11369282007217407,-0.15047049522399902,-0.6534151434898376,-0.017049895599484444,-0.14367009699344635,-0.9221723675727844,-0.08311772346496582,-0.13316397368907928,-0.7824886441230774,-0.13048326969146729,-0.13113756477832794,-0.6291390657424927,-0.1540612131357193,-0.053235944360494614,-0.6826359629631042,-0.03294980898499489,-0.0321340337395668,-1.0,-0.08371814340353012,-0.029094181954860687,-0.8439159989356995,-0.10806427896022797,-0.03552284836769104,-0.6960643529891968,-0.11425796151161194,0.03629884123802185,-0.6542357206344604,-0.059631094336509705,0.0653739720582962,-0.9282316565513611,-0.09830031543970108,0.05517778918147087,-0.7892947793006897,-0.10073991119861603,0.03735479712486267,-0.6455931663513184,-0.09321947395801544,0.11866312474012375,-0.5797496438026428,-0.0930352509021759,0.14071691036224365,-0.7723246812820435,-0.11033326387405396,0.12409205734729767,-0.7226652503013611,-0.10310062021017075,0.10101042687892914,-0.6200335025787354,-0.09471549093723297
E,E_session_001,191,0.0,0.0,0.0,-0.10476777702569962,-0.17209812998771667,-0.03769136592745781,-0.14210769534111023,-0.42230039834976196,-0.060086939483881,-0.05681964382529259,-0.5493091344833374,-0.08868703991174698,0.04994003474712372,-0.5248490571975708,-0.1099022701382637,-0.14908944070339203,-0.6589338183403015,-0.016020843759179115,-0.14400048553943634,-0.9293667078018188,-0.08071817457675934,-0.13443374633789062,-0.7920529246330261,-0.12722168862819672,-0.1319957971572876,-0.6354864835739136,-0.15013296902179718,-0.05201878771185875,-0.6855388283729553,-0.03217458724975586,-0.03167199715971947,-1.0,-0.08273777365684509,-0.030276436358690262,-0.8459913730621338,-0.1068950966000557,-0.03641935810446739,-0.6913230419158936,-0.1124003604054451,0.03842978924512863,-0.6548710465431213,-0.05900917947292328,0.06682386249303818,-0.9292086362838745,-0.09596139192581177,0.05426289141178131,-0.7939488291740417,-0.09998989850282669,0.03561782464385033,-0.6462637782096863,-0.09350518882274628,0.12091583758592606,-0.5799827575683594,-0.09260918945074081,0.14451971650123596,-0.7710936665534973,-0.10878749936819077,0.1254267543554306,-0.7253211140632629,-0.10331880301237106,0.10114895552396774,-0.6216135621070862,-0.09625893831253052
E,E_session_001,192,0.0,0.0,0.0,-0.10671944916248322,-0.17134954035282135,-0.037854358553886414,-0.1449030041694641,-0.41411077976226807,-0.06376808881759644,-0.0566498301923275,-0.5461893081665039,-0.0964181125164032,0.052623022347688675,-0.5213873982429504,-0.122665174305439,-0.14391925930976868,-0.65224689245224,-0.021650241687893867,-0.14058557152748108,-0.9255695343017578,-0.08857328444719315,-0.13611583411693573,-0.7932940125465393,-0.13800284266471863,-0.13221214711666107,-0.6384421586990356,-0.16373565793037415,-0.0475979782640934,-0.6780502796173096,-0.03916506841778755,-0.025037845596671104,-1.0,-0.09148024767637253,-0.02954169549047947,-0.8518289923667908,-0.11785680800676346,-0.034119367599487305,-0.7001209855079651,-0.1264757513999939,0.042163409292697906,-0.6471090316772461,-0.06698929518461227,0.07466406375169754,-0.9300638437271118,-0.10402341187000275,0.05634286254644394,-0.805616557598114,-0.11040730774402618,0.03983988240361214,-0.6586752533912659,-0.10719543695449829,0.12456174194812775,-0.5716978907585144,-0.10180599987506866,0.15285897254943848,-0.772783100605011,-0.11787630617618561,0.12833835184574127,-0.7344691157341003,-0.11458448320627213,0.10347992181777954,-0.6284645199775696,-0.11051710695028305
E,E_session_001,193,0.0,0.0,0.0,-0.10437151789665222,-0.17469973862171173,-0.03925170376896858,-0.14256875216960907,-0.41618290543556213,-0.06602580100297928,-0.056974660605192184,-0.5477511286735535,-0.09961184114217758,0.04904145747423172,-0.5136878490447998,-0.126371830701828,-0.1428643763065338,-0.6597813963890076,-0.01828492246568203,-0.13609129190444946,-0.9314702153205872,-0.08399044722318649,-0.13147404789924622,-0.7996812462806702,-0.13394607603549957,-0.12768316268920898,-0.643675684928894,-0.16030971705913544,-0.04714683070778847,-0.6845727562904358,-0.0348745733499527,-0.023886822164058685,-1.0,-0.08619899302721024,-0.02926834672689438,-0.8576151132583618,-0.11420492827892303,-0.03398793563246727,-0.7041770219802856,-0.12410491704940796,0.042256757616996765,-0.6523292064666748,-0.06202743947505951,0.07458800077438354,-0.9354038238525391,-0.09848909825086594,0.05407736450433731,-0.8118887543678284,-0.10675475746393204,0.03627400100231171,-0.6599167585372925,-0.10463330149650574,0.12421230971813202,-0.5742484927177429,-0.09638760983943939,0.15264497697353363,-0.7699922919273376,-0.11307317018508911,0.12656047940254211,-0.7332571744918823,-0.11171639710664749,0.10032060742378235,-0.6254513263702393,-0.10852771997451782
E,E_session_001,194,0.0,0.0,0.0,-0.10458067804574966,-0.1777178943157196,-0.03523984178900719,-0.14191006124019623,-0.4270857274532318,-0.058811306953430176,-0.057074740529060364,-0.5604071617126465,-0.09010375291109085,0.048716094344854355,-0.523265540599823,-0.1145286038517952,-0.14339059591293335,-0.6586710810661316,-0.01158346701413393,-0.13616789877414703,-0.9301460385322571,-0.07697062939405441,-0.13239064812660217,-0.7996364831924438,-0.12571677565574646,-0.1290801614522934,-0.6446850299835205,-0.15081027150154114,-0.0480659157037735,-0.6825857758522034,-0.029305754229426384,-0.023871339857578278,-1.0,-0.08305499702692032,-0.030122701078653336,-0.8548634052276611,-0.11023557186126709,-0.03426399454474449,-0.6999179720878601,-0.11761561781167984,0.04159983992576599,-0.6513321995735168,-0.05760442093014717,0.07559741288423538,-0.9331094026565552,-0.09535078704357147,0.05425397306680679,-0.8083930015563965,-0.10193821787834167,0.036487679928541183,-0.6580090522766113,-0.09722283482551575,0.1235557347536087,-0.5767608284950256,-0.09286624193191528,0.1528116911649704,-0.7703856229782104,-0.10901147872209549,0.1260783076286316,-0.735432505607605,-0.10673756897449493,0.1006288230419159,-0.6345421075820923,-0.10231705009937286
E,E_session_001,195,0.0,0.0,0.0,-0.10328291356563568,-0.1684979647397995,-0.03595542907714844,-0.141023188829422,-0.41035664081573486,-0.05992479994893074,-0.05506005510687828,-0.5399748682975769,-0.09072910994291306,0.05408773571252823,-0.5215683579444885,-0.11523764580488205,-0.13760782778263092,-0.6517062783241272,-0.019073696807026863,-0.1366632580757141,-0.9276574850082397,-0.08273319154977798,-0.1319611817598343,-0.8019254207611084,-0.1298905611038208,-0.12632469832897186,-0.6475622057914734,-0.15419231355190277,-0.043554071336984634,-0.6790263652801514,-0.03603481128811836,-0.022122640162706375,-1.0,-0.08668098598718643,-0.02912604995071888,-0.856225848197937,-0.11296778172254562,-0.0341200977563858,-0.7004191875457764,-0.1208559051156044,0.04363035783171654,-0.6484808921813965,-0.06278979033231735,0.07479675114154816,-0.9352328181266785,-0.09872017055749893,0.05274669826030731,-0.8076930046081543,-0.10591170191764832,0.03435612842440605,-0.6555085778236389,-0.10271500051021576,0.12481582909822464,-0.5714524388313293,-0.096291683614254,0.15083745121955872,-0.7610838413238525,-0.11420421302318573,0.12376075237989426,-0.7257813811302185,-0.11357975751161575,0.09714894741773605,-0.6247876882553101,-0.110389843583107
E,E_session_001,196,0.0,0.0,0.0,-0.10342517495155334,-0.17404308915138245,-0.03570453077554703,-0.14159943163394928,-0.4116528034210205,-0.06170142441987991,-0.05660000815987587,-0.543586254119873,-0.0950348749756813,0.049671366810798645,-0.5247483253479004,-0.12213291227817535,-0.1387394219636917,-0.6518703103065491,-0.019129009917378426,-0.1333528608083725,-0.927064836025238,-0.08434005081653595,-0.1294664889574051,-0.7941868305206299,-0.1326771378517151,-0.1257750391960144,-0.640420138835907,-0.15772457420825958,-0.044249363243579865,-0.6772746443748474,-0.0371125154197216,-0.019274912774562836,-1.0,-0.08956918865442276,-0.026202403008937836,-0.8531633615493774,-0.1163819208741188,-0.03276514261960983,-0.6991916298866272,-0.12442425638437271,0.04351065680384636,-0.6461698412895203,-0.06487073004245758,0.07655080407857895,-0.9309308528900146,-0.10159508138895035,0.05584128201007843,-0.8041070103645325,-0.10770149528980255,0.036905113607645035,-0.6547263860702515,-0.10353261232376099,0.12452246248722076,-0.5685712695121765,-0.09930945932865143,0.15182439982891083,-0.7624908685684204,-0.11503087729215622,0.12711229920387268,-0.7259085774421692,-0.11163891106843948,0.1014428660273552,-0.6263630986213684,-0.10678832978010178
E,E_session_001,197,0.0,0.0,0.0,-0.10133250802755356,-0.17378376424312592,-0.03539794310927391,-0.13797910511493683,-0.4124017357826233,-0.06078615412116051,-0.05506538599729538,-0.5447062849998474,-0.09332434087991714,0.05020211264491081,-0.520732581615448,-0.11928155273199081,-0.13829553127288818,-0.6509344577789307,-0.018127989023923874,-0.1335681974887848,-0.9280651807785034,-0.08075028657913208,-0.12630459666252136,-0.797609806060791,-0.12706004083156586,-0.12066268920898438,-0.645609438419342,-0.15100140869617462,-0.04477154091000557,-0.6780640482902527,-0.03538764268159866,-0.021203652024269104,-1.0,-0.08611519634723663,-0.026401180773973465,-0.8583372235298157,-0.11196839809417725,-0.03280070424079895,-0.7031987905502319,-0.1191776692867279,0.04262732341885567,-0.6477100253105164,-0.062245480716228485,0.0746859461069107,-0.9346787929534912,-0.0981188416481018,0.0547679141163826,-0.8105745315551758,-0.10493272542953491,0.03540346771478653,-0.6599390506744385,-0.10096210986375809,0.12369657307863235,-0.5706875324249268,-0.09562814980745316,0.14929421246051788,-0.7569922804832458,-0.11203057318925858,0.1254156082868576,-0.7233163118362427,-0.1101573258638382,0.09992215037345886,-0.6262891292572021,-0.10588520765304565
E,E_session_001,198,0.0,0.0,0.0,-0.10100968927145004,-0.17224985361099243,-0.03548702597618103,-0.13706517219543457,-0.4106696844100952,-0.060826171189546585,-0.0545906126499176,-0.5424292683601379,-0.09309076517820358,0.051779892295598984,-0.5244694948196411,-0.11884213238954544,-0.1384909301996231,-0.6473107933998108,-0.021280944347381592,-0.13456574082374573,-0.9276994466781616,-0.08432446420192719,-0.12798935174942017,-0.7984657883644104,-0.1305258721113205,-0.12287747859954834,-0.647131085395813,-0.15450434386730194,-0.04498804360628128,-0.6733942031860352,-0.03859475627541542,-0.022832581773400307,-1.0,-0.08928057551383972,-0.02694803476333618,-0.8571574091911316,-0.11541243642568588,-0.03279571980237961,-0.7053529024124146,-0.12341060489416122,0.041979044675827026,-0.6424808502197266,-0.06519904732704163,0.07171487808227539,-0.9297074675559998,-0.10028218477964401,0.053850457072257996,-0.807793378829956,-0.1072440817952156,0.03582420200109482,-0.6616057753562927,-0.10425262898206711,0.12249788641929626,-0.5647472739219666,-0.09830939024686813,0.1492517739534378,-0.7537811994552612,-0.11370471864938736,0.1276780664920807,-0.7238467931747437,-0.11198590695858002,0.10344540327787399,-0.6304886341094971,-0.10867707431316376
E,E_session_001,199,0.0,0.0,0.0,-0.10045651346445084,-0.1749180108308792,-0.036572884768247604,-0.13492470979690552,-0.4146863520145416,-0.062076013535261154,-0.051577966660261154,-0.5472157001495361,-0.09428561478853226,0.05326840654015541,-0.5254924893379211,-0.11987524479627609,-0.13641025125980377,-0.6501031517982483,-0.01852385513484478,-0.12991081178188324,-0.9282882809638977,-0.08189064264297485,-0.12446935474872589,-0.8026556372642517,-0.12898288667201996,-0.12020166218280792,-0.6485450863838196,-0.15317870676517487,-0.04279208928346634,-0.67667156457901,-0.03506016731262207,-0.01894516684114933,-1.0,-0.08584965020418167,-0.0232960544526577,-0.8630746603012085,-0.11288245022296906,-0.02848840318620205,-0.7093312740325928,-0.1209438219666481,0.043928470462560654,-0.6451708078384399,-0.061229974031448364,0.07515276223421097,-0.9287291765213013,-0.09658631682395935,0.057351041585206985,-0.8089240193367004,-0.10391581058502197,0.03922431543469429,-0.6621445417404175,-0.10054709017276764,0.12393877655267715,-0.566228985786438,-0.09403066337108612,0.1506091058254242,-0.7493176460266113,-0.1092570349574089,0.129867285490036,-0.7195364832878113,-0.10705481469631195,0.10632394254207611,-0.627260148525238,-0.10283356159925461
E,E_session_001,200,0.0,0.0,0.0,-0.09924627840518951,-0.17711110413074493,-0.03629382699728012,-0.1327711045742035,-0.4147827923297882,-0.061461254954338074,-0.05052176117897034,-0.5447303056716919,-0.09335479885339737,0.054204534739255905,-0.5249334573745728,-0.11822987347841263,-0.1357010304927826,-0.6505929231643677,-0.018286598846316338,-0.13119082152843475,-0.9289926886558533,-0.08159127086400986,-0.12548448145389557,-0.7983983159065247,-0.12736323475837708,-0.12057868391275406,-0.6469454765319824,-0.15046167373657227,-0.04262625426054001,-0.6754552721977234,-0.03445791080594063,-0.020353935658931732,-1.0,-0.087076336145401,-0.023598235100507736,-0.8549798727035522,-0.11316127330064774,-0.028582975268363953,-0.7006487250328064,-0.11946547031402588,0.043546319007873535,-0.6449134945869446,-0.06023397669196129,0.07358456403017044,-0.9266103506088257,-0.09686009585857391,0.05721842125058174,-0.7995848655700684,-0.10273011773824692,0.039132144302129745,-0.6525176763534546,-0.09737197309732437,0.12330443412065506,-0.5684124827384949,-0.09262832254171371,0.15020787715911865,-0.7483885884284973,-0.10826023668050766,0.13037455081939697,-0.7154483795166016,-0.1059320718050003,0.10652559250593185,-0.624643087387085,-0.10120288282632828
E,E_session_001,201,0.0,0.0,0.0,-0.10060283541679382,-0.17822310328483582,-0.03679564222693443,-0.13466764986515045,-0.4140869677066803,-0.06207882612943649,-0.05168763920664787,-0.544090211391449,-0.09419737011194229,0.05175004154443741,-0.5220295190811157,-0.11942914873361588,-0.13539636135101318,-0.655228316783905,-0.017600083723664284,-0.12957419455051422,-0.9343017935752869,-0.08200698345899582,-0.12307155877351761,-0.8026864528656006,-0.1295994073152542,-0.11900283396244049,-0.6466720700263977,-0.1535680890083313,-0.04222923144698143,-0.6801935434341431,-0.03395124897360802,-0.019182199612259865,-1.0,-0.08453578501939774,-0.020993240177631378,-0.8573110103607178,-0.11088453978300095,-0.025023790076375008,-0.703702449798584,-0.11861319839954376,0.04413604363799095,-0.6493997573852539,-0.060345642268657684,0.07440734654664993,-0.9301697611808777,-0.0959114283323288,0.05797290429472923,-0.8058750629425049,-0.10212718695402145,0.04053179547190666,-0.6583003997802734,-0.0979556068778038,0.12429765611886978,-0.5723834037780762,-0.09353117644786835,0.15138186514377594,-0.7606799006462097,-0.10899090021848679,0.12965145707130432,-0.7227039337158203,-0.10583363473415375,0.10437874495983124,-0.6205970644950867,-0.10084670037031174
E,E_session_001,202,0.0,0.0,0.0,-0.0998883917927742,-0.1731058806180954,-0.03828008845448494,-0.1335984766483307,-0.4067036509513855,-0.06444038450717926,-0.05005132406949997,-0.537102222442627,-0.09695127606391907,0.054392050951719284,-0.5207424163818359,-0.12265978008508682,-0.1351899802684784,-0.6522107124328613,-0.021084673702716827,-0.13155971467494965,-0.9328312277793884,-0.08587414771318436,-0.12285584956407547,-0.8071898221969604,-0.13395634293556213,-0.11655478179454803,-0.651360034942627,-0.15820196270942688,-0.04183085635304451,-0.678048312664032,-0.03681552782654762,-0.018495935946702957,-1.0,-0.08790142834186554,-0.01957797259092331,-0.8591183423995972,-0.11499323695898056,-0.024125870317220688,-0.7030075788497925,-0.12331104278564453,0.04442184790968895,-0.6478434205055237,-0.062488801777362823,0.07526952028274536,-0.930390477180481,-0.09894230961799622,0.05896441265940666,-0.8068836331367493,-0.10657006502151489,0.0416586734354496,-0.6575369834899902,-0.10333312302827835,0.12469293177127838,-0.5711936950683594,-0.094967320561409,0.15411557257175446,-0.7581785917282104,-0.11236453801393509,0.13161207735538483,-0.7219119071960449,-0.11094773560762405,0.1052263155579567,-0.6185552477836609,-0.1069788709282875
E,E_session_001,203,0.0,0.0,0.0,-0.09884332865476608,-0.1739281564950943,-0.038893554359674454,-0.13133151829242706,-0.4124242961406708,-0.06422653794288635,-0.04852069169282913,-0.5439685583114624,-0.09589193016290665,0.05281735584139824,-0.5264729857444763,-0.12042396515607834,-0.13597753643989563,-0.6538305878639221,-0.018513748422265053,-0.12952208518981934,-0.9346949458122253,-0.0843837559223175,-0.1182001456618309,-0.8047782778739929,-0.13340826332569122,-0.11312433332204819,-0.6476274728775024,-0.15805397927761078,-0.04262300208210945,-0.6787118911743164,-0.03394727781414986,-0.019926177337765694,-1.0,-0.08608557283878326,-0.01688414439558983,-0.8580811619758606,-0.11465291678905487,-0.019975043833255768,-0.704514741897583,-0.12382388114929199,0.04356761649250984,-0.6492084860801697,-0.05971350520849228,0.07432182878255844,-0.9317362308502197,-0.09706882387399673,0.06180776283144951,-0.8074753284454346,-0.10528752952814102,0.045818910002708435,-0.6597464680671692,-0.10232292115688324,0.12360575050115585,-0.5740713477134705,-0.09238390624523163,0.15288145840168,-0.7608503103256226,-0.10987743735313416,0.13235431909561157,-0.7222648859024048,-0.10869892686605453,0.10703004151582718,-0.6192788481712341,-0.10502752661705017
E,E_session_001,204,0.0,0.0,0.0,-0.09692087769508362,-0.1739656776189804,-0.0395846888422966,-0.1294178068637848,-0.41327595710754395,-0.06574098020792007,-0.045811764895915985,-0.5440815091133118,-0.09821932017803192,0.058456290513277054,-0.5198301076889038,-0.12400950491428375,-0.13232162594795227,-0.6558048129081726,-0.019616056233644485,-0.12720432877540588,-0.9338240623474121,-0.08445950597524643,-0.12225544452667236,-0.81743323802948,-0.13424865901470184,-0.1173202246427536,-0.6621594429016113,-0.16023781895637512,-0.03979358822107315,-0.6806864738464355,-0.03490357846021652,-0.015811460092663765,-1.0,-0.08678481727838516,-0.018168112263083458,-0.8671337962150574,-0.11687961965799332,-0.022384092211723328,-0.7102802991867065,-0.12780657410621643,0.046242855489254,-0.6499985456466675,-0.06032606214284897,0.07866877317428589,-0.9315201044082642,-0.09617577493190765,0.0620688833296299,-0.8180139064788818,-0.10756989568471909,0.044689204543828964,-0.6692227721214294,-0.10796567797660828,0.12625998258590698,-0.5726897716522217,-0.09285105019807816,0.15956628322601318,-0.7575523853302002,-0.11000724881887436,0.1356349140405655,-0.725113570690155,-0.11163212358951569,0.10776820778846741,-0.621781587600708,-0.11082234233617783
E,E_session_001,205,0.0,0.0,0.0,-0.09920427203178406,-0.17320528626441956,-0.037875112146139145,-0.13357694447040558,-0.41049036383628845,-0.0633438378572464,-0.04955393448472023,-0.5402438044548035,-0.09519945830106735,0.054921310395002365,-0.5200343728065491,-0.12062304466962814,-0.1312652826309204,-0.6571602821350098,-0.020495913922786713,-0.12541794776916504,-0.9398191571235657,-0.0848308801651001,-0.11906253546476364,-0.824742317199707,-0.13369546830654144,-0.11446593701839447,-0.6713066697120667,-0.15900321304798126,-0.039029352366924286,-0.6800130009651184,-0.03623741865158081,-0.014484032988548279,-1.0,-0.08632128685712814,-0.015748489648103714,-0.867418646812439,-0.11488212645053864,-0.019874025136232376,-0.7152299284934998,-0.12556207180023193,0.04628324881196022,-0.6483134031295776,-0.061932530254125595,0.07858893275260925,-0.930788516998291,-0.09764227271080017,0.06277967989444733,-0.8138325810432434,-0.10739337652921677,0.04626109078526497,-0.6665303111076355,-0.1069536805152893,0.12611013650894165,-0.570831298828125,-0.09449109435081482,0.1590356081724167,-0.762248694896698,-0.11267824470996857,0.13762983679771423,-0.728848397731781,-0.1137440875172615,0.11183559149503708,-0.6267013549804688,-0.11244374513626099
E,E_session_001,206,0.0,0.0,0.0,-0.09680556505918503,-0.1669570654630661,-0.03898601233959198,-0.1279941350221634,-0.4096206724643707,-0.06298702210187912,-0.0449475534260273,-0.538048267364502,-0.0926414504647255,0.058754123747348785,-0.5134528279304504,-0.11566184461116791,-0.1285848766565323,-0.6542031168937683,-0.020613694563508034,-0.12619617581367493,-0.9312424063682556,-0.0849066749215126,-0.11841747164726257,-0.8245962858200073,-0.13330815732479095,-0.11197870224714279,-0.6696626543998718,-0.15767069160938263,-0.03667622432112694,-0.68065345287323,-0.035516511648893356,-0.012468687258660793,-1.0,-0.08605176210403442,-0.012847719714045525,-0.8743759989738464,-0.11404865235090256,-0.0185760036110878,-0.7188765406608582,-0.12313922494649887,0.04852229729294777,-0.6492488384246826,-0.06051505357027054,0.081861212849617,-0.9260818362236023,-0.09733108431100845,0.06684310734272003,-0.8085461854934692,-0.10710028558969498,0.048344504088163376,-0.6616986393928528,-0.10569076240062714,0.12815484404563904,-0.5712683200836182,-0.09235954284667969,0.16187143325805664,-0.7531878352165222,-0.11199834942817688,0.14091378450393677,-0.7187464237213135,-0.11307086050510406,0.11394055932760239,-0.6182264685630798,-0.11093554645776749
E,E_session_001,207,0.0,0.0,0.0,-0.09549877792596817,-0.16501246392726898,-0.03771356865763664,-0.1249595582485199,-0.406121164560318,-0.062349576503038406,-0.043364424258470535,-0.5315534472465515,-0.09289741516113281,0.05913710966706276,-0.5113409757614136,-0.11706507951021194,-0.1233588233590126,-0.654751718044281,-0.02402571402490139,-0.11900842189788818,-0.9360650181770325,-0.08970265835523605,-0.11487879604101181,-0.8257795572280884,-0.13847175240516663,-0.11108637601137161,-0.6686323881149292,-0.1628933995962143,-0.03229662403464317,-0.6773943901062012,-0.04009105637669563,-0.005694428458809853,-1.0,-0.09091201424598694,-0.008952285163104534,-0.8729367256164551,-0.11817865818738937,-0.015274046920239925,-0.7199066281318665,-0.12737755477428436,0.052002474665641785,-0.6437328457832336,-0.06598301976919174,0.08706263452768326,-0.9217641353607178,-0.10179954767227173,0.06930631399154663,-0.8072457313537598,-0.1104549765586853,0.050601378083229065,-0.6644564270973206,-0.10952862352132797,0.13093137741088867,-0.5649492144584656,-0.0987100899219513,0.16810660064220428,-0.7531613707542419,-0.11761556565761566,0.144007608294487,-0.716430127620697,-0.11789514869451523,0.1148858442902565,-0.6129345893859863,-0.11601531505584717
E,E_session_001,208,0.0,0.0,0.0,-0.09668409079313278,-0.16773344576358795,-0.03924408182501793,-0.12508150935173035,-0.40200477838516235,-0.06534327566623688,-0.04183913394808769,-0.5246633887290955,-0.09708254039287567,0.06097768619656563,-0.5068696141242981,-0.12301594018936157,-0.12139422446489334,-0.6629907488822937,-0.02295537479221821,-0.1139611229300499,-0.935166597366333,-0.08704104274511337,-0.11213581264019012,-0.8368282318115234,-0.13759583234786987,-0.10917386412620544,-0.6824636459350586,-0.1644044816493988,-0.03047460876405239,-0.6860306859016418,-0.03834334388375282,-0.0025445041246712208,-1.0,-0.08725389838218689,-0.007627363316714764,-0.8949997425079346,-0.11930743604898453,-0.013713630847632885,-0.7478711605072021,-0.13375477492809296,0.054151274263858795,-0.6503700613975525,-0.06350050866603851,0.09074107557535172,-0.9212656617164612,-0.09861049056053162,0.0708596408367157,-0.8296911716461182,-0.11554153263568878,0.05054415017366409,-0.6916370987892151,-0.12183313071727753,0.13331761956214905,-0.56926429271698,-0.09534462541341782,0.1707284152507782,-0.7514748573303223,-0.11609955132007599,0.1465812474489212,-0.7256603240966797,-0.12218619883060455,0.11745142191648483,-0.6238837838172913,-0.1251116693019867
E,E_session_001,209,0.0,0.0,0.0,-0.09646598249673843,-0.160874605178833,-0.043354496359825134,-0.12700439989566803,-0.3922150433063507,-0.07259173691272736,-0.045067764818668365,-0.5146042704582214,-0.10639633238315582,0.05934430658817291,-0.49689605832099915,-0.13416415452957153,-0.11968468129634857,-0.662421464920044,-0.03022940270602703,-0.11397197842597961,-0.9354874491691589,-0.0962536558508873,-0.11067580431699753,-0.8376967906951904,-0.14735743403434753,-0.10662820935249329,-0.683590829372406,-0.17424684762954712,-0.0276795607060194,-0.6861680746078491,-0.043796882033348083,0.0006086711655370891,-1.0,-0.09483907371759415,-0.0029010602738708258,-0.8891925811767578,-0.12635448575019836,-0.009685633704066277,-0.739589512348175,-0.13976344466209412,0.05660710111260414,-0.6497131586074829,-0.06711778789758682,0.09323630481958389,-0.9182324409484863,-0.10374844074249268,0.07405976206064224,-0.8185087442398071,-0.11866762489080429,0.052669573575258255,-0.677993655204773,-0.12304316461086273,0.13445323705673218,-0.5671916604042053,-0.09741851687431335,0.17215976119041443,-0.743270218372345,-0.11998885869979858,0.14931371808052063,-0.7148975729942322,-0.12589626014232635,0.12009953707456589,-0.6166365742683411,-0.12800699472427368
E,E_session_001,210,0.0,0.0,0.0,-0.09630466252565384,-0.1685505509376526,-0.0428539514541626,-0.12323787808418274,-0.39371588826179504,-0.07330548763275146,-0.04248833283782005,-0.5152956247329712,-0.10927053540945053,0.060237783938646317,-0.4960719645023346,-0.1396603137254715,-0.11776473373174667,-0.6646305322647095,-0.02650521509349346,-0.11338887363672256,-0.9340727925300598,-0.09290258586406708,-0.10927915573120117,-0.8522766828536987,-0.1460902839899063,-0.10119655728340149,-0.7036686539649963,-0.17488189041614532,-0.026582639664411545,-0.6872430443763733,-0.041262537240982056,0.0017579422565177083,-1.0,-0.09555810689926147,-0.00350970565341413,-0.9021092653274536,-0.13231880962848663,-0.009096355177462101,-0.7505337595939636,-0.14919383823871613,0.05795465409755707,-0.6496159434318542,-0.06580184400081635,0.09543140977621078,-0.9205197095870972,-0.10482755303382874,0.0734923705458641,-0.8380635976791382,-0.12651249766349792,0.05290897935628891,-0.6967518925666809,-0.13530462980270386,0.13682222366333008,-0.5654473304748535,-0.09717682003974915,0.1769789159297943,-0.7412644028663635,-0.12178679555654526,0.14957566559314728,-0.7248831987380981,-0.132572740316391,0.11724618822336197,-0.6245461702346802,-0.13819926977157593
E,E_session_001,211,0.0,0.0,0.0,-0.09661099314689636,-0.1694808453321457,-0.0393122062087059,-0.1222318485379219,-0.4025118947029114,-0.06545960903167725,-0.03950923681259155,-0.5206627249717712,-0.09718693792819977,0.06226212531328201,-0.4900760054588318,-0.12381358444690704,-0.11660556495189667,-0.6663496494293213,-0.022899804636836052,-0.11091872304677963,-0.93403559923172,-0.0879189521074295,-0.10531950742006302,-0.8571175932884216,-0.14021983742713928,-0.09941908717155457,-0.7050583958625793,-0.16815340518951416,-0.024518584832549095,-0.6898373961448669,-0.03841649368405342,0.0036972523666918278,-1.0,-0.09069108963012695,0.001923525589518249,-0.9097700119018555,-0.12807506322860718,-0.004419176839292049,-0.7606399059295654,-0.1459101289510727,0.060136038810014725,-0.6512089371681213,-0.06345902383327484,0.09855929762125015,-0.9198046922683716,-0.10199114680290222,0.07975531369447708,-0.8403542637825012,-0.12566444277763367,0.0574483796954155,-0.7005310654640198,-0.13600139319896698,0.1380472034215927,-0.5658326148986816,-0.09475769847631454,0.1771063506603241,-0.7426247000694275,-0.12056579440832138,0.15556515753269196,-0.7270130515098572,-0.1329505294561386,0.1264897584915161,-0.6261171102523804,-0.1396588683128357
E,E_session_001,212,0.0,0.0,0.0,-0.0970090925693512,-0.16651268303394318,-0.04143914580345154,-0.12461382150650024,-0.3966965079307556,-0.0699046328663826,-0.04177403450012207,-0.51952064037323,-0.1036604642868042,0.06141252815723419,-0.49252885580062866,-0.131936714053154,-0.11611740291118622,-0.6663806438446045,-0.025579320266842842,-0.10757800191640854,-0.936127781867981,-0.0912235751748085,-0.10596596449613571,-0.8477721810340881,-0.14349259436130524,-0.10197027027606964,-0.6919471621513367,-0.17126037180423737,-0.02426907792687416,-0.6885769963264465,-0.04031263664364815,0.008094950579106808,-1.0,-0.09262315183877945,0.00020164788293186575,-0.9050294160842896,-0.1282031089067459,-0.008218865841627121,-0.7556495070457458,-0.1443352848291397,0.06022756174206734,-0.6494882106781006,-0.06476911157369614,0.10133834928274155,-0.9151608943939209,-0.10232207179069519,0.07745656371116638,-0.8356245160102844,-0.1241179034113884,0.05437428504228592,-0.6977957487106323,-0.13302305340766907,0.1381356567144394,-0.5646796822547913,-0.09580078721046448,0.17697665095329285,-0.7425296902656555,-0.11898073554039001,0.15278120338916779,-0.725986123085022,-0.12883807718753815,0.12403905391693115,-0.6258343458175659,-0.13381345570087433
E,E_session_001,213,0.0,0.0,0.0,-0.0986112505197525,-0.16827914118766785,-0.04068460687994957,-0.12524668872356415,-0.39618057012557983,-0.06895428150892258,-0.042625512927770615,-0.51890629529953,-0.10301054269075394,0.06090790405869484,-0.4946424663066864,-0.1316574364900589,-0.11618246883153915,-0.6668556928634644,-0.023757915943861008,-0.10818903148174286,-0.9371024370193481,-0.09046945720911026,-0.10648037493228912,-0.8499953150749207,-0.14346837997436523,-0.10144975036382675,-0.6901825070381165,-0.1712992638349533,-0.023555200546979904,-0.6887187957763672,-0.03909136727452278,0.008630159310996532,-1.0,-0.09304072707891464,6.617727194679901e-05,-0.905083417892456,-0.12948398292064667,-0.008599597960710526,-0.7530110478401184,-0.14588528871536255,0.06161930784583092,-0.6494848728179932,-0.06426389515399933,0.1029173731803894,-0.9170793294906616,-0.10303312540054321,0.07795590162277222,-0.8361022472381592,-0.12450709939002991,0.05442965403199196,-0.6960909962654114,-0.13288003206253052,0.1406039446592331,-0.5646766424179077,-0.09593750536441803,0.17785462737083435,-0.7441229224205017,-0.11939585953950882,0.15172426402568817,-0.7263014912605286,-0.12866796553134918,0.12156649678945541,-0.6245852112770081,-0.1330627202987671
E,E_session_001,214,0.0,0.0,0.0,-0.09710931032896042,-0.17204678058624268,-0.03882696479558945,-0.1231122836470604,-0.4081355035305023,-0.0627741888165474,-0.03998732939362526,-0.5296829342842102,-0.09221363812685013,0.06435413658618927,-0.5000373721122742,-0.11590974777936935,-0.11621175706386566,-0.6621690988540649,-0.020098011940717697,-0.10800644755363464,-0.9342888593673706,-0.08432744443416595,-0.10366496443748474,-0.8457379937171936,-0.13465404510498047,-0.09805115312337875,-0.6890430450439453,-0.16092810034751892,-0.023755211383104324,-0.6859269142150879,-0.03457679972052574,0.006588791497051716,-1.0,-0.08688052743673325,0.0015182399656623602,-0.9007236957550049,-0.12219246476888657,-0.005579983349889517,-0.7479008436203003,-0.1374303549528122,0.06140153110027313,-0.6490061283111572,-0.058834247291088104,0.10018647462129593,-0.9183133840560913,-0.09686215221881866,0.07868770509958267,-0.8312831521034241,-0.11840188503265381,0.05573652684688568,-0.6898207068443298,-0.1263440102338791,0.1403241902589798,-0.5670787692070007,-0.08942852914333344,0.17653225362300873,-0.739844560623169,-0.11478044837713242,0.15522295236587524,-0.7256050109863281,-0.12703768908977509,0.12712374329566956,-0.6309744119644165,-0.13312704861164093
E,E_session_001,215,0.0,0.0,0.0,-0.09817830473184586,-0.16784542798995972,-0.041489288210868835,-0.12456784397363663,-0.39334550499916077,-0.07032474875450134,-0.040635135024785995,-0.5151417255401611,-0.10443060100078583,0.06362973898649216,-0.49482864141464233,-0.1329955756664276,-0.11422926932573318,-0.6652597784996033,-0.027196845039725304,-0.10617092251777649,-0.9364382028579712,-0.09267871826887131,-0.10493623465299606,-0.8402135968208313,-0.14434021711349487,-0.10075869411230087,-0.6821070909500122,-0.17183080315589905,-0.021716706454753876,-0.6857587695121765,-0.04153594374656677,0.008769240230321884,-1.0,-0.0938243418931961,0.0018037689151242375,-0.8994392156600952,-0.12919417023658752,-0.005537257995456457,-0.7491565942764282,-0.14538490772247314,0.06273520737886429,-0.646114706993103,-0.06542152166366577,0.10262888669967651,-0.9156144857406616,-0.1038580983877182,0.07998133450746536,-0.834006130695343,-0.1263473778963089,0.05705637112259865,-0.6946886777877808,-0.13557802140712738,0.14084038138389587,-0.5607560873031616,-0.0956869125366211,0.1789826899766922,-0.7357817888259888,-0.12020218372344971,0.1545279175043106,-0.72295081615448,-0.13157591223716736,0.12364481389522552,-0.6267156600952148,-0.13753975927829742
E,E_session_001,216,0.0,0.0,0.0,-0.09557119756937027,-0.16760563850402832,-0.04061707854270935,-0.12049976736307144,-0.4052228629589081,-0.0662018284201622,-0.03604902699589729,-0.5302473902702332,-0.09718608111143112,0.06581033766269684,-0.5058267116546631,-0.12225693464279175,-0.11435043811798096,-0.6629156470298767,-0.022413624450564384,-0.10508392751216888,-0.9362391233444214,-0.08682509511709213,-0.10276080667972565,-0.8382126688957214,-0.13728944957256317,-0.09936320036649704,-0.6800536513328552,-0.16401033103466034,-0.022446317598223686,-0.6845897436141968,-0.03647447004914284,0.00796907301992178,-1.0,-0.08864226192235947,0.0017369865672662854,-0.8958868384361267,-0.12326523661613464,-0.006035794969648123,-0.7451661229133606,-0.13838399946689606,0.06201126426458359,-0.6461875438690186,-0.06043151393532753,0.1013842523097992,-0.918507993221283,-0.0991741269826889,0.07937999069690704,-0.8301278948783875,-0.1205260157585144,0.05645126849412918,-0.6894482970237732,-0.1286170333623886,0.140233114361763,-0.5633974075317383,-0.09084372222423553,0.17731991410255432,-0.7383646368980408,-0.11694937199354172,0.1530841737985611,-0.7215959429740906,-0.12916342914104462,0.12254909425973892,-0.6263278722763062,-0.13551388680934906
E,E_session_001,217,0.0,0.0,0.0,-0.09757480770349503,-0.16932199895381927,-0.04006872698664665,-0.12459751218557358,-0.4043714702129364,-0.06665593385696411,-0.0388844758272171,-0.5304259657859802,-0.09890182316303253,0.06422872096300125,-0.5117519497871399,-0.1254555732011795,-0.11621572077274323,-0.664619505405426,-0.022474875673651695,-0.10711948573589325,-0.9358018636703491,-0.08602050691843033,-0.10515766590833664,-0.8343319892883301,-0.13656675815582275,-0.10258346796035767,-0.6776866912841797,-0.16374629735946655,-0.02432086504995823,-0.6867631673812866,-0.0371612049639225,0.005675157532095909,-1.0,-0.08687665313482285,0.000291806529276073,-0.8977062702178955,-0.12101949751377106,-0.0066754743456840515,-0.7518594264984131,-0.1370139718055725,0.0599452368915081,-0.6485797762870789,-0.061531465500593185,0.09893451631069183,-0.9160982966423035,-0.09835384786128998,0.07788608968257904,-0.8317186236381531,-0.11935330182313919,0.05550374835729599,-0.6948226690292358,-0.1282709389925003,0.13779547810554504,-0.5651575922966003,-0.09234935790300369,0.17379453778266907,-0.7409560680389404,-0.11573675274848938,0.14908961951732635,-0.7205963730812073,-0.12549948692321777,0.1184193417429924,-0.6221630573272705,-0.1308772712945938
E,E_session_001,218,0.0,0.0,0.0,-0.09453622996807098,-0.17328451573848724,-0.03838502988219261,-0.11923055350780487,-0.4127989709377289,-0.06278275698423386,-0.03519309684634209,-0.5365086197853088,-0.09303257614374161,0.0652955025434494,-0.5075943470001221,-0.11741667985916138,-0.11549057811498642,-0.6624459028244019,-0.018795093521475792,-0.106137216091156,-0.934320867061615,-0.08113402873277664,-0.10354219377040863,-0.8312808871269226,-0.13008929789066315,-0.10085713863372803,-0.6748580932617188,-0.15593507885932922,-0.02370874397456646,-0.6853628754615784,-0.03395548090338707,0.006583728361874819,-1.0,-0.08286392688751221,0.001950018689967692,-0.8931847214698792,-0.11516956239938736,-0.005332824774086475,-0.7458956837654114,-0.12899699807167053,0.06046763062477112,-0.6478784084320068,-0.058868978172540665,0.09972013533115387,-0.9159026145935059,-0.09452947229146957,0.08036477863788605,-0.8250175714492798,-0.11294157058000565,0.058729276061058044,-0.6879381537437439,-0.11939957737922668,0.13805526494979858,-0.5650117993354797,-0.09024646878242493,0.17455951869487762,-0.7391876578330994,-0.11180382966995239,0.15246431529521942,-0.7192487120628357,-0.11969315260648727,0.12411276251077652,-0.6247307658195496,-0.12346705049276352
E,E_session_001,219,0.0,0.0,0.0,-0.09498357027769089,-0.17507554590702057,-0.03902227431535721,-0.11984774470329285,-0.4188583493232727,-0.06181998550891876,-0.03489208593964577,-0.5412429571151733,-0.0905786082148552,0.0657896101474762,-0.5117555260658264,-0.11319547891616821,-0.116495281457901,-0.6639791131019592,-0.013914378359913826,-0.10729499906301498,-0.9318636059761047,-0.07463765144348145,-0.1045227125287056,-0.8295351266860962,-0.12351726740598679,-0.10154379904270172,-0.6764658689498901,-0.1500876247882843,-0.02623637020587921,-0.6883606314659119,-0.028220273554325104,0.002230667509138584,-1.0,-0.07608194649219513,-0.0010696317767724395,-0.8951796889305115,-0.10973303020000458,-0.005757322534918785,-0.7506688833236694,-0.12528996169567108,0.057602934539318085,-0.6526042222976685,-0.05271412059664726,0.09516910463571548,-0.9196649193763733,-0.08827843517065048,0.07593296468257904,-0.830851674079895,-0.10910337418317795,0.055016860365867615,-0.6941248774528503,-0.11780449748039246,0.13573595881462097,-0.572216272354126,-0.08384265750646591,0.1719292402267456,-0.7461130619049072,-0.10666581243276596,0.14701290428638458,-0.723359227180481,-0.1172284409403801,0.11552362889051437,-0.6248223781585693,-0.12344677001237869
E,E_session_001,220,0.0,0.0,0.0,-0.0964914858341217,-0.17044423520565033,-0.03916545584797859,-0.12240327894687653,-0.4156687557697296,-0.06336603313684464,-0.03623419627547264,-0.5429190397262573,-0.09397178888320923,0.06563939154148102,-0.5197076201438904,-0.11870747804641724,-0.1194148138165474,-0.6608819365501404,-0.0154422577470541,-0.10872393101453781,-0.9337597489356995,-0.07612104713916779,-0.10533452033996582,-0.8296076655387878,-0.12499576807022095,-0.10218372195959091,-0.6761677861213684,-0.1519472301006317,-0.028628051280975342,-0.6856919527053833,-0.030456479638814926,0.0013976310146972537,-1.0,-0.07854272425174713,-0.0024127070792019367,-0.8918147087097168,-0.11279638111591339,-0.007464475929737091,-0.7464499473571777,-0.1292867213487625,0.055706582963466644,-0.6508878469467163,-0.05537499114871025,0.0944427102804184,-0.9221972823143005,-0.09079387784004211,0.07363694906234741,-0.8309194445610046,-0.11154697090387344,0.05218072235584259,-0.6914912462234497,-0.12079602479934692,0.1340731382369995,-0.5707029700279236,-0.08689835667610168,0.16862636804580688,-0.7461997866630554,-0.10863929241895676,0.14136846363544464,-0.7193812131881714,-0.1179603785276413,0.10937757045030594,-0.6171962022781372,-0.1238359734416008
E,E_session_001,221,0.0,0.0,0.0,-0.09601324796676636,-0.16982679069042206,-0.03888732194900513,-0.12392652034759521,-0.40580153465270996,-0.06424541026353836,-0.03939531743526459,-0.5295091867446899,-0.09545503556728363,0.06281939148902893,-0.5080761313438416,-0.1206757202744484,-0.11682186275720596,-0.6633304357528687,-0.020429417490959167,-0.10765564441680908,-0.9338356852531433,-0.08224184066057205,-0.10555484890937805,-0.8235624432563782,-0.13070932030677795,-0.10313786566257477,-0.6700327396392822,-0.15669748187065125,-0.025546645745635033,-0.6852858662605286,-0.035455137491226196,0.004520506598055363,-1.0,-0.08413492888212204,-0.001097578089684248,-0.8852360844612122,-0.11561477929353714,-0.007938218303024769,-0.7394053936004639,-0.12935277819633484,0.05784070864319801,-0.6493239402770996,-0.06015349179506302,0.09789969772100449,-0.921067476272583,-0.09569639712572098,0.07717205584049225,-0.8257330060005188,-0.11297735571861267,0.05461670085787773,-0.6881569623947144,-0.11898244172334671,0.1349429041147232,-0.5673761963844299,-0.09141962975263596,0.17198248207569122,-0.7450422048568726,-0.1120486631989479,0.14589940011501312,-0.7197064757347107,-0.11870048195123672,0.11297637224197388,-0.6219176054000854,-0.12201004475355148
E,E_session_001,222,0.0,0.0,0.0,-0.09560845047235489,-0.17416104674339294,-0.03712989389896393,-0.12345883995294571,-0.4153538942337036,-0.0616251602768898,-0.0398578904569149,-0.5416110754013062,-0.09267760813236237,0.06120770424604416,-0.5079929232597351,-0.11798363924026489,-0.1168828159570694,-0.6651742458343506,-0.01629027910530567,-0.10920200496912003,-0.9358190894126892,-0.07647500187158585,-0.10675383359193802,-0.8281277418136597,-0.12460429221391678,-0.10323586314916611,-0.6764420866966248,-0.1509631723165512,-0.026337502524256706,-0.6856521368026733,-0.03205624222755432,0.0035759122110903263,-1.0,-0.07994648069143295,-0.0025192946195602417,-0.8911698460578918,-0.11199088394641876,-0.009097364731132984,-0.7474910020828247,-0.12650428712368011,0.0573277585208416,-0.6478909254074097,-0.05746845155954361,0.0980532094836235,-0.9210383892059326,-0.09248951077461243,0.0758267492055893,-0.832501232624054,-0.11143825203180313,0.05299403518438339,-0.6963404417037964,-0.11884085088968277,0.13501256704330444,-0.5656915307044983,-0.08930915594100952,0.17101186513900757,-0.7463296055793762,-0.10949704796075821,0.14317214488983154,-0.7253327965736389,-0.11736422777175903,0.11001639813184738,-0.6285027861595154,-0.12196114659309387
E,E_session_001,223,0.0,0.0,0.0,-0.09620101004838943,-0.17149098217487335,-0.03697018325328827,-0.12422864139080048,-0.4159557819366455,-0.06062479317188263,-0.04023980721831322,-0.5392628908157349,-0.09085767716169357,0.06163184717297554,-0.507075309753418,-0.11519593000411987,-0.1177893579006195,-0.6583632230758667,-0.01805402711033821,-0.11140664666891098,-0.9354888796806335,-0.07919525355100632,-0.10875876992940903,-0.8252972364425659,-0.1267087459564209,-0.10445114225149155,-0.6718543171882629,-0.15212564170360565,-0.027822237461805344,-0.6818394064903259,-0.03441264480352402,0.001182160573080182,-1.0,-0.08222614973783493,-0.005078996066004038,-0.8821927905082703,-0.11216770112514496,-0.011177471838891506,-0.7359804511070251,-0.12488192319869995,0.055173248052597046,-0.6456950306892395,-0.060483790934085846,0.09467485547065735,-0.9241841435432434,-0.09550724178552628,0.0719531998038292,-0.8213720917701721,-0.1104225367307663,0.049884311854839325,-0.6814104914665222,-0.114822618663311,0.13204890489578247,-0.5635681748390198,-0.09315363317728043,0.16814649105072021,-0.7465158700942993,-0.11298243701457977,0.14086978137493134,-0.7171074748039246,-0.11780775338411331,0.10918115079402924,-0.6163391470909119,-0.119996577501297
E,E_session_001,224,0.0,0.0,0.0,-0.09834475815296173,-0.17560754716396332,-0.037145815789699554,-0.12504078447818756,-0.41786670684814453,-0.061966970562934875,-0.04082779586315155,-0.5431165099143982,-0.09359737485647202,0.060453251004219055,-0.5147619843482971,-0.11967824399471283,-0.1167195588350296,-0.659448504447937,-0.019354084506630898,-0.11055085808038712,-0.9387549161911011,-0.08122922480106354,-0.10763303935527802,-0.8323509693145752,-0.13027000427246094,-0.10310254245996475,-0.676974356174469,-0.15683262050151825,-0.02651705965399742,-0.6810819506645203,-0.03567815199494362,0.0004258523404132575,-1.0,-0.08322563767433167,-0.004628294613212347,-0.8907918930053711,-0.11629658192396164,-0.008433381095528603,-0.7451871037483215,-0.13226105272769928,0.05717158690094948,-0.6441196799278259,-0.061511676758527756,0.09513947367668152,-0.9250258207321167,-0.09563268721103668,0.07385232299566269,-0.8345142006874084,-0.11476930230855942,0.05384000018239021,-0.6928838491439819,-0.12301267683506012,0.1352701187133789,-0.5621259808540344,-0.09387113898992538,0.17087849974632263,-0.7477918267250061,-0.11326930671930313,0.14477337896823883,-0.7306066751480103,-0.12120164185762405,0.11408716440200806,-0.6305480003356934,-0.12628036737442017
E,E_session_001,225,0.0,0.0,0.0,-0.09862329065799713,-0.17706400156021118,-0.03668838366866112,-0.12644807994365692,-0.42525073885917664,-0.06000159680843353,-0.041807323694229126,-0.5520497560501099,-0.09042869508266449,0.06017279997467995,-0.5183523297309875,-0.11527272313833237,-0.12171396613121033,-0.6636456847190857,-0.01422023307532072,-0.113014355301857,-0.9401842951774597,-0.07562720030546188,-0.10868510603904724,-0.8355599641799927,-0.12499233335256577,-0.10399669408798218,-0.6792246103286743,-0.15171270072460175,-0.030329616740345955,-0.6863169074058533,-0.030660409480333328,-0.0006548245437443256,-1.0,-0.07834412902593613,-0.005061980802565813,-0.8904288411140442,-0.11174841970205307,-0.010039424523711205,-0.7429941892623901,-0.12744544446468353,0.054590798914432526,-0.6502293348312378,-0.056977733969688416,0.09448551386594772,-0.9260690212249756,-0.09164170175790787,0.07295513153076172,-0.8315647840499878,-0.11043180525302887,0.052179187536239624,-0.6882899403572083,-0.11788278818130493,0.13305824995040894,-0.56929612159729,-0.08983034640550613,0.16775251924991608,-0.7534407377243042,-0.10963306576013565,0.14208343625068665,-0.7298790812492371,-0.11663100868463516,0.11310940235853195,-0.6262674927711487,-0.1205773800611496
E,E_session_001,226,0.0,0.0,0.0,-0.09856521338224411,-0.1686124950647354,-0.03840859606862068,-0.1269082874059677,-0.4166046977043152,-0.061938993632793427,-0.04245254769921303,-0.5467454195022583,-0.09197572618722916,0.061269376426935196,-0.5185557007789612,-0.11646530777215958,-0.12013354152441025,-0.6617489457130432,-0.016583606600761414,-0.11335719376802444,-0.9382579326629639,-0.07744554430246353,-0.1099330261349678,-0.8393208384513855,-0.1264318972826004,-0.10496167838573456,-0.6839460730552673,-0.15284790098667145,-0.02912522852420807,-0.6864829659461975,-0.03230803459882736,0.0008223862969316542,-1.0,-0.07861533761024475,-0.00537179596722126,-0.8939400315284729,-0.11124524474143982,-0.011869516223669052,-0.7457891702651978,-0.12672121822834015,0.055071767419576645,-0.6511114239692688,-0.057976312935352325,0.09524252265691757,-0.9263051152229309,-0.0919351801276207,0.07243833690881729,-0.8346836566925049,-0.11110556870698929,0.05091206356883049,-0.6920648217201233,-0.11915484070777893,0.13293857872486115,-0.5695726871490479,-0.09028702974319458,0.1678849756717682,-0.755029022693634,-0.10979839414358139,0.1417027711868286,-0.7327440977096558,-0.11657948046922684,0.11209549754858017,-0.627390444278717,-0.12049596011638641
E,E_session_001,227,0.0,0.0,0.0,-0.0993596613407135,-0.17171457409858704,-0.03995578736066818,-0.12747813761234283,-0.41505199670791626,-0.06476953625679016,-0.04465058818459511,-0.5441151261329651,-0.09586696326732635,0.060095008462667465,-0.5231451988220215,-0.12129462510347366,-0.12268603593111038,-0.6556190848350525,-0.019883107393980026,-0.11637964844703674,-0.9336376190185547,-0.08312395960092545,-0.10989335179328918,-0.8419653177261353,-0.13403378427028656,-0.1036129891872406,-0.6896058320999146,-0.16198483109474182,-0.030329791828989983,-0.6839715838432312,-0.03572506457567215,-0.0014684511115774512,-1.0,-0.0852842926979065,-0.003543170867487788,-0.893268346786499,-0.12121326476335526,-0.008939700201153755,-0.7431793212890625,-0.13916577398777008,0.0540885254740715,-0.6507378220558167,-0.06138494983315468,0.0929325670003891,-0.9303154945373535,-0.09752731025218964,0.07367432117462158,-0.8335242867469788,-0.11713901907205582,0.05256018415093422,-0.6869474053382874,-0.12548094987869263,0.13219423592090607,-0.5696747303009033,-0.09381594508886337,0.16622798144817352,-0.7551906704902649,-0.11606189608573914,0.14316119253635406,-0.7317804098129272,-0.12429171800613403,0.11402666568756104,-0.6247394680976868,-0.12907399237155914
E,E_session_001,228,0.0,0.0,0.0,-0.09801830351352692,-0.17132990062236786,-0.03873804956674576,-0.12699434161186218,-0.41745713353157043,-0.06313979625701904,-0.04330386221408844,-0.5510215163230896,-0.0943160355091095,0.057746339589357376,-0.5293400287628174,-0.11958137154579163,-0.12510718405246735,-0.6578882932662964,-0.01625191420316696,-0.11568079888820648,-0.940680980682373,-0.078264981508255,-0.11143321543931961,-0.833449125289917,-0.1279137134552002,-0.10804864764213562,-0.6785802245140076,-0.155080184340477,-0.03269931674003601,-0.6831019520759583,-0.032156672328710556,-0.0024947701022028923,-1.0,-0.08032910525798798,-0.005941585171967745,-0.8830387592315674,-0.11391491442918777,-0.011860284954309464,-0.7360581159591675,-0.12980429828166962,0.05268288031220436,-0.6504698991775513,-0.05794701725244522,0.09175265580415726,-0.9296818375587463,-0.09231980890035629,0.07131870090961456,-0.8259018659591675,-0.108907550573349,0.050150346010923386,-0.6804977655410767,-0.11498083919286728,0.13177265226840973,-0.5720465779304504,-0.09057126194238663,0.16483630239963531,-0.7553840279579163,-0.10944920033216476,0.13961054384708405,-0.7281093001365662,-0.11467204242944717,0.11043814569711685,-0.6260046362876892,-0.11746329814195633
E,E_session_001,229,0.0,0.0,0.0,-0.09893221408128738,-0.16998803615570068,-0.03845280781388283,-0.12745113670825958,-0.4166010916233063,-0.06297092884778976,-0.04414216801524162,-0.5460488796234131,-0.094223752617836,0.05955100804567337,-0.5274823307991028,-0.11969181150197983,-0.1236189603805542,-0.6551893949508667,-0.019175594672560692,-0.11518742144107819,-0.9354696273803711,-0.08224610984325409,-0.11278077214956284,-0.8271856904029846,-0.13181553781032562,-0.1096804141998291,-0.6712935566902161,-0.15866801142692566,-0.03139684721827507,-0.681612491607666,-0.035819780081510544,-0.0004033271106891334,-1.0,-0.08487679809331894,-0.006073780357837677,-0.8788291215896606,-0.11771897971630096,-0.013071517460048199,-0.7284981608390808,-0.13277482986450195,0.0536622479557991,-0.6491298675537109,-0.062173373997211456,0.09210848063230515,-0.9284063577651978,-0.09706827998161316,0.07113661617040634,-0.821941614151001,-0.11304184049367905,0.0505545400083065,-0.6746540069580078,-0.11861836910247803,0.1326383799314499,-0.569557785987854,-0.09528186917304993,0.16413508355617523,-0.7508742213249207,-0.11417291313409805,0.13911525905132294,-0.7229368686676025,-0.11876615881919861,0.1108536645770073,-0.6194544434547424,-0.12115638703107834
E,E_session_001,230,0.0,0.0,0.0,-0.09749747067689896,-0.17334596812725067,-0.037554994225502014,-0.1267070770263672,-0.41735032200813293,-0.06318724900484085,-0.04360203817486763,-0.5499879717826843,-0.09580235183238983,0.05926526337862015,-0.5296770930290222,-0.1223289966583252,-0.12402628362178802,-0.6590370535850525,-0.018919818103313446,-0.11447430402040482,-0.9381229877471924,-0.08146510273218155,-0.11306132376194,-0.8246666789054871,-0.13046365976333618,-0.11105484515428543,-0.6703479886054993,-0.15719817578792572,-0.031404294073581696,-0.6829020380973816,-0.03591711446642876,-0.00044191410415805876,-1.0,-0.08481498062610626,-0.006826313678175211,-0.8785476684570312,-0.11658981442451477,-0.014074391685426235,-0.7287175059318542,-0.13077397644519806,0.05418965965509415,-0.6487798094749451,-0.06246936693787575,0.09270235896110535,-0.9264014959335327,-0.09637311846017838,0.0716228261590004,-0.8231353163719177,-0.11079302430152893,0.05060901120305061,-0.6778724193572998,-0.11527860164642334,0.1334012746810913,-0.5682085752487183,-0.09582693129777908,0.16567887365818024,-0.7487752437591553,-0.11302369832992554,0.14001327753067017,-0.7237786054611206,-0.11646367609500885,0.11075443774461746,-0.6230002045631409,-0.11800147593021393
E,E_session_001,231,0.0,0.0,0.0,-0.09926053881645203,-0.16982677578926086,-0.03843444213271141,-0.12943744659423828,-0.4167099595069885,-0.06390994042158127,-0.04332100600004196,-0.5508810877799988,-0.09625765681266785,0.06159164384007454,-0.5373147130012512,-0.12252534925937653,-0.12457036972045898,-0.6541047096252441,-0.019864745438098907,-0.11411134153604507,-0.9362033009529114,-0.08204810321331024,-0.11397793889045715,-0.821488082408905,-0.1306687891483307,-0.11266111582517624,-0.6670157313346863,-0.15739281475543976,-0.03204754739999771,-0.6800003051757812,-0.03643897920846939,-0.0013542479136958718,-1.0,-0.08407147228717804,-0.008406531065702438,-0.8744308352470398,-0.11486855894327164,-0.01517203077673912,-0.7248079180717468,-0.1290511041879654,0.0535738430917263,-0.6476273536682129,-0.06261231750249863,0.09085813909769058,-0.9293245673179626,-0.09523384273052216,0.06961242854595184,-0.8217657804489136,-0.10793934762477875,0.05019901692867279,-0.6752211451530457,-0.11207758635282516,0.13293419778347015,-0.5684013366699219,-0.09579027444124222,0.16479644179344177,-0.7531113028526306,-0.11179386079311371,0.1380728930234909,-0.7239197492599487,-0.11376506835222244,0.10979556292295456,-0.6207484006881714,-0.11490333825349808
E,E_session_001,232,0.0,0.0,0.0,-0.098704993724823,-0.1718980073928833,-0.03758401423692703,-0.1272493451833725,-0.4189881980419159,-0.06197443976998329,-0.04052509367465973,-0.5505215525627136,-0.09328379482030869,0.06322087347507477,-0.5376093983650208,-0.11831221729516983,-0.12489242106676102,-0.6552413702011108,-0.018290897831320763,-0.11552505195140839,-0.9355951547622681,-0.08006478101015091,-0.11199495941400528,-0.8118863701820374,-0.12760429084300995,-0.109545037150383,-0.6580197811126709,-0.15344840288162231,-0.032050952315330505,-0.6798925399780273,-0.035050131380558014,-0.0023276840802282095,-1.0,-0.08318464457988739,-0.006723371800035238,-0.8648250102996826,-0.11335673928260803,-0.013507519848644733,-0.7153465151786804,-0.1263754963874817,0.053878601640462875,-0.6473839282989502,-0.06144796311855316,0.09129650890827179,-0.9281110167503357,-0.09533918648958206,0.07190888375043869,-0.8141630291938782,-0.10780791938304901,0.05099978670477867,-0.6688692569732666,-0.11083901673555374,0.13339418172836304,-0.568152904510498,-0.094590924680233,0.1635182499885559,-0.7517154812812805,-0.11111807078123093,0.13828551769256592,-0.7196608185768127,-0.11279552429914474,0.10869669914245605,-0.6183494925498962,-0.11333227902650833
E,E_session_001,233,0.0,0.0,0.0,-0.09689682722091675,-0.17313554883003235,-0.0359717532992363,-0.12809297442436218,-0.41710010170936584,-0.060152359306812286,-0.04295830801129341,-0.5504928827285767,-0.09150118380784988,0.06047520041465759,-0.5409244298934937,-0.1165044754743576,-0.12539781630039215,-0.6547443270683289,-0.017306968569755554,-0.11235865205526352,-0.9350798726081848,-0.07902118563652039,-0.10785172879695892,-0.8081133961677551,-0.1262466162443161,-0.1063767820596695,-0.6556122899055481,-0.15168260037899017,-0.032645102590322495,-0.6807027459144592,-0.0350521095097065,-0.0009452136582694948,-1.0,-0.08233566582202911,-0.005504586733877659,-0.8651502728462219,-0.11075477302074432,-0.013092064298689365,-0.7177620530128479,-0.12235187739133835,0.05283732712268829,-0.6496164798736572,-0.06245246157050133,0.09051521122455597,-0.9287731051445007,-0.09509149938821793,0.07205081731081009,-0.8140056729316711,-0.10434069484472275,0.05219768360257149,-0.6713764667510986,-0.10508029162883759,0.13167224824428558,-0.5709749460220337,-0.09660491347312927,0.1614096462726593,-0.7581861019134521,-0.11090703308582306,0.13717752695083618,-0.7241570353507996,-0.1091216430068016,0.10939554125070572,-0.6231726408004761,-0.1070694774389267
E,E_session_001,234,0.0,0.0,0.0,-0.09869834780693054,-0.17338883876800537,-0.037247009575366974,-0.12722693383693695,-0.4207664728164673,-0.06126823276281357,-0.039789438247680664,-0.5521005392074585,-0.09182488173246384,0.06581651419401169,-0.5443453192710876,-0.11583270132541656,-0.12933601438999176,-0.6516258716583252,-0.01807132363319397,-0.11813444644212723,-0.9302666783332825,-0.0783153548836708,-0.11316794157028198,-0.8041247129440308,-0.12497838586568832,-0.10989876091480255,-0.6534056663513184,-0.15072844922542572,-0.035911135375499725,-0.6800825595855713,-0.03517726808786392,-0.005510137416422367,-1.0,-0.081219382584095,-0.009512977674603462,-0.8643673658370972,-0.11020687967538834,-0.01653018221259117,-0.7178072333335876,-0.12292779982089996,0.05033179000020027,-0.6508232951164246,-0.061787623912096024,0.08635390549898148,-0.9323450922966003,-0.09380434453487396,0.06870289891958237,-0.8177688717842102,-0.10452982783317566,0.04904874786734581,-0.6764618158340454,-0.10702357441186905,0.13014043867588043,-0.5735113024711609,-0.09509961307048798,0.15619394183158875,-0.7595500946044922,-0.1090104877948761,0.13320167362689972,-0.7238950133323669,-0.10771990567445755,0.10673780739307404,-0.62357497215271,-0.10675784200429916
E,E_session_001,235,0.0,0.0,0.0,-0.09825989603996277,-0.17182862758636475,-0.037764761596918106,-0.12867507338523865,-0.4137105643749237,-0.06350696831941605,-0.04022609069943428,-0.5432780385017395,-0.09598448872566223,0.06730739772319794,-0.5401355624198914,-0.12221178412437439,-0.12672550976276398,-0.6519613265991211,-0.020320532843470573,-0.11353052407503128,-0.9306167364120483,-0.08263092488050461,-0.11222071945667267,-0.8065155148506165,-0.13088883459568024,-0.11079561710357666,-0.6554925441741943,-0.15724816918373108,-0.03327639400959015,-0.6781612634658813,-0.0377308651804924,0.00025214944616891444,-1.0,-0.08589399605989456,-0.009202079847455025,-0.8670798540115356,-0.11590638756752014,-0.018451839685440063,-0.7182154059410095,-0.12884621322155,0.05264101177453995,-0.6478193998336792,-0.06468555331230164,0.09072177112102509,-0.9285721182823181,-0.0970858559012413,0.06903576850891113,-0.8180243372917175,-0.1084158644080162,0.04887252673506737,-0.6750022768974304,-0.11093065142631531,0.13223519921302795,-0.5695015788078308,-0.09850478917360306,0.16074344515800476,-0.7610732316970825,-0.11172079294919968,0.13585858047008514,-0.7316740155220032,-0.11054672300815582,0.10892099887132645,-0.6314505338668823,-0.1094350665807724
E,E_session_001,236,0.0,0.0,0.0,-0.09753295034170151,-0.1753832995891571,-0.037228651344776154,-0.1256488412618637,-0.4221937954425812,-0.06073391065001488,-0.036769066005945206,-0.5510991215705872,-0.09084255248308182,0.06896746158599854,-0.5485381484031677,-0.11425559967756271,-0.12868157029151917,-0.6532771587371826,-0.016260577365756035,-0.11441023647785187,-0.9295031428337097,-0.07681839168071747,-0.11049424856901169,-0.7977262139320374,-0.12330184876918793,-0.1095573902130127,-0.6486150026321411,-0.1488104611635208,-0.03521425649523735,-0.6799609065055847,-0.033299557864665985,-0.0039805457927286625,-1.0,-0.08068236708641052,-0.008946076966822147,-0.8580121994018555,-0.11000923812389374,-0.017087604850530624,-0.7114850282669067,-0.12204840779304504,0.050761882215738297,-0.6504430770874023,-0.059951432049274445,0.08696682751178741,-0.9328126311302185,-0.09328868985176086,0.06926468759775162,-0.8101474642753601,-0.10317093133926392,0.04901523143053055,-0.666991651058197,-0.10392163693904877,0.13049642741680145,-0.5727750062942505,-0.09326695650815964,0.1558261662721634,-0.7603245973587036,-0.10815351456403732,0.133670836687088,-0.7226004600524902,-0.10661161690950394,0.10728927701711655,-0.6239004731178284,-0.10465119034051895
E,E_session_001,237,0.0,0.0,0.0,-0.09664469212293625,-0.17578710615634918,-0.037148259580135345,-0.12471284717321396,-0.41989949345588684,-0.06082957983016968,-0.03556255251169205,-0.5476638674736023,-0.09087347239255905,0.07190730422735214,-0.5481439232826233,-0.11443334817886353,-0.12939046323299408,-0.6500359177589417,-0.01869722083210945,-0.1157129779458046,-0.9267832040786743,-0.07918249070644379,-0.11134714633226395,-0.7992721796035767,-0.1257341355085373,-0.10986252874135971,-0.6516775488853455,-0.15145286917686462,-0.03573884442448616,-0.678188681602478,-0.03587145358324051,-0.0042479922994971275,-1.0,-0.08254127949476242,-0.008413455449044704,-0.8605439066886902,-0.1121816635131836,-0.016834016889333725,-0.7136359214782715,-0.12512089312076569,0.05049150437116623,-0.650486171245575,-0.062415916472673416,0.08701185882091522,-0.9300364851951599,-0.09507333487272263,0.07023194432258606,-0.8114163875579834,-0.10616938024759293,0.0497744120657444,-0.6699891090393066,-0.1083965077996254,0.1305234134197235,-0.5740729570388794,-0.09552499651908875,0.1563054919242859,-0.7623183131217957,-0.10909804701805115,0.13560426235198975,-0.7265834808349609,-0.10759664326906204,0.10966102033853531,-0.6270591616630554,-0.10643510520458221
E,E_session_001,238,0.0,0.0,0.0,-0.09731405973434448,-0.1752353310585022,-0.038257524371147156,-0.12488049268722534,-0.42948880791664124,-0.0608416311442852,-0.03341774642467499,-0.5569822192192078,-0.08981171250343323,0.07464548945426941,-0.5471670031547546,-0.11199110746383667,-0.12903662025928497,-0.652256429195404,-0.016312051564455032,-0.1122649684548378,-0.9291354417800903,-0.07755520194768906,-0.1106039360165596,-0.8015506267547607,-0.12468574941158295,-0.11143273115158081,-0.6505976915359497,-0.15037772059440613,-0.035075798630714417,-0.6788128018379211,-0.032699521631002426,-0.0004830266407225281,-1.0,-0.08061844110488892,-0.007799459621310234,-0.863699734210968,-0.1110067144036293,-0.01753675378859043,-0.7159020900726318,-0.12388401478528976,0.051164161413908005,-0.6501621007919312,-0.05903324484825134,0.09037020802497864,-0.9309055209159851,-0.09195012599229813,0.07146159559488297,-0.8153872489929199,-0.10456372797489166,0.05072948336601257,-0.6722358465194702,-0.10752226412296295,0.13123224675655365,-0.5746358036994934,-0.0922449380159378,0.15889354050159454,-0.7641270756721497,-0.10610341280698776,0.13764609396457672,-0.7317452430725098,-0.10657718032598495,0.11186626553535461,-0.6322296261787415,-0.10674955695867538
E,E_session_001,239,0.0,0.0,0.0,-0.09648381173610687,-0.17682301998138428,-0.03658997267484665,-0.12553243339061737,-0.42504140734672546,-0.05984903499484062,-0.03516063466668129,-0.5545786023139954,-0.08966457843780518,0.07322221249341965,-0.5521111488342285,-0.11282134056091309,-0.1301322877407074,-0.6494049429893494,-0.016585521399974823,-0.11418039351701736,-0.9266402125358582,-0.07657961547374725,-0.1118992269039154,-0.7971965074539185,-0.12251604348421097,-0.11264558136463165,-0.648226261138916,-0.14774590730667114,-0.0364207997918129,-0.6780253648757935,-0.03344354033470154,-0.003166439011693001,-1.0,-0.08065872639417648,-0.008411032147705555,-0.8586753010749817,-0.10982857644557953,-0.017924997955560684,-0.7099668979644775,-0.12170447409152985,0.049745019525289536,-0.6506012678146362,-0.059636496007442474,0.08712227642536163,-0.9337832927703857,-0.09216399490833282,0.07025672495365143,-0.8115903735160828,-0.10198258608579636,0.04880138114094734,-0.6672578454017639,-0.10281284153461456,0.12949030101299286,-0.5748754143714905,-0.09243955463171005,0.1555386483669281,-0.7607770562171936,-0.10673236846923828,0.13584217429161072,-0.7235809564590454,-0.10544823855161667,0.11013256758451462,-0.625937819480896,-0.103852279484272
E,E_session_001,240,0.0,0.0,0.0,-0.09533192217350006,-0.17467346787452698,-0.03848117217421532,-0.12349612265825272,-0.4238528907299042,-0.06224790960550308,-0.0322103314101696,-0.5532892942428589,-0.09198198467493057,0.07710660994052887,-0.5517202019691467,-0.11499638855457306,-0.1290985345840454,-0.648250937461853,-0.021272718906402588,-0.11228078603744507,-0.9249330163002014,-0.08226753026247025,-0.11073227971792221,-0.7967910170555115,-0.12877157330513,-0.11326005309820175,-0.6479793190956116,-0.15429140627384186,-0.03534184396266937,-0.6757177114486694,-0.037507180124521255,-0.0016001345356926322,-1.0,-0.08433280885219574,-0.00790016446262598,-0.8624764680862427,-0.11367843300104141,-0.01865019090473652,-0.7155488729476929,-0.12628215551376343,0.05050874128937721,-0.6474255919456482,-0.06313339620828629,0.08865749835968018,-0.9280940890312195,-0.09578369557857513,0.07081731408834457,-0.8118321895599365,-0.10774783790111542,0.04900706186890602,-0.6693646907806396,-0.11047443002462387,0.13010156154632568,-0.5718528628349304,-0.09543472528457642,0.15761496126651764,-0.7618290781974792,-0.10986201465129852,0.13728971779346466,-0.729849100112915,-0.11000663787126541,0.11033641546964645,-0.6303568482398987,-0.10983064770698547
E,E_session_001,241,0.0,0.0,0.0,-0.097269207239151,-0.17573830485343933,-0.038274507969617844,-0.12506629526615143,-0.42697691917419434,-0.0618288628757,-0.030765220522880554,-0.5583978891372681,-0.09173841774463654,0.07939466089010239,-0.5610684156417847,-0.11511030048131943,-0.1304364800453186,-0.6488699316978455,-0.01892976462841034,-0.11456621438264847,-0.926398754119873,-0.07958129048347473,-0.1117468848824501,-0.7965254783630371,-0.12621735036373138,-0.11333228647708893,-0.6482965350151062,-0.15196619927883148,-0.03634128347039223,-0.6773438453674316,-0.0351548045873642,-0.003205646527931094,-1.0,-0.08102434128522873,-0.008280985988676548,-0.8601589798927307,-0.11046697199344635,-0.01784679852426052,-0.7157086133956909,-0.12370408326387405,0.050186414271593094,-0.6497734785079956,-0.06092517077922821,0.08863674849271774,-0.9328721761703491,-0.09305884689092636,0.07063794136047363,-0.8135518431663513,-0.10436132550239563,0.04915447160601616,-0.670746386051178,-0.1070360392332077,0.13039475679397583,-0.5748583078384399,-0.09340044111013412,0.15754622220993042,-0.7682703137397766,-0.1072511374950409,0.13636241853237152,-0.7332298755645752,-0.10644890367984772,0.10980658233165741,-0.6330973505973816,-0.10585338622331619
E,E_session_001,242,0.0,0.0,0.0,-0.09702666848897934,-0.1749635934829712,-0.03832840546965599,-0.12535826861858368,-0.42304590344429016,-0.062444690614938736,-0.03144872933626175,-0.5523188710212708,-0.09262314438819885,0.07888204604387283,-0.5575145483016968,-0.11631155759096146,-0.1292373090982437,-0.6455744504928589,-0.021948544308543205,-0.11441168934106827,-0.922852635383606,-0.08294166624546051,-0.11219549179077148,-0.7882551550865173,-0.12916961312294006,-0.11488402634859085,-0.6405613422393799,-0.1547638326883316,-0.0350501723587513,-0.6755569577217102,-0.03826308995485306,-0.003522027749568224,-1.0,-0.08422349393367767,-0.008092307485640049,-0.8555235266685486,-0.11246960610151291,-0.017919965088367462,-0.7121318578720093,-0.1250496655702591,0.051692619919776917,-0.6486630439758301,-0.06386145204305649,0.08862614631652832,-0.9353169202804565,-0.0965568870306015,0.0711764469742775,-0.8087931871414185,-0.10546144098043442,0.04875180497765541,-0.6657217144966125,-0.10649698972702026,0.13218894600868225,-0.5733973979949951,-0.0961109846830368,0.15914243459701538,-0.7680841088294983,-0.1113261803984642,0.1381700187921524,-0.7278784513473511,-0.10945993661880493,0.11063600331544876,-0.6278579831123352,-0.10788299888372421
E,E_session_001,243,0.0,0.0,0.0,-0.09727311879396439,-0.17573560774326324,-0.039393920451402664,-0.1253993809223175,-0.41663917899131775,-0.064651258289814,-0.03333382308483124,-0.5477964282035828,-0.09596190601587296,0.07393350452184677,-0.5566239356994629,-0.12058728188276291,-0.12954683601856232,-0.6488649845123291,-0.02062927559018135,-0.11622421443462372,-0.9270729422569275,-0.08395343273878098,-0.1119876578450203,-0.7958618402481079,-0.13269014656543732,-0.11380602419376373,-0.6458907127380371,-0.15927015244960785,-0.03523439168930054,-0.6779193878173828,-0.03648104891180992,-0.0042632645927369595,-1.0,-0.08449920266866684,-0.0074772341176867485,-0.8604962825775146,-0.11496555060148239,-0.016870001330971718,-0.7159872651100159,-0.1287047564983368,0.051353976130485535,-0.6511300206184387,-0.06207772344350815,0.08891445398330688,-0.9366392493247986,-0.09656359255313873,0.07141653448343277,-0.8152250647544861,-0.10735791176557541,0.049086835235357285,-0.6707336902618408,-0.10916679352521896,0.13176216185092926,-0.5760836601257324,-0.09447973221540451,0.159735769033432,-0.7691735029220581,-0.11180517822504044,0.13778530061244965,-0.7320154309272766,-0.11190899461507797,0.1090882271528244,-0.6303370594978333,-0.11109574139118195
E,E_session_001,244,0.0,0.0,0.0,-0.0955609381198883,-0.16936925053596497,-0.04148811474442482,-0.12428329139947891,-0.4075288474559784,-0.06743280589580536,-0.03199954703450203,-0.5407448410987854,-0.09867137670516968,0.07523993402719498,-0.5575477480888367,-0.12280257791280746,-0.12973417341709137,-0.6463339328765869,-0.022489024326205254,-0.1155816912651062,-0.9192208051681519,-0.08641974627971649,-0.11237025260925293,-0.78377366065979,-0.13471512496471405,-0.11317282915115356,-0.6352497339248657,-0.16082768142223358,-0.03561193495988846,-0.6782289147377014,-0.037608709186315536,-0.005037382710725069,-1.0,-0.08643483370542526,-0.010137783363461494,-0.855215311050415,-0.11512712389230728,-0.018947837874293327,-0.7111411094665527,-0.1265859454870224,0.050417665392160416,-0.6520067453384399,-0.06267216056585312,0.08702214062213898,-0.9345260262489319,-0.09883073717355728,0.06802202016115189,-0.8032311201095581,-0.10649298876523972,0.04585908725857735,-0.6605629324913025,-0.10510223358869553,0.13048286736011505,-0.5759254097938538,-0.0946369618177414,0.1570904403924942,-0.7648822069168091,-0.11324349790811539,0.13312622904777527,-0.7189692258834839,-0.11084666103124619,0.1039113700389862,-0.6188721656799316,-0.10731155425310135
E,E_session_001,245,0.0,0.0,0.0,-0.09659318625926971,-0.17116965353488922,-0.04007904604077339,-0.12484610825777054,-0.4076754152774811,-0.06509196013212204,-0.034615930169820786,-0.5422154664993286,-0.09577833116054535,0.06992413848638535,-0.5593928694725037,-0.11923018097877502,-0.1323591023683548,-0.6479377746582031,-0.02018396556377411,-0.11899276077747345,-0.9230798482894897,-0.08314327895641327,-0.11447270959615707,-0.7881314158439636,-0.1305961012840271,-0.11508809030056,-0.638473391532898,-0.15586860477924347,-0.03879591450095177,-0.6784799098968506,-0.035294946283102036,-0.010414369404315948,-1.0,-0.08198768645524979,-0.012639040127396584,-0.8580635786056519,-0.10975595563650131,-0.020127765834331512,-0.7155382633209229,-0.1213575229048729,0.047463227063417435,-0.6526995301246643,-0.06039053574204445,0.08253251016139984,-0.9356313347816467,-0.09492276608943939,0.06602679193019867,-0.810129702091217,-0.10265720635652542,0.0454317070543766,-0.6680923104286194,-0.10197760909795761,0.1279880255460739,-0.5786308646202087,-0.09228687733411789,0.1545373797416687,-0.7720994353294373,-0.10918120294809341,0.1323547512292862,-0.7296212911605835,-0.10630922019481659,0.10443205386400223,-0.6272662878036499,-0.10289794206619263
E,E_session_001,246,0.0,0.0,0.0,-0.09571132808923721,-0.1687532365322113,-0.038749873638153076,-0.1245131567120552,-0.4036235213279724,-0.06530337035655975,-0.035086363554000854,-0.5371533036231995,-0.0982966423034668,0.0697784498333931,-0.5487632155418396,-0.1246359571814537,-0.1279209852218628,-0.6481119394302368,-0.02070467360317707,-0.11797985434532166,-0.9214693307876587,-0.08449093997478485,-0.11631066352128983,-0.7866158485412598,-0.13235527276992798,-0.11496835947036743,-0.6381833553314209,-0.15783827006816864,-0.03585436940193176,-0.6774725317955017,-0.037667546421289444,-0.006929187569767237,-1.0,-0.0859585627913475,-0.014887484721839428,-0.8596342206001282,-0.11355654150247574,-0.022142423316836357,-0.7170360088348389,-0.12434956431388855,0.04969058558344841,-0.6491928696632385,-0.06439671665430069,0.0846339538693428,-0.9347599148750305,-0.09943659603595734,0.0630781501531601,-0.8103500008583069,-0.10629794746637344,0.04346704110503197,-0.6696051359176636,-0.1047275960445404,0.12959863245487213,-0.5718058943748474,-0.09790463000535965,0.15654394030570984,-0.7651361227035522,-0.1140359491109848,0.13009685277938843,-0.7214327454566956,-0.10984636843204498,0.10262338817119598,-0.6196333169937134,-0.10537294298410416
E,E_session_001,247,0.0,0.0,0.0,-0.09570998698472977,-0.1686064600944519,-0.040470775216817856,-0.12414663285017014,-0.40624845027923584,-0.06683798134326935,-0.034643158316612244,-0.5452674627304077,-0.09907060861587524,0.06988929957151413,-0.5558391809463501,-0.12398669868707657,-0.12861372530460358,-0.6442112326622009,-0.02103593200445175,-0.12111485004425049,-0.922694206237793,-0.08410568535327911,-0.11612912267446518,-0.7846989035606384,-0.13128140568733215,-0.11380016803741455,-0.6354454755783081,-0.1564577966928482,-0.03650499880313873,-0.6766914129257202,-0.036260832101106644,-0.011233272030949593,-1.0,-0.08339239656925201,-0.014826779253780842,-0.8578492403030396,-0.10998355597257614,-0.0212760791182518,-0.7160999178886414,-0.12037447094917297,0.04910358786582947,-0.6507815718650818,-0.06143070012331009,0.08178824931383133,-0.9375548362731934,-0.09549783170223236,0.06421806663274765,-0.8097193241119385,-0.10092655569314957,0.04489980265498161,-0.6677879691123962,-0.09857147932052612,0.1293906569480896,-0.5760203003883362,-0.09366993606090546,0.15502461791038513,-0.764980673789978,-0.10986611992120743,0.13080543279647827,-0.7208049297332764,-0.10595900565385818,0.10316874086856842,-0.6206579208374023,-0.10165666043758392
E,E_session_001,248,0.0,0.0,0.0,-0.09446937590837479,-0.16764096915721893,-0.0392482653260231,-0.12388002127408981,-0.40351107716560364,-0.06549904495477676,-0.03617599606513977,-0.5405603051185608,-0.09769698232412338,0.06715507805347443,-0.5475086569786072,-0.1229502335190773,-0.12799669802188873,-0.6446644067764282,-0.023231303319334984,-0.12132127583026886,-0.9257011413574219,-0.08552869409322739,-0.11567450314760208,-0.7911934852600098,-0.13229462504386902,-0.11419964581727982,-0.6429927945137024,-0.15756076574325562,-0.03603426367044449,-0.6768444180488586,-0.039041321724653244,-0.012878183275461197,-1.0,-0.08435353636741638,-0.013946324586868286,-0.8600256443023682,-0.11052633821964264,-0.02042250521481037,-0.7205583453178406,-0.12180116772651672,0.049339018762111664,-0.6508826613426208,-0.0643707737326622,0.08077753335237503,-0.9379982352256775,-0.09699434041976929,0.06519704312086105,-0.8122049570083618,-0.10225607454776764,0.04560394585132599,-0.6714733839035034,-0.10082043707370758,0.12935036420822144,-0.5760262608528137,-0.09664804488420486,0.15534546971321106,-0.7686623930931091,-0.11244228482246399,0.13282594084739685,-0.7262921929359436,-0.1085468977689743,0.10533498227596283,-0.6262946128845215,-0.10481290519237518
E,E_session_001,249,0.0,0.0,0.0,-0.09372127056121826,-0.1709386557340622,-0.039038464426994324,-0.12247582525014877,-0.4033950865268707,-0.0661332756280899,-0.03701876476407051,-0.5362725257873535,-0.09961871057748795,0.06415049731731415,-0.5388405919075012,-0.12611646950244904,-0.12921325862407684,-0.6451497077941895,-0.02104959450662136,-0.12096188217401505,-0.9210357069969177,-0.08411703258752823,-0.11893199384212494,-0.7825819849967957,-0.13089393079280853,-0.11940164119005203,-0.6375577449798584,-0.15611077845096588,-0.036653630435466766,-0.6768777966499329,-0.03791489824652672,-0.010458221659064293,-1.0,-0.08646392077207565,-0.015740854665637016,-0.8546256422996521,-0.11312247812747955,-0.024463945999741554,-0.7164355516433716,-0.12338582426309586,0.0505683571100235,-0.6510507464408875,-0.06433971226215363,0.0834333524107933,-0.9345813989639282,-0.10000193864107132,0.06358686834573746,-0.7980998158454895,-0.103889100253582,0.04196055978536606,-0.6577453017234802,-0.10018633306026459,0.13187141716480255,-0.576255202293396,-0.09763563424348831,0.15744361281394958,-0.7638744711875916,-0.11475469917058945,0.1293354332447052,-0.7091740369796753,-0.10921237617731094,0.09928858280181885,-0.6071017384529114,-0.1035943329334259
E,E_session_001,250,0.0,0.0,0.0,-0.09290333837270737,-0.1694285273551941,-0.03765102103352547,-0.12130697071552277,-0.40619874000549316,-0.06362011283636093,-0.03332964703440666,-0.5416561961174011,-0.0962805300951004,0.06971955299377441,-0.5541232824325562,-0.12203671783208847,-0.12663790583610535,-0.6479641199111938,-0.018737515434622765,-0.11834800243377686,-0.9248455166816711,-0.08219852298498154,-0.11371379345655441,-0.7833697199821472,-0.12973350286483765,-0.11228688806295395,-0.6348406076431274,-0.154945507645607,-0.034233272075653076,-0.6773210167884827,-0.03599563241004944,-0.005744960159063339,-1.0,-0.08554836362600327,-0.011947650462388992,-0.8501768112182617,-0.11326263099908829,-0.022357545793056488,-0.706304132938385,-0.12332861870527267,0.05186966061592102,-0.6503538489341736,-0.0628935694694519,0.08796640485525131,-0.9351723194122314,-0.09860516339540482,0.06795304268598557,-0.7975815534591675,-0.10356589406728745,0.04566901922225952,-0.6523577570915222,-0.09992361813783646,0.13233347237110138,-0.5747973918914795,-0.0965295284986496,0.15799756348133087,-0.7637157440185547,-0.11332250386476517,0.13278529047966003,-0.7126525044441223,-0.10838646441698074,0.10453210026025772,-0.6119475364685059,-0.10279735922813416
E,E_session_001,251,0.0,0.0,0.0,-0.09208124130964279,-0.17151321470737457,-0.04247739538550377,-0.12185370177030563,-0.4043867886066437,-0.07091353088617325,-0.03716857731342316,-0.54061359167099,-0.10481784492731094,0.060787174850702286,-0.5361840128898621,-0.13123120367527008,-0.12944434583187103,-0.6537395715713501,-0.021009117364883423,-0.11978717893362045,-0.9248919486999512,-0.08378981053829193,-0.11529110372066498,-0.7865702509880066,-0.13132189214229584,-0.11343608051538467,-0.6419925689697266,-0.1571958065032959,-0.03655129298567772,-0.6842645406723022,-0.035825103521347046,-0.008718005381524563,-1.0,-0.08454344421625137,-0.013553827069699764,-0.8565338253974915,-0.11151529848575592,-0.023212123662233353,-0.7159106731414795,-0.12171436101198196,0.05010692775249481,-0.656973659992218,-0.0607602633535862,0.08620515465736389,-0.939321756362915,-0.0965249314904213,0.06658206135034561,-0.8064761161804199,-0.1016906201839447,0.04337989166378975,-0.6648041009902954,-0.0984673947095871,0.13037288188934326,-0.5790599584579468,-0.0928826853632927,0.1588684618473053,-0.7626649737358093,-0.11009720712900162,0.1329200565814972,-0.7108281850814819,-0.10600284487009048,0.1027970016002655,-0.6104635000228882,-0.10105279088020325
E,E_session_001,252,0.0,0.0,0.0,-0.09167792648077011,-0.16918320953845978,-0.044215116649866104,-0.12195946276187897,-0.40387988090515137,-0.07361165434122086,-0.038737840950489044,-0.5403229594230652,-0.1077733188867569,0.059063248336315155,-0.5273312926292419,-0.1341826319694519,-0.13242073357105255,-0.6530226469039917,-0.02353779226541519,-0.11949004232883453,-0.9217429757118225,-0.08619550615549088,-0.11226800084114075,-0.777425229549408,-0.13301226496696472,-0.10985462367534637,-0.633135974407196,-0.15849007666110992,-0.03916771709918976,-0.682855486869812,-0.0375356487929821,-0.011324867606163025,-1.0,-0.08720294386148453,-0.013220669701695442,-0.8485769629478455,-0.11375194042921066,-0.022183015942573547,-0.7075114250183105,-0.12297236174345016,0.04765159264206886,-0.6557879447937012,-0.06154009699821472,0.08339045941829681,-0.9374076724052429,-0.09745420515537262,0.06732789427042007,-0.8007816076278687,-0.10190121829509735,0.04476291313767433,-0.6606389880180359,-0.09777594357728958,0.1271912306547165,-0.5781970024108887,-0.0927395448088646,0.1537351757287979,-0.7597379684448242,-0.10822414606809616,0.13362222909927368,-0.7067468166351318,-0.10285476595163345,0.10800380259752274,-0.6112698316574097,-0.09715114533901215
E,E_session_001,253,0.0,0.0,0.0,-0.09132702648639679,-0.17439351975917816,-0.04245477914810181,-0.12188050895929337,-0.4041054844856262,-0.07241945713758469,-0.04033774510025978,-0.5432319045066833,-0.10802516341209412,0.05537016689777374,-0.5389583110809326,-0.13604393601417542,-0.13222382962703705,-0.6516793370246887,-0.020705796778202057,-0.11952279508113861,-0.921184778213501,-0.08483647555112839,-0.11213696002960205,-0.7726615071296692,-0.1334456354379654,-0.1101967990398407,-0.6272522807121277,-0.16020309925079346,-0.03947227820754051,-0.6840892434120178,-0.03624049946665764,-0.012514755129814148,-1.0,-0.08652888238430023,-0.01321419421583414,-0.8498435020446777,-0.11447472125291824,-0.021451551467180252,-0.7124484777450562,-0.12528139352798462,0.047118183225393295,-0.6595638990402222,-0.06184760853648186,0.08208967000246048,-0.9429721236228943,-0.09773451834917068,0.0666804164648056,-0.8067091703414917,-0.10139230638742447,0.0444430410861969,-0.6680675148963928,-0.09750916808843613,0.12621864676475525,-0.5830254554748535,-0.09464142471551895,0.15270079672336578,-0.7646557688713074,-0.11043579131364822,0.12967151403427124,-0.7066991925239563,-0.10415668785572052,0.10166562348604202,-0.6074745059013367,-0.09806807339191437
E,E_session_001,254,0.0,0.0,0.0,-0.091427743434906,-0.17553026974201202,-0.04428664222359657,-0.12036924809217453,-0.41121095418930054,-0.07506993412971497,-0.036521412432193756,-0.5506292581558228,-0.11142558604478836,0.06216870993375778,-0.5419614911079407,-0.13980545103549957,-0.13267356157302856,-0.658021092414856,-0.01967903971672058,-0.11941555887460709,-0.9216942191123962,-0.08382051438093185,-0.11245684325695038,-0.7759935855865479,-0.13338005542755127,-0.110296331346035,-0.629888653755188,-0.16110986471176147,-0.03987755998969078,-0.6896337270736694,-0.03411407396197319,-0.013384796679019928,-1.0,-0.0854496881365776,-0.016633613035082817,-0.8542091846466064,-0.11433639377355576,-0.026137448847293854,-0.7112517356872559,-0.12550470232963562,0.04712093248963356,-0.6639081835746765,-0.059073176234960556,0.08122043311595917,-0.944800853729248,-0.09545972943305969,0.06255219876766205,-0.81108558177948,-0.10080834478139877,0.03891872614622116,-0.6663666367530823,-0.09768743067979813,0.12749500572681427,-0.5877823829650879,-0.09163197129964828,0.15430574119091034,-0.7665417790412903,-0.10908103734254837,0.12737582623958588,-0.714852511882782,-0.10604997724294662,0.09604616463184357,-0.6159687638282776,-0.10189446806907654
E,E_session_001,255,0.0,0.0,0.0,-0.09142336249351501,-0.1718461662530899,-0.04321812465786934,-0.12328454107046127,-0.40062665939331055,-0.07420970499515533,-0.039845600724220276,-0.5359821915626526,-0.1105179563164711,0.0610215961933136,-0.5331045389175415,-0.13963176310062408,-0.13255079090595245,-0.6539174318313599,-0.024444296956062317,-0.12140015512704849,-0.9193169474601746,-0.08670170605182648,-0.11710644513368607,-0.7828172445297241,-0.13538584113121033,-0.11426074802875519,-0.639167070388794,-0.16309626400470734,-0.040187135338783264,-0.684785008430481,-0.039326202124357224,-0.012015322223305702,-1.0,-0.08838922530412674,-0.016875354573130608,-0.8594611287117004,-0.11776077747344971,-0.02623867243528366,-0.7164710760116577,-0.13030628859996796,0.04558821767568588,-0.6576306223869324,-0.06381283700466156,0.0813465490937233,-0.9384481906890869,-0.09736546128988266,0.06224169582128525,-0.8132590651512146,-0.1049731895327568,0.038822103291749954,-0.6713977456092834,-0.10463933646678925,0.12467753142118454,-0.5788367986679077,-0.0956212729215622,0.1514885574579239,-0.7589929103851318,-0.11052218824625015,0.12844204902648926,-0.7162773609161377,-0.10799447447061539,0.10024987906217575,-0.6219798922538757,-0.10523618757724762
E,E_session_001,256,0.0,0.0,0.0,-0.0921132043004036,-0.18012750148773193,-0.042916905134916306,-0.122896209359169,-0.4069943428039551,-0.07422559708356857,-0.04105643555521965,-0.5463623404502869,-0.111880823969841,0.05527942255139351,-0.5370323657989502,-0.14274495840072632,-0.13492567837238312,-0.6649894714355469,-0.016459276899695396,-0.12236731499433517,-0.9253345727920532,-0.07784224301576614,-0.11346901953220367,-0.7952508926391602,-0.1285233050584793,-0.1100705936551094,-0.6524551510810852,-0.15818560123443604,-0.041644398123025894,-0.6958698630332947,-0.03139321878552437,-0.01737009920179844,-1.0,-0.07979106903076172,-0.01485025230795145,-0.8646746873855591,-0.11297839879989624,-0.022272123023867607,-0.7233118414878845,-0.1292509138584137,0.046177204698324203,-0.6706552505493164,-0.05629174783825874,0.08099713176488876,-0.9496752619743347,-0.09099257737398148,0.06604649126529694,-0.8252384066581726,-0.10194131731987,0.0425863116979599,-0.6779236197471619,-0.10403266549110413,0.12617447972297668,-0.5934412479400635,-0.08844448626041412,0.1537155956029892,-0.7705069780349731,-0.1054108515381813,0.13008944690227509,-0.7243627905845642,-0.1053018867969513,0.0998724028468132,-0.6233840584754944,-0.10405193269252777
E,E_session_001,257,0.0,0.0,0.0,-0.09219396859407425,-0.17445890605449677,-0.04341588169336319,-0.12260963022708893,-0.4001774191856384,-0.07387272268533707,-0.04020077735185623,-0.5420073866844177,-0.11027289181947708,0.057364750653505325,-0.5466053485870361,-0.1394617110490799,-0.13819493353366852,-0.6589329838752747,-0.016145087778568268,-0.12684081494808197,-0.9194788336753845,-0.07760800421237946,-0.11757113039493561,-0.7840316295623779,-0.12775488197803497,-0.11384639143943787,-0.6409624814987183,-0.15686559677124023,-0.04524782672524452,-0.6926041841506958,-0.030902031809091568,-0.02080528438091278,-1.0,-0.07945100218057632,-0.019017912447452545,-0.8567900657653809,-0.11192692071199417,-0.02652878314256668,-0.7147126197814941,-0.12709647417068481,0.0422312468290329,-0.6691415309906006,-0.05572740361094475,0.07706451416015625,-0.9475418329238892,-0.09114953875541687,0.06078634783625603,-0.8154523968696594,-0.10136695951223373,0.036277689039707184,-0.6695036888122559,-0.10252510756254196,0.12264741212129593,-0.5930090546607971,-0.08770453184843063,0.14772570133209229,-0.7669306993484497,-0.10555393993854523,0.12171639502048492,-0.7130686044692993,-0.10458507388830185,0.08929432928562164,-0.610673189163208,-0.1024417132139206
E,E_session_001,258,0.0,0.0,0.0,-0.0891769602894783,-0.16696512699127197,-0.04711044952273369,-0.12108910083770752,-0.389726847410202,-0.07935845851898193,-0.041973866522312164,-0.5350948572158813,-0.11590252816677094,0.05452761426568031,-0.5409905314445496,-0.14462850987911224,-0.1372041255235672,-0.6474604606628418,-0.026284456253051758,-0.1254994422197342,-0.9159704446792603,-0.08813785761594772,-0.11630162596702576,-0.7755042314529419,-0.13619273900985718,-0.11387985944747925,-0.6334115266799927,-0.1635613888502121,-0.04347947984933853,-0.6850083470344543,-0.03872615471482277,-0.020287826657295227,-1.0,-0.08660664409399033,-0.016961609944701195,-0.8537967801094055,-0.1155751645565033,-0.025103669613599777,-0.7135356068611145,-0.128220334649086,0.04318385198712349,-0.6639916896820068,-0.06098160892724991,0.0747951790690422,-0.9467788338661194,-0.09497395157814026,0.06317785382270813,-0.8138872385025024,-0.10105673223733902,0.03979887068271637,-0.671890139579773,-0.09958876669406891,0.12194761633872986,-0.5898913145065308,-0.09065397828817368,0.14683175086975098,-0.7684764862060547,-0.10597270727157593,0.12894724309444427,-0.7180420756340027,-0.10204707086086273,0.10142089426517487,-0.6212273836135864,-0.0980454534292221
E,E_session_001,259,0.0,0.0,0.0,-0.0907495841383934,-0.16535064578056335,-0.04590423405170441,-0.12494596838951111,-0.38613420724868774,-0.07864204794168472,-0.044848017394542694,-0.5263345837593079,-0.11578576266765594,0.05523654818534851,-0.5327028036117554,-0.14549005031585693,-0.13670171797275543,-0.6430792212486267,-0.03035549633204937,-0.12780159711837769,-0.9122288227081299,-0.09408489614725113,-0.12092062830924988,-0.773957371711731,-0.14225849509239197,-0.11853061616420746,-0.6330171227455139,-0.16919589042663574,-0.043011318892240524,-0.6789705753326416,-0.04448724165558815,-0.017506171017885208,-1.0,-0.0943671464920044,-0.01821848191320896,-0.8529261350631714,-0.12220562994480133,-0.028223635628819466,-0.7113456726074219,-0.13352489471435547,0.044165775179862976,-0.6560641527175903,-0.0681413859128952,0.07765167206525803,-0.9392290711402893,-0.10341518372297287,0.06255578994750977,-0.8046059012413025,-0.10820624977350235,0.037985049188137054,-0.6644564867019653,-0.10559584200382233,0.12413730472326279,-0.5799383521080017,-0.09909497201442719,0.15005840361118317,-0.7598660588264465,-0.11436662822961807,0.12963692843914032,-0.706584095954895,-0.10887134075164795,0.10135406255722046,-0.6086010336875916,-0.10379978269338608
E,E_session_001,260,0.0,0.0,0.0,-0.09380823373794556,-0.1708487719297409,-0.048285506665706635,-0.12614873051643372,-0.39016422629356384,-0.0806090459227562,-0.04642769321799278,-0.5342902541160583,-0.11731862276792526,0.04920433461666107,-0.5481438636779785,-0.14620108902454376,-0.13919267058372498,-0.6493058800697327,-0.024189291521906853,-0.1303442120552063,-0.9195488691329956,-0.08807297050952911,-0.11978232115507126,-0.7784993648529053,-0.1384400725364685,-0.11697997897863388,-0.6314039826393127,-0.1665579080581665,-0.045039139688014984,-0.6839608550071716,-0.036207761615514755,-0.022983146831393242,-1.0,-0.08601012825965881,-0.0185522623360157,-0.8590800166130066,-0.11838261038064957,-0.025945177301764488,-0.7155428528785706,-0.13318908214569092,0.042436178773641586,-0.6633250713348389,-0.05854811519384384,0.07502011209726334,-0.9479556679725647,-0.09546656906604767,0.06372172385454178,-0.8203892707824707,-0.10552539676427841,0.04101022705435753,-0.6732252836227417,-0.10604580491781235,0.12261563539505005,-0.591675877571106,-0.0882401242852211,0.14566439390182495,-0.7704387903213501,-0.10685401409864426,0.12751205265522003,-0.7199488282203674,-0.10538393259048462,0.10031896084547043,-0.6143614053726196,-0.10236943513154984
E,E_session_001,261,0.0,0.0,0.0,-0.0935966894030571,-0.16948731243610382,-0.04573269933462143,-0.1257951408624649,-0.3938692510128021,-0.07706241309642792,-0.04424474388360977,-0.5360704064369202,-0.11317721754312515,0.05405309796333313,-0.536706268787384,-0.14171253144741058,-0.13875532150268555,-0.6446558833122253,-0.024390505626797676,-0.13063599169254303,-0.9200589656829834,-0.08715849369764328,-0.12041998654603958,-0.7850176095962524,-0.13536156713962555,-0.1150820329785347,-0.6389398574829102,-0.16194471716880798,-0.045180320739746094,-0.680718183517456,-0.03720564767718315,-0.02201646752655506,-1.0,-0.08699934929609299,-0.019185779616236687,-0.8580315709114075,-0.1163410171866417,-0.026088349521160126,-0.7102214097976685,-0.12800420820713043,0.04219374060630798,-0.6586224436759949,-0.06001117825508118,0.07351436465978622,-0.9438338279724121,-0.09618127346038818,0.060833558440208435,-0.8141790628433228,-0.10489197820425034,0.038220230489969254,-0.6658496856689453,-0.10380727052688599,0.12289689481258392,-0.5855031609535217,-0.09005168080329895,0.14685185253620148,-0.760805070400238,-0.10834496468305588,0.1279143989086151,-0.7133184671401978,-0.10753997415304184,0.0999297946691513,-0.6127791404724121,-0.10467654466629028
E,E_session_001,262,0.0,0.0,0.0,-0.09461398422718048,-0.17182287573814392,-0.04120679572224617,-0.1287476122379303,-0.40692996978759766,-0.06930029392242432,-0.04664266109466553,-0.5545932054519653,-0.1035187616944313,0.05454214662313461,-0.5522502660751343,-0.1303359568119049,-0.13887271285057068,-0.6523226499557495,-0.016681376844644547,-0.13010549545288086,-0.9221014380455017,-0.07679611444473267,-0.12183885276317596,-0.7824862003326416,-0.12386994063854218,-0.11633485555648804,-0.6355191469192505,-0.15028050541877747,-0.0468093678355217,-0.6849781274795532,-0.030838778242468834,-0.02398475632071495,-1.0,-0.07811176031827927,-0.02417682856321335,-0.8562594056129456,-0.10632538050413132,-0.028714118525385857,-0.7100759148597717,-0.1177130788564682,0.04015156626701355,-0.6607581377029419,-0.0549410805106163,0.07232822477817535,-0.9487828016281128,-0.08829650282859802,0.05641667917370796,-0.8219574093818665,-0.0963938757777214,0.03703987970948219,-0.6724834442138672,-0.09556587040424347,0.12127735465765,-0.5879190564155579,-0.08611395210027695,0.14499211311340332,-0.7737267017364502,-0.10221222788095474,0.1229129284620285,-0.7325929403305054,-0.10143665224313736,0.09668398648500443,-0.6326536536216736,-0.09911700338125229
E,E_session_001,263,0.0,0.0,0.0,-0.09462828189134598,-0.17453829944133759,-0.044000495225191116,-0.12673495709896088,-0.40549689531326294,-0.07330049574375153,-0.04807978495955467,-0.5456128716468811,-0.1078561320900917,0.048863016068935394,-0.5343437194824219,-0.1346045583486557,-0.1437123566865921,-0.6494603157043457,-0.019748173654079437,-0.13433398306369781,-0.9224655628204346,-0.080595962703228,-0.12350352108478546,-0.7879343628883362,-0.1272648721933365,-0.11752407252788544,-0.6426395177841187,-0.15319080650806427,-0.05074836313724518,-0.6850067377090454,-0.03296879306435585,-0.030833212658762932,-1.0,-0.08141770958900452,-0.02472258359193802,-0.8557186722755432,-0.11016099900007248,-0.028457410633563995,-0.7076515555381775,-0.1217251569032669,0.037266574800014496,-0.6635473966598511,-0.056272976100444794,0.06422334164381027,-0.9525173306465149,-0.0914570540189743,0.054717183113098145,-0.8244773745536804,-0.10017718374729156,0.03602851927280426,-0.6753309369087219,-0.09940862655639648,0.11864093691110611,-0.5922728776931763,-0.08672130107879639,0.1405644416809082,-0.7735244035720825,-0.10454735904932022,0.12351532280445099,-0.7304080724716187,-0.10443618148565292,0.09844912588596344,-0.629590630531311,-0.10235007107257843
E,E_session_001,264,0.0,0.0,0.0,-0.09532363712787628,-0.17375651001930237,-0.041298553347587585,-0.12859071791172028,-0.4036790728569031,-0.07020071893930435,-0.05043064430356026,-0.540889322757721,-0.1051131933927536,0.0481451116502285,-0.5188639760017395,-0.13294751942157745,-0.14394931495189667,-0.6485396027565002,-0.01886811852455139,-0.13690334558486938,-0.9178651571273804,-0.07833026349544525,-0.1255568414926529,-0.785705029964447,-0.12395201623439789,-0.11783798784017563,-0.64108806848526,-0.14940844476222992,-0.05151453614234924,-0.6856319904327393,-0.03357353061437607,-0.0320461243391037,-1.0,-0.08254238218069077,-0.026863548904657364,-0.8592424392700195,-0.11144622415304184,-0.030298897996544838,-0.7076929807662964,-0.12252315878868103,0.03717345744371414,-0.6644012331962585,-0.05788388475775719,0.06389174610376358,-0.953360378742218,-0.09372899681329727,0.051809150725603104,-0.8288832902908325,-0.10463273525238037,0.031979743391275406,-0.6777769923210144,-0.10467331856489182,0.11992256343364716,-0.5940799117088318,-0.08894917368888855,0.14057829976081848,-0.7743801474571228,-0.10755572468042374,0.12225811183452606,-0.7333903312683105,-0.10901537537574768,0.09748777747154236,-0.6309766173362732,-0.10760235041379929
E,E_session_001,265,0.0,0.0,0.0,-0.09546802192926407,-0.16097168624401093,-0.04783284664154053,-0.13274416327476501,-0.38572582602500916,-0.0806768387556076,-0.052020277827978134,-0.5286107063293457,-0.1175990030169487,0.04879950359463692,-0.5290166139602661,-0.1471433788537979,-0.14510506391525269,-0.6461765170097351,-0.029732011258602142,-0.13660405576229095,-0.9137688279151917,-0.092339426279068,-0.12747709453105927,-0.7734676599502563,-0.14031387865543365,-0.12026701867580414,-0.629054844379425,-0.16768066585063934,-0.05168834701180458,-0.6840754151344299,-0.04253847151994705,-0.03184469789266586,-1.0,-0.09297975152730942,-0.02774573676288128,-0.8514566421508789,-0.1228383332490921,-0.03089590184390545,-0.7036532163619995,-0.13547101616859436,0.035821281373500824,-0.662910521030426,-0.06512051075696945,0.0624409057199955,-0.9535835981369019,-0.10285591334104538,0.05168766528367996,-0.8211705684661865,-0.11269602924585342,0.0337679423391819,-0.6714979410171509,-0.11290205270051956,0.11784088611602783,-0.5897271633148193,-0.09483571350574493,0.13804303109645844,-0.769646942615509,-0.1156398132443428,0.11969374865293503,-0.7182859778404236,-0.11644839495420456,0.0954074040055275,-0.6133140325546265,-0.11499882489442825
E,E_session_001,266,0.0,0.0,0.0,-0.0959073156118393,-0.17052486538887024,-0.04653036966919899,-0.13017669320106506,-0.3936326503753662,-0.0787830799818039,-0.04943254962563515,-0.5323581695556641,-0.11602834612131119,0.04921082407236099,-0.528288722038269,-0.14579923450946808,-0.14418229460716248,-0.6543594598770142,-0.021434815600514412,-0.13565905392169952,-0.9160046577453613,-0.08545590192079544,-0.1281442791223526,-0.7795796990394592,-0.1357823759317398,-0.1210659071803093,-0.636999785900116,-0.16418799757957458,-0.0499609149992466,-0.6888157725334167,-0.03552137315273285,-0.02715366519987583,-1.0,-0.08925498276948929,-0.028038064017891884,-0.856654167175293,-0.12177778780460358,-0.033784039318561554,-0.7080063223838806,-0.13477358222007751,0.03815117105841637,-0.6670318841934204,-0.06008025258779526,0.06887634843587875,-0.9428869485855103,-0.0986197292804718,0.054440274834632874,-0.8191010355949402,-0.11069747060537338,0.03479273244738579,-0.673662006855011,-0.1115233525633812,0.12027893960475922,-0.5948110818862915,-0.09207474440336227,0.14473387598991394,-0.768821656703949,-0.11017510294914246,0.12296650558710098,-0.7195929288864136,-0.11043599247932434,0.09663691371679306,-0.6156777739524841,-0.10861217975616455
E,E_session_001,267,0.0,0.0,0.0,-0.09497670829296112,-0.16772201657295227,-0.04502695053815842,-0.128676638007164,-0.4009631872177124,-0.07512859255075455,-0.05078469216823578,-0.5480855107307434,-0.11071256548166275,0.04479621723294258,-0.5408830642700195,-0.137895405292511,-0.14810173213481903,-0.6468310356140137,-0.019496707245707512,-0.14027181267738342,-0.9229887127876282,-0.08388606458902359,-0.1252649873495102,-0.7836310267448425,-0.13271430134773254,-0.11794599890708923,-0.6355810761451721,-0.15934166312217712,-0.05405402183532715,-0.6831522583961487,-0.03346388041973114,-0.031360507011413574,-1.0,-0.08638612180948257,-0.0280296690762043,-0.8520653247833252,-0.11608759313821793,-0.036022547632455826,-0.7051936984062195,-0.12697091698646545,0.03417498245835304,-0.6632446050643921,-0.05802058055996895,0.06364366412162781,-0.9387279748916626,-0.09609620273113251,0.051481276750564575,-0.803424596786499,-0.1031816378235817,0.03126654028892517,-0.6569498181343079,-0.10030665993690491,0.11535055190324783,-0.5947525501251221,-0.09010406583547592,0.13926813006401062,-0.7697054147720337,-0.10770905017852783,0.11794576793909073,-0.7168262004852295,-0.10543821007013321,0.09172508120536804,-0.6135076284408569,-0.10157272219657898
E,E_session_001,268,0.0,0.0,0.0,-0.09532783180475235,-0.17612704634666443,-0.03713347762823105,-0.12619657814502716,-0.4020809829235077,-0.06559865176677704,-0.04783584177494049,-0.5468018651008606,-0.101849764585495,0.051230620592832565,-0.5471222400665283,-0.13099481165409088,-0.1408904492855072,-0.6458237767219543,-0.012429345399141312,-0.1342899203300476,-0.923800528049469,-0.07701477408409119,-0.12771320343017578,-0.7935751676559448,-0.12742523849010468,-0.12359105795621872,-0.6434546709060669,-0.15472501516342163,-0.0487867072224617,-0.6813760995864868,-0.030743012204766273,-0.0249092448502779,-1.0,-0.08261360973119736,-0.02842823788523674,-0.8619487881660461,-0.11327338218688965,-0.03544740751385689,-0.7121618986129761,-0.12516507506370544,0.038625266402959824,-0.661570131778717,-0.05927722528576851,0.06990156322717667,-0.9421219229698181,-0.09477473795413971,0.05096587538719177,-0.8206259608268738,-0.1027853786945343,0.0311670433729887,-0.6731793284416199,-0.10112680494785309,0.12022914737462997,-0.5936685800552368,-0.09489749372005463,0.14394567906856537,-0.776670515537262,-0.10841492563486099,0.11795931309461594,-0.7369435429573059,-0.10458702594041824,0.09111184626817703,-0.6355144381523132,-0.10027319937944412
E,E_session_001,269,0.0,0.0,0.0,-0.09580805152654648,-0.18506041169166565,-0.036320459097623825,-0.12763962149620056,-0.41048797965049744,-0.06623710691928864,-0.04323602467775345,-0.5462855696678162,-0.1044883131980896,0.060993742197752,-0.5425718426704407,-0.1362110823392868,-0.13835139572620392,-0.6585392355918884,-0.013542075641453266,-0.1319413036108017,-0.924150824546814,-0.07934284955263138,-0.1256193220615387,-0.7927806973457336,-0.13192860782146454,-0.12046723812818527,-0.6447542309761047,-0.1610323190689087,-0.04375113919377327,-0.6893000602722168,-0.03298531472682953,-0.018623625859618187,-1.0,-0.08582396805286407,-0.022800931707024574,-0.8583130240440369,-0.1176149845123291,-0.03100491315126419,-0.7065346837043762,-0.1303446739912033,0.045167312026023865,-0.6645705699920654,-0.06250662356615067,0.07779836654663086,-0.9435217976570129,-0.09837256371974945,0.0594903863966465,-0.8202698230743408,-0.1064816564321518,0.03898910805583,-0.6708036661148071,-0.10447246581315994,0.1272696554660797,-0.5902872085571289,-0.0991133525967598,0.15323546528816223,-0.7775058746337891,-0.1126360222697258,0.12978315353393555,-0.743695080280304,-0.10857286304235458,0.10367333889007568,-0.6454276442527771,-0.1037321537733078
E,E_session_001,270,0.0,0.0,0.0,-0.10029975324869156,-0.1903080940246582,-0.036380790174007416,-0.13134942948818207,-0.4200785160064697,-0.06489787995815277,-0.041830141097307205,-0.5541683435440063,-0.1013379693031311,0.06502818316221237,-0.5407713055610657,-0.13127721846103668,-0.13632838428020477,-0.6588664650917053,-0.013931244611740112,-0.13318561017513275,-0.9315705299377441,-0.07930538058280945,-0.12822407484054565,-0.8046861290931702,-0.13155846297740936,-0.12532435357570648,-0.6511443853378296,-0.16003534197807312,-0.04086257517337799,-0.6887341141700745,-0.032146159559488297,-0.018912704661488533,-1.0,-0.08149310946464539,-0.019322730600833893,-0.864629328250885,-0.11253130435943604,-0.02619580738246441,-0.7137572169303894,-0.12606222927570343,0.04825425520539284,-0.6619126796722412,-0.060502443462610245,0.07936876267194748,-0.945852518081665,-0.09394124150276184,0.06468687951564789,-0.8299056887626648,-0.10253176093101501,0.0446886382997036,-0.6808887720108032,-0.10187165439128876,0.13052251935005188,-0.5861671566963196,-0.09593365341424942,0.15775644779205322,-0.7796648740768433,-0.10924094915390015,0.13782279193401337,-0.7518141865730286,-0.10602064430713654,0.11176557093858719,-0.6515606045722961,-0.10208234190940857
E,E_session_001,271,0.0,0.0,0.0,-0.09775865823030472,-0.18122287094593048,-0.038660719990730286,-0.12737683951854706,-0.40884241461753845,-0.06900057941675186,-0.0400516614317894,-0.5388807058334351,-0.10654022544622421,0.0617726631462574,-0.5225729942321777,-0.13713189959526062,-0.13410980999469757,-0.6598311066627502,-0.018684115260839462,-0.12367473542690277,-0.9257432222366333,-0.08662395924329758,-0.11939338594675064,-0.7897364497184753,-0.13799279928207397,-0.11892825365066528,-0.6380882859230042,-0.16500942409038544,-0.03815827518701553,-0.6882573366165161,-0.03673836588859558,-0.010794770903885365,-1.0,-0.09060325473546982,-0.01399773545563221,-0.852805495262146,-0.11847229301929474,-0.023651132360100746,-0.7008562684059143,-0.12737064063549042,0.052326954901218414,-0.6597763299942017,-0.06503399461507797,0.08558538556098938,-0.9403836727142334,-0.10283370316028595,0.06827946752309799,-0.8072038888931274,-0.10574351996183395,0.04598994925618172,-0.6599230766296387,-0.09922320395708084,0.13537944853305817,-0.5822618007659912,-0.10047974437475204,0.16263112425804138,-0.7697572112083435,-0.1164112538099289,0.13759258389472961,-0.7227879166603088,-0.10935959964990616,0.10800133645534515,-0.6213892698287964,-0.1012904942035675
E,E_session_001,272,0.0,0.0,0.0,-0.0976310521364212,-0.18240031599998474,-0.038471661508083344,-0.1275160312652588,-0.4113883972167969,-0.06827836483716965,-0.03722397983074188,-0.5362439751625061,-0.10554572194814682,0.06671668589115143,-0.5223031640052795,-0.13622257113456726,-0.13172098994255066,-0.6655082106590271,-0.018312130123376846,-0.12150169909000397,-0.9288221001625061,-0.08705078810453415,-0.11682186275720596,-0.792390763759613,-0.14032113552093506,-0.11694828420877457,-0.6372002959251404,-0.16909874975681305,-0.035547882318496704,-0.692884624004364,-0.036946650594472885,-0.009760618209838867,-1.0,-0.0908556655049324,-0.011331061832606792,-0.8533934354782104,-0.12102020531892776,-0.020977580919861794,-0.7011305093765259,-0.13262814283370972,0.05413123220205307,-0.6628630757331848,-0.06606080383062363,0.08896441012620926,-0.9358306527137756,-0.10419131815433502,0.07328393310308456,-0.80396568775177,-0.10993421822786331,0.050349801778793335,-0.6564655303955078,-0.10632488876581192,0.1366000473499298,-0.5836525559425354,-0.1024213656783104,0.17058318853378296,-0.7702422142028809,-0.12018965929746628,0.14695146679878235,-0.7251507639884949,-0.11605826020240784,0.1144280880689621,-0.6218817830085754,-0.11069884151220322
E,E_session_001,273,0.0,0.0,0.0,-0.09758307784795761,-0.18784259259700775,-0.04380190372467041,-0.12834884226322174,-0.4220847487449646,-0.07447683811187744,-0.03398459032177925,-0.5556539297103882,-0.11158791929483414,0.07136788964271545,-0.5373649001121521,-0.13980963826179504,-0.13798098266124725,-0.6614906787872314,-0.02022709511220455,-0.11998125165700912,-0.9302290081977844,-0.092246413230896,-0.11321894079446793,-0.7714158892631531,-0.14394378662109375,-0.117172472178936,-0.6221462488174438,-0.1709388643503189,-0.039184074848890305,-0.6868273019790649,-0.035743389278650284,-0.011681406758725643,-1.0,-0.09308480471372604,-0.010021287947893143,-0.8328202962875366,-0.12012894451618195,-0.020671287551522255,-0.691635012626648,-0.1280973106622696,0.05324907600879669,-0.6597815752029419,-0.06263788044452667,0.08724307268857956,-0.9394987225532532,-0.1038961112499237,0.074299655854702,-0.7899074554443359,-0.1030178964138031,0.05042722076177597,-0.6476053595542908,-0.09313280880451202,0.13612215220928192,-0.5850846171379089,-0.09726627916097641,0.16669563949108124,-0.7707908749580383,-0.11447028070688248,0.14585179090499878,-0.7183161973953247,-0.10632500797510147,0.11664426326751709,-0.6221017241477966,-0.09729109704494476
E,E_session_001,274,0.0,0.0,0.0,-0.09672766178846359,-0.1829051673412323,-0.03727994114160538,-0.1256108582019806,-0.4255237579345703,-0.06295613944530487,-0.031096288934350014,-0.5518949627876282,-0.09612217545509338,0.07582655549049377,-0.5208097100257874,-0.12234749644994736,-0.13134483993053436,-0.6639060378074646,-0.011427072808146477,-0.11786481738090515,-0.9351832866668701,-0.07827780395746231,-0.11503318697214127,-0.8104357719421387,-0.13014192879199982,-0.11979410797357559,-0.6584621667861938,-0.15759477019309998,-0.035580459982156754,-0.6895454525947571,-0.02925117127597332,-0.008138998411595821,-1.0,-0.08119289577007294,-0.010647940449416637,-0.8592674732208252,-0.10990127921104431,-0.02072850987315178,-0.7058258652687073,-0.11990220844745636,0.055340684950351715,-0.6593099236488342,-0.05805613473057747,0.09205429255962372,-0.9369235038757324,-0.09455706179141998,0.07547908276319504,-0.8090181350708008,-0.10009275376796722,0.051993079483509064,-0.661973237991333,-0.09591816365718842,0.13919708132743835,-0.5823381543159485,-0.09426716715097427,0.17514002323150635,-0.7709401249885559,-0.11041060090065002,0.15096339583396912,-0.7286945581436157,-0.10637667775154114,0.11882241070270538,-0.6265473961830139,-0.10117761045694351
E,E_session_001,275,0.0,0.0,0.0,-0.09636717289686203,-0.18195869028568268,-0.034368548542261124,-0.12596096098423004,-0.42555710673332214,-0.0585121288895607,-0.03329849615693092,-0.5580912828445435,-0.09093468636274338,0.07422637194395065,-0.5408663749694824,-0.1159617006778717,-0.13041254878044128,-0.6594592332839966,-0.00857001543045044,-0.1184844970703125,-0.9362613558769226,-0.07471936196088791,-0.11601514369249344,-0.7964959144592285,-0.12429744750261307,-0.11975829303264618,-0.645032525062561,-0.1504301279783249,-0.03537819907069206,-0.6847171187400818,-0.027593763545155525,-0.007469985168427229,-1.0,-0.07862932235002518,-0.01261279545724392,-0.8509320616722107,-0.10567110776901245,-0.02219892293214798,-0.7078946232795715,-0.11472032964229584,0.05408032611012459,-0.6542900204658508,-0.05726735293865204,0.08918668329715729,-0.9409658908843994,-0.09278538823127747,0.07063523679971695,-0.8062459230422974,-0.09517081081867218,0.04942888021469116,-0.664202868938446,-0.0892915204167366,0.13699078559875488,-0.5755242109298706,-0.09402104467153549,0.16771844029426575,-0.7602843642234802,-0.10957612842321396,0.1407795548439026,-0.71576988697052,-0.10407787561416626,0.11053745448589325,-0.6202782988548279,-0.09784725308418274
E,E_session_001,276,0.0,0.0,0.0,-0.09723333269357681,-0.18254297971725464,-0.03726056590676308,-0.12753349542617798,-0.4158964455127716,-0.06584087759256363,-0.036207351833581924,-0.5428165793418884,-0.1022317111492157,0.07256754487752914,-0.534132182598114,-0.1317511647939682,-0.128755584359169,-0.6604053378105164,-0.017706578597426414,-0.1152556985616684,-0.9390419721603394,-0.08408113569021225,-0.113972507417202,-0.8041139841079712,-0.13451457023620605,-0.11629673093557358,-0.6563608646392822,-0.16155585646629333,-0.03310468792915344,-0.6817920804023743,-0.03590589761734009,-0.0030475668609142303,-1.0,-0.08598408102989197,-0.010895528830587864,-0.85136878490448,-0.1141151562333107,-0.020742470398545265,-0.7073005437850952,-0.12543430924415588,0.05575772002339363,-0.6489616632461548,-0.0642775222659111,0.09272240847349167,-0.9399137496948242,-0.09900572896003723,0.0718388631939888,-0.808821976184845,-0.10398883372545242,0.05060587078332901,-0.6621996164321899,-0.10068247467279434,0.13753283023834229,-0.5675840973854065,-0.09971779584884644,0.1712895631790161,-0.7686080932617188,-0.11404963582754135,0.14546877145767212,-0.73054438829422,-0.10927625000476837,0.1154758557677269,-0.6306901574134827,-0.10432318598031998
E,E_session_001,277,0.0,0.0,0.0,-0.09519657492637634,-0.17726747691631317,-0.04030104726552963,-0.12506400048732758,-0.41259393095970154,-0.0686209574341774,-0.034298982471227646,-0.54804927110672,-0.10349287837743759,0.07330488413572311,-0.5429035425186157,-0.13130447268486023,-0.12696217000484467,-0.6575624942779541,-0.019016526639461517,-0.11501360684633255,-0.9369142651557922,-0.08402450382709503,-0.11199450492858887,-0.8082439303398132,-0.13431979715824127,-0.11212190240621567,-0.659852921962738,-0.16183936595916748,-0.03140904754400253,-0.6838957667350769,-0.03556279093027115,-0.0006606634124182165,-1.0,-0.0836748257279396,-0.006879790686070919,-0.8578217625617981,-0.1117168441414833,-0.01620914600789547,-0.713625967502594,-0.12368905544281006,0.0572667121887207,-0.6525900363922119,-0.06247366592288017,0.0945761650800705,-0.9385350942611694,-0.09630408138036728,0.07416615635156631,-0.810113787651062,-0.10179920494556427,0.052778758108615875,-0.6653160452842712,-0.09990540891885757,0.13925930857658386,-0.5703887343406677,-0.09673631191253662,0.16974979639053345,-0.7598003149032593,-0.11229899525642395,0.14252878725528717,-0.7154625058174133,-0.10833295434713364,0.11204648017883301,-0.6129769682884216,-0.10429271310567856
E,E_session_001,278,0.0,0.0,0.0,-0.09350716322660446,-0.17527525126934052,-0.04308125004172325,-0.12309663742780685,-0.40934136509895325,-0.07301942259073257,-0.03304893523454666,-0.541951060295105,-0.10887043178081512,0.07238056510686874,-0.5326815247535706,-0.1377425342798233,-0.1245998814702034,-0.6558952331542969,-0.023464912548661232,-0.11154015362262726,-0.9360030889511108,-0.09026443213224411,-0.10923238098621368,-0.8101676106452942,-0.14112332463264465,-0.1100798100233078,-0.6612949371337891,-0.16854073107242584,-0.028972378000617027,-0.6822068095207214,-0.039011336863040924,0.0024787141010165215,-1.0,-0.09035411477088928,-0.002744031371548772,-0.8534825444221497,-0.11932576447725296,-0.013032443821430206,-0.7041387557983398,-0.13087990880012512,0.059719037264585495,-0.6512613892555237,-0.06495121121406555,0.09816517680883408,-0.9406381249427795,-0.1026945412158966,0.0782754048705101,-0.8068777918815613,-0.10912137478590012,0.05536770075559616,-0.6574090123176575,-0.10643825680017471,0.1411646008491516,-0.5702636241912842,-0.09818302094936371,0.17285417020320892,-0.7610892057418823,-0.1173320785164833,0.1470414102077484,-0.7131959199905396,-0.11445987969636917,0.116566002368927,-0.6068013906478882,-0.11019792407751083
E,E_session_001,279,0.0,0.0,0.0,-0.09247986227273941,-0.17098595201969147,-0.04193030297756195,-0.12217693030834198,-0.4104476273059845,-0.07064870744943619,-0.03262345865368843,-0.5437224507331848,-0.10520077496767044,0.07405298203229904,-0.5357104539871216,-0.132646843791008,-0.12307411432266235,-0.6549789309501648,-0.023488257080316544,-0.10727864503860474,-0.934648334980011,-0.09063681960105896,-0.10851935297250748,-0.8077638745307922,-0.1408490389585495,-0.1114448681473732,-0.6556547284126282,-0.16746582090854645,-0.028395140543580055,-0.6821829080581665,-0.03916563838720322,0.006307164207100868,-1.0,-0.0908861830830574,-0.0022811100352555513,-0.8558430075645447,-0.11894487589597702,-0.013140217401087284,-0.7071884870529175,-0.12952251732349396,0.05999721959233284,-0.6511245369911194,-0.06508615612983704,0.10002313554286957,-0.9396008849143982,-0.10237347334623337,0.07748536765575409,-0.807934582233429,-0.10754892230033875,0.054440293461084366,-0.6618396639823914,-0.10440445691347122,0.14149311184883118,-0.5697753429412842,-0.09821929782629013,0.17209196090698242,-0.7588279247283936,-0.11710650473833084,0.14538206160068512,-0.7099767327308655,-0.11370844393968582,0.1162712350487709,-0.6070399880409241,-0.1092655211687088
E,E_session_001,280,0.0,0.0,0.0,-0.09008530527353287,-0.17502763867378235,-0.04020075127482414,-0.11958521604537964,-0.4156597852706909,-0.06650470942258835,-0.026755493134260178,-0.5465049147605896,-0.09892963618040085,0.08318775147199631,-0.5448010563850403,-0.12447017431259155,-0.12387087941169739,-0.6510228514671326,-0.01841685175895691,-0.11024675518274307,-0.9308023452758789,-0.08350677043199539,-0.1105828583240509,-0.8120131492614746,-0.1326393485069275,-0.11371269822120667,-0.6642946004867554,-0.15866228938102722,-0.030047625303268433,-0.6809155941009521,-0.03462572023272514,0.005434743594378233,-1.0,-0.08422304689884186,-0.0011632067617028952,-0.855621874332428,-0.11153987050056458,-0.013204374350607395,-0.7087221741676331,-0.12146904319524765,0.057578299194574356,-0.6505192518234253,-0.061147816479206085,0.09655746072530746,-0.9313279986381531,-0.09675699472427368,0.07883995771408081,-0.7955554127693176,-0.10073092579841614,0.05665907636284828,-0.6547743082046509,-0.09671714156866074,0.1387750804424286,-0.5679699182510376,-0.09479968994855881,0.1718495637178421,-0.7536998987197876,-0.11124620586633682,0.15013405680656433,-0.7016029357910156,-0.10545822232961655,0.12241632491350174,-0.602066695690155,-0.09966818988323212
E,E_session_001,281,0.0,0.0,0.0,-0.08880198001861572,-0.1754162609577179,-0.0418318472802639,-0.1147402748465538,-0.4094700813293457,-0.06987019628286362,-0.021616898477077484,-0.5397990942001343,-0.1035371944308281,0.08417148888111115,-0.5445627570152283,-0.13034890592098236,-0.11863557994365692,-0.6555909514427185,-0.021213240921497345,-0.1032361164689064,-0.9333612322807312,-0.08695618063211441,-0.10160507261753082,-0.8077726364135742,-0.13721239566802979,-0.10380438715219498,-0.6562703251838684,-0.1637016385793686,-0.024186594411730766,-0.683290421962738,-0.036673013120889664,0.011596650816500187,-1.0,-0.08651243150234222,0.006022128276526928,-0.8532853126525879,-0.11517703533172607,-0.00549902580678463,-0.7021390199661255,-0.1259305477142334,0.06307081133127213,-0.6515102386474609,-0.06231308728456497,0.10245446860790253,-0.9341621398925781,-0.09756489098072052,0.08510605990886688,-0.7988264560699463,-0.10230743885040283,0.06298348307609558,-0.653563380241394,-0.09867890924215317,0.14345411956310272,-0.5670406222343445,-0.09516865760087967,0.17379038035869598,-0.7555832862854004,-0.11132251471281052,0.15301449596881866,-0.7051258683204651,-0.10557392984628677,0.12597621977329254,-0.6039151549339294,-0.09945772588253021
E,E_session_001,282,0.0,0.0,0.0,-0.08870897442102432,-0.17571625113487244,-0.04427208751440048,-0.11462244391441345,-0.4096759259700775,-0.07355448603630066,-0.022015616297721863,-0.5406662225723267,-0.10842282325029373,0.0825546607375145,-0.5448814630508423,-0.1360042840242386,-0.11956330388784409,-0.6569893956184387,-0.021815713495016098,-0.10188010334968567,-0.9343807697296143,-0.08660650998353958,-0.10082897543907166,-0.8013604879379272,-0.1365872323513031,-0.10246330499649048,-0.6514059901237488,-0.16387340426445007,-0.024924570694565773,-0.6826043128967285,-0.035677384585142136,0.009809859097003937,-1.0,-0.08463823050260544,0.003142918925732374,-0.8532965183258057,-0.11381939053535461,-0.007554040756076574,-0.7060007452964783,-0.12610746920108795,0.06235494837164879,-0.6510571837425232,-0.05998929217457771,0.10079175978899002,-0.9382746815681458,-0.09421449899673462,0.08189147710800171,-0.8066545724868774,-0.100420281291008,0.06028369069099426,-0.6610446572303772,-0.09872948378324509,0.14233963191509247,-0.5690605044364929,-0.09187927842140198,0.17354682087898254,-0.7614626884460449,-0.10815442353487015,0.15121212601661682,-0.7174968719482422,-0.10519586503505707,0.12316495180130005,-0.6182379722595215,-0.10176469385623932
E,E_session_001,283,0.0,0.0,0.0,-0.08859257400035858,-0.1720074564218521,-0.04540359601378441,-0.11497297883033752,-0.4128790497779846,-0.07463563233613968,-0.021069243550300598,-0.5433136820793152,-0.10856305062770844,0.0848887488245964,-0.5427373647689819,-0.13478219509124756,-0.11886774748563766,-0.6576688289642334,-0.02564157359302044,-0.10090120136737823,-0.9328019022941589,-0.09070909023284912,-0.09905056655406952,-0.7939382791519165,-0.13950976729393005,-0.10062575340270996,-0.6443268656730652,-0.16587598621845245,-0.024357561022043228,-0.6824122071266174,-0.038855597376823425,0.010738970711827278,-1.0,-0.08807991445064545,0.004100179765373468,-0.846701443195343,-0.11471278965473175,-0.007602638099342585,-0.7008005380630493,-0.12483727931976318,0.06250208616256714,-0.6494597792625427,-0.062458883970975876,0.10127583891153336,-0.9356915354728699,-0.09723194688558578,0.08288229256868362,-0.7953197956085205,-0.10038349777460098,0.06079896539449692,-0.6513528823852539,-0.09629524499177933,0.1420709490776062,-0.5658328533172607,-0.09369377791881561,0.1735428422689438,-0.7569650411605835,-0.1100679486989975,0.15149910748004913,-0.7059199213981628,-0.10535571724176407,0.12385854870080948,-0.607943058013916,-0.10054313391447067
E,E_session_001,284,0.0,0.0,0.0,-0.09005149453878403,-0.17921298742294312,-0.046045538038015366,-0.1149417832493782,-0.4168368875980377,-0.07532420754432678,-0.019562212750315666,-0.5437271595001221,-0.10954957455396652,0.08667249977588654,-0.5437312126159668,-0.13594454526901245,-0.11805231869220734,-0.6598961353302002,-0.023739466443657875,-0.10023272037506104,-0.9325118064880371,-0.09056674689054489,-0.09808186441659927,-0.7912152409553528,-0.14111895859241486,-0.10053537040948868,-0.6407222747802734,-0.1684582233428955,-0.022734733298420906,-0.6817593574523926,-0.03648865595459938,0.009596649557352066,-1.0,-0.08763770759105682,0.005490730982273817,-0.8492721915245056,-0.11768946051597595,-0.004489792976528406,-0.7042011618614197,-0.13027139008045197,0.06431116908788681,-0.6486203670501709,-0.059985578060150146,0.10264881700277328,-0.9352271556854248,-0.09630995243787766,0.08661201596260071,-0.8025720119476318,-0.10367131978273392,0.0648820623755455,-0.6579364538192749,-0.10219644755125046,0.14395081996917725,-0.5663511157035828,-0.09118116647005081,0.17582693696022034,-0.758230447769165,-0.10886788368225098,0.1566154658794403,-0.717853844165802,-0.1080322265625,0.12899893522262573,-0.6226188540458679,-0.10604032129049301
E,E_session_001,285,0.0,0.0,0.0,-0.09006357192993164,-0.1768130213022232,-0.0460495762526989,-0.11514414846897125,-0.4273575246334076,-0.07349567115306854,-0.017712749540805817,-0.55769944190979,-0.10602406412363052,0.09148551523685455,-0.5455424785614014,-0.13050362467765808,-0.11851932853460312,-0.6608302593231201,-0.021128298714756966,-0.1025644987821579,-0.9344351887702942,-0.08589288592338562,-0.1004389151930809,-0.7976366281509399,-0.13544176518917084,-0.10187000781297684,-0.6479064226150513,-0.16265636682510376,-0.024132046848535538,-0.6830300092697144,-0.033194225281476974,0.007455703802406788,-1.0,-0.08327236771583557,0.002486014738678932,-0.8517788052558899,-0.11263753473758698,-0.007111228071153164,-0.705012857913971,-0.12463589757680893,0.06317124515771866,-0.6499602198600769,-0.05613107606768608,0.10056380927562714,-0.9370752573013306,-0.09152007102966309,0.08345086127519608,-0.8064074516296387,-0.09940740466117859,0.06243271753191948,-0.6597272753715515,-0.09835561364889145,0.14384396374225616,-0.5702027082443237,-0.08692562580108643,0.17678706347942352,-0.7626833319664001,-0.10511530190706253,0.15484443306922913,-0.7213451862335205,-0.10578862577676773,0.12588247656822205,-0.6221585273742676,-0.10485543310642242
E,E_session_001,286,0.0,0.0,0.0,-0.09217577427625656,-0.17233452200889587,-0.04496651515364647,-0.11960016936063766,-0.4215948283672333,-0.07273493707180023,-0.021323420107364655,-0.5490614771842957,-0.10537078231573105,0.09034042060375214,-0.5356098413467407,-0.13066886365413666,-0.11836891621351242,-0.657885730266571,-0.026017993688583374,-0.10118065029382706,-0.9322134256362915,-0.0899106040596962,-0.09981464594602585,-0.7946785688400269,-0.1386701911687851,-0.1016216054558754,-0.6462620496749878,-0.1658485233783722,-0.0228064376860857,-0.6802272796630859,-0.03914176672697067,0.012150279246270657,-1.0,-0.0873037800192833,0.004189817700535059,-0.8508243560791016,-0.11530133336782455,-0.0069536324590444565,-0.7050156593322754,-0.1274993121623993,0.06487779319286346,-0.6467322111129761,-0.06252671778202057,0.10620497167110443,-0.9357585310935974,-0.0964658260345459,0.08584396541118622,-0.804931640625,-0.10430241376161575,0.0632060095667839,-0.6592517495155334,-0.1043752133846283,0.14554134011268616,-0.5655790567398071,-0.0935303270816803,0.17935392260551453,-0.7609497904777527,-0.11058084666728973,0.1554795801639557,-0.716992974281311,-0.11045745760202408,0.1257261335849762,-0.6159873604774475,-0.10988584160804749
E,E_session_001,287,0.0,0.0,0.0,-0.09168164432048798,-0.1723325550556183,-0.04753819853067398,-0.11791364848613739,-0.418111652135849,-0.07659542560577393,-0.019963687285780907,-0.549970269203186,-0.10982120037078857,0.09071863442659378,-0.5425638556480408,-0.1353081464767456,-0.11969228088855743,-0.6545910239219666,-0.027392372488975525,-0.10473251342773438,-0.9272221326828003,-0.09328104555606842,-0.10202252864837646,-0.7891396880149841,-0.14377109706401825,-0.1039292961359024,-0.6393547654151917,-0.1719910055398941,-0.02313528023660183,-0.6810560822486877,-0.03955445438623428,0.010044625028967857,-1.0,-0.08965707570314407,0.005167341325432062,-0.853138267993927,-0.11886680126190186,-0.006905118469148874,-0.7085403203964233,-0.13168124854564667,0.06514482200145721,-0.648995578289032,-0.06226878613233566,0.10626194626092911,-0.9372528791427612,-0.09807910770177841,0.08847817778587341,-0.8051429986953735,-0.10565833747386932,0.06362009793519974,-0.6600221395492554,-0.1052713468670845,0.146093487739563,-0.567841649055481,-0.09284524619579315,0.1782173365354538,-0.7543290257453918,-0.112418994307518,0.15530729293823242,-0.7093535661697388,-0.11308735609054565,0.12369212508201599,-0.6110302209854126,-0.11251407116651535
E,E_session_001,288,0.0,0.0,0.0,-0.09260820597410202,-0.17509505152702332,-0.042836014181375504,-0.11885866522789001,-0.41837871074676514,-0.0704786479473114,-0.022686855867505074,-0.5499880313873291,-0.10397881269454956,0.08661691844463348,-0.5435532927513123,-0.13034912943840027,-0.11858291923999786,-0.652528703212738,-0.02142415940761566,-0.1072484627366066,-0.9271318316459656,-0.08761836588382721,-0.10423272848129272,-0.7933284044265747,-0.13826148211956024,-0.10397600382566452,-0.6431298851966858,-0.16589419543743134,-0.023606667295098305,-0.6793774962425232,-0.036265209317207336,0.00812718365341425,-1.0,-0.08674176782369614,0.002456965856254101,-0.853817343711853,-0.11558765918016434,-0.00637669675052166,-0.7065042853355408,-0.12754161655902863,0.06439115107059479,-0.6472916603088379,-0.061706047505140305,0.1038481742143631,-0.9437510967254639,-0.09875261038541794,0.08414862304925919,-0.8124849200248718,-0.10609488934278488,0.06286831945180893,-0.6647648811340332,-0.10474220663309097,0.1460370570421219,-0.5659904479980469,-0.09455196559429169,0.17948932945728302,-0.761547863483429,-0.11494338512420654,0.15276946127414703,-0.7179663181304932,-0.1148608848452568,0.1209300085902214,-0.615920901298523,-0.11316374689340591
E,E_session_001,289,0.0,0.0,0.0,-0.0944225937128067,-0.17294637858867645,-0.044981762766838074,-0.120480015873909,-0.41417554020881653,-0.07399342954158783,-0.024041831493377686,-0.5451188087463379,-0.10819528251886368,0.08649018406867981,-0.5362426042556763,-0.135591059923172,-0.11542007327079773,-0.6500845551490784,-0.02583944797515869,-0.1075812429189682,-0.9251227378845215,-0.09224271774291992,-0.10535784065723419,-0.800536036491394,-0.14374703168869019,-0.10257530212402344,-0.6467889547348022,-0.17207741737365723,-0.02068510092794895,-0.6793571710586548,-0.0397871695458889,0.009610881097614765,-1.0,-0.09002144634723663,0.002997242147102952,-0.8642138838768005,-0.1204371526837349,-0.005597347859293222,-0.7117085456848145,-0.13411028683185577,0.06710707396268845,-0.6471638083457947,-0.06420271843671799,0.10585609078407288,-0.9440863132476807,-0.10096625238656998,0.0856737568974495,-0.8220902681350708,-0.1116451695561409,0.0647481307387352,-0.6704764366149902,-0.1132114976644516,0.14920896291732788,-0.5648631453514099,-0.09618116170167923,0.1822849065065384,-0.75715571641922,-0.11802774667739868,0.1561831682920456,-0.718203067779541,-0.12107536941766739,0.12505440413951874,-0.611542284488678,-0.12174040079116821
E,E_session_001,290,0.0,0.0,0.0,-0.09415529668331146,-0.1758551448583603,-0.04315875843167305,-0.12063133716583252,-0.42051440477371216,-0.07071277499198914,-0.0218580923974514,-0.5496289134025574,-0.10366007685661316,0.09177783131599426,-0.5397359132766724,-0.1296757459640503,-0.11574754118919373,-0.6505100727081299,-0.02459726110100746,-0.10838844627141953,-0.9221324324607849,-0.09079983085393906,-0.10659298300743103,-0.7987977266311646,-0.14170533418655396,-0.104695625603199,-0.6451101899147034,-0.1696537286043167,-0.02087024413049221,-0.6814805269241333,-0.03907858580350876,0.007264910731464624,-1.0,-0.08913250267505646,0.0007960578659549356,-0.8649861216545105,-0.11852112412452698,-0.007635434158146381,-0.7121626734733582,-0.13102291524410248,0.06717666238546371,-0.6497587561607361,-0.0639641210436821,0.10420802235603333,-0.9436373114585876,-0.10086290538311005,0.08397950232028961,-0.821670413017273,-0.11044132709503174,0.06265375763177872,-0.6715050935745239,-0.11072457581758499,0.1499161720275879,-0.5678266286849976,-0.09629164636135101,0.18383927643299103,-0.7568175792694092,-0.11869018524885178,0.15772604942321777,-0.7216446399688721,-0.12170343101024628,0.12598904967308044,-0.6191417574882507,-0.12181513011455536
E,E_session_001,291,0.0,0.0,0.0,-0.09693800657987595,-0.17353227734565735,-0.043354399502277374,-0.12179520726203918,-0.41978925466537476,-0.0697399452328682,-0.01983768679201603,-0.5480369329452515,-0.10174857079982758,0.09274797141551971,-0.5403578877449036,-0.12696737051010132,-0.11507990211248398,-0.6519094109535217,-0.022771788761019707,-0.10806682705879211,-0.9224989414215088,-0.0895906612277031,-0.105231374502182,-0.7977942228317261,-0.14079180359840393,-0.10374793410301208,-0.6431506872177124,-0.1683535873889923,-0.020166270434856415,-0.6818573474884033,-0.0371071919798851,0.007942095398902893,-1.0,-0.0870959609746933,0.002896675141528249,-0.8636582493782043,-0.11688915640115738,-0.004807812627404928,-0.7119697332382202,-0.1296035796403885,0.06754570454359055,-0.6501849889755249,-0.06221004202961922,0.10512477159500122,-0.9408624172210693,-0.09940943121910095,0.08540203422307968,-0.817837119102478,-0.10967442393302917,0.06418386846780777,-0.6682566404342651,-0.11028667539358139,0.14996886253356934,-0.5694765448570251,-0.09479435533285141,0.18324808776378632,-0.760134756565094,-0.11623287200927734,0.15797774493694305,-0.7246178388595581,-0.11882203817367554,0.12691062688827515,-0.6218125224113464,-0.11884111166000366
E,E_session_001,292,0.0,0.0,0.0,-0.09524940699338913,-0.17884495854377747,-0.0403139665722847,-0.120445616543293,-0.41673901677131653,-0.06716516613960266,-0.02682585082948208,-0.542891263961792,-0.10067948698997498,0.07966607064008713,-0.5262122750282288,-0.12785664200782776,-0.11642438918352127,-0.6575138568878174,-0.02021630108356476,-0.10887274146080017,-0.9262487292289734,-0.08685221523046494,-0.10722565650939941,-0.8069616556167603,-0.13930146396160126,-0.10665559768676758,-0.6496120095252991,-0.16755016148090363,-0.021189196035265923,-0.6848474144935608,-0.03571012243628502,0.006726598832756281,-1.0,-0.08545293658971786,0.0006051656091585755,-0.8783127069473267,-0.11731676757335663,-0.0063955881632864475,-0.7283574342727661,-0.1320853978395462,0.06785306334495544,-0.651824951171875,-0.06158655881881714,0.10474318265914917,-0.940007209777832,-0.09791528433561325,0.08311702311038971,-0.8325061798095703,-0.11122135818004608,0.06324928253889084,-0.6840605735778809,-0.11442673951387405,0.15104804933071136,-0.5711401104927063,-0.09464862942695618,0.1858610063791275,-0.7666117548942566,-0.11574765294790268,0.15822862088680267,-0.7403081655502319,-0.12023656815290451,0.12760940194129944,-0.6360073089599609,-0.1218043863773346
E,E_session_001,293,0.0,0.0,0.0,-0.09913315623998642,-0.1773788332939148,-0.040339987725019455,-0.12560978531837463,-0.4221462905406952,-0.06580256670713425,-0.02952379547059536,-0.5468136668205261,-0.09695816785097122,0.07690411061048508,-0.51539546251297,-0.12160549312829971,-0.11591140925884247,-0.6590288281440735,-0.02141122706234455,-0.10856650769710541,-0.9220067858695984,-0.08813761919736862,-0.1076672300696373,-0.8046194911003113,-0.13898664712905884,-0.10738555341959,-0.6506938934326172,-0.16565999388694763,-0.02005910314619541,-0.6853477954864502,-0.03695095330476761,0.00950425211340189,-1.0,-0.08790872991085052,0.0008339945343323052,-0.8745803236961365,-0.11578450351953506,-0.008032548241317272,-0.7230411767959595,-0.12612661719322205,0.06930109858512878,-0.6506349444389343,-0.06315227597951889,0.10778309404850006,-0.9289184212684631,-0.10156546533107758,0.08328574895858765,-0.8150267004966736,-0.11111900210380554,0.06152385100722313,-0.6710827350616455,-0.1102679967880249,0.15230906009674072,-0.5691102743148804,-0.09655527770519257,0.1870919167995453,-0.7646576762199402,-0.11838570982217789,0.15931609272956848,-0.7281685471534729,-0.11978863924741745,0.12969933450222015,-0.6227397322654724,-0.11837072670459747
E,E_session_001,294,0.0,0.0,0.0,-0.09803248196840286,-0.17537467181682587,-0.04310651496052742,-0.1228276863694191,-0.42037656903266907,-0.0707051083445549,-0.024550821632146835,-0.549653172492981,-0.10393447428941727,0.0862061083316803,-0.52861487865448,-0.13021905720233917,-0.11578941345214844,-0.6492065191268921,-0.026226704940199852,-0.10738732665777206,-0.9246744513511658,-0.09448550641536713,-0.10530927032232285,-0.8035251498222351,-0.14593586325645447,-0.10617391765117645,-0.6429576873779297,-0.17268085479736328,-0.01989228092133999,-0.6788167357444763,-0.040187932550907135,0.0091360779479146,-1.0,-0.09039973467588425,0.0023109312169253826,-0.8732655644416809,-0.11829226464033127,-0.007302829064428806,-0.7193046808242798,-0.12944388389587402,0.06952955573797226,-0.6444457173347473,-0.0648551881313324,0.10719048231840134,-0.9356892704963684,-0.10205123573541641,0.08495493233203888,-0.8203956484794617,-0.11111447215080261,0.06233285367488861,-0.6698708534240723,-0.11071104556322098,0.1528862863779068,-0.562801718711853,-0.0970061644911766,0.18942603468894958,-0.7583205103874207,-0.11849447339773178,0.1618131399154663,-0.7271511554718018,-0.12075231224298477,0.129025399684906,-0.6224637627601624,-0.12027045339345932
E,E_session_001,295,0.0,0.0,0.0,-0.0968165248632431,-0.1787700653076172,-0.04475059360265732,-0.12134874612092972,-0.4270821511745453,-0.07119495421648026,-0.021947411820292473,-0.5563744902610779,-0.10295581817626953,0.08648869395256042,-0.5204549431800842,-0.1276816576719284,-0.11714651435613632,-0.6501268148422241,-0.0218088086694479,-0.10880323499441147,-0.919342041015625,-0.0891694724559784,-0.10566290467977524,-0.8061489462852478,-0.14101602137088776,-0.10687503963708878,-0.6497104167938232,-0.1684594601392746,-0.020339637994766235,-0.6811323165893555,-0.03430919721722603,0.007856626994907856,-1.0,-0.08629311621189117,0.004139510914683342,-0.8760626316070557,-0.11707165837287903,-0.0060012489557266235,-0.7224659323692322,-0.12968981266021729,0.07051270455121994,-0.6502333879470825,-0.05789060518145561,0.10943112522363663,-0.9363428950309753,-0.09735040366649628,0.08994811773300171,-0.8219798803329468,-0.11022596806287766,0.06593675911426544,-0.6714377403259277,-0.11155159026384354,0.15444137156009674,-0.5722060799598694,-0.0890275165438652,0.19229941070079803,-0.7621808648109436,-0.11184047907590866,0.1680663377046585,-0.7322622537612915,-0.11730550974607468,0.1361294835805893,-0.6300317049026489,-0.119015172123909
E,E_session_001,296,0.0,0.0,0.0,-0.10038378834724426,-0.18154889345169067,-0.03975590318441391,-0.12797623872756958,-0.42434927821159363,-0.06578484922647476,-0.03070363961160183,-0.5483624339103699,-0.09852656722068787,0.0750468522310257,-0.5093055367469788,-0.12428339570760727,-0.11450567096471786,-0.6659900546073914,-0.017179911956191063,-0.10436607897281647,-0.924098014831543,-0.08649527281522751,-0.10633368045091629,-0.7875019907951355,-0.13680556416511536,-0.109100341796875,-0.6330097317695618,-0.1618967056274414,-0.017373446375131607,-0.689746618270874,-0.03359365090727806,0.014495481736958027,-1.0,-0.0877758264541626,0.0030812553595751524,-0.852929949760437,-0.1130029708147049,-0.0071958876214921474,-0.7024266123771667,-0.11907431483268738,0.07273384928703308,-0.6525691747665405,-0.06128382682800293,0.11293943971395493,-0.931164562702179,-0.10271281003952026,0.08742893487215042,-0.7985572218894958,-0.10695946216583252,0.06528650969266891,-0.6535115242004395,-0.09969115257263184,0.15541312098503113,-0.5680398941040039,-0.09614033252000809,0.1924361288547516,-0.7604943513870239,-0.11629413068294525,0.16363978385925293,-0.7213837504386902,-0.11292581260204315,0.13265256583690643,-0.6222934722900391,-0.10648512840270996
E,E_session_001,297,0.0,0.0,0.0,-0.0987849086523056,-0.18848322331905365,-0.043282411992549896,-0.12223398685455322,-0.4319716691970825,-0.07099957019090652,-0.02413218840956688,-0.5568483471870422,-0.10513470321893692,0.0809612050652504,-0.5155924558639526,-0.13174690306186676,-0.11089406162500381,-0.6707441210746765,-0.01642714813351631,-0.10179790109395981,-0.9272108674049377,-0.08791633695363998,-0.10157997906208038,-0.7970069646835327,-0.14066332578659058,-0.10344075411558151,-0.6413565874099731,-0.16705532371997833,-0.015159769915044308,-0.6924693584442139,-0.03080006130039692,0.013797464780509472,-1.0,-0.08788080513477325,0.005632119718939066,-0.8600548505783081,-0.11645388603210449,-0.0036549950018525124,-0.7074044346809387,-0.1245884820818901,0.07432432472705841,-0.6557873487472534,-0.057149890810251236,0.11515996605157852,-0.9400304555892944,-0.10159926116466522,0.0907306969165802,-0.8115643262863159,-0.10949704796075821,0.06713090091943741,-0.660464882850647,-0.10401119291782379,0.15681202709674835,-0.5719529986381531,-0.09095922112464905,0.1941051185131073,-0.7618204951286316,-0.11390034854412079,0.16668134927749634,-0.727185070514679,-0.11462529748678207,0.13546665012836456,-0.6271381974220276,-0.11068658530712128
E,E_session_001,298,0.0,0.0,0.0,-0.10062435269355774,-0.19432242214679718,-0.04287043213844299,-0.12348106503486633,-0.4414452612400055,-0.07066190242767334,-0.022760171443223953,-0.5670003294944763,-0.10506827384233475,0.08332791179418564,-0.5230646729469299,-0.13260164856910706,-0.10958938300609589,-0.6656849384307861,-0.016564534977078438,-0.09936860203742981,-0.9323705434799194,-0.0855826735496521,-0.09976783394813538,-0.8083746433258057,-0.13842706382274628,-0.10281380265951157,-0.6543799638748169,-0.16582807898521423,-0.013693155720829964,-0.6885641813278198,-0.03092687763273716,0.015273761935532093,-1.0,-0.08329331129789352,0.007899771444499493,-0.8712822198867798,-0.11364998668432236,-0.0005849266890436411,-0.7212899327278137,-0.12531615793704987,0.07532703131437302,-0.6519047021865845,-0.05685659125447273,0.11518793553113937,-0.9384037256240845,-0.09664155542850494,0.09163713455200195,-0.8230215311050415,-0.10754179954528809,0.06849991530179977,-0.673175573348999,-0.10629510879516602,0.1572837382555008,-0.5697877407073975,-0.09033719450235367,0.19481690227985382,-0.7653446793556213,-0.11038452386856079,0.16863913834095,-0.7362951636314392,-0.11194116622209549,0.13674259185791016,-0.6324682831764221,-0.11010332405567169
E,E_session_001,299,0.0,0.0,0.0,-0.09808646887540817,-0.19729703664779663,-0.04076915979385376,-0.1212235614657402,-0.44880494475364685,-0.06636148691177368,-0.021163398399949074,-0.5767717361450195,-0.09878021478652954,0.08657021820545197,-0.5283364653587341,-0.12454263865947723,-0.10878459364175797,-0.6692951917648315,-0.011864440515637398,-0.09750444442033768,-0.9352213144302368,-0.07667989283800125,-0.09679026901721954,-0.8172144889831543,-0.12806589901447296,-0.09818021208047867,-0.665107250213623,-0.15586362779140472,-0.012996252626180649,-0.691608726978302,-0.026095787063241005,0.016805633902549744,-1.0,-0.07736728340387344,0.010762793011963367,-0.8725923299789429,-0.10919317603111267,0.0021416647359728813,-0.7177111506462097,-0.12177416682243347,0.07580460608005524,-0.6546023488044739,-0.051423605531454086,0.11495546996593475,-0.9362403750419617,-0.0891810953617096,0.09325800836086273,-0.8259534239768982,-0.10320022702217102,0.06961115449666977,-0.6734967231750488,-0.1044434905052185,0.15706373751163483,-0.5718862414360046,-0.0841417983174324,0.19356295466423035,-0.7580825090408325,-0.10487556457519531,0.1713705062866211,-0.7334660291671753,-0.1105615422129631,0.14174200594425201,-0.6314817667007446,-0.11183758825063705
