label,session_id,sample_index,x_0,y_0,z_0,x_1,y_1,z_1,x_2,y_2,z_2,x_3,y_3,z_3,x_4,y_4,z_4,x_5,y_5,z_5,x_6,y_6,z_6,x_7,y_7,z_7,x_8,y_8,z_8,x_9,y_9,z_9,x_10,y_10,z_10,x_11,y_11,z_11,x_12,y_12,z_12,x_13,y_13,z_13,x_14,y_14,z_14,x_15,y_15,z_15,x_16,y_16,z_16,x_17,y_17,z_17,x_18,y_18,z_18,x_19,y_19,z_19,x_20,y_20,z_20
E,E_session_002,0,0.0,0.0,0.0,-0.12595167756080627,-0.06533285230398178,-0.051683053374290466,-0.20341531932353973,-0.31203120946884155,-0.07937610149383545,-0.1299932897090912,-0.49320363998413086,-0.11191698163747787,-0.008317392319440842,-0.5141842365264893,-0.13564419746398926,-0.18695393204689026,-0.6574589014053345,-0.018992535769939423,-0.19660571217536926,-0.9151216745376587,-0.09161056578159332,-0.20499162375926971,-0.7848626375198364,-0.1419360637664795,-0.19694951176643372,-0.6108230352401733,-0.1661219745874405,-0.08480057865381241,-0.6939343810081482,-0.02902849204838276,-0.07962208986282349,-1.0,-0.09191717952489853,-0.10332359373569489,-0.8510124087333679,-0.1160513237118721,-0.10241403430700302,-0.6809783577919006,-0.1159069836139679,0.0128252524882555,-0.6605566740036011,-0.051972780376672745,0.03285515680909157,-0.9388025999069214,-0.10955944657325745,-0.004551357589662075,-0.7893207669258118,-0.1114240363240242,-0.01482937578111887,-0.6245077848434448,-0.09594991058111191,0.10858072340488434,-0.5786024332046509,-0.08183349668979645,0.13429826498031616,-0.785225510597229,-0.12382151931524277,0.09599559754133224,-0.7294976711273193,-0.12379086762666702,0.07312440872192383,-0.6129841804504395,-0.11212854832410812
E,E_session_002,1,0.0,0.0,0.0,-0.11825551092624664,-0.08373014628887177,-0.04398362711071968,-0.19197937846183777,-0.32853734493255615,-0.07324826717376709,-0.12173674255609512,-0.5176292061805725,-0.10910473763942719,-0.0036628872621804476,-0.5253667831420898,-0.13759315013885498,-0.18762023746967316,-0.6584632992744446,-0.016634002327919006,-0.19721557199954987,-0.9244334101676941,-0.0914507731795311,-0.1999523639678955,-0.7986782789230347,-0.1429320126771927,-0.18957440555095673,-0.630863606929779,-0.16636961698532104,-0.09006768465042114,-0.6958048343658447,-0.032385583966970444,-0.08228889107704163,-1.0,-0.09746148437261581,-0.10116751492023468,-0.8493480086326599,-0.11980070918798447,-0.10220060497522354,-0.6868324875831604,-0.11742664873600006,0.002761862240731716,-0.669998288154602,-0.06110208109021187,0.02722550369799137,-0.9482484459877014,-0.11437881737947464,-0.008501509204506874,-0.7968934774398804,-0.11347334086894989,-0.022879742085933685,-0.6384381651878357,-0.09708929806947708,0.09229517728090286,-0.6004621982574463,-0.09680626541376114,0.11234591156244278,-0.8039253354072571,-0.12711547315120697,0.07325384765863419,-0.7380878329277039,-0.12076075375080109,0.050909314304590225,-0.6302146911621094,-0.10701211541891098
E,E_session_002,2,0.0,0.0,0.0,-0.11394859105348587,-0.10366464406251907,-0.04315618798136711,-0.1829991340637207,-0.3416830897331238,-0.07337582856416702,-0.11826913803815842,-0.5273885130882263,-0.11033079028129578,-0.005724048707634211,-0.5272477269172668,-0.1393667608499527,-0.18538914620876312,-0.6494781374931335,-0.01959901675581932,-0.19637057185173035,-0.9307779669761658,-0.0874674916267395,-0.19634011387825012,-0.7987508773803711,-0.13585025072097778,-0.18477874994277954,-0.6406043767929077,-0.16027669608592987,-0.09252267330884933,-0.6860588192939758,-0.03554360941052437,-0.08505667746067047,-1.0,-0.09487111866474152,-0.09967880696058273,-0.8575676679611206,-0.11873269826173782,-0.10148673504590988,-0.6968019604682922,-0.12129729241132736,-0.003371440339833498,-0.6632339358329773,-0.06321828067302704,0.01973685622215271,-0.9504963755607605,-0.1069624200463295,-0.010963791981339455,-0.8195719718933105,-0.11064710468053818,-0.026539307087659836,-0.6613873243331909,-0.10207326710224152,0.0829535648226738,-0.5986214876174927,-0.09839405864477158,0.10508336871862411,-0.8006253242492676,-0.12232686579227448,0.06975897401571274,-0.7521266341209412,-0.12103299796581268,0.04578784853219986,-0.6426922678947449,-0.11446890234947205
E,E_session_002,3,0.0,0.0,0.0,-0.11552795767784119,-0.11455339193344116,-0.03480961546301842,-0.18150219321250916,-0.36470192670822144,-0.06067617982625961,-0.11535613238811493,-0.5444323420524597,-0.09496761858463287,-0.004671895876526833,-0.5356845855712891,-0.12220293283462524,-0.18827484548091888,-0.6374523639678955,-0.016001703217625618,-0.19926400482654572,-0.9315388798713684,-0.0790339782834053,-0.19690456986427307,-0.8000316619873047,-0.12393888831138611,-0.18537002801895142,-0.6438280940055847,-0.14706510305404663,-0.09760980308055878,-0.6745814681053162,-0.034426648169755936,-0.09152419120073318,-1.0,-0.0904027596116066,-0.10120927542448044,-0.858356773853302,-0.11432770639657974,-0.10070691257715225,-0.6976549625396729,-0.11816869676113129,-0.00971814151853323,-0.656967043876648,-0.06308320164680481,0.010970783419907093,-0.9573118090629578,-0.10182194411754608,-0.01348157599568367,-0.8302186131477356,-0.10575839877128601,-0.02666304260492325,-0.6695566773414612,-0.09882860630750656,0.07595732808113098,-0.600944995880127,-0.09860546886920929,0.0951976478099823,-0.808542788028717,-0.1180020123720169,0.06683966517448425,-0.7741078734397888,-0.11716176569461823,0.047991011291742325,-0.6739733219146729,-0.11262913048267365
E,E_session_002,4,0.0,0.0,0.0,-0.11509408801794052,-0.11045482754707336,-0.044560257345438004,-0.17901302874088287,-0.33691781759262085,-0.07876572012901306,-0.11650492250919342,-0.5186858177185059,-0.11939488351345062,-0.007043838035315275,-0.54864901304245,-0.15257565677165985,-0.19208680093288422,-0.6357115507125854,-0.024642374366521835,-0.19710488617420197,-0.919102668762207,-0.09267637133598328,-0.19265879690647125,-0.7958076000213623,-0.1419263482093811,-0.18083398044109344,-0.6447244882583618,-0.16698752343654633,-0.10034365952014923,-0.6733813285827637,-0.04005063697695732,-0.09077293425798416,-1.0,-0.10197633504867554,-0.09980761259794235,-0.8637855052947998,-0.13321852684020996,-0.10154659301042557,-0.700729489326477,-0.1405373364686966,-0.012881120666861534,-0.6553691029548645,-0.06589721888303757,0.005189788062125444,-0.9462465047836304,-0.11020789295434952,-0.015733307227492332,-0.8268048763275146,-0.12013164162635803,-0.02994561940431595,-0.668125331401825,-0.11525483429431915,0.0711812898516655,-0.5948893427848816,-0.09859134256839752,0.08549471199512482,-0.8007873892784119,-0.12060286849737167,0.06460316479206085,-0.7733844518661499,-0.12060645967721939,0.04812746122479439,-0.6783228516578674,-0.11516536772251129
E,E_session_002,5,0.0,0.0,0.0,-0.11836738884449005,-0.13051258027553558,-0.034085892140865326,-0.1768353432416916,-0.3793763220310211,-0.05968652293086052,-0.10431888699531555,-0.5360053181648254,-0.09306785464286804,0.005956178531050682,-0.5316696763038635,-0.11945512890815735,-0.19229060411453247,-0.6483827829360962,-0.016104090958833694,-0.1954549103975296,-0.9336089491844177,-0.0800706297159195,-0.1902579963207245,-0.8017565608024597,-0.12530991435050964,-0.17918217182159424,-0.6496033072471619,-0.1478947252035141,-0.09840314090251923,-0.67763751745224,-0.03481622040271759,-0.08449964225292206,-1.0,-0.09489050507545471,-0.09575188905000687,-0.8619215488433838,-0.12382104247808456,-0.10144355893135071,-0.7044057846069336,-0.1295553594827652,-0.008997110649943352,-0.6557537317276001,-0.06331314891576767,0.010372702963650227,-0.9346309304237366,-0.10497482120990753,-0.010418032296001911,-0.8184468150138855,-0.11502352356910706,-0.026041733101010323,-0.670292317867279,-0.1109011173248291,0.07601583749055862,-0.5977606773376465,-0.09777247905731201,0.09010425955057144,-0.803027868270874,-0.11804542690515518,0.06929755955934525,-0.7728884220123291,-0.11792536079883575,0.053691111505031586,-0.6804909110069275,-0.11321313679218292
E,E_session_002,6,0.0,0.0,0.0,-0.12042032182216644,-0.12366374582052231,-0.03879685327410698,-0.18008314073085785,-0.374651700258255,-0.06636026501655579,-0.10867158323526382,-0.5442597270011902,-0.10091718286275864,0.0005103651201352477,-0.5424403548240662,-0.12862758338451385,-0.19978830218315125,-0.6387276649475098,-0.016908207908272743,-0.20037727057933807,-0.9301202893257141,-0.07835838198661804,-0.18801681697368622,-0.8138840198516846,-0.12303624302148819,-0.1768316924571991,-0.6662757396697998,-0.14589282870292664,-0.10487227886915207,-0.6761694550514221,-0.03267581760883331,-0.09550265967845917,-1.0,-0.09092332422733307,-0.0926310122013092,-0.8617158532142639,-0.12065742909908295,-0.09241203218698502,-0.6996586322784424,-0.12708720564842224,-0.01438691932708025,-0.6604747772216797,-0.05817776918411255,0.0007415031432174146,-0.9440615177154541,-0.10048361867666245,-0.0069574094377458096,-0.8250629305839539,-0.11047306656837463,-0.017548132687807083,-0.6681941151618958,-0.10571590811014175,0.07032464444637299,-0.6064366102218628,-0.08977129310369492,0.08238156884908676,-0.8115217089653015,-0.11130762845277786,0.07164063304662704,-0.7786835432052612,-0.11076869070529938,0.06014888361096382,-0.6828404068946838,-0.10532432049512863
E,E_session_002,7,0.0,0.0,0.0,-0.11726809293031693,-0.1115165576338768,-0.03828808665275574,-0.18008309602737427,-0.36318981647491455,-0.0645514726638794,-0.10875911265611649,-0.5340079665184021,-0.09786315262317657,0.001003541867248714,-0.5347356796264648,-0.12402400374412537,-0.19174621999263763,-0.6359356641769409,-0.02345805987715721,-0.1957044154405594,-0.9308065176010132,-0.08851245045661926,-0.18436875939369202,-0.7927520275115967,-0.13317276537418365,-0.17180515825748444,-0.637610912322998,-0.1551411747932434,-0.09664205461740494,-0.669121265411377,-0.04015092924237251,-0.08530004322528839,-1.0,-0.10130510479211807,-0.08805113285779953,-0.8484295606613159,-0.12870626151561737,-0.09075590968132019,-0.6870592832565308,-0.13285262882709503,-0.007730122655630112,-0.6483117341995239,-0.06675960123538971,0.009824481792747974,-0.9366323351860046,-0.11008019745349884,-0.0036029801703989506,-0.8106654286384583,-0.11824201047420502,-0.016886424273252487,-0.6559087634086609,-0.11233624070882797,0.07506997138261795,-0.5909090638160706,-0.0996459499001503,0.09089356660842896,-0.7995002865791321,-0.12234268337488174,0.07331224530935287,-0.764089047908783,-0.12276927381753922,0.056981537491083145,-0.6670517921447754,-0.11812375485897064
E,E_session_002,8,0.0,0.0,0.0,-0.11453327536582947,-0.11965661495923996,-0.03786599263548851,-0.17347761988639832,-0.38428860902786255,-0.059984032064676285,-0.09912192821502686,-0.5467079281806946,-0.0882691890001297,0.00714434077963233,-0.5197122097015381,-0.10916454344987869,-0.19295693933963776,-0.6361336708068848,-0.017066461965441704,-0.19825267791748047,-0.9244124889373779,-0.0790087878704071,-0.18327689170837402,-0.7918076515197754,-0.12133356928825378,-0.17115439474582672,-0.6386476755142212,-0.14180128276348114,-0.09938457608222961,-0.6743948459625244,-0.032102469354867935,-0.09095876663923264,-1.0,-0.0896386206150055,-0.08475939184427261,-0.845560610294342,-0.11359616369009018,-0.0860300213098526,-0.6841671466827393,-0.11502586305141449,-0.01020155567675829,-0.6563633680343628,-0.05743364989757538,0.004846073221415281,-0.9381095767021179,-0.09953619539737701,-0.0010541077936068177,-0.8030332922935486,-0.10525738447904587,-0.0150589719414711,-0.6486234068870544,-0.09711465239524841,0.0723838359117508,-0.6007764339447021,-0.08905163407325745,0.08668007701635361,-0.7938042283058167,-0.11021336913108826,0.0759703740477562,-0.7516341209411621,-0.10885652154684067,0.06139006093144417,-0.6568390130996704,-0.10288193821907043
E,E_session_002,9,0.0,0.0,0.0,-0.11782122403383255,-0.11254702508449554,-0.03821069374680519,-0.18083101511001587,-0.37234240770339966,-0.0626932829618454,-0.10846428573131561,-0.5419349670410156,-0.09403108805418015,0.0025231721810996532,-0.5260190367698669,-0.11803385615348816,-0.19612212479114532,-0.6315134763717651,-0.016252094879746437,-0.20467129349708557,-0.9224340915679932,-0.07720947265625,-0.193563312292099,-0.7989630103111267,-0.12013513594865799,-0.18020392954349518,-0.650448203086853,-0.14197415113449097,-0.10510373115539551,-0.6747589707374573,-0.031947795301675797,-0.09724865108728409,-1.0,-0.0881478413939476,-0.09551317244768143,-0.8565410375595093,-0.11247693747282028,-0.09525696188211441,-0.6980647444725037,-0.11562266200780869,-0.01767726056277752,-0.6608272194862366,-0.05806088447570801,-0.000689073174726218,-0.9467095136642456,-0.09820028394460678,-0.0122750885784626,-0.8195180296897888,-0.10359690338373184,-0.02601790800690651,-0.6663992404937744,-0.09677506983280182,0.06502532213926315,-0.6084694266319275,-0.09090600162744522,0.08003035187721252,-0.8061292767524719,-0.11018672585487366,0.06304115802049637,-0.7647924423217773,-0.10814406722784042,0.04533328488469124,-0.666267991065979,-0.10270100831985474
E,E_session_002,10,0.0,0.0,0.0,-0.11894968152046204,-0.10768856108188629,-0.0386049821972847,-0.17715467512607574,-0.3637396991252899,-0.06311815232038498,-0.0994960144162178,-0.5292748808860779,-0.09420894086360931,0.011995584703981876,-0.5334317684173584,-0.11853716522455215,-0.19280055165290833,-0.6355934739112854,-0.01964888721704483,-0.20346543192863464,-0.9250884056091309,-0.0830707848072052,-0.1932092159986496,-0.7987780570983887,-0.12652216851711273,-0.17787961661815643,-0.6435921788215637,-0.14717896282672882,-0.10145275294780731,-0.6748811602592468,-0.03464273363351822,-0.09346955269575119,-1.0,-0.0933070182800293,-0.09421253204345703,-0.8533329963684082,-0.11871698498725891,-0.09308892488479614,-0.6894134283065796,-0.12118732184171677,-0.014157408848404884,-0.6564840078353882,-0.059956591576337814,0.0027695794124156237,-0.9394736886024475,-0.1031525656580925,-0.008571923710405827,-0.8146532773971558,-0.11067298799753189,-0.01930617354810238,-0.6619740724563599,-0.10383312404155731,0.06789501756429672,-0.6014102101325989,-0.09143967181444168,0.08277612179517746,-0.8018721342086792,-0.11379069089889526,0.06932061910629272,-0.7636136412620544,-0.11252251267433167,0.05685926601290703,-0.6672958731651306,-0.10628747195005417
E,E_session_002,11,0.0,0.0,0.0,-0.12359943240880966,-0.10982450097799301,-0.04219557344913483,-0.1814642697572708,-0.3626547157764435,-0.06825468689203262,-0.1081564873456955,-0.5297159552574158,-0.100762739777565,0.00042705328087322414,-0.5396302342414856,-0.12676414847373962,-0.19372719526290894,-0.6315301060676575,-0.021379003301262856,-0.20700427889823914,-0.9247670769691467,-0.08578825742006302,-0.19663363695144653,-0.8066935539245605,-0.1317829042673111,-0.1814124435186386,-0.6511318683624268,-0.154286727309227,-0.10174993425607681,-0.6718124747276306,-0.035737961530685425,-0.09571100771427155,-1.0,-0.09292083978652954,-0.09540810436010361,-0.8612615466117859,-0.12279554456472397,-0.09288547933101654,-0.6995769739151001,-0.13050587475299835,-0.013612101785838604,-0.654196560382843,-0.06070403382182121,0.003023001132532954,-0.9407687783241272,-0.10389066487550735,-0.01018657349050045,-0.8242009282112122,-0.11774049699306488,-0.020480604842305183,-0.6688433289527893,-0.11668553203344345,0.06936493515968323,-0.5992017984390259,-0.09200716763734818,0.08465895056724548,-0.8072166442871094,-0.11448687314987183,0.06768554449081421,-0.7708612680435181,-0.11635025590658188,0.052792027592659,-0.6638661026954651,-0.11361800879240036
E,E_session_002,12,0.0,0.0,0.0,-0.12024976313114166,-0.10692678391933441,-0.04183012619614601,-0.1813320517539978,-0.35053741931915283,-0.07078681141138077,-0.11262346059083939,-0.5230162143707275,-0.10623238235712051,-0.006093607284128666,-0.5295607447624207,-0.13368719816207886,-0.19981560111045837,-0.6342710256576538,-0.022029463201761246,-0.21101827919483185,-0.9274095296859741,-0.0880090519785881,-0.19884313642978668,-0.7956739664077759,-0.13350212574005127,-0.18506693840026855,-0.6441758871078491,-0.15547609329223633,-0.1068262904882431,-0.6721829771995544,-0.03714454174041748,-0.10117508471012115,-1.0,-0.09694750607013702,-0.10239450633525848,-0.8538300395011902,-0.12289129942655563,-0.10233798623085022,-0.6955085396766663,-0.12646785378456116,-0.017871081829071045,-0.6532725691795349,-0.06307663023471832,-0.004033849574625492,-0.9331873655319214,-0.10820701718330383,-0.017911778762936592,-0.8087859153747559,-0.11575330048799515,-0.02968422882258892,-0.6576898097991943,-0.10885240882635117,0.06603434681892395,-0.5977035760879517,-0.09552187472581863,0.08213457465171814,-0.809583842754364,-0.11849025636911392,0.06344476342201233,-0.769945502281189,-0.11678651720285416,0.04612184315919876,-0.6658994555473328,-0.11029471457004547
E,E_session_002,13,0.0,0.0,0.0,-0.12151660025119781,-0.10779424011707306,-0.04210992157459259,-0.18565025925636292,-0.34514257311820984,-0.07397378981113434,-0.11785276979207993,-0.5122886896133423,-0.11284466087818146,-0.007222949992865324,-0.5087617039680481,-0.14459608495235443,-0.19151514768600464,-0.6393712162971497,-0.026254821568727493,-0.20206932723522186,-0.9236233234405518,-0.0961737409234047,-0.19579879939556122,-0.7872514724731445,-0.14411190152168274,-0.18174508213996887,-0.6302593946456909,-0.1669265776872635,-0.100456103682518,-0.6742607951164246,-0.04323934391140938,-0.08996624499559402,-1.0,-0.1066538393497467,-0.09954456984996796,-0.8497968912124634,-0.13252733647823334,-0.10066977143287659,-0.6859506368637085,-0.134744331240654,-0.014043739065527916,-0.6507299542427063,-0.07125711441040039,0.00483990041539073,-0.9298325181007385,-0.11813073605298996,-0.017117420211434364,-0.8038759827613831,-0.1253068447113037,-0.030099282041192055,-0.6518147587776184,-0.11731600761413574,0.06772120296955109,-0.5890771150588989,-0.10599066317081451,0.08757920563220978,-0.7974303960800171,-0.12757442891597748,0.06404091417789459,-0.75721675157547,-0.12441379576921463,0.04585488885641098,-0.6521645784378052,-0.11664499342441559
E,E_session_002,14,0.0,0.0,0.0,-0.11912260204553604,-0.10677392035722733,-0.04404892772436142,-0.1838485449552536,-0.3382793664932251,-0.07617964595556259,-0.11680106073617935,-0.5033988356590271,-0.114846371114254,-0.008245992474257946,-0.5140458941459656,-0.14705386757850647,-0.18485526740550995,-0.6324946284294128,-0.032238516956567764,-0.19659917056560516,-0.923834502696991,-0.1038571298122406,-0.19494159519672394,-0.7961095571517944,-0.15313586592674255,-0.1816280484199524,-0.6377414464950562,-0.17665107548236847,-0.09359137713909149,-0.6655526161193848,-0.049019843339920044,-0.08100692182779312,-1.0,-0.11391833424568176,-0.09408817440271378,-0.8507917523384094,-0.14242425560951233,-0.09619846194982529,-0.6838876605033875,-0.1470481902360916,-0.007968121208250523,-0.6426765322685242,-0.0765475481748581,0.014450548216700554,-0.9283096790313721,-0.1257769763469696,-0.010934806428849697,-0.8011664748191833,-0.13689225912094116,-0.022816158831119537,-0.6467554569244385,-0.1318860501050949,0.07397519797086716,-0.5807567834854126,-0.11058437079191208,0.09571602940559387,-0.7964211106300354,-0.1349170058965683,0.06850568950176239,-0.749206006526947,-0.13410307466983795,0.049681760370731354,-0.6337848901748657,-0.12821556627750397
E,E_session_002,15,0.0,0.0,0.0,-0.12146943807601929,-0.1060035228729248,-0.04921054467558861,-0.18864423036575317,-0.3257700502872467,-0.08541020005941391,-0.12170802056789398,-0.49156561493873596,-0.12691998481750488,-0.011123256757855415,-0.5084233283996582,-0.16096214950084686,-0.18814846873283386,-0.6354308724403381,-0.03914998844265938,-0.1982608288526535,-0.9264035820960999,-0.11293243616819382,-0.19754482805728912,-0.7936325669288635,-0.16242599487304688,-0.18388988077640533,-0.6363413333892822,-0.18591101467609406,-0.09502088278532028,-0.6694578528404236,-0.05361573025584221,-0.08480286598205566,-1.0,-0.11925957351922989,-0.09844788908958435,-0.8476390242576599,-0.14547200500965118,-0.0992601215839386,-0.6849002242088318,-0.14881594479084015,-0.008099020458757877,-0.6466384530067444,-0.0792933851480484,0.011192947626113892,-0.9303184151649475,-0.1300976723432541,-0.015149205923080444,-0.7977408766746521,-0.1379930078983307,-0.026145977899432182,-0.6440695524215698,-0.1305280178785324,0.07521925866603851,-0.5839595794677734,-0.11189421266317368,0.09432744979858398,-0.8003747463226318,-0.13744398951530457,0.06567458808422089,-0.7514869570732117,-0.13530705869197845,0.04682333022356033,-0.6377321481704712,-0.1279459297657013
E,E_session_002,16,0.0,0.0,0.0,-0.12187992036342621,-0.10875110328197479,-0.04879005253314972,-0.1871577650308609,-0.3259561359882355,-0.0871254950761795,-0.11999156326055527,-0.48912328481674194,-0.13113625347614288,-0.009790397249162197,-0.503277063369751,-0.16850607097148895,-0.18423478305339813,-0.6297173500061035,-0.04468145966529846,-0.19296099245548248,-0.9264061450958252,-0.12065032869577408,-0.19361619651317596,-0.7964378595352173,-0.17213651537895203,-0.18173469603061676,-0.6355404853820801,-0.1969241350889206,-0.09012094885110855,-0.6617096662521362,-0.059595923870801926,-0.07702095061540604,-1.0,-0.1290472149848938,-0.09117942303419113,-0.8498652577400208,-0.15942952036857605,-0.09409470111131668,-0.6820785999298096,-0.16524873673915863,-0.0027460718993097544,-0.6387645602226257,-0.08498357981443405,0.01576978713274002,-0.9281161427497864,-0.13773596286773682,-0.010104957967996597,-0.8008973598480225,-0.15020358562469482,-0.021616743877530098,-0.6434906721115112,-0.14548534154891968,0.08092936128377914,-0.5775116682052612,-0.11694116145372391,0.10117033869028091,-0.7958346009254456,-0.14430654048919678,0.07395212352275848,-0.7581108808517456,-0.1464087814092636,0.054588738828897476,-0.6501215696334839,-0.14205501973628998
E,E_session_002,17,0.0,0.0,0.0,-0.12414692342281342,-0.10820604115724564,-0.046404629945755005,-0.1909019649028778,-0.3191184997558594,-0.08364647626876831,-0.12620946764945984,-0.4803696870803833,-0.12697149813175201,-0.018705302849411964,-0.4991861879825592,-0.16375048458576202,-0.17725223302841187,-0.6379398107528687,-0.0421028770506382,-0.18984395265579224,-0.9290002584457397,-0.11596931517124176,-0.1930006742477417,-0.8033453226089478,-0.16608545184135437,-0.17865945398807526,-0.6433428525924683,-0.18994584679603577,-0.08513195067644119,-0.6679452657699585,-0.05787463113665581,-0.07448562979698181,-1.0,-0.12434469163417816,-0.09394605457782745,-0.8547927141189575,-0.1516714245080948,-0.09583251178264618,-0.6861113905906677,-0.15541639924049377,0.001433230354450643,-0.6406735181808472,-0.08405031263828278,0.01667693629860878,-0.920167088508606,-0.13316553831100464,-0.012528320774435997,-0.7978704571723938,-0.14167945086956024,-0.02071162685751915,-0.6447389125823975,-0.13477347791194916,0.08555446565151215,-0.5755419135093689,-0.11698152869939804,0.10708016157150269,-0.7974595427513123,-0.1406499147415161,0.07463546097278595,-0.7597358822822571,-0.13875772058963776,0.05424010381102562,-0.6490375995635986,-0.13163945078849792
E,E_session_002,18,0.0,0.0,0.0,-0.12162906676530838,-0.11135977506637573,-0.039543185383081436,-0.1863562911748886,-0.3342454135417938,-0.07180953025817871,-0.12295259535312653,-0.49846383929252625,-0.11110811680555344,-0.01368617732077837,-0.5061138272285461,-0.14374825358390808,-0.16952553391456604,-0.6370355486869812,-0.0360257588326931,-0.18117110431194305,-0.9283559918403625,-0.10757316648960114,-0.18792587518692017,-0.7959635257720947,-0.15369261801242828,-0.17630337178707123,-0.6350807547569275,-0.17437411844730377,-0.07799732685089111,-0.6653683185577393,-0.053558334708213806,-0.06615451723337173,-1.0,-0.11834625154733658,-0.08941572159528732,-0.8456422686576843,-0.13909119367599487,-0.09252423048019409,-0.6759055256843567,-0.13678987324237823,0.0078001003712415695,-0.6352944374084473,-0.08121925592422485,0.02466936595737934,-0.9143651127815247,-0.12902803719043732,-0.008737240917980671,-0.7867599129676819,-0.13149920105934143,-0.019584275782108307,-0.6367511749267578,-0.11942987143993378,0.09029006212949753,-0.568481981754303,-0.11518394201993942,0.11535071581602097,-0.7917181849479675,-0.13733267784118652,0.08039145171642303,-0.7569208145141602,-0.13233254849910736,0.057806361466646194,-0.6539656519889832,-0.12241968512535095
E,E_session_002,19,0.0,0.0,0.0,-0.12048058211803436,-0.11783873289823532,-0.04364798590540886,-0.18473200500011444,-0.3377816379070282,-0.0792296975851059,-0.11638912558555603,-0.4962839186191559,-0.1216127946972847,-0.006749222055077553,-0.49497902393341064,-0.15700286626815796,-0.16397233307361603,-0.6510728001594543,-0.03817683830857277,-0.1747598797082901,-0.9347926378250122,-0.1099385917186737,-0.1822436898946762,-0.7973896265029907,-0.15761339664459229,-0.16873276233673096,-0.6404226422309875,-0.1805907040834427,-0.07275119423866272,-0.6747902631759644,-0.054955072700977325,-0.060669783502817154,-1.0,-0.1202179342508316,-0.08315209299325943,-0.8420310020446777,-0.1425512135028839,-0.08468446135520935,-0.6756693124771118,-0.14277397096157074,0.012533185072243214,-0.6422275304794312,-0.08230692893266678,0.031428951770067215,-0.9202924370765686,-0.12883086502552032,-0.0022708808537572622,-0.7934466004371643,-0.13179057836532593,-0.013248682022094727,-0.6437383890151978,-0.12164745479822159,0.09484587609767914,-0.5726226568222046,-0.11679881811141968,0.124037005007267,-0.7990092039108276,-0.13712744414806366,0.08760325610637665,-0.7632580995559692,-0.13265003263950348,0.0634898990392685,-0.6568638682365417,-0.1245080828666687
E,E_session_002,20,0.0,0.0,0.0,-0.1216530054807663,-0.11768258363008499,-0.039879608899354935,-0.18703053891658783,-0.3425634205341339,-0.07277984917163849,-0.1182042583823204,-0.49479687213897705,-0.11289643496274948,-0.00652562640607357,-0.4911731779575348,-0.14663733541965485,-0.16359280049800873,-0.6409568190574646,-0.038031503558158875,-0.17238178849220276,-0.9324735403060913,-0.10839901864528656,-0.18028311431407928,-0.7945576906204224,-0.1540144383907318,-0.16804975271224976,-0.6381695866584778,-0.17568175494670868,-0.07134341448545456,-0.665016770362854,-0.05646810680627823,-0.05703774094581604,-1.0,-0.11883635818958282,-0.0811098963022232,-0.8417479395866394,-0.1389862298965454,-0.0828506126999855,-0.6803138852119446,-0.13854245841503143,0.01416781172156334,-0.6322559118270874,-0.08492229133844376,0.03300682455301285,-0.9182376265525818,-0.13026481866836548,-0.001752676209434867,-0.7871780395507812,-0.13172310590744019,-0.01224238146096468,-0.640622079372406,-0.12131566554307938,0.09658897668123245,-0.5614385604858398,-0.11993301659822464,0.12346570938825607,-0.792556881904602,-0.13983918726444244,0.08703014999628067,-0.7484452128410339,-0.1334279179573059,0.06520062685012817,-0.6391209363937378,-0.12447484582662582
E,E_session_002,21,0.0,0.0,0.0,-0.12030667811632156,-0.11339374631643295,-0.04316846281290054,-0.1871553361415863,-0.3370422422885895,-0.07873114943504333,-0.12124243378639221,-0.494052529335022,-0.12105704843997955,-0.008526268415153027,-0.48809629678726196,-0.15666303038597107,-0.16363240778446198,-0.6398836970329285,-0.04155917465686798,-0.16968046128749847,-0.9339330196380615,-0.11312846094369888,-0.17913858592510223,-0.8004000186920166,-0.15995746850967407,-0.16809003055095673,-0.6433444619178772,-0.18244829773902893,-0.07142025232315063,-0.6649166941642761,-0.058646637946367264,-0.054230108857154846,-1.0,-0.12293364852666855,-0.07884758710861206,-0.844210684299469,-0.14392521977424622,-0.08139374852180481,-0.6788894534111023,-0.14374583959579468,0.0143129862844944,-0.6334781050682068,-0.08591439574956894,0.03537255525588989,-0.924909770488739,-0.13131651282310486,0.0008933742647059262,-0.7990531325340271,-0.1332324892282486,-0.009099362418055534,-0.6483144760131836,-0.12307929992675781,0.09635582566261292,-0.5644837021827698,-0.12019651383161545,0.12504220008850098,-0.7969828844070435,-0.14002490043640137,0.08790116012096405,-0.7614505887031555,-0.13497516512870789,0.06516347080469131,-0.654601514339447,-0.12695127725601196
E,E_session_002,22,0.0,0.0,0.0,-0.12324731051921844,-0.12385489046573639,-0.0441124364733696,-0.18792833387851715,-0.33837607502937317,-0.08244103938341141,-0.11940451711416245,-0.48187750577926636,-0.12767817080020905,-0.006948023568838835,-0.4798569679260254,-0.1661885529756546,-0.15648561716079712,-0.6532403230667114,-0.04343721643090248,-0.16129902005195618,-0.9382348656654358,-0.11704502999782562,-0.17554707825183868,-0.8031612634658813,-0.1656528264284134,-0.1661905199289322,-0.6489297151565552,-0.18954524397850037,-0.0639723464846611,-0.671538770198822,-0.06144951656460762,-0.04549054801464081,-1.0,-0.12800540030002594,-0.0758424624800682,-0.8454699516296387,-0.15088044106960297,-0.0806245431303978,-0.6816299557685852,-0.15256211161613464,0.022204887121915817,-0.6345012187957764,-0.08984566479921341,0.0467970184981823,-0.9237664937973022,-0.13747228682041168,0.005702750291675329,-0.798711359500885,-0.140811488032341,-0.009066971018910408,-0.6466535925865173,-0.13195952773094177,0.10518068820238113,-0.5596612095832825,-0.1253054141998291,0.13675658404827118,-0.7885158658027649,-0.14717154204845428,0.09160630404949188,-0.7516518831253052,-0.14328791201114655,0.06058095023036003,-0.6430161595344543,-0.13616424798965454
E,E_session_002,23,0.0,0.0,0.0,-0.12033611536026001,-0.12699636816978455,-0.04362946376204491,-0.18496470153331757,-0.3375244438648224,-0.08160438388586044,-0.11888553202152252,-0.48601260781288147,-0.1261553317308426,-0.007042724639177322,-0.47640860080718994,-0.16379795968532562,-0.15050940215587616,-0.659216046333313,-0.042141154408454895,-0.15169790387153625,-0.9429332613945007,-0.11404775828123093,-0.16623777151107788,-0.8039752244949341,-0.16162143647670746,-0.15959487855434418,-0.6506226062774658,-0.1850295066833496,-0.05810021609067917,-0.6724516153335571,-0.05952838063240051,-0.03500000014901161,-1.0,-0.12425259500741959,-0.06340238451957703,-0.8474249839782715,-0.14702554047107697,-0.0705515593290329,-0.6852732300758362,-0.14866170287132263,0.026985570788383484,-0.6325417160987854,-0.08701633661985397,0.05394667014479637,-0.9146667122840881,-0.13262510299682617,0.01517705898731947,-0.7939236760139465,-0.1362796127796173,-0.002717643743380904,-0.6477383375167847,-0.12763743102550507,0.10844171792268753,-0.5557098984718323,-0.12143867462873459,0.14254219830036163,-0.7855372428894043,-0.1407860368490219,0.1022307276725769,-0.7509278059005737,-0.1364133656024933,0.0716899037361145,-0.6454356908798218,-0.12918132543563843
E,E_session_002,24,0.0,0.0,0.0,-0.12180300801992416,-0.11740013211965561,-0.047633443027734756,-0.18651042878627777,-0.3297099471092224,-0.08740309625864029,-0.11929117143154144,-0.47809869050979614,-0.13333441317081451,-0.008191793225705624,-0.4737757742404938,-0.1720556914806366,-0.15369826555252075,-0.6531814932823181,-0.04539842903614044,-0.15331193804740906,-0.9369008541107178,-0.1205751970410347,-0.1642390638589859,-0.7931556701660156,-0.1690240204334259,-0.15765246748924255,-0.6384952664375305,-0.19227910041809082,-0.05978837609291077,-0.6710333824157715,-0.0622234009206295,-0.034544266760349274,-1.0,-0.12975357472896576,-0.06286405771970749,-0.8385297656059265,-0.15159712731838226,-0.071950264275074,-0.6805034279823303,-0.15204736590385437,0.02623804286122322,-0.6330657005310059,-0.08995497226715088,0.05788658559322357,-0.9215096235275269,-0.14068956673145294,0.016548385843634605,-0.7849091291427612,-0.14248910546302795,-0.0036827982403337955,-0.6376720070838928,-0.13155968487262726,0.10816966742277145,-0.5558690428733826,-0.1246761679649353,0.13971184194087982,-0.7867668867111206,-0.14790423214435577,0.09611878544092178,-0.7349006533622742,-0.14189648628234863,0.06433551758527756,-0.6229628324508667,-0.13280601799488068
E,E_session_002,25,0.0,0.0,0.0,-0.11977065354585648,-0.11498609930276871,-0.04656866192817688,-0.18110863864421844,-0.3227483630180359,-0.08591246604919434,-0.11777544021606445,-0.46462517976760864,-0.13188841938972473,-0.012270094826817513,-0.47154298424720764,-0.17106597125530243,-0.14801567792892456,-0.6526704430580139,-0.04449897259473801,-0.14834409952163696,-0.9334064722061157,-0.12058421969413757,-0.1609032154083252,-0.7884845733642578,-0.16881613433361053,-0.15584921836853027,-0.6354665160179138,-0.19138608872890472,-0.05428438261151314,-0.6705517768859863,-0.06285236030817032,-0.02897552400827408,-1.0,-0.13181447982788086,-0.05800243839621544,-0.8278673887252808,-0.15366339683532715,-0.06788062304258347,-0.6733932495117188,-0.15329986810684204,0.03145626559853554,-0.6309996247291565,-0.09198513627052307,0.06455656886100769,-0.9189394116401672,-0.14610470831394196,0.023256869986653328,-0.7704179883003235,-0.14663562178611755,0.0034623206593096256,-0.6241205334663391,-0.1334831863641739,0.11265977472066879,-0.5508975982666016,-0.12764187157154083,0.1462426781654358,-0.7840387225151062,-0.15260984003543854,0.10217712819576263,-0.7253444790840149,-0.1441916972398758,0.07014381140470505,-0.6137387156486511,-0.13252785801887512
E,E_session_002,26,0.0,0.0,0.0,-0.1206248477101326,-0.10277680307626724,-0.053394436836242676,-0.1814129799604416,-0.315710186958313,-0.09386155009269714,-0.11490653455257416,-0.4638560712337494,-0.1388883739709854,-0.007157090585678816,-0.49909400939941406,-0.1764511615037918,-0.15866251289844513,-0.6419959664344788,-0.0546543262898922,-0.15632878243923187,-0.9351828098297119,-0.1317698359489441,-0.15914079546928406,-0.797090470790863,-0.1808931678533554,-0.1558583527803421,-0.6372337341308594,-0.2035440355539322,-0.06036828085780144,-0.6661802530288696,-0.06849896162748337,-0.037868499755859375,-1.0,-0.1351517140865326,-0.05515575781464577,-0.8316325545310974,-0.1602383553981781,-0.0649731233716011,-0.6738790273666382,-0.1637592911720276,0.02736537531018257,-0.6309723258018494,-0.09291009604930878,0.05704507976770401,-0.9201838374137878,-0.149122416973114,0.027849553152918816,-0.7682470083236694,-0.15410488843917847,0.008778300136327744,-0.6121097207069397,-0.14389529824256897,0.10900187492370605,-0.5531851649284363,-0.123609259724617,0.1407037377357483,-0.7806951999664307,-0.1539953500032425,0.11374077945947647,-0.735139787197113,-0.15017715096473694,0.08826792240142822,-0.6314162015914917,-0.1409585028886795
E,E_session_002,27,0.0,0.0,0.0,-0.1209004744887352,-0.11411552876234055,-0.05084630474448204,-0.18279674649238586,-0.3201674818992615,-0.09254544228315353,-0.1203170195221901,-0.47072774171829224,-0.13932353258132935,-0.010572626255452633,-0.49460116028785706,-0.17903606593608856,-0.1538645178079605,-0.6522083282470703,-0.04976106807589531,-0.1532558649778366,-0.9373033046722412,-0.1273292601108551,-0.15904979407787323,-0.8075813055038452,-0.178694948554039,-0.15489418804645538,-0.6444883942604065,-0.20236186683177948,-0.05898120254278183,-0.6710253953933716,-0.06479647755622864,-0.03621182218194008,-1.0,-0.13281643390655518,-0.058221857994794846,-0.8451446890830994,-0.15884563326835632,-0.0685867890715599,-0.6802772283554077,-0.16161835193634033,0.026973675936460495,-0.6323429942131042,-0.09050595760345459,0.057486239820718765,-0.9146744608879089,-0.14585348963737488,0.023732999339699745,-0.7750127911567688,-0.15192319452762604,0.004210164770483971,-0.6188176274299622,-0.1415332704782486,0.1078391745686531,-0.5512784123420715,-0.12267334759235382,0.14076481759548187,-0.7756698727607727,-0.1517123430967331,0.10985936969518661,-0.7369534969329834,-0.14815863966941833,0.08227214962244034,-0.6341288685798645,-0.13836313784122467
E,E_session_002,28,0.0,0.0,0.0,-0.11931399255990982,-0.10810738801956177,-0.047960638999938965,-0.1858009397983551,-0.3279359042644501,-0.08608177304267883,-0.11656215786933899,-0.49261823296546936,-0.1296670287847519,0.00018804085266310722,-0.4973268210887909,-0.16637688875198364,-0.15934620797634125,-0.653852641582489,-0.04290240257978439,-0.159401074051857,-0.938755989074707,-0.11508886516094208,-0.16822436451911926,-0.8162850737571716,-0.16378700733184814,-0.16395722329616547,-0.6595370769500732,-0.18738694489002228,-0.06596014648675919,-0.6756390333175659,-0.05769332870841026,-0.040389515459537506,-1.0,-0.12169113755226135,-0.06420387327671051,-0.8523733019828796,-0.14467664062976837,-0.07638482749462128,-0.6884595155715942,-0.14633001387119293,0.02048986777663231,-0.6394105553627014,-0.08320072293281555,0.04944498836994171,-0.9174978733062744,-0.1339457631111145,0.015386424027383327,-0.7867575287818909,-0.13931410014629364,-0.0047622378915548325,-0.6349705457687378,-0.13018488883972168,0.10359343141317368,-0.5639678835868835,-0.11535680294036865,0.13615767657756805,-0.7901637554168701,-0.14183436334133148,0.10343222320079803,-0.7442395687103271,-0.13863810896873474,0.07495196163654327,-0.6327828168869019,-0.13045251369476318
E,E_session_002,29,0.0,0.0,0.0,-0.11970668286085129,-0.11192729324102402,-0.04663222283124924,-0.18431776762008667,-0.33797895908355713,-0.08281978964805603,-0.11929282546043396,-0.5104648470878601,-0.12513454258441925,-0.008933225646615028,-0.5085024833679199,-0.16114725172519684,-0.15489353239536285,-0.6547031402587891,-0.038964781910181046,-0.15497444570064545,-0.9390918612480164,-0.11000808328390121,-0.16557914018630981,-0.8177306056022644,-0.15888124704360962,-0.16137157380580902,-0.6577383875846863,-0.18274730443954468,-0.0632907822728157,-0.6775358319282532,-0.05409298837184906,-0.04022308811545372,-1.0,-0.11728709936141968,-0.06569347530603409,-0.8571655750274658,-0.14185982942581177,-0.07530932873487473,-0.6907410025596619,-0.14486460387706757,0.02217194437980652,-0.6430383920669556,-0.07999727129936218,0.0503169521689415,-0.9245381951332092,-0.12998968362808228,0.01438064593821764,-0.7980466485023499,-0.13844384253025055,-0.003552634036168456,-0.641600489616394,-0.1317189484834671,0.10491971671581268,-0.5698491334915161,-0.11256523430347443,0.13802829384803772,-0.7955836653709412,-0.13896600902080536,0.10318653285503387,-0.7548606991767883,-0.13862164318561554,0.07539292424917221,-0.6424928307533264,-0.1327885389328003
E,E_session_002,30,0.0,0.0,0.0,-0.11925525218248367,-0.10697758942842484,-0.048942454159259796,-0.18244405090808868,-0.32894065976142883,-0.08643615990877151,-0.1213211640715599,-0.5010202527046204,-0.1296733021736145,-0.013320804573595524,-0.5147616267204285,-0.16614538431167603,-0.15750665962696075,-0.6436848640441895,-0.043848518282175064,-0.1576719880104065,-0.9399391412734985,-0.11714497953653336,-0.16542001068592072,-0.8164001107215881,-0.16655942797660828,-0.16299967467784882,-0.6535434126853943,-0.1900986284017563,-0.06557857990264893,-0.6675919890403748,-0.05735757574439049,-0.04569034278392792,-1.0,-0.12078782916069031,-0.06573882699012756,-0.8540905117988586,-0.14653262495994568,-0.07415447384119034,-0.690229058265686,-0.15098294615745544,0.019511030986905098,-0.635453462600708,-0.0815255269408226,0.04527943953871727,-0.9312997460365295,-0.13299301266670227,0.014460669830441475,-0.800188422203064,-0.14143449068069458,-0.0034086850937455893,-0.6400107741355896,-0.13461212813854218,0.10118905454874039,-0.5636160373687744,-0.11225011199712753,0.1328756958246231,-0.7888996005058289,-0.1407214254140854,0.10359847545623779,-0.7537877559661865,-0.14170213043689728,0.07649796456098557,-0.6478964686393738,-0.13655173778533936
E,E_session_002,31,0.0,0.0,0.0,-0.12006767839193344,-0.10738589614629745,-0.050225988030433655,-0.18479011952877045,-0.3278390169143677,-0.08836464583873749,-0.1212521567940712,-0.49891942739486694,-0.13192524015903473,-0.008188087493181229,-0.5173124670982361,-0.16865964233875275,-0.15585364401340485,-0.6418066620826721,-0.04708285257220268,-0.1588151901960373,-0.9389143586158752,-0.12241490185260773,-0.1668226271867752,-0.8157609701156616,-0.17246808111667633,-0.1613733172416687,-0.6490164995193481,-0.19574353098869324,-0.06375172734260559,-0.6653539538383484,-0.06038106977939606,-0.04332837462425232,-1.0,-0.12599195539951324,-0.06583727151155472,-0.8570549488067627,-0.1512901932001114,-0.07420358061790466,-0.6908628940582275,-0.15470729768276215,0.021424004808068275,-0.6331574320793152,-0.08455977588891983,0.048390813171863556,-0.9254316091537476,-0.13707202672958374,0.015352876856923103,-0.7992053627967834,-0.14563050866127014,-0.001585709978826344,-0.6410903930664062,-0.13852062821388245,0.10291532427072525,-0.5634171366691589,-0.11546070128679276,0.13297344744205475,-0.789619505405426,-0.14396749436855316,0.10082734376192093,-0.7554336190223694,-0.14454148709774017,0.0739535391330719,-0.6478149890899658,-0.13883094489574432
E,E_session_002,32,0.0,0.0,0.0,-0.11838506162166595,-0.11314235627651215,-0.05041997507214546,-0.1819455921649933,-0.3368004560470581,-0.08786436915397644,-0.1139720231294632,-0.5095434784889221,-0.1302555501461029,0.0008077509119175375,-0.5234079957008362,-0.16533847153186798,-0.15632939338684082,-0.6483246684074402,-0.043622102588415146,-0.16155967116355896,-0.9419037699699402,-0.11615394055843353,-0.16856205463409424,-0.8090032935142517,-0.16505923867225647,-0.16211295127868652,-0.647726833820343,-0.188857764005661,-0.06372562795877457,-0.6730747222900391,-0.057077016681432724,-0.04563877731561661,-1.0,-0.11923597007989883,-0.06476715952157974,-0.8493073582649231,-0.14306879043579102,-0.0716942846775055,-0.6898580193519592,-0.14672847092151642,0.02144886739552021,-0.6406146287918091,-0.08157126605510712,0.046693943440914154,-0.931305468082428,-0.12968449294567108,0.016004037111997604,-0.8045174479484558,-0.13573092222213745,-0.0006881832960061729,-0.6549681425094604,-0.12913109362125397,0.10386113077402115,-0.5682572722434998,-0.11310409754514694,0.13143740594387054,-0.7926990389823914,-0.1373777538537979,0.09919994324445724,-0.7435277700424194,-0.13448604941368103,0.07335726916790009,-0.6291778087615967,-0.12797671556472778
E,E_session_002,33,0.0,0.0,0.0,-0.11611141264438629,-0.10943765938282013,-0.045326367020606995,-0.18006014823913574,-0.34992796182632446,-0.07773731648921967,-0.10924041271209717,-0.5280530452728271,-0.11635182797908783,0.009827947244048119,-0.5355225801467896,-0.14851996302604675,-0.15560710430145264,-0.6423448920249939,-0.037325307726860046,-0.15989381074905396,-0.9380955100059509,-0.10592104494571686,-0.16811348497867584,-0.815534770488739,-0.1524360626935959,-0.16189365088939667,-0.6531888842582703,-0.17513509094715118,-0.06381263583898544,-0.671061098575592,-0.051580000668764114,-0.04484405741095543,-1.0,-0.11137577891349792,-0.06667035073041916,-0.8534049391746521,-0.13350197672843933,-0.07375897467136383,-0.6878175139427185,-0.13566529750823975,0.02179572731256485,-0.6406703591346741,-0.07639087736606598,0.04611898213624954,-0.9327977299690247,-0.12225764244794846,0.014073405414819717,-0.8051720857620239,-0.1274809092283249,-0.0006904721958562732,-0.6492566466331482,-0.11986943334341049,0.10345777124166489,-0.572109580039978,-0.10799246281385422,0.13024474680423737,-0.7962595224380493,-0.13116294145584106,0.09893525391817093,-0.7602222561836243,-0.1292838454246521,0.07627000659704208,-0.6546323895454407,-0.12326431274414062
E,E_session_002,34,0.0,0.0,0.0,-0.11760441213846207,-0.10740917176008224,-0.04243311285972595,-0.1809108406305313,-0.3639761805534363,-0.0696181207895279,-0.10739447921514511,-0.5469870567321777,-0.10357020795345306,0.011662540957331657,-0.5386450886726379,-0.13122765719890594,-0.1548055112361908,-0.6425119638442993,-0.02981041744351387,-0.16082879900932312,-0.9350132942199707,-0.0952691063284874,-0.17254647612571716,-0.8119696974754333,-0.1396484375,-0.16647839546203613,-0.6487504839897156,-0.16145263612270355,-0.06536579877138138,-0.6720033288002014,-0.04432578757405281,-0.04578192159533501,-1.0,-0.10137403756380081,-0.07166767120361328,-0.8567285537719727,-0.12162956595420837,-0.07820935547351837,-0.6916202306747437,-0.1226409375667572,0.018571412190794945,-0.6404224634170532,-0.06974460184574127,0.04653579369187355,-0.9318934082984924,-0.11253166198730469,0.010001898743212223,-0.8111258149147034,-0.11872582882642746,-0.00567849725484848,-0.657037079334259,-0.11282577365636826,0.0990055501461029,-0.5729188323020935,-0.1021183654665947,0.127964586019516,-0.7907468676567078,-0.12386978417634964,0.09231771528720856,-0.7543800473213196,-0.12413961440324783,0.06839213520288467,-0.6464684009552002,-0.12054833024740219
E,E_session_002,35,0.0,0.0,0.0,-0.11934380233287811,-0.10641404241323471,-0.0426456518471241,-0.18096499145030975,-0.3643304407596588,-0.06972888112068176,-0.11055353283882141,-0.550366997718811,-0.10400232672691345,0.0041378033347427845,-0.5450789332389832,-0.13218247890472412,-0.1555660516023636,-0.6401880383491516,-0.028146689757704735,-0.1601559966802597,-0.939680814743042,-0.09363900870084763,-0.1716279536485672,-0.8322160840034485,-0.13937564194202423,-0.16442029178142548,-0.6661192774772644,-0.1623777449131012,-0.06724793463945389,-0.6708634495735168,-0.04304291680455208,-0.04499586671590805,-1.0,-0.10108035057783127,-0.07206213474273682,-0.8695464730262756,-0.12483751773834229,-0.07845194637775421,-0.6995357275009155,-0.1291576623916626,0.016506314277648926,-0.6418502926826477,-0.06891866773366928,0.04730604588985443,-0.9391741156578064,-0.11087352782487869,0.008406444452702999,-0.8278815150260925,-0.11946167796850204,-0.006854738108813763,-0.6696458458900452,-0.1165890097618103,0.09775437414646149,-0.5778467655181885,-0.1020781472325325,0.12779273092746735,-0.7945818901062012,-0.12454725056886673,0.08764244616031647,-0.7601889371871948,-0.12733003497123718,0.061341408640146255,-0.6464139223098755,-0.1263049691915512
E,E_session_002,36,0.0,0.0,0.0,-0.11952035874128342,-0.11645695567131042,-0.039234790951013565,-0.17998315393924713,-0.3633151650428772,-0.06706535071134567,-0.10990501195192337,-0.5432448387145996,-0.10283451527357101,0.0035530931781977415,-0.5421187877655029,-0.133405864238739,-0.15501515567302704,-0.6367824077606201,-0.025498464703559875,-0.15792199969291687,-0.9317877888679504,-0.09172070771455765,-0.16811951994895935,-0.8337154388427734,-0.13901248574256897,-0.16145341098308563,-0.6791261434555054,-0.16305455565452576,-0.0669432058930397,-0.6678287982940674,-0.04285983741283417,-0.04147467389702797,-1.0,-0.10366097092628479,-0.07000419497489929,-0.8711137175559998,-0.13000313937664032,-0.07922426611185074,-0.7019561529159546,-0.13486801087856293,0.016696719452738762,-0.6394170522689819,-0.07065152376890182,0.04973800480365753,-0.934654951095581,-0.11393926292657852,0.009942205622792244,-0.8270876407623291,-0.12491752952337265,-0.007251672446727753,-0.6709305047988892,-0.12244350463151932,0.0982239618897438,-0.5729604363441467,-0.10524654388427734,0.12889820337295532,-0.7883408069610596,-0.12674593925476074,0.08897233009338379,-0.7625817656517029,-0.12952937185764313,0.061826854944229126,-0.6574217081069946,-0.128083735704422
E,E_session_002,37,0.0,0.0,0.0,-0.11931786686182022,-0.11464429646730423,-0.040780965238809586,-0.17898114025592804,-0.3654904365539551,-0.0685352012515068,-0.10940159112215042,-0.5427849292755127,-0.10425987839698792,0.004031644202768803,-0.5317195057868958,-0.13497939705848694,-0.1550549864768982,-0.6384239196777344,-0.023242618888616562,-0.15732187032699585,-0.9307059645652771,-0.09029577672481537,-0.16931797564029694,-0.8402910828590393,-0.1397807002067566,-0.16344057023525238,-0.6828277111053467,-0.16526257991790771,-0.06752021610736847,-0.6675125360488892,-0.04002054035663605,-0.04130428656935692,-1.0,-0.10347515344619751,-0.0711979940533638,-0.8810305595397949,-0.13540640473365784,-0.08036917448043823,-0.7077850699424744,-0.1434396654367447,0.016022682189941406,-0.6384032368659973,-0.06741262227296829,0.04835201054811478,-0.9291450381278992,-0.11155718564987183,0.007927815429866314,-0.8346245884895325,-0.12957292795181274,-0.009084396995604038,-0.6784617304801941,-0.13176895678043365,0.09713815897703171,-0.5737830996513367,-0.10170195251703262,0.1261283904314041,-0.7799118757247925,-0.12398821115493774,0.08621089905500412,-0.759787380695343,-0.13172276318073273,0.060068484395742416,-0.6529335379600525,-0.13397598266601562
E,E_session_002,38,0.0,0.0,0.0,-0.11938714981079102,-0.1220453530550003,-0.03801276162266731,-0.1767517775297165,-0.37672725319862366,-0.06467851251363754,-0.10772435367107391,-0.5523442625999451,-0.10018887370824814,0.005060466006398201,-0.5345446467399597,-0.13075974583625793,-0.1500566005706787,-0.6419486999511719,-0.020203744992613792,-0.1539856642484665,-0.9314691424369812,-0.08576639741659164,-0.16665619611740112,-0.8371304273605347,-0.1349027007818222,-0.16119006276130676,-0.6755028963088989,-0.1607222855091095,-0.0631922036409378,-0.6704897880554199,-0.03848126903176308,-0.03786882013082504,-1.0,-0.10034547746181488,-0.06685695052146912,-0.8859266042709351,-0.13346314430236816,-0.07509276270866394,-0.7120400667190552,-0.1432075798511505,0.01964147947728634,-0.6390601396560669,-0.06684211641550064,0.050482433289289474,-0.9322083592414856,-0.10790204256772995,0.012452631257474422,-0.836677610874176,-0.12299258261919022,-0.002767277881503105,-0.6788666844367981,-0.12410861998796463,0.09993536025285721,-0.5719467997550964,-0.10226404666900635,0.12710557878017426,-0.7785224318504333,-0.12212749570608139,0.08975917100906372,-0.7581037878990173,-0.12737898528575897,0.06665913015604019,-0.6503440737724304,-0.12808188796043396
E,E_session_002,39,0.0,0.0,0.0,-0.1206025779247284,-0.12988919019699097,-0.03787415102124214,-0.17373017966747284,-0.37762251496315,-0.06454470753669739,-0.1009088009595871,-0.5372060537338257,-0.09948781132698059,0.009656662121415138,-0.5215480327606201,-0.1297561079263687,-0.15044327080249786,-0.640968382358551,-0.0218844972550869,-0.15236924588680267,-0.9328876733779907,-0.0882306694984436,-0.16510942578315735,-0.8423617482185364,-0.1372799426317215,-0.16066734492778778,-0.685728907585144,-0.16225606203079224,-0.06278426945209503,-0.6686816215515137,-0.03958046808838844,-0.03830593451857567,-1.0,-0.09962311387062073,-0.06576935201883316,-0.8815542459487915,-0.12998127937316895,-0.07496743649244308,-0.7114158868789673,-0.13828036189079285,0.02142963372170925,-0.6388416886329651,-0.06755441427230835,0.05282865837216377,-0.9365984797477722,-0.10895860940217972,0.014830375090241432,-0.8388694524765015,-0.12460345774888992,-0.0024251702707260847,-0.679981529712677,-0.1264001727104187,0.10198993235826492,-0.5708159804344177,-0.1023554727435112,0.13174016773700714,-0.7754689455032349,-0.1238163560628891,0.09266922622919083,-0.7541229724884033,-0.1302056610584259,0.06602161377668381,-0.6467779278755188,-0.13192874193191528
E,E_session_002,40,0.0,0.0,0.0,-0.11928950250148773,-0.12630708515644073,-0.040752775967121124,-0.17439745366573334,-0.36222392320632935,-0.06983979791402817,-0.10374695807695389,-0.5187901258468628,-0.10709205269813538,0.005333559587597847,-0.5134245157241821,-0.1405085325241089,-0.15110620856285095,-0.6444961428642273,-0.021395999938249588,-0.15185286104679108,-0.9261754751205444,-0.09091927111148834,-0.16454759240150452,-0.8565693497657776,-0.1444205939769745,-0.15916162729263306,-0.7108727693557739,-0.17217645049095154,-0.06305563449859619,-0.6709492206573486,-0.03963947296142578,-0.03764212131500244,-1.0,-0.10575547814369202,-0.06644964963197708,-0.8910142183303833,-0.1438601315021515,-0.07579430192708969,-0.7200509309768677,-0.15602703392505646,0.021386409178376198,-0.639472484588623,-0.06837159395217896,0.05412811040878296,-0.9338514804840088,-0.11579330265522003,0.01509921532124281,-0.839840829372406,-0.13818691670894623,-0.0028504699002951384,-0.6799808144569397,-0.14272111654281616,0.10409273952245712,-0.567212700843811,-0.10364929586648941,0.13274812698364258,-0.7747197151184082,-0.1290898323059082,0.09498468041419983,-0.7529845833778381,-0.1382077932357788,0.06861267983913422,-0.6423253417015076,-0.14077283442020416
E,E_session_002,41,0.0,0.0,0.0,-0.1197342723608017,-0.12509356439113617,-0.039414096623659134,-0.17708228528499603,-0.3626614511013031,-0.06883920729160309,-0.10995012521743774,-0.5277997851371765,-0.10693629086017609,-0.0021121189929544926,-0.5117185115814209,-0.14078710973262787,-0.15184786915779114,-0.6454633474349976,-0.018191225826740265,-0.15377238392829895,-0.9248292446136475,-0.0857970267534256,-0.16520600020885468,-0.8433608412742615,-0.1367674469947815,-0.158609539270401,-0.6973661184310913,-0.1632181853055954,-0.06474042683839798,-0.6758289933204651,-0.03713836520910263,-0.040637221187353134,-1.0,-0.10107529163360596,-0.06944488734006882,-0.8808125257492065,-0.13357068598270416,-0.07858864963054657,-0.7107377052307129,-0.14138531684875488,0.019340218976140022,-0.6456702351570129,-0.06679433584213257,0.05303490161895752,-0.9420689344406128,-0.11201170086860657,0.013444589450955391,-0.8371592164039612,-0.12724804878234863,-0.004401010926812887,-0.6771793365478516,-0.12653617560863495,0.1020442545413971,-0.5724839568138123,-0.10328564047813416,0.13045285642147064,-0.7755776047706604,-0.125783309340477,0.09099524468183517,-0.7473989725112915,-0.13013771176338196,0.0647478923201561,-0.6393714547157288,-0.1289464235305786
E,E_session_002,42,0.0,0.0,0.0,-0.12156863510608673,-0.12464287877082825,-0.04239465668797493,-0.1777367740869522,-0.3583391606807709,-0.07309829443693161,-0.10644019395112991,-0.5194402933120728,-0.11174560338258743,0.004306443966925144,-0.5119031071662903,-0.14592328667640686,-0.15042120218276978,-0.6432682871818542,-0.021744566038250923,-0.1531822383403778,-0.9237163066864014,-0.09104475378990173,-0.16534677147865295,-0.8370797634124756,-0.14336927235126495,-0.15897519886493683,-0.684954822063446,-0.17050914466381073,-0.06385604292154312,-0.6736583113670349,-0.03941458836197853,-0.038368575274944305,-1.0,-0.10463870316743851,-0.0662480816245079,-0.8814362287521362,-0.14006221294403076,-0.07512370496988297,-0.7120247483253479,-0.1504380702972412,0.018954603001475334,-0.6445012092590332,-0.06796406954526901,0.054031625390052795,-0.938694417476654,-0.11456800252199173,0.01569526270031929,-0.8380070328712463,-0.13397382199764252,-0.0030990049708634615,-0.6805180907249451,-0.13659319281578064,0.10012727975845337,-0.5732625722885132,-0.10345859825611115,0.13051638007164001,-0.7732298374176025,-0.127680703997612,0.09325499832630157,-0.7463440895080566,-0.13521577417850494,0.06660721451044083,-0.6389108896255493,-0.13666842877864838
E,E_session_002,43,0.0,0.0,0.0,-0.12269110977649689,-0.12490947544574738,-0.040170665830373764,-0.18188336491584778,-0.360831618309021,-0.06946918368339539,-0.11367644369602203,-0.528768002986908,-0.10718197375535965,-0.002688745269551873,-0.5188567638397217,-0.14031308889389038,-0.15251557528972626,-0.6428717970848083,-0.01724099926650524,-0.15565861761569977,-0.9194334745407104,-0.08456116169691086,-0.17032137513160706,-0.8348575234413147,-0.13455185294151306,-0.1648641675710678,-0.6852710843086243,-0.15985062718391418,-0.06719005852937698,-0.6765543818473816,-0.03511080890893936,-0.045240215957164764,-1.0,-0.09806305170059204,-0.07296349108219147,-0.8838420510292053,-0.12984314560890198,-0.07957705855369568,-0.7126603722572327,-0.13705533742904663,0.01559318508952856,-0.6499855518341064,-0.06387855112552643,0.048145778477191925,-0.9449748396873474,-0.1099313348531723,0.01054584514349699,-0.8413490056991577,-0.1254236102104187,-0.006021704059094191,-0.6808028817176819,-0.12431560456752777,0.09741406887769699,-0.5807516574859619,-0.0994877889752388,0.12667620182037354,-0.7801507711410522,-0.12330123037099838,0.09118995070457458,-0.7517544627189636,-0.12817400693893433,0.06741239875555038,-0.6423738598823547,-0.12664315104484558
E,E_session_002,44,0.0,0.0,0.0,-0.12230227887630463,-0.12020328640937805,-0.04173710197210312,-0.18224553763866425,-0.36029261350631714,-0.07153618335723877,-0.1167725920677185,-0.5287227630615234,-0.10958084464073181,-0.0053882896900177,-0.5101086497306824,-0.1425512582063675,-0.15196071565151215,-0.6452570557594299,-0.018916739150881767,-0.15591658651828766,-0.9212390184402466,-0.08733565360307693,-0.17329496145248413,-0.8258549571037292,-0.1376865804195404,-0.1678214967250824,-0.6663053631782532,-0.16312596201896667,-0.0670979768037796,-0.6779971122741699,-0.036126673221588135,-0.04489715024828911,-1.0,-0.1001310646533966,-0.0764961987733841,-0.880601704120636,-0.1313205510377884,-0.08357004821300507,-0.7070474028587341,-0.13796581327915192,0.015171476639807224,-0.6495816111564636,-0.06464267522096634,0.04760672524571419,-0.9431284070014954,-0.11058660596609116,0.007610023021697998,-0.8388040065765381,-0.12556324899196625,-0.008301233872771263,-0.6781567335128784,-0.12410680949687958,0.09675569832324982,-0.5819974541664124,-0.10037335753440857,0.12784704566001892,-0.7824671864509583,-0.12378960102796555,0.09164470434188843,-0.7570531368255615,-0.12932081520557404,0.06908930093050003,-0.6494672298431396,-0.12835264205932617
E,E_session_002,45,0.0,0.0,0.0,-0.12126918137073517,-0.11849132180213928,-0.04362737014889717,-0.18060700595378876,-0.358405202627182,-0.07407291233539581,-0.11276903748512268,-0.5263368487358093,-0.11219396442174911,-0.0008630711818113923,-0.5125958919525146,-0.14530742168426514,-0.15191157162189484,-0.6407444477081299,-0.023263143375515938,-0.1547645628452301,-0.9212185740470886,-0.09185320138931274,-0.17083722352981567,-0.8275505304336548,-0.141911581158638,-0.16515092551708221,-0.6712648868560791,-0.16743123531341553,-0.06613439321517944,-0.6738846302032471,-0.039220597594976425,-0.04465169459581375,-1.0,-0.10411341488361359,-0.07410220056772232,-0.8770433068275452,-0.13594768941402435,-0.08076147735118866,-0.7039512395858765,-0.14333702623844147,0.015678327530622482,-0.6471437811851501,-0.06627176702022552,0.04682689160108566,-0.9451175928115845,-0.11331222951412201,0.008836399763822556,-0.8381102085113525,-0.12946908175945282,-0.006839767098426819,-0.6746737360954285,-0.12894649803638458,0.09568162262439728,-0.580307126045227,-0.10051214694976807,0.12664657831192017,-0.7808185815811157,-0.12602901458740234,0.09320376813411713,-0.7581756711006165,-0.13393302261829376,0.07169347256422043,-0.6532351970672607,-0.1347736269235611
E,E_session_002,46,0.0,0.0,0.0,-0.12331390380859375,-0.11658868193626404,-0.0432320274412632,-0.18465830385684967,-0.3517659306526184,-0.07315953075885773,-0.12263820320367813,-0.5244425535202026,-0.11086990684270859,-0.012682206928730011,-0.5167394280433655,-0.14349265396595,-0.1570352017879486,-0.6402837038040161,-0.020166300237178802,-0.15961921215057373,-0.918028712272644,-0.08864378929138184,-0.17470325529575348,-0.8389381766319275,-0.13936178386211395,-0.1687036156654358,-0.68819260597229,-0.16511020064353943,-0.07116137444972992,-0.6745988130569458,-0.0355859138071537,-0.05022228881716728,-1.0,-0.10215859115123749,-0.07880930602550507,-0.8851523995399475,-0.1368224024772644,-0.08502967655658722,-0.710747241973877,-0.14515560865402222,0.011108377017080784,-0.6491678953170776,-0.06190654635429382,0.04147550091147423,-0.9416126608848572,-0.10947099328041077,0.003583347424864769,-0.8436843752861023,-0.1276906281709671,-0.012410142458975315,-0.6812801361083984,-0.12759192287921906,0.09189539402723312,-0.5836222171783447,-0.09526573121547699,0.12179791182279587,-0.7802128195762634,-0.12063832581043243,0.08829252421855927,-0.7680432200431824,-0.13009841740131378,0.06537885963916779,-0.6691160798072815,-0.1313299685716629
E,E_session_002,47,0.0,0.0,0.0,-0.12392020970582962,-0.11836478114128113,-0.04406033828854561,-0.18559175729751587,-0.3536379635334015,-0.07558214664459229,-0.1209857314825058,-0.5248728394508362,-0.11476357281208038,-0.00899217464029789,-0.5135343670845032,-0.14891403913497925,-0.15891622006893158,-0.6394824981689453,-0.023468665778636932,-0.16152316331863403,-0.9186252355575562,-0.09254445135593414,-0.1747734397649765,-0.828944981098175,-0.14368344843387604,-0.16822144389152527,-0.6757647395133972,-0.1701781302690506,-0.0727638229727745,-0.6736231446266174,-0.03964914754033089,-0.05160556361079216,-1.0,-0.1056080088019371,-0.07920600473880768,-0.8815184235572815,-0.14015978574752808,-0.08581521362066269,-0.7083536386489868,-0.14949990808963776,0.009851180948317051,-0.6474860310554504,-0.06678233295679092,0.04132886230945587,-0.9429799914360046,-0.11418630182743073,0.0038827869575470686,-0.8395518660545349,-0.1328241378068924,-0.013298551551997662,-0.6759353876113892,-0.13392506539821625,0.0915248692035675,-0.5804905295372009,-0.10102175921201706,0.12202069163322449,-0.7800373435020447,-0.12649236619472504,0.08815714716911316,-0.7614575624465942,-0.1359308958053589,0.0640673115849495,-0.6584482192993164,-0.13789883255958557
E,E_session_002,48,0.0,0.0,0.0,-0.12549611926078796,-0.1200418770313263,-0.044771965593099594,-0.18289928138256073,-0.3503263294696808,-0.0765470415353775,-0.12196963280439377,-0.5143258571624756,-0.1163351759314537,-0.01422351785004139,-0.5060120820999146,-0.15096379816532135,-0.15668077766895294,-0.6365835070610046,-0.022375473752617836,-0.16024009883403778,-0.9167357087135315,-0.09463000297546387,-0.17375102639198303,-0.8255203366279602,-0.1472817063331604,-0.166228786110878,-0.6710582971572876,-0.17396759986877441,-0.0714118480682373,-0.6708198189735413,-0.038515761494636536,-0.05316867679357529,-1.0,-0.10990022867918015,-0.0805579349398613,-0.8755432963371277,-0.14790251851081848,-0.08448754996061325,-0.702897846698761,-0.15810538828372955,0.010258178226649761,-0.6471535563468933,-0.06587773561477661,0.040685590356588364,-0.9441144466400146,-0.11853784322738647,0.001402002526447177,-0.834304928779602,-0.13993161916732788,-0.014830376952886581,-0.6681753396987915,-0.14106017351150513,0.09174619615077972,-0.5834599137306213,-0.10015658289194107,0.12253376096487045,-0.7826908230781555,-0.1296018660068512,0.08641240745782852,-0.7637543678283691,-0.14203870296478271,0.061165738850831985,-0.661474347114563,-0.14515133202075958
E,E_session_002,49,0.0,0.0,0.0,-0.1266898363828659,-0.11981077492237091,-0.045165810734033585,-0.1876375824213028,-0.3461605906486511,-0.07630659639835358,-0.1214575469493866,-0.5100548267364502,-0.11455120146274567,-0.010306245647370815,-0.5113517642021179,-0.14779269695281982,-0.15917181968688965,-0.6369761228561401,-0.02376948669552803,-0.16438667476177216,-0.9139997363090515,-0.09317907691001892,-0.17683406174182892,-0.8197140693664551,-0.14386677742004395,-0.16910570859909058,-0.6694026589393616,-0.16967016458511353,-0.07326053082942963,-0.673431932926178,-0.03921397030353546,-0.05727047845721245,-1.0,-0.10480213910341263,-0.08127021044492722,-0.870150625705719,-0.13794898986816406,-0.0851779654622078,-0.7010101675987244,-0.14615307748317719,0.009319683536887169,-0.6506349444389343,-0.06591030955314636,0.03697320446372032,-0.9464914202690125,-0.11656050384044647,0.002313276519998908,-0.8312366008758545,-0.13545961678028107,-0.013071040622889996,-0.6667654514312744,-0.13572123646736145,0.0909745916724205,-0.5847011208534241,-0.09942248463630676,0.12004270404577255,-0.7866028547286987,-0.12838315963745117,0.08757112920284271,-0.758504331111908,-0.13795587420463562,0.06401977688074112,-0.6518534421920776,-0.13931091129779816
E,E_session_002,50,0.0,0.0,0.0,-0.12346165627241135,-0.11469686776399612,-0.04667430743575096,-0.1843622624874115,-0.3387261927127838,-0.0801319032907486,-0.12840034067630768,-0.5058788061141968,-0.12086915224790573,-0.022524407133460045,-0.510877251625061,-0.15604163706302643,-0.1590983271598816,-0.6371514797210693,-0.026325367391109467,-0.16400833427906036,-0.9168604612350464,-0.0985909253358841,-0.17790551483631134,-0.8219853639602661,-0.15083283185958862,-0.17007695138454437,-0.6631704568862915,-0.1772562712430954,-0.07371219247579575,-0.6723308563232422,-0.04177815839648247,-0.05739854648709297,-1.0,-0.10986554622650146,-0.08498812466859818,-0.8776470422744751,-0.14458067715168,-0.08952350914478302,-0.7096530199050903,-0.15419255197048187,0.008394734002649784,-0.6475511789321899,-0.06861599534749985,0.03661408647894859,-0.9438635110855103,-0.11980103701353073,-0.0019394330447539687,-0.8313495516777039,-0.13708558678627014,-0.017130855470895767,-0.6696305871009827,-0.1368677318096161,0.09012774378061295,-0.5824052691459656,-0.10255538672208786,0.1204766184091568,-0.7880871891975403,-0.1319826990365982,0.08254877477884293,-0.7575281262397766,-0.14100418984889984,0.056177787482738495,-0.6490106582641602,-0.14209797978401184
E,E_session_002,51,0.0,0.0,0.0,-0.12111901491880417,-0.11206082999706268,-0.0469292476773262,-0.1825803965330124,-0.338020384311676,-0.08053802698850632,-0.1239384189248085,-0.5069165825843811,-0.1211378425359726,-0.014488189481198788,-0.513604462146759,-0.15594042837619781,-0.1588819921016693,-0.6352508068084717,-0.027589324861764908,-0.16531874239444733,-0.9177664518356323,-0.09843433648347855,-0.17968593537807465,-0.8096425533294678,-0.14827990531921387,-0.17108385264873505,-0.652581512928009,-0.17318062484264374,-0.07395674288272858,-0.6727436184883118,-0.04283171892166138,-0.05870235711336136,-1.0,-0.10854482650756836,-0.08572512120008469,-0.8666396737098694,-0.13861896097660065,-0.08944447338581085,-0.7010466456413269,-0.14491112530231476,0.008251816034317017,-0.6500012278556824,-0.06955648958683014,0.03471478819847107,-0.9503406882286072,-0.11969421058893204,-0.0031831390224397182,-0.8274306654930115,-0.13298636674880981,-0.018612654879689217,-0.6662736535072327,-0.13002091646194458,0.09011516720056534,-0.5861707329750061,-0.1034417599439621,0.11723896116018295,-0.7920026183128357,-0.13126623630523682,0.08100526034832001,-0.7542033195495605,-0.13691429793834686,0.0574381947517395,-0.6474130153656006,-0.1356489211320877
E,E_session_002,52,0.0,0.0,0.0,-0.12307966500520706,-0.10903619974851608,-0.04958859831094742,-0.18520422279834747,-0.33047395944595337,-0.08508646488189697,-0.12472502887248993,-0.4964121878147125,-0.12693524360656738,-0.01487632654607296,-0.5094725489616394,-0.16321952641010284,-0.16739314794540405,-0.6299715042114258,-0.03431136906147003,-0.17384178936481476,-0.9174132347106934,-0.10730250179767609,-0.18523523211479187,-0.8239355087280273,-0.15987218916416168,-0.17599214613437653,-0.6652393937110901,-0.18663740158081055,-0.08045128732919693,-0.668143630027771,-0.04846996068954468,-0.06506826728582382,-1.0,-0.11708135902881622,-0.0890817940235138,-0.8770092725753784,-0.15327875316143036,-0.09267105162143707,-0.7077570557594299,-0.16451787948608398,0.003007687861099839,-0.6464478969573975,-0.0736735612154007,0.029115106910467148,-0.946349024772644,-0.1252278983592987,-0.005952856969088316,-0.8361064791679382,-0.1455359309911728,-0.020336059853434563,-0.672389805316925,-0.14792852103710175,0.08565998077392578,-0.584257185459137,-0.10588499903678894,0.11209113895893097,-0.7900732159614563,-0.13605161011219025,0.08017310500144958,-0.7676516175270081,-0.14755986630916595,0.058336593210697174,-0.663557231426239,-0.15086622536182404
E,E_session_002,53,0.0,0.0,0.0,-0.12175607681274414,-0.10805708169937134,-0.0490950383245945,-0.18278522789478302,-0.3259764611721039,-0.08446056395769119,-0.12064294517040253,-0.49002984166145325,-0.1253863275051117,-0.013886996544897556,-0.5060391426086426,-0.16047991812229156,-0.16745512187480927,-0.6310310959815979,-0.03737634792923927,-0.17091384530067444,-0.9159460067749023,-0.11129400134086609,-0.1794358491897583,-0.8202067613601685,-0.16365647315979004,-0.17122019827365875,-0.6621294021606445,-0.18982334434986115,-0.07853948324918747,-0.6685149669647217,-0.051638513803482056,-0.06341248005628586,-1.0,-0.12037941813468933,-0.08296375721693039,-0.8699644804000854,-0.15480434894561768,-0.08672883361577988,-0.7017852067947388,-0.16471067070960999,0.005554214119911194,-0.6469821929931641,-0.07671547681093216,0.032002970576286316,-0.945368766784668,-0.12927937507629395,0.0013291345676407218,-0.8260571360588074,-0.14638744294643402,-0.013757443986833096,-0.6629303097724915,-0.14617471396923065,0.08838208764791489,-0.5835599303245544,-0.10860422253608704,0.11604747176170349,-0.7886107563972473,-0.139858216047287,0.08702178299427032,-0.7600152492523193,-0.14924712479114532,0.06432957947254181,-0.6563805937767029,-0.15055249631404877
E,E_session_002,54,0.0,0.0,0.0,-0.12180185317993164,-0.1123880073428154,-0.0483899787068367,-0.18487992882728577,-0.33055368065834045,-0.0836416706442833,-0.1307024359703064,-0.4990815222263336,-0.1258668750524521,-0.02398141659796238,-0.5134087800979614,-0.1628892570734024,-0.1646265834569931,-0.6374157071113586,-0.029198532924056053,-0.16974492371082306,-0.9150948524475098,-0.10329928249120712,-0.18208399415016174,-0.83061283826828,-0.15776292979717255,-0.17474813759326935,-0.6780385375022888,-0.1854553073644638,-0.07898249477148056,-0.6727840900421143,-0.04462820291519165,-0.06397459656000137,-1.0,-0.11598952114582062,-0.0881606861948967,-0.8804478645324707,-0.15506544709205627,-0.09172604233026505,-0.710776150226593,-0.16723991930484772,0.0039393301121890545,-0.6493808031082153,-0.07133831083774567,0.03251118212938309,-0.9485093951225281,-0.12579236924648285,-0.0039459168910980225,-0.8405316472053528,-0.14835737645626068,-0.020368250086903572,-0.6757910251617432,-0.1511887162923813,0.08716756105422974,-0.584414541721344,-0.1048518717288971,0.11626318097114563,-0.7955345511436462,-0.13679146766662598,0.08257517218589783,-0.7691277265548706,-0.1489047259092331,0.056722160428762436,-0.6594774723052979,-0.15202954411506653
E,E_session_002,55,0.0,0.0,0.0,-0.12277128547430038,-0.1048368588089943,-0.04832473397254944,-0.18777750432491302,-0.32238563895225525,-0.08324971050024033,-0.13064026832580566,-0.4935671091079712,-0.12471519410610199,-0.017901916056871414,-0.5052785277366638,-0.16039209067821503,-0.1680791825056076,-0.6283290386199951,-0.03165092319250107,-0.17735934257507324,-0.9147630929946899,-0.10585645586252213,-0.18549227714538574,-0.8177632093429565,-0.15863698720932007,-0.17597098648548126,-0.6567830443382263,-0.18469230830669403,-0.08116680383682251,-0.665846049785614,-0.046113308519124985,-0.0679309219121933,-1.0,-0.11731665581464767,-0.08802928030490875,-0.8729194402694702,-0.15434812009334564,-0.09030771255493164,-0.6994905471801758,-0.16425243020057678,0.0014186844928190112,-0.6448733806610107,-0.07165244221687317,0.02625367045402527,-0.9439835548400879,-0.125868558883667,-0.005297748371958733,-0.8296321630477905,-0.1453086882829666,-0.02013862505555153,-0.6640797257423401,-0.14494672417640686,0.0829789787530899,-0.583649218082428,-0.10395058244466782,0.10730669647455215,-0.787359356880188,-0.13558036088943481,0.08171555399894714,-0.7646952271461487,-0.14621315896511078,0.06308294087648392,-0.6626872420310974,-0.1473473608493805
E,E_session_002,56,0.0,0.0,0.0,-0.11879877001047134,-0.1093570813536644,-0.0475551038980484,-0.1811346709728241,-0.3210773169994354,-0.0838303416967392,-0.12606549263000488,-0.48968344926834106,-0.12667787075042725,-0.018827419728040695,-0.5118678212165833,-0.16377496719360352,-0.16832828521728516,-0.6289705634117126,-0.03302030637860298,-0.1755526065826416,-0.9152540564537048,-0.10693911463022232,-0.1822047084569931,-0.8211923241615295,-0.15985628962516785,-0.17276641726493835,-0.6659134030342102,-0.18617291748523712,-0.0806804969906807,-0.6665868759155273,-0.047938890755176544,-0.06783801317214966,-1.0,-0.11809775978326797,-0.08637763559818268,-0.8734177947044373,-0.1540871262550354,-0.0894489586353302,-0.7032998204231262,-0.1638156622648239,0.0035548664163798094,-0.6453974843025208,-0.07351460307836533,0.026451462879776955,-0.9435339570045471,-0.12656818330287933,-0.003629965940490365,-0.8301132917404175,-0.14459328353405,-0.018400806933641434,-0.6672518849372864,-0.14381127059459686,0.08601521700620651,-0.5829935073852539,-0.10573138296604156,0.11215417087078094,-0.7909363508224487,-0.1360737383365631,0.0839926227927208,-0.7674187421798706,-0.14497527480125427,0.06128135323524475,-0.6659887433052063,-0.1452377438545227
E,E_session_002,57,0.0,0.0,0.0,-0.1191861629486084,-0.11042468249797821,-0.04765375703573227,-0.18385598063468933,-0.32192862033843994,-0.08361867815256119,-0.12748850882053375,-0.49454107880592346,-0.12589026987552643,-0.01611514203250408,-0.50991290807724,-0.1623428910970688,-0.16830994188785553,-0.6324149370193481,-0.03161325678229332,-0.17535971105098724,-0.9141905903816223,-0.10452480614185333,-0.18579056859016418,-0.8237090110778809,-0.1566418707370758,-0.17664732038974762,-0.6732441782951355,-0.18271154165267944,-0.08104871213436127,-0.6699776649475098,-0.04614027589559555,-0.0650576576590538,-1.0,-0.1159454807639122,-0.08773448318243027,-0.875307023525238,-0.14978612959384918,-0.09197543561458588,-0.7070849537849426,-0.15762409567832947,0.002379606245085597,-0.6483765244483948,-0.07162895053625107,0.028191279619932175,-0.9417228698730469,-0.12373777478933334,-0.00495507987216115,-0.8331285119056702,-0.14056773483753204,-0.021383365616202354,-0.6747115850448608,-0.13891345262527466,0.08454707264900208,-0.5859887599945068,-0.10402218997478485,0.10978890210390091,-0.789750337600708,-0.13292863965034485,0.08116307109594345,-0.7695162892341614,-0.14120030403137207,0.05915073677897453,-0.6729772686958313,-0.1411098688840866
E,E_session_002,58,0.0,0.0,0.0,-0.11886956542730331,-0.11111260205507278,-0.04657099395990372,-0.18135899305343628,-0.3248644471168518,-0.08237685263156891,-0.12149709463119507,-0.4910739064216614,-0.12500427663326263,-0.011457263492047787,-0.5084167718887329,-0.16221287846565247,-0.16394294798374176,-0.6322791576385498,-0.03368319198489189,-0.17298953235149384,-0.9204276204109192,-0.10663437843322754,-0.18075917661190033,-0.8147505521774292,-0.15842770040035248,-0.17069301009178162,-0.6572453379631042,-0.1842799037694931,-0.07705596089363098,-0.6676049828529358,-0.04937898367643356,-0.061861563473939896,-1.0,-0.11649423837661743,-0.08292204141616821,-0.8669471144676208,-0.14896459877490997,-0.08764290809631348,-0.7000141739845276,-0.15737704932689667,0.006839574780315161,-0.6442396640777588,-0.07596202194690704,0.032633114606142044,-0.9427000284194946,-0.12717948853969574,-0.000794698134995997,-0.8262924551963806,-0.14413702487945557,-0.01759873330593109,-0.6654340624809265,-0.1439448893070221,0.08963111788034439,-0.5801252126693726,-0.10926735401153564,0.11663206666707993,-0.7904478907585144,-0.13819560408592224,0.08451363444328308,-0.7582942247390747,-0.14585064351558685,0.0596255324780941,-0.6517373323440552,-0.14626792073249817
E,E_session_002,59,0.0,0.0,0.0,-0.12169144302606583,-0.11707434058189392,-0.04534817487001419,-0.18174156546592712,-0.33636951446533203,-0.07902144640684128,-0.12004874646663666,-0.4975256025791168,-0.11984721571207047,-0.008188351057469845,-0.5126450061798096,-0.15512368083000183,-0.16620370745658875,-0.6311518549919128,-0.030424712225794792,-0.1732284128665924,-0.9189940094947815,-0.10354255139827728,-0.18063238263130188,-0.8192040920257568,-0.15531939268112183,-0.17040607333183289,-0.6591846346855164,-0.18084195256233215,-0.07823684811592102,-0.6684161424636841,-0.04593726620078087,-0.06333108246326447,-1.0,-0.1141975149512291,-0.08371619880199432,-0.8714228272438049,-0.1480918973684311,-0.08709967881441116,-0.699592649936676,-0.15717582404613495,0.006678725127130747,-0.6473255157470703,-0.07241746038198471,0.03170829638838768,-0.9476081728935242,-0.12458537518978119,-0.0009213989251293242,-0.8314296007156372,-0.14226660132408142,-0.016406027600169182,-0.6659225225448608,-0.14200212061405182,0.09048709273338318,-0.5859678387641907,-0.10550648719072342,0.1176985502243042,-0.7961819767951965,-0.13638056814670563,0.08717384934425354,-0.7679798603057861,-0.1457914113998413,0.06344740092754364,-0.6597487330436707,-0.14690981805324554
E,E_session_002,60,0.0,0.0,0.0,-0.11673346906900406,-0.1077955961227417,-0.046546243131160736,-0.17918488383293152,-0.3255816102027893,-0.08057374507188797,-0.1246623545885086,-0.49595144391059875,-0.12152222543954849,-0.014901799149811268,-0.5145646333694458,-0.15650688111782074,-0.166456937789917,-0.6292569637298584,-0.03140195831656456,-0.17481300234794617,-0.9198073744773865,-0.10459568351507187,-0.1825975924730301,-0.8173623085021973,-0.15593118965625763,-0.17264924943447113,-0.655745267868042,-0.1810527741909027,-0.07911395281553268,-0.6681629419326782,-0.04590065777301788,-0.06432289630174637,-1.0,-0.1141304299235344,-0.08593790233135223,-0.870821475982666,-0.14688937366008759,-0.08998644351959229,-0.7004244923591614,-0.15500283241271973,0.0051981182768940926,-0.6481626629829407,-0.07148117572069168,0.03143855556845665,-0.9491164684295654,-0.12370514124631882,-0.0029317722655832767,-0.832149088382721,-0.1404077261686325,-0.018387271091341972,-0.6670017838478088,-0.1393723338842392,0.08854460716247559,-0.5878841280937195,-0.10379704087972641,0.11546600610017776,-0.7962709069252014,-0.13494767248630524,0.0823177620768547,-0.768901526927948,-0.14465835690498352,0.0576629564166069,-0.6634023189544678,-0.14577403664588928
E,E_session_002,61,0.0,0.0,0.0,-0.11781045794487,-0.11078320443630219,-0.04388442635536194,-0.18138301372528076,-0.32451876997947693,-0.07687296718358994,-0.1268918216228485,-0.49250614643096924,-0.1169365867972374,-0.01942339912056923,-0.5194747447967529,-0.15169477462768555,-0.16650263965129852,-0.6262338161468506,-0.0329512283205986,-0.17946764826774597,-0.9171138405799866,-0.10612194985151291,-0.18557506799697876,-0.8155484199523926,-0.15798743069171906,-0.17403768002986908,-0.6540074348449707,-0.1835378259420395,-0.07901782542467117,-0.6634867787361145,-0.049199946224689484,-0.06533776968717575,-1.0,-0.11684416979551315,-0.08555387705564499,-0.8673101663589478,-0.1507110297679901,-0.08945879340171814,-0.6960356831550598,-0.16010381281375885,0.0051287212409079075,-0.6422313451766968,-0.0758068859577179,0.02960342727601528,-0.9479756355285645,-0.12713517248630524,-0.0033894674852490425,-0.8334959745407104,-0.14518354833126068,-0.017512742429971695,-0.6687886118888855,-0.14578108489513397,0.08885207772254944,-0.5794247984886169,-0.10872778296470642,0.11369135975837708,-0.7883007526397705,-0.13877874612808228,0.08100515604019165,-0.7626602053642273,-0.14819775521755219,0.05715867877006531,-0.6563892960548401,-0.14970220625400543
E,E_session_002,62,0.0,0.0,0.0,-0.11774744093418121,-0.11200619488954544,-0.04421428591012955,-0.17830918729305267,-0.3275390565395355,-0.07741548120975494,-0.11671246588230133,-0.48948734998703003,-0.11746639758348465,-0.006076883524656296,-0.5111479759216309,-0.1513044387102127,-0.16474393010139465,-0.6286026239395142,-0.03407326340675354,-0.17630472779273987,-0.9236273765563965,-0.10783091187477112,-0.1832767277956009,-0.805564820766449,-0.15854433178901672,-0.17305304110050201,-0.640390932559967,-0.18281963467597961,-0.07695071399211884,-0.6631530523300171,-0.05000342056155205,-0.06579867750406265,-1.0,-0.11496766656637192,-0.08591459691524506,-0.8597567677497864,-0.1434326320886612,-0.08912812173366547,-0.6933404803276062,-0.14926029741764069,0.00796535238623619,-0.6399733424186707,-0.07681168615818024,0.028187649324536324,-0.9429807662963867,-0.12532004714012146,-0.004059135913848877,-0.8222395777702332,-0.13701415061950684,-0.01670515164732933,-0.6634308099746704,-0.13388340175151825,0.09140836447477341,-0.5764654874801636,-0.11039874702692032,0.11526182293891907,-0.7888604402542114,-0.1378556787967682,0.07748999446630478,-0.7519575953483582,-0.14262530207633972,0.0510140098631382,-0.639987587928772,-0.14114214479923248
E,E_session_002,63,0.0,0.0,0.0,-0.12086927145719528,-0.12165237963199615,-0.04209513962268829,-0.17986588180065155,-0.32853010296821594,-0.07593236863613129,-0.11871341615915298,-0.48496153950691223,-0.11724067479372025,-0.01025925762951374,-0.5153833031654358,-0.15303422510623932,-0.16632354259490967,-0.6258392333984375,-0.03228713199496269,-0.17608706653118134,-0.9270913004875183,-0.10566410422325134,-0.18057739734649658,-0.8258785009384155,-0.1580006629228592,-0.1696794629096985,-0.6639202237129211,-0.18342648446559906,-0.07804057002067566,-0.6606321334838867,-0.04953949153423309,-0.06320154666900635,-1.0,-0.11437652260065079,-0.08229925483465195,-0.8710819482803345,-0.14677545428276062,-0.08749738335609436,-0.7012633681297302,-0.15598176419734955,0.007497178390622139,-0.6395847201347351,-0.07709930837154388,0.02995031327009201,-0.9423845410346985,-0.12529292702674866,-0.0014421080704778433,-0.829076886177063,-0.14013560116291046,-0.015720240771770477,-0.666276216506958,-0.13943657279014587,0.09146250039339066,-0.5765803456306458,-0.11106886714696884,0.11454861611127853,-0.7893530130386353,-0.1377442330121994,0.07979358732700348,-0.7593507766723633,-0.14256180822849274,0.05362679809331894,-0.6489595174789429,-0.14129959046840668
E,E_session_002,64,0.0,0.0,0.0,-0.11856740713119507,-0.11641960591077805,-0.04231598973274231,-0.1771477609872818,-0.32161661982536316,-0.07353707402944565,-0.11074615269899368,-0.4762435257434845,-0.11163794249296188,0.0003638883645180613,-0.5136690139770508,-0.1441636085510254,-0.16242150962352753,-0.6250267624855042,-0.03034432977437973,-0.17192158102989197,-0.9185827374458313,-0.10419154167175293,-0.17782767117023468,-0.8164808750152588,-0.15544059872627258,-0.16696184873580933,-0.6568142771720886,-0.17961372435092926,-0.0740111917257309,-0.6606535315513611,-0.04726458713412285,-0.05745340883731842,-1.0,-0.11376841366291046,-0.07738733291625977,-0.8634670972824097,-0.14512372016906738,-0.08267568051815033,-0.6941255331039429,-0.1519985944032669,0.010977833531796932,-0.6388073563575745,-0.07492784410715103,0.03353101760149002,-0.9336017370223999,-0.12722106277942657,0.002982404315844178,-0.8114537596702576,-0.1424829661846161,-0.011394763365387917,-0.6523736119270325,-0.14017532765865326,0.09524524956941605,-0.5747696757316589,-0.1086239144206047,0.11775797605514526,-0.7822346687316895,-0.13883036375045776,0.08423509448766708,-0.7420424818992615,-0.14401444792747498,0.05865214392542839,-0.6291906237602234,-0.1418754607439041
E,E_session_002,65,0.0,0.0,0.0,-0.11748567968606949,-0.11540472507476807,-0.04322933405637741,-0.17689549922943115,-0.3222000300884247,-0.07547718286514282,-0.11297636479139328,-0.4828246831893921,-0.11446081101894379,-0.0005842277896590531,-0.520371675491333,-0.1473272293806076,-0.16569611430168152,-0.6236177086830139,-0.0313427671790123,-0.17208512127399445,-0.9197342395782471,-0.10358460247516632,-0.17904387414455414,-0.8154966831207275,-0.1541469246149063,-0.17093946039676666,-0.6549102663993835,-0.17871271073818207,-0.07787930220365524,-0.661152184009552,-0.047738514840602875,-0.06277690827846527,-1.0,-0.11092645674943924,-0.08136873692274094,-0.8686596751213074,-0.14113228023052216,-0.086247518658638,-0.7014337182044983,-0.1487439125776291,0.008253718726336956,-0.6403602361679077,-0.07466832548379898,0.028528114780783653,-0.9392383694648743,-0.12251485139131546,-0.00011302098573651165,-0.8249388337135315,-0.1356768012046814,-0.01315579004585743,-0.6671741604804993,-0.1339932531118393,0.09352057427167892,-0.5768470764160156,-0.108053058385849,0.11611226946115494,-0.7867133617401123,-0.13552840054035187,0.08257544040679932,-0.7498272061347961,-0.13969454169273376,0.05704568699002266,-0.6363000869750977,-0.13794571161270142
E,E_session_002,66,0.0,0.0,0.0,-0.12153568118810654,-0.11868854612112045,-0.04441145062446594,-0.17969946563243866,-0.32759183645248413,-0.07729105651378632,-0.1157744899392128,-0.48410823941230774,-0.1171923577785492,-0.0034327025059610605,-0.5119531750679016,-0.15171313285827637,-0.16196613013744354,-0.6268505454063416,-0.03052600845694542,-0.1699000746011734,-0.921079695224762,-0.10463076084852219,-0.1791648268699646,-0.8245858550071716,-0.15852022171020508,-0.17002235352993011,-0.6627731323242188,-0.18550105392932892,-0.07539102435112,-0.6609264016151428,-0.047183237969875336,-0.057440441101789474,-1.0,-0.11473787575960159,-0.07865125685930252,-0.8700557947158813,-0.1501595675945282,-0.08365195244550705,-0.6991031765937805,-0.1609233021736145,0.009766669012606144,-0.6385601758956909,-0.07456421107053757,0.03407852724194527,-0.9392892122268677,-0.12456779927015305,0.00259937671944499,-0.8322156071662903,-0.14352895319461823,-0.01020732056349516,-0.6706514954566956,-0.14573357999324799,0.09422832727432251,-0.5747200846672058,-0.10859905928373337,0.1202511265873909,-0.7841310501098633,-0.1379947066307068,0.08444222062826157,-0.7539520859718323,-0.14686977863311768,0.058276720345020294,-0.6396358609199524,-0.14869965612888336
E,E_session_002,67,0.0,0.0,0.0,-0.11754445731639862,-0.11650069057941437,-0.04807289317250252,-0.17954009771347046,-0.32130861282348633,-0.08497995138168335,-0.12049423903226852,-0.4808524250984192,-0.12838374078273773,-0.008248647674918175,-0.5075817108154297,-0.1663859635591507,-0.16382940113544464,-0.6319743394851685,-0.03335807844996452,-0.17105965316295624,-0.9115074872970581,-0.10826491564512253,-0.18132460117340088,-0.8215892910957336,-0.16405744850635529,-0.17068074643611908,-0.6650162935256958,-0.192801833152771,-0.07678137719631195,-0.6669442653656006,-0.04964754357933998,-0.05823436379432678,-1.0,-0.11927563697099686,-0.08275706321001053,-0.8737966418266296,-0.15700826048851013,-0.08753795176744461,-0.7018570303916931,-0.16858026385307312,0.008497512899339199,-0.642663836479187,-0.07653836160898209,0.03271498531103134,-0.9376680254936218,-0.12690071761608124,-0.0006926736677996814,-0.8318427801132202,-0.1461338847875595,-0.011606859043240547,-0.6716419458389282,-0.14767974615097046,0.09338017553091049,-0.5745058655738831,-0.11042336374521255,0.11752615869045258,-0.7842576503753662,-0.13744758069515228,0.08379009366035461,-0.7584877014160156,-0.14455236494541168,0.062202535569667816,-0.6484792232513428,-0.14473974704742432
E,E_session_002,68,0.0,0.0,0.0,-0.11625610291957855,-0.11658655107021332,-0.045984525233507156,-0.17536894977092743,-0.3299228250980377,-0.08130908012390137,-0.11165262013673782,-0.4854939877986908,-0.12302470207214355,-0.0006596837192773819,-0.5051349401473999,-0.15976464748382568,-0.16283252835273743,-0.6280348896980286,-0.03688075765967369,-0.16841135919094086,-0.9149459004402161,-0.11135006695985794,-0.17463435232639313,-0.820309042930603,-0.16605597734451294,-0.16492116451263428,-0.6615635752677917,-0.1942082643508911,-0.07383657246828079,-0.66206955909729,-0.053975172340869904,-0.05741066485643387,-1.0,-0.1237035021185875,-0.0767822340130806,-0.8726701140403748,-0.16158385574817657,-0.08221123367547989,-0.7011385560035706,-0.17364245653152466,0.011784118600189686,-0.6376983523368835,-0.08104334771633148,0.0327315591275692,-0.9389520883560181,-0.1318044364452362,0.004178966395556927,-0.83472740650177,-0.1512613445520401,-0.007506962865591049,-0.6759190559387207,-0.15329554677009583,0.09566067904233932,-0.5702869892120361,-0.11464818567037582,0.11825575679540634,-0.7851704955101013,-0.14308586716651917,0.09032551199197769,-0.7651083469390869,-0.15111249685287476,0.07051366567611694,-0.6629491448402405,-0.15223850309848785
E,E_session_002,69,0.0,0.0,0.0,-0.11640763282775879,-0.11796320229768753,-0.04725392907857895,-0.1767258644104004,-0.3255424499511719,-0.0843748077750206,-0.11379498243331909,-0.480260968208313,-0.12787967920303345,-0.0012878606794402003,-0.5004964470863342,-0.16568315029144287,-0.16235299408435822,-0.6212391257286072,-0.039658766239881516,-0.1687471568584442,-0.9112579822540283,-0.11623983085155487,-0.17410138249397278,-0.7984042167663574,-0.16948045790195465,-0.16353078186511993,-0.639140248298645,-0.1956944614648819,-0.07395265251398087,-0.6563287973403931,-0.05651776120066643,-0.05887586995959282,-1.0,-0.12870967388153076,-0.07655854523181915,-0.8539843559265137,-0.1621602177619934,-0.08085326850414276,-0.6811206340789795,-0.16897565126419067,0.011531602591276169,-0.6350212693214417,-0.0837063267827034,0.03207509219646454,-0.9384304881095886,-0.13676215708255768,0.0054338788613677025,-0.8157245516777039,-0.15051588416099548,-0.0068084015510976315,-0.6558054089546204,-0.1464037001132965,0.09522178024053574,-0.5705642700195312,-0.11763622611761093,0.11867822706699371,-0.7822275757789612,-0.1446034014225006,0.09300453960895538,-0.7545369267463684,-0.14808033406734467,0.07403714209794998,-0.6562486290931702,-0.14492999017238617
E,E_session_002,70,0.0,0.0,0.0,-0.11806521564722061,-0.12419271469116211,-0.04525531083345413,-0.17957386374473572,-0.3405812382698059,-0.08073953539133072,-0.11508182436227798,-0.499210923910141,-0.12334137409925461,-0.0020672879181802273,-0.5172259211540222,-0.16044184565544128,-0.1670914590358734,-0.6269758939743042,-0.03254639357328415,-0.16997697949409485,-0.9105004668235779,-0.10902141034603119,-0.17602890729904175,-0.8114579916000366,-0.1634339988231659,-0.1674894094467163,-0.6554451584815979,-0.19001328945159912,-0.07823693752288818,-0.6655330657958984,-0.050164010375738144,-0.061881665140390396,-1.0,-0.12217605859041214,-0.08056161552667618,-0.862519383430481,-0.15631237626075745,-0.08448150008916855,-0.686554491519928,-0.16281089186668396,0.008358626626431942,-0.6466808915138245,-0.0784354954957962,0.0294779222458601,-0.9429953694343567,-0.13100124895572662,0.002013314748182893,-0.8237115144729614,-0.1443048119544983,-0.008915628306567669,-0.661476194858551,-0.13898718357086182,0.09263766556978226,-0.5838600993156433,-0.11347940564155579,0.11410287022590637,-0.7937326431274414,-0.13850079476833344,0.0872727483510971,-0.7676610946655273,-0.1398540437221527,0.06980179250240326,-0.6676288843154907,-0.13455532491207123
E,E_session_002,71,0.0,0.0,0.0,-0.11704482138156891,-0.13125620782375336,-0.03943296894431114,-0.17470526695251465,-0.34124094247817993,-0.07258497923612595,-0.11134364455938339,-0.491894006729126,-0.1137065514922142,-0.0023563082795590162,-0.5187174081802368,-0.14997375011444092,-0.1620175689458847,-0.6243014335632324,-0.028813019394874573,-0.1675156205892563,-0.9073382019996643,-0.10334918648004532,-0.17261555790901184,-0.81825190782547,-0.15668176114559174,-0.1624108850955963,-0.6680005788803101,-0.18259502947330475,-0.07376392185688019,-0.6632845997810364,-0.04890211299061775,-0.056641221046447754,-1.0,-0.11900875717401505,-0.07673104107379913,-0.8713291883468628,-0.1529408097267151,-0.08140485733747482,-0.6990256309509277,-0.15996652841567993,0.012120962142944336,-0.6424878835678101,-0.07887838035821915,0.03269680216908455,-0.9379238486289978,-0.13019676506519318,0.0037278870586305857,-0.822586178779602,-0.14290468394756317,-0.007747048977762461,-0.665062427520752,-0.1379740983247757,0.09651737660169601,-0.5757265686988831,-0.1150055080652237,0.11888828873634338,-0.7857772707939148,-0.1402299702167511,0.08975984156131744,-0.7583800554275513,-0.1407748907804489,0.07029784470796585,-0.6591291427612305,-0.1351640373468399
E,E_session_002,72,0.0,0.0,0.0,-0.11880647391080856,-0.12825700640678406,-0.041473038494586945,-0.17851340770721436,-0.344190388917923,-0.07459226995706558,-0.11390779167413712,-0.49788638949394226,-0.11536988615989685,-0.0031750949565321207,-0.5222377181053162,-0.15111637115478516,-0.16122175753116608,-0.6293393969535828,-0.030505182221531868,-0.1663612723350525,-0.9181862473487854,-0.10365942120552063,-0.17533807456493378,-0.8252351880073547,-0.15609237551689148,-0.16849251091480255,-0.6743550896644592,-0.18215405941009521,-0.07264357805252075,-0.6655023097991943,-0.04867878183722496,-0.05724232271313667,-1.0,-0.11812052130699158,-0.07754923403263092,-0.8667617440223694,-0.15287695825099945,-0.08186697214841843,-0.6949222683906555,-0.16124431788921356,0.012700379826128483,-0.6449653506278992,-0.07675794512033463,0.03303661197423935,-0.9447857737541199,-0.1278916746377945,0.003940386697649956,-0.8322485089302063,-0.14354026317596436,-0.007331560831516981,-0.6702396869659424,-0.14117629826068878,0.09678703546524048,-0.5800603032112122,-0.11109824478626251,0.1203620582818985,-0.7906307578086853,-0.13776957988739014,0.09282766282558441,-0.7717698216438293,-0.1425851434469223,0.07447484135627747,-0.6758859157562256,-0.14042365550994873
E,E_session_002,73,0.0,0.0,0.0,-0.12004818767309189,-0.13566581904888153,-0.03962106630206108,-0.17896652221679688,-0.3462179899215698,-0.07354053109884262,-0.11130236834287643,-0.49141132831573486,-0.11569448560476303,0.0030121146701276302,-0.5035126209259033,-0.15354536473751068,-0.15144798159599304,-0.6347092986106873,-0.03067013807594776,-0.1568191945552826,-0.917472779750824,-0.1039627268910408,-0.16948844492435455,-0.8240488767623901,-0.1575280874967575,-0.16194835305213928,-0.6729722023010254,-0.1848030984401703,-0.06377997249364853,-0.6671992540359497,-0.050290297716856,-0.046264104545116425,-1.0,-0.11883004009723663,-0.07308261096477509,-0.8732994198799133,-0.1538938581943512,-0.07882188260555267,-0.7025806307792664,-0.16377998888492584,0.02128349430859089,-0.6418539881706238,-0.0797477513551712,0.044963885098695755,-0.9398190379142761,-0.12980231642723083,0.009551003575325012,-0.8331644535064697,-0.14727620780467987,-0.0042847092263400555,-0.6720432043075562,-0.14734818041324615,0.10574991255998611,-0.5725132822990417,-0.11547136306762695,0.13388851284980774,-0.7875204086303711,-0.14178772270679474,0.09997525811195374,-0.7685379981994629,-0.14781954884529114,0.07618195563554764,-0.666427731513977,-0.14729535579681396
E,E_session_002,74,0.0,0.0,0.0,-0.11891395598649979,-0.13309182226657867,-0.041290283203125,-0.1789953112602234,-0.3492370545864105,-0.07510711997747421,-0.11388368159532547,-0.5020477175712585,-0.11720331758260727,-0.0012134792050346732,-0.513644278049469,-0.15435539186000824,-0.14725495874881744,-0.6397960782051086,-0.029016416519880295,-0.15226228535175323,-0.927725613117218,-0.10216471552848816,-0.1671823114156723,-0.8243393898010254,-0.15466366708278656,-0.16108785569667816,-0.6668707132339478,-0.18096131086349487,-0.0606488361954689,-0.6691527366638184,-0.04778600111603737,-0.043083224445581436,-1.0,-0.11583603173494339,-0.07141940295696259,-0.8657156825065613,-0.14888836443424225,-0.07667748630046844,-0.6938489675521851,-0.1568129062652588,0.023494098335504532,-0.6411820650100708,-0.07694549858570099,0.04822945594787598,-0.9441602826118469,-0.12685663998126984,0.010925178416073322,-0.8311569094657898,-0.141679584980011,-0.0027617947198450565,-0.6682612895965576,-0.13956639170646667,0.1070949137210846,-0.5697957873344421,-0.11267172545194626,0.13456501066684723,-0.779566764831543,-0.13841624557971954,0.09882330149412155,-0.7544836401939392,-0.14289841055870056,0.07551112025976181,-0.6506584882736206,-0.14088493585586548
E,E_session_002,75,0.0,0.0,0.0,-0.12027397006750107,-0.13752847909927368,-0.04410964250564575,-0.1767726093530655,-0.3444961607456207,-0.08142175525426865,-0.1087789535522461,-0.48544514179229736,-0.12677429616451263,0.002611788921058178,-0.5008716583251953,-0.1674971878528595,-0.14086328446865082,-0.6438214778900146,-0.03356408327817917,-0.14305558800697327,-0.9246349930763245,-0.11089061200618744,-0.15851235389709473,-0.8211628794670105,-0.16663676500320435,-0.15390504896640778,-0.6637107729911804,-0.19474583864212036,-0.05371038615703583,-0.669558584690094,-0.05273996666073799,-0.03255562111735344,-1.0,-0.12475187331438065,-0.06297460943460464,-0.8628093004226685,-0.16055302321910858,-0.07099249213933945,-0.691405177116394,-0.17041228711605072,0.030328944325447083,-0.6373701691627502,-0.08275341242551804,0.05983199179172516,-0.9367496967315674,-0.13807864487171173,0.019148359075188637,-0.8191230893135071,-0.1561935842037201,0.0020545748993754387,-0.6547461748123169,-0.1555480808019638,0.11408047378063202,-0.5611459016799927,-0.11918484419584274,0.14507870376110077,-0.7739301919937134,-0.14965365827083588,0.10595173388719559,-0.7438420653343201,-0.1564459204673767,0.07742320001125336,-0.6354085206985474,-0.15568166971206665
E,E_session_002,76,0.0,0.0,0.0,-0.12027370184659958,-0.14301703870296478,-0.04488671198487282,-0.17648592591285706,-0.35180890560150146,-0.08343953639268875,-0.10729988664388657,-0.4901480972766876,-0.13000813126564026,0.005970102269202471,-0.4950500428676605,-0.17182323336601257,-0.132408007979393,-0.6508151292800903,-0.035793181508779526,-0.13378995656967163,-0.9327928423881531,-0.11333738267421722,-0.15483082830905914,-0.8264678120613098,-0.1686982810497284,-0.15292096138000488,-0.6660996079444885,-0.19650660455226898,-0.046315308660268784,-0.6715086698532104,-0.05462407320737839,-0.02424347959458828,-1.0,-0.12566979229450226,-0.06011171266436577,-0.8631447553634644,-0.15889111161231995,-0.0688268318772316,-0.6931949257850647,-0.1675335168838501,0.03646650165319443,-0.6357765197753906,-0.0844336524605751,0.07167361676692963,-0.9434896111488342,-0.13864314556121826,0.024797027930617332,-0.8241998553276062,-0.1536324918270111,0.006071626674383879,-0.6575345993041992,-0.1512773036956787,0.11942332237958908,-0.5564651489257812,-0.12098110467195511,0.1540302336215973,-0.7745184302330017,-0.15006422996520996,0.1095430850982666,-0.7442874312400818,-0.1548524647951126,0.07915449887514114,-0.6339737176895142,-0.15276232361793518
E,E_session_002,77,0.0,0.0,0.0,-0.12184806168079376,-0.14101465046405792,-0.04744396731257439,-0.17882491648197174,-0.3542787432670593,-0.08596115559339523,-0.1085072010755539,-0.4900989234447479,-0.13188356161117554,0.0072851842269301414,-0.490785151720047,-0.17273038625717163,-0.1310935765504837,-0.6512407064437866,-0.03924768790602684,-0.13141851127147675,-0.9403115510940552,-0.1171356737613678,-0.15363487601280212,-0.8287286162376404,-0.17241431772708893,-0.15340806543827057,-0.6652750372886658,-0.2005661278963089,-0.04439225047826767,-0.6689441800117493,-0.05663980171084404,-0.022562140598893166,-1.0,-0.12812171876430511,-0.05936195328831673,-0.8578652739524841,-0.16201169788837433,-0.06840997189283371,-0.688812255859375,-0.17191725969314575,0.03861014172434807,-0.6322410702705383,-0.08520173281431198,0.07509978860616684,-0.9471710920333862,-0.14023618400096893,0.0258023701608181,-0.8268805146217346,-0.15698084235191345,0.005202976055443287,-0.6581507921218872,-0.15656417608261108,0.12196631729602814,-0.5530587434768677,-0.12063492089509964,0.15827350318431854,-0.7733128666877747,-0.1522984504699707,0.1116439625620842,-0.7436468005180359,-0.16017991304397583,0.07905242592096329,-0.6316936612129211,-0.16077333688735962
E,E_session_002,78,0.0,0.0,0.0,-0.11952695995569229,-0.13719651103019714,-0.046455640345811844,-0.1784839630126953,-0.3524857461452484,-0.08507612347602844,-0.10880894213914871,-0.48948827385902405,-0.13116636872291565,0.007222767919301987,-0.4824677109718323,-0.1719980537891388,-0.12460976094007492,-0.6583401560783386,-0.04080108553171158,-0.12468435615301132,-0.9434521794319153,-0.11793798208236694,-0.1510903388261795,-0.8220183253288269,-0.17098882794380188,-0.15320269763469696,-0.6566928029060364,-0.1974157691001892,-0.03745337948203087,-0.6719346642494202,-0.058085355907678604,-0.014992638491094112,-1.0,-0.12891659140586853,-0.055172085762023926,-0.8559561371803284,-0.15876272320747375,-0.06641032546758652,-0.6877068877220154,-0.1652555912733078,0.044729188084602356,-0.6304861307144165,-0.08642110973596573,0.08224747329950333,-0.9428170323371887,-0.14087267220020294,0.031146809458732605,-0.8194746375083923,-0.15358050167560577,0.007779799867421389,-0.6537356972694397,-0.14995995163917542,0.12626680731773376,-0.5475956797599792,-0.1215861365199089,0.16308201849460602,-0.7659071683883667,-0.15233932435512543,0.11551536619663239,-0.7339641451835632,-0.15787102282047272,0.081368088722229,-0.6256641745567322,-0.1563306748867035
E,E_session_002,79,0.0,0.0,0.0,-0.12126174569129944,-0.13895270228385925,-0.04529351368546486,-0.17564278841018677,-0.363508403301239,-0.08090575039386749,-0.10032020509243011,-0.4921850562095642,-0.12377731502056122,0.016856830567121506,-0.48279574513435364,-0.16192442178726196,-0.12091771513223648,-0.6505311131477356,-0.04172328859567642,-0.11628420650959015,-0.9396733641624451,-0.11873234808444977,-0.14276762306690216,-0.8260640501976013,-0.17152446508407593,-0.1459910273551941,-0.6603367924690247,-0.19780462980270386,-0.034190647304058075,-0.6644877195358276,-0.059291962534189224,-0.006551646627485752,-1.0,-0.13004356622695923,-0.04774375259876251,-0.8576827049255371,-0.1610569804906845,-0.05999473109841347,-0.6867976188659668,-0.16863897442817688,0.048063524067401886,-0.6228341460227966,-0.08770139515399933,0.08811751008033752,-0.9371140003204346,-0.14291134476661682,0.03622669354081154,-0.8158703446388245,-0.15904271602630615,0.013424518518149853,-0.6483849287033081,-0.15814486145973206,0.13030216097831726,-0.5398004651069641,-0.12259496748447418,0.1699315756559372,-0.7587712407112122,-0.15614017844200134,0.12210436165332794,-0.7278563976287842,-0.16534408926963806,0.08812163770198822,-0.616439938545227,-0.16682447493076324
E,E_session_002,80,0.0,0.0,0.0,-0.12101494520902634,-0.1410500407218933,-0.0458279550075531,-0.1768324077129364,-0.36228635907173157,-0.08292537927627563,-0.10249558091163635,-0.4923405647277832,-0.12734413146972656,0.013356244191527367,-0.4865931272506714,-0.1671602725982666,-0.12015081942081451,-0.656287431716919,-0.04093076288700104,-0.11443129926919937,-0.9359606504440308,-0.1195550188422203,-0.14169533550739288,-0.8294532299041748,-0.17381738126277924,-0.14493276178836823,-0.6651979684829712,-0.20071016252040863,-0.0322304330766201,-0.6707435846328735,-0.058915723115205765,-0.0014834334142506123,-1.0,-0.1318550407886505,-0.0454258993268013,-0.8606473803520203,-0.1631355881690979,-0.05998166278004646,-0.6883971095085144,-0.16986440122127533,0.05000758916139603,-0.6270899176597595,-0.08792974054813385,0.09152647852897644,-0.9315086603164673,-0.1448533535003662,0.03792372718453407,-0.8090811967849731,-0.15916316211223602,0.014276953414082527,-0.6432891488075256,-0.15588784217834473,0.13145750761032104,-0.5404289960861206,-0.12348707765340805,0.1708984225988388,-0.7595475316047668,-0.1565740704536438,0.12191063910722733,-0.7281256318092346,-0.16290141642093658,0.08706136792898178,-0.6188102960586548,-0.1615782231092453
E,E_session_002,81,0.0,0.0,0.0,-0.11980753391981125,-0.13348355889320374,-0.04891775920987129,-0.17505021393299103,-0.35666367411613464,-0.08699753135442734,-0.1019972413778305,-0.4898456633090973,-0.1320781707763672,0.014510832726955414,-0.48773521184921265,-0.1722366362810135,-0.11821287870407104,-0.6501621007919312,-0.04398678243160248,-0.11241819709539413,-0.9335299134254456,-0.12330237776041031,-0.13947352766990662,-0.8243163228034973,-0.1776549220085144,-0.1432582139968872,-0.6562864780426025,-0.20451320707798004,-0.03025192767381668,-0.6648701429367065,-0.0608227476477623,-0.000771248887758702,-1.0,-0.13538609445095062,-0.044179532676935196,-0.8585179448127747,-0.1690673530101776,-0.057812612503767014,-0.683318018913269,-0.17705059051513672,0.051723409444093704,-0.6217615008354187,-0.08864270895719528,0.09354843944311142,-0.9324732422828674,-0.14702831208705902,0.040243227034807205,-0.8068675398826599,-0.16293667256832123,0.017170781269669533,-0.6371503472328186,-0.16018573939800262,0.133400097489357,-0.5362266302108765,-0.12309198081493378,0.1726170927286148,-0.754166305065155,-0.15713119506835938,0.1255583018064499,-0.7234580516815186,-0.16476286947727203,0.09236767143011093,-0.6134121417999268,-0.16406802833080292
E,E_session_002,82,0.0,0.0,0.0,-0.12184000015258789,-0.14409267902374268,-0.04569274187088013,-0.17412278056144714,-0.3634170889854431,-0.08202330023050308,-0.09921231120824814,-0.4901341497898102,-0.1255670189857483,0.017946165055036545,-0.4808058738708496,-0.16460861265659332,-0.11864100396633148,-0.6550903916358948,-0.037812717258930206,-0.1102711632847786,-0.9282363653182983,-0.11481676995754242,-0.13602927327156067,-0.8246641755104065,-0.1689380705356598,-0.14005635678768158,-0.6625100374221802,-0.19586677849292755,-0.030430391430854797,-0.672454297542572,-0.05559559538960457,0.001968915108591318,-1.0,-0.1257220059633255,-0.03995467722415924,-0.8665519952774048,-0.15813001990318298,-0.05438204109668732,-0.6947349905967712,-0.16599659621715546,0.05257631093263626,-0.6307668685913086,-0.08431187272071838,0.0959741547703743,-0.9291377663612366,-0.14004471898078918,0.04356054589152336,-0.8119375705718994,-0.15701152384281158,0.019362052902579308,-0.6458505988121033,-0.15549318492412567,0.13419096171855927,-0.5438381433486938,-0.11937744915485382,0.17304857075214386,-0.7604449391365051,-0.15160691738128662,0.12702469527721405,-0.730816125869751,-0.15815556049346924,0.09328076243400574,-0.6174440979957581,-0.15691135823726654
E,E_session_002,83,0.0,0.0,0.0,-0.11737105995416641,-0.13169994950294495,-0.0502321794629097,-0.1702069193124771,-0.35425907373428345,-0.08928757905960083,-0.09987931698560715,-0.498069167137146,-0.1352187544107437,0.014100689440965652,-0.4922413229942322,-0.17559148371219635,-0.12501069903373718,-0.6533865928649902,-0.03784361481666565,-0.1147540807723999,-0.927297830581665,-0.11482138186693192,-0.1345164179801941,-0.8195101618766785,-0.16973520815372467,-0.13620108366012573,-0.6582953929901123,-0.19795434176921844,-0.03703625872731209,-0.6757975220680237,-0.05390850827097893,-0.007286497857421637,-1.0,-0.12471070140600204,-0.042941298335790634,-0.8669309020042419,-0.1594318300485611,-0.05464041233062744,-0.6977720856666565,-0.16926394402980804,0.04680320993065834,-0.6379978060722351,-0.08118810504674911,0.08935928344726562,-0.9405773282051086,-0.13605566322803497,0.04226226732134819,-0.8208742737770081,-0.15256747603416443,0.020573556423187256,-0.6532657742500305,-0.15136127173900604,0.12972652912139893,-0.5539007186889648,-0.11549431085586548,0.1661674678325653,-0.7644780278205872,-0.14606252312660217,0.12315476685762405,-0.7363036274909973,-0.15318593382835388,0.09204959869384766,-0.6285948753356934,-0.1528864949941635
E,E_session_002,84,0.0,0.0,0.0,-0.11514932662248611,-0.1387561857700348,-0.04276407137513161,-0.1673426330089569,-0.3589355945587158,-0.07831602543592453,-0.09834495931863785,-0.5000093579292297,-0.12175951898097992,0.01237634476274252,-0.5037992000579834,-0.16046659648418427,-0.127203568816185,-0.6502413749694824,-0.03278346359729767,-0.11528205871582031,-0.9195528030395508,-0.1072942316532135,-0.13122262060642242,-0.8289685845375061,-0.15956436097621918,-0.13350491225719452,-0.6818291544914246,-0.18550421297550201,-0.03889913856983185,-0.6743570566177368,-0.05205271393060684,-0.006994260940700769,-1.0,-0.12159917503595352,-0.03916075453162193,-0.8654016852378845,-0.15299092233181,-0.051287487149238586,-0.6959189772605896,-0.15871155261993408,0.04578539356589317,-0.6370816230773926,-0.08151019364595413,0.08370743691921234,-0.9304423928260803,-0.1360858827829361,0.041246481239795685,-0.8066127896308899,-0.14719796180725098,0.022142771631479263,-0.6436740756034851,-0.1405528485774994,0.1281101107597351,-0.5514566898345947,-0.11705602705478668,0.16024227440357208,-0.7606374621391296,-0.1448179930448532,0.12078750878572464,-0.7271687388420105,-0.14470301568508148,0.09393565356731415,-0.6215956211090088,-0.1381782740354538
E,E_session_002,85,0.0,0.0,0.0,-0.11896685510873795,-0.14979909360408783,-0.04112634062767029,-0.16818867623806,-0.36180680990219116,-0.07657067477703094,-0.09723174571990967,-0.4980646073818207,-0.12003109604120255,0.013645434752106667,-0.5020374059677124,-0.1586611419916153,-0.13099125027656555,-0.6539313197135925,-0.028830768540501595,-0.1175260841846466,-0.9190689921379089,-0.10411367565393448,-0.1282373070716858,-0.8354997038841248,-0.1572304219007492,-0.12987296283245087,-0.6889936923980713,-0.18272343277931213,-0.040021758526563644,-0.6798115968704224,-0.047648731619119644,-0.00795800145715475,-1.0,-0.11943615972995758,-0.033917032182216644,-0.8738892674446106,-0.1535002738237381,-0.04651743918657303,-0.7025349736213684,-0.15968753397464752,0.045366596430540085,-0.6463324427604675,-0.07650212198495865,0.08265093713998795,-0.9298319220542908,-0.13219310343265533,0.04630221053957939,-0.808458149433136,-0.14418041706085205,0.024711942300200462,-0.6450635194778442,-0.13628488779067993,0.12736155092716217,-0.5654327869415283,-0.11118310689926147,0.1591789424419403,-0.7695374488830566,-0.13965104520320892,0.129318967461586,-0.7436411380767822,-0.14011132717132568,0.10331372916698456,-0.6461200714111328,-0.13243785500526428
E,E_session_002,86,0.0,0.0,0.0,-0.11842809617519379,-0.14241713285446167,-0.039901454001665115,-0.1661732792854309,-0.3638366162776947,-0.07229653000831604,-0.09438406676054001,-0.5054749846458435,-0.11271266639232635,0.015894819051027298,-0.5088936686515808,-0.1478470414876938,-0.13326896727085114,-0.6491882801055908,-0.02684367075562477,-0.11767947673797607,-0.9280908703804016,-0.10007057338953018,-0.12616080045700073,-0.8366947174072266,-0.15141472220420837,-0.12718437612056732,-0.6790785193443298,-0.17508508265018463,-0.04276977851986885,-0.67575603723526,-0.045018184930086136,-0.010392196476459503,-1.0,-0.11101696640253067,-0.034035734832286835,-0.8764685988426208,-0.1413639634847641,-0.04632900655269623,-0.7015416622161865,-0.14593079686164856,0.04299357533454895,-0.6453409790992737,-0.07348061352968216,0.07444847375154495,-0.9270164966583252,-0.1222798302769661,0.04237048327922821,-0.8143420815467834,-0.1315184235572815,0.02543414942920208,-0.6544157266616821,-0.12384039163589478,0.12569144368171692,-0.5728195905685425,-0.10820970684289932,0.15773165225982666,-0.7849136590957642,-0.13042327761650085,0.1277766227722168,-0.7561104893684387,-0.1273241639137268,0.10350856184959412,-0.6499935984611511,-0.11870570480823517
E,E_session_002,87,0.0,0.0,0.0,-0.11667415499687195,-0.13074174523353577,-0.04663878306746483,-0.17117249965667725,-0.34903043508529663,-0.08416822552680969,-0.10265561193227768,-0.4991157352924347,-0.12839098274707794,0.008572643622756004,-0.49707314372062683,-0.16654837131500244,-0.13785941898822784,-0.6572438478469849,-0.033774301409721375,-0.12319253385066986,-0.9336073398590088,-0.10702838748693466,-0.1319401115179062,-0.8304263353347778,-0.15904830396175385,-0.13069342076778412,-0.6713069081306458,-0.18438690900802612,-0.047168102115392685,-0.6808573007583618,-0.05025805905461311,-0.014315348118543625,-1.0,-0.11459733545780182,-0.03939517214894295,-0.8730545043945312,-0.14378239214420319,-0.05175717547535896,-0.7049707770347595,-0.14972135424613953,0.03879491239786148,-0.6468182802200317,-0.0776597335934639,0.07511880248785019,-0.929578423500061,-0.12580737471580505,0.03961580991744995,-0.8147580027580261,-0.13543349504470825,0.02081064134836197,-0.6570429801940918,-0.13007022440433502,0.12080886960029602,-0.5690385699272156,-0.11205557733774185,0.1535537987947464,-0.781017005443573,-0.13434039056301117,0.11911875754594803,-0.7443352937698364,-0.1320873349905014,0.09265704452991486,-0.6345874667167664,-0.12546215951442719
E,E_session_002,88,0.0,0.0,0.0,-0.11727143079042435,-0.12842737138271332,-0.045189179480075836,-0.1686335653066635,-0.34996506571769714,-0.08036062121391296,-0.09801638126373291,-0.4957684576511383,-0.12252621352672577,0.012442115694284439,-0.4923717677593231,-0.15837979316711426,-0.14273515343666077,-0.646516740322113,-0.033245500177145004,-0.12979595363140106,-0.9238561987876892,-0.10692844539880753,-0.137419193983078,-0.8168659806251526,-0.15786625444889069,-0.13375429809093475,-0.6547802090644836,-0.18195727467536926,-0.0513092577457428,-0.6742186546325684,-0.04940209910273552,-0.02033616043627262,-1.0,-0.11640479415655136,-0.044513944536447525,-0.8688156604766846,-0.14549745619297028,-0.05406692251563072,-0.6954882740974426,-0.14984525740146637,0.03499860316514969,-0.6447985172271729,-0.07619474083185196,0.06687583774328232,-0.9283051490783691,-0.12559734284877777,0.03343970328569412,-0.8068699836730957,-0.13389988243579865,0.01779428869485855,-0.6450724601745605,-0.1263148933649063,0.1174938976764679,-0.5742458701133728,-0.10995277017354965,0.1488819122314453,-0.7848891615867615,-0.1337004154920578,0.11536074429750443,-0.7492179274559021,-0.1325603723526001,0.09018783271312714,-0.640000581741333,-0.12588989734649658
E,E_session_002,89,0.0,0.0,0.0,-0.11361677944660187,-0.1342667043209076,-0.0414324626326561,-0.16487789154052734,-0.350298136472702,-0.07590363919734955,-0.09744857251644135,-0.49763554334640503,-0.1177254393696785,0.010593500919640064,-0.5090234875679016,-0.1534520834684372,-0.14582179486751556,-0.6442376971244812,-0.03145219385623932,-0.1360119730234146,-0.9282331466674805,-0.1037684977054596,-0.13904844224452972,-0.8177817463874817,-0.1553497463464737,-0.13527312874794006,-0.6569554209709167,-0.1803446263074875,-0.054447099566459656,-0.6710160970687866,-0.049691036343574524,-0.026123035699129105,-1.0,-0.1129678338766098,-0.04300791025161743,-0.8687670230865479,-0.14302842319011688,-0.052368417382240295,-0.7011042833328247,-0.14996680617332458,0.03171897307038307,-0.6411797404289246,-0.07779914140701294,0.06140958517789841,-0.9308598637580872,-0.12243438512086868,0.03508263826370239,-0.816519021987915,-0.12962202727794647,0.018300315365195274,-0.6616896986961365,-0.12383709847927094,0.11282642930746078,-0.5667934417724609,-0.11261461675167084,0.14337942004203796,-0.7796088457107544,-0.13224183022975922,0.1144164428114891,-0.7452361583709717,-0.12779895961284637,0.08892326056957245,-0.6396064162254333,-0.12029267102479935
E,E_session_002,90,0.0,0.0,0.0,-0.11422993242740631,-0.13396692276000977,-0.04222961515188217,-0.16471609473228455,-0.3493685722351074,-0.07593298703432083,-0.09487468749284744,-0.49589046835899353,-0.11655531078577042,0.014838031493127346,-0.5176879167556763,-0.15119454264640808,-0.1453004628419876,-0.6413912773132324,-0.031015580520033836,-0.13953760266304016,-0.9246450662612915,-0.10325350612401962,-0.14310559630393982,-0.8253616094589233,-0.15460246801376343,-0.13637074828147888,-0.671916127204895,-0.17957419157028198,-0.05255281925201416,-0.6696762442588806,-0.04877806827425957,-0.024941015988588333,-1.0,-0.11537667363882065,-0.04187110438942909,-0.8656684756278992,-0.1469295620918274,-0.04883480444550514,-0.6969865560531616,-0.15323500335216522,0.033934466540813446,-0.6408812999725342,-0.07634954899549484,0.061195917427539825,-0.926857054233551,-0.12419118732213974,0.03606893867254257,-0.8098797798156738,-0.13248281180858612,0.02268264815211296,-0.6577799916267395,-0.1256992220878601,0.11686094105243683,-0.5680400729179382,-0.1104489266872406,0.1451410949230194,-0.7807817459106445,-0.1323273926973343,0.11802942305803299,-0.7489242553710938,-0.12883231043815613,0.09612537175416946,-0.6492390036582947,-0.12111049890518188
E,E_session_002,91,0.0,0.0,0.0,-0.1116364598274231,-0.13663290441036224,-0.04256989061832428,-0.16116559505462646,-0.34948188066482544,-0.07779127359390259,-0.08745615929365158,-0.4905921518802643,-0.11942299455404282,0.024282045662403107,-0.5186381340026855,-0.1551426500082016,-0.14272524416446686,-0.6392673254013062,-0.03607428818941116,-0.13544824719429016,-0.9244228005409241,-0.10884955525398254,-0.13898199796676636,-0.8216184973716736,-0.16046357154846191,-0.13366538286209106,-0.6675485372543335,-0.18582458794116974,-0.04950820282101631,-0.6694978475570679,-0.053851693868637085,-0.022599484771490097,-1.0,-0.11774304509162903,-0.03724895417690277,-0.8660499453544617,-0.14815326035022736,-0.04531707242131233,-0.6980302333831787,-0.15518367290496826,0.03735118359327316,-0.6403247117996216,-0.08113325387239456,0.06399362534284592,-0.9313675761222839,-0.126739040017128,0.042453471571207047,-0.8150095343589783,-0.13308866322040558,0.02842506766319275,-0.6641088724136353,-0.12658333778381348,0.1203831359744072,-0.5635114312171936,-0.11484091728925705,0.1469700187444687,-0.7789463996887207,-0.13625943660736084,0.12290757894515991,-0.7424130439758301,-0.13060559332370758,0.10179341584444046,-0.6389036178588867,-0.12200404703617096
E,E_session_002,92,0.0,0.0,0.0,-0.10938090085983276,-0.1450357288122177,-0.041296470910310745,-0.15273535251617432,-0.3506697416305542,-0.07762877643108368,-0.07875511795282364,-0.4865369498729706,-0.1219886988401413,0.029239028692245483,-0.5146936178207397,-0.16098853945732117,-0.13679443299770355,-0.6506779789924622,-0.02774336375296116,-0.1321205496788025,-0.9234498143196106,-0.10154902935028076,-0.1412777155637741,-0.8261803984642029,-0.15612687170505524,-0.13618223369121552,-0.6763684749603271,-0.1834944188594818,-0.04415823891758919,-0.6776540279388428,-0.048252929002046585,-0.014974779449403286,-1.0,-0.1146654561161995,-0.04130548611283302,-0.87252277135849,-0.14773038029670715,-0.052943356335163116,-0.7048181891441345,-0.15596824884414673,0.04351390525698662,-0.6447195410728455,-0.07908739894628525,0.07595841586589813,-0.9285221099853516,-0.12645159661769867,0.04045410826802254,-0.8188471794128418,-0.13575506210327148,0.021820371970534325,-0.6690694093704224,-0.13077519834041595,0.12686029076576233,-0.5651140213012695,-0.11657794564962387,0.15544049441814423,-0.7746246457099915,-0.1367662101984024,0.11810103058815002,-0.7405469417572021,-0.13140109181404114,0.0895945206284523,-0.6369798183441162,-0.12313027679920197
E,E_session_002,93,0.0,0.0,0.0,-0.1118246391415596,-0.14832626283168793,-0.039177704602479935,-0.15666314959526062,-0.3520946502685547,-0.0743274837732315,-0.08092903345823288,-0.48263776302337646,-0.11794298142194748,0.02870927006006241,-0.5094517469406128,-0.15623794496059418,-0.13303136825561523,-0.6573012471199036,-0.025343459099531174,-0.12963952124118805,-0.9351723790168762,-0.09767814725637436,-0.1384105235338211,-0.8352144956588745,-0.1509799063205719,-0.13471506536006927,-0.6826072931289673,-0.17757605016231537,-0.040346480906009674,-0.6823503971099854,-0.045360978692770004,-0.014299795031547546,-1.0,-0.10831186920404434,-0.039597123861312866,-0.8715116381645203,-0.13958963751792908,-0.05110504478216171,-0.7078847885131836,-0.1480102241039276,0.04677232354879379,-0.6470085382461548,-0.07575126737356186,0.07939084619283676,-0.9372171759605408,-0.12182001769542694,0.04358700290322304,-0.8240411877632141,-0.12977591156959534,0.023078307509422302,-0.6718443632125854,-0.12443355470895767,0.12981964647769928,-0.5647597312927246,-0.11258171498775482,0.15918700397014618,-0.7751227021217346,-0.13411015272140503,0.12177670001983643,-0.7429978847503662,-0.1296815723180771,0.09105202555656433,-0.6416600942611694,-0.12175307422876358
E,E_session_002,94,0.0,0.0,0.0,-0.11138728260993958,-0.14459751546382904,-0.04325379058718681,-0.15865164995193481,-0.3461199402809143,-0.08091489225625992,-0.0855390653014183,-0.48123788833618164,-0.1265055537223816,0.02614022232592106,-0.5136170983314514,-0.16644607484340668,-0.13182315230369568,-0.6590514183044434,-0.029295122250914574,-0.12484145164489746,-0.940907895565033,-0.10345050692558289,-0.1360621601343155,-0.843472421169281,-0.1578129678964615,-0.1350557506084442,-0.6900603771209717,-0.1848597228527069,-0.039764221757650375,-0.6823432445526123,-0.04811711609363556,-0.009494340978562832,-1.0,-0.11289947479963303,-0.038581933826208115,-0.8738039135932922,-0.145919069647789,-0.05297936499118805,-0.7087996602058411,-0.15554720163345337,0.047473154962062836,-0.645255446434021,-0.07771089673042297,0.08493836224079132,-0.9389081597328186,-0.12651947140693665,0.045010846108198166,-0.8264634609222412,-0.13810975849628448,0.022469254210591316,-0.6686461567878723,-0.13479004800319672,0.13197170197963715,-0.5619645714759827,-0.11377167701721191,0.1630280762910843,-0.7731862664222717,-0.13779012858867645,0.12295007705688477,-0.7430629730224609,-0.13629110157489777,0.0901569277048111,-0.6388702988624573,-0.13019634783267975
E,E_session_002,95,0.0,0.0,0.0,-0.11419609189033508,-0.14159826934337616,-0.04424921050667763,-0.1678050309419632,-0.3443903625011444,-0.0838407352566719,-0.10017968714237213,-0.4838521182537079,-0.13125646114349365,0.01492022443562746,-0.5086984038352966,-0.1729394644498825,-0.12820184230804443,-0.6528360843658447,-0.03751569241285324,-0.12505455315113068,-0.9422299265861511,-0.11340499669313431,-0.14208127558231354,-0.8288618326187134,-0.1661272794008255,-0.1425534039735794,-0.6712833046913147,-0.19172602891921997,-0.03820716589689255,-0.6718933582305908,-0.05618586391210556,-0.008275489322841167,-1.0,-0.12235915660858154,-0.04177938774228096,-0.8654689788818359,-0.15171390771865845,-0.05519299954175949,-0.7016164660453796,-0.15847688913345337,0.047099724411964417,-0.6327804327011108,-0.08545271307229996,0.08774007856845856,-0.9383578896522522,-0.13578921556472778,0.042769841849803925,-0.8177409172058105,-0.14390049874782562,0.019163718447089195,-0.6580516695976257,-0.13778738677501678,0.13050870597362518,-0.5493917465209961,-0.12127111852169037,0.16315791010856628,-0.7671316862106323,-0.14677606523036957,0.12162268906831741,-0.7325479984283447,-0.14458663761615753,0.09008541703224182,-0.6259554028511047,-0.13765539228916168
E,E_session_002,96,0.0,0.0,0.0,-0.11577524989843369,-0.1323760598897934,-0.05079616233706474,-0.17308662831783295,-0.3341001570224762,-0.09286050498485565,-0.1031956672668457,-0.47800081968307495,-0.14108653366565704,0.0167420394718647,-0.5074639320373535,-0.18331019580364227,-0.13436700403690338,-0.6474558711051941,-0.045082442462444305,-0.1314227283000946,-0.9385952353477478,-0.12234526872634888,-0.14758488535881042,-0.832329273223877,-0.17614275217056274,-0.14665520191192627,-0.6758198142051697,-0.2028689682483673,-0.04372098669409752,-0.6692948341369629,-0.06130446493625641,-0.014733236283063889,-1.0,-0.12891577184200287,-0.04772821441292763,-0.866085410118103,-0.16043022274971008,-0.06081331893801689,-0.703072726726532,-0.16914209723472595,0.04168393835425377,-0.6311826109886169,-0.08843139559030533,0.08143439143896103,-0.9352812170982361,-0.140679270029068,0.037339698523283005,-0.817492663860321,-0.15321843326091766,0.014749170280992985,-0.6588095426559448,-0.150399848818779,0.1255742311477661,-0.5479072332382202,-0.12241718173027039,0.15960970520973206,-0.7673245072364807,-0.14987094700336456,0.12073316425085068,-0.7351933121681213,-0.15131452679634094,0.09095671772956848,-0.6279218792915344,-0.14742092788219452
E,E_session_002,97,0.0,0.0,0.0,-0.11598370224237442,-0.13212180137634277,-0.04672134667634964,-0.17374128103256226,-0.3381962180137634,-0.08572067320346832,-0.11096112430095673,-0.4868476092815399,-0.13185591995716095,0.0038311223033815622,-0.5064169764518738,-0.17233699560165405,-0.13278943300247192,-0.6507294178009033,-0.03790983930230141,-0.12930002808570862,-0.9358253479003906,-0.11421985924243927,-0.1491696983575821,-0.8287001252174377,-0.16732069849967957,-0.14894619584083557,-0.6703774929046631,-0.19324205815792084,-0.044540807604789734,-0.6702566742897034,-0.05578223615884781,-0.014644650742411613,-1.0,-0.12467804551124573,-0.05274051055312157,-0.863965630531311,-0.1545749008655548,-0.06585390865802765,-0.6959749460220337,-0.16036511957645416,0.04006502032279968,-0.6314046382904053,-0.08459993451833725,0.08142893761396408,-0.936687171459198,-0.13663846254348755,0.03266360983252525,-0.8191935420036316,-0.1470242589712143,0.011120066046714783,-0.6587271690368652,-0.14172884821891785,0.12337841093540192,-0.5484001636505127,-0.12021493166685104,0.15597215294837952,-0.767398476600647,-0.1466859132051468,0.11017504334449768,-0.7335484027862549,-0.14664654433727264,0.07932385802268982,-0.6251606941223145,-0.14111673831939697
E,E_session_002,98,0.0,0.0,0.0,-0.11703620105981827,-0.1346091330051422,-0.04591688886284828,-0.17453043162822723,-0.3409484326839447,-0.08524903655052185,-0.10944370925426483,-0.4873318076133728,-0.13209174573421478,0.005358542315661907,-0.5107548832893372,-0.17308853566646576,-0.1310972422361374,-0.6525254845619202,-0.039635732769966125,-0.13189010322093964,-0.9446911811828613,-0.1157047227025032,-0.15286296606063843,-0.8289890289306641,-0.16809172928333282,-0.15199634432792664,-0.6668890118598938,-0.19358737766742706,-0.0423421673476696,-0.6688050627708435,-0.05744822695851326,-0.017067665234208107,-1.0,-0.12509234249591827,-0.054748766124248505,-0.8619504570960999,-0.15396378934383392,-0.06668469309806824,-0.6955804824829102,-0.1601109802722931,0.04208100214600563,-0.6299620866775513,-0.08604998141527176,0.07932627201080322,-0.9401800632476807,-0.1365920752286911,0.030476633459329605,-0.8202648162841797,-0.14498108625411987,0.008859626017510891,-0.65974360704422,-0.13929350674152374,0.12539416551589966,-0.5493208765983582,-0.12156078219413757,0.15778087079524994,-0.7729248404502869,-0.14718906581401825,0.1106923520565033,-0.7387948036193848,-0.14644277095794678,0.07827512919902802,-0.6300610303878784,-0.14094410836696625
E,E_session_002,99,0.0,0.0,0.0,-0.1204691231250763,-0.13696634769439697,-0.04467325285077095,-0.18020442128181458,-0.3452984392642975,-0.08200478553771973,-0.1136409193277359,-0.4952425956726074,-0.12699377536773682,0.0015501347370445728,-0.5089960694313049,-0.1659562885761261,-0.13707204163074493,-0.6553567051887512,-0.034740954637527466,-0.13838760554790497,-0.9434170722961426,-0.10838017612695694,-0.160826176404953,-0.8261005878448486,-0.15959593653678894,-0.16117337346076965,-0.6646216511726379,-0.1848626583814621,-0.04942426458001137,-0.6735047698020935,-0.051954373717308044,-0.026326468214392662,-1.0,-0.1173926517367363,-0.06449545919895172,-0.8635434508323669,-0.14499449729919434,-0.07568664848804474,-0.6969485282897949,-0.15052415430545807,0.03454698622226715,-0.6352394223213196,-0.08005575835704803,0.0719572901725769,-0.9443022608757019,-0.1284472793340683,0.021791791543364525,-0.8255624771118164,-0.13648861646652222,-0.0003818548866547644,-0.6635097861289978,-0.13084836304187775,0.11761727929115295,-0.5535659790039062,-0.11521948873996735,0.15071360766887665,-0.771941065788269,-0.14059938490390778,0.10180557519197464,-0.7410480976104736,-0.14130741357803345,0.06739750504493713,-0.6329487562179565,-0.13670901954174042
E,E_session_002,100,0.0,0.0,0.0,-0.12023819983005524,-0.1380327045917511,-0.04487438499927521,-0.17836254835128784,-0.3493378162384033,-0.08248350024223328,-0.10952645540237427,-0.498654305934906,-0.1278916299343109,0.007350025232881308,-0.5085010528564453,-0.16716578602790833,-0.13738305866718292,-0.6590564846992493,-0.0346391387283802,-0.1398177593946457,-0.9444555044174194,-0.10896416008472443,-0.16348415613174438,-0.8309816122055054,-0.16110143065452576,-0.162270650267601,-0.6682425141334534,-0.18679721653461456,-0.04979010671377182,-0.6775326132774353,-0.05151752755045891,-0.027629470452666283,-1.0,-0.11774706095457077,-0.06709238141775131,-0.8670317530632019,-0.14602293074131012,-0.07647117227315903,-0.6978241205215454,-0.15188518166542053,0.034577637910842896,-0.6396790742874146,-0.07937449961900711,0.06989938765764236,-0.9449883699417114,-0.12783415615558624,0.019069062545895576,-0.8293058276176453,-0.13661621510982513,-0.0010743471793830395,-0.6658921837806702,-0.13135403394699097,0.11821280419826508,-0.5596024990081787,-0.11448366194963455,0.15361939370632172,-0.7794684767723083,-0.1397150307893753,0.10324019938707352,-0.7538579106330872,-0.14147016406059265,0.06815062463283539,-0.6460499167442322,-0.1375727653503418
E,E_session_002,101,0.0,0.0,0.0,-0.12148496508598328,-0.13687224686145782,-0.046137746423482895,-0.18027691543102264,-0.3446047306060791,-0.0850779265165329,-0.11044573038816452,-0.49285271763801575,-0.1313963532447815,0.005067069083452225,-0.5111680626869202,-0.1716967672109604,-0.13987180590629578,-0.6550516486167908,-0.03913642093539238,-0.14163407683372498,-0.9436739087104797,-0.11471208184957504,-0.16329538822174072,-0.8317864537239075,-0.16746143996715546,-0.16317477822303772,-0.6689643263816833,-0.1934307962656021,-0.05209933593869209,-0.6741228699684143,-0.055613722652196884,-0.032117754220962524,-1.0,-0.12262248247861862,-0.06828747689723969,-0.8672876954078674,-0.15205486118793488,-0.07666704058647156,-0.6976027488708496,-0.15906201303005219,0.03291861712932587,-0.6371881365776062,-0.08290066570043564,0.0680566355586052,-0.9463857412338257,-0.1331559717655182,0.018776077777147293,-0.8300224542617798,-0.143010213971138,-0.0018961188616231084,-0.6649568676948547,-0.13830140233039856,0.11798302829265594,-0.557592511177063,-0.11722103506326675,0.15244318544864655,-0.7803613543510437,-0.14432436227798462,0.10378055274486542,-0.7563118934631348,-0.1468173712491989,0.06833779066801071,-0.6499412655830383,-0.14322637021541595
E,E_session_002,102,0.0,0.0,0.0,-0.12219028174877167,-0.13452529907226562,-0.04489002004265785,-0.18344993889331818,-0.3487902879714966,-0.08232423663139343,-0.11423835903406143,-0.49836036562919617,-0.127418652176857,0.00199465942569077,-0.5075415372848511,-0.16652639210224152,-0.13991740345954895,-0.6615397334098816,-0.037106871604919434,-0.14479079842567444,-0.9451475739479065,-0.11174856871366501,-0.1672745943069458,-0.8288809657096863,-0.16382594406604767,-0.16498242318630219,-0.6644492745399475,-0.18945352733135223,-0.05163007602095604,-0.678164005279541,-0.05431457981467247,-0.032828718423843384,-1.0,-0.12091104686260223,-0.07153358310461044,-0.8659825921058655,-0.14889881014823914,-0.07957407832145691,-0.6957454681396484,-0.1545233279466629,0.03371689096093178,-0.6387866139411926,-0.0824265405535698,0.0676075667142868,-0.9428091049194336,-0.13188309967517853,0.01618930697441101,-0.8263794183731079,-0.1406082808971405,-0.0033490636851638556,-0.6630854606628418,-0.13514399528503418,0.11838749796152115,-0.5581481456756592,-0.11763368546962738,0.15150336921215057,-0.78119957447052,-0.14404894411563873,0.0998213067650795,-0.7531219720840454,-0.14564277231693268,0.06501862406730652,-0.6441987156867981,-0.14144191145896912
E,E_session_002,103,0.0,0.0,0.0,-0.1195354014635086,-0.13205955922603607,-0.04482487216591835,-0.18038831651210785,-0.3427261412143707,-0.08234307169914246,-0.111750528216362,-0.4938146471977234,-0.12733639776706696,0.00404783058911562,-0.5108410716056824,-0.1661323457956314,-0.1377071738243103,-0.6596150398254395,-0.03771248832345009,-0.14388339221477509,-0.9456446766853333,-0.1123950332403183,-0.16711482405662537,-0.8268713355064392,-0.1642145812511444,-0.1657780408859253,-0.6608884334564209,-0.18962395191192627,-0.04979931190609932,-0.676007866859436,-0.05454549565911293,-0.031193800270557404,-1.0,-0.12038721144199371,-0.07046620547771454,-0.8677685856819153,-0.14781472086906433,-0.07968851178884506,-0.6997806429862976,-0.15357725322246552,0.03481244668364525,-0.6363437175750732,-0.08227096498012543,0.0688553899526596,-0.9440276026725769,-0.13146595656871796,0.0167410708963871,-0.8273766040802002,-0.13956083357334137,-0.004413129296153784,-0.6652633547782898,-0.13419532775878906,0.1190769225358963,-0.5552197098731995,-0.11704356223344803,0.15197400748729706,-0.7780307531356812,-0.14410488307476044,0.09979772567749023,-0.7480481266975403,-0.1457555741071701,0.06382142007350922,-0.6387605667114258,-0.14170390367507935
E,E_session_002,104,0.0,0.0,0.0,-0.12024758756160736,-0.13276110589504242,-0.04375637322664261,-0.18110817670822144,-0.34529000520706177,-0.0798586830496788,-0.11216434091329575,-0.4953320324420929,-0.1237238198518753,0.0026128573808819056,-0.5103745460510254,-0.16144268214702606,-0.13973279297351837,-0.6592916250228882,-0.03413116931915283,-0.14576111733913422,-0.9447702765464783,-0.10733940452337265,-0.16737818717956543,-0.8224997520446777,-0.15823529660701752,-0.16546113789081573,-0.659109354019165,-0.18345463275909424,-0.05172310769557953,-0.6771849989891052,-0.05145255848765373,-0.0350584052503109,-1.0,-0.11581043154001236,-0.07149432599544525,-0.8609707951545715,-0.14305554330348969,-0.07858117669820786,-0.6954735517501831,-0.1491105705499649,0.03293968364596367,-0.6385992765426636,-0.07968001812696457,0.06687528640031815,-0.9483543038368225,-0.12797188758850098,0.016570795327425003,-0.8276092410087585,-0.13602834939956665,-0.0035129610914736986,-0.6657911539077759,-0.1310187131166458,0.11706078797578812,-0.5570709705352783,-0.11487452685832977,0.15009772777557373,-0.7790508270263672,-0.14119687676429749,0.09828381985425949,-0.7447288632392883,-0.14252105355262756,0.0627814531326294,-0.6334801316261292,-0.13865722715854645
E,E_session_002,105,0.0,0.0,0.0,-0.12028626352548599,-0.1327807605266571,-0.04390883445739746,-0.1822645664215088,-0.34268641471862793,-0.08108484745025635,-0.11527325958013535,-0.49544650316238403,-0.12589941918849945,0.0001451208081562072,-0.5106509327888489,-0.16428646445274353,-0.1409003585577011,-0.6547057032585144,-0.03541971370577812,-0.14654500782489777,-0.9438446760177612,-0.10868431627750397,-0.16772474348545074,-0.8233414888381958,-0.15870553255081177,-0.1648089438676834,-0.6609848737716675,-0.1831139177083969,-0.05271830037236214,-0.6736302375793457,-0.05241993069648743,-0.03580993413925171,-1.0,-0.11698493361473083,-0.07182523608207703,-0.859513521194458,-0.14244359731674194,-0.07812424749135971,-0.6926494240760803,-0.14672540128231049,0.032520927488803864,-0.6366715431213379,-0.08023922145366669,0.06539306044578552,-0.9497988224029541,-0.12821482121944427,0.015723492950201035,-0.8263190984725952,-0.13357098400592804,-0.003487920155748725,-0.6642234325408936,-0.12627030909061432,0.11733268201351166,-0.5574262142181396,-0.11510839313268661,0.14944885671138763,-0.7792394757270813,-0.14066575467586517,0.09820757806301117,-0.7451384663581848,-0.14046189188957214,0.06391842663288116,-0.6355961561203003,-0.1351776272058487
E,E_session_002,106,0.0,0.0,0.0,-0.12372283637523651,-0.13564521074295044,-0.041777078062295914,-0.18411260843276978,-0.3522353172302246,-0.07742122560739517,-0.1157400980591774,-0.5070335865020752,-0.12117650359869003,-0.0002280097542097792,-0.5125563144683838,-0.15917342901229858,-0.143851637840271,-0.6559292078018188,-0.031113917008042336,-0.14825160801410675,-0.9398437738418579,-0.10182182490825653,-0.1687619388103485,-0.8225844502449036,-0.15231874585151672,-0.1666986048221588,-0.6612340211868286,-0.17813368141651154,-0.05672508850693703,-0.6749227643013,-0.048983778804540634,-0.038949429988861084,-1.0,-0.1104758009314537,-0.07297485321760178,-0.8671448230743408,-0.1379169374704361,-0.07980365306138992,-0.7009309530258179,-0.14513640105724335,0.0281766876578331,-0.6392495036125183,-0.0774598941206932,0.06292470544576645,-0.9536919593811035,-0.12245333939790726,0.014978707768023014,-0.8379650712013245,-0.13111981749534607,-0.005870053544640541,-0.6748635768890381,-0.12779299914836884,0.11270244419574738,-0.5609490275382996,-0.11300422251224518,0.14801329374313354,-0.7796709537506104,-0.13727667927742004,0.09828441590070724,-0.7472734451293945,-0.13956321775913239,0.062231335788965225,-0.6357728838920593,-0.13737744092941284
E,E_session_002,107,0.0,0.0,0.0,-0.12545602023601532,-0.13702867925167084,-0.04007062688469887,-0.18251745402812958,-0.35522890090942383,-0.07368987798690796,-0.11162157356739044,-0.5067276954650879,-0.11576776951551437,0.0022341515868902206,-0.5174888372421265,-0.15245503187179565,-0.14847210049629211,-0.6498344540596008,-0.028231240808963776,-0.15293824672698975,-0.9385954141616821,-0.09908176958560944,-0.16932034492492676,-0.8287988901138306,-0.1497030258178711,-0.16423489153385162,-0.6661953926086426,-0.1748446524143219,-0.05977676808834076,-0.6724957227706909,-0.04650019854307175,-0.041218895465135574,-1.0,-0.1080322191119194,-0.07405539602041245,-0.8716779947280884,-0.13682004809379578,-0.08005757629871368,-0.7038615345954895,-0.14438658952713013,0.026221731677651405,-0.6394050717353821,-0.07534966617822647,0.05784458667039871,-0.9470688700675964,-0.12011906504631042,0.011260123923420906,-0.8362788558006287,-0.13084769248962402,-0.00707289157435298,-0.6750652194023132,-0.12848815321922302,0.11118339747190475,-0.5640442371368408,-0.11099201440811157,0.1445733904838562,-0.7814526557922363,-0.13457633554935455,0.09721322357654572,-0.7526549100875854,-0.1370241641998291,0.0647149607539177,-0.6417179703712463,-0.13470132648944855
E,E_session_002,108,0.0,0.0,0.0,-0.12466292828321457,-0.1351238489151001,-0.0382201261818409,-0.18270938098430634,-0.36037057638168335,-0.07131554186344147,-0.10884121805429459,-0.5144777297973633,-0.11286149173974991,0.008834997192025185,-0.505331814289093,-0.14878283441066742,-0.15008437633514404,-0.6554003953933716,-0.027361497282981873,-0.15187975764274597,-0.9395402669906616,-0.09721581637859344,-0.1707218587398529,-0.821636438369751,-0.14646267890930176,-0.1678137332201004,-0.6582666635513306,-0.17090527713298798,-0.06083562970161438,-0.6757619380950928,-0.046525705605745316,-0.0409465916454792,-1.0,-0.10707796365022659,-0.07382985949516296,-0.8675382137298584,-0.1318528652191162,-0.07961287349462509,-0.6999617218971252,-0.13608315587043762,0.025430776178836823,-0.6411656141281128,-0.07622821629047394,0.05911276489496231,-0.9495983719825745,-0.11997975409030914,0.013211087323725224,-0.8320043683052063,-0.125266894698143,-0.004883518908172846,-0.6712135076522827,-0.11864921450614929,0.11055546998977661,-0.5656964182853699,-0.11278253048658371,0.1424284279346466,-0.7833139896392822,-0.13444514572620392,0.09633693844079971,-0.7480400800704956,-0.13269999623298645,0.06690298765897751,-0.6371394395828247,-0.1270315796136856
E,E_session_002,109,0.0,0.0,0.0,-0.12426059693098068,-0.1409541815519333,-0.03725963830947876,-0.18141251802444458,-0.35521236062049866,-0.0716792494058609,-0.10956259816884995,-0.5038245916366577,-0.11479679495096207,0.006059941370040178,-0.5054776668548584,-0.15287037193775177,-0.14467842876911163,-0.6504203081130981,-0.028246475383639336,-0.1472867876291275,-0.9357129335403442,-0.10030240565538406,-0.17067638039588928,-0.8251011967658997,-0.15089716017246246,-0.17054197192192078,-0.6645103693008423,-0.1756357103586197,-0.057578444480895996,-0.6686445474624634,-0.04824580252170563,-0.03765026852488518,-1.0,-0.11265122890472412,-0.07516324520111084,-0.8740679621696472,-0.1409178525209427,-0.08395539969205856,-0.705020546913147,-0.14662021398544312,0.026860371232032776,-0.6348071098327637,-0.07851702719926834,0.06324834376573563,-0.9502178430557251,-0.1255880445241928,0.013828868977725506,-0.8413642644882202,-0.13557952642440796,-0.008508208207786083,-0.6795386075973511,-0.13106395304203033,0.11059591174125671,-0.5603524446487427,-0.11519212275743484,0.14324162900447845,-0.7762143611907959,-0.13947585225105286,0.09906552731990814,-0.7526669502258301,-0.1410529762506485,0.0694919005036354,-0.6493778824806213,-0.13691666722297668
E,E_session_002,110,0.0,0.0,0.0,-0.12372548133134842,-0.1392633616924286,-0.03477022051811218,-0.17862839996814728,-0.3564612865447998,-0.06605511158704758,-0.10432444512844086,-0.5024511218070984,-0.10613221675157547,0.01037879753857851,-0.5041443109512329,-0.14097025990486145,-0.14655658602714539,-0.6486839652061462,-0.025451239198446274,-0.14668193459510803,-0.9368793964385986,-0.09609279781579971,-0.16884121298789978,-0.8277797102928162,-0.14456938207149506,-0.16879704594612122,-0.6667059659957886,-0.16743315756320953,-0.05959715321660042,-0.6689786314964294,-0.04535157233476639,-0.038941025733947754,-1.0,-0.10764018446207047,-0.07378467917442322,-0.8734787702560425,-0.13260698318481445,-0.08162583410739899,-0.7035321593284607,-0.13549311459064484,0.024654420092701912,-0.6356894373893738,-0.0755230188369751,0.05789560452103615,-0.9453362822532654,-0.12095663696527481,0.012595322914421558,-0.8321969509124756,-0.1271708607673645,-0.007889624685049057,-0.6722738146781921,-0.11979158222675323,0.1082138642668724,-0.5607126951217651,-0.11196751147508621,0.1388949751853943,-0.7734895348548889,-0.1350587010383606,0.09807094931602478,-0.7452462315559387,-0.13395896553993225,0.07002752274274826,-0.6417514681816101,-0.12761859595775604
E,E_session_002,111,0.0,0.0,0.0,-0.12217113375663757,-0.1337222307920456,-0.036279018968343735,-0.17739377915859222,-0.3581012785434723,-0.06753576546907425,-0.10552635043859482,-0.5121070742607117,-0.10753817111253738,0.004204405006021261,-0.5132833123207092,-0.14259642362594604,-0.1466302126646042,-0.6475747227668762,-0.024105602875351906,-0.14809268712997437,-0.9349144697189331,-0.09442093968391418,-0.1689603477716446,-0.8336092233657837,-0.1433328092098236,-0.16749243438243866,-0.674845814704895,-0.16658633947372437,-0.061103325337171555,-0.6697670817375183,-0.043659504503011703,-0.04098312184214592,-1.0,-0.10651228576898575,-0.0749964714050293,-0.8760188221931458,-0.13302083313465118,-0.08121926337480545,-0.707179605960846,-0.13671079277992249,0.022636735811829567,-0.637719988822937,-0.0735969990491867,0.05581313371658325,-0.948749840259552,-0.11988648027181625,0.010794652625918388,-0.8380933403968811,-0.1279359608888626,-0.0066077676601707935,-0.6784983277320862,-0.12151876091957092,0.1057029739022255,-0.5644391179084778,-0.10978399217128754,0.13305598497390747,-0.7792424559593201,-0.1322794109582901,0.09320814162492752,-0.7535087466239929,-0.13139835000038147,0.06995582580566406,-0.6515253186225891,-0.12534694373607635
E,E_session_002,112,0.0,0.0,0.0,-0.12532548606395721,-0.14153368771076202,-0.03927082195878029,-0.18396618962287903,-0.3634982705116272,-0.0733504593372345,-0.11313565820455551,-0.5169000625610352,-0.11496633291244507,0.0065358346328139305,-0.5070970058441162,-0.15130005776882172,-0.14617420732975006,-0.6505188941955566,-0.032202254980802536,-0.1467137187719345,-0.9367620944976807,-0.10339809954166412,-0.1674715280532837,-0.8241844177246094,-0.1518935263156891,-0.16579993069171906,-0.6633235216140747,-0.17522916197776794,-0.05822451412677765,-0.6701328158378601,-0.05053369328379631,-0.03675483912229538,-1.0,-0.11550180613994598,-0.06990654021501541,-0.8676946759223938,-0.14227548241615295,-0.07675202190876007,-0.6980400681495667,-0.1457296758890152,0.025672469288110733,-0.6363452076911926,-0.07884818315505981,0.059425245970487595,-0.9417175054550171,-0.1274789273738861,0.01571625843644142,-0.8286299109458923,-0.1378699094057083,-0.003188610542565584,-0.6688762307167053,-0.13217458128929138,0.10774752497673035,-0.561015784740448,-0.11327113956212997,0.13366833329200745,-0.7657698392868042,-0.1379822939634323,0.10034476220607758,-0.7478742599487305,-0.13996952772140503,0.08154831826686859,-0.6557323336601257,-0.13535429537296295
E,E_session_002,113,0.0,0.0,0.0,-0.12530562281608582,-0.1324203759431839,-0.043047089129686356,-0.1838914006948471,-0.36542555689811707,-0.07689118385314941,-0.10861862450838089,-0.5218585133552551,-0.11837276816368103,0.012851858511567116,-0.5084041357040405,-0.15457211434841156,-0.147410586476326,-0.6464368104934692,-0.029405955225229263,-0.15002313256263733,-0.9355716705322266,-0.10156875848770142,-0.1702095866203308,-0.8356658220291138,-0.15187184512615204,-0.16657987236976624,-0.674559473991394,-0.1764785349369049,-0.060448504984378815,-0.6706042289733887,-0.04638122767210007,-0.042451225221157074,-1.0,-0.11214251071214676,-0.07549379020929337,-0.8722098469734192,-0.140645831823349,-0.08000428229570389,-0.69950932264328,-0.14551834762096405,0.023098737001419067,-0.6386960744857788,-0.07445592433214188,0.05443601682782173,-0.9521641135215759,-0.12374421209096909,0.010662210173904896,-0.8375565409660339,-0.1347769796848297,-0.004442173987627029,-0.6716093420982361,-0.1295543611049652,0.10589214414358139,-0.5670107007026672,-0.10939034074544907,0.1312483698129654,-0.7787182927131653,-0.13498394191265106,0.09432268142700195,-0.7559903264045715,-0.13797613978385925,0.07495672255754471,-0.6523651480674744,-0.1343204379081726
E,E_session_002,114,0.0,0.0,0.0,-0.12376537919044495,-0.14785388112068176,-0.035524386912584305,-0.17959436774253845,-0.38193362951278687,-0.06550662219524384,-0.10447828471660614,-0.5366926193237305,-0.1046760082244873,0.015796653926372528,-0.5166787505149841,-0.1393325924873352,-0.1403239667415619,-0.6565694212913513,-0.02038624696433544,-0.14452680945396423,-0.9347668886184692,-0.08791135251522064,-0.16521453857421875,-0.8282508850097656,-0.1365194469690323,-0.16040843725204468,-0.6719698309898376,-0.16129069030284882,-0.05444713309407234,-0.6787430047988892,-0.040927112102508545,-0.03446875512599945,-1.0,-0.10235843807458878,-0.07012571394443512,-0.8726767897605896,-0.12922783195972443,-0.07528015971183777,-0.7065130472183228,-0.13388998806476593,0.02876856178045273,-0.6425745487213135,-0.07180280983448029,0.06465274095535278,-0.9481757283210754,-0.11641046404838562,0.018051709979772568,-0.8361260890960693,-0.12606821954250336,0.0016879464965313673,-0.6751382350921631,-0.12128014117479324,0.11106903851032257,-0.5635776519775391,-0.10927140712738037,0.14090867340564728,-0.7689115405082703,-0.13109225034713745,0.09833585470914841,-0.7468567490577698,-0.13230256736278534,0.0749862790107727,-0.647556483745575,-0.12819765508174896
E,E_session_002,115,0.0,0.0,0.0,-0.12395836412906647,-0.15354661643505096,-0.03503800556063652,-0.1755196899175644,-0.38375696539878845,-0.06441197544336319,-0.0981845110654831,-0.5286238789558411,-0.10313074290752411,0.0200724508613348,-0.5157565474510193,-0.13745924830436707,-0.13250166177749634,-0.6548489928245544,-0.020050911232829094,-0.13354414701461792,-0.9339603185653687,-0.0892685055732727,-0.1563882678747177,-0.8370106220245361,-0.13827285170555115,-0.15454119443893433,-0.6837582588195801,-0.16226761043071747,-0.046761974692344666,-0.6760916709899902,-0.04018541797995567,-0.024888241663575172,-1.0,-0.10311505943536758,-0.06075327470898628,-0.8763936758041382,-0.1309904307126999,-0.06670478731393814,-0.7091084718704224,-0.13576021790504456,0.03573257848620415,-0.6397369503974915,-0.07074826955795288,0.07117535173892975,-0.9425403475761414,-0.11796952784061432,0.02481849119067192,-0.8312453627586365,-0.12935587763786316,0.007513489108532667,-0.6686556935310364,-0.12473864108324051,0.11743992567062378,-0.5604873299598694,-0.10760786384344101,0.14918290078639984,-0.763608455657959,-0.13212664425373077,0.1065763309597969,-0.7427166104316711,-0.13506630063056946,0.0802353173494339,-0.6399636268615723,-0.1314501166343689
E,E_session_002,116,0.0,0.0,0.0,-0.12091802805662155,-0.14544901251792908,-0.03725365921854973,-0.17310978472232819,-0.37902987003326416,-0.06694190949201584,-0.09908802062273026,-0.5322362184524536,-0.10540454834699631,0.01626383513212204,-0.5205131769180298,-0.1390846222639084,-0.13051564991474152,-0.651346743106842,-0.02289203181862831,-0.12951527535915375,-0.9358713626861572,-0.09159458428621292,-0.15165013074874878,-0.8410446047782898,-0.14008808135986328,-0.15089844167232513,-0.685543417930603,-0.16372615098953247,-0.04496593400835991,-0.6728007793426514,-0.04190301150083542,-0.020360559225082397,-1.0,-0.10414327681064606,-0.057209547609090805,-0.8793438673019409,-0.13101159036159515,-0.06518495082855225,-0.711016058921814,-0.13511432707309723,0.03768068552017212,-0.6360631585121155,-0.07135996967554092,0.0746791660785675,-0.9381502866744995,-0.11748825758695602,0.027747809886932373,-0.8331775665283203,-0.12814128398895264,0.010599871166050434,-0.6734532713890076,-0.12345071882009506,0.11899378150701523,-0.5574641227722168,-0.10733213275671005,0.15170252323150635,-0.7634576559066772,-0.13039420545101166,0.1080736294388771,-0.745892345905304,-0.1324480175971985,0.0811958834528923,-0.6443801522254944,-0.12863710522651672
E,E_session_002,117,0.0,0.0,0.0,-0.11855225265026093,-0.1554512232542038,-0.035871755331754684,-0.16735751926898956,-0.38774746656417847,-0.06498748064041138,-0.09125114977359772,-0.5361905097961426,-0.1030718982219696,0.024882549419999123,-0.5210827589035034,-0.1362832635641098,-0.12151113152503967,-0.6601057648658752,-0.02219565585255623,-0.12145177274942398,-0.9426661133766174,-0.08949906378984451,-0.14333213865756989,-0.8338509202003479,-0.13772210478782654,-0.14332492649555206,-0.6752086281776428,-0.16159634292125702,-0.03514924272894859,-0.6766345500946045,-0.04153475910425186,-0.00707384804263711,-1.0,-0.1007765606045723,-0.0445096492767334,-0.8755176663398743,-0.12696164846420288,-0.05551198869943619,-0.7111533284187317,-0.13190840184688568,0.0462726391851902,-0.635637104511261,-0.07105527818202972,0.08553638309240341,-0.9341965317726135,-0.11429592221975327,0.03942134976387024,-0.8277757167816162,-0.12417334318161011,0.019668305292725563,-0.6704613566398621,-0.12012291699647903,0.1257934868335724,-0.5525795817375183,-0.10713464021682739,0.16206830739974976,-0.7593485713005066,-0.12822461128234863,0.11860067397356033,-0.7403551340103149,-0.12936629354953766,0.0883779376745224,-0.6389596462249756,-0.12556257843971252
E,E_session_002,118,0.0,0.0,0.0,-0.116712287068367,-0.14939390122890472,-0.041773632168769836,-0.164259672164917,-0.37779852747917175,-0.07220210134983063,-0.0851401537656784,-0.5216088891029358,-0.10971491783857346,0.030015312135219574,-0.5201967358589172,-0.1420084834098816,-0.12080308049917221,-0.6593550443649292,-0.027162637561559677,-0.11382324248552322,-0.940891683101654,-0.09739170223474503,-0.13357964158058167,-0.8516834378242493,-0.14835023880004883,-0.13476206362247467,-0.6962325572967529,-0.17318111658096313,-0.03166719153523445,-0.6766112446784973,-0.04344872012734413,0.0014384647365659475,-1.0,-0.10509616881608963,-0.03338338062167168,-0.8832657933235168,-0.13530686497688293,-0.046532727777957916,-0.7152470946311951,-0.14276638627052307,0.050299666821956635,-0.6368473172187805,-0.07039518654346466,0.0919920802116394,-0.9303786754608154,-0.11657857149839401,0.04885141924023628,-0.8333346247673035,-0.13146430253982544,0.027917027473449707,-0.6753263473510742,-0.13052494823932648,0.12884044647216797,-0.5532476305961609,-0.10394730418920517,0.16572795808315277,-0.7583361864089966,-0.12792055308818817,0.12780854105949402,-0.7420233488082886,-0.13195998966693878,0.09875594079494476,-0.636850118637085,-0.13003678619861603
E,E_session_002,119,0.0,0.0,0.0,-0.11462421715259552,-0.14891110360622406,-0.041917845606803894,-0.1599804311990738,-0.3814980089664459,-0.07289544492959976,-0.07829032838344574,-0.5236393809318542,-0.11130957305431366,0.034770600497722626,-0.5285161733627319,-0.1444702297449112,-0.11949170380830765,-0.6577547788619995,-0.028127390891313553,-0.11168880015611649,-0.9490184187889099,-0.097218818962574,-0.1284443438053131,-0.8640300631523132,-0.14801308512687683,-0.12751325964927673,-0.7105168700218201,-0.17370790243148804,-0.029961859807372093,-0.6755192279815674,-0.04444348067045212,0.004469090607017279,-1.0,-0.10490173101425171,-0.027029477059841156,-0.8837078213691711,-0.13614892959594727,-0.03901823237538338,-0.7188848257064819,-0.14578770101070404,0.05238890275359154,-0.6354973912239075,-0.07104324549436569,0.0952896997332573,-0.933826744556427,-0.1143374890089035,0.05423682555556297,-0.8363498449325562,-0.12835390865802765,0.03354253992438316,-0.6788817048072815,-0.12910941243171692,0.1308298259973526,-0.5495228171348572,-0.1045365184545517,0.17151904106140137,-0.7506574392318726,-0.12731243669986725,0.13006147742271423,-0.7307673096656799,-0.13174402713775635,0.09632381051778793,-0.6243565082550049,-0.1316327303647995
E,E_session_002,120,0.0,0.0,0.0,-0.11413867026567459,-0.15962298214435577,-0.0374201200902462,-0.15949362516403198,-0.39886367321014404,-0.06570794433355331,-0.07580273598432541,-0.540164053440094,-0.10152596980333328,0.03905932977795601,-0.5257248282432556,-0.13186728954315186,-0.1166132465004921,-0.6687480211257935,-0.025418182834982872,-0.10455392301082611,-0.9567039012908936,-0.09073890000581741,-0.1199166551232338,-0.8600082397460938,-0.13822519779205322,-0.11985409259796143,-0.7088421583175659,-0.16247890889644623,-0.02488725259900093,-0.6804846525192261,-0.04268224909901619,0.012173204682767391,-1.0,-0.09906120598316193,-0.016956673935055733,-0.8714081645011902,-0.12445028126239777,-0.029023021459579468,-0.7101930975914001,-0.13015228509902954,0.05799519270658493,-0.6359946131706238,-0.06963393837213516,0.10082753747701645,-0.9248211979866028,-0.10853522270917892,0.06392994523048401,-0.816376268863678,-0.11445304751396179,0.04327969253063202,-0.6648123860359192,-0.1098036840558052,0.13521026074886322,-0.5459792613983154,-0.10346981883049011,0.17782585322856903,-0.7449317574501038,-0.12161844968795776,0.13965417444705963,-0.718231737613678,-0.11960110813379288,0.10706013441085815,-0.6162587404251099,-0.1149834468960762
E,E_session_002,121,0.0,0.0,0.0,-0.11000685393810272,-0.1601487100124359,-0.03811703994870186,-0.15118341147899628,-0.4001762270927429,-0.06620186567306519,-0.06621461361646652,-0.5396312475204468,-0.10133154690265656,0.04849933832883835,-0.5238690376281738,-0.1303369551897049,-0.1097547858953476,-0.6694466471672058,-0.02760886959731579,-0.09424444288015366,-0.9578405618667603,-0.09374283254146576,-0.11002931743860245,-0.8448510766029358,-0.1404651254415512,-0.11264008283615112,-0.690512478351593,-0.1636769324541092,-0.01763639971613884,-0.6785324811935425,-0.04497469216585159,0.021690746769309044,-1.0,-0.1012849509716034,-0.008337356150150299,-0.8591477870941162,-0.12429340928792953,-0.022574732080101967,-0.6975614428520203,-0.12745392322540283,0.06525596231222153,-0.630959689617157,-0.07219133526086807,0.11070594191551208,-0.9169249534606934,-0.11151530593633652,0.07231637835502625,-0.8014887571334839,-0.11517511308193207,0.04918672516942024,-0.6538501977920532,-0.10818217694759369,0.1427512764930725,-0.538544774055481,-0.10618762671947479,0.185515359044075,-0.742516279220581,-0.1228383257985115,0.14760348200798035,-0.7102026343345642,-0.11755972355604172,0.11409864574670792,-0.6080053448677063,-0.11035296320915222
E,E_session_002,122,0.0,0.0,0.0,-0.10712110996246338,-0.16016949713230133,-0.03610967844724655,-0.1433952897787094,-0.4030632972717285,-0.0626700296998024,-0.05937890708446503,-0.5363258719444275,-0.09675761312246323,0.05330166965723038,-0.5253527164459229,-0.12472611665725708,-0.10700568556785583,-0.6660269498825073,-0.02600698359310627,-0.09182426333427429,-0.9572693705558777,-0.09294269233942032,-0.10700101405382156,-0.8393319845199585,-0.1386905163526535,-0.11070810258388519,-0.6831915974617004,-0.16046248376369476,-0.014911551028490067,-0.6751192212104797,-0.044229406863451004,0.023636281490325928,-1.0,-0.1008935421705246,-0.004892867524176836,-0.8518737554550171,-0.12231460213661194,-0.01851770654320717,-0.6912122964859009,-0.12394046783447266,0.06773680448532104,-0.6283971071243286,-0.07236076891422272,0.11219435185194016,-0.9207025170326233,-0.11293083429336548,0.0747544914484024,-0.7993289828300476,-0.11441122740507126,0.052837174385786057,-0.652069628238678,-0.10540234297513962,0.14448222517967224,-0.5390331745147705,-0.10690643638372421,0.18572568893432617,-0.7456227540969849,-0.12442390620708466,0.14913466572761536,-0.7116358876228333,-0.11770538985729218,0.11750849336385727,-0.6104677319526672,-0.10917793959379196
E,E_session_002,123,0.0,0.0,0.0,-0.10437380522489548,-0.1522444635629654,-0.03873100504279137,-0.14108550548553467,-0.39496371150016785,-0.0677252858877182,-0.0594349279999733,-0.5335942506790161,-0.1037050411105156,0.05267386510968208,-0.5293098092079163,-0.13316568732261658,-0.10636962950229645,-0.6632550358772278,-0.032777030020952225,-0.0896371379494667,-0.9579875469207764,-0.10225072503089905,-0.10630324482917786,-0.8360882997512817,-0.14890560507774353,-0.11154717206954956,-0.6761461496353149,-0.17104266583919525,-0.014594811014831066,-0.6708886623382568,-0.05007806420326233,0.025882815942168236,-1.0,-0.10854510962963104,-0.0029019576031714678,-0.8496577143669128,-0.1301165372133255,-0.016967764124274254,-0.690710186958313,-0.13228386640548706,0.0679551437497139,-0.622917652130127,-0.07725905627012253,0.11283602565526962,-0.9167677760124207,-0.1195758804678917,0.07440034300088882,-0.7938246130943298,-0.12078871577978134,0.0518464632332325,-0.6469483375549316,-0.11204103380441666,0.14441724121570587,-0.5338661074638367,-0.1109367161989212,0.1873805671930313,-0.7430460453033447,-0.13081514835357666,0.14934833347797394,-0.7090765237808228,-0.12533974647521973,0.11619431525468826,-0.6082226634025574,-0.11784278601408005
E,E_session_002,124,0.0,0.0,0.0,-0.10219890624284744,-0.1585974097251892,-0.03866032138466835,-0.1348273754119873,-0.402058482170105,-0.06689491122961044,-0.048674535006284714,-0.5298312306404114,-0.10231249779462814,0.06348277628421783,-0.5211663842201233,-0.13111352920532227,-0.10383636504411697,-0.6685988306999207,-0.030811194330453873,-0.08890634775161743,-0.9589653015136719,-0.10106348991394043,-0.10553470253944397,-0.8282609581947327,-0.14781564474105835,-0.1090548038482666,-0.668317973613739,-0.1700366735458374,-0.011492971330881119,-0.677095890045166,-0.048721086233854294,0.02642718516290188,-1.0,-0.10743685066699982,-0.0024609630927443504,-0.8392847776412964,-0.1275029182434082,-0.014597345143556595,-0.6819655895233154,-0.12858586013317108,0.07185223698616028,-0.6290692090988159,-0.07698770612478256,0.1153039038181305,-0.9190646409988403,-0.12006483972072601,0.0758536085486412,-0.78248530626297,-0.1184343621134758,0.05367927998304367,-0.635097861289978,-0.10757219791412354,0.148784339427948,-0.5397571921348572,-0.11199519038200378,0.19242800772190094,-0.7483223676681519,-0.13292911648750305,0.15162789821624756,-0.704152524471283,-0.12583082914352417,0.11675426363945007,-0.5989940762519836,-0.11694849282503128
E,E_session_002,125,0.0,0.0,0.0,-0.10122253000736237,-0.16048775613307953,-0.037322621792554855,-0.13414892554283142,-0.3981572985649109,-0.06568167358636856,-0.05185713618993759,-0.525450587272644,-0.10146808624267578,0.055936358869075775,-0.5151119828224182,-0.13039740920066833,-0.1061646118760109,-0.6659621000289917,-0.029485078528523445,-0.08914811909198761,-0.9596257209777832,-0.10114789754152298,-0.1052507609128952,-0.8268274664878845,-0.14841248095035553,-0.11193235963582993,-0.6675617098808289,-0.1704147756099701,-0.013647389598190784,-0.6745651960372925,-0.04805220663547516,0.024858705699443817,-1.0,-0.10767920315265656,-0.0017282904591411352,-0.8360660672187805,-0.1277020275592804,-0.013852988369762897,-0.6820530295372009,-0.12835325300693512,0.07057736068964005,-0.6273320317268372,-0.07691309601068497,0.11465847492218018,-0.9196136593818665,-0.12120385468006134,0.07636382430791855,-0.7787600159645081,-0.11769608408212662,0.053039032965898514,-0.6339939832687378,-0.10493944585323334,0.14812728762626648,-0.5376592874526978,-0.11230168491601944,0.1905767172574997,-0.745513379573822,-0.133018359541893,0.15080592036247253,-0.6976918578147888,-0.12367665022611618,0.11615379899740219,-0.5966905951499939,-0.1128663495182991
E,E_session_002,126,0.0,0.0,0.0,-0.10147655755281448,-0.166632741689682,-0.03766347095370293,-0.1332101821899414,-0.40481311082839966,-0.06847036629915237,-0.048113055527210236,-0.5303572416305542,-0.10721749067306519,0.060403525829315186,-0.5096562504768372,-0.13911423087120056,-0.10592636466026306,-0.6705676317214966,-0.0304535124450922,-0.08964096754789352,-0.9578461050987244,-0.10339870303869247,-0.10698790103197098,-0.8119622468948364,-0.15148985385894775,-0.1130458191037178,-0.6529399752616882,-0.17406626045703888,-0.012859185226261616,-0.6769983768463135,-0.050134435296058655,0.024936826899647713,-1.0,-0.11193675547838211,-0.00560845248401165,-0.831016480922699,-0.1327824890613556,-0.018156999722123146,-0.6772001385688782,-0.1333434134721756,0.07112713158130646,-0.6282299160957336,-0.08013579994440079,0.1182948425412178,-0.9162163734436035,-0.1254267394542694,0.07567498832941055,-0.775431752204895,-0.12284520268440247,0.050332069396972656,-0.6301832795143127,-0.10993334650993347,0.1475193202495575,-0.5371637344360352,-0.11676153540611267,0.19064167141914368,-0.7444152235984802,-0.1346842348575592,0.14998815953731537,-0.7005105018615723,-0.12414234131574631,0.11635535955429077,-0.6026998162269592,-0.11257472634315491
E,E_session_002,127,0.0,0.0,0.0,-0.1015731617808342,-0.15607696771621704,-0.04162848740816116,-0.13458798825740814,-0.3955014646053314,-0.07307630777359009,-0.04791918396949768,-0.5262467861175537,-0.11090834438800812,0.06175215169787407,-0.5063952803611755,-0.14137886464595795,-0.10512427240610123,-0.6704893112182617,-0.036140426993370056,-0.08756166696548462,-0.9583696126937866,-0.10882571339607239,-0.10665462166070938,-0.8130717873573303,-0.15616439282894135,-0.1143009290099144,-0.6542122960090637,-0.17844896018505096,-0.011184177361428738,-0.6759244799613953,-0.05365334823727608,0.027084017172455788,-1.0,-0.11388551443815231,-0.0038901898078620434,-0.8304435610771179,-0.1330268830060959,-0.016094205901026726,-0.6799253821372986,-0.1331559717655182,0.07279966026544571,-0.6252272129058838,-0.08166495710611343,0.11983402073383331,-0.9107885956764221,-0.12627623975276947,0.07667779177427292,-0.771486222743988,-0.12323961406946182,0.05142040178179741,-0.6312066912651062,-0.11093909293413162,0.14865954220294952,-0.5327682495117188,-0.11657490581274033,0.19275403022766113,-0.7399901747703552,-0.13502515852451324,0.15145304799079895,-0.6939309239387512,-0.12488450855016708,0.11707787960767746,-0.5961819887161255,-0.11404905468225479
E,E_session_002,128,0.0,0.0,0.0,-0.10244639217853546,-0.1578577756881714,-0.03968089818954468,-0.1344032734632492,-0.4037434458732605,-0.06920431554317474,-0.04762820526957512,-0.5388659238815308,-0.10613081604242325,0.061391327530145645,-0.5164013504981995,-0.1351555585861206,-0.10744398832321167,-0.6748863458633423,-0.028528764843940735,-0.0893445536494255,-0.9626035094261169,-0.10150475800037384,-0.10831049084663391,-0.8134725093841553,-0.14844964444637299,-0.11551796644926071,-0.6538814902305603,-0.1701081246137619,-0.013951553963124752,-0.679618239402771,-0.04668450728058815,0.0251813605427742,-1.0,-0.1078747808933258,-0.006246636155992746,-0.8278813362121582,-0.12554219365119934,-0.01769419200718403,-0.6781913638114929,-0.12381664663553238,0.07035616785287857,-0.6289857029914856,-0.07605641335248947,0.1170429214835167,-0.9111132621765137,-0.12089286744594574,0.07255587726831436,-0.7675179839134216,-0.11492545902729034,0.04834387078881264,-0.6269964575767517,-0.10006117820739746,0.1467055082321167,-0.5391115546226501,-0.1125803291797638,0.19166824221611023,-0.7463129758834839,-0.13061638176441193,0.14727364480495453,-0.6970563530921936,-0.11920446902513504,0.11228979378938675,-0.5980376601219177,-0.10715159773826599
E,E_session_002,129,0.0,0.0,0.0,-0.10160767287015915,-0.14953424036502838,-0.042424459010362625,-0.13627628982067108,-0.39212244749069214,-0.07362724840641022,-0.05155777558684349,-0.5286086797714233,-0.11095548421144485,0.055759236216545105,-0.5044057369232178,-0.14099901914596558,-0.10654105991125107,-0.6755909323692322,-0.03599465265870094,-0.08935908228158951,-0.9578864574432373,-0.1094323992729187,-0.10819806903600693,-0.8144517540931702,-0.15721341967582703,-0.11568300426006317,-0.6546562910079956,-0.179464191198349,-0.012560587376356125,-0.6812728047370911,-0.05352506786584854,0.026317059993743896,-1.0,-0.11451736837625504,-0.004579257685691118,-0.8323853015899658,-0.13318593800067902,-0.017113806679844856,-0.6823029518127441,-0.13259556889533997,0.0711997002363205,-0.6296790242195129,-0.0819033533334732,0.1198127418756485,-0.9113906025886536,-0.12775476276874542,0.07607106864452362,-0.7708336710929871,-0.12411219626665115,0.05071152001619339,-0.630748987197876,-0.11091464757919312,0.14692682027816772,-0.5360086560249329,-0.11725479364395142,0.18970103561878204,-0.7455360293388367,-0.13616961240768433,0.146453857421875,-0.6946150064468384,-0.12506940960884094,0.11145148426294327,-0.5924721360206604,-0.11326181143522263
E,E_session_002,130,0.0,0.0,0.0,-0.1026538535952568,-0.15867847204208374,-0.04100910946726799,-0.13345910608768463,-0.4011843800544739,-0.07202740758657455,-0.04438827559351921,-0.5312688946723938,-0.11013021320104599,0.06535683572292328,-0.5127785801887512,-0.14075247943401337,-0.10542755573987961,-0.675312876701355,-0.03245260566473007,-0.08785831183195114,-0.9625207781791687,-0.10632132738828659,-0.10643010586500168,-0.8158464431762695,-0.15439552068710327,-0.11432582885026932,-0.6553143262863159,-0.17667676508426666,-0.011759142391383648,-0.6813492774963379,-0.05028124153614044,0.024749089032411575,-1.0,-0.11061740666627884,-0.004961218684911728,-0.8311044573783875,-0.12980791926383972,-0.016138924285769463,-0.6813469529151917,-0.13014139235019684,0.07226591557264328,-0.6314197778701782,-0.07913079112768173,0.11979793757200241,-0.922260046005249,-0.12443210929632187,0.0765886902809143,-0.7786926627159119,-0.12015516310930252,0.05128737911581993,-0.6333762407302856,-0.10677425563335419,0.14845961332321167,-0.5395116209983826,-0.11499097943305969,0.19193963706493378,-0.7487846612930298,-0.1343405842781067,0.14864179491996765,-0.7010723352432251,-0.12377576529979706,0.11295655369758606,-0.6011734008789062,-0.11222004890441895
E,E_session_002,131,0.0,0.0,0.0,-0.10310707986354828,-0.15773825347423553,-0.04412201792001724,-0.1358867883682251,-0.39595848321914673,-0.07764127105474472,-0.047913018614053726,-0.5263098478317261,-0.11806627362966537,0.06265366822481155,-0.5057753920555115,-0.1502802073955536,-0.10809342563152313,-0.6802569031715393,-0.03226970136165619,-0.0888446792960167,-0.9629342555999756,-0.10791614651679993,-0.10850206017494202,-0.8145300149917603,-0.1573171466588974,-0.11611925810575485,-0.6562609672546387,-0.18056170642375946,-0.013633237220346928,-0.6856025457382202,-0.049321260303258896,0.025981921702623367,-1.0,-0.11259960383176804,-0.005984090734273195,-0.8313319683074951,-0.132905051112175,-0.018431000411510468,-0.6820719242095947,-0.13345536589622498,0.07126837968826294,-0.6346710324287415,-0.0780073031783104,0.11951421946287155,-0.916235625743866,-0.1250196397304535,0.07460016012191772,-0.7742756605148315,-0.12125305086374283,0.0491570420563221,-0.6300358176231384,-0.10779661685228348,0.14775530993938446,-0.5419650673866272,-0.11416425555944443,0.19137170910835266,-0.7477595806121826,-0.13411399722099304,0.14691729843616486,-0.7009373307228088,-0.12445470690727234,0.11127786338329315,-0.6010344624519348,-0.11340712010860443
E,E_session_002,132,0.0,0.0,0.0,-0.10489166527986526,-0.15567182004451752,-0.04639710485935211,-0.1386774778366089,-0.3907743990421295,-0.0814371183514595,-0.050850726664066315,-0.5190863013267517,-0.12255028635263443,0.061514656990766525,-0.5006395578384399,-0.15590518712997437,-0.1073208600282669,-0.6784248352050781,-0.0372823029756546,-0.08788081258535385,-0.9606438279151917,-0.11311694234609604,-0.10673138499259949,-0.8208755850791931,-0.16367216408252716,-0.11479099094867706,-0.6606312394142151,-0.18757730722427368,-0.012239054776728153,-0.6827846765518188,-0.05340173840522766,0.0284893736243248,-1.0,-0.11646948754787445,-0.003557672956958413,-0.8403872847557068,-0.13865751028060913,-0.018161572515964508,-0.6881071925163269,-0.14067786931991577,0.07229007035493851,-0.6315303444862366,-0.08091039210557938,0.12003025412559509,-0.9125350713729858,-0.1280999332666397,0.07562190294265747,-0.7770718932151794,-0.12741971015930176,0.04929115250706673,-0.6322681903839111,-0.11605198681354523,0.14886245131492615,-0.539027750492096,-0.11584772169589996,0.192983478307724,-0.7478129863739014,-0.13649718463420868,0.1517421305179596,-0.7050106525421143,-0.1283596009016037,0.11695153266191483,-0.605109691619873,-0.1183304488658905
E,E_session_002,133,0.0,0.0,0.0,-0.10349736362695694,-0.1545940339565277,-0.04628804326057434,-0.13588054478168488,-0.3873211145401001,-0.08174823969602585,-0.04818728566169739,-0.5122960805892944,-0.12342401593923569,0.06321882456541061,-0.49871981143951416,-0.1576915681362152,-0.10440542548894882,-0.6767614483833313,-0.03748771920800209,-0.0871603712439537,-0.9548870921134949,-0.11277373880147934,-0.1071348711848259,-0.8173302412033081,-0.16327004134655,-0.1145515888929367,-0.6592606902122498,-0.18748866021633148,-0.009952602908015251,-0.6842063665390015,-0.05402768403291702,0.03089347667992115,-1.0,-0.11742378026247025,-0.002937820740044117,-0.8414068818092346,-0.14029501378536224,-0.018102223053574562,-0.689135730266571,-0.1426660716533661,0.07387708872556686,-0.6328394412994385,-0.08177004009485245,0.12286777049303055,-0.9144172668457031,-0.12966589629650116,0.07729331403970718,-0.7781004905700684,-0.13020461797714233,0.05068756267428398,-0.6321614980697632,-0.11959659308195114,0.14953206479549408,-0.5373483300209045,-0.11679861694574356,0.19345027208328247,-0.7377160787582397,-0.13882721960544586,0.15022745728492737,-0.6939582228660583,-0.13209667801856995,0.11443521827459335,-0.5953797101974487,-0.12290717661380768
E,E_session_002,134,0.0,0.0,0.0,-0.1042449101805687,-0.1547325700521469,-0.0465947650372982,-0.1377226561307907,-0.3926587402820587,-0.08049643039703369,-0.049182161688804626,-0.5193862915039062,-0.12022325396537781,0.06275293231010437,-0.4983782172203064,-0.15226106345653534,-0.10347288101911545,-0.6803492903709412,-0.03721172735095024,-0.08604961633682251,-0.9590959548950195,-0.11248406022787094,-0.10564902424812317,-0.8172669410705566,-0.1622162163257599,-0.11385858803987503,-0.6581651568412781,-0.1856863796710968,-0.009085705503821373,-0.6857591867446899,-0.05290563777089119,0.028236418962478638,-1.0,-0.11572591215372086,-0.003913625609129667,-0.8353564739227295,-0.13696028292179108,-0.017696445807814598,-0.6838492751121521,-0.13804252445697784,0.0744868814945221,-0.6342072486877441,-0.08009465783834457,0.12124215811491013,-0.9139797687530518,-0.12859956920146942,0.07710002362728119,-0.773268461227417,-0.12869776785373688,0.051449764519929886,-0.6273738145828247,-0.11724518239498138,0.15037693083286285,-0.5398498773574829,-0.11455636471509933,0.1937541961669922,-0.7433285713195801,-0.1372578740119934,0.15153436362743378,-0.6979728937149048,-0.1308329701423645,0.11584991216659546,-0.5970763564109802,-0.1215050220489502
E,E_session_002,135,0.0,0.0,0.0,-0.10219734907150269,-0.15712405741214752,-0.04431559517979622,-0.1353229433298111,-0.3936651051044464,-0.07687442749738693,-0.04889863729476929,-0.5209565758705139,-0.11570460349321365,0.061310335993766785,-0.49683237075805664,-0.14704768359661102,-0.10126639157533646,-0.6804028153419495,-0.03388340026140213,-0.08403094857931137,-0.9557756185531616,-0.1072547659277916,-0.10489512979984283,-0.8139633536338806,-0.15592539310455322,-0.1127951592206955,-0.6560878753662109,-0.17896032333374023,-0.007191292010247707,-0.6861622929573059,-0.05045095458626747,0.031469400972127914,-1.0,-0.11242982745170593,-0.0027200025506317616,-0.8381778597831726,-0.13308165967464447,-0.01755516417324543,-0.6857288479804993,-0.13353073596954346,0.07646449655294418,-0.63457852602005,-0.07829530537128448,0.12451891601085663,-0.9158927202224731,-0.12594963610172272,0.07923300564289093,-0.7779539823532104,-0.12587793171405792,0.052664775401353836,-0.6325424313545227,-0.11419303715229034,0.15226972103118896,-0.5396632552146912,-0.11324423551559448,0.19507649540901184,-0.7431721687316895,-0.13495412468910217,0.15203842520713806,-0.6992819905281067,-0.12797211110591888,0.11624468863010406,-0.5995436906814575,-0.11827065050601959
E,E_session_002,136,0.0,0.0,0.0,-0.10271696746349335,-0.15987633168697357,-0.04551147297024727,-0.13709118962287903,-0.39297154545783997,-0.07975664734840393,-0.0522327683866024,-0.5204188227653503,-0.12031801789999008,0.058377135545015335,-0.49683594703674316,-0.15327966213226318,-0.10153220593929291,-0.6797693967819214,-0.03417821228504181,-0.083465076982975,-0.955602765083313,-0.10839025676250458,-0.10536827892065048,-0.8149681687355042,-0.15776681900024414,-0.11444167047739029,-0.6594406366348267,-0.18141306936740875,-0.007743671536445618,-0.6858075857162476,-0.05030788481235504,0.03109404817223549,-1.0,-0.11337867379188538,-0.0034633991308510303,-0.8389564752578735,-0.1348310261964798,-0.018273085355758667,-0.6874226927757263,-0.13581933081150055,0.07593237608671188,-0.6351731419563293,-0.07787608355283737,0.12481129914522171,-0.9178769588470459,-0.12617728114128113,0.07856574654579163,-0.7818560600280762,-0.12671320140361786,0.051304902881383896,-0.635786235332489,-0.1153704971075058,0.15199847519397736,-0.5413228869438171,-0.11266758292913437,0.19519874453544617,-0.7418922185897827,-0.13503053784370422,0.15219414234161377,-0.6992069482803345,-0.12914033234119415,0.11635648459196091,-0.6005690693855286,-0.12014029920101166
E,E_session_002,137,0.0,0.0,0.0,-0.1023772656917572,-0.15460707247257233,-0.045644596219062805,-0.13574886322021484,-0.38853952288627625,-0.07948429882526398,-0.05112814903259277,-0.5191097259521484,-0.11950216442346573,0.05810769274830818,-0.4982774555683136,-0.15226151049137115,-0.100784070789814,-0.6752084493637085,-0.03550054132938385,-0.08406785130500793,-0.958263099193573,-0.109421506524086,-0.10420257598161697,-0.8204473257064819,-0.1583448052406311,-0.1126703992486,-0.6625807285308838,-0.18138842284679413,-0.00748857157304883,-0.6809854507446289,-0.05122515931725502,0.030533019453287125,-1.0,-0.11328534781932831,-0.0018674717284739017,-0.8389707803726196,-0.13479752838611603,-0.01666184328496456,-0.6879281401634216,-0.13599061965942383,0.07545630633831024,-0.6299799680709839,-0.07814215123653412,0.12207075953483582,-0.9173145294189453,-0.12580794095993042,0.07834278792142868,-0.7786065936088562,-0.12613509595394135,0.052482519298791885,-0.6325042843818665,-0.11480944603681564,0.1511142998933792,-0.5361323356628418,-0.11215532571077347,0.1931125372648239,-0.7386234402656555,-0.13418971002101898,0.15252593159675598,-0.6940843462944031,-0.1278865486383438,0.11871404945850372,-0.5965262055397034,-0.11867591738700867
E,E_session_002,138,0.0,0.0,0.0,-0.1020791158080101,-0.1577976644039154,-0.04341418296098709,-0.13439953327178955,-0.3969939649105072,-0.07569601386785507,-0.04752945899963379,-0.526179850101471,-0.1144273430109024,0.06268919259309769,-0.4993014335632324,-0.14612631499767303,-0.09974639117717743,-0.6747854351997375,-0.034904494881629944,-0.0828585997223854,-0.9584084153175354,-0.10807941108942032,-0.1022835448384285,-0.8213550448417664,-0.1565829962491989,-0.1098543182015419,-0.6608929634094238,-0.1795284003019333,-0.006728402804583311,-0.6808215975761414,-0.05098692327737808,0.03113238699734211,-1.0,-0.11283820122480392,-0.001453495817258954,-0.8422146439552307,-0.13402174413204193,-0.015837647020816803,-0.687387228012085,-0.13502463698387146,0.07631092518568039,-0.6296940445899963,-0.07804276794195175,0.12370489537715912,-0.9176028966903687,-0.12510550022125244,0.07898811250925064,-0.7846871614456177,-0.12656696140766144,0.05220663920044899,-0.6368729472160339,-0.11619673669338226,0.15199731290340424,-0.5364623069763184,-0.11203965544700623,0.19569937884807587,-0.7390906810760498,-0.13511517643928528,0.15423333644866943,-0.7008660435676575,-0.1309969127178192,0.11883070319890976,-0.603212296962738,-0.12329857796430588
E,E_session_002,139,0.0,0.0,0.0,-0.10260403156280518,-0.15510571002960205,-0.0448751226067543,-0.13570988178253174,-0.3925401270389557,-0.07783499360084534,-0.04870283603668213,-0.5237205028533936,-0.11684230715036392,0.06335682421922684,-0.5043086409568787,-0.14854195713996887,-0.10319691151380539,-0.6707485318183899,-0.03650324046611786,-0.08613114804029465,-0.9576205015182495,-0.10997535288333893,-0.10281036794185638,-0.8196116089820862,-0.15864793956279755,-0.10938931256532669,-0.6609837412834167,-0.18167029321193695,-0.009071721695363522,-0.677689790725708,-0.05216304212808609,0.031330808997154236,-1.0,-0.11308223754167557,0.0009463538881391287,-0.840154230594635,-0.13444210588932037,-0.013534370809793472,-0.6890678405761719,-0.1361488699913025,0.07388965785503387,-0.6277024745941162,-0.07884718477725983,0.121661476790905,-0.9147369861602783,-0.12500181794166565,0.07898927479982376,-0.7821891903877258,-0.12617070972919464,0.05277702212333679,-0.6391011476516724,-0.11619359254837036,0.1491953581571579,-0.5356073379516602,-0.11253335326910019,0.19082847237586975,-0.7422592043876648,-0.13301187753677368,0.15234093368053436,-0.7024527192115784,-0.1267162710428238,0.11929019540548325,-0.6051251292228699,-0.1182529553771019
E,E_session_002,140,0.0,0.0,0.0,-0.10373505204916,-0.1564868986606598,-0.044261906296014786,-0.13708683848381042,-0.39259073138237,-0.07712042331695557,-0.05175189673900604,-0.5221870541572571,-0.1160869300365448,0.05986987426877022,-0.5081995725631714,-0.1477481573820114,-0.10604304820299149,-0.6701040267944336,-0.037168338894844055,-0.08967957645654678,-0.9591144919395447,-0.11075706779956818,-0.10528348386287689,-0.8188028931617737,-0.1589360237121582,-0.11122001707553864,-0.6585061550140381,-0.18151363730430603,-0.011160328052937984,-0.6775436401367188,-0.052697230130434036,0.026841796934604645,-1.0,-0.11439891159534454,-0.0008032727637328207,-0.8341913223266602,-0.13593356311321259,-0.013862638734281063,-0.6836574077606201,-0.13753686845302582,0.07277458906173706,-0.62919020652771,-0.07895662635564804,0.11891894787549973,-0.9232330322265625,-0.12559394538402557,0.07965199649333954,-0.7854515910148621,-0.126237154006958,0.05508361756801605,-0.6394175887107849,-0.11565358936786652,0.14905236661434174,-0.5387729406356812,-0.11201580613851547,0.18923665583133698,-0.742561399936676,-0.1339075118303299,0.15433475375175476,-0.705774188041687,-0.12878771126270294,0.1243264451622963,-0.6150451898574829,-0.12072598934173584
E,E_session_002,141,0.0,0.0,0.0,-0.10221446305513382,-0.14434681832790375,-0.04838910326361656,-0.13747957348823547,-0.38313281536102295,-0.08266385644674301,-0.05169545114040375,-0.5187274217605591,-0.12185027450323105,0.05862121284008026,-0.5139468908309937,-0.15387532114982605,-0.11410285532474518,-0.6644812226295471,-0.04169251397252083,-0.09781403094530106,-0.9457295536994934,-0.11604826152324677,-0.10648705810308456,-0.8090985417366028,-0.16640768945217133,-0.11096928268671036,-0.6474087834358215,-0.1907902956008911,-0.017737729474902153,-0.6789484024047852,-0.05578215792775154,0.02049882523715496,-1.0,-0.11675361543893814,-0.0021938614081591368,-0.8360579609870911,-0.14048150181770325,-0.016849344596266747,-0.6831435561180115,-0.14440825581550598,0.06775618344545364,-0.6337177157402039,-0.08061765879392624,0.11250428855419159,-0.9200373888015747,-0.12701155245304108,0.07723677903413773,-0.7803502678871155,-0.12995463609695435,0.0524471253156662,-0.6332325339317322,-0.12173772603273392,0.1447269767522812,-0.544355571269989,-0.11249292641878128,0.18314844369888306,-0.7468089461326599,-0.13494081795215607,0.15030048787593842,-0.7050783038139343,-0.13073602318763733,0.12003877758979797,-0.6097931861877441,-0.12389755249023438
E,E_session_002,142,0.0,0.0,0.0,-0.10333115607500076,-0.14713923633098602,-0.04854125902056694,-0.14063246548175812,-0.3843400776386261,-0.08319305628538132,-0.056133661419153214,-0.5182514786720276,-0.122491255402565,0.05558018386363983,-0.5094088315963745,-0.1544203907251358,-0.12094772607088089,-0.6699970960617065,-0.04020027816295624,-0.10687422007322311,-0.9388603568077087,-0.11562514305114746,-0.11109037697315216,-0.8098457455635071,-0.16739368438720703,-0.11395244300365448,-0.6453272700309753,-0.19188669323921204,-0.024003727361559868,-0.687369167804718,-0.053475361317396164,0.011563325300812721,-1.0,-0.1170288622379303,-0.0055273366160690784,-0.8422961831092834,-0.14236685633659363,-0.01994961127638817,-0.6804292798042297,-0.145476832985878,0.06266152113676071,-0.6456215977668762,-0.07756683975458145,0.10298454016447067,-0.9155319929122925,-0.1266748607158661,0.07328280806541443,-0.7803258299827576,-0.1307959109544754,0.049003664404153824,-0.6296517848968506,-0.12095364928245544,0.1398165076971054,-0.5594671368598938,-0.10859352350234985,0.17727531492710114,-0.7535334825515747,-0.1333085596561432,0.15252994000911713,-0.7186881899833679,-0.13018512725830078,0.1260855495929718,-0.6250056028366089,-0.12213516980409622
E,E_session_002,143,0.0,0.0,0.0,-0.10547147691249847,-0.15156739950180054,-0.04750579223036766,-0.14399854838848114,-0.3761069178581238,-0.08386838436126709,-0.06207733973860741,-0.5136414766311646,-0.125673308968544,0.04702130705118179,-0.5187081098556519,-0.15977492928504944,-0.12851159274578094,-0.667208731174469,-0.03687404841184616,-0.1165730431675911,-0.939104437828064,-0.11026372760534286,-0.1191016212105751,-0.8031757473945618,-0.16232934594154358,-0.11899799853563309,-0.6428144574165344,-0.18806925415992737,-0.031545206904411316,-0.6867344379425049,-0.051937397569417953,0.003487309208139777,-1.0,-0.11147256940603256,-0.012338799424469471,-0.8473830819129944,-0.13807596266269684,-0.024050766602158546,-0.6909869909286499,-0.14478828012943268,0.05600927397608757,-0.6491525769233704,-0.07772085815668106,0.0965782031416893,-0.9127494096755981,-0.12210686504840851,0.06631395220756531,-0.7821778655052185,-0.1264508217573166,0.043176013976335526,-0.6357762813568115,-0.11970711499452591,0.13598670065402985,-0.5662593841552734,-0.11077310889959335,0.17101897299289703,-0.7653565406799316,-0.12981657683849335,0.13934646546840668,-0.7218604683876038,-0.12328110635280609,0.10724254697561264,-0.6162384748458862,-0.11514247953891754
E,E_session_002,144,0.0,0.0,0.0,-0.10720299929380417,-0.14541801810264587,-0.04835415631532669,-0.14783619344234467,-0.3686731457710266,-0.08393286168575287,-0.06700395792722702,-0.5086930394172668,-0.12382128089666367,0.040574971586465836,-0.5184892416000366,-0.15616701543331146,-0.13875658810138702,-0.658024251461029,-0.03993770852684975,-0.1293051540851593,-0.9359567165374756,-0.11283107846975327,-0.1290019452571869,-0.7967697381973267,-0.16326679289340973,-0.1283314973115921,-0.6383893489837646,-0.1876201182603836,-0.03979991748929024,-0.6831014752388,-0.05405275523662567,-0.009558464400470257,-1.0,-0.11437494307756424,-0.016531554982066154,-0.8347405195236206,-0.1402539312839508,-0.025020934641361237,-0.6768838763237,-0.1451306939125061,0.04882154241204262,-0.6514379978179932,-0.07845813781023026,0.0845758467912674,-0.92063307762146,-0.12367486208677292,0.06540238112211227,-0.780605673789978,-0.12556199729442596,0.045552678406238556,-0.6360267400741577,-0.11594633758068085,0.1290188580751419,-0.5737504363059998,-0.10984934866428375,0.15864470601081848,-0.7772046327590942,-0.1285882294178009,0.13773316144943237,-0.7254171967506409,-0.11892930418252945,0.1128685474395752,-0.6219049096107483,-0.10781574249267578
E,E_session_002,145,0.0,0.0,0.0,-0.1060163676738739,-0.14307595789432526,-0.04796024039387703,-0.1454850435256958,-0.35611802339553833,-0.08457543700933456,-0.06660070270299911,-0.4947524070739746,-0.12592902779579163,0.03868517279624939,-0.5129488110542297,-0.1597263365983963,-0.14048410952091217,-0.6518424153327942,-0.04037106782197952,-0.13071073591709137,-0.9322454333305359,-0.11219516396522522,-0.12614645063877106,-0.7860190272331238,-0.16153162717819214,-0.12388646602630615,-0.629275381565094,-0.18558043241500854,-0.041146062314510345,-0.6791405081748962,-0.0550706572830677,-0.013220610097050667,-1.0,-0.11379074305295944,-0.01827237382531166,-0.8325721621513367,-0.13971716165542603,-0.026294298470020294,-0.6789279580116272,-0.14557145535945892,0.04796694964170456,-0.649192214012146,-0.07986388355493546,0.08165384829044342,-0.9238042831420898,-0.12468468397855759,0.06307455897331238,-0.7802154421806335,-0.1273348480463028,0.04275107756257057,-0.6358837485313416,-0.11863676458597183,0.12921972572803497,-0.5715413689613342,-0.11141954362392426,0.15814653038978577,-0.7733880281448364,-0.1299348622560501,0.13627371191978455,-0.7207926511764526,-0.12087898701429367,0.10997916758060455,-0.6186262965202332,-0.11050648987293243
E,E_session_002,146,0.0,0.0,0.0,-0.1064864918589592,-0.14245419204235077,-0.049875952303409576,-0.14576394855976105,-0.36045801639556885,-0.08737515658140182,-0.06514076143503189,-0.5017011165618896,-0.12945471704006195,0.04211508110165596,-0.5153157711029053,-0.16337251663208008,-0.1397721916437149,-0.6529893279075623,-0.04171888157725334,-0.13071216642856598,-0.9304836392402649,-0.11523203551769257,-0.12804897129535675,-0.7803733944892883,-0.1649388074874878,-0.12514163553714752,-0.6236326694488525,-0.1890549510717392,-0.040556345134973526,-0.6799843311309814,-0.055805474519729614,-0.012647214345633984,-1.0,-0.11692160367965698,-0.02129228040575981,-0.8298896551132202,-0.14133910834789276,-0.029050016775727272,-0.6767375469207764,-0.14541804790496826,0.04878911003470421,-0.6492440700531006,-0.08053050190210342,0.08302462100982666,-0.9261245727539062,-0.1270851045846939,0.060154546052217484,-0.7799184918403625,-0.1281038224697113,0.03996817022562027,-0.6344089508056641,-0.1176174059510231,0.13063110411167145,-0.5722932815551758,-0.11244489997625351,0.16023093461990356,-0.7760023474693298,-0.1322125345468521,0.13260865211486816,-0.7269512414932251,-0.12367479503154755,0.1036565899848938,-0.6260717511177063,-0.11323177069425583
E,E_session_002,147,0.0,0.0,0.0,-0.10808905959129333,-0.13982748985290527,-0.05373162776231766,-0.14920420944690704,-0.3551202416419983,-0.0929885059595108,-0.06826703995466232,-0.4970926344394684,-0.13593296706676483,0.040556252002716064,-0.517270028591156,-0.17055882513523102,-0.14646799862384796,-0.6464141607284546,-0.04748154431581497,-0.13527143001556396,-0.9303728342056274,-0.12321878969669342,-0.12886525690555573,-0.7792250514030457,-0.1739521473646164,-0.12695470452308655,-0.6210296154022217,-0.19809424877166748,-0.0454854853451252,-0.6751856207847595,-0.059870198369026184,-0.015988929197192192,-1.0,-0.12236622720956802,-0.019011234864592552,-0.8276926875114441,-0.14870521426200867,-0.027334241196513176,-0.6751580834388733,-0.15411633253097534,0.04460493475198746,-0.6477981805801392,-0.08297528326511383,0.07905127853155136,-0.9284396767616272,-0.1319778561592102,0.062425337731838226,-0.7783735394477844,-0.13462910056114197,0.04247768968343735,-0.6319756507873535,-0.12450474500656128,0.12629689276218414,-0.5739124417304993,-0.11317639797925949,0.15492184460163116,-0.78437340259552,-0.13394537568092346,0.13620953261852264,-0.735562801361084,-0.12534281611442566,0.11187752336263657,-0.6358364224433899,-0.11458083987236023
E,E_session_002,148,0.0,0.0,0.0,-0.10662490129470825,-0.1357467770576477,-0.05070488899946213,-0.14367103576660156,-0.3586446940898895,-0.08636641502380371,-0.05825098603963852,-0.4977211058139801,-0.1258189082145691,0.04785516485571861,-0.5193799734115601,-0.15782536566257477,-0.14280378818511963,-0.6510313153266907,-0.044206902384757996,-0.13403740525245667,-0.9238191843032837,-0.11799446493387222,-0.12561611831188202,-0.7724269032478333,-0.16886407136917114,-0.12249539792537689,-0.6108270287513733,-0.19353067874908447,-0.04191438481211662,-0.682709276676178,-0.05765434727072716,-0.014074906706809998,-1.0,-0.11849463731050491,-0.015313101932406425,-0.8256968259811401,-0.14614179730415344,-0.023408345878124237,-0.6709728837013245,-0.15258873999118805,0.04715649038553238,-0.655019998550415,-0.08141425997018814,0.08223170042037964,-0.9275015592575073,-0.1297568529844284,0.06648267805576324,-0.7750875353813171,-0.1351056694984436,0.04552367702126503,-0.6280204653739929,-0.12715306878089905,0.12763799726963043,-0.5779874324798584,-0.11186420172452927,0.15496113896369934,-0.7790662050247192,-0.13403090834617615,0.13604986667633057,-0.7284879684448242,-0.12752223014831543,0.11082346737384796,-0.630238950252533,-0.11821283400058746
E,E_session_002,149,0.0,0.0,0.0,-0.10662605613470078,-0.1389724612236023,-0.05086132884025574,-0.1437620222568512,-0.3624669313430786,-0.0871313139796257,-0.05616188794374466,-0.5030811429023743,-0.12811188399791718,0.0524340458214283,-0.5284438729286194,-0.16090461611747742,-0.14138230681419373,-0.654194712638855,-0.04084516689181328,-0.1306414008140564,-0.9260313510894775,-0.11707271635532379,-0.12658809125423431,-0.7694674134254456,-0.16798582673072815,-0.12364231795072556,-0.6103566884994507,-0.191711887717247,-0.04076714068651199,-0.6798508763313293,-0.054545529186725616,-0.009679185226559639,-1.0,-0.1184760332107544,-0.017152955755591393,-0.8222919702529907,-0.143803209066391,-0.025116123259067535,-0.6720065474510193,-0.1471613347530365,0.048427507281303406,-0.6487091183662415,-0.07935366779565811,0.08585350215435028,-0.9213931560516357,-0.12974752485752106,0.06421811133623123,-0.7664898037910461,-0.13099859654903412,0.04376981407403946,-0.6244242787361145,-0.11881919205188751,0.12910595536231995,-0.5724318623542786,-0.11115042120218277,0.16185182332992554,-0.7865116000175476,-0.13188984990119934,0.13771136105060577,-0.7347396016120911,-0.12170173972845078,0.11067719012498856,-0.6365303993225098,-0.10923384875059128
E,E_session_002,150,0.0,0.0,0.0,-0.1100965142250061,-0.12902219593524933,-0.054992951452732086,-0.15188291668891907,-0.3554003834724426,-0.09104088693857193,-0.06492351740598679,-0.5014652013778687,-0.13049034774303436,0.046654682606458664,-0.523010790348053,-0.161504864692688,-0.14698277413845062,-0.6504623293876648,-0.044935666024684906,-0.1382596790790558,-0.9243373870849609,-0.1217295303940773,-0.13310089707374573,-0.7716710567474365,-0.17238302528858185,-0.1291087418794632,-0.6113684773445129,-0.19565968215465546,-0.04567572474479675,-0.6823968887329102,-0.05682630091905594,-0.01662573032081127,-1.0,-0.11985956877470016,-0.0221314188092947,-0.8242014646530151,-0.1443830281496048,-0.028745636343955994,-0.676099419593811,-0.1476535201072693,0.04480397701263428,-0.6560633182525635,-0.08025209605693817,0.08074993640184402,-0.923356831073761,-0.13175226747989655,0.06080275774002075,-0.769291877746582,-0.13355080783367157,0.04144314303994179,-0.6309201121330261,-0.12187925726175308,0.12694662809371948,-0.5829724073410034,-0.11084762215614319,0.1572563499212265,-0.8029235601425171,-0.1322038322687149,0.1356174498796463,-0.7453168034553528,-0.12102051079273224,0.11119118332862854,-0.6415729522705078,-0.10798580199480057
E,E_session_002,151,0.0,0.0,0.0,-0.10781791806221008,-0.12687639892101288,-0.05303061380982399,-0.14982520043849945,-0.3435029089450836,-0.09000255912542343,-0.0675588920712471,-0.4880532920360565,-0.130299910902977,0.03994631767272949,-0.5187690258026123,-0.16274893283843994,-0.15300849080085754,-0.6452670097351074,-0.047059185802936554,-0.14320233464241028,-0.9177975654602051,-0.12242498993873596,-0.13125067949295044,-0.7703477740287781,-0.17247451841831207,-0.12863539159297943,-0.6144569516181946,-0.19612433016300201,-0.05058018118143082,-0.683006763458252,-0.06026235222816467,-0.020274385809898376,-1.0,-0.12110244482755661,-0.016961609944701195,-0.8229820728302002,-0.1455957442522049,-0.0268261581659317,-0.6740087866783142,-0.1499018371105194,0.040758874267339706,-0.6586930155754089,-0.08408857882022858,0.07550711184740067,-0.9252988696098328,-0.13423100113868713,0.0643497034907341,-0.7686476707458496,-0.1347564458847046,0.04277537018060684,-0.6307220458984375,-0.12322036921977997,0.12230398505926132,-0.5841357707977295,-0.11458743363618851,0.14853867888450623,-0.7941654324531555,-0.1365889608860016,0.1321052610874176,-0.733086347579956,-0.12433268129825592,0.10636552423238754,-0.6324834823608398,-0.11067350208759308
E,E_session_002,152,0.0,0.0,0.0,-0.1078432947397232,-0.12640875577926636,-0.05432029440999031,-0.15122871100902557,-0.34675419330596924,-0.08907419443130493,-0.06856786459684372,-0.49256423115730286,-0.12645410001277924,0.03820986673235893,-0.5284171104431152,-0.1556648463010788,-0.1577090471982956,-0.6451162099838257,-0.04381168633699417,-0.14651894569396973,-0.9166319370269775,-0.12013687193393707,-0.13152338564395905,-0.7643505930900574,-0.17076806724071503,-0.12933258712291718,-0.6088352799415588,-0.19462904334068298,-0.05474700778722763,-0.6875386238098145,-0.055876970291137695,-0.02322697639465332,-1.0,-0.11843478679656982,-0.016932521015405655,-0.8129547834396362,-0.1445080041885376,-0.02850654348731041,-0.6656093597412109,-0.1491074115037918,0.03670824319124222,-0.6695600748062134,-0.0790218859910965,0.06985438615083694,-0.9277319312095642,-0.13168857991695404,0.06174379587173462,-0.7601643800735474,-0.13320240378379822,0.039473243057727814,-0.6230819821357727,-0.12152045220136642,0.11769010871648788,-0.5995762944221497,-0.10876110941171646,0.14071805775165558,-0.7973408102989197,-0.13358677923679352,0.1274777203798294,-0.7225515842437744,-0.12227378040552139,0.10376108437776566,-0.6190786957740784,-0.10861100256443024
E,E_session_002,153,0.0,0.0,0.0,-0.10758189111948013,-0.12473896890878677,-0.05345996469259262,-0.15007130801677704,-0.3432532846927643,-0.08979728817939758,-0.0701942965388298,-0.489165335893631,-0.12928205728530884,0.03428938612341881,-0.5217527151107788,-0.160751074552536,-0.15876483917236328,-0.6398335695266724,-0.04515458270907402,-0.14909766614437103,-0.9184208512306213,-0.12009439617395401,-0.12948136031627655,-0.7630408406257629,-0.1703571230173111,-0.12368153780698776,-0.6033057570457458,-0.19433526694774628,-0.05649607628583908,-0.6828293800354004,-0.05763929709792137,-0.027488727122545242,-1.0,-0.11946089565753937,-0.016734495759010315,-0.8141745924949646,-0.14604191482067108,-0.02583458460867405,-0.6608436703681946,-0.15143343806266785,0.03403631970286369,-0.6669990420341492,-0.08067956566810608,0.06588541716337204,-0.9330689311027527,-0.1308777630329132,0.060927119106054306,-0.7646062970161438,-0.1317363828420639,0.03973996639251709,-0.6195430755615234,-0.12030389904975891,0.11506620794534683,-0.6008970141410828,-0.1104874312877655,0.13769815862178802,-0.8001628518104553,-0.13356216251850128,0.12366818636655807,-0.7270938754081726,-0.12226691842079163,0.09758053719997406,-0.6208457946777344,-0.10910347104072571
E,E_session_002,154,0.0,0.0,0.0,-0.10816382616758347,-0.12636376917362213,-0.0522034652531147,-0.15029028058052063,-0.3467976450920105,-0.08655625581741333,-0.06990812718868256,-0.48945778608322144,-0.12434789538383484,0.03365154191851616,-0.520595908164978,-0.15427471697330475,-0.15946276485919952,-0.637647807598114,-0.043544381856918335,-0.14992395043373108,-0.9138526320457458,-0.11857159435749054,-0.12996764481067657,-0.7556477785110474,-0.16838210821151733,-0.12426082789897919,-0.5990840196609497,-0.1923028975725174,-0.05719562992453575,-0.6818798780441284,-0.05687747895717621,-0.027773624286055565,-1.0,-0.11829955130815506,-0.017097292467951775,-0.809392511844635,-0.14430037140846252,-0.02648475207388401,-0.6597784757614136,-0.14972969889640808,0.03333005681633949,-0.667098343372345,-0.08086960017681122,0.06455326080322266,-0.9307799339294434,-0.13149049878120422,0.05857151374220848,-0.7591705322265625,-0.13256217539310455,0.03652834892272949,-0.6168106198310852,-0.12158796191215515,0.11392352730035782,-0.6012964248657227,-0.11152378469705582,0.13659358024597168,-0.8008736968040466,-0.13516239821910858,0.12095870077610016,-0.7235924601554871,-0.12409427762031555,0.09367303550243378,-0.6152456402778625,-0.11151237785816193
E,E_session_002,155,0.0,0.0,0.0,-0.11160861700773239,-0.12051163613796234,-0.053112905472517014,-0.15582947432994843,-0.347560852766037,-0.08663640916347504,-0.0719292089343071,-0.49611443281173706,-0.12265153974294662,0.03278280794620514,-0.5340364575386047,-0.15125249326229095,-0.16692610085010529,-0.6327952146530151,-0.04653753712773323,-0.1595209389925003,-0.9154201149940491,-0.11942779272794724,-0.1328817754983902,-0.7621123194694519,-0.16939660906791687,-0.1278664618730545,-0.6007643938064575,-0.19401465356349945,-0.06401717662811279,-0.6819590330123901,-0.05873165279626846,-0.04141675680875778,-1.0,-0.11558711528778076,-0.019497685134410858,-0.8158726096153259,-0.14365974068641663,-0.027997219935059547,-0.6635029315948486,-0.15276798605918884,0.02766607515513897,-0.670124351978302,-0.08114034682512283,0.054959461092948914,-0.9394261240959167,-0.12884396314620972,0.06045963615179062,-0.7753239274024963,-0.13336238265037537,0.03964543715119362,-0.6288014054298401,-0.12666764855384827,0.10915081202983856,-0.6063671708106995,-0.1099478080868721,0.12739674746990204,-0.8081486225128174,-0.13355541229248047,0.1224481537938118,-0.7344269752502441,-0.12437483668327332,0.09953051805496216,-0.6223268508911133,-0.11406397074460983
E,E_session_002,156,0.0,0.0,0.0,-0.10825322568416595,-0.1183999553322792,-0.05335858091711998,-0.15241530537605286,-0.33781373500823975,-0.08884376287460327,-0.07532493770122528,-0.4869879186153412,-0.12674081325531006,0.030367014929652214,-0.5292457938194275,-0.15697388350963593,-0.16689585149288177,-0.6239318251609802,-0.05077680945396423,-0.16339361667633057,-0.9139716029167175,-0.12414277344942093,-0.13933655619621277,-0.7667539715766907,-0.1728658378124237,-0.13336847722530365,-0.6091399788856506,-0.19643352925777435,-0.06561748683452606,-0.6702241897583008,-0.06339354068040848,-0.04324094206094742,-1.0,-0.12250426411628723,-0.024024024605751038,-0.8157485723495483,-0.1493404507637024,-0.03156248852610588,-0.6617418527603149,-0.15651823580265045,0.025388602167367935,-0.6572908163070679,-0.08594560623168945,0.05167974531650543,-0.935976505279541,-0.1356738656759262,0.05579305812716484,-0.7746140956878662,-0.13965249061584473,0.037315450608730316,-0.629460871219635,-0.13150863349437714,0.10774493962526321,-0.5942575931549072,-0.11466861516237259,0.1267518848180771,-0.8063339591026306,-0.13943599164485931,0.12172526121139526,-0.7374059557914734,-0.1301603764295578,0.10056939721107483,-0.6282472610473633,-0.11933842301368713
E,E_session_002,157,0.0,0.0,0.0,-0.10841234773397446,-0.11283939331769943,-0.059718817472457886,-0.15306463837623596,-0.3392505347728729,-0.0964888408780098,-0.07525131106376648,-0.497578501701355,-0.13481886684894562,0.02932240627706051,-0.5542882680892944,-0.16574382781982422,-0.171166330575943,-0.6262813210487366,-0.0498989000916481,-0.16841110587120056,-0.9126462340354919,-0.12514172494411469,-0.13958978652954102,-0.7742536067962646,-0.17888982594013214,-0.13229236006736755,-0.6122768521308899,-0.20612207055091858,-0.06942542642354965,-0.6774898767471313,-0.05927613750100136,-0.05000734329223633,-1.0,-0.1196909248828888,-0.02436743676662445,-0.827151358127594,-0.1543300747871399,-0.03023918718099594,-0.6722465753555298,-0.16794461011886597,0.021934229880571365,-0.6667236685752869,-0.07929741591215134,0.04624970629811287,-0.9396171569824219,-0.12971816956996918,0.05622965842485428,-0.7907810807228088,-0.14149947464466095,0.03910328820347786,-0.6416346430778503,-0.13961049914360046,0.10372035950422287,-0.6051409244537354,-0.10602304339408875,0.12184718996286392,-0.8109853267669678,-0.13258391618728638,0.12138489633798599,-0.7522381544113159,-0.12895798683166504,0.10197266936302185,-0.6429751515388489,-0.12268668413162231
E,E_session_002,158,0.0,0.0,0.0,-0.10394898802042007,-0.10627468675374985,-0.05943891406059265,-0.14904016256332397,-0.33056575059890747,-0.0973680391907692,-0.07893986999988556,-0.4922170341014862,-0.13737167418003082,0.025378305464982986,-0.5487080216407776,-0.17053969204425812,-0.16779279708862305,-0.6199467778205872,-0.04971683770418167,-0.16857841610908508,-0.9079639315605164,-0.12529109418392181,-0.14852046966552734,-0.797633171081543,-0.1792336255311966,-0.13840091228485107,-0.6434910893440247,-0.20669417083263397,-0.06937871873378754,-0.6703107953071594,-0.06006699427962303,-0.04967315495014191,-1.0,-0.12507414817810059,-0.0337863564491272,-0.8431613445281982,-0.16047433018684387,-0.037054989486932755,-0.6841765642166138,-0.17294278740882874,0.020931726321578026,-0.6571174263954163,-0.08097671717405319,0.047475069761276245,-0.9464412331581116,-0.1357911080121994,0.04962858930230141,-0.8058099746704102,-0.14891020953655243,0.03619631007313728,-0.6506900191307068,-0.14643028378486633,0.10353085398674011,-0.5940694808959961,-0.1084134504199028,0.12142066657543182,-0.802260160446167,-0.1397995948791504,0.11441582441329956,-0.749858558177948,-0.1391640454530716,0.09682335704565048,-0.6401739716529846,-0.13388735055923462
E,E_session_002,159,0.0,0.0,0.0,-0.10651291161775589,-0.11873942613601685,-0.05266257002949715,-0.1507599651813507,-0.3446049690246582,-0.08797286450862885,-0.07693544775247574,-0.5023683309555054,-0.12716864049434662,0.027988005429506302,-0.5514817237854004,-0.15928782522678375,-0.16740386188030243,-0.6230250000953674,-0.04244199022650719,-0.16760826110839844,-0.9184034466743469,-0.1149037629365921,-0.14921694993972778,-0.7913628816604614,-0.1665412187576294,-0.1410340964794159,-0.6337745189666748,-0.1927109807729721,-0.06945721060037613,-0.6672993898391724,-0.05509985238313675,-0.05083272606134415,-1.0,-0.11410176008939743,-0.04044238477945328,-0.8424839377403259,-0.1463935673236847,-0.04504190385341644,-0.6890227198600769,-0.15828031301498413,0.020086701959371567,-0.6503410339355469,-0.07803806662559509,0.04576345905661583,-0.9431329965591431,-0.12530280649662018,0.041261181235313416,-0.8036273717880249,-0.1359332948923111,0.026179160922765732,-0.6504658460617065,-0.13358238339424133,0.10276386886835098,-0.5849668979644775,-0.1075640544295311,0.12011093646287918,-0.7947187423706055,-0.13162869215011597,0.10837255418300629,-0.7501910924911499,-0.1292140632867813,0.08951271325349808,-0.6474475264549255,-0.12414128333330154
E,E_session_002,160,0.0,0.0,0.0,-0.10570644587278366,-0.12042680382728577,-0.04917382821440697,-0.1522875428199768,-0.3420450985431671,-0.08262841403484344,-0.08388423919677734,-0.5045658946037292,-0.12088676542043686,0.020231669768691063,-0.5524561405181885,-0.15215983986854553,-0.16899073123931885,-0.6249040961265564,-0.034947413951158524,-0.17071524262428284,-0.9194201231002808,-0.1046827957034111,-0.15448957681655884,-0.7986438870429993,-0.15529531240463257,-0.144196555018425,-0.6418569684028625,-0.1811501830816269,-0.0736493244767189,-0.6694889068603516,-0.048684339970350266,-0.05622781068086624,-1.0,-0.10646753013134003,-0.0472538024187088,-0.8508114218711853,-0.13900107145309448,-0.04980562999844551,-0.6935347318649292,-0.15076148509979248,0.014886974357068539,-0.6537275314331055,-0.0725628063082695,0.038149431347846985,-0.9441306591033936,-0.11761760711669922,0.03355715423822403,-0.8133068680763245,-0.1288442611694336,0.02128898724913597,-0.6598040461540222,-0.12723855674266815,0.09764451533555984,-0.5900396704673767,-0.10299061983823776,0.11561581492424011,-0.7966335415840149,-0.1263868510723114,0.10391784459352493,-0.7517972588539124,-0.12489940226078033,0.08711261302232742,-0.6441206932067871,-0.12038524448871613
E,E_session_002,161,0.0,0.0,0.0,-0.1096017137169838,-0.12463608384132385,-0.049427058547735214,-0.15853936970233917,-0.339848130941391,-0.08476389199495316,-0.08965180814266205,-0.4983673691749573,-0.12509499490261078,0.01393659133464098,-0.5415880680084229,-0.1590014547109604,-0.169949010014534,-0.6271082162857056,-0.03498869016766548,-0.17626014351844788,-0.915186882019043,-0.10562144964933395,-0.16271178424358368,-0.7995447516441345,-0.15853221714496613,-0.14882290363311768,-0.646754801273346,-0.18638786673545837,-0.07603821903467178,-0.6717046499252319,-0.04957372322678566,-0.06281429529190063,-1.0,-0.10943416506052017,-0.05635640025138855,-0.854710578918457,-0.14530998468399048,-0.05599191412329674,-0.6970688700675964,-0.15934276580810547,0.011574380099773407,-0.6568208932876587,-0.07424531877040863,0.03305920958518982,-0.9449440240859985,-0.11999155580997467,0.026602033525705338,-0.819520890712738,-0.13431160151958466,0.016787981614470482,-0.6653167605400085,-0.13484859466552734,0.0948232039809227,-0.5933375358581543,-0.1056310310959816,0.11145652085542679,-0.8007718920707703,-0.1288604736328125,0.09903950244188309,-0.7591300010681152,-0.1289638876914978,0.08391904830932617,-0.6504888534545898,-0.12580502033233643
E,E_session_002,162,0.0,0.0,0.0,-0.10931390523910522,-0.12402782589197159,-0.04993532970547676,-0.16002929210662842,-0.3460078835487366,-0.08443673700094223,-0.08987507969141006,-0.5083135962486267,-0.12399550527334213,0.01919744722545147,-0.5494600534439087,-0.15751859545707703,-0.16954225301742554,-0.6264964938163757,-0.031814444810152054,-0.17760050296783447,-0.9132678508758545,-0.10119475424289703,-0.16722466051578522,-0.8179938197135925,-0.1544550359249115,-0.15286454558372498,-0.6709784269332886,-0.18310557305812836,-0.07773926854133606,-0.6721197962760925,-0.04590924456715584,-0.06451212614774704,-1.0,-0.10612612217664719,-0.06120557710528374,-0.8695083260536194,-0.143327534198761,-0.061726126819849014,-0.7099467515945435,-0.1583613157272339,0.00957635696977377,-0.6573166251182556,-0.07037225365638733,0.03177917003631592,-0.9458936452865601,-0.11653390526771545,0.022650878876447678,-0.8290590047836304,-0.13375462591648102,0.012487467378377914,-0.6728362441062927,-0.1364862620830536,0.09287972748279572,-0.5940389037132263,-0.10171108692884445,0.11154203116893768,-0.7980454564094543,-0.12685160338878632,0.09726541489362717,-0.7594284415245056,-0.1302536576986313,0.08215366303920746,-0.6485368609428406,-0.12956906855106354
E,E_session_002,163,0.0,0.0,0.0,-0.10881674289703369,-0.12595419585704803,-0.048931702971458435,-0.15899434685707092,-0.3456583321094513,-0.08364817500114441,-0.08891245722770691,-0.5039414167404175,-0.12386596947908401,0.021046195179224014,-0.542260468006134,-0.15823666751384735,-0.1694255769252777,-0.6276454925537109,-0.02912878803908825,-0.17841081321239471,-0.9114868640899658,-0.09905067086219788,-0.1720091551542282,-0.8163694739341736,-0.1531977504491806,-0.1573045700788498,-0.6686735153198242,-0.18221208453178406,-0.07875660061836243,-0.6716968417167664,-0.04379607364535332,-0.06741145998239517,-1.0,-0.10599974542856216,-0.06843876838684082,-0.8737072944641113,-0.1451335847377777,-0.06803971529006958,-0.7116508483886719,-0.16057758033275604,0.007890707813203335,-0.6573609113693237,-0.06889188289642334,0.027599535882472992,-0.9485726952552795,-0.11558415740728378,0.015316806733608246,-0.8393319249153137,-0.13516242802143097,0.005682018119841814,-0.6830050945281982,-0.13895447552204132,0.09155106544494629,-0.5958955883979797,-0.10083656013011932,0.10819663107395172,-0.7990735769271851,-0.1258915215730667,0.09293867647647858,-0.7663482427597046,-0.13076429069042206,0.07892047613859177,-0.6577106714248657,-0.130868598818779
E,E_session_002,164,0.0,0.0,0.0,-0.11060097068548203,-0.13123582303524017,-0.04235672578215599,-0.15913167595863342,-0.3569829761981964,-0.07184912264347076,-0.0889996588230133,-0.5129112601280212,-0.1078505590558052,0.018758194521069527,-0.5461225509643555,-0.13830451667308807,-0.1670665591955185,-0.631831705570221,-0.02208625338971615,-0.17752741277217865,-0.9153695702552795,-0.08924082666635513,-0.17255869507789612,-0.8138461709022522,-0.14119616150856018,-0.15950533747673035,-0.6621195077896118,-0.1684710532426834,-0.07724970579147339,-0.6723884344100952,-0.0387631393969059,-0.06659451127052307,-1.0,-0.09688760340213776,-0.06950630247592926,-0.8742929100990295,-0.13368476927280426,-0.069621242582798,-0.7133243083953857,-0.14791178703308105,0.008412274532020092,-0.6558445692062378,-0.06561581045389175,0.028681091964244843,-0.9446102380752563,-0.10862946510314941,0.014412082731723785,-0.8390812277793884,-0.1274784505367279,0.00398627994582057,-0.6860105395317078,-0.13147184252738953,0.09090421348810196,-0.5940077304840088,-0.09888532757759094,0.10703890770673752,-0.7968392372131348,-0.1213611289858818,0.09085366129875183,-0.766050398349762,-0.1253982037305832,0.07635239511728287,-0.6577326655387878,-0.1252729594707489
E,E_session_002,165,0.0,0.0,0.0,-0.11142613738775253,-0.12831555306911469,-0.04235891252756119,-0.16166892647743225,-0.36133357882499695,-0.0680748000741005,-0.09305590391159058,-0.5246708989143372,-0.09981421381235123,0.01231322344392538,-0.5605253577232361,-0.125672847032547,-0.16792869567871094,-0.6275413632392883,-0.01852910779416561,-0.17909930646419525,-0.9155454635620117,-0.08451202511787415,-0.1730351746082306,-0.8174506425857544,-0.1347966343164444,-0.15829060971736908,-0.664401113986969,-0.16038180887699127,-0.07868107408285141,-0.6691969037055969,-0.033448170870542526,-0.06969540566205978,-1.0,-0.09122293442487717,-0.07119495421648026,-0.8742325901985168,-0.12810102105140686,-0.06974663585424423,-0.7113988399505615,-0.1416311264038086,0.005768859293311834,-0.6562637686729431,-0.058805085718631744,0.024195531383156776,-0.9485453367233276,-0.10309944301843643,0.010639128275215626,-0.8399174213409424,-0.12381333857774734,0.00048593594692647457,-0.6842319965362549,-0.12812450528144836,0.08798998594284058,-0.5991663932800293,-0.09032683074474335,0.10088898241519928,-0.7982534766197205,-0.11448124051094055,0.0862504318356514,-0.7660084366798401,-0.12058311700820923,0.07281568646430969,-0.6572652459144592,-0.12134314328432083
E,E_session_002,166,0.0,0.0,0.0,-0.11347051709890366,-0.1349613219499588,-0.04245319217443466,-0.16350553929805756,-0.3793486952781677,-0.06509042531251907,-0.09333841502666473,-0.5363801717758179,-0.09349112957715988,0.014005094766616821,-0.5530091524124146,-0.11618078500032425,-0.16871462762355804,-0.6288828253746033,-0.013680029660463333,-0.1784583032131195,-0.912355363368988,-0.0799812525510788,-0.1773543357849121,-0.8310518860816956,-0.1319136768579483,-0.1623205989599228,-0.6793621778488159,-0.1585174947977066,-0.080408476293087,-0.6690098643302917,-0.027941426262259483,-0.06849891692399979,-1.0,-0.08914314955472946,-0.07387775182723999,-0.8906026482582092,-0.13020843267440796,-0.0712403878569603,-0.7262711524963379,-0.14539749920368195,0.00427086791023612,-0.6554871201515198,-0.05305485054850578,0.02599232830107212,-0.9428919553756714,-0.09896315634250641,0.010510018095374107,-0.856102466583252,-0.1270935833454132,0.003242459846660495,-0.7041407823562622,-0.13610659539699554,0.08727821707725525,-0.6000534296035767,-0.08440317213535309,0.10448965430259705,-0.794121503829956,-0.11092649400234222,0.08873017132282257,-0.7739251852035522,-0.12354876846075058,0.07727225124835968,-0.6650662422180176,-0.12901771068572998
E,E_session_002,167,0.0,0.0,0.0,-0.11084257811307907,-0.1382618546485901,-0.036922160536050797,-0.16589632630348206,-0.3774864673614502,-0.06015922874212265,-0.0981774553656578,-0.5356234908103943,-0.09047967195510864,0.010997016914188862,-0.5533603429794312,-0.11521496623754501,-0.17170436680316925,-0.632307767868042,-0.011203656904399395,-0.18445377051830292,-0.910907506942749,-0.07426350563764572,-0.18316587805747986,-0.8174271583557129,-0.12328042834997177,-0.16852465271949768,-0.666246771812439,-0.14867249131202698,-0.08423060178756714,-0.6748270988464355,-0.02805032767355442,-0.07346417754888535,-1.0,-0.08474842458963394,-0.08041996508836746,-0.8811579346656799,-0.11949028819799423,-0.07950471341609955,-0.7183322310447693,-0.1309940069913864,0.0006470226217061281,-0.6617661118507385,-0.05511210113763809,0.021820737048983574,-0.947335958480835,-0.09523515403270721,0.0035637144464999437,-0.852387547492981,-0.11481352150440216,-0.006996509153395891,-0.7046995162963867,-0.11932449787855148,0.08373415470123291,-0.6043300032615662,-0.0883801057934761,0.10019949078559875,-0.796477735042572,-0.10894859582185745,0.07952506840229034,-0.7691119909286499,-0.11458718031644821,0.0637638121843338,-0.6648473739624023,-0.11570456624031067
E,E_session_002,168,0.0,0.0,0.0,-0.11339304596185684,-0.1412820816040039,-0.037572454661130905,-0.16689148545265198,-0.384001761674881,-0.060989052057266235,-0.09919179230928421,-0.5426763892173767,-0.09163668006658554,0.011936147697269917,-0.5492173433303833,-0.11684609204530716,-0.17077462375164032,-0.6327308416366577,-0.011607063002884388,-0.1815183162689209,-0.9108237624168396,-0.07538357377052307,-0.18189793825149536,-0.8213881254196167,-0.1250683069229126,-0.16762810945510864,-0.6693504452705383,-0.15116417407989502,-0.08285357058048248,-0.6757466197013855,-0.028427578508853912,-0.07123012095689774,-1.0,-0.08623568713665009,-0.07955677062273026,-0.8843141198158264,-0.1217566430568695,-0.0786941722035408,-0.7206666469573975,-0.13411661982536316,0.0031253229826688766,-0.6616337299346924,-0.055604081600904465,0.02568799816071987,-0.9496039152145386,-0.09636631608009338,0.005114879459142685,-0.8573379516601562,-0.11734232306480408,-0.005541893187910318,-0.7061779499053955,-0.1230703592300415,0.08662644028663635,-0.6033781170845032,-0.0891689732670784,0.10481870919466019,-0.794803261756897,-0.11120866239070892,0.08291596174240112,-0.7725792527198792,-0.11954780668020248,0.06774113327264786,-0.6679553389549255,-0.12278346717357635
E,E_session_002,169,0.0,0.0,0.0,-0.11619880795478821,-0.1380036324262619,-0.038859494030475616,-0.17382825911045074,-0.38142743706703186,-0.06360571086406708,-0.10739445686340332,-0.5532293915748596,-0.09609514474868774,0.00581026216968894,-0.5520302653312683,-0.12346705794334412,-0.1708899736404419,-0.6318978667259216,-0.010431818664073944,-0.18138454854488373,-0.9101225733757019,-0.07369588315486908,-0.18302755057811737,-0.8189318180084229,-0.12349863350391388,-0.17033188045024872,-0.6675512790679932,-0.1500590741634369,-0.08301004767417908,-0.6741013526916504,-0.026916570961475372,-0.07102009654045105,-1.0,-0.08555810898542404,-0.08135392516851425,-0.8841930627822876,-0.1220180094242096,-0.08100906014442444,-0.7198965549468994,-0.13456065952777863,0.0029363741632550955,-0.6599923372268677,-0.05382074788212776,0.026011191308498383,-0.9488674402236938,-0.09607104957103729,0.0038972783368080854,-0.855248212814331,-0.11788692325353622,-0.006465890444815159,-0.7018733620643616,-0.123094342648983,0.0868942141532898,-0.6032374501228333,-0.08717799931764603,0.10509319603443146,-0.7984986901283264,-0.10887617617845535,0.08297737687826157,-0.7768725156784058,-0.11698642373085022,0.06885644793510437,-0.6726384162902832,-0.11963112652301788
E,E_session_002,170,0.0,0.0,0.0,-0.1194981038570404,-0.14042551815509796,-0.03688368946313858,-0.17630991339683533,-0.38774657249450684,-0.06075967103242874,-0.1052471175789833,-0.5614473223686218,-0.09308517724275589,0.00862388126552105,-0.5551744699478149,-0.12061972171068192,-0.16420114040374756,-0.6431557536125183,-0.008256368339061737,-0.17705731093883514,-0.9149662256240845,-0.0709056556224823,-0.18285347521305084,-0.8164371848106384,-0.12111177295446396,-0.1710285246372223,-0.6607404351234436,-0.14835526049137115,-0.07824614644050598,-0.6818537712097168,-0.025901291519403458,-0.06797077506780624,-1.0,-0.08235945552587509,-0.08373824506998062,-0.8882935047149658,-0.11768276244401932,-0.08353443443775177,-0.7238731384277344,-0.13030008971691132,0.007299548014998436,-0.6635943055152893,-0.05411939695477486,0.03139970079064369,-0.9528818726539612,-0.094734326004982,0.0031451131217181683,-0.863045334815979,-0.11668243259191513,-0.009144138544797897,-0.7076171040534973,-0.12292787432670593,0.09129375964403152,-0.6025630831718445,-0.08899731934070587,0.11160401254892349,-0.7910006046295166,-0.11098349094390869,0.08229248225688934,-0.7700555324554443,-0.12059326469898224,0.06386157870292664,-0.664059579372406,-0.12450967729091644
E,E_session_002,171,0.0,0.0,0.0,-0.12247902154922485,-0.14146916568279266,-0.03691910207271576,-0.17920252680778503,-0.3909558653831482,-0.05953902378678322,-0.10912876576185226,-0.5684192776679993,-0.09077948331832886,0.0032592557836323977,-0.5650485754013062,-0.11721368879079819,-0.16549156606197357,-0.6426359415054321,-0.003575187409296632,-0.17723795771598816,-0.9180072546005249,-0.06498361378908157,-0.18228548765182495,-0.8336067795753479,-0.11539672315120697,-0.17228776216506958,-0.682733952999115,-0.1429244726896286,-0.0795099064707756,-0.6837707161903381,-0.019995229318737984,-0.07165710628032684,-1.0,-0.07620545476675034,-0.08361128717660904,-0.8981665372848511,-0.11543910950422287,-0.08178150653839111,-0.7364131212234497,-0.1314060240983963,0.005261281505227089,-0.668464720249176,-0.046996209770441055,0.028349705040454865,-0.9590165615081787,-0.0876322016119957,0.003048365470021963,-0.8788212537765503,-0.11395144462585449,-0.00886931736022234,-0.7233338952064514,-0.12358029931783676,0.0889722928404808,-0.6095099449157715,-0.08049172908067703,0.10867287218570709,-0.7996286749839783,-0.10314595699310303,0.08278609812259674,-0.7878051996231079,-0.11631156504154205,0.06483013182878494,-0.6841588616371155,-0.12315870076417923
E,E_session_002,172,0.0,0.0,0.0,-0.13085100054740906,-0.15178841352462769,-0.034621622413396835,-0.18602018058300018,-0.4026806652545929,-0.053749870508909225,-0.11424202471971512,-0.5810301303863525,-0.0826212614774704,-0.0037723418790847063,-0.5865404605865479,-0.10755819827318192,-0.1702631264925003,-0.6471666097640991,0.01113542728126049,-0.18403588235378265,-0.9093539714813232,-0.04728497192263603,-0.1904991716146469,-0.8499264121055603,-0.09835726767778397,-0.1787172257900238,-0.7166434526443481,-0.12715521454811096,-0.0839175283908844,-0.6914680600166321,-0.005853201728314161,-0.07968410849571228,-1.0,-0.061747778207063675,-0.08915489166975021,-0.908477783203125,-0.10605604946613312,-0.08272165805101395,-0.7553727626800537,-0.12552954256534576,0.0015145649667829275,-0.6799364686012268,-0.03374413028359413,0.019028151407837868,-0.9686378836631775,-0.07578296214342117,-0.003519072663038969,-0.8920436501502991,-0.1060628741979599,-0.009776243939995766,-0.737159252166748,-0.11784933507442474,0.08708904683589935,-0.6228818893432617,-0.0678885355591774,0.103598453104496,-0.8112351298332214,-0.09252627938985825,0.07935820519924164,-0.797203779220581,-0.1079053208231926,0.06554961204528809,-0.6915870904922485,-0.11590217053890228
E,E_session_002,173,0.0,0.0,0.0,-0.13268199563026428,-0.15471644699573517,-0.03686477243900299,-0.1865578144788742,-0.4115537703037262,-0.05739646777510643,-0.11271464824676514,-0.5957114696502686,-0.08779041469097137,-0.0026287296786904335,-0.5979152917861938,-0.11454436182975769,-0.16911453008651733,-0.6500536799430847,0.014911423437297344,-0.181917205452919,-0.9041297435760498,-0.04479965567588806,-0.19076652824878693,-0.8554380536079407,-0.09751590341329575,-0.1793731153011322,-0.7306645512580872,-0.12704937160015106,-0.08186439424753189,-0.6916638612747192,-0.0015489618526771665,-0.07585263252258301,-1.0,-0.061337586492300034,-0.08834832161664963,-0.9115754961967468,-0.10871176421642303,-0.08229941874742508,-0.7577199339866638,-0.12846362590789795,0.003944179508835077,-0.6797982454299927,-0.029488034546375275,0.023858236148953438,-0.965610921382904,-0.07545513659715652,-0.0021920145954936743,-0.8914395570755005,-0.10952077060937881,-0.008314945735037327,-0.7363324761390686,-0.12180720269680023,0.08984149247407913,-0.6239650845527649,-0.06371325999498367,0.10593483597040176,-0.8119702339172363,-0.08881592005491257,0.0802672877907753,-0.8004738688468933,-0.10562016069889069,0.06765536218881607,-0.6980682015419006,-0.11393919587135315
E,E_session_002,174,0.0,0.0,0.0,-0.13435108959674835,-0.1526709944009781,-0.038368236273527145,-0.19002185761928558,-0.4028443396091461,-0.06016964837908745,-0.11636457592248917,-0.5858365297317505,-0.09148305654525757,-0.0050756558775901794,-0.5956026315689087,-0.11984070390462875,-0.17054866254329681,-0.6448688507080078,0.012404697947204113,-0.1853572577238083,-0.8910517692565918,-0.047568101435899734,-0.19596248865127563,-0.8687412142753601,-0.10153504461050034,-0.1840495616197586,-0.7579442262649536,-0.1324155181646347,-0.08350930362939835,-0.6892442107200623,-0.004083872772753239,-0.07619547098875046,-1.0,-0.06568409502506256,-0.09014104306697845,-0.9275916218757629,-0.11687146872282028,-0.08526604622602463,-0.7735137939453125,-0.13961492478847504,0.0028696218505501747,-0.677760124206543,-0.031716104596853256,0.023872846737504005,-0.9658885598182678,-0.07954716682434082,-0.0035349142272025347,-0.9046444892883301,-0.11838150769472122,-0.011119784787297249,-0.7494804859161377,-0.13410954177379608,0.08919643610715866,-0.6215473413467407,-0.06550129503011703,0.10634427517652512,-0.8120679259300232,-0.09347660839557648,0.08068132400512695,-0.805874764919281,-0.11376994848251343,0.06690377742052078,-0.6985569000244141,-0.12446559220552444
E,E_session_002,175,0.0,0.0,0.0,-0.13440507650375366,-0.158127561211586,-0.03817000240087509,-0.1898822784423828,-0.4082522988319397,-0.059659749269485474,-0.11860673874616623,-0.5893413424491882,-0.09041787683963776,-0.009289375506341457,-0.589389979839325,-0.11824249476194382,-0.16842453181743622,-0.6536213159561157,0.013493895530700684,-0.18227934837341309,-0.8962068557739258,-0.04721531271934509,-0.19424612820148468,-0.8758757710456848,-0.1038278192281723,-0.18368569016456604,-0.7599393725395203,-0.13646095991134644,-0.08010159432888031,-0.696560800075531,-0.0031840975861996412,-0.07293996959924698,-1.0,-0.06346781551837921,-0.08918524533510208,-0.9434708952903748,-0.11825423687696457,-0.08444833010435104,-0.7958390116691589,-0.14486750960350037,0.006819644942879677,-0.6829312443733215,-0.031007880344986916,0.028294017538428307,-0.9586503505706787,-0.07753203064203262,-0.0005195827106945217,-0.9143189787864685,-0.1210969090461731,-0.007698581553995609,-0.7644822597503662,-0.14116178452968597,0.09363985806703568,-0.6256267428398132,-0.06503769755363464,0.11107621341943741,-0.8132506012916565,-0.09268532693386078,0.08609098941087723,-0.8163323998451233,-0.1156686395406723,0.07414963841438293,-0.7110826969146729,-0.12874342501163483
E,E_session_002,176,0.0,0.0,0.0,-0.13525846600532532,-0.16010822355747223,-0.03991563245654106,-0.18999700248241425,-0.4103926718235016,-0.06245254725217819,-0.11566400527954102,-0.5902342796325684,-0.09409141540527344,-0.004951147828251123,-0.5921974182128906,-0.12278532236814499,-0.16662554442882538,-0.6523164510726929,0.012272601947188377,-0.18029625713825226,-0.8917911648750305,-0.049301669001579285,-0.19446897506713867,-0.8764049410820007,-0.10574501007795334,-0.18470463156700134,-0.7672697901725769,-0.1382896900177002,-0.0778009444475174,-0.6939351558685303,-0.003836531424894929,-0.07073618471622467,-1.0,-0.06669293344020844,-0.08978812396526337,-0.9384416937828064,-0.1214265525341034,-0.0864473506808281,-0.7865267395973206,-0.14669199287891388,0.009241455234587193,-0.6789754033088684,-0.031200136989355087,0.031015310436487198,-0.9602406024932861,-0.07985404878854752,-8.420068479608744e-05,-0.9082574844360352,-0.12253770232200623,-0.008647876791656017,-0.7533290386199951,-0.1406824290752411,0.09622640907764435,-0.6190532445907593,-0.06489786505699158,0.11389603465795517,-0.8073397278785706,-0.09401535242795944,0.08817972242832184,-0.8088239431381226,-0.11716601252555847,0.07525135576725006,-0.7029476165771484,-0.1295255869626999
E,E_session_002,177,0.0,0.0,0.0,-0.134092777967453,-0.15540695190429688,-0.03892352432012558,-0.18958696722984314,-0.40802112221717834,-0.060593388974666595,-0.11794951558113098,-0.5906847715377808,-0.09172292798757553,-0.004149098880589008,-0.5906452536582947,-0.119737409055233,-0.16498775780200958,-0.6490253210067749,0.011402299627661705,-0.17817939817905426,-0.8865267634391785,-0.050139181315898895,-0.19289948046207428,-0.8802682757377625,-0.10631979256868362,-0.18327867984771729,-0.7731378674507141,-0.13911151885986328,-0.076713427901268,-0.693051815032959,-0.005699238274246454,-0.0671708956360817,-1.0,-0.07032100111246109,-0.08755304664373398,-0.9453743100166321,-0.12587150931358337,-0.08515588194131851,-0.7904185056686401,-0.15163184702396393,0.009918631985783577,-0.6782534718513489,-0.03375374898314476,0.03357575833797455,-0.9618380665779114,-0.08195652067661285,0.0015353038907051086,-0.9141147136688232,-0.12251242995262146,-0.008455702103674412,-0.7598385214805603,-0.13945458829402924,0.09716354310512543,-0.6195348501205444,-0.0682637095451355,0.11563306301832199,-0.8118259310722351,-0.097091443836689,0.08913962543010712,-0.816456139087677,-0.11946401000022888,0.07405375689268112,-0.7090435028076172,-0.13131733238697052
E,E_session_002,178,0.0,0.0,0.0,-0.13187110424041748,-0.14797227084636688,-0.03883596882224083,-0.19051313400268555,-0.39936813712120056,-0.06286829710006714,-0.1196126788854599,-0.581105649471283,-0.09672064334154129,-0.003378300229087472,-0.5788004398345947,-0.12696973979473114,-0.15979816019535065,-0.6529400944709778,0.0061218589544296265,-0.1714192032814026,-0.898904025554657,-0.058337658643722534,-0.18754571676254272,-0.8643744587898254,-0.1143328920006752,-0.1803814023733139,-0.7346464395523071,-0.14570976793766022,-0.07243240624666214,-0.6925040483474731,-0.011454512365162373,-0.06258805841207504,-1.0,-0.07626616209745407,-0.08648482710123062,-0.9273313283920288,-0.12786993384361267,-0.0850922018289566,-0.7639164328575134,-0.15029041469097137,0.012996384873986244,-0.6733497381210327,-0.0400756411254406,0.03685442730784416,-0.9588614106178284,-0.08650210499763489,0.0022284945007413626,-0.8958162069320679,-0.12143925577402115,-0.009404490701854229,-0.7368966341018677,-0.13451895117759705,0.09871914237737656,-0.6105770468711853,-0.07543417811393738,0.11695016920566559,-0.8033099174499512,-0.100957490503788,0.08694051206111908,-0.7998860478401184,-0.11880172044038773,0.06922069191932678,-0.6907110214233398,-0.12734144926071167
E,E_session_002,179,0.0,0.0,0.0,-0.13282282650470734,-0.14848116040229797,-0.03647783398628235,-0.18720382452011108,-0.40342897176742554,-0.057639412581920624,-0.11522229760885239,-0.5843814611434937,-0.08870123326778412,8.997509576147422e-05,-0.5797182321548462,-0.11665823310613632,-0.160624161362648,-0.6450595259666443,0.007407304365187883,-0.1697300374507904,-0.8883913159370422,-0.055169399827718735,-0.18574221432209015,-0.8675425052642822,-0.10885591804981232,-0.1784726083278656,-0.7519811391830444,-0.1390710026025772,-0.07351715117692947,-0.686065673828125,-0.011625404469668865,-0.05459311231970787,-1.0,-0.07808275520801544,-0.08270476758480072,-0.9328202605247498,-0.12866802513599396,-0.08615187555551529,-0.7711247801780701,-0.14933805167675018,0.011711032129824162,-0.6678174138069153,-0.041407618671655655,0.04131646454334259,-0.9491153359413147,-0.09053563326597214,0.0028443739283829927,-0.8855084776878357,-0.12552306056022644,-0.010260788723826408,-0.7312532067298889,-0.13740240037441254,0.09776833653450012,-0.6075382232666016,-0.07747629284858704,0.11776796728372574,-0.803331732749939,-0.10428374260663986,0.08637657016515732,-0.7999368906021118,-0.12182841449975967,0.06925494223833084,-0.6927034854888916,-0.12994538247585297
E,E_session_002,180,0.0,0.0,0.0,-0.13227002322673798,-0.15168718993663788,-0.03705562278628349,-0.18568155169487,-0.40703511238098145,-0.05879015475511551,-0.11174958199262619,-0.5886977314949036,-0.09045589715242386,0.004574903752654791,-0.5789080262184143,-0.11915481835603714,-0.1563967913389206,-0.6492510437965393,0.00640714680776,-0.16447137296199799,-0.8933932781219482,-0.056059543043375015,-0.1805276721715927,-0.8771405816078186,-0.1101568192243576,-0.17357668280601501,-0.7611878514289856,-0.14059385657310486,-0.06919357180595398,-0.6870005130767822,-0.01207486167550087,-0.0503084622323513,-1.0,-0.0771654024720192,-0.07960361242294312,-0.9381077289581299,-0.12791110575199127,-0.08368443697690964,-0.7752128839492798,-0.14927515387535095,0.015969719737768173,-0.6649320125579834,-0.04123375937342644,0.044456638395786285,-0.9468867778778076,-0.08758079260587692,0.005726308096200228,-0.8890567421913147,-0.12184508889913559,-0.0073195556178689,-0.7347527146339417,-0.13403214514255524,0.10182733833789825,-0.6009498834609985,-0.07696163654327393,0.1222885251045227,-0.7990939617156982,-0.10057822614908218,0.09088065475225449,-0.8016541004180908,-0.11694207787513733,0.07356508821249008,-0.6951292157173157,-0.12475337088108063
E,E_session_002,181,0.0,0.0,0.0,-0.12751220166683197,-0.15608413517475128,-0.037872426211833954,-0.18087370693683624,-0.40925776958465576,-0.06198969483375549,-0.10592419654130936,-0.5829440951347351,-0.09548179805278778,0.010546072386205196,-0.5667205452919006,-0.12535038590431213,-0.15052779018878937,-0.6594598889350891,0.002796178450807929,-0.15422041714191437,-0.9077557921409607,-0.06024796888232231,-0.16811032593250275,-0.8697065114974976,-0.11419499665498734,-0.16350947320461273,-0.7405798435211182,-0.14420214295387268,-0.06239603832364082,-0.6928531527519226,-0.014941578730940819,-0.04423847422003746,-1.0,-0.07766224443912506,-0.06836355477571487,-0.9265571236610413,-0.12492761760950089,-0.07251030951738358,-0.7608259320259094,-0.14439134299755096,0.023003114387392998,-0.667441725730896,-0.04345447197556496,0.052132315933704376,-0.9486985206604004,-0.0876610279083252,0.018112463876605034,-0.8827004432678223,-0.11827655881643295,0.0022496944293379784,-0.7247804403305054,-0.1286269873380661,0.1074182316660881,-0.5993713140487671,-0.07874801009893417,0.1307327300310135,-0.7889130115509033,-0.10188306123018265,0.10393238067626953,-0.786933422088623,-0.11648793518543243,0.08608692139387131,-0.682373046875,-0.12300106883049011
E,E_session_002,182,0.0,0.0,0.0,-0.12852685153484344,-0.1601780354976654,-0.036845844238996506,-0.1756882667541504,-0.42549559473991394,-0.056523967534303665,-0.09604392200708389,-0.5925260782241821,-0.08480588346719742,0.020434804260730743,-0.5681575536727905,-0.10879682749509811,-0.14827048778533936,-0.6537390947341919,0.002270145807415247,-0.15057672560214996,-0.9096391201019287,-0.058482132852077484,-0.15995348989963531,-0.870343804359436,-0.10956122726202011,-0.15384569764137268,-0.7407473921775818,-0.138154074549675,-0.060068413615226746,-0.6887451410293579,-0.01410804595798254,-0.040180835872888565,-1.0,-0.07501828670501709,-0.0572734959423542,-0.9249129295349121,-0.1202414482831955,-0.05870574340224266,-0.7641059756278992,-0.13916318118572235,0.025160735473036766,-0.6633948683738708,-0.04096607118844986,0.055766161531209946,-0.9419225454330444,-0.0832865983247757,0.028195079416036606,-0.8746722936630249,-0.11091186106204987,0.015479524619877338,-0.7216978073120117,-0.12041658163070679,0.10919562727212906,-0.596274197101593,-0.0746886283159256,0.13606305420398712,-0.7834439277648926,-0.09882763028144836,0.11197926849126816,-0.7806106209754944,-0.11420189589262009,0.09535034745931625,-0.6776326298713684,-0.12200304120779037
E,E_session_002,183,0.0,0.0,0.0,-0.12592922151088715,-0.16528990864753723,-0.03724595531821251,-0.17355844378471375,-0.4391828179359436,-0.057262104004621506,-0.09170298278331757,-0.6076540350914001,-0.08625748753547668,0.024085216224193573,-0.563521146774292,-0.11090568453073502,-0.1448928564786911,-0.6667157411575317,0.007426404394209385,-0.14407891035079956,-0.923100471496582,-0.05342591553926468,-0.15088659524917603,-0.8820061087608337,-0.10557350516319275,-0.14437051117420197,-0.751082718372345,-0.13437773287296295,-0.05644947290420532,-0.6961542367935181,-0.008178298361599445,-0.03533726558089256,-1.0,-0.07054352760314941,-0.0473877489566803,-0.9172064065933228,-0.1156822219491005,-0.04737987369298935,-0.7516738176345825,-0.13267607986927032,0.029707184061408043,-0.6710823178291321,-0.03480115160346031,0.06273719668388367,-0.9451990723609924,-0.07808716595172882,0.03892616182565689,-0.8723971843719482,-0.10476335883140564,0.025560148060321808,-0.7141464352607727,-0.1116866022348404,0.11375369131565094,-0.6071336269378662,-0.06852483004331589,0.14166785776615143,-0.7907295227050781,-0.09094181656837463,0.11971045285463333,-0.7817971110343933,-0.10380858182907104,0.10321131348609924,-0.6760299205780029,-0.10877649486064911
E,E_session_002,184,0.0,0.0,0.0,-0.12692993879318237,-0.171794593334198,-0.03860349580645561,-0.17149944603443146,-0.44109949469566345,-0.05990191176533699,-0.0889129489660263,-0.6095020174980164,-0.08991609513759613,0.022893104702234268,-0.5720594525337219,-0.1166151836514473,-0.14571478962898254,-0.6699361801147461,0.009073320776224136,-0.14239591360092163,-0.9225831031799316,-0.048665136098861694,-0.14639511704444885,-0.906410276889801,-0.10088246315717697,-0.13777342438697815,-0.7976812720298767,-0.13111275434494019,-0.05579986795783043,-0.6987395286560059,-0.0060257259756326675,-0.030638493597507477,-1.0,-0.06679657101631165,-0.035941556096076965,-0.9257799983024597,-0.11511604487895966,-0.03514012321829796,-0.7696757912635803,-0.13564059138298035,0.031112754717469215,-0.6750699877738953,-0.0317576564848423,0.06599865853786469,-0.9476416707038879,-0.07484433799982071,0.047334663569927216,-0.884615421295166,-0.10592473298311234,0.035638220608234406,-0.731094241142273,-0.11694445461034775,0.11505221575498581,-0.6102897524833679,-0.06434554606676102,0.14522536098957062,-0.7942028045654297,-0.08678287267684937,0.124787338078022,-0.7842596769332886,-0.10129820555448532,0.1077057346701622,-0.6758167743682861,-0.1083967462182045
E,E_session_002,185,0.0,0.0,0.0,-0.12470415979623795,-0.1781681478023529,-0.03573284670710564,-0.1603436917066574,-0.4427599608898163,-0.05888497456908226,-0.07818902283906937,-0.5955280065536499,-0.09198302775621414,0.0327262319624424,-0.5576996803283691,-0.12125694751739502,-0.13239941000938416,-0.6815510988235474,0.01107116136699915,-0.12129805982112885,-0.927267849445343,-0.051629092544317245,-0.1293708235025406,-0.905151903629303,-0.10535326600074768,-0.12215540558099747,-0.7863441109657288,-0.1347365528345108,-0.04269621521234512,-0.7022042870521545,-0.007383241783827543,-0.010995679534971714,-1.0,-0.07349316775798798,-0.026732955127954483,-0.9295861721038818,-0.12117962539196014,-0.029568210244178772,-0.7666740417480469,-0.1388414353132248,0.04393372684717178,-0.6698450446128845,-0.037041086703538895,0.08634152263402939,-0.9393671751022339,-0.08394864201545715,0.0566537119448185,-0.8697093725204468,-0.11297772824764252,0.03974929079413414,-0.7133162021636963,-0.12076342105865479,0.12777836620807648,-0.5977270603179932,-0.07343262434005737,0.16149307787418365,-0.7690256237983704,-0.09857884049415588,0.1305696815252304,-0.7528301477432251,-0.112618587911129,0.10594911128282547,-0.6455599665641785,-0.11780956387519836
E,E_session_002,186,0.0,0.0,0.0,-0.11856160312891006,-0.16801436245441437,-0.03819951042532921,-0.1561545431613922,-0.4299580752849579,-0.06232932209968567,-0.07350693643093109,-0.5852543115615845,-0.0951501727104187,0.03685316815972328,-0.5420007109642029,-0.12310168147087097,-0.12369614094495773,-0.6854228973388672,0.0021930523216724396,-0.1094048023223877,-0.9386120438575745,-0.05979618802666664,-0.1200876235961914,-0.8752902150154114,-0.11159669607877731,-0.1205604076385498,-0.735602617263794,-0.14000798761844635,-0.034009791910648346,-0.7040157914161682,-0.014440816827118397,-0.0016191977774724364,-1.0,-0.07450445741415024,-0.020939555019140244,-0.9066230058670044,-0.11445272713899612,-0.030039213597774506,-0.744059681892395,-0.12849022448062897,0.05090787261724472,-0.6668095588684082,-0.04239509627223015,0.0928417518734932,-0.9378778338432312,-0.08441162109375,0.061879247426986694,-0.8560289144515991,-0.10680872946977615,0.039570167660713196,-0.702252209186554,-0.11190618574619293,0.1322893351316452,-0.5872249007225037,-0.07756763696670532,0.16795745491981506,-0.7600501179695129,-0.10002675652503967,0.13639198243618011,-0.7412229776382446,-0.11062096804380417,0.10736498236656189,-0.6396376490592957,-0.11429110914468765
E,E_session_002,187,0.0,0.0,0.0,-0.11553706973791122,-0.17886801064014435,-0.032144200056791306,-0.15010643005371094,-0.4361233413219452,-0.05523870512843132,-0.06675796210765839,-0.5840576887130737,-0.08840243518352509,0.040225863456726074,-0.5300318002700806,-0.1170138269662857,-0.11769652366638184,-0.6826619505882263,0.003069882746785879,-0.10579773038625717,-0.9494245052337646,-0.05702159181237221,-0.11675436794757843,-0.8659579753875732,-0.10584193468093872,-0.11644134670495987,-0.719755232334137,-0.13199226558208466,-0.02962322160601616,-0.7003470659255981,-0.016161764040589333,0.003948000259697437,-1.0,-0.0722711905837059,-0.017077429220080376,-0.8879706859588623,-0.10533567517995834,-0.027444710955023766,-0.7201361656188965,-0.11506753414869308,0.05527938902378082,-0.6634555459022522,-0.04621792584657669,0.10044758021831512,-0.9428003430366516,-0.0839884877204895,0.06558568775653839,-0.8562268614768982,-0.10111518204212189,0.040903836488723755,-0.7000950574874878,-0.10353431105613708,0.13565203547477722,-0.5840953588485718,-0.08322495967149734,0.17317458987236023,-0.7604368329048157,-0.10072148591279984,0.138342946767807,-0.7404369115829468,-0.10653725266456604,0.1073668822646141,-0.6357759833335876,-0.10758157074451447
E,E_session_002,188,0.0,0.0,0.0,-0.11474702507257462,-0.16732849180698395,-0.03707392141222954,-0.14748024940490723,-0.4222069978713989,-0.06216021627187729,-0.06559011340141296,-0.5676605701446533,-0.09565462917089462,0.039872150868177414,-0.5142879486083984,-0.12439578771591187,-0.11449968814849854,-0.6833407282829285,-0.00440553855150938,-0.09333521872758865,-0.946274995803833,-0.06767909228801727,-0.10609200596809387,-0.8817178010940552,-0.1178295761346817,-0.11008055508136749,-0.7408322095870972,-0.14406339824199677,-0.025868451222777367,-0.695960521697998,-0.021783877164125443,0.015154475346207619,-1.0,-0.08383459597826004,-0.008798867464065552,-0.8978022933006287,-0.12006648629903793,-0.02328466810286045,-0.7293056845664978,-0.12999646365642548,0.05827362462878227,-0.6547878384590149,-0.05001988261938095,0.10756085813045502,-0.9287896752357483,-0.09390504658222198,0.07189492136240005,-0.8480557799339294,-0.11580014228820801,0.04541144147515297,-0.6940135955810547,-0.1194419413805008,0.1383640170097351,-0.5728789567947388,-0.08489328622817993,0.1764243096113205,-0.7467482089996338,-0.10838648676872253,0.1427653431892395,-0.7295972108840942,-0.11855912208557129,0.11114136129617691,-0.6261196136474609,-0.12123865634202957
E,E_session_002,189,0.0,0.0,0.0,-0.1163477748632431,-0.1640457659959793,-0.03603990375995636,-0.15086090564727783,-0.42232832312583923,-0.059406764805316925,-0.06884393095970154,-0.5663198828697205,-0.09139729291200638,0.03833606466650963,-0.5125948786735535,-0.11854681372642517,-0.1130736693739891,-0.6747122406959534,-0.006535290740430355,-0.094456247985363,-0.9472048878669739,-0.06955511122941971,-0.10459732264280319,-0.8769707679748535,-0.11795692890882492,-0.10787662863731384,-0.7323198318481445,-0.14266014099121094,-0.024825122207403183,-0.6904128789901733,-0.023390550166368484,0.015735378488898277,-1.0,-0.08366820216178894,-0.004879234358668327,-0.8919150233268738,-0.11678000539541245,-0.018352581188082695,-0.7243367433547974,-0.12507542967796326,0.058884941041469574,-0.6507800221443176,-0.050979699939489365,0.10889579355716705,-0.9319736361503601,-0.09291049093008041,0.07482250034809113,-0.8439611196517944,-0.11089882254600525,0.048055753111839294,-0.6877604126930237,-0.11258241534233093,0.1381511092185974,-0.571021318435669,-0.08534140884876251,0.17810696363449097,-0.7462939620018005,-0.10813463479280472,0.14344865083694458,-0.7281476259231567,-0.11723686754703522,0.11027037352323532,-0.6255916953086853,-0.11950761824846268
E,E_session_002,190,0.0,0.0,0.0,-0.11435601115226746,-0.1638854295015335,-0.036634985357522964,-0.1504465490579605,-0.41477423906326294,-0.06301379203796387,-0.06946145743131638,-0.559624195098877,-0.09829255193471909,0.03927350416779518,-0.5171077847480774,-0.12905353307724,-0.11336934566497803,-0.6725318431854248,-0.007556204684078693,-0.09471796452999115,-0.9404388070106506,-0.07055447995662689,-0.10431625694036484,-0.8708829283714294,-0.12035740911960602,-0.10866039991378784,-0.7304548621177673,-0.14688752591609955,-0.025316014885902405,-0.6900566220283508,-0.0258881077170372,0.017404349520802498,-1.0,-0.08557018637657166,-0.002635418903082609,-0.8977684378623962,-0.1206568107008934,-0.018390778452157974,-0.7351059317588806,-0.13161833584308624,0.058008380234241486,-0.6500594019889832,-0.054678454995155334,0.11058904230594635,-0.9316660761833191,-0.09680420905351639,0.07766500860452652,-0.8411790132522583,-0.11488964408636093,0.049092408269643784,-0.6871335506439209,-0.11738897860050201,0.13707447052001953,-0.5669269561767578,-0.09025596082210541,0.1776413470506668,-0.7418001890182495,-0.11242339760065079,0.14335055649280548,-0.7200519442558289,-0.11982933431863785,0.10870250314474106,-0.6202254295349121,-0.12145934253931046
E,E_session_002,191,0.0,0.0,0.0,-0.11727458983659744,-0.16668464243412018,-0.0376446470618248,-0.15294301509857178,-0.41378575563430786,-0.06419101357460022,-0.07001137733459473,-0.5544666647911072,-0.09889888018369675,0.04118017107248306,-0.5321327447891235,-0.1295327991247177,-0.11508257687091827,-0.674487292766571,-0.010415739379823208,-0.09507479518651962,-0.938681960105896,-0.0747205913066864,-0.10597100853919983,-0.8783397078514099,-0.12669637799263,-0.11086957901716232,-0.7384544014930725,-0.15450884401798248,-0.02648589201271534,-0.6900497674942017,-0.028532177209854126,0.015649056062102318,-1.0,-0.08846813440322876,-0.002594415796920657,-0.9036093950271606,-0.12846168875694275,-0.015973150730133057,-0.7421330213546753,-0.14382992684841156,0.0563785657286644,-0.650570273399353,-0.056710924953222275,0.10578837990760803,-0.933837890625,-0.09842805564403534,0.07815892994403839,-0.8554089069366455,-0.12131879478693008,0.05462656170129776,-0.7030904293060303,-0.12806454300880432,0.13537068665027618,-0.5675217509269714,-0.09139008074998856,0.1723061501979828,-0.7534266710281372,-0.11329025030136108,0.1473965048789978,-0.7403585314750671,-0.12228062748908997,0.12087559700012207,-0.6395848393440247,-0.1255880445241928
E,E_session_002,192,0.0,0.0,0.0,-0.11960626393556595,-0.1682681143283844,-0.037567876279354095,-0.1483115404844284,-0.42656877636909485,-0.061960067600011826,-0.06487497687339783,-0.5653415322303772,-0.0949833020567894,0.04404830560088158,-0.5350261926651001,-0.1234547421336174,-0.11381213366985321,-0.6685051918029785,-0.010178412310779095,-0.09594309329986572,-0.9431180357933044,-0.07789400219917297,-0.10529908537864685,-0.875711977481842,-0.13124358654022217,-0.10881348699331284,-0.7223724722862244,-0.1588864028453827,-0.024723822250962257,-0.6808180809020996,-0.02781992405653,0.01574845425784588,-1.0,-0.09387698024511337,-0.0023035805206745863,-0.904360294342041,-0.13925814628601074,-0.014334098435938358,-0.7351203560829163,-0.15671789646148682,0.0570325069129467,-0.6386398673057556,-0.05561878904700279,0.10525020956993103,-0.9274253845214844,-0.10127288848161697,0.07761692255735397,-0.8514969944953918,-0.12872746586799622,0.05446895956993103,-0.6950740218162537,-0.13713742792606354,0.1346692591905594,-0.5590723156929016,-0.08968368172645569,0.17343604564666748,-0.7457485795021057,-0.1156560555100441,0.15007133781909943,-0.7425543069839478,-0.13018816709518433,0.12330790609121323,-0.6443995237350464,-0.13658198714256287
E,E_session_002,193,0.0,0.0,0.0,-0.11777038127183914,-0.15653379261493683,-0.03850726783275604,-0.15596583485603333,-0.39457520842552185,-0.06841863691806793,-0.08054422587156296,-0.5469576120376587,-0.1073230654001236,0.029731465503573418,-0.5371720194816589,-0.14195367693901062,-0.11477703601121902,-0.6691056489944458,-0.013131524436175823,-0.10238318145275116,-0.9400002956390381,-0.08076586574316025,-0.11258193105459213,-0.8725300431251526,-0.1333129107952118,-0.11287947744131088,-0.7248848676681519,-0.16031917929649353,-0.0271772351115942,-0.6865246891975403,-0.03218233212828636,0.010391997173428535,-1.0,-0.09581012278795242,-0.012664258480072021,-0.9017242193222046,-0.13544948399066925,-0.025229886174201965,-0.7343759536743164,-0.14910049736499786,0.054054100066423416,-0.6459892392158508,-0.06148306652903557,0.1014627143740654,-0.9374035596847534,-0.10652361065149307,0.0669621005654335,-0.8509733080863953,-0.1257798671722412,0.042978063225746155,-0.6945059299468994,-0.12817427515983582,0.13192446529865265,-0.5619153380393982,-0.09728632867336273,0.1661103218793869,-0.7547548413276672,-0.12056280672550201,0.1385817527770996,-0.7400575876235962,-0.12648411095142365,0.11341037601232529,-0.6392852663993835,-0.1258409023284912
E,E_session_002,194,0.0,0.0,0.0,-0.12067198753356934,-0.16673238575458527,-0.03778567165136337,-0.15953028202056885,-0.4210861027240753,-0.06310517340898514,-0.0813877210021019,-0.5770941972732544,-0.09759800136089325,0.02977949008345604,-0.5539759397506714,-0.12796896696090698,-0.12151472270488739,-0.6647992134094238,-0.005412635859102011,-0.10974863916635513,-0.9228774905204773,-0.0694391280412674,-0.12230923026800156,-0.8758137226104736,-0.1213325560092926,-0.12340939044952393,-0.745901346206665,-0.14941252768039703,-0.03297004848718643,-0.6880422234535217,-0.02386120893061161,0.006928832735866308,-1.0,-0.08729642629623413,-0.017787178978323936,-0.9165714979171753,-0.13001416623592377,-0.03081677109003067,-0.7538059949874878,-0.14588379859924316,0.049534618854522705,-0.653143048286438,-0.05256619304418564,0.09883852303028107,-0.9375523328781128,-0.0965910479426384,0.065008245408535,-0.8655492067337036,-0.12078610807657242,0.042686156928539276,-0.711107075214386,-0.12676851451396942,0.12817713618278503,-0.5749191641807556,-0.08804130554199219,0.16459210216999054,-0.7654839158058167,-0.11090697348117828,0.13565179705619812,-0.7592907547950745,-0.12143776565790176,0.10984224826097488,-0.6570647358894348,-0.12487763911485672
E,E_session_002,195,0.0,0.0,0.0,-0.12128324806690216,-0.16412565112113953,-0.03571208193898201,-0.16158467531204224,-0.41709277033805847,-0.06061794236302376,-0.08628692477941513,-0.5733578205108643,-0.09510128945112228,0.024437259882688522,-0.5456520915031433,-0.12597018480300903,-0.11303321272134781,-0.6709160804748535,-0.008834870532155037,-0.10171811282634735,-0.932765543460846,-0.07522885501384735,-0.11753945797681808,-0.878795862197876,-0.1290978342294693,-0.1207394152879715,-0.7323441505432129,-0.15810628235340118,-0.02491876482963562,-0.6872445940971375,-0.02794301137328148,0.015012730844318867,-1.0,-0.09396294504404068,-0.0144584309309721,-0.9222970008850098,-0.1408461034297943,-0.02840585820376873,-0.75468510389328,-0.16026799380779266,0.05580945685505867,-0.6456573605537415,-0.056774262338876724,0.10580375790596008,-0.9317707419395447,-0.10070116817951202,0.06756038218736649,-0.8691556453704834,-0.1285867989063263,0.04217010736465454,-0.7139849662780762,-0.1382182389497757,0.13354992866516113,-0.5638195872306824,-0.09211833775043488,0.1708012819290161,-0.7537825107574463,-0.11677379161119461,0.14121735095977783,-0.758924663066864,-0.13203738629817963,0.11394697427749634,-0.661553144454956,-0.13920629024505615
E,E_session_002,196,0.0,0.0,0.0,-0.12347746640443802,-0.17076775431632996,-0.0359366200864315,-0.16241350769996643,-0.4366336166858673,-0.05770207196474075,-0.08138056844472885,-0.5993245840072632,-0.08888854086399078,0.03189524635672569,-0.5665680170059204,-0.11671079695224762,-0.1185634583234787,-0.6722046732902527,-0.0010061429347842932,-0.11029224097728729,-0.9180647134780884,-0.06239781156182289,-0.12285617738962173,-0.8935682773590088,-0.11467046290636063,-0.12368551641702652,-0.7740665674209595,-0.14423900842666626,-0.02996385656297207,-0.6962827444076538,-0.019523410126566887,0.009706812910735607,-1.0,-0.08247178047895432,-0.015535577200353146,-0.9373409152030945,-0.1292046159505844,-0.02989013120532036,-0.7746232151985168,-0.1486697643995285,0.05244957283139229,-0.6584406495094299,-0.047985177487134933,0.10264327377080917,-0.9364215135574341,-0.09085726737976074,0.06725864112377167,-0.8854650259017944,-0.11999735236167908,0.042032476514577866,-0.733070969581604,-0.1303035318851471,0.13113048672676086,-0.576629638671875,-0.08315276354551315,0.16930639743804932,-0.7639791965484619,-0.10751226544380188,0.14021529257297516,-0.7726578116416931,-0.12333618104457855,0.11181087046861649,-0.6720729470252991,-0.13087265193462372
E,E_session_002,197,0.0,0.0,0.0,-0.12349019944667816,-0.16496475040912628,-0.03419901430606842,-0.16245108842849731,-0.4285435378551483,-0.05687376484274864,-0.08372487127780914,-0.5942632555961609,-0.09007755666971207,0.028345750644803047,-0.5690960884094238,-0.11996471136808395,-0.11679260432720184,-0.671512246131897,0.0025785083416849375,-0.10781262069940567,-0.9176939725875854,-0.06040302291512489,-0.12528543174266815,-0.8818449378013611,-0.11345333606004715,-0.12863601744174957,-0.7550373673439026,-0.1429770141839981,-0.02919916622340679,-0.6932497620582581,-0.01755792275071144,0.009230609983205795,-1.0,-0.08234464377164841,-0.02079521305859089,-0.9299185872077942,-0.13010628521442413,-0.03432563692331314,-0.7676231265068054,-0.14952565729618073,0.05270562320947647,-0.6546682715415955,-0.04772395268082619,0.10102614015340805,-0.9362858533859253,-0.09161915630102158,0.06179814040660858,-0.8757815957069397,-0.11968700587749481,0.03702302649617195,-0.7231556177139282,-0.1285560578107834,0.13302017748355865,-0.574783980846405,-0.08437458425760269,0.1669078767299652,-0.7658874988555908,-0.10627129673957825,0.13636049628257751,-0.7700352668762207,-0.11919345706701279,0.10987544059753418,-0.6725168824195862,-0.12469474971294403
E,E_session_002,198,0.0,0.0,0.0,-0.12527120113372803,-0.1646069437265396,-0.03456772863864899,-0.16464032232761383,-0.43612292408943176,-0.055355388671159744,-0.08438771218061447,-0.6062057614326477,-0.08662118762731552,0.02774089202284813,-0.5743249654769897,-0.11455003172159195,-0.1198735311627388,-0.6727837920188904,0.004982450045645237,-0.11132027953863144,-0.9162379503250122,-0.05667679384350777,-0.12784402072429657,-0.8899219036102295,-0.10874917358160019,-0.1293250024318695,-0.7694676518440247,-0.13770171999931335,-0.03221244364976883,-0.6963676810264587,-0.014632394537329674,0.0059532481245696545,-1.0,-0.07968135178089142,-0.02478894591331482,-0.933844268321991,-0.12704762816429138,-0.03765971213579178,-0.7690161466598511,-0.14533178508281708,0.05013323202729225,-0.6599993705749512,-0.044579386711120605,0.09667477011680603,-0.9352138638496399,-0.08908242732286453,0.05673099681735039,-0.8802800178527832,-0.11841095983982086,0.03427213057875633,-0.727853536605835,-0.1273771971464157,0.13025231659412384,-0.5831684470176697,-0.08109981566667557,0.1625324785709381,-0.7746998071670532,-0.10324564576148987,0.13191093504428864,-0.7798653841018677,-0.11683837324380875,0.10797013342380524,-0.6782606244087219,-0.1224762573838234
E,E_session_002,199,0.0,0.0,0.0,-0.12746720016002655,-0.16408556699752808,-0.03647226095199585,-0.16743960976600647,-0.43682876229286194,-0.058705106377601624,-0.08674074709415436,-0.6089335680007935,-0.09155970066785812,0.023831060156226158,-0.5760006904602051,-0.12103836238384247,-0.11720188707113266,-0.6746059656143188,0.005317251197993755,-0.11041458696126938,-0.9239386916160583,-0.05896121263504028,-0.12800060212612152,-0.8965256214141846,-0.11432987451553345,-0.13005930185317993,-0.7650841474533081,-0.14489014446735382,-0.030072757974267006,-0.6958473324775696,-0.013470107689499855,0.004714236129075289,-1.0,-0.07880058884620667,-0.027062825858592987,-0.943630039691925,-0.13000065088272095,-0.03880677744746208,-0.7783328890800476,-0.15209083259105682,0.05133683234453201,-0.6572577953338623,-0.042972631752491,0.09698834270238876,-0.9370903372764587,-0.08710265904664993,0.0550103485584259,-0.8880062699317932,-0.11899078637361526,0.03198836371302605,-0.7326539754867554,-0.13062699139118195,0.13128836452960968,-0.5796560049057007,-0.0793953537940979,0.16144558787345886,-0.774404764175415,-0.10170853137969971,0.129255011677742,-0.7836017608642578,-0.11688657104969025,0.10457443445920944,-0.6805588006973267,-0.12397559732198715
E,E_session_002,200,0.0,0.0,0.0,-0.12863820791244507,-0.16134746372699738,-0.03678880259394646,-0.16802053153514862,-0.43328073620796204,-0.058497652411460876,-0.08728165179491043,-0.5988466143608093,-0.09057100862264633,0.023435406386852264,-0.5650793313980103,-0.1196133941411972,-0.11626658588647842,-0.6684235334396362,0.0036630318500101566,-0.10854749381542206,-0.913822591304779,-0.06018110737204552,-0.13144968450069427,-0.8922249674797058,-0.11350948363542557,-0.1335890144109726,-0.7716261148452759,-0.143098384141922,-0.02936720848083496,-0.6901928782463074,-0.015564169734716415,0.009624450467526913,-1.0,-0.08445421606302261,-0.02940872311592102,-0.9382312893867493,-0.1343711018562317,-0.04363314434885979,-0.7720239758491516,-0.1537194699048996,0.051568932831287384,-0.6526806354522705,-0.04543464630842209,0.10083271563053131,-0.9348011612892151,-0.0935540422797203,0.05257944390177727,-0.8799769282341003,-0.1259901523590088,0.02917427197098732,-0.7247652411460876,-0.1363571584224701,0.13178564608097076,-0.5743889212608337,-0.08192751556634903,0.16386617720127106,-0.7690283060073853,-0.10723088681697845,0.12703761458396912,-0.7742717862129211,-0.12365610897541046,0.10136593133211136,-0.6702626943588257,-0.131007120013237
E,E_session_002,201,0.0,0.0,0.0,-0.13147610425949097,-0.15570662915706635,-0.035080332309007645,-0.17252086102962494,-0.4300866425037384,-0.05462748929858208,-0.0901377946138382,-0.5962612628936768,-0.08514878153800964,0.023191696032881737,-0.5740438103675842,-0.11230646073818207,-0.11381889879703522,-0.6688661575317383,0.005530092399567366,-0.10716084390878677,-0.9252368807792664,-0.057894978672266006,-0.1308417171239853,-0.8846749663352966,-0.10892888158559799,-0.13309314846992493,-0.7495635151863098,-0.1358419805765152,-0.028377436101436615,-0.6898052096366882,-0.013163413852453232,0.00895917322486639,-1.0,-0.08005982637405396,-0.03358405828475952,-0.9244170784950256,-0.12442877888679504,-0.04878316447138786,-0.7512249946594238,-0.13920998573303223,0.051516566425561905,-0.6509970426559448,-0.042986709624528885,0.09939003735780716,-0.9385128021240234,-0.08929498493671417,0.04702785983681679,-0.8733457922935486,-0.11628872156143188,0.02260555513203144,-0.7149378061294556,-0.12285038828849792,0.13124927878379822,-0.572090744972229,-0.07953028380870819,0.16293378174304962,-0.767130970954895,-0.10371923446655273,0.12060176581144333,-0.7652489542961121,-0.11696619540452957,0.09143392741680145,-0.6601642966270447,-0.12165126949548721
E,E_session_002,202,0.0,0.0,0.0,-0.13096226751804352,-0.15904654562473297,-0.03480764105916023,-0.1770429015159607,-0.42470940947532654,-0.05677571892738342,-0.09513645619153976,-0.5821172595024109,-0.08916079998016357,0.02098095789551735,-0.5443975329399109,-0.11771849542856216,-0.11177799850702286,-0.6728134751319885,0.0003377644170541316,-0.10559099912643433,-0.9371764063835144,-0.06316829472780228,-0.13515743613243103,-0.8677524924278259,-0.1121223047375679,-0.13773755729198456,-0.7213196158409119,-0.13711966574192047,-0.027599705383181572,-0.6885635256767273,-0.018187040463089943,0.010083816945552826,-1.0,-0.08101710677146912,-0.03914108872413635,-0.9067955613136292,-0.11597868800163269,-0.055327728390693665,-0.7355175614356995,-0.1241278126835823,0.05233420431613922,-0.647972583770752,-0.04809926450252533,0.1034209281206131,-0.9356907606124878,-0.09219799935817719,0.04479624703526497,-0.8662492036819458,-0.1144154891371727,0.018667373806238174,-0.7104342579841614,-0.11746099591255188,0.13091450929641724,-0.5665053725242615,-0.08488680422306061,0.1670922189950943,-0.7590281963348389,-0.10625272989273071,0.11855883151292801,-0.7603411674499512,-0.11619715392589569,0.08685415983200073,-0.6622711420059204,-0.11837345361709595
E,E_session_002,203,0.0,0.0,0.0,-0.12974108755588531,-0.156999871134758,-0.034778445959091187,-0.1788819283246994,-0.41602572798728943,-0.057672012597322464,-0.09834150224924088,-0.5747197270393372,-0.09091097861528397,0.019071871414780617,-0.5399447083473206,-0.12033700197935104,-0.10907847434282303,-0.6695947051048279,-0.0036361173260957003,-0.10246510803699493,-0.9351643323898315,-0.0677686557173729,-0.1358194500207901,-0.8643537163734436,-0.11581040173768997,-0.13977448642253876,-0.7200409770011902,-0.14025995135307312,-0.02654406428337097,-0.6858641505241394,-0.022719088941812515,0.012536486610770226,-1.0,-0.08640097081661224,-0.040955621749162674,-0.90055251121521,-0.1182316318154335,-0.058164775371551514,-0.729533314704895,-0.12393002957105637,0.052552394568920135,-0.6449506878852844,-0.05308457463979721,0.10516000539064407,-0.93247389793396,-0.09853600710630417,0.042470309883356094,-0.8553853631019592,-0.11769959330558777,0.01582185924053192,-0.7000986933708191,-0.11834268271923065,0.13076750934123993,-0.5623983144760132,-0.09030276536941528,0.16984103620052338,-0.7600905895233154,-0.11213421821594238,0.11630120873451233,-0.7554084658622742,-0.11987487971782684,0.08175794035196304,-0.6543105244636536,-0.12032990157604218
E,E_session_002,204,0.0,0.0,0.0,-0.12961843609809875,-0.1514076590538025,-0.03633495047688484,-0.183223694562912,-0.4058777987957001,-0.06104141101241112,-0.10714167356491089,-0.567432701587677,-0.09524055570363998,0.011097757145762444,-0.5347958207130432,-0.12496685981750488,-0.11337491869926453,-0.6686455011367798,-0.009654690511524677,-0.10906193405389786,-0.9390705823898315,-0.07446479797363281,-0.1414496898651123,-0.863895058631897,-0.12197357416152954,-0.14403218030929565,-0.7184372544288635,-0.14620262384414673,-0.03021521121263504,-0.6841121912002563,-0.02768084965646267,0.006435171235352755,-1.0,-0.09135927259922028,-0.04623100534081459,-0.8985490202903748,-0.12122029066085815,-0.06277473270893097,-0.7286611199378967,-0.12600204348564148,0.049273304641246796,-0.6432577967643738,-0.05676349252462387,0.1023469865322113,-0.9345199465751648,-0.10220923274755478,0.03898714855313301,-0.8567327260971069,-0.11890857666730881,0.010434801690280437,-0.7019925117492676,-0.11812533438205719,0.12755341827869415,-0.5603800415992737,-0.09284885972738266,0.1686931550502777,-0.7551487684249878,-0.11572983860969543,0.11492076516151428,-0.7532375454902649,-0.12365708500146866,0.07861924916505814,-0.6564561128616333,-0.12406159937381744
E,E_session_002,205,0.0,0.0,0.0,-0.12850654125213623,-0.14534950256347656,-0.0360281839966774,-0.18308605253696442,-0.40066859126091003,-0.060617346316576004,-0.10937713086605072,-0.5647019743919373,-0.09451332688331604,0.006794503889977932,-0.5305430293083191,-0.12377341091632843,-0.11279559135437012,-0.6667882204055786,-0.011423518881201744,-0.10908273607492447,-0.9408218860626221,-0.07641193270683289,-0.1427781581878662,-0.8622254729270935,-0.1231917068362236,-0.14505437016487122,-0.7144893407821655,-0.14704529941082,-0.03045438975095749,-0.6815353035926819,-0.029493432492017746,0.0032334818970412016,-1.0,-0.09510347992181778,-0.05016673728823662,-0.8913726210594177,-0.12454690784215927,-0.06523454934358597,-0.7171967029571533,-0.128377303481102,0.04914756119251251,-0.6398724317550659,-0.05845055356621742,0.09909813106060028,-0.9345735311508179,-0.1054036021232605,0.03467487916350365,-0.8521429896354675,-0.12202266603708267,0.0060821534134447575,-0.69573575258255,-0.12085679173469543,0.12877218425273895,-0.5564350485801697,-0.0942206084728241,0.16936446726322174,-0.7523777484893799,-0.11855471879243851,0.1142570897936821,-0.7478922009468079,-0.12745647132396698,0.07694483548402786,-0.6513526439666748,-0.12846292555332184
E,E_session_002,206,0.0,0.0,0.0,-0.12510012090206146,-0.14950692653656006,-0.03439794480800629,-0.1824933886528015,-0.3980061411857605,-0.0596325509250164,-0.11546017974615097,-0.558951735496521,-0.09432683885097504,-0.00028187938733026385,-0.5279669165611267,-0.12402749806642532,-0.11359154433012009,-0.6660395860671997,-0.013815704733133316,-0.1132952868938446,-0.9422236084938049,-0.07925836741924286,-0.1451885849237442,-0.8561325073242188,-0.12561596930027008,-0.14637555181980133,-0.7038048505783081,-0.1488925665616989,-0.031073974445462227,-0.6808815002441406,-0.03277598321437836,0.001502463361248374,-1.0,-0.09757999330759048,-0.05062426999211311,-0.8867051005363464,-0.12475500255823135,-0.0654817745089531,-0.7126749157905579,-0.12744750082492828,0.04942512512207031,-0.6384677886962891,-0.06226557493209839,0.09858883917331696,-0.9365337491035461,-0.1088586151599884,0.03537354618310928,-0.8498750925064087,-0.12238441407680511,0.008020528592169285,-0.6927486658096313,-0.11921381950378418,0.12969642877578735,-0.5536963939666748,-0.09841001778841019,0.17375537753105164,-0.7517468333244324,-0.12303808331489563,0.11766795068979263,-0.746545135974884,-0.13032791018486023,0.0793379619717598,-0.6496588587760925,-0.12990021705627441
E,E_session_002,207,0.0,0.0,0.0,-0.12614375352859497,-0.1569993644952774,-0.03401004523038864,-0.17987550795078278,-0.4079422950744629,-0.05873306095600128,-0.10689596086740494,-0.5560334920883179,-0.093513123691082,0.00828879326581955,-0.525284469127655,-0.12399791181087494,-0.11098328977823257,-0.6667035818099976,-0.0096918735653162,-0.11058319360017776,-0.9379826188087463,-0.07556063681840897,-0.14672130346298218,-0.8627181053161621,-0.12374862283468246,-0.1495971530675888,-0.7191656827926636,-0.14844916760921478,-0.030534612014889717,-0.6826121807098389,-0.029076993465423584,-0.0019486293895170093,-1.0,-0.09518524259328842,-0.055822499096393585,-0.8898414969444275,-0.1255631297826767,-0.0686437338590622,-0.7168259620666504,-0.13003867864608765,0.049004122614860535,-0.6420859098434448,-0.059119440615177155,0.0965694710612297,-0.9453403949737549,-0.10632452368736267,0.03298530355095863,-0.8598865866661072,-0.1221730038523674,0.008115029893815517,-0.6986616253852844,-0.12029626220464706,0.12956573069095612,-0.5567923188209534,-0.09589420258998871,0.1735759824514389,-0.7555964589118958,-0.1204741895198822,0.11688150465488434,-0.752051591873169,-0.12856057286262512,0.0801520124077797,-0.6539996266365051,-0.1287175565958023
E,E_session_002,208,0.0,0.0,0.0,-0.12780454754829407,-0.15257933735847473,-0.03568532317876816,-0.18308940529823303,-0.4070306718349457,-0.06074776127934456,-0.11109767109155655,-0.5601193308830261,-0.09543401002883911,0.005466933362185955,-0.5206816792488098,-0.12545590102672577,-0.1149604544043541,-0.6749104261398315,-0.009467721916735172,-0.11304974555969238,-0.9431493282318115,-0.07509157061576843,-0.14820457994937897,-0.8759016990661621,-0.1236940398812294,-0.1510990709066391,-0.7310351133346558,-0.14882615208625793,-0.033558912575244904,-0.690425455570221,-0.028314540162682533,-0.005528631620109081,-1.0,-0.09213805943727493,-0.058620914816856384,-0.9045119285583496,-0.12258504331111908,-0.07148895412683487,-0.7357730269432068,-0.1281871199607849,0.04643905162811279,-0.6476572751998901,-0.058199185878038406,0.09251372516155243,-0.9416491985321045,-0.10382911562919617,0.028914380818605423,-0.8640751242637634,-0.11912544071674347,0.004094332922250032,-0.7074025869369507,-0.11770164221525192,0.12737435102462769,-0.56022047996521,-0.09513095021247864,0.16784344613552094,-0.7607476711273193,-0.11937510222196579,0.11260721832513809,-0.7562838792800903,-0.1266424059867859,0.07763795554637909,-0.6544017195701599,-0.12626875936985016
E,E_session_002,209,0.0,0.0,0.0,-0.12565508484840393,-0.15986479818820953,-0.033793456852436066,-0.17829816043376923,-0.4099448025226593,-0.06011664867401123,-0.10355651378631592,-0.552992045879364,-0.09638377279043198,0.01414142083376646,-0.5194770097732544,-0.12825879454612732,-0.10894505679607391,-0.6774200797080994,-0.012245289981365204,-0.10604329407215118,-0.946019172668457,-0.07979995012283325,-0.1449657678604126,-0.8645216822624207,-0.12886904180049896,-0.14840830862522125,-0.7124462127685547,-0.1537683606147766,-0.027091054245829582,-0.6873723268508911,-0.032358914613723755,0.0008120079874061048,-1.0,-0.09872063249349594,-0.05476367473602295,-0.8915038108825684,-0.1298256516456604,-0.06547251343727112,-0.7178485989570618,-0.13526195287704468,0.053076766431331635,-0.6420207619667053,-0.06315509229898453,0.10080142319202423,-0.9401059150695801,-0.1112428680062294,0.03483014181256294,-0.8603168725967407,-0.12867383658885956,0.010273455642163754,-0.7018471360206604,-0.1279459297657013,0.1333458423614502,-0.5537457466125488,-0.10039699077606201,0.17550179362297058,-0.7562246918678284,-0.12570148706436157,0.12117058038711548,-0.7553169131278992,-0.13407452404499054,0.0883646309375763,-0.6574957966804504,-0.13419200479984283
E,E_session_002,210,0.0,0.0,0.0,-0.12477894872426987,-0.162327840924263,-0.03289352357387543,-0.18011194467544556,-0.4046243727207184,-0.05926929786801338,-0.10933045297861099,-0.5520451664924622,-0.09558125585317612,0.005663014482706785,-0.5284083485603333,-0.12753698229789734,-0.1118059754371643,-0.6736922860145569,-0.0117111811414361,-0.11178265511989594,-0.9498180747032166,-0.07833271473646164,-0.14470358192920685,-0.8688015937805176,-0.1268734484910965,-0.14554236829280853,-0.7206233739852905,-0.15145403146743774,-0.028403978794813156,-0.6842195987701416,-0.031588148325681686,0.0014691336546093225,-1.0,-0.09591803699731827,-0.05197448655962944,-0.89121413230896,-0.12577934563159943,-0.06556567549705505,-0.7219898104667664,-0.13113035261631012,0.05230460688471794,-0.6407853960990906,-0.06193917989730835,0.10100609064102173,-0.9389446973800659,-0.10842826217412949,0.03545985370874405,-0.8555402755737305,-0.12350432574748993,0.007221054285764694,-0.6990243792533875,-0.12169390171766281,0.1321287453174591,-0.553787350654602,-0.09867765754461288,0.17475742101669312,-0.7583042979240417,-0.12258277833461761,0.12099607288837433,-0.7546408176422119,-0.12864336371421814,0.08548958599567413,-0.657997190952301,-0.127444326877594
E,E_session_002,211,0.0,0.0,0.0,-0.12637385725975037,-0.15980331599712372,-0.03410094231367111,-0.182681143283844,-0.4103137254714966,-0.06043016165494919,-0.11101513355970383,-0.5580933690071106,-0.09672661125659943,0.0068429866805672646,-0.5233153104782104,-0.12865647673606873,-0.11017730087041855,-0.6770070791244507,-0.013270745053887367,-0.10802765935659409,-0.9507986307144165,-0.08074796944856644,-0.1427345871925354,-0.8765538334846497,-0.12989956140518188,-0.1456102579832077,-0.7302542924880981,-0.1549713909626007,-0.027835192158818245,-0.6860513091087341,-0.03323780745267868,0.004093468189239502,-1.0,-0.09892178326845169,-0.05177322402596474,-0.8941619396209717,-0.1284364014863968,-0.06734749674797058,-0.7230340242385864,-0.13299399614334106,0.05243496969342232,-0.6401921510696411,-0.06389106065034866,0.1014011949300766,-0.9350287914276123,-0.11115127801895142,0.035009175539016724,-0.851581871509552,-0.12525418400764465,0.007360545918345451,-0.6921896934509277,-0.12212955951690674,0.1335025429725647,-0.5526126027107239,-0.10127618908882141,0.1767541766166687,-0.7608482837677002,-0.12594440579414368,0.12046661972999573,-0.7584840655326843,-0.13193202018737793,0.0835004672408104,-0.6589594483375549,-0.13017693161964417
E,E_session_002,212,0.0,0.0,0.0,-0.12334905564785004,-0.15504705905914307,-0.03324601799249649,-0.17881561815738678,-0.4069890081882477,-0.059594858437776566,-0.10597575455904007,-0.5560025572776794,-0.09567515552043915,0.01247145514935255,-0.5247049331665039,-0.12718623876571655,-0.10605829209089279,-0.674534022808075,-0.017603959888219833,-0.10503163933753967,-0.9525259733200073,-0.08487202972173691,-0.14077304303646088,-0.850112795829773,-0.1323123276233673,-0.14319270849227905,-0.6893594861030579,-0.15614581108093262,-0.023004472255706787,-0.6805358529090881,-0.03790493309497833,0.009417305700480938,-1.0,-0.1030067577958107,-0.04704742878675461,-0.8758464455604553,-0.13005219399929047,-0.061429329216480255,-0.7008923888206482,-0.13304288685321808,0.05744022876024246,-0.631836473941803,-0.06856434047222137,0.1065375953912735,-0.9327629804611206,-0.11586914956569672,0.03868767246603966,-0.8365120887756348,-0.12871664762496948,0.01109027024358511,-0.6762938499450684,-0.12521351873874664,0.1376650631427765,-0.543542206287384,-0.10554462671279907,0.18104992806911469,-0.7543343305587769,-0.13025683164596558,0.12476041167974472,-0.7399560809135437,-0.1354745626449585,0.09035458415746689,-0.636940062046051,-0.1336834579706192
E,E_session_002,213,0.0,0.0,0.0,-0.12022976577281952,-0.15822391211986542,-0.03342469036579132,-0.17447298765182495,-0.40960824489593506,-0.05911104008555412,-0.10135249048471451,-0.5570467114448547,-0.09453515708446503,0.015500616282224655,-0.5285910367965698,-0.12563195824623108,-0.10184615105390549,-0.6804814338684082,-0.01688918098807335,-0.10026251524686813,-0.958120584487915,-0.08418268710374832,-0.13552702963352203,-0.8734956979751587,-0.13230136036872864,-0.13953235745429993,-0.7191119194030762,-0.15651468932628632,-0.01846693828701973,-0.6862713098526001,-0.03662995621562004,0.013181803748011589,-1.0,-0.10070935636758804,-0.04117855429649353,-0.8839434385299683,-0.12745164334774017,-0.05658860132098198,-0.7110041975975037,-0.13085463643074036,0.062280695885419846,-0.6357078552246094,-0.0668000653386116,0.11069415509700775,-0.9344533681869507,-0.11327194422483444,0.046338584274053574,-0.8421080708503723,-0.12483036518096924,0.019118312746286392,-0.6809183359146118,-0.12098273634910583,0.14267498254776,-0.5444797873497009,-0.10348235815763474,0.1884191930294037,-0.753284215927124,-0.12864527106285095,0.13280415534973145,-0.7439940571784973,-0.13368645310401917,0.09581279009580612,-0.6419665813446045,-0.13180823624134064
E,E_session_002,214,0.0,0.0,0.0,-0.11931263655424118,-0.1537410467863083,-0.035796236246824265,-0.1752469390630722,-0.4061330258846283,-0.06274701654911041,-0.10203231871128082,-0.5606607794761658,-0.09856189787387848,0.016033897176384926,-0.530350387096405,-0.12913839519023895,-0.10264559090137482,-0.6778907179832458,-0.02121536061167717,-0.09806163609027863,-0.9615098834037781,-0.08801685273647308,-0.1359943002462387,-0.8593490123748779,-0.13527308404445648,-0.14223121106624603,-0.696525514125824,-0.15943732857704163,-0.018972082063555717,-0.6819133758544922,-0.03972668945789337,0.011695250868797302,-1.0,-0.10277543216943741,-0.04224567860364914,-0.8774757385253906,-0.12863072752952576,-0.05643593519926071,-0.7051495909690857,-0.1322007179260254,0.06151074171066284,-0.6306581497192383,-0.06868182867765427,0.11118154227733612,-0.9374744892120361,-0.11504033207893372,0.046657152473926544,-0.8421922326087952,-0.12628230452537537,0.018368395045399666,-0.6818705201148987,-0.12289950996637344,0.14129166305065155,-0.538825511932373,-0.10419929772615433,0.18670406937599182,-0.7498445510864258,-0.13071033358573914,0.1317109912633896,-0.7358329892158508,-0.13664798438549042,0.09539774060249329,-0.6325690746307373,-0.13571582734584808
E,E_session_002,215,0.0,0.0,0.0,-0.12007985264062881,-0.15249872207641602,-0.03536870330572128,-0.1750597357749939,-0.4107375741004944,-0.06174037232995033,-0.10037515312433243,-0.5649065971374512,-0.09772597998380661,0.01661342941224575,-0.5288655161857605,-0.12893328070640564,-0.10113313794136047,-0.6774544715881348,-0.01784086413681507,-0.0949505940079689,-0.9587297439575195,-0.08602184057235718,-0.13300003111362457,-0.8819152116775513,-0.134158656001091,-0.14022240042686462,-0.7250473499298096,-0.15842707455158234,-0.0179925374686718,-0.6831457614898682,-0.03690676391124725,0.013410182669758797,-1.0,-0.10219582170248032,-0.04034706950187683,-0.887847900390625,-0.12925264239311218,-0.054529353976249695,-0.7145214676856995,-0.13310053944587708,0.06190844625234604,-0.6327334046363831,-0.06674763560295105,0.11083642393350601,-0.9420070648193359,-0.11394501477479935,0.04729142412543297,-0.8479024171829224,-0.12310882657766342,0.02105126902461052,-0.6847624778747559,-0.11800383031368256,0.1423250436782837,-0.5417364239692688,-0.10346471518278122,0.18610073626041412,-0.755394458770752,-0.13057048618793488,0.12936490774154663,-0.7390477657318115,-0.1356074959039688,0.09267712384462357,-0.630486011505127,-0.13381315767765045
E,E_session_002,216,0.0,0.0,0.0,-0.11723830550909042,-0.15047569572925568,-0.037182971835136414,-0.17266803979873657,-0.39460790157318115,-0.06634335219860077,-0.09945347905158997,-0.5436152815818787,-0.10438807308673859,0.01726888120174408,-0.5215354561805725,-0.137513667345047,-0.10282695293426514,-0.6715198159217834,-0.024646801874041557,-0.09358531981706619,-0.9560484886169434,-0.09409156441688538,-0.13025470077991486,-0.8681982755661011,-0.14199486374855042,-0.13759951293468475,-0.7110340595245361,-0.16576600074768066,-0.018735265359282494,-0.6779550313949585,-0.04326428845524788,0.015030013397336006,-1.0,-0.10969115048646927,-0.03673077002167702,-0.8802082538604736,-0.13696616888046265,-0.05134778842329979,-0.707745373249054,-0.14083491265773773,0.06207873299717903,-0.6278749108314514,-0.07231686264276505,0.11233969032764435,-0.9401316046714783,-0.12170129269361496,0.050402842462062836,-0.8413612842559814,-0.13230375945568085,0.02302597090601921,-0.6801719069480896,-0.12758994102478027,0.14276160299777985,-0.5364233255386353,-0.10780969262123108,0.18635515868663788,-0.750607430934906,-0.13610288500785828,0.13127727806568146,-0.7362150549888611,-0.14137299358844757,0.0940714031457901,-0.6340222954750061,-0.13938330113887787
E,E_session_002,217,0.0,0.0,0.0,-0.11848977953195572,-0.15667390823364258,-0.03682536631822586,-0.1726464480161667,-0.4001728296279907,-0.06563877314329147,-0.09770803898572922,-0.5475541949272156,-0.10361030697822571,0.018743064254522324,-0.5259016752243042,-0.1370321661233902,-0.10490323603153229,-0.6706093549728394,-0.023611873388290405,-0.09809684753417969,-0.9536550045013428,-0.09262510389089584,-0.1349441111087799,-0.8581187725067139,-0.14194364845752716,-0.14366567134857178,-0.6968269944190979,-0.16730469465255737,-0.021410122513771057,-0.6771084070205688,-0.04255561903119087,0.006701732985675335,-1.0,-0.10759415477514267,-0.0425604023039341,-0.8807217478752136,-0.13755330443382263,-0.0552654005587101,-0.7089688777923584,-0.14457164704799652,0.05916634202003479,-0.6284505724906921,-0.07186373323202133,0.10744442045688629,-0.9431296586990356,-0.12026675045490265,0.04781036823987961,-0.8476735353469849,-0.1346077173948288,0.021050160750746727,-0.6844401955604553,-0.1334344446659088,0.13973946869373322,-0.5386760234832764,-0.10760651528835297,0.1829492300748825,-0.753324568271637,-0.13602174818515778,0.13034659624099731,-0.7444485425949097,-0.14423546195030212,0.09387122839689255,-0.6437215805053711,-0.1451014131307602
E,E_session_002,218,0.0,0.0,0.0,-0.1195904091000557,-0.1500535011291504,-0.0383121483027935,-0.177679643034935,-0.3865598738193512,-0.06862801313400269,-0.10592764616012573,-0.5366953611373901,-0.10732417553663254,0.007884684950113297,-0.5293081998825073,-0.1412024199962616,-0.11639212816953659,-0.6617493033409119,-0.030413979664444923,-0.11047186702489853,-0.9482924938201904,-0.09920843690633774,-0.14149153232574463,-0.8468768000602722,-0.14805342257022858,-0.14808668196201324,-0.6859295964241028,-0.17332185804843903,-0.03161664679646492,-0.6715678572654724,-0.048378657549619675,-0.006571487057954073,-1.0,-0.11055174469947815,-0.048516158014535904,-0.8807699680328369,-0.14004665613174438,-0.05893690511584282,-0.7126657962799072,-0.148387148976326,0.05099605768918991,-0.6267161965370178,-0.07623331248760223,0.09206534177064896,-0.9402634501457214,-0.12256962805986404,0.04064605012536049,-0.8419991135597229,-0.13679051399230957,0.0181687343865633,-0.6800707578659058,-0.13694210350513458,0.1332792192697525,-0.5405945777893066,-0.11053264886140823,0.1753809005022049,-0.7557957172393799,-0.13848547637462616,0.12798985838890076,-0.7468804121017456,-0.1472577303647995,0.0939403846859932,-0.6466454863548279,-0.1494072526693344
E,E_session_002,219,0.0,0.0,0.0,-0.12045975774526596,-0.15011394023895264,-0.0389544814825058,-0.17626787722110748,-0.384146124124527,-0.0697704404592514,-0.100798100233078,-0.5276838541030884,-0.10899865627288818,0.016116822138428688,-0.5226328372955322,-0.14369748532772064,-0.11813680827617645,-0.6628161072731018,-0.031033197417855263,-0.11733660101890564,-0.9459981918334961,-0.10260334610939026,-0.14648017287254333,-0.8433080911636353,-0.15353968739509583,-0.1506677120923996,-0.6763707399368286,-0.1792190670967102,-0.03157151862978935,-0.6746008396148682,-0.048797834664583206,-0.00626429682597518,-1.0,-0.11331450194120407,-0.04767467454075813,-0.8777896165847778,-0.14427486062049866,-0.058261722326278687,-0.7062080502510071,-0.15306739509105682,0.052104104310274124,-0.630116879940033,-0.07670280337333679,0.09263253211975098,-0.9431688189506531,-0.12544885277748108,0.04053417965769768,-0.8393609523773193,-0.1405612975358963,0.017250489443540573,-0.6731458902359009,-0.14053116738796234,0.1350281834602356,-0.5441272258758545,-0.11097598075866699,0.17677968740463257,-0.7580180168151855,-0.14104114472866058,0.12910118699073792,-0.7455457448959351,-0.1503601223230362,0.09463760256767273,-0.642684817314148,-0.15215499699115753
E,E_session_002,220,0.0,0.0,0.0,-0.11911019682884216,-0.1358502060174942,-0.04235328733921051,-0.17458520829677582,-0.3761955201625824,-0.07301526516675949,-0.09814432263374329,-0.5251543521881104,-0.11155509203672409,0.02151317521929741,-0.5244583487510681,-0.1449350267648697,-0.12061996012926102,-0.6621487736701965,-0.03235849365592003,-0.11960222572088242,-0.948799729347229,-0.1044079065322876,-0.1461319625377655,-0.841458261013031,-0.15513208508491516,-0.14951755106449127,-0.6680042147636414,-0.18053282797336578,-0.032570693641901016,-0.6768884062767029,-0.04859634116292,-0.009006386622786522,-1.0,-0.11414959281682968,-0.04853992536664009,-0.8747977018356323,-0.14601264894008636,-0.05845610797405243,-0.7018493413925171,-0.15527121722698212,0.05134356766939163,-0.6331781148910522,-0.0753684714436531,0.0897950753569603,-0.9475648999214172,-0.12557917833328247,0.039476364850997925,-0.8355787396430969,-0.14000137150287628,0.01812688261270523,-0.6662612557411194,-0.1391029953956604,0.13518524169921875,-0.5484505891799927,-0.10862094163894653,0.17072279751300812,-0.7661768794059753,-0.14038336277008057,0.12417089194059372,-0.745375394821167,-0.1492888629436493,0.09225472807884216,-0.6366341710090637,-0.1503213495016098
E,E_session_002,221,0.0,0.0,0.0,-0.1197805106639862,-0.1346561312675476,-0.04300975799560547,-0.17345163226127625,-0.37578660249710083,-0.0734371468424797,-0.09495178610086441,-0.5254231691360474,-0.11149229854345322,0.02396012470126152,-0.53218674659729,-0.14439934492111206,-0.12503544986248016,-0.6568267941474915,-0.03384917601943016,-0.12244193255901337,-0.9517301321029663,-0.10663513839244843,-0.14534227550029755,-0.8449468016624451,-0.15740400552749634,-0.14762866497039795,-0.6702117323875427,-0.18209289014339447,-0.03567695617675781,-0.6720017194747925,-0.04931989684700966,-0.012782061472535133,-1.0,-0.11444442719221115,-0.047940123826265335,-0.870154082775116,-0.14578965306282043,-0.05660015344619751,-0.6948109865188599,-0.15459595620632172,0.049324311316013336,-0.6323761940002441,-0.07540439814329147,0.08511720597743988,-0.9512880444526672,-0.12542575597763062,0.03884993493556976,-0.8387139439582825,-0.13992998003959656,0.020385852083563805,-0.6671315431594849,-0.13890182971954346,0.1333334594964981,-0.5539581775665283,-0.10790032893419266,0.16652953624725342,-0.7758556008338928,-0.13883186876773834,0.12314420193433762,-0.755331814289093,-0.14704221487045288,0.0942225381731987,-0.643996000289917,-0.14761672914028168
E,E_session_002,222,0.0,0.0,0.0,-0.11757583171129227,-0.14006945490837097,-0.04149012640118599,-0.16947044432163239,-0.3708662986755371,-0.07347536087036133,-0.09352840483188629,-0.5176448225975037,-0.11347343027591705,0.02294577658176422,-0.529229998588562,-0.14824311435222626,-0.12019471824169159,-0.6568336486816406,-0.03445332124829292,-0.1194540336728096,-0.9477070569992065,-0.1078176200389862,-0.14063341915607452,-0.8320693969726562,-0.15820075571537018,-0.1422155797481537,-0.6606995463371277,-0.18227583169937134,-0.031081361696124077,-0.6717528700828552,-0.05158804729580879,-0.005633661989122629,-1.0,-0.1163993626832962,-0.04131500795483589,-0.8653929829597473,-0.14489375054836273,-0.05233762413263321,-0.6950759887695312,-0.1512579470872879,0.05272578075528145,-0.6302105188369751,-0.07918302714824677,0.08959949016571045,-0.9434833526611328,-0.12920045852661133,0.04312054440379143,-0.8235754370689392,-0.1387893557548523,0.02312438376247883,-0.657543420791626,-0.13378717005252838,0.13522687554359436,-0.5487329959869385,-0.1131376400589943,0.16923534870147705,-0.7724526524543762,-0.14205151796340942,0.12480688840150833,-0.7440968155860901,-0.144764706492424,0.09372318536043167,-0.6335006952285767,-0.1410427838563919
E,E_session_002,223,0.0,0.0,0.0,-0.11870164424180984,-0.13838417828083038,-0.04423099011182785,-0.1675894856452942,-0.3752507269382477,-0.07564373314380646,-0.08589985221624374,-0.5146626234054565,-0.11400482803583145,0.031572457402944565,-0.5283899903297424,-0.14704784750938416,-0.11738546937704086,-0.6571769714355469,-0.03865257650613785,-0.1135716587305069,-0.9508787393569946,-0.11331148445606232,-0.13616536557674408,-0.8377885818481445,-0.1644057184457779,-0.13876977562904358,-0.6629471778869629,-0.1885998398065567,-0.02730991132557392,-0.6696292161941528,-0.053948476910591125,-9.904164471663535e-05,-1.0,-0.11930838972330093,-0.03715422749519348,-0.8638191223144531,-0.14868712425231934,-0.04915211349725723,-0.6907800436019897,-0.15596894919872284,0.05652156472206116,-0.626796543598175,-0.07991108298301697,0.09505768120288849,-0.9392860531806946,-0.1308164745569229,0.0477943979203701,-0.8227359652519226,-0.1434383988380432,0.02728174813091755,-0.6555845737457275,-0.14099660515785217,0.13894838094711304,-0.5446945428848267,-0.11222498118877411,0.17466744780540466,-0.7680922150611877,-0.14296738803386688,0.1291772872209549,-0.7407898306846619,-0.14849627017974854,0.09611569344997406,-0.6275555491447449,-0.1472322791814804
E,E_session_002,224,0.0,0.0,0.0,-0.11723221838474274,-0.1374751627445221,-0.04698878154158592,-0.1667778193950653,-0.36599481105804443,-0.08242566138505936,-0.08820872753858566,-0.5083305835723877,-0.12445031851530075,0.029579928144812584,-0.5263733863830566,-0.160686656832695,-0.11784834414720535,-0.654661238193512,-0.04356445372104645,-0.11172261089086533,-0.9528540372848511,-0.12031064182519913,-0.13315126299858093,-0.8388979434967041,-0.1727113425731659,-0.1368602216243744,-0.6653932929039001,-0.19776473939418793,-0.02709876000881195,-0.6663123369216919,-0.058660708367824554,0.00212164712138474,-1.0,-0.12555336952209473,-0.0338251031935215,-0.8635547757148743,-0.15540377795696259,-0.04666613042354584,-0.6927444338798523,-0.16325587034225464,0.057405486702919006,-0.6231669187545776,-0.08443809300661087,0.09706893563270569,-0.9364709258079529,-0.13637982308864594,0.05038682743906975,-0.817771315574646,-0.1477176696062088,0.029678620398044586,-0.6509088277816772,-0.14437006413936615,0.14052358269691467,-0.5409276485443115,-0.1168050467967987,0.17678073048591614,-0.7664087414741516,-0.14718708395957947,0.13096241652965546,-0.73975670337677,-0.15132062137126923,0.09673573076725006,-0.628014087677002,-0.14911743998527527
E,E_session_002,225,0.0,0.0,0.0,-0.11828795820474625,-0.1315806359052658,-0.0494210459291935,-0.16882678866386414,-0.3651673495769501,-0.08471273630857468,-0.08872116357088089,-0.5061712265014648,-0.12604427337646484,0.031047116965055466,-0.518485426902771,-0.16189107298851013,-0.11728210747241974,-0.654657244682312,-0.0470837764441967,-0.1096726581454277,-0.9508635401725769,-0.12506191432476044,-0.1329927146434784,-0.8399772047996521,-0.17870570719242096,-0.13700196146965027,-0.6645776629447937,-0.20480510592460632,-0.02595950849354267,-0.6658617258071899,-0.06148293614387512,0.005527359899133444,-1.0,-0.13040760159492493,-0.03247997164726257,-0.867232620716095,-0.16313078999519348,-0.04573628306388855,-0.6947804689407349,-0.173052117228508,0.05839177221059799,-0.6214525103569031,-0.08667495846748352,0.099192775785923,-0.9315560460090637,-0.1402541548013687,0.05115240439772606,-0.8175155520439148,-0.1557002067565918,0.03043118119239807,-0.6501846313476562,-0.15540625154972076,0.14171311259269714,-0.5386601686477661,-0.11850705742835999,0.17933547496795654,-0.7659764885902405,-0.15114697813987732,0.13411074876785278,-0.7417954802513123,-0.1589297354221344,0.10045464336872101,-0.62833571434021,-0.15970724821090698
E,E_session_002,226,0.0,0.0,0.0,-0.11764370650053024,-0.13130803406238556,-0.047249145805835724,-0.16787074506282806,-0.36661240458488464,-0.0813765674829483,-0.08698345720767975,-0.5103541016578674,-0.12203489243984222,0.03234218433499336,-0.5205225944519043,-0.15692564845085144,-0.11680355668067932,-0.6578633785247803,-0.04432252049446106,-0.11017736792564392,-0.9533914923667908,-0.12144991010427475,-0.1313122659921646,-0.8385863900184631,-0.17373603582382202,-0.13415415585041046,-0.6626773476600647,-0.1986958235502243,-0.02515793964266777,-0.6692990660667419,-0.05945143476128578,0.006799404975026846,-1.0,-0.12709401547908783,-0.0306039210408926,-0.8636990785598755,-0.1558787077665329,-0.044298410415649414,-0.6921120882034302,-0.16258029639720917,0.059527549892663956,-0.6234754323959351,-0.08550014346837997,0.10015878081321716,-0.9318259954452515,-0.13751934468746185,0.05247197672724724,-0.809479832649231,-0.1470165252685547,0.0318654365837574,-0.6432927250862122,-0.14236792922019958,0.14262230694293976,-0.5395075082778931,-0.11834855377674103,0.18016326427459717,-0.7649731040000916,-0.14952631294727325,0.13325297832489014,-0.7346882820129395,-0.15356551110744476,0.09913670271635056,-0.6219238042831421,-0.15120217204093933
E,E_session_002,227,0.0,0.0,0.0,-0.11848350614309311,-0.13007773458957672,-0.04970292001962662,-0.16931752860546112,-0.36570578813552856,-0.08484164625406265,-0.08720064908266068,-0.5086172223091125,-0.12613730132579803,0.03469168767333031,-0.5160969495773315,-0.16159789264202118,-0.11736239492893219,-0.6565645933151245,-0.0463586263358593,-0.10899215191602707,-0.9518972039222717,-0.12447557598352432,-0.13183897733688354,-0.8396174311637878,-0.17835533618927002,-0.13653066754341125,-0.6630557179450989,-0.20484182238578796,-0.025635572150349617,-0.6694192886352539,-0.060715511441230774,0.007695222273468971,-1.0,-0.12997692823410034,-0.03065616451203823,-0.8677653670310974,-0.1617710143327713,-0.04539091885089874,-0.6959146857261658,-0.1709287017583847,0.058815471827983856,-0.6248747706413269,-0.08612081408500671,0.10040829330682755,-0.9320166707038879,-0.1391410380601883,0.05265584960579872,-0.8158495426177979,-0.15225975215435028,0.03130030259490013,-0.6492874026298523,-0.1504087746143341,0.14187143743038177,-0.5417546629905701,-0.11851004511117935,0.17998138070106506,-0.7668765783309937,-0.1512048840522766,0.1343134343624115,-0.7430699467658997,-0.1584666669368744,0.10001690685749054,-0.6324290037155151,-0.158707395195961
E,E_session_002,228,0.0,0.0,0.0,-0.11929009109735489,-0.12335412949323654,-0.05032012611627579,-0.17079384624958038,-0.356222540140152,-0.08449964225292206,-0.09238158911466599,-0.5008057951927185,-0.12392071634531021,0.027579694986343384,-0.5068255066871643,-0.15702404081821442,-0.12406880408525467,-0.6507741808891296,-0.04866647347807884,-0.11427220702171326,-0.95045405626297,-0.12564145028591156,-0.13318003714084625,-0.8381996750831604,-0.1774609088897705,-0.1359747052192688,-0.6632519960403442,-0.20259173214435577,-0.030560364946722984,-0.6640118360519409,-0.06220976635813713,0.0036575349513441324,-1.0,-0.1310400813817978,-0.03088390827178955,-0.8640074729919434,-0.16136373579502106,-0.04474004730582237,-0.6944190263748169,-0.1694231629371643,0.054800160229206085,-0.6203768849372864,-0.0865781381726265,0.09606559574604034,-0.9274588227272034,-0.13911783695220947,0.05130687728524208,-0.8133625388145447,-0.15176238119602203,0.03068089485168457,-0.6527196764945984,-0.14991526305675507,0.13767443597316742,-0.538545548915863,-0.11783448606729507,0.17787304520606995,-0.7642126083374023,-0.15024368464946747,0.13506244122982025,-0.739982008934021,-0.15761156380176544,0.10132171213626862,-0.6298015117645264,-0.15832068026065826
E,E_session_002,229,0.0,0.0,0.0,-0.12245523184537888,-0.12260877341032028,-0.050600819289684296,-0.17499873042106628,-0.3672071695327759,-0.08306977152824402,-0.09322282671928406,-0.5054464340209961,-0.12077111750841141,0.027198689058423042,-0.5026741027832031,-0.15225575864315033,-0.12355893105268478,-0.6553256511688232,-0.049134157598018646,-0.11641474068164825,-0.9514012932777405,-0.1259712129831314,-0.1358550637960434,-0.8304107785224915,-0.17801563441753387,-0.13712699711322784,-0.650571346282959,-0.20335303246974945,-0.029553232714533806,-0.6670287251472473,-0.06237836554646492,0.002625137334689498,-1.0,-0.1303359717130661,-0.03260535001754761,-0.8599660396575928,-0.16074050962924957,-0.04526069760322571,-0.6879525780677795,-0.16926832497119904,0.055307019501924515,-0.6223805546760559,-0.086685411632061,0.09495940804481506,-0.9298205375671387,-0.13826675713062286,0.050059348344802856,-0.8122584819793701,-0.151271790266037,0.030036604031920433,-0.6482707858085632,-0.15010395646095276,0.137515589594841,-0.5403470396995544,-0.11809170246124268,0.1798068732023239,-0.7692363262176514,-0.14999733865261078,0.13694976270198822,-0.7439860701560974,-0.1578301042318344,0.10265332460403442,-0.6299201846122742,-0.15929703414440155
E,E_session_002,230,0.0,0.0,0.0,-0.12244847416877747,-0.1294301152229309,-0.04513494670391083,-0.17982669174671173,-0.37360790371894836,-0.07501593232154846,-0.10321330279111862,-0.5129075050354004,-0.11107099056243896,0.014884816482663155,-0.5023996233940125,-0.14095430076122284,-0.12826326489448547,-0.6611993908882141,-0.03986314311623573,-0.12030286341905594,-0.9519273042678833,-0.11387797445058823,-0.14317326247692108,-0.8363470435142517,-0.16398364305496216,-0.14593257009983063,-0.6620119214057922,-0.1879594475030899,-0.03471564128994942,-0.6723219156265259,-0.05410611256957054,-0.004488102626055479,-1.0,-0.11939548701047897,-0.04086223244667053,-0.8615640997886658,-0.14615286886692047,-0.051538724452257156,-0.6937627792358398,-0.15140052139759064,0.05106514319777489,-0.6284388899803162,-0.07922323793172836,0.0875188335776329,-0.9297553896903992,-0.12848898768424988,0.04120708629488945,-0.8145950436592102,-0.1377543807029724,0.021971682086586952,-0.6559726595878601,-0.13351751863956451,0.13352729380130768,-0.546958327293396,-0.11115489155054092,0.17445816099643707,-0.7720603346824646,-0.1401849240064621,0.1303974688053131,-0.7489728331565857,-0.14493820071220398,0.09799487888813019,-0.6437718868255615,-0.14381906390190125
E,E_session_002,231,0.0,0.0,0.0,-0.12326938658952713,-0.1297677755355835,-0.041207000613212585,-0.18527533113956451,-0.3648339509963989,-0.07071186602115631,-0.11399785429239273,-0.5038042664527893,-0.10712016373872757,0.00041223361040465534,-0.5053130388259888,-0.13715533912181854,-0.13096024096012115,-0.6644681692123413,-0.03702252358198166,-0.1266900897026062,-0.9611953496932983,-0.10899452865123749,-0.15267883241176605,-0.8414309024810791,-0.15667465329170227,-0.15251609683036804,-0.6652066111564636,-0.17878374457359314,-0.040231116116046906,-0.6718924641609192,-0.05230480059981346,-0.016763124614953995,-1.0,-0.11512433737516403,-0.051711879670619965,-0.8588723540306091,-0.13896119594573975,-0.05612001568078995,-0.6893454194068909,-0.14242494106292725,0.04492625221610069,-0.6289920210838318,-0.07825496792793274,0.07284107804298401,-0.9355762004852295,-0.12404981255531311,0.027949437499046326,-0.8206246495246887,-0.1292577087879181,0.01281818188726902,-0.6642905473709106,-0.12326418608427048,0.12876999378204346,-0.5490235090255737,-0.11099592596292496,0.1675548106431961,-0.7824727296829224,-0.13727200031280518,0.12077362835407257,-0.7514755129814148,-0.13848692178726196,0.08797930181026459,-0.6372602581977844,-0.13526025414466858
E,E_session_002,232,0.0,0.0,0.0,-0.12529149651527405,-0.12989109754562378,-0.04318665713071823,-0.1912560611963272,-0.361091673374176,-0.0758797824382782,-0.12217028439044952,-0.5025526881217957,-0.11626875400543213,-0.007518100552260876,-0.5043742060661316,-0.15140952169895172,-0.13146552443504333,-0.6587245464324951,-0.03771066293120384,-0.13273805379867554,-0.9539430737495422,-0.11169376224279404,-0.16060316562652588,-0.8330267667770386,-0.16277268528938293,-0.16101877391338348,-0.6591336131095886,-0.1878054440021515,-0.04289548471570015,-0.6676497459411621,-0.05415891110897064,-0.023584600538015366,-1.0,-0.11956896632909775,-0.06339161843061447,-0.8630785346031189,-0.14949358999729156,-0.06959135085344315,-0.6930978298187256,-0.1575099527835846,0.0415150448679924,-0.6251221299171448,-0.08137878775596619,0.07365047186613083,-0.9411860704421997,-0.12946617603302002,0.021874871104955673,-0.8312269449234009,-0.1425902098417282,0.002121459925547242,-0.6686456203460693,-0.14196844398975372,0.12590181827545166,-0.544884204864502,-0.1153910905122757,0.16342733800411224,-0.7756054997444153,-0.14310942590236664,0.11197059601545334,-0.7507354021072388,-0.1495467871427536,0.07651682943105698,-0.6401464343070984,-0.15033012628555298
E,E_session_002,233,0.0,0.0,0.0,-0.13005535304546356,-0.1363248974084854,-0.038142524659633636,-0.1956084817647934,-0.3643730878829956,-0.06817676872015,-0.12807288765907288,-0.5076972246170044,-0.106969453394413,-0.016651012003421783,-0.5023866295814514,-0.14123034477233887,-0.1348830610513687,-0.6578437685966492,-0.029983537271618843,-0.1316319704055786,-0.9524598121643066,-0.10219669342041016,-0.16356995701789856,-0.844501256942749,-0.15187309682369232,-0.166907399892807,-0.675174355506897,-0.17588867247104645,-0.047343604266643524,-0.667532742023468,-0.04838332533836365,-0.02441571280360222,-1.0,-0.11484838277101517,-0.06828732788562775,-0.8666069507598877,-0.14425939321517944,-0.07630888372659683,-0.6936187744140625,-0.1504308134317398,0.03711502254009247,-0.6269001960754395,-0.07727998495101929,0.07156361639499664,-0.9353453516960144,-0.12625890970230103,0.01530727744102478,-0.8272396326065063,-0.13958291709423065,-0.006147960666567087,-0.6651453971862793,-0.1377192884683609,0.12202107161283493,-0.5485303401947021,-0.11248678714036942,0.15799246728420258,-0.7742874026298523,-0.13954007625579834,0.10313098877668381,-0.7493758201599121,-0.1451217085123062,0.06711556762456894,-0.6401267051696777,-0.14454235136508942
E,E_session_002,234,0.0,0.0,0.0,-0.13231639564037323,-0.13531416654586792,-0.03796840459108353,-0.20052461326122284,-0.3711640536785126,-0.06677209585905075,-0.12923984229564667,-0.5141515135765076,-0.10419877618551254,-0.010688653215765953,-0.4970540404319763,-0.13671031594276428,-0.13439834117889404,-0.6714653968811035,-0.025423293933272362,-0.13633739948272705,-0.951078474521637,-0.09719454497098923,-0.17224548757076263,-0.8388724327087402,-0.1466933935880661,-0.17404703795909882,-0.6707074046134949,-0.17113344371318817,-0.04876898229122162,-0.6810265779495239,-0.04327419027686119,-0.0287491362541914,-1.0,-0.11051087826490402,-0.07695145159959793,-0.8628082275390625,-0.13841000199317932,-0.0839826911687851,-0.689486026763916,-0.1428455412387848,0.03411952033638954,-0.6382580399513245,-0.07217507064342499,0.06935696303844452,-0.9379758238792419,-0.12192656844854355,0.008679376915097237,-0.8275943398475647,-0.1346772015094757,-0.014130014926195145,-0.6657307147979736,-0.1318218857049942,0.11795125156641006,-0.5570812821388245,-0.10759145766496658,0.15253517031669617,-0.7742604613304138,-0.1363179087638855,0.0949096605181694,-0.7469501495361328,-0.14326384663581848,0.05882539227604866,-0.639065682888031,-0.14299049973487854
E,E_session_002,235,0.0,0.0,0.0,-0.13317516446113586,-0.12394383549690247,-0.038995347917079926,-0.1985335350036621,-0.37491363286972046,-0.06488911062479019,-0.12443464249372482,-0.5173157453536987,-0.09904937446117401,-0.007005919236689806,-0.4956711232662201,-0.12842202186584473,-0.13448381423950195,-0.6638649106025696,-0.02515639178454876,-0.13751515746116638,-0.9482952952384949,-0.09640909731388092,-0.17485326528549194,-0.8361246585845947,-0.14483338594436646,-0.17485958337783813,-0.6627588868141174,-0.16821487247943878,-0.051006611436605453,-0.6754360795021057,-0.042015884071588516,-0.031186716631054878,-1.0,-0.1095440685749054,-0.08128897845745087,-0.8631078004837036,-0.13751816749572754,-0.0880485251545906,-0.6868767738342285,-0.14154057204723358,0.030084099620580673,-0.6340937614440918,-0.07021836191415787,0.06399966031312943,-0.9378028512001038,-0.12109275162220001,0.00301603926345706,-0.8269148468971252,-0.13606669008731842,-0.01700066588819027,-0.6632130146026611,-0.13465248048305511,0.11165322363376617,-0.5566880106925964,-0.10489843040704727,0.14602169394493103,-0.7748453617095947,-0.13568392395973206,0.08922305703163147,-0.7452464699745178,-0.14514151215553284,0.05648835375905037,-0.6336479187011719,-0.14683981239795685
E,E_session_002,236,0.0,0.0,0.0,-0.13344599306583405,-0.1264844685792923,-0.03726589307188988,-0.1993878334760666,-0.37683308124542236,-0.061614856123924255,-0.12701965868473053,-0.5281721353530884,-0.09431393444538116,-0.006412801332771778,-0.5076748728752136,-0.12174895405769348,-0.1368209272623062,-0.6581407785415649,-0.023495638743042946,-0.1414063572883606,-0.9417101144790649,-0.092583067715168,-0.18145851790905,-0.8318861722946167,-0.13862383365631104,-0.18168587982654572,-0.6623956561088562,-0.16093210875988007,-0.055209383368492126,-0.6718603372573853,-0.04108862951397896,-0.03433763608336449,-1.0,-0.10790941119194031,-0.08679401874542236,-0.8646005392074585,-0.1324329674243927,-0.09358688443899155,-0.6897720098495483,-0.133579283952713,0.025233445689082146,-0.6314554214477539,-0.06967099756002426,0.0583849772810936,-0.9369333982467651,-0.11882883310317993,-0.002470792504027486,-0.8242801427841187,-0.12873969972133636,-0.019701344892382622,-0.6621218919754028,-0.12371469289064407,0.10689403116703033,-0.5547869205474854,-0.10496942698955536,0.13876377046108246,-0.7732446193695068,-0.13394740223884583,0.08001130074262619,-0.7399846315383911,-0.13998492062091827,0.04913219064474106,-0.6250861287117004,-0.13899466395378113
E,E_session_002,237,0.0,0.0,0.0,-0.13413193821907043,-0.12981121242046356,-0.03339676931500435,-0.19949780404567719,-0.3777487874031067,-0.05619094893336296,-0.1288076490163803,-0.532972514629364,-0.08863403648138046,-0.011507711373269558,-0.5154157280921936,-0.11682865023612976,-0.13523757457733154,-0.6495881080627441,-0.017270628362894058,-0.14229312539100647,-0.9324628114700317,-0.08578179776668549,-0.18195447325706482,-0.8309848308563232,-0.13256271183490753,-0.18260730803012848,-0.6667765974998474,-0.155388742685318,-0.055614225566387177,-0.6683735251426697,-0.03708675876259804,-0.0356263630092144,-1.0,-0.10443174093961716,-0.09029936790466309,-0.8676378726959229,-0.1299995332956314,-0.09901878982782364,-0.6913273334503174,-0.1311195343732834,0.023724589496850967,-0.6317096948623657,-0.06774190813302994,0.05550830811262131,-0.9360741376876831,-0.11694522202014923,-0.006818688940256834,-0.823418915271759,-0.12758110463619232,-0.023951830342411995,-0.6607263088226318,-0.12227743119001389,0.10513698309659958,-0.5575408339500427,-0.10492809116840363,0.13489502668380737,-0.772254228591919,-0.13238200545310974,0.0764094665646553,-0.7442715764045715,-0.13797414302825928,0.04709652066230774,-0.6360284686088562,-0.13648621737957
E,E_session_002,238,0.0,0.0,0.0,-0.13211335241794586,-0.12770529091358185,-0.03691833093762398,-0.200655996799469,-0.37078970670700073,-0.06214548274874687,-0.134152352809906,-0.5335445404052734,-0.09608636051416397,-0.014795368537306786,-0.5208552479743958,-0.12535668909549713,-0.13682760298252106,-0.6521198153495789,-0.021805740892887115,-0.14335548877716064,-0.9315097332000732,-0.0900459960103035,-0.18188083171844482,-0.8299939036369324,-0.137001633644104,-0.18208132684230804,-0.6667563915252686,-0.16009138524532318,-0.055718716233968735,-0.6711388826370239,-0.04001552239060402,-0.03374691307544708,-1.0,-0.10587301105260849,-0.08787274360656738,-0.8714213967323303,-0.13108369708061218,-0.09712968021631241,-0.6964381337165833,-0.13268744945526123,0.024042654782533646,-0.6346023678779602,-0.06901700794696808,0.05938583239912987,-0.9382903575897217,-0.11721885204315186,-0.0032740801107138395,-0.832582414150238,-0.12874969840049744,-0.021564293652772903,-0.671117901802063,-0.12446688115596771,0.10518869012594223,-0.5600525140762329,-0.10474022477865219,0.13713088631629944,-0.7777842879295349,-0.1309007704257965,0.07956401258707047,-0.7544098496437073,-0.13636457920074463,0.049934908747673035,-0.6460927724838257,-0.1349819153547287
E,E_session_002,239,0.0,0.0,0.0,-0.13015216588974,-0.13066987693309784,-0.03650011494755745,-0.19879962503910065,-0.36938053369522095,-0.06333030760288239,-0.13568387925624847,-0.5324290990829468,-0.09925024956464767,-0.016320345923304558,-0.5182073712348938,-0.1303989291191101,-0.13385935127735138,-0.6526051759719849,-0.02056889608502388,-0.1402083933353424,-0.9258182048797607,-0.08873402327299118,-0.1794663965702057,-0.8214645385742188,-0.13623686134815216,-0.17976167798042297,-0.6621631979942322,-0.16023503243923187,-0.0540594719350338,-0.671500027179718,-0.04001723974943161,-0.029704278334975243,-1.0,-0.1062135174870491,-0.08613782376050949,-0.8716018795967102,-0.1318805068731308,-0.0968565046787262,-0.6971184015274048,-0.1337219923734665,0.025462016463279724,-0.6341257095336914,-0.07017960399389267,0.06363537907600403,-0.9344097971916199,-0.11821824312210083,-0.0009570118854753673,-0.8290858268737793,-0.12983837723731995,-0.020989850163459778,-0.6693450212478638,-0.1255788803100586,0.10704444348812103,-0.5573604106903076,-0.10717540979385376,0.14122210443019867,-0.7715093493461609,-0.13183759152889252,0.08247647434473038,-0.7478750348091125,-0.13639669120311737,0.050928857177495956,-0.6406042575836182,-0.1345476508140564
E,E_session_002,240,0.0,0.0,0.0,-0.13216052949428558,-0.13364502787590027,-0.03511442244052887,-0.1997545063495636,-0.37442532181739807,-0.06017578765749931,-0.13470719754695892,-0.5367375612258911,-0.09486447274684906,-0.016727058216929436,-0.5238144397735596,-0.12485022097826004,-0.13352718949317932,-0.6533575654029846,-0.016505872830748558,-0.14108847081661224,-0.932033121585846,-0.08363836258649826,-0.17997927963733673,-0.8283349871635437,-0.13101066648960114,-0.18021132051944733,-0.6668734550476074,-0.15478862822055817,-0.05463005229830742,-0.6708415746688843,-0.03606264293193817,-0.032269760966300964,-1.0,-0.10125989466905594,-0.08755609393119812,-0.8751384019851685,-0.12840959429740906,-0.09677837044000626,-0.7013846635818481,-0.13145650923252106,0.024598855525255203,-0.6344114542007446,-0.06634747236967087,0.06090894341468811,-0.9376769661903381,-0.11334219574928284,-0.0026664293836802244,-0.8377063870429993,-0.12663492560386658,-0.02161780558526516,-0.6776910424232483,-0.12378952652215958,0.10602745413780212,-0.5594670176506042,-0.10334146022796631,0.137607604265213,-0.7751950025558472,-0.12704448401927948,0.0796806737780571,-0.752540111541748,-0.13192471861839294,0.04945727810263634,-0.6430327892303467,-0.1304742842912674
E,E_session_002,241,0.0,0.0,0.0,-0.13246692717075348,-0.1433192938566208,-0.03477328643202782,-0.19927121698856354,-0.37966158986091614,-0.060467325150966644,-0.13686344027519226,-0.546093225479126,-0.09643323719501495,-0.020207377150654793,-0.5327638983726501,-0.12828169763088226,-0.13714441657066345,-0.6553002595901489,-0.008790898136794567,-0.1420995146036148,-0.9211923480033875,-0.07447128742933273,-0.17539161443710327,-0.8399075269699097,-0.12303768843412399,-0.17489807307720184,-0.6940395832061768,-0.14800256490707397,-0.058426182717084885,-0.6809203624725342,-0.02872243896126747,-0.03635624796152115,-1.0,-0.09243487566709518,-0.08579527586698532,-0.8868608474731445,-0.12156575173139572,-0.09479431807994843,-0.7143231630325317,-0.12610900402069092,0.022181065753102303,-0.6486144065856934,-0.05968578904867172,0.05756866931915283,-0.9432730674743652,-0.10600484162569046,-0.0008827488636597991,-0.8478639125823975,-0.12119925767183304,-0.018866512924432755,-0.6862035393714905,-0.11933340132236481,0.10577917844057083,-0.5731672644615173,-0.09749988466501236,0.13943283259868622,-0.7846523523330688,-0.12043170630931854,0.08455899357795715,-0.7663617730140686,-0.12591080367565155,0.05325101315975189,-0.6565232276916504,-0.1247275173664093
E,E_session_002,242,0.0,0.0,0.0,-0.13405859470367432,-0.13927431404590607,-0.03401126340031624,-0.19894015789031982,-0.3803848326206207,-0.05814403295516968,-0.13402915000915527,-0.5486934781074524,-0.092322438955307,-0.016961870715022087,-0.5344783067703247,-0.12270605564117432,-0.13645026087760925,-0.6499539613723755,-0.009532911702990532,-0.14317363500595093,-0.9197981953620911,-0.0751870721578598,-0.17690758407115936,-0.8431934714317322,-0.12315579503774643,-0.17648492753505707,-0.6969183683395386,-0.14734050631523132,-0.05640355125069618,-0.675048828125,-0.029323233291506767,-0.03248519077897072,-1.0,-0.0932786762714386,-0.0838085487484932,-0.8913275003433228,-0.12297645956277847,-0.09410811960697174,-0.7195867300033569,-0.1276194155216217,0.02376749739050865,-0.6421891450881958,-0.05983683094382286,0.060428187251091,-0.9395573139190674,-0.10575494170188904,0.0006129419198259711,-0.8487231731414795,-0.12181315571069717,-0.018415266647934914,-0.6897506713867188,-0.12061107158660889,0.10561677813529968,-0.5668101906776428,-0.0970488041639328,0.13777273893356323,-0.7745999097824097,-0.1197495311498642,0.0838569775223732,-0.7599263191223145,-0.12591657042503357,0.05357438325881958,-0.6540270447731018,-0.12522199749946594
E,E_session_002,243,0.0,0.0,0.0,-0.1341433972120285,-0.1394144594669342,-0.03368493542075157,-0.19930399954319,-0.38295572996139526,-0.05742625892162323,-0.13124564290046692,-0.5489804148674011,-0.09124892204999924,-0.011172712780535221,-0.5260721445083618,-0.12131772935390472,-0.13715386390686035,-0.6499655246734619,-0.010215816088020802,-0.1438991278409958,-0.9160543084144592,-0.0754232183098793,-0.17511625587940216,-0.8294892907142639,-0.12291106581687927,-0.17438852787017822,-0.6793934106826782,-0.14696228504180908,-0.05651824548840523,-0.6758288145065308,-0.029833819717168808,-0.03227231651544571,-1.0,-0.0931122899055481,-0.0815771147608757,-0.8887196183204651,-0.12121052294969559,-0.09232254326343536,-0.7165110111236572,-0.12472445517778397,0.024136126041412354,-0.6424100399017334,-0.06016017869114876,0.061122212558984756,-0.933722972869873,-0.10587461292743683,0.0035451266448944807,-0.8390076160430908,-0.12049274146556854,-0.016163790598511696,-0.6811337471008301,-0.11806394159793854,0.1061108186841011,-0.5670515298843384,-0.09722134470939636,0.14059114456176758,-0.7741425037384033,-0.1195240244269371,0.08746512234210968,-0.7571178078651428,-0.12482647597789764,0.055642738938331604,-0.6519719362258911,-0.12358304113149643
E,E_session_002,244,0.0,0.0,0.0,-0.13254386186599731,-0.14005029201507568,-0.036161042749881744,-0.1972101479768753,-0.3810173571109772,-0.06173558160662651,-0.12931890785694122,-0.5498570799827576,-0.09703031182289124,-0.008779528550803661,-0.5341981649398804,-0.12846854329109192,-0.13820746541023254,-0.6499677896499634,-0.0115229906514287,-0.14401519298553467,-0.9141114354133606,-0.07847648113965988,-0.17501279711723328,-0.8384297490119934,-0.12778301537036896,-0.17569521069526672,-0.6922953128814697,-0.15277905762195587,-0.05696596950292587,-0.6778246164321899,-0.030344827100634575,-0.032441675662994385,-1.0,-0.09547492116689682,-0.08092053234577179,-0.8914069533348083,-0.12558332085609436,-0.0927213653922081,-0.7172920107841492,-0.13028138875961304,0.024343572556972504,-0.6458748579025269,-0.0600728914141655,0.06134475767612457,-0.9396395683288574,-0.10675813257694244,0.0052528888918459415,-0.8443244695663452,-0.12163852155208588,-0.01402705255895853,-0.6828287243843079,-0.11904000490903854,0.10717522352933884,-0.5708757042884827,-0.09677769243717194,0.14111901819705963,-0.7774097323417664,-0.11934300512075424,0.08939886093139648,-0.7616640329360962,-0.12476468086242676,0.057967621833086014,-0.6554304361343384,-0.12335490435361862
E,E_session_002,245,0.0,0.0,0.0,-0.1332712471485138,-0.13881300389766693,-0.03494969755411148,-0.1966864913702011,-0.38540923595428467,-0.05954553559422493,-0.12760403752326965,-0.5548533201217651,-0.09432490915060043,-0.006505052093416452,-0.5330610871315002,-0.12519052624702454,-0.13633160293102264,-0.6506732702255249,-0.009284225292503834,-0.14183974266052246,-0.9172951579093933,-0.07588740438222885,-0.17380847036838531,-0.8388767242431641,-0.1250791847705841,-0.1745501160621643,-0.6892619729042053,-0.15008755028247833,-0.05581586807966232,-0.6774882078170776,-0.02869613654911518,-0.03200963884592056,-1.0,-0.09442099928855896,-0.08171283453702927,-0.8937802314758301,-0.1261306256055832,-0.09237037599086761,-0.7184429168701172,-0.13175980746746063,0.024955598637461662,-0.6448884010314941,-0.05894516408443451,0.06136177480220795,-0.9400702714920044,-0.10556256026029587,0.003909412305802107,-0.8475027084350586,-0.12176670134067535,-0.0156281515955925,-0.6861516833305359,-0.12007724493741989,0.10799632966518402,-0.5702620148658752,-0.09610531479120255,0.1408664733171463,-0.7770032286643982,-0.11853557825088501,0.08983830362558365,-0.7626640200614929,-0.12481186538934708,0.05991891399025917,-0.6564792990684509,-0.12403392791748047
E,E_session_002,246,0.0,0.0,0.0,-0.13339804112911224,-0.14299346506595612,-0.03408702090382576,-0.19408702850341797,-0.39466622471809387,-0.05741307884454727,-0.11928696185350418,-0.565189778804779,-0.09065599739551544,0.002911987714469433,-0.5495893359184265,-0.11987163126468658,-0.136884868144989,-0.6543521881103516,-0.007628134451806545,-0.14237037301063538,-0.9219337701797485,-0.07252557575702667,-0.17269670963287354,-0.8462971448898315,-0.12104634195566177,-0.17308562994003296,-0.697498083114624,-0.14589183032512665,-0.054877690970897675,-0.6801185011863708,-0.026460524648427963,-0.03196607157588005,-1.0,-0.08966901898384094,-0.07957183569669724,-0.8965558409690857,-0.12140124291181564,-0.09003817290067673,-0.7227275967597961,-0.12809300422668457,0.026963789016008377,-0.6472846865653992,-0.0560409352183342,0.06137251853942871,-0.9397998452186584,-0.10064730048179626,0.006017702165991068,-0.8514236807823181,-0.11758112162351608,-0.012906563468277454,-0.6912885904312134,-0.11753301322460175,0.11038505285978317,-0.5733533501625061,-0.0924447774887085,0.14198827743530273,-0.7796834111213684,-0.1140231341123581,0.09351428598165512,-0.7668108344078064,-0.1209249272942543,0.06531552225351334,-0.6605736017227173,-0.12132024765014648
E,E_session_002,247,0.0,0.0,0.0,-0.1316160261631012,-0.148793026804924,-0.034057989716529846,-0.1912796050310135,-0.3962428867816925,-0.059685420244932175,-0.12024903297424316,-0.5628259778022766,-0.09529024362564087,0.00030834265635348856,-0.5441838502883911,-0.12679752707481384,-0.13201914727687836,-0.6592906713485718,-0.01030106283724308,-0.13371503353118896,-0.9302827715873718,-0.07615066319704056,-0.16351251304149628,-0.8485021591186523,-0.1249774768948555,-0.1637314110994339,-0.6998316645622253,-0.14983582496643066,-0.05030130594968796,-0.6789802312850952,-0.030430151149630547,-0.02081410028040409,-1.0,-0.09470313042402267,-0.07059907913208008,-0.8939462304115295,-0.12663927674293518,-0.08268674463033676,-0.7222558856010437,-0.13319623470306396,0.03116588108241558,-0.6429024934768677,-0.06114209443330765,0.07186468690633774,-0.9351692795753479,-0.10669703781604767,0.012858519330620766,-0.8478537201881409,-0.1245674267411232,-0.008406216278672218,-0.6902139186859131,-0.1248578205704689,0.11409527063369751,-0.5663701891899109,-0.09845102578401566,0.14645767211914062,-0.7771031856536865,-0.11963728070259094,0.09592778235673904,-0.7633162140846252,-0.12551116943359375,0.06749746948480606,-0.657646656036377,-0.12504173815250397
E,E_session_002,248,0.0,0.0,0.0,-0.1303243637084961,-0.1536804437637329,-0.035770438611507416,-0.18620233237743378,-0.4048154056072235,-0.06172655150294304,-0.11042027920484543,-0.5623165965080261,-0.09699048101902008,0.010742372833192348,-0.5493268966674805,-0.12772729992866516,-0.1296405792236328,-0.661333441734314,-0.01243263017386198,-0.12465235590934753,-0.9366315007209778,-0.07770980894565582,-0.15405157208442688,-0.8653950095176697,-0.1261727213859558,-0.15555371344089508,-0.7216455936431885,-0.15112094581127167,-0.045473869889974594,-0.6781906485557556,-0.03073800913989544,-0.01371355913579464,-1.0,-0.09601076692342758,-0.061582114547491074,-0.897596538066864,-0.13079960644245148,-0.07354393601417542,-0.7245165109634399,-0.1393631249666214,0.03624378889799118,-0.6413273811340332,-0.05926932394504547,0.07620005309581757,-0.9351732134819031,-0.10399934649467468,0.02184741571545601,-0.8544185161590576,-0.12371383607387543,0.002623980399221182,-0.6940338611602783,-0.12553714215755463,0.11930146813392639,-0.5640997290611267,-0.094473697245121,0.15390853583812714,-0.7703578472137451,-0.11631695926189423,0.10902686417102814,-0.7696676850318909,-0.12521599233150482,0.08239274471998215,-0.6708447337150574,-0.12687823176383972
E,E_session_002,249,0.0,0.0,0.0,-0.12691235542297363,-0.15600894391536713,-0.035442184656858444,-0.17908664047718048,-0.4113377630710602,-0.061789609491825104,-0.10060301423072815,-0.5674263834953308,-0.09772016108036041,0.02035733126103878,-0.54764723777771,-0.12902997434139252,-0.11884375661611557,-0.6694352626800537,-0.013951892033219337,-0.1112746000289917,-0.9433411359786987,-0.07996316254138947,-0.14337871968746185,-0.8652194142341614,-0.12834244966506958,-0.14818765223026276,-0.7166131734848022,-0.15333184599876404,-0.034686338156461716,-0.6832631230354309,-0.03284994140267372,-0.0017922429833561182,-1.0,-0.09823042899370193,-0.0507846474647522,-0.8901743292808533,-0.13073183596134186,-0.06439637392759323,-0.7146854400634766,-0.1381349414587021,0.04681567847728729,-0.6425687670707703,-0.062104545533657074,0.09131889790296555,-0.9422085285186768,-0.1072593405842781,0.03516211360692978,-0.8510183691978455,-0.12298949807882309,0.013095860369503498,-0.6860474944114685,-0.12233319133520126,0.12953151762485504,-0.5615253448486328,-0.0981835275888443,0.16853049397468567,-0.7703142166137695,-0.12073007971048355,0.12023846805095673,-0.7605828046798706,-0.12753704190254211,0.08957085013389587,-0.6556233167648315,-0.12770001590251923
E,E_session_002,250,0.0,0.0,0.0,-0.12472673505544662,-0.1589331328868866,-0.03477473556995392,-0.17723184823989868,-0.4046163558959961,-0.06194137781858444,-0.09753216058015823,-0.554233193397522,-0.0985599085688591,0.0230651143938303,-0.5382512211799622,-0.13087311387062073,-0.11528337746858597,-0.6742615103721619,-0.01344954501837492,-0.10773684084415436,-0.9489147067070007,-0.08002590388059616,-0.13679738342761993,-0.8705336451530457,-0.12878742814064026,-0.1416216343641281,-0.7230870127677917,-0.1531025618314743,-0.031887203454971313,-0.6863051652908325,-0.03270437940955162,0.0011511582415550947,-1.0,-0.09548444300889969,-0.04499305039644241,-0.8898024559020996,-0.12497184425592422,-0.0603807233273983,-0.7178051471710205,-0.1302582025527954,0.04950655624270439,-0.6424666047096252,-0.06265918165445328,0.09564787149429321,-0.942232608795166,-0.10882461816072464,0.04054439812898636,-0.850166916847229,-0.1233031302690506,0.015270506963133812,-0.6882063150405884,-0.12112247198820114,0.13086174428462982,-0.5560581684112549,-0.09904005378484726,0.17095772922039032,-0.7682238817214966,-0.12331385165452957,0.12488030642271042,-0.7536191940307617,-0.12790410220623016,0.09327781200408936,-0.6478456258773804,-0.12556910514831543
E,E_session_002,251,0.0,0.0,0.0,-0.12445975840091705,-0.15841048955917358,-0.03377147391438484,-0.17714114487171173,-0.39778053760528564,-0.061399441212415695,-0.10073882341384888,-0.5419173836708069,-0.09916183352470398,0.017790520563721657,-0.5269215703010559,-0.13276228308677673,-0.11504249274730682,-0.6676173806190491,-0.013225509785115719,-0.10981736332178116,-0.9436620473861694,-0.08104600012302399,-0.13908487558364868,-0.8512657284736633,-0.12959834933280945,-0.14393194019794464,-0.6995030641555786,-0.15354333817958832,-0.031651582568883896,-0.6813112497329712,-0.03364603966474533,0.00041933427564799786,-1.0,-0.09796213358640671,-0.04566977545619011,-0.8768428564071655,-0.12640829384326935,-0.06085600703954697,-0.7061481475830078,-0.13053444027900696,0.04986191540956497,-0.6376620531082153,-0.06480135023593903,0.09461025893688202,-0.9424262046813965,-0.11328767240047455,0.039640285074710846,-0.8360446095466614,-0.12562407553195953,0.014893324114382267,-0.6725838780403137,-0.12100677192211151,0.13105492293834686,-0.5511873364448547,-0.10215046256780624,0.16927719116210938,-0.762130856513977,-0.12788760662078857,0.12193583697080612,-0.7424721121788025,-0.13149729371070862,0.08985460549592972,-0.6393386721611023,-0.12793996930122375
E,E_session_002,252,0.0,0.0,0.0,-0.1245846077799797,-0.15655195713043213,-0.03603801503777504,-0.1770951747894287,-0.39566510915756226,-0.06464039534330368,-0.10165891796350479,-0.5455370545387268,-0.10286653786897659,0.016209376975893974,-0.5271363854408264,-0.13651344180107117,-0.11664671450853348,-0.6640666127204895,-0.01583203300833702,-0.10973971337080002,-0.9426863789558411,-0.08319631963968277,-0.13790324330329895,-0.8456975221633911,-0.13212989270687103,-0.14295779168605804,-0.6889711022377014,-0.15683436393737793,-0.033055830746889114,-0.6795655488967896,-0.035197559744119644,-0.002494779648259282,-1.0,-0.09789248555898666,-0.046292975544929504,-0.879309892654419,-0.12627136707305908,-0.05977028235793114,-0.7089248299598694,-0.13165564835071564,0.04852680861949921,-0.6366875767707825,-0.06538426131010056,0.09295777976512909,-0.943083643913269,-0.11181913316249847,0.04007060453295708,-0.8389855027198792,-0.12375175207853317,0.017279932275414467,-0.6749688386917114,-0.12024625390768051,0.12929745018482208,-0.550540030002594,-0.10222199559211731,0.16931094229221344,-0.7604700922966003,-0.12667110562324524,0.1218319833278656,-0.7427962422370911,-0.13071037828922272,0.08978530019521713,-0.6401644945144653,-0.12844708561897278
E,E_session_002,253,0.0,0.0,0.0,-0.12316634505987167,-0.15919923782348633,-0.03571353852748871,-0.17345865070819855,-0.39889001846313477,-0.06409464031457901,-0.09608755260705948,-0.545017659664154,-0.10229950398206711,0.022361889481544495,-0.5242078304290771,-0.13618487119674683,-0.11360426992177963,-0.6656414866447449,-0.01500000711530447,-0.10719601809978485,-0.944968581199646,-0.08230022341012955,-0.13511142134666443,-0.8463936448097229,-0.13154356181621552,-0.14098894596099854,-0.687918484210968,-0.15637941658496857,-0.029824672266840935,-0.6793105602264404,-0.03455052524805069,-0.0005734001169912517,-1.0,-0.09700332581996918,-0.04274202883243561,-0.8785374164581299,-0.12644028663635254,-0.055977918207645416,-0.7085105776786804,-0.13280442357063293,0.05164320394396782,-0.6357507705688477,-0.06495122611522675,0.09542927145957947,-0.9432809352874756,-0.11174093186855316,0.04311444237828255,-0.8381874561309814,-0.1254100799560547,0.0188211128115654,-0.6738290190696716,-0.12310449033975601,0.1323140412569046,-0.5498926043510437,-0.10183674097061157,0.17103511095046997,-0.7606761455535889,-0.1265515834093094,0.12467005848884583,-0.7422013282775879,-0.1313014179468155,0.09259898960590363,-0.6401991844177246,-0.12966196238994598
E,E_session_002,254,0.0,0.0,0.0,-0.12316230684518814,-0.15217407047748566,-0.03751904144883156,-0.17255575954914093,-0.39898481965065,-0.06522869318723679,-0.09335075318813324,-0.5446245670318604,-0.10254186391830444,0.024146324023604393,-0.5258054733276367,-0.13559839129447937,-0.11116582900285721,-0.6614890694618225,-0.01907099410891533,-0.10325123369693756,-0.944683313369751,-0.08889049291610718,-0.13377395272254944,-0.8532161116600037,-0.13946537673473358,-0.14147666096687317,-0.6901597380638123,-0.16455262899398804,-0.026601377874612808,-0.6752647757530212,-0.037626828998327255,0.0037593808956444263,-1.0,-0.10314970463514328,-0.04090217128396034,-0.8845184445381165,-0.1356712430715561,-0.05455223098397255,-0.7093225717544556,-0.14396721124649048,0.05443517863750458,-0.632024884223938,-0.06704255193471909,0.09876658767461777,-0.941428005695343,-0.11542953550815582,0.04507841169834137,-0.8426079154014587,-0.13229598104953766,0.02109309658408165,-0.6750476360321045,-0.13228636980056763,0.1348324716091156,-0.5481541752815247,-0.1030464619398117,0.17450818419456482,-0.7608168125152588,-0.12950563430786133,0.12746229767799377,-0.7481004595756531,-0.13740703463554382,0.09482564777135849,-0.6434203386306763,-0.13811416923999786
E,E_session_002,255,0.0,0.0,0.0,-0.12319955229759216,-0.14926782250404358,-0.03625880926847458,-0.1716454178094864,-0.39857983589172363,-0.06296733021736145,-0.0935848206281662,-0.5454374551773071,-0.09970970451831818,0.02125137858092785,-0.5264675617218018,-0.13217394053936005,-0.11270507425069809,-0.6594980359077454,-0.01717553101480007,-0.10204137116670609,-0.9448956251144409,-0.08681375533342361,-0.12945443391799927,-0.8541927337646484,-0.13663578033447266,-0.13767953217029572,-0.6914460062980652,-0.1611032485961914,-0.027761533856391907,-0.6742037534713745,-0.0360209196805954,0.004274397157132626,-1.0,-0.10252690315246582,-0.03765082731842995,-0.8775776028633118,-0.13486993312835693,-0.051553525030612946,-0.7004345655441284,-0.14242558181285858,0.05344676598906517,-0.6313748955726624,-0.065625861287117,0.0987299233675003,-0.9435887336730957,-0.11450348049402237,0.04712110012769699,-0.8344382047653198,-0.12885616719722748,0.022843819111585617,-0.6642460227012634,-0.126478910446167,0.13446319103240967,-0.548072874546051,-0.1016581803560257,0.1741512268781662,-0.7583070993423462,-0.12807206809520721,0.12916435301303864,-0.7413973212242126,-0.13465356826782227,0.09702163934707642,-0.6382976770401001,-0.13405126333236694
E,E_session_002,256,0.0,0.0,0.0,-0.12171369045972824,-0.14632444083690643,-0.037640348076820374,-0.17163442075252533,-0.3946205675601959,-0.06558772921562195,-0.08990959078073502,-0.5441359281539917,-0.102777399122715,0.02694983035326004,-0.5267270803451538,-0.13561806082725525,-0.11070020496845245,-0.6671773791313171,-0.021070722490549088,-0.1013379618525505,-0.9497566819190979,-0.09081435948610306,-0.12838035821914673,-0.8558305501937866,-0.14078976213932037,-0.1346665620803833,-0.692961573600769,-0.16549700498580933,-0.025396142154932022,-0.6796638369560242,-0.03966996446251869,0.008998862467706203,-1.0,-0.10477259755134583,-0.03442799672484398,-0.876001238822937,-0.13381165266036987,-0.04986116290092468,-0.7000939249992371,-0.13941310346126556,0.055559445172548294,-0.6336284875869751,-0.069211944937706,0.10214424133300781,-0.938689112663269,-0.11712796986103058,0.049685999751091,-0.8317726254463196,-0.12908227741718292,0.025835474953055382,-0.6657159924507141,-0.1255367249250412,0.1356506049633026,-0.5477220416069031,-0.10542098432779312,0.1763199418783188,-0.7627339959144592,-0.13100861012935638,0.12931694090366364,-0.7435059547424316,-0.1351902037858963,0.09635433554649353,-0.638573944568634,-0.1330443024635315
E,E_session_002,257,0.0,0.0,0.0,-0.1211090236902237,-0.1483321189880371,-0.03726394101977348,-0.16983678936958313,-0.3961685299873352,-0.06411521881818771,-0.0879867821931839,-0.5458059310913086,-0.1001121923327446,0.028354313224554062,-0.5288657546043396,-0.13180547952651978,-0.11027167737483978,-0.6647208333015442,-0.019804341718554497,-0.10106948018074036,-0.9466872811317444,-0.08872006833553314,-0.12872277200222015,-0.85417240858078,-0.1378718912601471,-0.13456666469573975,-0.6926150918006897,-0.1619897037744522,-0.02474747598171234,-0.6781644821166992,-0.03808952867984772,0.010306132026016712,-1.0,-0.1025136187672615,-0.033156394958496094,-0.8747206926345825,-0.1308036595582962,-0.04832342267036438,-0.699032187461853,-0.13561885058879852,0.056192584335803986,-0.6328932046890259,-0.06724085658788681,0.10170670598745346,-0.9383065700531006,-0.11465443670749664,0.0499289371073246,-0.8312886357307434,-0.12624236941337585,0.027142468839883804,-0.6664155125617981,-0.12234464287757874,0.13569147884845734,-0.5474019646644592,-0.10300517827272415,0.17557159066200256,-0.7601562142372131,-0.12844619154930115,0.12914586067199707,-0.7405412793159485,-0.1325126737356186,0.09718399494886398,-0.6354957222938538,-0.1301978975534439
E,E_session_002,258,0.0,0.0,0.0,-0.12326017022132874,-0.1434013545513153,-0.03918078914284706,-0.17139668762683868,-0.3940500319004059,-0.06651275604963303,-0.09130160510540009,-0.5439030528068542,-0.10294579714536667,0.02454756200313568,-0.5217500329017639,-0.13479770720005035,-0.11190252751111984,-0.6611055731773376,-0.021391933783888817,-0.1016586422920227,-0.9455439448356628,-0.09143439680337906,-0.1291363537311554,-0.8525186777114868,-0.14101938903331757,-0.13511905074119568,-0.686309278011322,-0.16536599397659302,-0.025953330099582672,-0.6759752631187439,-0.03884200379252434,0.008510991930961609,-1.0,-0.10531583428382874,-0.034537386149168015,-0.8768431544303894,-0.13623666763305664,-0.048258211463689804,-0.6991282105445862,-0.14293065667152405,0.054895397275686264,-0.6322745680809021,-0.06724385172128677,0.10107579082250595,-0.9392530918121338,-0.11588940769433975,0.04916130751371384,-0.8337357044219971,-0.12963373959064484,0.027261599898338318,-0.6661154627799988,-0.12714867293834686,0.13486142456531525,-0.5497880578041077,-0.10238976031541824,0.17486341297626495,-0.7604364156723022,-0.12892799079418182,0.13048779964447021,-0.745696485042572,-0.13570329546928406,0.10064120590686798,-0.6420210003852844,-0.13537196815013885
E,E_session_002,259,0.0,0.0,0.0,-0.12292218208312988,-0.14574548602104187,-0.037196386605501175,-0.17356763780117035,-0.39086413383483887,-0.0632234439253807,-0.09672877192497253,-0.5370415449142456,-0.0984310582280159,0.017382727935910225,-0.5224206447601318,-0.12899725139141083,-0.11518014222383499,-0.6668925285339355,-0.018151190131902695,-0.10429469496011734,-0.9487823843955994,-0.08542454987764359,-0.13573084771633148,-0.8562931418418884,-0.13322392106056213,-0.14224699139595032,-0.6927854418754578,-0.15682926774024963,-0.031077472493052483,-0.6801564693450928,-0.03527421876788139,-4.963766332366504e-05,-1.0,-0.0983453094959259,-0.04203809052705765,-0.8742390275001526,-0.12817496061325073,-0.05258609354496002,-0.699209988117218,-0.1348659247159958,0.05005934461951256,-0.6394116282463074,-0.06305453181266785,0.09179531037807465,-0.9440168142318726,-0.10861663520336151,0.04001201316714287,-0.8410401344299316,-0.12263177335262299,0.018353048712015152,-0.6757497191429138,-0.1217464730143547,0.13051483035087585,-0.5591897368431091,-0.09742608666419983,0.16957657039165497,-0.764349639415741,-0.12294403463602066,0.12298685312271118,-0.7451797127723694,-0.13032867014408112,0.09175164252519608,-0.6370736360549927,-0.13113094866275787
E,E_session_002,260,0.0,0.0,0.0,-0.12488658726215363,-0.13535763323307037,-0.03632825240492821,-0.18587973713874817,-0.38371965289115906,-0.061152227222919464,-0.11521241068840027,-0.5433057546615601,-0.09534332901239395,0.0010260418057441711,-0.5271539092063904,-0.12484773248434067,-0.12466597557067871,-0.6610283255577087,-0.0138255525380373,-0.11885657161474228,-0.9341357946395874,-0.0796661302447319,-0.15089993178844452,-0.846269428730011,-0.1260884553194046,-0.15577030181884766,-0.6891976594924927,-0.14872302114963531,-0.04093825817108154,-0.6814714670181274,-0.031124645844101906,-0.0124052157625556,-1.0,-0.09368572384119034,-0.056711629033088684,-0.8826125860214233,-0.12099776417016983,-0.06747793406248093,-0.7099937796592712,-0.12474604696035385,0.040049146860837936,-0.6439980864524841,-0.05949932709336281,0.08076893538236618,-0.9469850659370422,-0.10610201209783554,0.027316579595208168,-0.846687912940979,-0.11818951368331909,0.005637999624013901,-0.684882640838623,-0.11452354490756989,0.12070515751838684,-0.5671619176864624,-0.09445264935493469,0.15849706530570984,-0.7778429388999939,-0.1206020712852478,0.11082985997200012,-0.758249819278717,-0.12640461325645447,0.08042185008525848,-0.651354193687439,-0.12504173815250397
E,E_session_002,261,0.0,0.0,0.0,-0.13063956797122955,-0.1466645449399948,-0.03286789357662201,-0.18536624312400818,-0.399461954832077,-0.05478259548544884,-0.11032074689865112,-0.5558452010154724,-0.08669014275074005,0.004800246097147465,-0.5343860387802124,-0.1144280880689621,-0.1280166208744049,-0.6682556867599487,-0.005728001706302166,-0.12560656666755676,-0.9365372061729431,-0.06978482007980347,-0.15548592805862427,-0.8509911894798279,-0.11650148779153824,-0.15771417319774628,-0.6947444677352905,-0.13927751779556274,-0.04391913115978241,-0.6876150369644165,-0.024250315502285957,-0.01671510562300682,-1.0,-0.08458010852336884,-0.06100262328982353,-0.8884048461914062,-0.11312717199325562,-0.07158578932285309,-0.7170655727386475,-0.1179569885134697,0.036933932453393936,-0.6506681442260742,-0.053879231214523315,0.07562462985515594,-0.9448021650314331,-0.09862267225980759,0.023571129888296127,-0.8506579399108887,-0.11338774114847183,0.004588305484503508,-0.6905831098556519,-0.11157839745283127,0.11665983498096466,-0.573209285736084,-0.08987703919410706,0.1516197919845581,-0.7792553901672363,-0.11366348713636398,0.10804560780525208,-0.765995442867279,-0.11978904157876968,0.08260887116193771,-0.6629056930541992,-0.11880693584680557
E,E_session_002,262,0.0,0.0,0.0,-0.13159960508346558,-0.1450982391834259,-0.034982312470674515,-0.19113650918006897,-0.3967632055282593,-0.05836141109466553,-0.11902205646038055,-0.5558874607086182,-0.09143000841140747,0.0009769222233444452,-0.5215526223182678,-0.12038956582546234,-0.12851427495479584,-0.6665729880332947,-0.006071635987609625,-0.12708927690982819,-0.9273552894592285,-0.07045939564704895,-0.1575365662574768,-0.8457319140434265,-0.11758401244878769,-0.15896420180797577,-0.695166826248169,-0.14098438620567322,-0.044358789920806885,-0.6901540160179138,-0.023600270971655846,-0.014278353191912174,-1.0,-0.08625005930662155,-0.06039569899439812,-0.8882394433021545,-0.1152745708823204,-0.07254744321107864,-0.7167750597000122,-0.11913596093654633,0.03666441887617111,-0.6545321941375732,-0.05236818641424179,0.07653611898422241,-0.9431352019309998,-0.09779486805200577,0.024422097951173782,-0.8523383140563965,-0.11311506479978561,0.004459768999367952,-0.693507730960846,-0.1105828657746315,0.11641789227724075,-0.5774044394493103,-0.08781012892723083,0.1517658531665802,-0.7758483290672302,-0.11190523207187653,0.11065220087766647,-0.7688542604446411,-0.11940007656812668,0.08642994612455368,-0.672956645488739,-0.11861477047204971
E,E_session_002,263,0.0,0.0,0.0,-0.13531069457530975,-0.15716171264648438,-0.030991019681096077,-0.188396617770195,-0.41458457708358765,-0.05093047022819519,-0.1138826459646225,-0.5679998993873596,-0.08230553567409515,0.0025599843356758356,-0.5285342335700989,-0.11086363345384598,-0.12766282260417938,-0.662659764289856,0.006821838207542896,-0.12486241012811661,-0.9091032147407532,-0.054423242807388306,-0.15610983967781067,-0.853011429309845,-0.101935014128685,-0.15824010968208313,-0.7231745719909668,-0.1268746554851532,-0.04641466587781906,-0.6912326216697693,-0.013537732884287834,-0.015664229169487953,-1.0,-0.07802009582519531,-0.06361088156700134,-0.9030120372772217,-0.11294903606176376,-0.07590295374393463,-0.7305209040641785,-0.12015573680400848,0.03305722028017044,-0.6608352661132812,-0.04498452693223953,0.07774071395397186,-0.9514417052268982,-0.0908403992652893,0.022227443754673004,-0.8687364459037781,-0.11152169108390808,0.002579999156296253,-0.7079508900642395,-0.11220818758010864,0.11360099166631699,-0.5858862400054932,-0.08289840817451477,0.1457556039094925,-0.7864603996276855,-0.1051199808716774,0.10088064521551132,-0.7789126038551331,-0.11381390690803528,0.07584218680858612,-0.675127387046814,-0.11444772779941559
E,E_session_002,264,0.0,0.0,0.0,-0.13571354746818542,-0.14493969082832336,-0.03260236978530884,-0.19321615993976593,-0.41306084394454956,-0.053543269634246826,-0.12106169760227203,-0.578118085861206,-0.08601684868335724,-0.004943976644426584,-0.5293090343475342,-0.115224190056324,-0.12972424924373627,-0.6646277904510498,0.004182580392807722,-0.12807464599609375,-0.9158689975738525,-0.05922317132353783,-0.15967074036598206,-0.8468143939971924,-0.10767119377851486,-0.16124257445335388,-0.7069756388664246,-0.1331164538860321,-0.047949060797691345,-0.6910979151725769,-0.01607206091284752,-0.016599973663687706,-1.0,-0.0839928686618805,-0.06664329022169113,-0.89689040184021,-0.12006066739559174,-0.07910048961639404,-0.7218739986419678,-0.12720027565956116,0.031458865851163864,-0.6588274836540222,-0.04758048057556152,0.07549049705266953,-0.9478224515914917,-0.09550727903842926,0.01888851262629032,-0.8580297827720642,-0.11547486484050751,-0.001004877150990069,-0.6945131421089172,-0.11488664150238037,0.11253420263528824,-0.5860817432403564,-0.08579136431217194,0.1432657688856125,-0.783788800239563,-0.10898137837648392,0.10059195756912231,-0.7755854725837708,-0.1182868629693985,0.07871120423078537,-0.6760625243186951,-0.11897364258766174
E,E_session_002,265,0.0,0.0,0.0,-0.13590142130851746,-0.15502400696277618,-0.031605906784534454,-0.1905267834663391,-0.42110076546669006,-0.052358947694301605,-0.11739779263734818,-0.5886389017105103,-0.08439528942108154,-0.0017263321205973625,-0.5394424796104431,-0.11321975290775299,-0.13301746547222137,-0.6660346388816833,0.005300896242260933,-0.1283574402332306,-0.9150223731994629,-0.05680949240922928,-0.15957562625408173,-0.8544023036956787,-0.10506166517734528,-0.16180288791656494,-0.7237897515296936,-0.13083027303218842,-0.05061480030417442,-0.691093385219574,-0.015671154484152794,-0.017246736213564873,-1.0,-0.08186085522174835,-0.0668325126171112,-0.904246985912323,-0.11747993528842926,-0.07942714542150497,-0.7339210510253906,-0.12495287507772446,0.02949763648211956,-0.6584873199462891,-0.04771798849105835,0.0758172795176506,-0.945700466632843,-0.09475549310445786,0.018642079085111618,-0.8642087578773499,-0.11580280214548111,-0.0013785178307443857,-0.7053667902946472,-0.11652122437953949,0.11110324412584305,-0.5848253965377808,-0.08634351938962936,0.1432509571313858,-0.784011721611023,-0.1087518259882927,0.09713562577962875,-0.7755192518234253,-0.11790619045495987,0.07233624905347824,-0.6729736328125,-0.11899073421955109
E,E_session_002,266,0.0,0.0,0.0,-0.13554753363132477,-0.15463484823703766,-0.032590266317129135,-0.1882895678281784,-0.41884520649909973,-0.054595258086919785,-0.11367970705032349,-0.5834938287734985,-0.08787611871957779,0.0020265860948711634,-0.5374865531921387,-0.11784500628709793,-0.12853331863880157,-0.6685813069343567,0.004842724185436964,-0.1258009523153305,-0.9179893136024475,-0.058706577867269516,-0.15545256435871124,-0.8544882535934448,-0.10797358304262161,-0.15580737590789795,-0.72031569480896,-0.1340591013431549,-0.04638328030705452,-0.6917338371276855,-0.0160226970911026,-0.013098789379000664,-1.0,-0.08419564366340637,-0.06266000121831894,-0.9002324342727661,-0.12115567922592163,-0.07572533190250397,-0.7265796065330505,-0.12894806265830994,0.03298432007431984,-0.6576051712036133,-0.048175424337387085,0.07874824106693268,-0.942760705947876,-0.09641560912132263,0.02139578014612198,-0.8591904044151306,-0.11824444681406021,0.0006460811127908528,-0.6996805667877197,-0.11893627792596817,0.11368235945701599,-0.5827401280403137,-0.08696742355823517,0.14412303268909454,-0.7806228399276733,-0.10977771133184433,0.09831169247627258,-0.7722242474555969,-0.11923348158597946,0.07302065193653107,-0.6712294220924377,-0.12021639198064804
E,E_session_002,267,0.0,0.0,0.0,-0.13475298881530762,-0.1562548279762268,-0.032871391624212265,-0.18705406785011292,-0.42259177565574646,-0.054860904812812805,-0.11162810027599335,-0.589821457862854,-0.08806814253330231,0.004749214742332697,-0.5386734008789062,-0.11773059517145157,-0.1273730993270874,-0.671299159526825,0.005188911687582731,-0.1248057559132576,-0.9224461317062378,-0.05746271833777428,-0.15229317545890808,-0.863916277885437,-0.10674570500850677,-0.15199726819992065,-0.7300111651420593,-0.13308845460414886,-0.04495730996131897,-0.6933658719062805,-0.015214048326015472,-0.011656463146209717,-1.0,-0.0815165564417839,-0.060205359011888504,-0.9098333120346069,-0.11837782710790634,-0.07424858957529068,-0.7366600632667542,-0.12696588039398193,0.034075167030096054,-0.6577495336532593,-0.04692121967673302,0.08075422793626785,-0.9426588416099548,-0.0929713025689125,0.023656748235225677,-0.866486132144928,-0.11401788145303726,0.0009361190022900701,-0.7079883813858032,-0.1151198074221611,0.11401679366827011,-0.581644594669342,-0.08556944131851196,0.14687775075435638,-0.7779361009597778,-0.10713325440883636,0.10007059574127197,-0.7730791568756104,-0.11628185212612152,0.07157313823699951,-0.6717361807823181,-0.11749891936779022
E,E_session_002,268,0.0,0.0,0.0,-0.1364717036485672,-0.157382532954216,-0.03376816585659981,-0.18839801847934723,-0.42734795808792114,-0.055214330554008484,-0.1132778450846672,-0.5941996574401855,-0.08806785196065903,0.0024445136077702045,-0.5411284565925598,-0.11750141531229019,-0.12847696244716644,-0.6705213189125061,0.007392375264316797,-0.1256830245256424,-0.9219439625740051,-0.055266372859478,-0.1515066772699356,-0.8884872198104858,-0.10583428293466568,-0.14957694709300995,-0.7647782564163208,-0.13353626430034637,-0.04523115232586861,-0.6939417719841003,-0.012742008082568645,-0.01210965495556593,-1.0,-0.08173166215419769,-0.059000998735427856,-0.9206247925758362,-0.12345975637435913,-0.07180003076791763,-0.7459137439727783,-0.13552768528461456,0.03383030369877815,-0.6598749756813049,-0.04419015347957611,0.07967968285083771,-0.9464015960693359,-0.0905684307217598,0.02434946410357952,-0.8766314387321472,-0.11383084207773209,0.0031705587171018124,-0.7161633372306824,-0.11677296459674835,0.11471220850944519,-0.5861017107963562,-0.08285553008317947,0.147545725107193,-0.7827386260032654,-0.10481797158718109,0.10299277305603027,-0.7832760214805603,-0.11613745987415314,0.07584936916828156,-0.6810645461082458,-0.11921215057373047
E,E_session_002,269,0.0,0.0,0.0,-0.13502095639705658,-0.15779981017112732,-0.03214503079652786,-0.18369153141975403,-0.42723387479782104,-0.05295085534453392,-0.10809127986431122,-0.5937700867652893,-0.08531936258077621,0.005896841175854206,-0.5412185788154602,-0.11395283788442612,-0.12405748665332794,-0.6724525094032288,0.00857290718704462,-0.11825037747621536,-0.9294818639755249,-0.05452205613255501,-0.14571158587932587,-0.878196656703949,-0.10388946533203125,-0.14545093476772308,-0.7427589893341064,-0.12958328425884247,-0.041498057544231415,-0.6905550956726074,-0.011767853982746601,-0.005427971016615629,-1.0,-0.08036370575428009,-0.05409781634807587,-0.9113075733184814,-0.11927106231451035,-0.06768675893545151,-0.7340418696403503,-0.12811928987503052,0.03784681856632233,-0.6541394591331482,-0.043565694242715836,0.0834435299038887,-0.9368756413459778,-0.08973778784275055,0.026300374418497086,-0.8648823499679565,-0.1116918995976448,0.004224707838147879,-0.7076821327209473,-0.1129281148314476,0.1182713434100151,-0.5797595381736755,-0.0822988972067833,0.15084673464298248,-0.777768075466156,-0.10239866375923157,0.10610071569681168,-0.7763454914093018,-0.11139577627182007,0.07966306805610657,-0.6760790944099426,-0.11248943954706192
E,E_session_002,270,0.0,0.0,0.0,-0.13503395020961761,-0.1604423224925995,-0.032872140407562256,-0.18703879415988922,-0.4284466505050659,-0.0535755418241024,-0.1122157946228981,-0.5992420315742493,-0.08537860214710236,0.0016805032500997186,-0.5411876440048218,-0.1133040264248848,-0.12851691246032715,-0.6782939434051514,0.009471109136939049,-0.12435749173164368,-0.9294508099555969,-0.050986722111701965,-0.1476925164461136,-0.8881683945655823,-0.09996771812438965,-0.14461378753185272,-0.7623047828674316,-0.12680351734161377,-0.04430193081498146,-0.6979937553405762,-0.010049192234873772,-0.009894422255456448,-1.0,-0.07539026439189911,-0.05473083630204201,-0.9197250008583069,-0.11381616443395615,-0.06707262992858887,-0.7489852905273438,-0.12409402430057526,0.03599628433585167,-0.6615488529205322,-0.04090002551674843,0.08283829689025879,-0.940370500087738,-0.08455085754394531,0.028097672387957573,-0.8738367557525635,-0.105451300740242,0.0054705641232430935,-0.7191569805145264,-0.1072942316532135,0.11674629896879196,-0.58467036485672,-0.07900860160589218,0.15149308741092682,-0.776370644569397,-0.09820802509784698,0.10736532509326935,-0.7794736623764038,-0.10743170231580734,0.07948756217956543,-0.6834093332290649,-0.10930832475423813
E,E_session_002,271,0.0,0.0,0.0,-0.13812589645385742,-0.16409528255462646,-0.03301851823925972,-0.18847988545894623,-0.43765491247177124,-0.05223960429430008,-0.11337412148714066,-0.6058889627456665,-0.08263679593801498,-0.0010226286249235272,-0.5447267293930054,-0.10926267504692078,-0.12538333237171173,-0.6791929602622986,0.01220682542771101,-0.11960247904062271,-0.9319612979888916,-0.04865854233503342,-0.1454741209745407,-0.8999026417732239,-0.09808222204446793,-0.143349751830101,-0.7763186693191528,-0.12463723868131638,-0.042019136250019073,-0.6961744427680969,-0.0069323694333434105,-0.007755076512694359,-1.0,-0.07330251485109329,-0.054102566093206406,-0.9258796572685242,-0.11348309367895126,-0.06587222218513489,-0.7533473372459412,-0.12405084818601608,0.03801631182432175,-0.6590850353240967,-0.03771659731864929,0.08490046858787537,-0.939807116985321,-0.08233988285064697,0.029289552941918373,-0.8821782469749451,-0.10655423253774643,0.007360721472650766,-0.726700484752655,-0.1100471243262291,0.11864500492811203,-0.5816851258277893,-0.07573499530553818,0.15623463690280914,-0.7741227746009827,-0.09655620157718658,0.11076942086219788,-0.7813066244125366,-0.10852982103824615,0.0816008672118187,-0.6818902492523193,-0.11189109832048416
E,E_session_002,272,0.0,0.0,0.0,-0.13713613152503967,-0.1656142920255661,-0.033491335809230804,-0.18620996177196503,-0.43346530199050903,-0.054927628487348557,-0.11058738082647324,-0.5958007574081421,-0.08755658566951752,0.001782568753696978,-0.5340221524238586,-0.11601921170949936,-0.11946764588356018,-0.6826029419898987,0.009754772298038006,-0.11101901531219482,-0.9378417134284973,-0.054361265152692795,-0.14187845587730408,-0.8987705707550049,-0.10493836551904678,-0.14272569119930267,-0.7681899070739746,-0.1313934177160263,-0.036413464695215225,-0.696526825428009,-0.009805910289287567,0.0005407183198258281,-1.0,-0.07778630405664444,-0.05148743838071823,-0.9178413152694702,-0.1151365116238594,-0.06570973247289658,-0.7431241273880005,-0.12340639531612396,0.04330410808324814,-0.6569440960884094,-0.041473764926195145,0.09421677142381668,-0.9417036175727844,-0.0874742642045021,0.032650649547576904,-0.8755079507827759,-0.10831379145383835,0.008185305632650852,-0.7171590328216553,-0.10921570658683777,0.123686283826828,-0.5771616101264954,-0.08057539910078049,0.16343636810779572,-0.7703268527984619,-0.10215076059103012,0.11149310320615768,-0.7714475393295288,-0.11228694021701813,0.07801496237516403,-0.6697497963905334,-0.11400265246629715
E,E_session_002,273,0.0,0.0,0.0,-0.13744045794010162,-0.16195236146450043,-0.03318112716078758,-0.18840119242668152,-0.43330270051956177,-0.05339495465159416,-0.1113344207406044,-0.5952098369598389,-0.08440899103879929,0.001349288155324757,-0.528006911277771,-0.11143194884061813,-0.11693540215492249,-0.6826257109642029,0.006580443121492863,-0.10857593268156052,-0.937009871006012,-0.05644557252526283,-0.14424656331539154,-0.8931402564048767,-0.10450156033039093,-0.14670202136039734,-0.7658945322036743,-0.12960994243621826,-0.03516402095556259,-0.6971218585968018,-0.012690781615674496,0.001572015113197267,-1.0,-0.0796499252319336,-0.05458551645278931,-0.9105348587036133,-0.11255654692649841,-0.06872967630624771,-0.7391114830970764,-0.11764472723007202,0.04383247718214989,-0.6575539708137512,-0.04394875839352608,0.0982285737991333,-0.9429184794425964,-0.0907178670167923,0.03227851167321205,-0.8712342381477356,-0.10976927727460861,0.006594558712095022,-0.7138109803199768,-0.10936399549245834,0.1240539699792862,-0.5763471126556396,-0.08249804377555847,0.16573971509933472,-0.7706456184387207,-0.10533813387155533,0.10899081081151962,-0.7680044770240784,-0.1153084933757782,0.07312928140163422,-0.6661185622215271,-0.11702649295330048
E,E_session_002,274,0.0,0.0,0.0,-0.1358441263437271,-0.16439904272556305,-0.034452781081199646,-0.18728236854076385,-0.4302547872066498,-0.05632885918021202,-0.11088474839925766,-0.5838580131530762,-0.08849425613880157,0.003008882747963071,-0.5207120180130005,-0.11576046049594879,-0.11044531315565109,-0.6867245435714722,0.0017009892035275698,-0.10078898817300797,-0.9488703608512878,-0.06355439126491547,-0.1409260779619217,-0.8823786377906799,-0.1111263558268547,-0.14534203708171844,-0.7416630983352661,-0.13497409224510193,-0.0290831308811903,-0.6952874064445496,-0.01676451973617077,0.008495200425386429,-1.0,-0.08370766788721085,-0.050668053328990936,-0.8996008038520813,-0.113549143075943,-0.06468836218118668,-0.7317920327186584,-0.11630018800497055,0.049760837107896805,-0.6532717347145081,-0.04748925566673279,0.10689852386713028,-0.9392615556716919,-0.09573347866535187,0.03744950890541077,-0.8621224761009216,-0.11335581541061401,0.009445936419069767,-0.7064008116722107,-0.11130698770284653,0.12900668382644653,-0.5711793899536133,-0.08540519326925278,0.17363035678863525,-0.762198269367218,-0.10983067005872726,0.1140102669596672,-0.7584217190742493,-0.11967851966619492,0.07631181925535202,-0.6615433692932129,-0.12057513743638992
E,E_session_002,275,0.0,0.0,0.0,-0.13531306385993958,-0.16747821867465973,-0.03315193951129913,-0.18482190370559692,-0.4332149624824524,-0.055043041706085205,-0.10646343231201172,-0.5812762975692749,-0.08800431340932846,0.007783069275319576,-0.512794554233551,-0.11650257557630539,-0.10391378402709961,-0.6900916695594788,0.004286750685423613,-0.09664154052734375,-0.9502272605895996,-0.062222953885793686,-0.13726139068603516,-0.8800050020217896,-0.11139608174562454,-0.1425289660692215,-0.7328706383705139,-0.1360630989074707,-0.023448681458830833,-0.6974970102310181,-0.015254806727170944,0.014081025496125221,-1.0,-0.08368401974439621,-0.04628481715917587,-0.894841194152832,-0.1145164743065834,-0.061963893473148346,-0.7214697599411011,-0.11752412468194962,0.05444483831524849,-0.6537466645240784,-0.047184813767671585,0.11421135067939758,-0.9423096776008606,-0.09625200927257538,0.04287506639957428,-0.860943615436554,-0.1133955791592598,0.013454271480441093,-0.7012715339660645,-0.11059287935495377,0.13246974349021912,-0.5690239071846008,-0.08628545701503754,0.1776994913816452,-0.760042667388916,-0.11073292791843414,0.11856497079133987,-0.7543161511421204,-0.11960655450820923,0.0818185806274414,-0.6567166447639465,-0.11951377987861633
E,E_session_002,276,0.0,0.0,0.0,-0.13355498015880585,-0.16563497483730316,-0.03406156972050667,-0.18340261280536652,-0.4193882644176483,-0.05817919597029686,-0.10357951372861862,-0.5613867044448853,-0.09320585429668427,0.012965844944119453,-0.508776843547821,-0.1240139752626419,-0.09871124476194382,-0.6823149919509888,-0.0007500976789742708,-0.08994067460298538,-0.9451244473457336,-0.06860631704330444,-0.13185429573059082,-0.8726221919059753,-0.11822917312383652,-0.13878245651721954,-0.7250192165374756,-0.14295607805252075,-0.01821363903582096,-0.690656840801239,-0.020352797582745552,0.022682327777147293,-1.0,-0.08968666195869446,-0.04030172899365425,-0.8905813097953796,-0.12031455338001251,-0.059224989265203476,-0.7144411206245422,-0.12337037175893784,0.05963912233710289,-0.6474632024765015,-0.052091386169195175,0.1203387901186943,-0.9385430216789246,-0.10213826596736908,0.04714510589838028,-0.85316401720047,-0.11901211738586426,0.015840956941246986,-0.6916075348854065,-0.11620151996612549,0.1372242420911789,-0.5615988969802856,-0.0908982902765274,0.18306498229503632,-0.7558556795120239,-0.11588524281978607,0.12185486406087875,-0.7462883591651917,-0.12391049414873123,0.08241602033376694,-0.6448291540145874,-0.12335626035928726
E,E_session_002,277,0.0,0.0,0.0,-0.13155677914619446,-0.16316738724708557,-0.03332293778657913,-0.18275099992752075,-0.4244500398635864,-0.05513680726289749,-0.10587602108716965,-0.5748409032821655,-0.08756773173809052,0.0075267618522048,-0.5152909159660339,-0.11555598676204681,-0.09977763891220093,-0.6859912872314453,0.00014801084762439132,-0.09017601609230042,-0.9471119046211243,-0.06519489735364914,-0.1304243803024292,-0.8761284351348877,-0.11325589567422867,-0.13850128650665283,-0.7313592433929443,-0.13765445351600647,-0.018778817728161812,-0.6947587728500366,-0.019120391458272934,0.019936608150601387,-1.0,-0.08564705401659012,-0.0406053327023983,-0.8934503793716431,-0.11424478888511658,-0.05941028892993927,-0.7207384705543518,-0.11640814691781998,0.05910758301615715,-0.6485434770584106,-0.05035437270998955,0.1189047172665596,-0.937659502029419,-0.09882579743862152,0.04861178994178772,-0.8542118072509766,-0.11420077085494995,0.017677534371614456,-0.694864809513092,-0.11068082600831985,0.13714085519313812,-0.5583146810531616,-0.08863577246665955,0.18603767454624176,-0.7522329688072205,-0.11382709443569183,0.12549524009227753,-0.7483277916908264,-0.12223076820373535,0.08440722525119781,-0.6516153216362,-0.1219637393951416
E,E_session_002,278,0.0,0.0,0.0,-0.13145974278450012,-0.16449101269245148,-0.032785940915346146,-0.18049605190753937,-0.4274228513240814,-0.05477682128548622,-0.10393693298101425,-0.5752802491188049,-0.08822978287935257,0.009543195366859436,-0.5103727579116821,-0.11785069853067398,-0.09925361722707748,-0.6799394488334656,0.0034020310267806053,-0.09027490764856339,-0.933195173740387,-0.06307734549045563,-0.13297884166240692,-0.8750987648963928,-0.1131053939461708,-0.14236494898796082,-0.7384515404701233,-0.13922210037708282,-0.020386995747685432,-0.691781759262085,-0.017779167741537094,0.02270633354783058,-1.0,-0.08748294413089752,-0.040870413184165955,-0.9017188549041748,-0.11985766887664795,-0.06136788800358772,-0.7278988361358643,-0.12413311749696732,0.05577262490987778,-0.6466729044914246,-0.05098085105419159,0.11804531514644623,-0.938594400882721,-0.10015857964754105,0.046003539115190506,-0.8571159243583679,-0.11644214391708374,0.016096528619527817,-0.6971257328987122,-0.11338691413402557,0.1332792043685913,-0.5584961771965027,-0.09148044139146805,0.18101516366004944,-0.7571961283683777,-0.11600673943758011,0.11972963809967041,-0.7521007061004639,-0.12410004436969757,0.07985231280326843,-0.6515337824821472,-0.1238630935549736
E,E_session_002,279,0.0,0.0,0.0,-0.12991714477539062,-0.16058668494224548,-0.03554460033774376,-0.18088819086551666,-0.4144088327884674,-0.06077181547880173,-0.10603886097669601,-0.5616317987442017,-0.09691750258207321,0.00926793459802866,-0.5130384564399719,-0.1292351931333542,-0.10027148574590683,-0.6789742708206177,-0.0013140977825969458,-0.08930524438619614,-0.9351590871810913,-0.06945972889661789,-0.13083064556121826,-0.8843302726745605,-0.12080802023410797,-0.14103387296199799,-0.7503082752227783,-0.14735047519207,-0.020460881292819977,-0.6914519667625427,-0.02149806171655655,0.019911443814635277,-1.0,-0.09175383299589157,-0.04125043749809265,-0.9022448062896729,-0.1255892813205719,-0.06093591824173927,-0.727999746799469,-0.13137558102607727,0.05681141838431358,-0.6480289697647095,-0.053680505603551865,0.1160653606057167,-0.9431785345077515,-0.10393193364143372,0.04594862833619118,-0.8635596632957458,-0.12197039276361465,0.01645047776401043,-0.7015413045883179,-0.12030003219842911,0.13535930216312408,-0.5609591007232666,-0.09308984130620956,0.18064415454864502,-0.7611481547355652,-0.11826866120100021,0.12086032330989838,-0.7566702365875244,-0.12676508724689484,0.08166755735874176,-0.6536213755607605,-0.1267862617969513
E,E_session_002,280,0.0,0.0,0.0,-0.12952275574207306,-0.15697449445724487,-0.035467904061079025,-0.18280917406082153,-0.41365721821784973,-0.06048994138836861,-0.10725043714046478,-0.5664237141609192,-0.09601999074220657,0.011116213165223598,-0.5133382081985474,-0.12739135324954987,-0.10362935066223145,-0.6834215521812439,-0.003002190263941884,-0.0931808203458786,-0.935969352722168,-0.07032524794340134,-0.13253585994243622,-0.8801306486129761,-0.12101297080516815,-0.141476109623909,-0.7421408295631409,-0.14736627042293549,-0.022104093804955482,-0.6963091492652893,-0.022831717506051064,0.020112445577979088,-1.0,-0.0922468975186348,-0.03990182653069496,-0.9023629426956177,-0.12445782870054245,-0.060616299510002136,-0.7267794609069824,-0.12918978929519653,0.05590759962797165,-0.6514461636543274,-0.05449193716049194,0.11591319739818573,-0.9399937987327576,-0.10353301465511322,0.047200240194797516,-0.8609709143638611,-0.119354747235775,0.017190255224704742,-0.7007881999015808,-0.1162763461470604,0.1347556859254837,-0.5633338093757629,-0.09345624595880508,0.1799875646829605,-0.7611232995986938,-0.11803779006004333,0.12275650352239609,-0.7576569318771362,-0.1254478096961975,0.08469346165657043,-0.6561776399612427,-0.12446548789739609
E,E_session_002,281,0.0,0.0,0.0,-0.12891878187656403,-0.15469153225421906,-0.037735454738140106,-0.18327216804027557,-0.4095234274864197,-0.06397077441215515,-0.10722389817237854,-0.5664696097373962,-0.09999992698431015,0.012987874448299408,-0.516944408416748,-0.1314002275466919,-0.10580836981534958,-0.6850327849388123,-0.005554838106036186,-0.09496241062879562,-0.9403240084648132,-0.07319273054599762,-0.13210056722164154,-0.8793051838874817,-0.12378648668527603,-0.1402982473373413,-0.739272952079773,-0.1500333845615387,-0.023183666169643402,-0.697143018245697,-0.024012042209506035,0.0177978053689003,-1.0,-0.09270479530096054,-0.03936467692255974,-0.8981512188911438,-0.12379427999258041,-0.05896969139575958,-0.7239349484443665,-0.1281634271144867,0.05566136911511421,-0.6514391899108887,-0.05451812222599983,0.11412345618009567,-0.9406376481056213,-0.10395972430706024,0.04782010242342949,-0.8565136790275574,-0.1189485415816307,0.018538743257522583,-0.6955035328865051,-0.1153673529624939,0.13518938422203064,-0.5626534223556519,-0.09241747111082077,0.18055185675621033,-0.7615621089935303,-0.1181306391954422,0.12395074963569641,-0.7538376450538635,-0.125600203871727,0.08541087061166763,-0.6507547497749329,-0.1245771273970604
E,E_session_002,282,0.0,0.0,0.0,-0.1259176880121231,-0.15419231355190277,-0.03729839250445366,-0.1801033914089203,-0.41220250725746155,-0.0632399469614029,-0.10451939702033997,-0.5701466798782349,-0.0987565889954567,0.014392346143722534,-0.5224990844726562,-0.12983593344688416,-0.10637140274047852,-0.6839452385902405,-0.008100353181362152,-0.09282074123620987,-0.9394681453704834,-0.07456407696008682,-0.1269969791173935,-0.8784016966819763,-0.12446912378072739,-0.13613253831863403,-0.7402928471565247,-0.15064199268817902,-0.023394128307700157,-0.6963645815849304,-0.026385970413684845,0.01747925952076912,-1.0,-0.09390492737293243,-0.03578081354498863,-0.8981045484542847,-0.12476576119661331,-0.055680807679891586,-0.723969578742981,-0.1294315904378891,0.05571321025490761,-0.6501423120498657,-0.05619819089770317,0.11290114372968674,-0.9413891434669495,-0.10475104302167892,0.051284853368997574,-0.8553142547607422,-0.11933307349681854,0.02259073592722416,-0.6926092505455017,-0.11590688675642014,0.13549581170082092,-0.5599673986434937,-0.0932401642203331,0.18204793334007263,-0.7594733834266663,-0.11916300654411316,0.1289287507534027,-0.7521089315414429,-0.1267956793308258,0.09121862053871155,-0.6501187682151794,-0.12607763707637787
E,E_session_002,283,0.0,0.0,0.0,-0.12595966458320618,-0.1549956500530243,-0.038140084594488144,-0.17827309668064117,-0.4123312830924988,-0.06586567312479019,-0.09992408752441406,-0.5660049915313721,-0.10281750559806824,0.01780598610639572,-0.5147685408592224,-0.13533823192119598,-0.10328102856874466,-0.6873089075088501,-0.013190305791795254,-0.08938153088092804,-0.951805055141449,-0.08052980154752731,-0.12346868216991425,-0.8764687776565552,-0.13088299334049225,-0.13197994232177734,-0.7273747324943542,-0.15712562203407288,-0.01952187903225422,-0.6946735382080078,-0.031001582741737366,0.020700771361589432,-1.0,-0.0976857841014862,-0.03078044019639492,-0.891888439655304,-0.12829172611236572,-0.049474041908979416,-0.7174683809280396,-0.1336682140827179,0.059954553842544556,-0.6458810567855835,-0.06015444174408913,0.11637784540653229,-0.9397068023681641,-0.10790953785181046,0.056511443108320236,-0.850286602973938,-0.12255445867776871,0.02771773561835289,-0.6863238215446472,-0.12003399431705475,0.1395898014307022,-0.5556492805480957,-0.0964737981557846,0.18541955947875977,-0.758013129234314,-0.12197043746709824,0.13500817120075226,-0.7474855780601501,-0.12916173040866852,0.09908202290534973,-0.6442424654960632,-0.12860138714313507
E,E_session_002,284,0.0,0.0,0.0,-0.12583516538143158,-0.15569543838500977,-0.039429862052202225,-0.1776614636182785,-0.41031399369239807,-0.06830936670303345,-0.09951727837324142,-0.5619521737098694,-0.10622347146272659,0.01909785345196724,-0.5099442005157471,-0.13925279676914215,-0.10312619805335999,-0.685102105140686,-0.015138229355216026,-0.08655229955911636,-0.951495349407196,-0.08291992545127869,-0.11980787664651871,-0.8712171316146851,-0.13288937509059906,-0.12868934869766235,-0.7215781807899475,-0.15907222032546997,-0.01931833103299141,-0.6931180953979492,-0.032759249210357666,0.02247622236609459,-1.0,-0.10051611065864563,-0.029028931632637978,-0.8868995308876038,-0.1307927817106247,-0.04823923483490944,-0.7118989825248718,-0.1357513964176178,0.060059599578380585,-0.6442511081695557,-0.061790745705366135,0.11693479120731354,-0.9378277063369751,-0.11023849993944168,0.05714305490255356,-0.8432552218437195,-0.12392008304595947,0.02850499004125595,-0.6783122420310974,-0.12053495645523071,0.1394863873720169,-0.5532150864601135,-0.09811791032552719,0.18555128574371338,-0.752382218837738,-0.12403034418821335,0.13443921506404877,-0.7401966452598572,-0.13119851052761078,0.09831275790929794,-0.6380519270896912,-0.1305409073829651
E,E_session_002,285,0.0,0.0,0.0,-0.124314084649086,-0.15628419816493988,-0.03960687294602394,-0.17611533403396606,-0.41057202219963074,-0.06849581003189087,-0.09711484611034393,-0.5612156987190247,-0.10619580745697021,0.023078881204128265,-0.5136185884475708,-0.13925617933273315,-0.10237154364585876,-0.6849086284637451,-0.017173605039715767,-0.08500919491052628,-0.9494787454605103,-0.08473220467567444,-0.11558069288730621,-0.8774598240852356,-0.1345295011997223,-0.12399249523878098,-0.7334499955177307,-0.16064587235450745,-0.01684369146823883,-0.6931498646736145,-0.03473765403032303,0.026509486138820648,-1.0,-0.10291579365730286,-0.023884814232587814,-0.8893600702285767,-0.13343268632888794,-0.045116767287254333,-0.7139702439308167,-0.1382741630077362,0.06302767992019653,-0.6427417993545532,-0.06336496770381927,0.11825169622898102,-0.9323489665985107,-0.11203490197658539,0.06100721284747124,-0.8365996479988098,-0.12443283200263977,0.03226204961538315,-0.6720144748687744,-0.11967890709638596,0.14218749105930328,-0.54925537109375,-0.09922100603580475,0.18901441991329193,-0.7502012848854065,-0.12532514333724976,0.1415497064590454,-0.7395235300064087,-0.1313343346118927,0.10618477314710617,-0.6390352249145508,-0.12939663231372833
E,E_session_002,286,0.0,0.0,0.0,-0.1249275803565979,-0.1554432213306427,-0.038342010229825974,-0.17553481459617615,-0.4151085317134857,-0.06595706194639206,-0.09527299553155899,-0.5640048980712891,-0.10275360941886902,0.023496998474001884,-0.5128819346427917,-0.1348918378353119,-0.10221105068922043,-0.6825140714645386,-0.016378123313188553,-0.08563966304063797,-0.954114556312561,-0.08364991843700409,-0.11819611489772797,-0.8722842335700989,-0.13317762315273285,-0.1274731606245041,-0.7192603349685669,-0.15875031054019928,-0.018044183030724525,-0.6888147592544556,-0.03437167406082153,0.024711178615689278,-1.0,-0.10096289962530136,-0.026597648859024048,-0.8889198303222656,-0.13159620761871338,-0.04646212235093117,-0.7115635275840759,-0.1368815004825592,0.06146939471364021,-0.6384856700897217,-0.06341944634914398,0.11675873398780823,-0.9307177066802979,-0.11045219749212265,0.057897429913282394,-0.8404715061187744,-0.12498264759778976,0.02933785319328308,-0.675581157207489,-0.12246225774288177,0.1400691568851471,-0.5480489134788513,-0.09960449486970901,0.18614715337753296,-0.7508538961410522,-0.12378805875778198,0.13786450028419495,-0.7422382831573486,-0.13034170866012573,0.10380521416664124,-0.6399897336959839,-0.12959879636764526
E,E_session_002,287,0.0,0.0,0.0,-0.12198218703269958,-0.15689153969287872,-0.035485342144966125,-0.1713106781244278,-0.4151911437511444,-0.062105193734169006,-0.09246018528938293,-0.5617296099662781,-0.09870210289955139,0.023708650842308998,-0.5142756104469299,-0.131040558218956,-0.09938446432352066,-0.6838820576667786,-0.011929109692573547,-0.08397383242845535,-0.9507865905761719,-0.0794793963432312,-0.11721618473529816,-0.8697049021720886,-0.12902425229549408,-0.12689349055290222,-0.7176557779312134,-0.1540326625108719,-0.016336612403392792,-0.6906070709228516,-0.03131728246808052,0.02473762258887291,-1.0,-0.09803778678178787,-0.02690073475241661,-0.888316810131073,-0.12771344184875488,-0.04700121656060219,-0.7114623785018921,-0.13144075870513916,0.06306680291891098,-0.6397218704223633,-0.061815954744815826,0.11591256409883499,-0.9308571815490723,-0.11001100391149521,0.05693238601088524,-0.83517986536026,-0.12303036451339722,0.028632773086428642,-0.6702856421470642,-0.11838503926992416,0.1417263001203537,-0.5483551621437073,-0.09907715022563934,0.18476104736328125,-0.7504837512969971,-0.12373779714107513,0.13561944663524628,-0.7367951273918152,-0.12828968465328217,0.10190515965223312,-0.6340731382369995,-0.12530399858951569
E,E_session_002,288,0.0,0.0,0.0,-0.12258636206388474,-0.15339376032352448,-0.035213813185691833,-0.1723403036594391,-0.41549980640411377,-0.06042645499110222,-0.09409603476524353,-0.563950777053833,-0.09553638845682144,0.022352144122123718,-0.5195090174674988,-0.12651845812797546,-0.10241197794675827,-0.6795220375061035,-0.012330119498074055,-0.0885225310921669,-0.9492843747138977,-0.07841070741415024,-0.12037593126296997,-0.8706631064414978,-0.12723083794116974,-0.1294669508934021,-0.7180970311164856,-0.15209083259105682,-0.019818667322397232,-0.6877798438072205,-0.03143492713570595,0.02011241391301155,-1.0,-0.09618808329105377,-0.029778199270367622,-0.890360951423645,-0.12674981355667114,-0.04902162402868271,-0.7159026861190796,-0.13228151202201843,0.058769069612026215,-0.637939453125,-0.061360444873571396,0.1120210811495781,-0.9321618676185608,-0.10770008713006973,0.0548715814948082,-0.8414396047592163,-0.1228436604142189,0.02745032124221325,-0.6787405014038086,-0.12090706080198288,0.13648661971092224,-0.5478249788284302,-0.09796150773763657,0.179637148976326,-0.752733588218689,-0.12170407921075821,0.1327591836452484,-0.743869423866272,-0.12791824340820312,0.10037039965391159,-0.6428353786468506,-0.1270461529493332
E,E_session_002,289,0.0,0.0,0.0,-0.12184707820415497,-0.15110550820827484,-0.03721112385392189,-0.17371945083141327,-0.4051986634731293,-0.06480543315410614,-0.09480387717485428,-0.5521128177642822,-0.10183591395616531,0.023679537698626518,-0.5218183994293213,-0.13482104241847992,-0.10415027290582657,-0.675614058971405,-0.01747928559780121,-0.08899765461683273,-0.944615364074707,-0.08533436059951782,-0.11990372091531754,-0.871570348739624,-0.13490520417690277,-0.12804846465587616,-0.7250252962112427,-0.1601717174053192,-0.02085408754646778,-0.6858500242233276,-0.036460526287555695,0.02126058004796505,-1.0,-0.10298718512058258,-0.02922856993973255,-0.890286386013031,-0.1337575763463974,-0.049295201897621155,-0.716379702091217,-0.1393556147813797,0.05847303569316864,-0.6375136971473694,-0.06620913743972778,0.1120472252368927,-0.9316833019256592,-0.11426085978746414,0.05446351319551468,-0.8391103148460388,-0.12907999753952026,0.027132783085107803,-0.6766271591186523,-0.12677209079265594,0.1371292620897293,-0.5476322770118713,-0.10264722257852554,0.17911460995674133,-0.7540172934532166,-0.12737515568733215,0.13071931898593903,-0.7421900629997253,-0.13285863399505615,0.09751084446907043,-0.6394720077514648,-0.1313752382993698
E,E_session_002,290,0.0,0.0,0.0,-0.12456794828176498,-0.15498214960098267,-0.03747659549117088,-0.17515769600868225,-0.41251251101493835,-0.06421250849962234,-0.0949300155043602,-0.5597758889198303,-0.1006782129406929,0.02331729047000408,-0.5296697020530701,-0.13348904252052307,-0.10491441935300827,-0.67673259973526,-0.012829041108489037,-0.08934269845485687,-0.9433587193489075,-0.08017785847187042,-0.11914901435375214,-0.8817870616912842,-0.13109001517295837,-0.1269732266664505,-0.743318498134613,-0.1577010303735733,-0.021622667089104652,-0.6877813339233398,-0.03195566311478615,0.020772339776158333,-1.0,-0.09992114454507828,-0.028632737696170807,-0.8937041759490967,-0.13435733318328857,-0.04865196719765663,-0.7200710773468018,-0.14219172298908234,0.057956594973802567,-0.6407933235168457,-0.062049299478530884,0.11276371777057648,-0.934991717338562,-0.11102774739265442,0.05530912056565285,-0.8471100330352783,-0.12993693351745605,0.02713640406727791,-0.6836659908294678,-0.13032780587673187,0.13729631900787354,-0.5514718294143677,-0.09884747862815857,0.17898331582546234,-0.7573936581611633,-0.12435539811849594,0.12831927835941315,-0.7457102537155151,-0.1322665959596634,0.09238265454769135,-0.6405134797096252,-0.13270613551139832
E,E_session_002,291,0.0,0.0,0.0,-0.12327539175748825,-0.15718229115009308,-0.03731188178062439,-0.17194421589374542,-0.41249820590019226,-0.06440790742635727,-0.09177844226360321,-0.560879111289978,-0.10141593962907791,0.027544286102056503,-0.5306286811828613,-0.13429032266139984,-0.10320868343114853,-0.6773518919944763,-0.012389613315463066,-0.08756798505783081,-0.942488968372345,-0.08158647269010544,-0.11827737838029861,-0.8738821148872375,-0.13308562338352203,-0.12681183218955994,-0.7276272773742676,-0.15952269732952118,-0.01854272373020649,-0.6883971095085144,-0.031649090349674225,0.025460541248321533,-1.0,-0.10154575854539871,-0.02526947297155857,-0.8926941752433777,-0.13695746660232544,-0.04580160975456238,-0.7176922559738159,-0.14494165778160095,0.06054265424609184,-0.6408329606056213,-0.06194483861327171,0.11385424435138702,-0.9283710718154907,-0.11173492670059204,0.05655470862984657,-0.8345669507980347,-0.1291515976190567,0.028965774923563004,-0.6709972023963928,-0.12781496345996857,0.13898378610610962,-0.5513367652893066,-0.09906592220067978,0.17970168590545654,-0.7510644793510437,-0.12474643439054489,0.13252538442611694,-0.7399258613586426,-0.13238731026649475,0.09942644834518433,-0.6385360360145569,-0.13203443586826324
E,E_session_002,292,0.0,0.0,0.0,-0.12402603775262833,-0.1577402949333191,-0.038673389703035355,-0.17428922653198242,-0.41169029474258423,-0.06666025519371033,-0.09441915154457092,-0.5609133243560791,-0.10424347966909409,0.025660758838057518,-0.5292176604270935,-0.13755081593990326,-0.10389625281095505,-0.6763167977333069,-0.01397683285176754,-0.08708514273166656,-0.9468910694122314,-0.08239778876304626,-0.11725146323442459,-0.8739785552024841,-0.1335165798664093,-0.12646350264549255,-0.7273857593536377,-0.16012674570083618,-0.01985030807554722,-0.6878360509872437,-0.0323384590446949,0.022127484902739525,-1.0,-0.0996038168668747,-0.02654629945755005,-0.8889420628547668,-0.13265448808670044,-0.04659029841423035,-0.7169481515884399,-0.140310600399971,0.05956726521253586,-0.6415883898735046,-0.06195434182882309,0.11369680613279343,-0.9374145865440369,-0.11064542084932327,0.05719204619526863,-0.8403408527374268,-0.12659049034118652,0.02859397977590561,-0.6746408939361572,-0.12521089613437653,0.13853713870048523,-0.5524777173995972,-0.09857454150915146,0.1811368614435196,-0.7552617788314819,-0.12459637224674225,0.13183778524398804,-0.7412722706794739,-0.1318833827972412,0.0956711694598198,-0.638209879398346,-0.13176754117012024
E,E_session_002,293,0.0,0.0,0.0,-0.12322752922773361,-0.1534394770860672,-0.04018170386552811,-0.173063725233078,-0.405803382396698,-0.06932811439037323,-0.09121949970722198,-0.5522557497024536,-0.1073252335190773,0.02973136119544506,-0.5161824822425842,-0.14066137373447418,-0.10028883814811707,-0.6842647790908813,-0.016996247693896294,-0.08546073734760284,-0.9507602453231812,-0.08520147204399109,-0.11707852780818939,-0.871184766292572,-0.1361694633960724,-0.12445511668920517,-0.7192119359970093,-0.16294638812541962,-0.015363363549113274,-0.6940025687217712,-0.034751489758491516,0.026044992730021477,-1.0,-0.10152728110551834,-0.023841071873903275,-0.8877782225608826,-0.13348862528800964,-0.04317457601428032,-0.7144526243209839,-0.14074012637138367,0.06413939595222473,-0.6451063752174377,-0.06383082270622253,0.11838488280773163,-0.9355714321136475,-0.11165906488895416,0.06063418090343475,-0.840038001537323,-0.12668006122112274,0.03222603723406792,-0.6761787533760071,-0.12537451088428497,0.14281035959720612,-0.5537859201431274,-0.10014089196920395,0.18528176844120026,-0.7527279257774353,-0.12634387612342834,0.13464170694351196,-0.7371911406517029,-0.1335812658071518,0.098436139523983,-0.6337205767631531,-0.13359931111335754
E,E_session_002,294,0.0,0.0,0.0,-0.12472329288721085,-0.15069788694381714,-0.038983870297670364,-0.17682480812072754,-0.4091993272304535,-0.0658797174692154,-0.09612028300762177,-0.5592129826545715,-0.10198400169610977,0.024111218750476837,-0.5217170715332031,-0.13346901535987854,-0.10483565181493759,-0.6820805668830872,-0.014718522317707539,-0.09137202799320221,-0.9520018696784973,-0.08181186765432358,-0.12333591282367706,-0.8713780641555786,-0.131535142660141,-0.13133156299591064,-0.7177114486694336,-0.15739263594150543,-0.020913487300276756,-0.6918760538101196,-0.03241673484444618,0.018369264900684357,-1.0,-0.09737247973680496,-0.030819762498140335,-0.8879519701004028,-0.12788034975528717,-0.04842084273695946,-0.7164716124534607,-0.13433946669101715,0.05779356136918068,-0.6422023773193359,-0.06150811165571213,0.11042287200689316,-0.9342378973960876,-0.1090092808008194,0.053116798400878906,-0.8374249935150146,-0.12311751395463943,0.026490865275263786,-0.6748847961425781,-0.12104319781064987,0.13611556589603424,-0.5510674118995667,-0.09767287224531174,0.17879468202590942,-0.7545579671859741,-0.12375926226377487,0.12939141690731049,-0.7399397492408752,-0.13043081760406494,0.09503325819969177,-0.6374373435974121,-0.12997114658355713
E,E_session_002,295,0.0,0.0,0.0,-0.1268492043018341,-0.15677741169929504,-0.0365448035299778,-0.17836609482765198,-0.4160182774066925,-0.06194780394434929,-0.09792676568031311,-0.5649228692054749,-0.09739143401384354,0.021753141656517982,-0.5256187915802002,-0.12870733439922333,-0.10419415682554245,-0.6806056499481201,-0.009890123270452023,-0.09462235122919083,-0.9504915475845337,-0.0760285034775734,-0.1286621391773224,-0.8695054650306702,-0.12596017122268677,-0.13636137545108795,-0.7156935334205627,-0.15185247361660004,-0.02214891090989113,-0.6902332305908203,-0.028614236041903496,0.016472525894641876,-1.0,-0.0923255905508995,-0.03443700447678566,-0.8927336931228638,-0.12360922992229462,-0.052199747413396835,-0.7203653454780579,-0.1306048184633255,0.056509215384721756,-0.6419837474822998,-0.05872439593076706,0.10911867767572403,-0.9341453313827515,-0.10460256785154343,0.050343047827482224,-0.845333456993103,-0.12134566158056259,0.02369832806289196,-0.6826467514038086,-0.12149011343717575,0.13526183366775513,-0.553171694278717,-0.09584440290927887,0.17800398170948029,-0.7566119432449341,-0.1198490560054779,0.12457797676324844,-0.7439724206924438,-0.12716396152973175,0.08741338551044464,-0.6378235816955566,-0.12778174877166748
E,E_session_002,296,0.0,0.0,0.0,-0.12807415425777435,-0.15617762506008148,-0.03719213977456093,-0.17921030521392822,-0.4154108762741089,-0.06307557970285416,-0.09889272600412369,-0.5649875998497009,-0.09878383576869965,0.02146674506366253,-0.5204403400421143,-0.12996242940425873,-0.10648498684167862,-0.6841551661491394,-0.010475428774952888,-0.09909258782863617,-0.9546425938606262,-0.07689300924539566,-0.13356366753578186,-0.8681618571281433,-0.12683288753032684,-0.13986970484256744,-0.7100767493247986,-0.15271584689617157,-0.02423255145549774,-0.6925162672996521,-0.028533052653074265,0.012121687643229961,-1.0,-0.09281902015209198,-0.03900556638836861,-0.8915624618530273,-0.12442658096551895,-0.05554340407252312,-0.7170951962471008,-0.1314542442560196,0.0545421801507473,-0.6438553929328918,-0.05808813124895096,0.10676805675029755,-0.9354067444801331,-0.10405177623033524,0.046253420412540436,-0.8490239977836609,-0.12214326113462448,0.017722805961966515,-0.6859834790229797,-0.1231994554400444,0.1333719938993454,-0.5557745695114136,-0.09477799385786057,0.17790579795837402,-0.7532463073730469,-0.11986731737852097,0.12432107329368591,-0.744696855545044,-0.12979455292224884,0.0855177715420723,-0.6413248181343079,-0.13207107782363892
E,E_session_002,297,0.0,0.0,0.0,-0.12981772422790527,-0.16110143065452576,-0.03558623045682907,-0.17818835377693176,-0.4196712076663971,-0.06072717905044556,-0.09775035828351974,-0.5696945786476135,-0.09621969610452652,0.02051064930856228,-0.5194429159164429,-0.12724313139915466,-0.10688520222902298,-0.6806265711784363,-0.00699330260977149,-0.10129646956920624,-0.9580153226852417,-0.07171571999788284,-0.13385726511478424,-0.8732113838195801,-0.1203773245215416,-0.13869908452033997,-0.7165010571479797,-0.14552302658557892,-0.025238312780857086,-0.6895304322242737,-0.025770235806703568,0.008129133842885494,-1.0,-0.08785367012023926,-0.040585439652204514,-0.8929787278175354,-0.11817461997270584,-0.05502264201641083,-0.7222815752029419,-0.1247425451874733,0.053095873445272446,-0.6425195932388306,-0.05601155012845993,0.10437116771936417,-0.9386405348777771,-0.09985509514808655,0.04442736133933067,-0.8521672487258911,-0.11554098129272461,0.01670670136809349,-0.6921712160110474,-0.11541752517223358,0.13109047710895538,-0.556496262550354,-0.09345317631959915,0.17251715064048767,-0.7560904622077942,-0.11606720089912415,0.11891575902700424,-0.7447416186332703,-0.1231956034898758,0.08192189782857895,-0.6418394446372986,-0.12379878759384155
E,E_session_002,298,0.0,0.0,0.0,-0.1289384514093399,-0.15681637823581696,-0.037820104509592056,-0.1815195381641388,-0.413830429315567,-0.06407687067985535,-0.10423552989959717,-0.5696007609367371,-0.09984079748392105,0.015246279537677765,-0.5242042541503906,-0.1307457834482193,-0.1123233288526535,-0.6817468404769897,-0.010162027552723885,-0.10562177747488022,-0.9532819390296936,-0.07626571506261826,-0.13952289521694183,-0.8680471777915955,-0.12549297511577606,-0.1440754532814026,-0.7123334407806396,-0.1509280502796173,-0.02947789616882801,-0.6918325424194336,-0.028091639280319214,0.006331180222332478,-1.0,-0.09183705598115921,-0.04420294240117073,-0.8930532932281494,-0.12232014536857605,-0.0587976835668087,-0.7219578623771667,-0.12841962277889252,0.04948537424206734,-0.6456464529037476,-0.05762823671102524,0.10222409665584564,-0.9381521940231323,-0.10324892401695251,0.04174884781241417,-0.8554078936576843,-0.12008700519800186,0.014893311075866222,-0.6964694857597351,-0.12007620930671692,0.12794771790504456,-0.5596847534179688,-0.09438204765319824,0.17013850808143616,-0.7584068775177002,-0.11881697177886963,0.11762582510709763,-0.750173807144165,-0.1275285929441452,0.08217842131853104,-0.6475367546081543,-0.12870603799819946
E,E_session_002,299,0.0,0.0,0.0,-0.12992112338542938,-0.15575408935546875,-0.03647688031196594,-0.18112243711948395,-0.41953399777412415,-0.06092718616127968,-0.10240723192691803,-0.5744593739509583,-0.09512985497713089,0.01817399077117443,-0.5199947953224182,-0.12445320188999176,-0.11191379278898239,-0.6820302605628967,-0.00813308171927929,-0.10609125345945358,-0.9515795111656189,-0.07353241741657257,-0.14134284853935242,-0.8727703094482422,-0.1218760758638382,-0.14488007128238678,-0.7179673910140991,-0.14661049842834473,-0.029435839504003525,-0.69287109375,-0.026283545419573784,0.006314531899988651,-1.0,-0.08997732400894165,-0.0461740605533123,-0.8963193893432617,-0.11964944005012512,-0.05978759750723839,-0.7243669629096985,-0.1247360110282898,0.0491800457239151,-0.6464496850967407,-0.055999305099248886,0.10087384283542633,-0.9352160096168518,-0.10063095390796661,0.03894021734595299,-0.8537585139274597,-0.11614185571670532,0.013755975291132927,-0.6956931948661804,-0.11507827788591385,0.12748247385025024,-0.5614657402038574,-0.09304686635732651,0.16969344019889832,-0.7620587348937988,-0.11616554856300354,0.11581534892320633,-0.7540417313575745,-0.12395809590816498,0.08110710233449936,-0.6490014791488647,-0.12445057183504105
