label,session_id,sample_index,x_0,y_0,z_0,x_1,y_1,z_1,x_2,y_2,z_2,x_3,y_3,z_3,x_4,y_4,z_4,x_5,y_5,z_5,x_6,y_6,z_6,x_7,y_7,z_7,x_8,y_8,z_8,x_9,y_9,z_9,x_10,y_10,z_10,x_11,y_11,z_11,x_12,y_12,z_12,x_13,y_13,z_13,x_14,y_14,z_14,x_15,y_15,z_15,x_16,y_16,z_16,x_17,y_17,z_17,x_18,y_18,z_18,x_19,y_19,z_19,x_20,y_20,z_20
F,F_session_002,0,0.0,0.0,0.0,-0.09862834960222244,-0.0735580250620842,-0.02620285004377365,-0.17946618795394897,-0.2047620266675949,-0.0459306538105011,-0.22341597080230713,-0.3341403305530548,-0.06846437603235245,-0.23895302414894104,-0.4494578242301941,-0.08691209554672241,-0.13815778493881226,-0.47790658473968506,-0.0023444397374987602,-0.16694171726703644,-0.645861029624939,-0.05574379116296768,-0.18708255887031555,-0.5871860980987549,-0.10095654428005219,-0.19592635333538055,-0.49511224031448364,-0.12360791116952896,-0.07385750859975815,-0.5201297998428345,-0.016945356503129005,-0.09631989896297455,-0.7469252347946167,-0.041885096579790115,-0.11584694683551788,-0.8792082071304321,-0.06796809285879135,-0.13553933799266815,-1.0,-0.08647052198648453,-0.005380166694521904,-0.5009201765060425,-0.041638392955064774,0.010162058286368847,-0.7221289277076721,-0.07334448397159576,0.01986963488161564,-0.8653343915939331,-0.09696809947490692,0.021665839478373528,-0.9931564927101135,-0.11156246066093445,0.06352683156728745,-0.42761439085006714,-0.0690450668334961,0.10229058563709259,-0.5767754316329956,-0.09864278882741928,0.128631591796875,-0.6822891235351562,-0.10545452684164047,0.1512279510498047,-0.7837185263633728,-0.10701305419206619
F,F_session_002,1,0.0,0.0,0.0,-0.09679774940013885,-0.07420367002487183,-0.03188706561923027,-0.17388595640659332,-0.20365895330905914,-0.05506481975317001,-0.2151447832584381,-0.32511666417121887,-0.08004049956798553,-0.22850628197193146,-0.44909054040908813,-0.10005733370780945,-0.12897641956806183,-0.4805152118206024,-0.010914529673755169,-0.15860635042190552,-0.6533724069595337,-0.07006007432937622,-0.18235152959823608,-0.5930079221725464,-0.11815120279788971,-0.19323882460594177,-0.4964563846588135,-0.14159666001796722,-0.06736388802528381,-0.5249066352844238,-0.022318126633763313,-0.08924277126789093,-0.7498239278793335,-0.05044097080826759,-0.10947229713201523,-0.8825838565826416,-0.0771683007478714,-0.1278264820575714,-1.0,-0.09636615961790085,-0.0007006590603850782,-0.504473865032196,-0.044644393026828766,0.01139857992529869,-0.7139536738395691,-0.0761362612247467,0.019928334280848503,-0.8513877987861633,-0.09840867668390274,0.021820716559886932,-0.9787589907646179,-0.11328450590372086,0.06469864398241043,-0.4310218095779419,-0.07045949250459671,0.10253188759088516,-0.5744795799255371,-0.09897483140230179,0.1290528029203415,-0.6746452450752258,-0.1059204563498497,0.1505141705274582,-0.7746564745903015,-0.10833429545164108
F,F_session_002,2,0.0,0.0,0.0,-0.09657184779644012,-0.0805872455239296,-0.030952641740441322,-0.1734175980091095,-0.209180548787117,-0.053870491683483124,-0.21573640406131744,-0.32926514744758606,-0.0791240930557251,-0.22637231647968292,-0.4551868140697479,-0.09963630884885788,-0.12589678168296814,-0.48507991433143616,-0.008027767762541771,-0.15653075277805328,-0.6541447043418884,-0.06644703447818756,-0.1830517053604126,-0.5936921238899231,-0.11460017412900925,-0.19559215009212494,-0.49942418932914734,-0.13864797353744507,-0.06515628844499588,-0.5296752452850342,-0.02007192000746727,-0.08605577051639557,-0.7513270378112793,-0.04826078936457634,-0.10709073394536972,-0.8833893537521362,-0.07516352087259293,-0.1265229433774948,-1.0,-0.09473729133605957,-0.00013136447523720562,-0.5090699791908264,-0.04319717362523079,0.013640149496495724,-0.7148081064224243,-0.07445532828569412,0.021409278735518456,-0.8512250185012817,-0.0964912623167038,0.022722098976373672,-0.9779262542724609,-0.11137191206216812,0.06283079087734222,-0.4347948431968689,-0.06991218030452728,0.10192235559225082,-0.5761041045188904,-0.09718871116638184,0.12830552458763123,-0.6758130788803101,-0.10366912931203842,0.149710014462471,-0.7757574319839478,-0.10615921020507812
F,F_session_002,3,0.0,0.0,0.0,-0.09771833568811417,-0.07929499447345734,-0.03215213865041733,-0.1751992553472519,-0.2055872529745102,-0.05582999810576439,-0.2176060825586319,-0.325117290019989,-0.08175404369831085,-0.2279493361711502,-0.45152348279953003,-0.1029839739203453,-0.12651243805885315,-0.48152461647987366,-0.009695724584162235,-0.1563592553138733,-0.6517316102981567,-0.06867560744285583,-0.18324311077594757,-0.5929729342460632,-0.1172386035323143,-0.19516806304454803,-0.5001987814903259,-0.1417289674282074,-0.06584466993808746,-0.5269770622253418,-0.021484849974513054,-0.08721153438091278,-0.7502691745758057,-0.04994874447584152,-0.10848847776651382,-0.8827184438705444,-0.07708323001861572,-0.12760517001152039,-1.0,-0.09715647250413895,-0.0011872584000229836,-0.5072773694992065,-0.04447164013981819,0.01239185594022274,-0.7145103216171265,-0.07604464888572693,0.02098889835178852,-0.8508805632591248,-0.09866601973772049,0.022893385961651802,-0.9787836670875549,-0.11427264660596848,0.061520375311374664,-0.4337170720100403,-0.07115484029054642,0.10042404383420944,-0.5760219097137451,-0.09888166934251785,0.1274040788412094,-0.6761152744293213,-0.10599256306886673,0.14937140047550201,-0.7775688767433167,-0.10922873020172119
F,F_session_002,4,0.0,0.0,0.0,-0.09600361436605453,-0.07988518476486206,-0.031421419233083725,-0.1738768070936203,-0.20643633604049683,-0.05481325462460518,-0.21855108439922333,-0.32459285855293274,-0.0803847387433052,-0.22761915624141693,-0.45188796520233154,-0.10119260102510452,-0.1285279542207718,-0.48421645164489746,-0.00836440920829773,-0.158290296792984,-0.6531219482421875,-0.06650181114673615,-0.1821865290403366,-0.5989416241645813,-0.11449412256479263,-0.19190725684165955,-0.510780930519104,-0.1387718915939331,-0.06731655448675156,-0.5298985838890076,-0.020374130457639694,-0.08925561606884003,-0.7533817887306213,-0.04879027605056763,-0.1090979352593422,-0.8851516842842102,-0.0756635069847107,-0.12716077268123627,-1.0,-0.09512551873922348,-0.0010936070466414094,-0.5091404914855957,-0.04346087947487831,0.01093001663684845,-0.7156139016151428,-0.07526331394910812,0.019455865025520325,-0.8511764407157898,-0.09746391326189041,0.02136395126581192,-0.9783879518508911,-0.11237970739603043,0.06304798275232315,-0.43399640917778015,-0.0700642392039299,0.10098538547754288,-0.5757840871810913,-0.09811792522668839,0.1276092529296875,-0.6738190054893494,-0.10488546639680862,0.14908626675605774,-0.7734617590904236,-0.1074981540441513
F,F_session_002,5,0.0,0.0,0.0,-0.0966128334403038,-0.08004628866910934,-0.032228440046310425,-0.17483915388584137,-0.2039567232131958,-0.05602997541427612,-0.2206929624080658,-0.3228023946285248,-0.08227656781673431,-0.2322840541601181,-0.45037591457366943,-0.10354918986558914,-0.12893658876419067,-0.48167452216148376,-0.006702873390167952,-0.157819926738739,-0.6535972952842712,-0.06616564840078354,-0.18124857544898987,-0.5996140241622925,-0.11503929644823074,-0.18974155187606812,-0.5096161961555481,-0.13916149735450745,-0.06881870329380035,-0.5274535417556763,-0.017892317846417427,-0.08868678659200668,-0.7525039911270142,-0.04577420651912689,-0.10868935286998749,-0.8847941160202026,-0.07162361592054367,-0.12705761194229126,-1.0,-0.09016820788383484,-0.0036065257154405117,-0.5086456537246704,-0.04070264473557472,0.010324036702513695,-0.7153631448745728,-0.07178241014480591,0.01883087307214737,-0.8499761819839478,-0.09253276139497757,0.020874163135886192,-0.9750195145606995,-0.10616327822208405,0.05954573675990105,-0.43622496724128723,-0.06737428158521652,0.09827452152967453,-0.5775398015975952,-0.09507521986961365,0.12533576786518097,-0.6756583452224731,-0.10128374397754669,0.14784619212150574,-0.7743932008743286,-0.10314464569091797
F,F_session_002,6,0.0,0.0,0.0,-0.09851893037557602,-0.07940270751714706,-0.030173901468515396,-0.1778787225484848,-0.20484909415245056,-0.05281006544828415,-0.22431644797325134,-0.32308459281921387,-0.07792429625988007,-0.23375247418880463,-0.4467479884624481,-0.09814967960119247,-0.12992966175079346,-0.4786277115345001,-0.006468987558037043,-0.1584438681602478,-0.6514996886253357,-0.06559223681688309,-0.1821639984846115,-0.6010704636573792,-0.11416491121053696,-0.19117313623428345,-0.5131467580795288,-0.1381370723247528,-0.06957165151834488,-0.5228323340415955,-0.01847398281097412,-0.09103216975927353,-0.7505815625190735,-0.04704311862587929,-0.1093827337026596,-0.8843522667884827,-0.07305007427930832,-0.12533259391784668,-1.0,-0.09146855026483536,-0.004010060336440802,-0.5029218196868896,-0.0417046919465065,0.009203891269862652,-0.7112401127815247,-0.07323595136404037,0.018736155703663826,-0.8465798497200012,-0.09394477307796478,0.02167428843677044,-0.9720506072044373,-0.10725921392440796,0.059985578060150146,-0.4300038516521454,-0.06852073967456818,0.09732670336961746,-0.5719011425971985,-0.0961415022611618,0.12397829443216324,-0.6696441173553467,-0.10178907215595245,0.14598241448402405,-0.7680376768112183,-0.10315929353237152
F,F_session_002,7,0.0,0.0,0.0,-0.0985114574432373,-0.08069431036710739,-0.027783259749412537,-0.17837932705879211,-0.20943714678287506,-0.048519495874643326,-0.22509580850601196,-0.32745710015296936,-0.0719987228512764,-0.23313014209270477,-0.44806399941444397,-0.0908706933259964,-0.13027805089950562,-0.48271408677101135,-0.003518983256071806,-0.15762612223625183,-0.6518396735191345,-0.06024617701768875,-0.17957322299480438,-0.6063281297683716,-0.1075734943151474,-0.1877172589302063,-0.5242670774459839,-0.13130785524845123,-0.07006573677062988,-0.5255979299545288,-0.016548624262213707,-0.09177392721176147,-0.7513540387153625,-0.04336204379796982,-0.11058598756790161,-0.8854020237922668,-0.06896728277206421,-0.1269289255142212,-1.0,-0.08749187737703323,-0.004690233152359724,-0.5048098564147949,-0.04049961268901825,0.008134628646075726,-0.7124318480491638,-0.07110702246427536,0.017248431220650673,-0.8477057218551636,-0.09237097203731537,0.019838787615299225,-0.9727091789245605,-0.1064583882689476,0.059162866324186325,-0.4314604103565216,-0.06779194623231888,0.0965985506772995,-0.5732793211936951,-0.09541253745555878,0.12318508327007294,-0.6713864803314209,-0.10188969224691391,0.14487850666046143,-0.7703719735145569,-0.1041530966758728
F,F_session_002,8,0.0,0.0,0.0,-0.0966501459479332,-0.08185822516679764,-0.02782454900443554,-0.17558372020721436,-0.21194975078105927,-0.048515789210796356,-0.22172479331493378,-0.32978206872940063,-0.07181601226329803,-0.2302345335483551,-0.44996675848960876,-0.09033075720071793,-0.126414954662323,-0.4834394156932831,-0.005327984225004911,-0.15448155999183655,-0.6551049947738647,-0.06338188797235489,-0.17831353843212128,-0.6031129956245422,-0.11104791611433029,-0.18771600723266602,-0.5152721405029297,-0.13440099358558655,-0.06638775765895844,-0.5257461667060852,-0.017809154465794563,-0.08651477843523026,-0.7520936727523804,-0.0453106164932251,-0.10493343323469162,-0.8863496780395508,-0.07043784111738205,-0.12110178917646408,-1.0,-0.08829101920127869,-0.001445950591005385,-0.5047532320022583,-0.04119488596916199,0.011304382234811783,-0.713467001914978,-0.07165343314409256,0.02018089033663273,-0.8493012189865112,-0.09196728467941284,0.022791020572185516,-0.9741585850715637,-0.10514051467180252,0.06196168437600136,-0.4307745695114136,-0.0679316520690918,0.09848125278949738,-0.5732991695404053,-0.09472020715475082,0.12427288293838501,-0.671877384185791,-0.10024519264698029,0.1455598920583725,-0.7704215049743652,-0.1016257181763649
F,F_session_002,9,0.0,0.0,0.0,-0.09663349390029907,-0.08450903743505478,-0.03151603415608406,-0.1741420179605484,-0.21141646802425385,-0.05551309883594513,-0.21974419057369232,-0.3308859169483185,-0.08181900531053543,-0.2278180718421936,-0.4556666612625122,-0.10340908914804459,-0.12430468201637268,-0.48502597212791443,-0.007177581079304218,-0.15117895603179932,-0.6535419821739197,-0.06758838891983032,-0.1765592247247696,-0.6060181856155396,-0.11781946569681168,-0.1873687505722046,-0.5214295387268066,-0.14292171597480774,-0.0644429475069046,-0.5275102853775024,-0.018804607912898064,-0.08332780003547668,-0.7523095607757568,-0.04698509722948074,-0.10170270502567291,-0.8860113620758057,-0.07303482294082642,-0.11768735945224762,-1.0,-0.09179044514894485,0.0002727410465013236,-0.5059676170349121,-0.04194066300988197,0.014174461364746094,-0.7140470147132874,-0.07278027385473251,0.02294512838125229,-0.8492891788482666,-0.09305725246667862,0.025501370429992676,-0.9743786454200745,-0.10650093108415604,0.06296765804290771,-0.4304874539375305,-0.06895478069782257,0.09976735711097717,-0.570741593837738,-0.09616777300834656,0.12545232474803925,-0.6685600280761719,-0.10178817808628082,0.14664216339588165,-0.7674683332443237,-0.10338473320007324
F,F_session_002,10,0.0,0.0,0.0,-0.09805501252412796,-0.08281749486923218,-0.031894054263830185,-0.1762211173772812,-0.20813263952732086,-0.05625030770897865,-0.22217749059200287,-0.3259302079677582,-0.0831175222992897,-0.23019061982631683,-0.45050308108329773,-0.10522475093603134,-0.12773676216602325,-0.48377305269241333,-0.00776959303766489,-0.15545733273029327,-0.6557624340057373,-0.06878409534692764,-0.1771981567144394,-0.6051934957504272,-0.1190657913684845,-0.18452711403369904,-0.5197409987449646,-0.14397010207176208,-0.06595034897327423,-0.5266508460044861,-0.01954272948205471,-0.08541655540466309,-0.7523367404937744,-0.04795847833156586,-0.10299231112003326,-0.8853188157081604,-0.07424630969762802,-0.11868297308683395,-1.0,-0.09313153475522995,0.00015088575310073793,-0.5051206350326538,-0.04297487065196037,0.012648985721170902,-0.7140145897865295,-0.07420863211154938,0.021812865510582924,-0.8488903641700745,-0.09490528702735901,0.024716446176171303,-0.9742658138275146,-0.10853961855173111,0.06430064141750336,-0.43103688955307007,-0.07026290893554688,0.10094855725765228,-0.5732157826423645,-0.09738346934318542,0.12652207911014557,-0.6708914637565613,-0.10315198451280594,0.1472298502922058,-0.7700168490409851,-0.10483241826295853
F,F_session_002,11,0.0,0.0,0.0,-0.09772370010614395,-0.0809159055352211,-0.031101131811738014,-0.17699217796325684,-0.2088988870382309,-0.054425377398729324,-0.2217182219028473,-0.3269539773464203,-0.08019208908081055,-0.22896263003349304,-0.449245423078537,-0.10116741061210632,-0.12732446193695068,-0.4850408732891083,-0.008444039151072502,-0.15463469922542572,-0.6571264266967773,-0.06916625052690506,-0.17928189039230347,-0.6014451384544373,-0.11919686943292618,-0.1894780695438385,-0.5105400681495667,-0.1438405066728592,-0.06659920513629913,-0.5273054242134094,-0.020204393193125725,-0.08420144766569138,-0.7521248459815979,-0.04768972843885422,-0.10158541053533554,-0.885528028011322,-0.07294725626707077,-0.11706490069627762,-1.0,-0.09114904701709747,-0.001297262846492231,-0.5051758885383606,-0.04344816505908966,0.011420577764511108,-0.7130934000015259,-0.0734657496213913,0.02033509686589241,-0.8487580418586731,-0.09350910782814026,0.02352123335003853,-0.9739528298377991,-0.10691290348768234,0.06230432540178299,-0.43043825030326843,-0.07057472318410873,0.09890209883451462,-0.5711474418640137,-0.09755083918571472,0.12427488714456558,-0.6693980693817139,-0.10327678918838501,0.14544962346553802,-0.7685311436653137,-0.10483839362859726
F,F_session_002,12,0.0,0.0,0.0,-0.09832919389009476,-0.07981883734464645,-0.03223656862974167,-0.17815479636192322,-0.20546406507492065,-0.05644843354821205,-0.22450216114521027,-0.32494479417800903,-0.08314845710992813,-0.23030169308185577,-0.44850221276283264,-0.1051192358136177,-0.12896119058132172,-0.47992244362831116,-0.008437362499535084,-0.15678901970386505,-0.6546996831893921,-0.06932322680950165,-0.1800083965063095,-0.6023114919662476,-0.11929905414581299,-0.18813447654247284,-0.5134783983230591,-0.14406633377075195,-0.06804972887039185,-0.5237098336219788,-0.01989612728357315,-0.08723516762256622,-0.7509631514549255,-0.04835447296500206,-0.10534171760082245,-0.8843814134597778,-0.07465049624443054,-0.12132950872182846,-1.0,-0.09363814443349838,-0.002783379051834345,-0.5033831596374512,-0.04295181855559349,0.00968355406075716,-0.7125957608222961,-0.07436751574277878,0.019235894083976746,-0.8470680117607117,-0.0953931212425232,0.022794628515839577,-0.9719045162200928,-0.10936568677425385,0.06095031276345253,-0.4305835962295532,-0.06988891959190369,0.09753094613552094,-0.5719649791717529,-0.09786044806241989,0.12385851889848709,-0.6696943640708923,-0.1042490303516388,0.14566485583782196,-0.7688063383102417,-0.10637255758047104
F,F_session_002,13,0.0,0.0,0.0,-0.09735014289617538,-0.08071453124284744,-0.031584762036800385,-0.17584334313869476,-0.20637963712215424,-0.05562175065279007,-0.2209382951259613,-0.32371634244918823,-0.08198550343513489,-0.2276747226715088,-0.4460684061050415,-0.10366426408290863,-0.1279028207063675,-0.47990894317626953,-0.00977063924074173,-0.15595906972885132,-0.6526346802711487,-0.06972158700227737,-0.17783598601818085,-0.5985721349716187,-0.11880616843700409,-0.18470507860183716,-0.5096766352653503,-0.1433287113904953,-0.067263662815094,-0.5228053331375122,-0.02185358665883541,-0.08748164027929306,-0.7503144145011902,-0.050424497574567795,-0.1054488942027092,-0.8835841417312622,-0.07694937288761139,-0.12075575441122055,-1.0,-0.09616231918334961,-0.0020549604669213295,-0.5009345412254333,-0.0451660230755806,0.010940304026007652,-0.7101138830184937,-0.07696468383073807,0.020541736856102943,-0.844868540763855,-0.0986427441239357,0.02413599006831646,-0.9705963134765625,-0.11313943564891815,0.06148292496800423,-0.426154762506485,-0.07212628424167633,0.09812324494123459,-0.5674875974655151,-0.10067472606897354,0.12415183335542679,-0.6661560535430908,-0.10743299871683121,0.1455734670162201,-0.7665180563926697,-0.10989539325237274
F,F_session_002,14,0.0,0.0,0.0,-0.09736769646406174,-0.08203309774398804,-0.03104187175631523,-0.17564982175827026,-0.2090861201286316,-0.05435457453131676,-0.2213638871908188,-0.3256125748157501,-0.08019787818193436,-0.22852355241775513,-0.44573286175727844,-0.10130912065505981,-0.12921775877475739,-0.48107218742370605,-0.008419164456427097,-0.15730467438697815,-0.6554197669029236,-0.06886814534664154,-0.1782684475183487,-0.5999986529350281,-0.11836135387420654,-0.18419648706912994,-0.5096535086631775,-0.1428411900997162,-0.06821169704198837,-0.5245395302772522,-0.020495520904660225,-0.08869610726833344,-0.7524390816688538,-0.04897738993167877,-0.10716281086206436,-0.8856108784675598,-0.07540780305862427,-0.12317600846290588,-1.0,-0.09428957849740982,-0.002236325526610017,-0.503154993057251,-0.043876368552446365,0.009524604305624962,-0.7129086852073669,-0.07539354264736176,0.01856199838221073,-0.8467888832092285,-0.09651561826467514,0.021744394674897194,-0.9709258675575256,-0.11030340939760208,0.06198688596487045,-0.4287087321281433,-0.07090312242507935,0.09829919040203094,-0.5710362792015076,-0.09880746155977249,0.12405096739530563,-0.6689850687980652,-0.10482605546712875,0.14543980360031128,-0.7681266665458679,-0.10648620873689651
F,F_session_002,15,0.0,0.0,0.0,-0.09546861797571182,-0.0820959284901619,-0.032170914113521576,-0.17282941937446594,-0.20921441912651062,-0.05611790716648102,-0.21902069449424744,-0.32560670375823975,-0.08251683413982391,-0.22482962906360626,-0.44447991251945496,-0.10427481681108475,-0.1277688443660736,-0.4812186658382416,-0.008969107642769814,-0.1562270224094391,-0.6527045369148254,-0.06957466155290604,-0.17432139813899994,-0.599643349647522,-0.119389109313488,-0.17827993631362915,-0.5139437913894653,-0.14436934888362885,-0.06667391210794449,-0.5259305834770203,-0.020744619891047478,-0.08772077411413193,-0.7514710426330566,-0.049817442893981934,-0.1064816489815712,-0.8842947483062744,-0.0771712139248848,-0.12311089783906937,-1.0,-0.09692147374153137,-0.0005730146076530218,-0.5054027438163757,-0.043884869664907455,0.011629831977188587,-0.7116398215293884,-0.07591988891363144,0.02074006199836731,-0.8433178663253784,-0.09784750640392303,0.023818615823984146,-0.9667501449584961,-0.1122971922159195,0.06333202123641968,-0.43169477581977844,-0.07079958915710449,0.09972036629915237,-0.5720455050468445,-0.09869031608104706,0.12589271366596222,-0.6682519912719727,-0.10519015043973923,0.14771680533885956,-0.7663052082061768,-0.10746146738529205
F,F_session_002,16,0.0,0.0,0.0,-0.09646102786064148,-0.08474549651145935,-0.03189766779541969,-0.17210392653942108,-0.21457234025001526,-0.05505701154470444,-0.21620264649391174,-0.3332408666610718,-0.08100315183401108,-0.22064408659934998,-0.43745118379592896,-0.10252693295478821,-0.1296907365322113,-0.4816470742225647,-0.005128047429025173,-0.1569875031709671,-0.6485522985458374,-0.06615428626537323,-0.1691383421421051,-0.597809910774231,-0.1170741617679596,-0.16838327050209045,-0.5169731974601746,-0.14274939894676208,-0.06798423826694489,-0.5256776809692383,-0.017178455367684364,-0.08898045122623444,-0.7482847571372986,-0.0465812087059021,-0.10768269747495651,-0.8815686702728271,-0.07519762217998505,-0.12428884953260422,-1.0,-0.09565898776054382,-0.0009929959196597338,-0.5044572949409485,-0.04089924320578575,0.012095785699784756,-0.710902750492096,-0.07405039668083191,0.02180059440433979,-0.8428236246109009,-0.09769263118505478,0.025523491203784943,-0.9680992960929871,-0.1127406656742096,0.06340429931879044,-0.4301675260066986,-0.06836842000484467,0.10105931758880615,-0.5707373023033142,-0.09631314873695374,0.12725651264190674,-0.66584312915802,-0.103290855884552,0.14895498752593994,-0.7643704414367676,-0.1058776006102562
F,F_session_002,17,0.0,0.0,0.0,-0.09497718513011932,-0.08291652798652649,-0.03143773600459099,-0.170508474111557,-0.2183268517255783,-0.05255186930298805,-0.2108597308397293,-0.33851760625839233,-0.0760301798582077,-0.21009215712547302,-0.43772557377815247,-0.09484972804784775,-0.12721259891986847,-0.48238155245780945,-0.006321834400296211,-0.15403525531291962,-0.6483539938926697,-0.0658332109451294,-0.16518829762935638,-0.5887672901153564,-0.11477603763341904,-0.16491013765335083,-0.5038039088249207,-0.139230415225029,-0.06588459014892578,-0.5259721875190735,-0.01805025339126587,-0.08889882266521454,-0.7475479245185852,-0.04726332053542137,-0.10856599360704422,-0.8806180953979492,-0.07513101398944855,-0.12672030925750732,-1.0,-0.09490805864334106,0.000419636897277087,-0.5036652684211731,-0.04119519516825676,0.014442583546042442,-0.7100390195846558,-0.07483518123626709,0.024095984175801277,-0.8428516983985901,-0.09897608309984207,0.026538608595728874,-0.9696016311645508,-0.11406687647104263,0.0642571821808815,-0.42879801988601685,-0.06786002218723297,0.10306307673454285,-0.5706741809844971,-0.09663210809230804,0.13019704818725586,-0.6671307682991028,-0.10439371317625046,0.1517024040222168,-0.7664605379104614,-0.1074305847287178
F,F_session_002,18,0.0,0.0,0.0,-0.09495972841978073,-0.08546485751867294,-0.03067603148519993,-0.16943243145942688,-0.2207525074481964,-0.05172222480177879,-0.2087295651435852,-0.34327980875968933,-0.07567090541124344,-0.20046091079711914,-0.43850165605545044,-0.09505269676446915,-0.12259559333324432,-0.4836336672306061,-0.003113608108833432,-0.14815360307693481,-0.6500136256217957,-0.0630820244550705,-0.16058672964572906,-0.5923939347267151,-0.11290303617715836,-0.1615779548883438,-0.5076813101768494,-0.13792221248149872,-0.061421360820531845,-0.5269341468811035,-0.014998705126345158,-0.08282989263534546,-0.7473300695419312,-0.04448045790195465,-0.10219965875148773,-0.8799386024475098,-0.07271824032068253,-0.12028943747282028,-1.0,-0.09262539446353912,0.004964729771018028,-0.5063274502754211,-0.03842657431960106,0.019923213869333267,-0.7116187214851379,-0.07203593850135803,0.03079667128622532,-0.8425369262695312,-0.09585196524858475,0.03477863222360611,-0.9674115180969238,-0.11051144450902939,0.06866065412759781,-0.43253692984580994,-0.06546925008296967,0.10771017521619797,-0.5730506181716919,-0.09343253821134567,0.13568569719791412,-0.6675266623497009,-0.10031096637248993,0.15855801105499268,-0.7655857801437378,-0.1026463657617569
F,F_session_002,19,0.0,0.0,0.0,-0.09454894065856934,-0.08336097747087479,-0.029507098719477654,-0.16994312405586243,-0.2232876420021057,-0.048334602266550064,-0.20697984099388123,-0.3490021526813507,-0.06998879462480545,-0.19751714169979095,-0.43896040320396423,-0.08684573322534561,-0.12438339740037918,-0.48678696155548096,-0.0008641575695946813,-0.15005508065223694,-0.6514513492584229,-0.05802314728498459,-0.15600480139255524,-0.5948507785797119,-0.10571742057800293,-0.15144644677639008,-0.5150226950645447,-0.12987393140792847,-0.062087785452604294,-0.5306102633476257,-0.012820481322705746,-0.08305258303880692,-0.745624303817749,-0.042628176510334015,-0.10053881257772446,-0.8782951235771179,-0.07171472162008286,-0.11624018102884293,-1.0,-0.09230653941631317,0.004061887972056866,-0.510215699672699,-0.03602517768740654,0.019672885537147522,-0.7141718864440918,-0.07112939655780792,0.03126853331923485,-0.8442909121513367,-0.09679093211889267,0.03629370033740997,-0.970268964767456,-0.11230563372373581,0.0678529366850853,-0.4369683563709259,-0.06249433383345604,0.10801520198583603,-0.5802116394042969,-0.09092124551534653,0.1376582533121109,-0.6736449599266052,-0.09887102991342545,0.16233590245246887,-0.7707703113555908,-0.10206273943185806
F,F_session_002,20,0.0,0.0,0.0,-0.09301810711622238,-0.08462448418140411,-0.027697796002030373,-0.16653265058994293,-0.22693666815757751,-0.046262770891189575,-0.20133042335510254,-0.35289904475212097,-0.0682571604847908,-0.18322357535362244,-0.4389238953590393,-0.08571998029947281,-0.11793272942304611,-0.4858805239200592,-0.00035000458592548966,-0.14399702847003937,-0.6532961130142212,-0.05935867130756378,-0.14813053607940674,-0.5927671194076538,-0.10802334547042847,-0.1416442096233368,-0.5093527436256409,-0.13228590786457062,-0.05549369379878044,-0.5280160307884216,-0.013431604020297527,-0.0761750116944313,-0.7449047565460205,-0.04384053125977516,-0.09254544228315353,-0.8776158094406128,-0.07325515151023865,-0.10779920220375061,-1.0,-0.09385499358177185,0.011102483607828617,-0.5075609683990479,-0.0377066396176815,0.02699248120188713,-0.7137477397918701,-0.0728781521320343,0.03952119126915932,-0.8448968529701233,-0.09850296378135681,0.044651418924331665,-0.9715454578399658,-0.11392752081155777,0.07477909326553345,-0.4353504776954651,-0.06510117650032043,0.11555023491382599,-0.579249918460846,-0.0931403785943985,0.144952654838562,-0.6730691194534302,-0.10078071057796478,0.16890864074230194,-0.7704475522041321,-0.10377785563468933
F,F_session_002,21,0.0,0.0,0.0,-0.09288042783737183,-0.08698514103889465,-0.024774393066763878,-0.1672499030828476,-0.23850777745246887,-0.04138016328215599,-0.20120932161808014,-0.3705679178237915,-0.06198621913790703,-0.16963213682174683,-0.44496607780456543,-0.07853076606988907,-0.11261601001024246,-0.49176859855651855,0.0035013624001294374,-0.13681082427501678,-0.6544812917709351,-0.05279569700360298,-0.14028853178024292,-0.5965589284896851,-0.09961946308612823,-0.13366641104221344,-0.5164591670036316,-0.12338897585868835,-0.04991617426276207,-0.5327413082122803,-0.010823885910212994,-0.0688777044415474,-0.7478489875793457,-0.03935471177101135,-0.08376164734363556,-0.879749596118927,-0.06736231595277786,-0.0976073369383812,-1.0,-0.08709987252950668,0.017136694863438606,-0.5107424855232239,-0.03608867526054382,0.033712659031152725,-0.7168577909469604,-0.07044265419244766,0.04694880172610283,-0.8483123779296875,-0.09674201160669327,0.05294235050678253,-0.9754370450973511,-0.11285734921693802,0.08101219683885574,-0.43659284710884094,-0.06416886299848557,0.12347862869501114,-0.5768992900848389,-0.09197134524583817,0.15475675463676453,-0.6678125262260437,-0.10065686702728271,0.1807492971420288,-0.7621843218803406,-0.10474469512701035
F,F_session_002,22,0.0,0.0,0.0,-0.09187685698270798,-0.08866561204195023,-0.027887973934412003,-0.16427090764045715,-0.23745281994342804,-0.04618575796484947,-0.19565391540527344,-0.36994317173957825,-0.06821329891681671,-0.164330393075943,-0.4455210864543915,-0.08599724620580673,-0.10928860306739807,-0.4907532334327698,0.003293769434094429,-0.1329861581325531,-0.6501169204711914,-0.0552225187420845,-0.13460364937782288,-0.5919912457466125,-0.10400568693876266,-0.12538471817970276,-0.5105063915252686,-0.12862268090248108,-0.04522816836833954,-0.5317543148994446,-0.009694213047623634,-0.06165761500597,-0.7432335019111633,-0.0396239347755909,-0.07433412224054337,-0.8766510486602783,-0.06912367790937424,-0.08567284792661667,-1.0,-0.08984848111867905,0.022237002849578857,-0.5096834301948547,-0.03427378460764885,0.04128632694482803,-0.7142452597618103,-0.0704103410243988,0.05598343163728714,-0.8469817638397217,-0.09822842478752136,0.06390713900327682,-0.9758780002593994,-0.11503137648105621,0.08581032603979111,-0.4348137676715851,-0.06190817430615425,0.13074533641338348,-0.5725250244140625,-0.09053274989128113,0.16273094713687897,-0.6632288098335266,-0.10003720223903656,0.18969067931175232,-0.7588585615158081,-0.10460545867681503
F,F_session_002,23,0.0,0.0,0.0,-0.09157349169254303,-0.0906730443239212,-0.027420558035373688,-0.16279220581054688,-0.23334792256355286,-0.04637579247355461,-0.1932862251996994,-0.36146265268325806,-0.06881494075059891,-0.16886931657791138,-0.4385313093662262,-0.08678960800170898,-0.10790546238422394,-0.4888434410095215,0.0007002887432463467,-0.13022053241729736,-0.6507753133773804,-0.05560632795095444,-0.13318586349487305,-0.59489506483078,-0.10221870988607407,-0.1257825791835785,-0.5150762796401978,-0.1257455050945282,-0.0428728386759758,-0.5276734232902527,-0.012857262045145035,-0.05830909684300423,-0.7410573363304138,-0.04223339259624481,-0.06973360478878021,-0.874997079372406,-0.07085627317428589,-0.07968912273645401,-1.0,-0.0910877212882042,0.023844731971621513,-0.5038335919380188,-0.03753478080034256,0.04376428574323654,-0.7104855179786682,-0.07328927516937256,0.05901887267827988,-0.8448207974433899,-0.10066945850849152,0.06754108518362045,-0.9747304320335388,-0.11734472215175629,0.08700283616781235,-0.4281734228134155,-0.06509032100439072,0.13329359889030457,-0.5686637163162231,-0.09399297833442688,0.1667911559343338,-0.6601389050483704,-0.1033615991473198,0.19539517164230347,-0.7554415464401245,-0.10774829983711243
F,F_session_002,24,0.0,0.0,0.0,-0.0896824523806572,-0.08945614844560623,-0.031099267303943634,-0.1581512987613678,-0.22470013797283173,-0.052759040147066116,-0.1878395676612854,-0.3486827313899994,-0.07732639461755753,-0.1717243194580078,-0.43703287839889526,-0.09720510989427567,-0.10840657353401184,-0.4898206889629364,-0.002568149706348777,-0.12998822331428528,-0.6511033177375793,-0.06111108139157295,-0.13489574193954468,-0.5899760723114014,-0.11015678942203522,-0.1288783997297287,-0.5043931603431702,-0.13497677445411682,-0.04237684980034828,-0.5300875306129456,-0.014769451692700386,-0.05516645684838295,-0.7417063117027283,-0.044730301946401596,-0.06672146171331406,-0.8749282360076904,-0.07469215989112854,-0.07708493620157242,-1.0,-0.09617296606302261,0.024958113208413124,-0.5059182047843933,-0.03854437172412872,0.046121831983327866,-0.7096090316772461,-0.07468660175800323,0.06074972450733185,-0.8446930646896362,-0.10277943313121796,0.06904450058937073,-0.9757233262062073,-0.12031824886798859,0.0882217064499855,-0.4289742112159729,-0.06553540378808975,0.13553443551063538,-0.5668050646781921,-0.09534469246864319,0.16991011798381805,-0.6582838296890259,-0.1050136387348175,0.19946885108947754,-0.7536095976829529,-0.10958001017570496
F,F_session_002,25,0.0,0.0,0.0,-0.0871044471859932,-0.08573398739099503,-0.03515460342168808,-0.1543426215648651,-0.21557524800300598,-0.0597299188375473,-0.18110033869743347,-0.33750560879707336,-0.08661346137523651,-0.16907647252082825,-0.4273436963558197,-0.10846492648124695,-0.10525117814540863,-0.4857727289199829,-0.008603223599493504,-0.1272077113389969,-0.6501612067222595,-0.0676867663860321,-0.13440340757369995,-0.5855603814125061,-0.1160222589969635,-0.12956291437149048,-0.4945758879184723,-0.13994556665420532,-0.04025151953101158,-0.5271087884902954,-0.01875239796936512,-0.05229923501610756,-0.7403252124786377,-0.04894701763987541,-0.06291460245847702,-0.8726994395256042,-0.07760241627693176,-0.07259637862443924,-1.0,-0.09793415665626526,0.025808660313487053,-0.5041730403900146,-0.04062529653310776,0.04789671674370766,-0.7100974321365356,-0.07643766701221466,0.06297807395458221,-0.8428357243537903,-0.10329607129096985,0.07146133482456207,-0.971286952495575,-0.11989592015743256,0.08794235438108444,-0.42800381779670715,-0.06614568829536438,0.13690432906150818,-0.5652624368667603,-0.09603244066238403,0.17239715158939362,-0.65675950050354,-0.10549415647983551,0.2032337188720703,-0.7502266764640808,-0.10957171767950058
F,F_session_002,26,0.0,0.0,0.0,-0.08682499825954437,-0.0889698937535286,-0.03369450196623802,-0.1565808653831482,-0.2228732407093048,-0.05849552899599075,-0.18951500952243805,-0.3530680239200592,-0.08597061783075333,-0.15760599076747894,-0.44034942984580994,-0.10815952718257904,-0.10200606286525726,-0.4905526340007782,-0.005456172861158848,-0.12162309885025024,-0.6539160013198853,-0.06621601432561874,-0.12787103652954102,-0.5869007110595703,-0.11636432260274887,-0.12188342958688736,-0.4946150779724121,-0.1415882110595703,-0.03656218945980072,-0.5299363732337952,-0.015878142789006233,-0.04664728417992592,-0.740606963634491,-0.04745102673768997,-0.055759888142347336,-0.8731397986412048,-0.0771205872297287,-0.06343912333250046,-1.0,-0.09800257533788681,0.030791623517870903,-0.5053960084915161,-0.038032401353120804,0.053422681987285614,-0.7105374336242676,-0.07498462498188019,0.0698622465133667,-0.8437177538871765,-0.10180787742137909,0.08053282648324966,-0.9717845320701599,-0.11795180290937424,0.09396123141050339,-0.42667528986930847,-0.06364597380161285,0.1438937932252884,-0.5622387528419495,-0.09325592964887619,0.18038353323936462,-0.651411235332489,-0.10224790126085281,0.21312077343463898,-0.7433707118034363,-0.10587295144796371
F,F_session_002,27,0.0,0.0,0.0,-0.0870056003332138,-0.09056898951530457,-0.029986592009663582,-0.1537744104862213,-0.22615934908390045,-0.05186866968870163,-0.18118730187416077,-0.35199031233787537,-0.07699892669916153,-0.15986685454845428,-0.4340565502643585,-0.0973619893193245,-0.1003018170595169,-0.4891152083873749,-0.004284464754164219,-0.12045149505138397,-0.6551526188850403,-0.0625699982047081,-0.12851446866989136,-0.5894114971160889,-0.1101936548948288,-0.1255842000246048,-0.4980199933052063,-0.13370302319526672,-0.03407981991767883,-0.5267718434333801,-0.0165946613997221,-0.0428154431283474,-0.7411965727806091,-0.047325488179922104,-0.052101362496614456,-0.8737097978591919,-0.07621865719556808,-0.061081383377313614,-1.0,-0.09621485322713852,0.03324924409389496,-0.5014448761940002,-0.04006035998463631,0.05662386119365692,-0.7072299122810364,-0.07643503695726395,0.07190626114606857,-0.8417190909385681,-0.10353528708219528,0.0808793231844902,-0.9722124338150024,-0.11971378326416016,0.09622416645288467,-0.4233592450618744,-0.06654372811317444,0.14677076041698456,-0.5594570636749268,-0.09533150494098663,0.1827400177717209,-0.6494609117507935,-0.1038384884595871,0.21429221332073212,-0.741776704788208,-0.10713212937116623
F,F_session_002,28,0.0,0.0,0.0,-0.08669394254684448,-0.09046091884374619,-0.03429321572184563,-0.15552961826324463,-0.22740834951400757,-0.05874793976545334,-0.18488480150699615,-0.35553282499313354,-0.0855804830789566,-0.15617381036281586,-0.43904680013656616,-0.10737559199333191,-0.10159952938556671,-0.4918209910392761,-0.007411833852529526,-0.11968189477920532,-0.655270516872406,-0.06811445206403732,-0.12504377961158752,-0.5930190086364746,-0.11812756955623627,-0.11977115273475647,-0.5049765110015869,-0.14318914711475372,-0.03450566902756691,-0.5306091904640198,-0.01743476651608944,-0.042224012315273285,-0.7399495840072632,-0.04868912696838379,-0.04933739826083183,-0.8724792003631592,-0.07836928963661194,-0.05536697059869766,-1.0,-0.09934727102518082,0.033399779349565506,-0.5054826736450195,-0.039107080549001694,0.058469902724027634,-0.7091206908226013,-0.07609225809574127,0.07618269324302673,-0.8419285416603088,-0.10402747243642807,0.08779125660657883,-0.9696342349052429,-0.12099689245223999,0.09597082436084747,-0.42616957426071167,-0.06423348933458328,0.1480749249458313,-0.5576967000961304,-0.09447658061981201,0.18611536920070648,-0.6446628570556641,-0.10452805459499359,0.22034944593906403,-0.7343862056732178,-0.10886187106370926
F,F_session_002,29,0.0,0.0,0.0,-0.08541544526815414,-0.08489590138196945,-0.0371793769299984,-0.1555933654308319,-0.2189493477344513,-0.06400592625141144,-0.18877406418323517,-0.350216805934906,-0.09270146489143372,-0.15463808178901672,-0.44262659549713135,-0.11602609604597092,-0.10064727067947388,-0.49071064591407776,-0.009211044758558273,-0.1193021833896637,-0.6541571021080017,-0.07073722779750824,-0.12568554282188416,-0.589090883731842,-0.12100507318973541,-0.1203872337937355,-0.498651385307312,-0.14621444046497345,-0.033661745488643646,-0.5304582118988037,-0.018178150057792664,-0.04163099452853203,-0.7409255504608154,-0.04975346475839615,-0.0497092567384243,-0.8727399706840515,-0.07943050563335419,-0.056520577520132065,-1.0,-0.10051935911178589,0.03372718393802643,-0.5043599009513855,-0.03915782272815704,0.05941096693277359,-0.7063047289848328,-0.07669920474290848,0.07708097249269485,-0.8380787372589111,-0.10438378900289536,0.08871304243803024,-0.9660165905952454,-0.12135869264602661,0.0957263857126236,-0.4241757392883301,-0.06376867741346359,0.1474810391664505,-0.5539358854293823,-0.09508687257766724,0.1859389692544937,-0.6399083137512207,-0.10565637797117233,0.22040420770645142,-0.730250358581543,-0.11038170754909515
F,F_session_002,30,0.0,0.0,0.0,-0.08488611876964569,-0.09022907167673111,-0.035930085927248,-0.15199784934520721,-0.2233416736125946,-0.06300636380910873,-0.18489369750022888,-0.34991180896759033,-0.09235355257987976,-0.15379458665847778,-0.44444242119789124,-0.1168827936053276,-0.09588253498077393,-0.4931983947753906,-0.009975161403417587,-0.11606547236442566,-0.6564782857894897,-0.0731281191110611,-0.12699005007743835,-0.5981065034866333,-0.12479221075773239,-0.1246233657002449,-0.5107541084289551,-0.15086840093135834,-0.030495068058371544,-0.5308591723442078,-0.020044667646288872,-0.0385420136153698,-0.7430439591407776,-0.05286809802055359,-0.04674769937992096,-0.8756573796272278,-0.08285688608884811,-0.05313602834939957,-1.0,-0.10391007363796234,0.03667423129081726,-0.5035390853881836,-0.04203598201274872,0.06217791885137558,-0.7059435844421387,-0.07988008856773376,0.07993803173303604,-0.840007483959198,-0.10699430108070374,0.09207941591739655,-0.9688458442687988,-0.12362206727266312,0.09843380749225616,-0.42200762033462524,-0.06765707582235336,0.1498674601316452,-0.5541184544563293,-0.09869731962680817,0.18761005997657776,-0.6425100564956665,-0.10852839052677155,0.22109535336494446,-0.734703779220581,-0.11276795715093613
F,F_session_002,31,0.0,0.0,0.0,-0.08680232614278793,-0.08976893872022629,-0.036578498780727386,-0.15482096374034882,-0.22512269020080566,-0.06395640224218369,-0.18550153076648712,-0.35615119338035583,-0.09351957589387894,-0.15146777033805847,-0.4467044472694397,-0.11821454763412476,-0.09840766340494156,-0.49293091893196106,-0.009830157272517681,-0.11664458364248276,-0.654167115688324,-0.07211685925722122,-0.12473096698522568,-0.5966728329658508,-0.12350320816040039,-0.12058228999376297,-0.5131789445877075,-0.1498432606458664,-0.03160420060157776,-0.5315609574317932,-0.019883345812559128,-0.03984678164124489,-0.7410520315170288,-0.05167150869965553,-0.04725456237792969,-0.8733083009719849,-0.08120495080947876,-0.05256587639451027,-1.0,-0.10234358161687851,0.03638530522584915,-0.5047149062156677,-0.04192182049155235,0.061698026955127716,-0.7072937488555908,-0.0792897641658783,0.07976505160331726,-0.8406005501747131,-0.10639607906341553,0.0921572670340538,-0.9687918424606323,-0.12329676002264023,0.09894121438264847,-0.4235050678253174,-0.06775521486997604,0.15058201551437378,-0.5533586740493774,-0.0990249291062355,0.18865539133548737,-0.6404187679290771,-0.10932607203722,0.22278739511966705,-0.7312180399894714,-0.11403993517160416
F,F_session_002,32,0.0,0.0,0.0,-0.08497720956802368,-0.09348361939191818,-0.03772326558828354,-0.15262603759765625,-0.22634248435497284,-0.0669616237282753,-0.1871354579925537,-0.3537158966064453,-0.09858337789773941,-0.15320022404193878,-0.44037866592407227,-0.12536785006523132,-0.09654636681079865,-0.494272917509079,-0.010013901628553867,-0.11526866257190704,-0.6550406813621521,-0.07387515157461166,-0.12385161221027374,-0.5956783890724182,-0.1265266239643097,-0.11979293823242188,-0.5102770328521729,-0.15335619449615479,-0.03017011098563671,-0.5299461483955383,-0.01977648213505745,-0.038421399891376495,-0.7397674322128296,-0.05205713212490082,-0.04638216644525528,-0.8723133206367493,-0.08199720829725266,-0.052123215049505234,-1.0,-0.10327984392642975,0.03836957737803459,-0.5018575191497803,-0.04180925339460373,0.06268351525068283,-0.7065921425819397,-0.07939957827329636,0.08065815269947052,-0.8398937582969666,-0.10642289370298386,0.09323583543300629,-0.9678283929824829,-0.12298321723937988,0.10108562558889389,-0.41967758536338806,-0.06776535511016846,0.15147513151168823,-0.5526025891304016,-0.09811273217201233,0.1889568716287613,-0.6402955651283264,-0.10774929821491241,0.22251278162002563,-0.7310581803321838,-0.1120215579867363
F,F_session_002,33,0.0,0.0,0.0,-0.09010068327188492,-0.09320255368947983,-0.03160014748573303,-0.15929363667964935,-0.23033061623573303,-0.05586379021406174,-0.18895679712295532,-0.35515496134757996,-0.08273611962795258,-0.16534514725208282,-0.4372956156730652,-0.105194091796875,-0.10235030949115753,-0.49038201570510864,-0.007347051054239273,-0.12164019793272018,-0.6495969295501709,-0.06513724476099014,-0.12910833954811096,-0.5981867909431458,-0.1127331480383873,-0.12592771649360657,-0.5193800926208496,-0.13702572882175446,-0.03451988473534584,-0.526716947555542,-0.019771285355091095,-0.04466313123703003,-0.738986074924469,-0.05002712458372116,-0.05190252140164375,-0.8722347617149353,-0.07895474135875702,-0.05656187981367111,-1.0,-0.09956313669681549,0.03371472656726837,-0.4986644387245178,-0.043134719133377075,0.0595177598297596,-0.704748272895813,-0.08000538498163223,0.07942600548267365,-0.8368977904319763,-0.10769175738096237,0.09251232445240021,-0.9649989604949951,-0.12477299571037292,0.09634443372488022,-0.41633379459381104,-0.06954780966043472,0.14821317791938782,-0.5495679378509521,-0.10021799802780151,0.18629129230976105,-0.6359434723854065,-0.109879270195961,0.21942703425884247,-0.7260199785232544,-0.11420859396457672
F,F_session_002,34,0.0,0.0,0.0,-0.08971954137086868,-0.09793504327535629,-0.029743408784270287,-0.15681158006191254,-0.23423023521900177,-0.05277493596076965,-0.18484477698802948,-0.34812161326408386,-0.07860229164361954,-0.17627592384815216,-0.429989755153656,-0.10091017186641693,-0.1013682633638382,-0.49305838346481323,-0.007647450547665358,-0.12289928644895554,-0.6467324495315552,-0.06637197732925415,-0.12901216745376587,-0.5999475717544556,-0.11538049578666687,-0.12505806982517242,-0.5238914489746094,-0.14027230441570282,-0.03282575681805611,-0.5296396017074585,-0.021309413015842438,-0.04322860762476921,-0.7415727376937866,-0.05258692428469658,-0.05025423690676689,-0.8757132291793823,-0.08329620212316513,-0.05474478751420975,-1.0,-0.1048949733376503,0.03539581969380379,-0.5010411739349365,-0.04563493654131889,0.06200454384088516,-0.7051548957824707,-0.08328341692686081,0.08267384767532349,-0.8378940224647522,-0.11258525401353836,0.09633725881576538,-0.9645813703536987,-0.13064509630203247,0.09744689613580704,-0.41827717423439026,-0.07270313799381256,0.14951170980930328,-0.5497647523880005,-0.10418262332677841,0.18743987381458282,-0.6348935961723328,-0.11410238593816757,0.21976754069328308,-0.7227122187614441,-0.11841514706611633
F,F_session_002,35,0.0,0.0,0.0,-0.09101033955812454,-0.09929875284433365,-0.029779916629195213,-0.15872500836849213,-0.235056534409523,-0.052861250936985016,-0.18771439790725708,-0.3501780927181244,-0.07868552207946777,-0.1848250925540924,-0.43144190311431885,-0.10125530511140823,-0.10530786961317062,-0.49037864804267883,-0.008340392261743546,-0.12542685866355896,-0.6416565775871277,-0.06667650490999222,-0.1308712363243103,-0.6029765605926514,-0.11550047993659973,-0.1274239420890808,-0.5337604284286499,-0.14069485664367676,-0.036286354064941406,-0.5273085236549377,-0.022428499534726143,-0.04722454398870468,-0.7401249408721924,-0.053807131946086884,-0.05320402607321739,-0.8751600980758667,-0.08449398726224899,-0.056650351732969284,-1.0,-0.10617845505475998,0.032371606677770615,-0.49837613105773926,-0.04706848785281181,0.059782084077596664,-0.7060678005218506,-0.08545032888650894,0.08208710700273514,-0.8384013175964355,-0.11481449007987976,0.09652429819107056,-0.963670015335083,-0.13288597762584686,0.09560693800449371,-0.41482657194137573,-0.0743802860379219,0.14790086448192596,-0.5473751425743103,-0.10696915537118912,0.18567237257957458,-0.6325843334197998,-0.11720742285251617,0.21726660430431366,-0.7195667028427124,-0.12171561270952225
F,F_session_002,36,0.0,0.0,0.0,-0.09096264839172363,-0.09893295913934708,-0.028590941801667213,-0.15917722880840302,-0.23596160113811493,-0.051822479814291,-0.19194896519184113,-0.35479429364204407,-0.07817625999450684,-0.18319950997829437,-0.44140714406967163,-0.10157538205385208,-0.10117583721876144,-0.4919993281364441,-0.007775753736495972,-0.12444731593132019,-0.6464180946350098,-0.06797377020120621,-0.13357742130756378,-0.6082013845443726,-0.11830265074968338,-0.13162392377853394,-0.5356011986732483,-0.144081249833107,-0.033091217279434204,-0.5275661945343018,-0.022317983210086823,-0.042279262095689774,-0.7434231638908386,-0.053714729845523834,-0.049624036997556686,-0.8780822157859802,-0.08449699729681015,-0.05519513040781021,-1.0,-0.1061895564198494,0.03544997423887253,-0.49695590138435364,-0.0474000908434391,0.06268572807312012,-0.702566385269165,-0.08498780429363251,0.08427448570728302,-0.835332989692688,-0.11343665421009064,0.09838753193616867,-0.9607566595077515,-0.1310085505247116,0.09771408885717392,-0.41101324558258057,-0.07517901062965393,0.14939649403095245,-0.5437986254692078,-0.10684887319803238,0.18677681684494019,-0.6297784447669983,-0.11634847521781921,0.21816539764404297,-0.7178749442100525,-0.1203564926981926
F,F_session_002,37,0.0,0.0,0.0,-0.0944208949804306,-0.10183795541524887,-0.02589190937578678,-0.16503310203552246,-0.23780769109725952,-0.04712555557489395,-0.19955883920192719,-0.3516385853290558,-0.07169456034898758,-0.18983884155750275,-0.4513149857521057,-0.09294790774583817,-0.10045165568590164,-0.49345913529396057,-0.006418553646653891,-0.12466872483491898,-0.6537096500396729,-0.06260810792446136,-0.1426086127758026,-0.6018213629722595,-0.10941394418478012,-0.1475020945072174,-0.517388105392456,-0.13341005146503448,-0.03284258767962456,-0.5243415236473083,-0.02166522666811943,-0.040397774428129196,-0.7421604990959167,-0.052345436066389084,-0.04936780035495758,-0.8763860464096069,-0.0829804465174675,-0.0557328537106514,-1.0,-0.1047510951757431,0.034466397017240524,-0.4899015426635742,-0.04678439348936081,0.0632285475730896,-0.6941821575164795,-0.08368004858493805,0.08371876180171967,-0.827139675617218,-0.11212673783302307,0.09758080542087555,-0.9547223448753357,-0.13009634613990784,0.09519226849079132,-0.4012920558452606,-0.07406257838010788,0.14787302911281586,-0.5310838222503662,-0.10559660941362381,0.18437954783439636,-0.618273913860321,-0.11474814265966415,0.21532127261161804,-0.709086000919342,-0.11861667782068253
F,F_session_002,38,0.0,0.0,0.0,-0.09547848999500275,-0.10310706496238708,-0.025318965315818787,-0.165935680270195,-0.23909799754619598,-0.046769797801971436,-0.2006968855857849,-0.3514058589935303,-0.0715317353606224,-0.19478526711463928,-0.45315903425216675,-0.0933859720826149,-0.10296199470758438,-0.49183306097984314,-0.008090522140264511,-0.12934987246990204,-0.6394915580749512,-0.06375434994697571,-0.14723189175128937,-0.5960434079170227,-0.10983230173587799,-0.15093806385993958,-0.5172801613807678,-0.1335720270872116,-0.03483203426003456,-0.5223579406738281,-0.024216800928115845,-0.04284552484750748,-0.7425652146339417,-0.054847486317157745,-0.04967968538403511,-0.8779714703559875,-0.08506296575069427,-0.052919045090675354,-1.0,-0.1063273474574089,0.0334913544356823,-0.48697882890701294,-0.049853235483169556,0.06140211597084999,-0.6916264295578003,-0.08756666630506516,0.08368311822414398,-0.8240067362785339,-0.11622639745473862,0.09955785423517227,-0.9500503540039062,-0.13417980074882507,0.09498139470815659,-0.39622169733047485,-0.07741223275661469,0.14718076586723328,-0.524446964263916,-0.11048507690429688,0.18356645107269287,-0.6113080382347107,-0.12002896517515182,0.2140350043773651,-0.701878547668457,-0.12389162182807922
F,F_session_002,39,0.0,0.0,0.0,-0.09764542430639267,-0.10706256330013275,-0.02256973646581173,-0.16721424460411072,-0.24559487402439117,-0.04210227355360985,-0.2007259875535965,-0.36062830686569214,-0.06531817466020584,-0.198417529463768,-0.4679895341396332,-0.08601104468107224,-0.10054663568735123,-0.49009719491004944,-0.0055867889896035194,-0.1275791972875595,-0.64384925365448,-0.05916551873087883,-0.14874154329299927,-0.6053603291511536,-0.1041737049818039,-0.15580610930919647,-0.529945969581604,-0.12767691910266876,-0.03283090889453888,-0.5209187865257263,-0.02262718975543976,-0.04009284824132919,-0.7440022230148315,-0.05205662176012993,-0.047312140464782715,-0.8796280026435852,-0.0816444531083107,-0.051378775388002396,-1.0,-0.10263162851333618,0.03430774062871933,-0.4857979118824005,-0.04879258573055267,0.06303542107343674,-0.6909739971160889,-0.08519580215215683,0.0856994241476059,-0.8244614601135254,-0.1130128726363182,0.10200989991426468,-0.9497358202934265,-0.13065332174301147,0.09444799274206161,-0.3951471447944641,-0.07667163759469986,0.1454460769891739,-0.521776556968689,-0.10914292186498642,0.18122607469558716,-0.6096001863479614,-0.11809594184160233,0.2113993763923645,-0.6991185545921326,-0.12168695777654648
F,F_session_002,40,0.0,0.0,0.0,-0.09732342511415482,-0.10869871824979782,-0.02071891538798809,-0.16636614501476288,-0.2499660849571228,-0.03950566053390503,-0.20332515239715576,-0.3652537763118744,-0.062152184545993805,-0.20226450264453888,-0.4749102294445038,-0.08294979482889175,-0.09531845897436142,-0.49240216612815857,-0.002770568011328578,-0.12129274755716324,-0.6427575945854187,-0.056129440665245056,-0.1482256054878235,-0.6183485388755798,-0.1028723493218422,-0.16315144300460815,-0.5549003481864929,-0.1281132847070694,-0.02989525906741619,-0.5242688059806824,-0.020695136860013008,-0.03609709069132805,-0.7468373775482178,-0.04938863590359688,-0.04415889456868172,-0.8821410536766052,-0.07938869297504425,-0.04940542206168175,-1.0,-0.1008249893784523,0.03616524115204811,-0.4885218143463135,-0.04753502085804939,0.0653412863612175,-0.6937570571899414,-0.08252853900194168,0.08724289387464523,-0.8267517685890198,-0.10951568186283112,0.10296659171581268,-0.9496674537658691,-0.12691359221935272,0.09513021260499954,-0.39563167095184326,-0.0761306956410408,0.14528369903564453,-0.5226657390594482,-0.10738455504179001,0.17979112267494202,-0.6113290190696716,-0.11545464396476746,0.2085241675376892,-0.701058030128479,-0.11871358007192612
F,F_session_002,41,0.0,0.0,0.0,-0.0983380600810051,-0.11157110333442688,-0.017748313024640083,-0.16737830638885498,-0.2571393549442291,-0.03421443700790405,-0.2051558941602707,-0.37435683608055115,-0.05500231310725212,-0.2066643238067627,-0.4848659038543701,-0.07432744652032852,-0.09114484488964081,-0.4884413480758667,-0.0014530235202983022,-0.12143532931804657,-0.6395329833030701,-0.05454395338892937,-0.15086188912391663,-0.614726722240448,-0.10075245797634125,-0.1668887734413147,-0.5511808395385742,-0.12563127279281616,-0.02736823260784149,-0.5189794898033142,-0.021032044664025307,-0.03449929505586624,-0.7447766065597534,-0.05125601217150688,-0.04386267438530922,-0.8821853995323181,-0.08242325484752655,-0.04951399564743042,-1.0,-0.10454101115465164,0.0366845466196537,-0.4822147488594055,-0.04909886047244072,0.06633184105157852,-0.689504086971283,-0.08509917557239532,0.0870872437953949,-0.822137713432312,-0.1124551072716713,0.1020192876458168,-0.9437137842178345,-0.12994056940078735,0.09358248859643936,-0.38836410641670227,-0.07860559970140457,0.14337101578712463,-0.517413318157196,-0.10926804691553116,0.17677104473114014,-0.6080602407455444,-0.11698124557733536,0.20392180979251862,-0.6989325284957886,-0.12028396129608154
F,F_session_002,42,0.0,0.0,0.0,-0.094512440264225,-0.11390861868858337,-0.016985289752483368,-0.16180670261383057,-0.2607082426548004,-0.032971762120723724,-0.20043028891086578,-0.3764505386352539,-0.05324793979525566,-0.20482316613197327,-0.4886985421180725,-0.07183770835399628,-0.08181146532297134,-0.4954856336116791,-0.0013649389147758484,-0.11398880928754807,-0.6516781449317932,-0.05383762717247009,-0.14725540578365326,-0.6191571354866028,-0.09944570809602737,-0.16488441824913025,-0.5482600331306458,-0.1239529475569725,-0.019613372161984444,-0.5229009389877319,-0.020746171474456787,-0.027519678696990013,-0.7489275336265564,-0.05062265694141388,-0.03897859528660774,-0.8847762942314148,-0.08123159408569336,-0.046225592494010925,-1.0,-0.10303347557783127,0.042848844081163406,-0.48331406712532043,-0.048430509865283966,0.07272353768348694,-0.6892082095146179,-0.08298208564519882,0.09235584735870361,-0.8223060369491577,-0.10877929627895355,0.10704413801431656,-0.9441156983375549,-0.12546919286251068,0.09768253564834595,-0.3868712782859802,-0.07759656757116318,0.1468868851661682,-0.5153489708900452,-0.10652521997690201,0.1795336902141571,-0.6067346334457397,-0.1128678023815155,0.2064162790775299,-0.6974311470985413,-0.11538542807102203
F,F_session_002,43,0.0,0.0,0.0,-0.095594622194767,-0.11558377742767334,-0.017467301338911057,-0.1640186905860901,-0.2625047266483307,-0.03416982293128967,-0.2028411328792572,-0.3791382908821106,-0.05524309352040291,-0.20754468441009521,-0.4928343594074249,-0.07499343901872635,-0.08265640586614609,-0.49450162053108215,-0.0018414942314848304,-0.11360538005828857,-0.6508757472038269,-0.05602572485804558,-0.148685023188591,-0.6200618743896484,-0.1032494381070137,-0.16873931884765625,-0.5498155951499939,-0.12863431870937347,-0.019936107099056244,-0.5219340324401855,-0.02142932638525963,-0.026120929047465324,-0.7454990744590759,-0.051604386419057846,-0.03857726603746414,-0.8827478885650635,-0.08309789001941681,-0.047596488147974014,-1.0,-0.10589798539876938,0.04266020283102989,-0.48254188895225525,-0.049595605581998825,0.07393025606870651,-0.6921559572219849,-0.0834989994764328,0.09146245568990707,-0.8274772763252258,-0.1097886711359024,0.10389840602874756,-0.952915370464325,-0.12749157845973969,0.0975080356001854,-0.38639113306999207,-0.07937552779912949,0.146791011095047,-0.5149568915367126,-0.10727354884147644,0.1778697669506073,-0.6082904934883118,-0.11369718611240387,0.20340953767299652,-0.7029793858528137,-0.11684101074934006
F,F_session_002,44,0.0,0.0,0.0,-0.09452632069587708,-0.11636681854724884,-0.017399867996573448,-0.16231094300746918,-0.26383891701698303,-0.03467298299074173,-0.20245692133903503,-0.3785700500011444,-0.05650823935866356,-0.20844785869121552,-0.49358513951301575,-0.07727241516113281,-0.0783342495560646,-0.4986092746257782,-0.0021372775081545115,-0.1114983782172203,-0.6514278650283813,-0.05707105994224548,-0.14976616203784943,-0.6150131821632385,-0.10545164346694946,-0.172189861536026,-0.542511522769928,-0.13186974823474884,-0.01743583381175995,-0.5259935855865479,-0.022017519921064377,-0.024352146312594414,-0.7482993006706238,-0.05268801748752594,-0.03865569457411766,-0.8836670517921448,-0.08463310450315475,-0.04975992068648338,-1.0,-0.10782526433467865,0.04341650381684303,-0.4862034022808075,-0.05050855875015259,0.0733289122581482,-0.6945023536682129,-0.08415058255195618,0.0890304297208786,-0.8294321894645691,-0.11020267754793167,0.09985220432281494,-0.9545647501945496,-0.12797823548316956,0.09673039615154266,-0.3898043632507324,-0.08070791512727737,0.14384010434150696,-0.5188039541244507,-0.10837570577859879,0.1732696145772934,-0.6134724617004395,-0.11484743654727936,0.19725829362869263,-0.7092201113700867,-0.11823844909667969
F,F_session_002,45,0.0,0.0,0.0,-0.0953187495470047,-0.11675649881362915,-0.0186636783182621,-0.16501636803150177,-0.26287227869033813,-0.03624559938907623,-0.20483218133449554,-0.3795866072177887,-0.057980164885520935,-0.21009507775306702,-0.4970009922981262,-0.07802305370569229,-0.07981248944997787,-0.500358521938324,-0.0027550198137760162,-0.11260256916284561,-0.6578077077865601,-0.05588679760694504,-0.15270347893238068,-0.6199232339859009,-0.10217081755399704,-0.1761844903230667,-0.54503333568573,-0.1272445172071457,-0.0186246819794178,-0.5265951752662659,-0.02153770998120308,-0.026110360398888588,-0.7489134669303894,-0.0515979565680027,-0.041809871792793274,-0.8840511441230774,-0.08231982588768005,-0.05338355898857117,-1.0,-0.10467347502708435,0.041608087718486786,-0.48662611842155457,-0.04899435490369797,0.07240477949380875,-0.695225715637207,-0.08249430358409882,0.08749743551015854,-0.8310161828994751,-0.10793785005807877,0.09833911806344986,-0.9560092687606812,-0.12518133223056793,0.09472043067216873,-0.39022132754325867,-0.07819764316082001,0.14230450987815857,-0.5193392634391785,-0.10589250177145004,0.17111031711101532,-0.6148954033851624,-0.1124645248055458,0.19450916349887848,-0.7111782431602478,-0.11578381061553955
F,F_session_002,46,0.0,0.0,0.0,-0.09464787691831589,-0.11754576116800308,-0.019110675901174545,-0.1648050993680954,-0.26169297099113464,-0.03745611757040024,-0.20644500851631165,-0.3777144253253937,-0.059967752546072006,-0.21352283656597137,-0.49598056077957153,-0.08083461225032806,-0.08045966923236847,-0.4987555742263794,-0.0026030035223811865,-0.11490782350301743,-0.6528225541114807,-0.056561682373285294,-0.15574143826961517,-0.6145104169845581,-0.10346602648496628,-0.17917734384536743,-0.5388889312744141,-0.12872099876403809,-0.019944719970226288,-0.5266655683517456,-0.021332815289497375,-0.029058879241347313,-0.7497132420539856,-0.052136387676000595,-0.04574795439839363,-0.8848528861999512,-0.08288097381591797,-0.05804310366511345,-1.0,-0.10492876172065735,0.040339384227991104,-0.4888213574886322,-0.04887541010975838,0.06851314008235931,-0.6997622847557068,-0.0825052261352539,0.08201853930950165,-0.8366147875785828,-0.10729508846998215,0.09167541563510895,-0.9616225957870483,-0.12386874109506607,0.09384042024612427,-0.3947690725326538,-0.07827404886484146,0.13877438008785248,-0.5261086225509644,-0.10511865466833115,0.16649064421653748,-0.6218144297599792,-0.11061052978038788,0.18898287415504456,-0.7164055705070496,-0.11312558501958847
F,F_session_002,47,0.0,0.0,0.0,-0.095314621925354,-0.11785904318094254,-0.01928444392979145,-0.16558720171451569,-0.2610771059989929,-0.03772159665822983,-0.20660622417926788,-0.3761410415172577,-0.06034289300441742,-0.21509727835655212,-0.4942576289176941,-0.08118147403001785,-0.08032294362783432,-0.4977323114871979,-0.0031984641682356596,-0.11637428402900696,-0.6529532074928284,-0.05751337856054306,-0.15893548727035522,-0.6150346398353577,-0.10450518876314163,-0.1843569278717041,-0.5392296314239502,-0.1296515017747879,-0.020648686215281487,-0.5255974531173706,-0.021587831899523735,-0.03126145154237747,-0.7490383386611938,-0.05248144641518593,-0.049182869493961334,-0.8850151300430298,-0.08283361047506332,-0.06263337284326553,-1.0,-0.10456693172454834,0.03903346136212349,-0.48869043588638306,-0.04884175956249237,0.06571521610021591,-0.6988500952720642,-0.0819116160273552,0.07828466594219208,-0.8365072011947632,-0.10603146255016327,0.0868237316608429,-0.9609547853469849,-0.12213458120822906,0.09254218637943268,-0.39544129371643066,-0.07811695337295532,0.13654197752475739,-0.5281252861022949,-0.10425453633069992,0.16191424429416656,-0.6253618597984314,-0.10937033593654633,0.18087653815746307,-0.7203938961029053,-0.11162721365690231
F,F_session_002,48,0.0,0.0,0.0,-0.095536008477211,-0.11757657676935196,-0.018620232120156288,-0.16543596982955933,-0.26428285241127014,-0.03664713352918625,-0.20789586007595062,-0.378879189491272,-0.05908357724547386,-0.21711933612823486,-0.4953487813472748,-0.08003874123096466,-0.07984250038862228,-0.4999576508998871,-0.002444138051941991,-0.11805908381938934,-0.6521708369255066,-0.05795520544052124,-0.16105742752552032,-0.6140432357788086,-0.10636681318283081,-0.18637292087078094,-0.5384509563446045,-0.1323767453432083,-0.021217679604887962,-0.5283528566360474,-0.021465014666318893,-0.03330647572875023,-0.7508065104484558,-0.052713170647621155,-0.0532132126390934,-0.8867678642272949,-0.08363479375839233,-0.06879483163356781,-1.0,-0.10571154206991196,0.038170721381902695,-0.49140989780426025,-0.04940878599882126,0.06222617253661156,-0.7014446258544922,-0.08209499716758728,0.07346906512975693,-0.8400163054466248,-0.10610203444957733,0.0812009871006012,-0.9652117490768433,-0.12222878634929657,0.0908207818865776,-0.3977471590042114,-0.07944974303245544,0.13254094123840332,-0.531830370426178,-0.10500814765691757,0.15689343214035034,-0.6308284401893616,-0.10982892662286758,0.17549006640911102,-0.7279412150382996,-0.11199363321065903
F,F_session_002,49,0.0,0.0,0.0,-0.0969177782535553,-0.11887217313051224,-0.01879294216632843,-0.16674913465976715,-0.26522761583328247,-0.03700924664735794,-0.20842772722244263,-0.3789519965648651,-0.05969793722033501,-0.2200750708580017,-0.4965963363647461,-0.08057751506567001,-0.08053961396217346,-0.5038739442825317,-0.0020608194172382355,-0.12055711448192596,-0.656741201877594,-0.057332299649715424,-0.16378702223300934,-0.6158848404884338,-0.10520118474960327,-0.18831489980220795,-0.5380393862724304,-0.13082438707351685,-0.022381627932190895,-0.5322365760803223,-0.021127784624695778,-0.03577669709920883,-0.7527204751968384,-0.05276865139603615,-0.05679335072636604,-0.8876250982284546,-0.08366381376981735,-0.07338118553161621,-1.0,-0.10578478872776031,0.03623213246464729,-0.49522465467453003,-0.04919147863984108,0.060286615043878555,-0.7041840553283691,-0.08216673135757446,0.07065258920192719,-0.8413769006729126,-0.10556221753358841,0.07755517214536667,-0.9650856852531433,-0.12124474346637726,0.08831262588500977,-0.4008201062679291,-0.07940397411584854,0.13040922582149506,-0.5359441637992859,-0.1051638275384903,0.15393994748592377,-0.6358276009559631,-0.10983496904373169,0.17124710977077484,-0.7333987355232239,-0.1118391752243042
F,F_session_002,50,0.0,0.0,0.0,-0.09699574112892151,-0.12073767185211182,-0.018653467297554016,-0.16771647334098816,-0.265875905752182,-0.037416972219944,-0.21071016788482666,-0.3801352381706238,-0.06091136485338211,-0.22164660692214966,-0.49818339943885803,-0.08271876722574234,-0.0823184996843338,-0.5027873516082764,-0.0014815981267020106,-0.12326755374670029,-0.6558870673179626,-0.058427728712558746,-0.1669958382844925,-0.6179200410842896,-0.10787656158208847,-0.1919276863336563,-0.5407530069351196,-0.1341666281223297,-0.024677637964487076,-0.5322070121765137,-0.020493531599640846,-0.03799828514456749,-0.7542725801467896,-0.05253216251730919,-0.05970146134495735,-0.8895309567451477,-0.08355063945055008,-0.07704804092645645,-1.0,-0.10546275228261948,0.034280162304639816,-0.4966104030609131,-0.04866975545883179,0.05700843036174774,-0.7075188159942627,-0.08080926537513733,0.06609983742237091,-0.8464882373809814,-0.1037057563662529,0.07221510261297226,-0.9707640409469604,-0.11904966086149216,0.08662956207990646,-0.40302884578704834,-0.07917497307062149,0.1286420226097107,-0.5377763509750366,-0.10370727628469467,0.1506981998682022,-0.6386389136314392,-0.10782261937856674,0.16657359898090363,-0.7370337843894958,-0.10941829532384872
F,F_session_002,51,0.0,0.0,0.0,-0.09751176089048386,-0.12026351690292358,-0.018273795023560524,-0.1678059697151184,-0.26409050822257996,-0.03701414912939072,-0.2109743058681488,-0.3769659101963043,-0.060507629066705704,-0.22546720504760742,-0.4961702823638916,-0.0824979916214943,-0.08210453391075134,-0.5027551054954529,-0.0008955880766734481,-0.12338197976350784,-0.6534868478775024,-0.05760199949145317,-0.1680140644311905,-0.6148938536643982,-0.1075056716799736,-0.19313852488994598,-0.5391740798950195,-0.1345030665397644,-0.02571577951312065,-0.5316739082336426,-0.020707275718450546,-0.039894603192806244,-0.7554551362991333,-0.05335691198706627,-0.06382766366004944,-0.8903629779815674,-0.08527801185846329,-0.08236882090568542,-1.0,-0.1079431101679802,0.031890448182821274,-0.4948940873146057,-0.04960526153445244,0.05400596186518669,-0.7072196006774902,-0.08262158930301666,0.061992283910512924,-0.846751868724823,-0.10643108934164047,0.06762862205505371,-0.9715922474861145,-0.12253732234239578,0.08297360688447952,-0.3993628919124603,-0.08068761974573135,0.12299858033657074,-0.5341113805770874,-0.10560119152069092,0.1432223618030548,-0.6353938579559326,-0.1099250316619873,0.1573202759027481,-0.7344667911529541,-0.11200996488332748
F,F_session_002,52,0.0,0.0,0.0,-0.09854952245950699,-0.12090497463941574,-0.018498003482818604,-0.16889138519763947,-0.26825544238090515,-0.0369928814470768,-0.21228674054145813,-0.3826555013656616,-0.060393545776605606,-0.22782714664936066,-0.5017657279968262,-0.08221480250358582,-0.08172212541103363,-0.5063339471817017,-0.00026653616805560887,-0.12322406470775604,-0.6605126857757568,-0.05752192437648773,-0.16925236582756042,-0.6204308271408081,-0.10790839791297913,-0.19547894597053528,-0.5432882905006409,-0.13513712584972382,-0.02609802596271038,-0.5347936749458313,-0.019593674689531326,-0.04144687578082085,-0.7571969628334045,-0.052350353449583054,-0.06719034165143967,-0.8915965557098389,-0.084538035094738,-0.08738615363836288,-1.0,-0.10767485946416855,0.031118644401431084,-0.49918919801712036,-0.04820079356431961,0.05165804550051689,-0.7124348878860474,-0.08091209083795547,0.05675315484404564,-0.8524701595306396,-0.104896679520607,0.05942224711179733,-0.9773731231689453,-0.12134415656328201,0.08249510079622269,-0.40564846992492676,-0.0791173130273819,0.12103132903575897,-0.5431793332099915,-0.10386963933706284,0.13836294412612915,-0.6465004682540894,-0.10883741080760956,0.14914388954639435,-0.747134804725647,-0.11154045164585114
F,F_session_002,53,0.0,0.0,0.0,-0.10033919662237167,-0.1210511103272438,-0.01840072311460972,-0.17145761847496033,-0.2674795091152191,-0.037409476935863495,-0.21451446413993835,-0.38226068019866943,-0.06144022196531296,-0.23197227716445923,-0.5025442838668823,-0.08387201279401779,-0.08566080778837204,-0.504676342010498,-0.0008587437332607806,-0.12773656845092773,-0.6602687835693359,-0.058545712381601334,-0.17387928068637848,-0.6200612783432007,-0.10904088616371155,-0.1998595893383026,-0.5426964163780212,-0.13622553646564484,-0.02955637499690056,-0.5335537195205688,-0.0203511044383049,-0.047237295657396317,-0.7580792307853699,-0.05391877889633179,-0.07594537734985352,-0.8917825818061829,-0.08635913580656052,-0.09914012998342514,-1.0,-0.10948910564184189,0.028672287240624428,-0.4990074336528778,-0.04902659356594086,0.04495881125330925,-0.7161211371421814,-0.08220111578702927,0.04714593663811684,-0.8571479916572571,-0.10599908232688904,0.047040265053510666,-0.983595073223114,-0.12222293019294739,0.08166715502738953,-0.40692567825317383,-0.0799589455127716,0.11635028570890427,-0.5487565398216248,-0.10463573038578033,0.13062575459480286,-0.6541243195533752,-0.10930059105157852,0.13808263838291168,-0.7574266195297241,-0.11178965121507645
F,F_session_002,54,0.0,0.0,0.0,-0.09956759214401245,-0.11977525800466537,-0.019293202087283134,-0.17088235914707184,-0.2661697268486023,-0.038716621696949005,-0.21420226991176605,-0.38155701756477356,-0.06300826370716095,-0.23346148431301117,-0.5032033920288086,-0.08552109450101852,-0.08711841702461243,-0.505828320980072,-0.0009079298470169306,-0.128848597407341,-0.6625319123268127,-0.05886787548661232,-0.17455355823040009,-0.6224439144134521,-0.10989683121442795,-0.20097710192203522,-0.5460225343704224,-0.1374775618314743,-0.03136589005589485,-0.5344229340553284,-0.020209411159157753,-0.050750598311424255,-0.7587786316871643,-0.0532781146466732,-0.0807919055223465,-0.8918464183807373,-0.0861722081899643,-0.1051899865269661,-1.0,-0.10989992320537567,0.026854997500777245,-0.4993639886379242,-0.04881198704242706,0.04084217548370361,-0.7159655094146729,-0.08150113373994827,0.04143616929650307,-0.8564529418945312,-0.10527209937572479,0.03980306535959244,-0.9829545617103577,-0.12179576605558395,0.08018065989017487,-0.40774834156036377,-0.07981202006340027,0.11237052828073502,-0.5517721176147461,-0.10432788729667664,0.1251382976770401,-0.6577078700065613,-0.10901673883199692,0.13116618990898132,-0.7620584964752197,-0.11170550435781479
F,F_session_002,55,0.0,0.0,0.0,-0.1001739352941513,-0.1201750636100769,-0.0195469968020916,-0.1716889888048172,-0.26605433225631714,-0.039455097168684006,-0.21574145555496216,-0.38259854912757874,-0.06438815593719482,-0.23570513725280762,-0.505001962184906,-0.08750711381435394,-0.08962457627058029,-0.50629723072052,0.0005999394343234599,-0.13105961680412292,-0.6624587178230286,-0.058101505041122437,-0.17644429206848145,-0.6221671104431152,-0.11025957018136978,-0.20257827639579773,-0.5456109642982483,-0.13851810991764069,-0.03399443253874779,-0.5352931618690491,-0.018611693754792213,-0.05397794768214226,-0.7591143250465393,-0.05138498172163963,-0.08517180383205414,-0.891823410987854,-0.08469439297914505,-0.11105899512767792,-1.0,-0.10886584222316742,0.02446245215833187,-0.5010581016540527,-0.047354064881801605,0.03671548515558243,-0.718614935874939,-0.07946915924549103,0.036030903458595276,-0.8595204949378967,-0.10321436077356339,0.03286486491560936,-0.9866562485694885,-0.11991024017333984,0.07813394069671631,-0.41025662422180176,-0.07863213866949081,0.1087389811873436,-0.5548433065414429,-0.10268990695476532,0.12015095353126526,-0.6606670022010803,-0.10730951279401779,0.12478482723236084,-0.7651548981666565,-0.1100490391254425
F,F_session_002,56,0.0,0.0,0.0,-0.10076002031564713,-0.12014738470315933,-0.020323319360613823,-0.17217278480529785,-0.26547470688819885,-0.04100316762924194,-0.21651946008205414,-0.38109180331230164,-0.06655356287956238,-0.2372605949640274,-0.5031058192253113,-0.0904451459646225,-0.09040787070989609,-0.5069177150726318,-0.001706732320599258,-0.13369181752204895,-0.6642966270446777,-0.060946300625801086,-0.17934925854206085,-0.621018648147583,-0.1134880855679512,-0.20506279170513153,-0.5412407517433167,-0.14206235110759735,-0.034675948321819305,-0.5357707738876343,-0.020845796912908554,-0.055998288094997406,-0.7609426975250244,-0.0540827214717865,-0.08774403482675552,-0.8933191299438477,-0.08805383741855621,-0.11406292766332626,-1.0,-0.11283797025680542,0.0239044651389122,-0.5009733438491821,-0.04944903776049614,0.03501288965344429,-0.7210897207260132,-0.08214446157217026,0.03368585184216499,-0.8631618022918701,-0.10688085108995438,0.030084852129220963,-0.990517258644104,-0.12438254058361053,0.07762090861797333,-0.4094882011413574,-0.08052213490009308,0.1075109988451004,-0.5562552809715271,-0.10573112219572067,0.1182602122426033,-0.6638740301132202,-0.11127207428216934,0.1222723200917244,-0.769570529460907,-0.1146431714296341
F,F_session_002,57,0.0,0.0,0.0,-0.1003582701086998,-0.12038090825080872,-0.020197615027427673,-0.1721772849559784,-0.2651013135910034,-0.041153717786073685,-0.2168569564819336,-0.3800927400588989,-0.06712349504232407,-0.2374127358198166,-0.5023484826087952,-0.09154042601585388,-0.09001067280769348,-0.5081018805503845,-0.0014551440253853798,-0.134426087141037,-0.6631371974945068,-0.06092933937907219,-0.18028971552848816,-0.6190339922904968,-0.11399383842945099,-0.2060820609331131,-0.5389235615730286,-0.14306433498859406,-0.034516531974077225,-0.5372456908226013,-0.020847486332058907,-0.05544104799628258,-0.7613953351974487,-0.05438735708594322,-0.08729271590709686,-0.8933777809143066,-0.08902113884687424,-0.11375710368156433,-1.0,-0.11439035832881927,0.023762185126543045,-0.502812922000885,-0.04971171170473099,0.03535555675625801,-0.7230528593063354,-0.08285488188266754,0.03387155383825302,-0.8650524020195007,-0.1083739772439003,0.030062301084399223,-0.992283046245575,-0.12650750577449799,0.07719893008470535,-0.41111326217651367,-0.08100499212741852,0.10841640830039978,-0.5570448637008667,-0.10675257444381714,0.11927676945924759,-0.6645491123199463,-0.11291103810071945,0.12283768504858017,-0.7701886296272278,-0.11678387969732285
F,F_session_002,58,0.0,0.0,0.0,-0.10064861923456192,-0.12076807767152786,-0.019588366150856018,-0.17315275967121124,-0.2648094892501831,-0.040490519255399704,-0.2184583693742752,-0.37987908720970154,-0.06669912487268448,-0.23855739831924438,-0.50164395570755,-0.09135071933269501,-0.09178272634744644,-0.5078423023223877,-0.0005643538315780461,-0.13663561642169952,-0.6623841524124146,-0.060528967529535294,-0.18276561796665192,-0.6179774403572083,-0.11398614943027496,-0.20873530209064484,-0.537866473197937,-0.14313030242919922,-0.036276619881391525,-0.5376230478286743,-0.020183663815259933,-0.05762476846575737,-0.7613705992698669,-0.05408915877342224,-0.08963540196418762,-0.8929219841957092,-0.08868097513914108,-0.11627667397260666,-1.0,-0.11382688581943512,0.022429537028074265,-0.5042418837547302,-0.04930334538221359,0.032814763486385345,-0.7249931693077087,-0.08254358172416687,0.03090469166636467,-0.8659544587135315,-0.1073482409119606,0.027168838307261467,-0.9928731322288513,-0.1246773973107338,0.07646317780017853,-0.4139816164970398,-0.08089546114206314,0.1066456213593483,-0.5625681281089783,-0.10626517981290817,0.11751635372638702,-0.6709578633308411,-0.1118224635720253,0.12190612405538559,-0.7774819135665894,-0.11505762487649918
F,F_session_002,59,0.0,0.0,0.0,-0.10008248686790466,-0.12088090926408768,-0.018166901543736458,-0.17242558300495148,-0.26581624150276184,-0.03772546350955963,-0.2181062251329422,-0.3796065151691437,-0.06274669617414474,-0.23898804187774658,-0.49959680438041687,-0.08603306114673615,-0.09251202642917633,-0.5073638558387756,0.0009565124055370688,-0.1382250338792801,-0.6637888550758362,-0.05670163780450821,-0.18414215743541718,-0.6171576976776123,-0.10810837894678116,-0.20936566591262817,-0.5360729694366455,-0.13611070811748505,-0.03727177903056145,-0.5376876592636108,-0.01868455298244953,-0.05943671986460686,-0.7599358558654785,-0.05181043595075607,-0.09132993966341019,-0.8916877508163452,-0.08557271957397461,-0.11792030185461044,-1.0,-0.11012893915176392,0.021057171747088432,-0.506130576133728,-0.04756739363074303,0.03109472058713436,-0.7247395515441895,-0.08011927455663681,0.029020631685853004,-0.8663837909698486,-0.10449089854955673,0.024908587336540222,-0.9938828945159912,-0.12144511193037033,0.07493090629577637,-0.4182431101799011,-0.07876713573932648,0.10468462854623795,-0.5672892928123474,-0.10315254330635071,0.11500455439090729,-0.6758854389190674,-0.10816536843776703,0.11880648136138916,-0.7814092636108398,-0.11107756942510605
F,F_session_002,60,0.0,0.0,0.0,-0.09999582171440125,-0.12058866769075394,-0.01771595887839794,-0.17288292944431305,-0.2635151147842407,-0.037632063031196594,-0.21999527513980865,-0.3754027783870697,-0.06325651705265045,-0.24079060554504395,-0.49410778284072876,-0.08733389526605606,-0.09565906971693039,-0.5059638619422913,0.0013796783750876784,-0.14175251126289368,-0.6602469086647034,-0.05697983130812645,-0.187421053647995,-0.6138513088226318,-0.10907839238643646,-0.21223583817481995,-0.5323120355606079,-0.13742706179618835,-0.04072917252779007,-0.5366843342781067,-0.01883089914917946,-0.0624677836894989,-0.7602307200431824,-0.05227717012166977,-0.09452292323112488,-0.8917722105979919,-0.08623968064785004,-0.12137056142091751,-1.0,-0.1108570471405983,0.017901860177516937,-0.5052177309989929,-0.04836214333772659,0.029019363224506378,-0.7254210114479065,-0.08142516762018204,0.027621617540717125,-0.8673140406608582,-0.10633260011672974,0.023876994848251343,-0.9948127865791321,-0.12358412146568298,0.07217138260602951,-0.4172094762325287,-0.08014316856861115,0.10355790704488754,-0.5671497583389282,-0.10483094304800034,0.11490178108215332,-0.6755166053771973,-0.10995939373970032,0.11950976401567459,-0.7811287641525269,-0.11298559606075287
F,F_session_002,61,0.0,0.0,0.0,-0.09858570247888565,-0.12018296122550964,-0.016281137242913246,-0.16982397437095642,-0.26353439688682556,-0.03514479845762253,-0.21623966097831726,-0.37369439005851746,-0.059924762696027756,-0.23689858615398407,-0.49003323912620544,-0.0833604484796524,-0.09514707326889038,-0.504332959651947,0.0022851608227938414,-0.14165696501731873,-0.6567621827125549,-0.05615086853504181,-0.18604937195777893,-0.6094146966934204,-0.10847628861665726,-0.2096855640411377,-0.5267977118492126,-0.13681526482105255,-0.04034597799181938,-0.535652220249176,-0.01844383031129837,-0.062025222927331924,-0.759914755821228,-0.05102514103055,-0.09208282083272934,-0.891931414604187,-0.084604412317276,-0.11689146608114243,-1.0,-0.10898873955011368,0.018849104642868042,-0.5044481158256531,-0.04837942123413086,0.030478553846478462,-0.7247457504272461,-0.08104458451271057,0.030068600550293922,-0.8659201860427856,-0.10575677454471588,0.02717692218720913,-0.9924405217170715,-0.12284188717603683,0.07380765676498413,-0.41648098826408386,-0.08044123649597168,0.1064055934548378,-0.5665721893310547,-0.10513518750667572,0.11861585080623627,-0.6749233603477478,-0.11000092327594757,0.12355678528547287,-0.7806181907653809,-0.11273185908794403
F,F_session_002,62,0.0,0.0,0.0,-0.09852856397628784,-0.1196245327591896,-0.017773320898413658,-0.17078837752342224,-0.26116475462913513,-0.03762830048799515,-0.216748908162117,-0.37188002467155457,-0.06321150809526443,-0.23497262597084045,-0.4888286888599396,-0.08724348992109299,-0.0975799486041069,-0.5053998827934265,0.0009699082002043724,-0.14240668714046478,-0.6613376140594482,-0.057930782437324524,-0.18575260043144226,-0.6128668785095215,-0.11037778109312057,-0.20835596323013306,-0.5298222899436951,-0.13872839510440826,-0.04140588641166687,-0.5362726449966431,-0.019330846145749092,-0.06308048218488693,-0.7601482272148132,-0.05180852860212326,-0.09306569397449493,-0.8914710283279419,-0.08557657152414322,-0.11799461394548416,-1.0,-0.11042643338441849,0.01897595077753067,-0.5050343871116638,-0.04905832186341286,0.030713630840182304,-0.7257368564605713,-0.08187339454889297,0.0303567573428154,-0.86686772108078,-0.1072404608130455,0.02718578651547432,-0.9932625889778137,-0.12502679228782654,0.07528530806303024,-0.41789576411247253,-0.08100740611553192,0.10822008550167084,-0.5697994828224182,-0.10600800812244415,0.12104512751102448,-0.6783051490783691,-0.11154459416866302,0.1265992969274521,-0.7841189503669739,-0.11489256471395493
F,F_session_002,63,0.0,0.0,0.0,-0.09844221919775009,-0.11543568968772888,-0.018940363079309464,-0.17074184119701385,-0.2557973861694336,-0.03866364806890488,-0.21555551886558533,-0.37017831206321716,-0.0635344460606575,-0.2315800040960312,-0.4887567162513733,-0.08649890124797821,-0.09959924966096878,-0.5005777478218079,0.0003477884456515312,-0.14143657684326172,-0.6573736071586609,-0.05809248983860016,-0.1830245405435562,-0.6153888702392578,-0.10962119698524475,-0.20552660524845123,-0.5366014838218689,-0.137302964925766,-0.042510975152254105,-0.5333425402641296,-0.018893562257289886,-0.06313585489988327,-0.7575312852859497,-0.05172308534383774,-0.0902770608663559,-0.8899686336517334,-0.0849003791809082,-0.11305017024278641,-1.0,-0.1089576855301857,0.01837160997092724,-0.5035855770111084,-0.04758308082818985,0.030237749218940735,-0.7218514084815979,-0.08122128993272781,0.031450055539608,-0.8614638447761536,-0.10611676424741745,0.028696192428469658,-0.9869792461395264,-0.12310775369405746,0.07593946903944016,-0.4183743894100189,-0.07850058376789093,0.10912429541349411,-0.5687117576599121,-0.10397478193044662,0.12247723340988159,-0.6749143004417419,-0.10929805785417557,0.12775489687919617,-0.7784461379051208,-0.11218807846307755
F,F_session_002,64,0.0,0.0,0.0,-0.09769438952207565,-0.11453520506620407,-0.0182932298630476,-0.16956865787506104,-0.2542605400085449,-0.03745533525943756,-0.21289969980716705,-0.36825287342071533,-0.06177628040313721,-0.22796207666397095,-0.4855552315711975,-0.08398962020874023,-0.10142134130001068,-0.49908339977264404,0.0008424744592048228,-0.14089204370975494,-0.6575589776039124,-0.057820167392492294,-0.18003396689891815,-0.6188501715660095,-0.10885360836982727,-0.20092929899692535,-0.5416966676712036,-0.13561691343784332,-0.04304221272468567,-0.533967912197113,-0.01825076714158058,-0.06272557377815247,-0.7581526041030884,-0.05090027675032616,-0.08704628050327301,-0.8905724883079529,-0.08255875110626221,-0.10703397542238235,-1.0,-0.1048610731959343,0.019947582855820656,-0.5063281655311584,-0.046795353293418884,0.031511250883340836,-0.7240342497825623,-0.07975711673498154,0.03467671200633049,-0.8628758788108826,-0.10218282043933868,0.03445294499397278,-0.9871567487716675,-0.1168580874800682,0.07978671789169312,-0.42314139008522034,-0.07767052203416824,0.11252009123563766,-0.5743247270584106,-0.101679228246212,0.12672869861125946,-0.6801339983940125,-0.10487469285726547,0.13399480283260345,-0.782461941242218,-0.10575258731842041
F,F_session_002,65,0.0,0.0,0.0,-0.09881617873907089,-0.11088044196367264,-0.019825590774416924,-0.17325042188167572,-0.24876195192337036,-0.040334105491638184,-0.21863165497779846,-0.3653661012649536,-0.06566771864891052,-0.2280290126800537,-0.4864446520805359,-0.08868151158094406,-0.10361214727163315,-0.49708783626556396,-0.001028738683089614,-0.141780287027359,-0.657706618309021,-0.06053125485777855,-0.18070796132087708,-0.6164464950561523,-0.11220454424619675,-0.2013387829065323,-0.5380256772041321,-0.13953082263469696,-0.04391701892018318,-0.5319291949272156,-0.019541045650839806,-0.06433894485235214,-0.7573249340057373,-0.05186687037348747,-0.08843038231134415,-0.8893666863441467,-0.08322709053754807,-0.1083265170454979,-1.0,-0.1056438609957695,0.020562689751386642,-0.5049355626106262,-0.047680824995040894,0.030398888513445854,-0.7220057249069214,-0.08003067970275879,0.034098070114851,-0.8605501651763916,-0.10206419229507446,0.03404838964343071,-0.9860449433326721,-0.11687072366476059,0.08231648802757263,-0.42282745242118835,-0.07832872122526169,0.11185698956251144,-0.5728281140327454,-0.1018400639295578,0.12577413022518158,-0.6764188408851624,-0.10453405976295471,0.13346971571445465,-0.777990460395813,-0.10527685284614563
F,F_session_002,66,0.0,0.0,0.0,-0.09776845574378967,-0.10882391780614853,-0.022093359380960464,-0.1724412739276886,-0.24494461715221405,-0.04379928484559059,-0.2178402990102768,-0.36275267601013184,-0.07000071555376053,-0.22574728727340698,-0.48528680205345154,-0.09341307729482651,-0.10468969494104385,-0.496706485748291,-0.003189939772710204,-0.14155367016792297,-0.6613852977752686,-0.06353969126939774,-0.18007853627204895,-0.6207076907157898,-0.115028016269207,-0.20078018307685852,-0.5424569845199585,-0.1420288383960724,-0.04429343342781067,-0.5309264063835144,-0.020601125434041023,-0.06561677157878876,-0.7562808394432068,-0.05394626036286354,-0.08821039646863937,-0.8882825970649719,-0.085167795419693,-0.106765516102314,-1.0,-0.10729311406612396,0.021214691922068596,-0.505033552646637,-0.04794915392994881,0.029868746176362038,-0.7201640009880066,-0.081636443734169,0.03410092368721962,-0.8593802452087402,-0.10400999337434769,0.033899325877428055,-0.9858538508415222,-0.11877209693193436,0.08449885994195938,-0.4254213571548462,-0.07795720547437668,0.11338599771261215,-0.5759655237197876,-0.10260982066392899,0.12818197906017303,-0.6792485117912292,-0.10613738745450974,0.13671928644180298,-0.7801414728164673,-0.10729669779539108
F,F_session_002,67,0.0,0.0,0.0,-0.09803756326436996,-0.10499546676874161,-0.023733273148536682,-0.17358258366584778,-0.2412739396095276,-0.0459030345082283,-0.2189587503671646,-0.36256229877471924,-0.07209300994873047,-0.22581012547016144,-0.48705732822418213,-0.09533946961164474,-0.1070336103439331,-0.49597665667533875,-0.0037798690609633923,-0.1433931142091751,-0.6597214937210083,-0.06375621259212494,-0.18136176466941833,-0.6208406090736389,-0.11507315188646317,-0.2013513147830963,-0.544891893863678,-0.14214928448200226,-0.045978184789419174,-0.5323867201805115,-0.02033279277384281,-0.06854382157325745,-0.7569783329963684,-0.05256938934326172,-0.09086749702692032,-0.88852459192276,-0.08310867846012115,-0.10811988264322281,-1.0,-0.1051095649600029,0.020329177379608154,-0.5074402093887329,-0.046991702169179916,0.02880772203207016,-0.7230978012084961,-0.0802951455116272,0.03337935358285904,-0.8614782094955444,-0.10234774649143219,0.03419145941734314,-0.9873475432395935,-0.11709056049585342,0.0844738706946373,-0.4284323453903198,-0.07644674926996231,0.1130514144897461,-0.5795959830284119,-0.10120049118995667,0.12836332619190216,-0.682816207408905,-0.10482709854841232,0.1379326581954956,-0.7840169668197632,-0.1061394140124321
F,F_session_002,68,0.0,0.0,0.0,-0.09753813594579697,-0.10446534305810928,-0.023069724440574646,-0.17334720492362976,-0.24048678576946259,-0.045186493545770645,-0.21832484006881714,-0.36371269822120667,-0.07158990949392319,-0.22284924983978271,-0.48849594593048096,-0.09518881142139435,-0.11069615930318832,-0.49691805243492126,-0.0016452358104288578,-0.14712391793727875,-0.6588136553764343,-0.061617132276296616,-0.18223480880260468,-0.6232455968856812,-0.11312566697597504,-0.19957120716571808,-0.5499610304832458,-0.14028887450695038,-0.0493193194270134,-0.5344525575637817,-0.018670057877898216,-0.07271872460842133,-0.7575989365577698,-0.05067559331655502,-0.09493284672498703,-0.8886425495147705,-0.08127851784229279,-0.11228658258914948,-1.0,-0.10318086296319962,0.01796310767531395,-0.5104438066482544,-0.04592737555503845,0.02551095560193062,-0.7249415516853333,-0.0794355720281601,0.030520431697368622,-0.863971471786499,-0.1019454151391983,0.03165508806705475,-0.9905422329902649,-0.11684833467006683,0.08307208865880966,-0.43201884627342224,-0.07590926438570023,0.11197800189256668,-0.5836877822875977,-0.10058131068944931,0.1282128542661667,-0.6863183379173279,-0.1044379323720932,0.13882817327976227,-0.7874622344970703,-0.10592469573020935
F,F_session_002,69,0.0,0.0,0.0,-0.09907840937376022,-0.10200526565313339,-0.024429768323898315,-0.1763385683298111,-0.2367735654115677,-0.047080136835575104,-0.22147312760353088,-0.3605508506298065,-0.0738491341471672,-0.22655105590820312,-0.48372897505760193,-0.0977286696434021,-0.11674482375383377,-0.4968774616718292,-0.0029500366654247046,-0.15195053815841675,-0.6641926765441895,-0.06368261575698853,-0.18466301262378693,-0.6260665059089661,-0.11548978090286255,-0.20025472342967987,-0.5502547025680542,-0.1424855887889862,-0.053595274686813354,-0.5351310968399048,-0.0193434227257967,-0.07655485719442368,-0.7565004825592041,-0.05066489800810814,-0.09927651286125183,-0.8875124454498291,-0.08093781769275665,-0.1174703910946846,-1.0,-0.10289821773767471,0.014729168266057968,-0.510685920715332,-0.04622264578938484,0.021806469187140465,-0.7242287397384644,-0.07899212837219238,0.025649892166256905,-0.8625040054321289,-0.10134667158126831,0.025581318885087967,-0.9892958402633667,-0.11648832261562347,0.08037005364894867,-0.43226224184036255,-0.07600060105323792,0.10791940987110138,-0.5824776887893677,-0.10065972059965134,0.1236245408654213,-0.6841533184051514,-0.10468137264251709,0.13470059633255005,-0.7850726246833801,-0.10628747940063477
F,F_session_002,70,0.0,0.0,0.0,-0.09745217114686966,-0.10409136861562729,-0.024816708639264107,-0.1733943670988083,-0.2371351271867752,-0.04786308482289314,-0.21797537803649902,-0.35720232129096985,-0.07514673471450806,-0.2236890345811844,-0.4826985001564026,-0.09933115541934967,-0.11662544310092926,-0.4987223148345947,-0.003139476291835308,-0.15389658510684967,-0.666723370552063,-0.06308037042617798,-0.18641339242458344,-0.6205431818962097,-0.11420410871505737,-0.20043140649795532,-0.538308322429657,-0.14086326956748962,-0.053585849702358246,-0.5371440649032593,-0.01920362375676632,-0.07697514444589615,-0.7580901980400085,-0.05000431090593338,-0.09924746304750443,-0.8880338668823242,-0.08010035008192062,-0.11676855385303497,-1.0,-0.10213926434516907,0.014681247062981129,-0.5133794546127319,-0.0457427054643631,0.021738162264227867,-0.7280479073524475,-0.0779665857553482,0.025160327553749084,-0.8659011125564575,-0.0999467670917511,0.02497199736535549,-0.9919305443763733,-0.11504840105772018,0.08014539629220963,-0.43538299202919006,-0.0752248764038086,0.10814349353313446,-0.5858797430992126,-0.0994340032339096,0.12460581958293915,-0.6885951161384583,-0.10309956967830658,0.1366308629512787,-0.7896034121513367,-0.10456576943397522
F,F_session_002,71,0.0,0.0,0.0,-0.09782328456640244,-0.10222123563289642,-0.02661025896668434,-0.17377547919750214,-0.23192857205867767,-0.05088353529572487,-0.21814052760601044,-0.3514971137046814,-0.07930896431207657,-0.22427643835544586,-0.47670885920524597,-0.10455303639173508,-0.12006611377000809,-0.4973907172679901,-0.0032569642644375563,-0.15612535178661346,-0.6637309193611145,-0.06447452306747437,-0.18616615235805511,-0.6213681697845459,-0.11681020259857178,-0.19838662445545197,-0.5426818132400513,-0.14414578676223755,-0.05659840628504753,-0.5368584990501404,-0.018741058185696602,-0.08071336895227432,-0.7561058402061462,-0.04994388669729233,-0.10260272771120071,-0.8867147564888,-0.08053293079137802,-0.11959777772426605,-1.0,-0.10309260338544846,0.012304356321692467,-0.5143513083457947,-0.04517115280032158,0.018338797613978386,-0.7273710370063782,-0.0780629888176918,0.02194957807660103,-0.864978551864624,-0.1008772924542427,0.021870562806725502,-0.9915920495986938,-0.11658703535795212,0.07839883118867874,-0.4380573034286499,-0.07476666569709778,0.1065356582403183,-0.5883013606071472,-0.09939146786928177,0.12361615151166916,-0.6897860765457153,-0.10384002327919006,0.13646559417247772,-0.7905314564704895,-0.10597812384366989
F,F_session_002,72,0.0,0.0,0.0,-0.09805363416671753,-0.09843920171260834,-0.0273184422403574,-0.17543506622314453,-0.22784212231636047,-0.05184674635529518,-0.22036322951316833,-0.34906741976737976,-0.08038424700498581,-0.2253655046224594,-0.4750382602214813,-0.10541964322328568,-0.12474728375673294,-0.49718329310417175,-0.0027817802038043737,-0.15963946282863617,-0.6648924946784973,-0.06365365535020828,-0.18754655122756958,-0.6231474876403809,-0.11561615765094757,-0.19852855801582336,-0.5437456965446472,-0.1425144523382187,-0.06107546389102936,-0.538303554058075,-0.017558226361870766,-0.0849962905049324,-0.7569594979286194,-0.04708193615078926,-0.10645866394042969,-0.8873500823974609,-0.0760224461555481,-0.12344535440206528,-1.0,-0.09739089757204056,0.008425273001194,-0.5171201229095459,-0.043535515666007996,0.013478866778314114,-0.7300562262535095,-0.07502903044223785,0.017553264275193214,-0.8675165772438049,-0.09670493006706238,0.01787128485739231,-0.9936810731887817,-0.11169198900461197,0.07554277777671814,-0.44219261407852173,-0.07291341572999954,0.10377713292837143,-0.5916616916656494,-0.09734558314085007,0.12173236906528473,-0.6922698020935059,-0.10175604373216629,0.13557115197181702,-0.7921871542930603,-0.10367203503847122
F,F_session_002,73,0.0,0.0,0.0,-0.09802424907684326,-0.09812719374895096,-0.02898981235921383,-0.1753218173980713,-0.22441206872463226,-0.054959651082754135,-0.21935267746448517,-0.3454183340072632,-0.08479796350002289,-0.22417742013931274,-0.4723000228404999,-0.11092529445886612,-0.12684501707553864,-0.49626728892326355,-0.00453218212351203,-0.16319674253463745,-0.6651589870452881,-0.06605131179094315,-0.19009435176849365,-0.6192675232887268,-0.11831115186214447,-0.1994418352842331,-0.5361400246620178,-0.14536359906196594,-0.06259097158908844,-0.5381705164909363,-0.018598206341266632,-0.086429163813591,-0.7569870352745056,-0.04839707911014557,-0.10772126168012619,-0.8864811062812805,-0.07788275927305222,-0.12456865608692169,-1.0,-0.09994258731603622,0.007048319559544325,-0.5176030397415161,-0.043972939252853394,0.011862361803650856,-0.7302020192146301,-0.07544580847024918,0.01500613335520029,-0.8677205443382263,-0.09733537584543228,0.014586110599339008,-0.9950439929962158,-0.11278708279132843,0.07423025369644165,-0.4430379867553711,-0.07291388511657715,0.10291072726249695,-0.5920328497886658,-0.09743479639291763,0.12102344632148743,-0.6943888664245605,-0.10223016142845154,0.13552643358707428,-0.7966974377632141,-0.10456877201795578
F,F_session_002,74,0.0,0.0,0.0,-0.09837830811738968,-0.09563814848661423,-0.030112173408269882,-0.17665798962116241,-0.21997185051441193,-0.056556954979896545,-0.22022181749343872,-0.34255293011665344,-0.08655884861946106,-0.22638043761253357,-0.4694055914878845,-0.11271227151155472,-0.13212551176548004,-0.4950788915157318,-0.004851219244301319,-0.16517165303230286,-0.6656952500343323,-0.06681137531995773,-0.18978281319141388,-0.6244372725486755,-0.1191820576786995,-0.1993558257818222,-0.5438563227653503,-0.1458628922700882,-0.06685350835323334,-0.537602961063385,-0.01848651096224785,-0.09042508900165558,-0.7579715847969055,-0.047823015600442886,-0.11151424795389175,-0.8867548108100891,-0.07641226798295975,-0.12957745790481567,-1.0,-0.09755171090364456,0.003876762231811881,-0.5173981785774231,-0.043754708021879196,0.00923412386327982,-0.7316520810127258,-0.07550632208585739,0.012745543383061886,-0.869067907333374,-0.09719136357307434,0.011529733426868916,-0.9970510005950928,-0.11213020980358124,0.0724797174334526,-0.4440462589263916,-0.07266116887331009,0.10112358629703522,-0.5958454012870789,-0.09747662395238876,0.12038179486989975,-0.697394847869873,-0.10216722637414932,0.1353624314069748,-0.7988244891166687,-0.1042226105928421
F,F_session_002,75,0.0,0.0,0.0,-0.09826326370239258,-0.09449487924575806,-0.03330002725124359,-0.17742709815502167,-0.21891489624977112,-0.061693452298641205,-0.22412286698818207,-0.34327805042266846,-0.0933380275964737,-0.22703933715820312,-0.4713440239429474,-0.12123242765665054,-0.13496051728725433,-0.49006885290145874,-0.008030686527490616,-0.16945762932300568,-0.6629906296730042,-0.07309965789318085,-0.19149218499660492,-0.622904896736145,-0.12747091054916382,-0.1980782449245453,-0.5427916049957275,-0.15522876381874084,-0.06975815445184708,-0.5341761708259583,-0.020509613677859306,-0.09358734637498856,-0.7564685344696045,-0.0523298904299736,-0.11441049724817276,-0.8857799768447876,-0.0827098935842514,-0.13239750266075134,-1.0,-0.10487696528434753,0.0016259896801784635,-0.515734076499939,-0.04496411234140396,0.0058923023752868176,-0.7311038970947266,-0.07898005843162537,0.009475343860685825,-0.8694068789482117,-0.10200893133878708,0.008298411965370178,-0.998528003692627,-0.11746048182249069,0.0704716369509697,-0.4439655542373657,-0.0732516348361969,0.09798818081617355,-0.5964117646217346,-0.09942244738340378,0.11766478419303894,-0.6976801753044128,-0.10489047318696976,0.1333380788564682,-0.7984035611152649,-0.10734374821186066
F,F_session_002,76,0.0,0.0,0.0,-0.0978892594575882,-0.09384303539991379,-0.031697724014520645,-0.1770554780960083,-0.21907278895378113,-0.05917215347290039,-0.22407622635364532,-0.34351903200149536,-0.09029320627450943,-0.22437676787376404,-0.46931493282318115,-0.1178220883011818,-0.13629966974258423,-0.4855336844921112,-0.006050135940313339,-0.17037774622440338,-0.6575337052345276,-0.07108370214700699,-0.19256016612052917,-0.6176114678382874,-0.12516722083091736,-0.19983826577663422,-0.5367235541343689,-0.1524711549282074,-0.07134386152029037,-0.5306041836738586,-0.019513146951794624,-0.09548186510801315,-0.7551648020744324,-0.05145050585269928,-0.11644820868968964,-0.8852325081825256,-0.08148069679737091,-0.13499398529529572,-1.0,-0.10286644101142883,0.00016906761447899044,-0.512874186038971,-0.04489617422223091,0.004244862124323845,-0.7298087477684021,-0.07945933938026428,0.007498478051275015,-0.8687834739685059,-0.10239382088184357,0.005609517451375723,-0.9982311129570007,-0.11729830503463745,0.06987141817808151,-0.4421294331550598,-0.07393629848957062,0.09769026190042496,-0.5954133868217468,-0.10059788078069687,0.11779505014419556,-0.6967265605926514,-0.10581209510564804,0.13356858491897583,-0.7971186637878418,-0.10778667777776718
F,F_session_002,77,0.0,0.0,0.0,-0.09878594428300858,-0.09341731667518616,-0.02972390316426754,-0.17710711061954498,-0.22130322456359863,-0.055269353091716766,-0.2233114391565323,-0.3456680476665497,-0.08479465544223785,-0.22412043809890747,-0.4682643413543701,-0.110878586769104,-0.13803312182426453,-0.4852735996246338,-0.0033604688942432404,-0.17270728945732117,-0.656007707118988,-0.06697338819503784,-0.19154225289821625,-0.618898332118988,-0.11997067928314209,-0.19590578973293304,-0.5415881276130676,-0.14652687311172485,-0.07225186377763748,-0.5321750044822693,-0.017324943095445633,-0.09583985805511475,-0.7552671432495117,-0.04834835231304169,-0.11679528653621674,-0.8847675919532776,-0.07815472781658173,-0.1356915533542633,-0.9979330897331238,-0.09928286820650101,-0.0001311993255512789,-0.5164976119995117,-0.04296579957008362,0.0036975329276174307,-0.7326337695121765,-0.0768657773733139,0.006832732353359461,-0.8715018630027771,-0.09995243698358536,0.004749272484332323,-1.0,-0.11480593681335449,0.07001414149999619,-0.4472690522670746,-0.07207189500331879,0.09858985990285873,-0.5995142459869385,-0.09765829145908356,0.11865584552288055,-0.6998212337493896,-0.10251373052597046,0.13402672111988068,-0.7979934215545654,-0.10421109944581985
F,F_session_002,78,0.0,0.0,0.0,-0.09937772154808044,-0.09349410980939865,-0.03030654601752758,-0.17933964729309082,-0.22226582467556,-0.05603965371847153,-0.22663933038711548,-0.34942758083343506,-0.08573882281780243,-0.22152550518512726,-0.47296029329299927,-0.11194908618927002,-0.14015567302703857,-0.4832885265350342,-0.0032044777180999517,-0.1738845705986023,-0.6564809679985046,-0.06740733236074448,-0.19300581514835358,-0.619806706905365,-0.12082294374704361,-0.1980077475309372,-0.5415628552436829,-0.1475798636674881,-0.0742049291729927,-0.5314643383026123,-0.01666519232094288,-0.09708976000547409,-0.7561260461807251,-0.04810537397861481,-0.11819598078727722,-0.8863250613212585,-0.07829944044351578,-0.13755249977111816,-0.9996700882911682,-0.09958967566490173,-0.0015824815491214395,-0.5166869759559631,-0.04186013340950012,0.002452478278428316,-0.7338252663612366,-0.07620100677013397,0.005630552303045988,-0.8724803924560547,-0.09935545176267624,0.0032870930153876543,-1.0,-0.114021897315979,0.06902050971984863,-0.4480333626270294,-0.07054676860570908,0.09783421456813812,-0.6011118292808533,-0.09638828784227371,0.1176808774471283,-0.701715886592865,-0.10118001699447632,0.13270322978496552,-0.799868643283844,-0.10267335921525955
F,F_session_002,79,0.0,0.0,0.0,-0.09789498150348663,-0.09233120083808899,-0.030446672812104225,-0.17682905495166779,-0.2222684919834137,-0.05630449578166008,-0.22301408648490906,-0.35187292098999023,-0.08594463020563126,-0.21565848588943481,-0.4783729016780853,-0.1121096983551979,-0.13776415586471558,-0.48439714312553406,-0.0034512453712522984,-0.17209583520889282,-0.6569440960884094,-0.06663510948419571,-0.19240035116672516,-0.6214473843574524,-0.11943116784095764,-0.1984015554189682,-0.5438801646232605,-0.14603200554847717,-0.07234980911016464,-0.5313857793807983,-0.01676970347762108,-0.09546123445034027,-0.7570609450340271,-0.04747866839170456,-0.11626113206148148,-0.8873335719108582,-0.07730668783187866,-0.1349174678325653,-1.0,-0.09854566305875778,-0.00022231349430512637,-0.5151278972625732,-0.04169462248682976,0.0039103771559894085,-0.7329186201095581,-0.07566644996404648,0.007106471341103315,-0.8713939785957336,-0.09882679581642151,0.005043006036430597,-0.998512327671051,-0.11369513720273972,0.06997816264629364,-0.4453248679637909,-0.0700611025094986,0.097953662276268,-0.5997042059898376,-0.0959990918636322,0.11839300394058228,-0.7006687521934509,-0.10095669329166412,0.13427159190177917,-0.7988789081573486,-0.10270746052265167
F,F_session_002,80,0.0,0.0,0.0,-0.09974920749664307,-0.09329193830490112,-0.03167683631181717,-0.1797202229499817,-0.22496925294399261,-0.05816703289747238,-0.22660093009471893,-0.3582724928855896,-0.08845324069261551,-0.21596622467041016,-0.48472917079925537,-0.11511944234371185,-0.13841693103313446,-0.48410606384277344,-0.002905781613662839,-0.17115601897239685,-0.6578806042671204,-0.06683944910764694,-0.18921150267124176,-0.6229699850082397,-0.12024401873350143,-0.19309397041797638,-0.5478930473327637,-0.14726515114307404,-0.0727958008646965,-0.5308340787887573,-0.01565101556479931,-0.09525462985038757,-0.7544740438461304,-0.046199411153793335,-0.11558344960212708,-0.8850508332252502,-0.07608037441968918,-0.13378551602363586,-1.0,-0.0975680872797966,-0.00022248424647841603,-0.5151368379592896,-0.040317509323358536,0.0033819768577814102,-0.731544017791748,-0.07413891702890396,0.006783245597034693,-0.8700472116470337,-0.09698072820901871,0.00498047424480319,-0.9976280331611633,-0.11174260079860687,0.07048928737640381,-0.446593314409256,-0.06867444515228271,0.09837662428617477,-0.6000380516052246,-0.09442944824695587,0.11836126446723938,-0.7006941437721252,-0.09939337521791458,0.13390523195266724,-0.7987061142921448,-0.10124646872282028
F,F_session_002,81,0.0,0.0,0.0,-0.09802024066448212,-0.09331376850605011,-0.032925039529800415,-0.17742103338241577,-0.2231658399105072,-0.0603480190038681,-0.22417700290679932,-0.3557543158531189,-0.0912696123123169,-0.21508489549160004,-0.4842979907989502,-0.11843720078468323,-0.13756102323532104,-0.4846368432044983,-0.0042429836466908455,-0.1697513461112976,-0.6578652858734131,-0.06864772737026215,-0.18646953999996185,-0.6224464774131775,-0.12240612506866455,-0.1895262449979782,-0.5466988682746887,-0.14949877560138702,-0.07169652730226517,-0.5314230918884277,-0.016434868797659874,-0.09377817809581757,-0.7547107934951782,-0.04694874584674835,-0.1137058436870575,-0.8845908641815186,-0.07672065496444702,-0.1321091204881668,-1.0,-0.09814193844795227,0.0008106533787213266,-0.5152153968811035,-0.04066911339759827,0.004663778934627771,-0.730876624584198,-0.07429754734039307,0.0082295723259449,-0.8694561719894409,-0.09674562513828278,0.006584486924111843,-0.997681200504303,-0.11127124726772308,0.07124561816453934,-0.4465136229991913,-0.0687202662229538,0.0982338935136795,-0.6007950305938721,-0.09433671832084656,0.1187160387635231,-0.7014098167419434,-0.09901848435401917,0.1353691965341568,-0.7995043396949768,-0.10064366459846497
F,F_session_002,82,0.0,0.0,0.0,-0.09785060584545135,-0.09462521970272064,-0.032044798135757446,-0.17697682976722717,-0.22564910352230072,-0.0588558055460453,-0.22442743182182312,-0.35608842968940735,-0.08930464833974838,-0.21580028533935547,-0.48226216435432434,-0.11595382541418076,-0.13738949596881866,-0.4876731038093567,-0.002985511440783739,-0.1678137481212616,-0.6600922346115112,-0.06620605289936066,-0.1869579553604126,-0.6246851086616516,-0.11936073750257492,-0.19244539737701416,-0.5479134321212769,-0.1463290899991989,-0.07237911969423294,-0.5329570770263672,-0.015440368093550205,-0.09424301981925964,-0.7550297379493713,-0.04503239318728447,-0.11382901668548584,-0.8854827284812927,-0.07403832674026489,-0.1310703307390213,-1.0,-0.0949815958738327,-0.0004275672254152596,-0.5153532028198242,-0.039876192808151245,0.003014033893123269,-0.7304877042770386,-0.07277636975049973,0.007112018298357725,-0.8687574863433838,-0.0949232205748558,0.006500102113932371,-0.9960166215896606,-0.10940434038639069,0.06959588080644608,-0.44545140862464905,-0.06810268014669418,0.09743474423885345,-0.5985952019691467,-0.09403449296951294,0.11837851256132126,-0.6995260715484619,-0.09905818849802017,0.13600130379199982,-0.7988187074661255,-0.10086945444345474
F,F_session_002,83,0.0,0.0,0.0,-0.09677192568778992,-0.09431655704975128,-0.033119700849056244,-0.17444080114364624,-0.2259250283241272,-0.06003109738230705,-0.2215280830860138,-0.35718509554862976,-0.09056244045495987,-0.21390265226364136,-0.4830578863620758,-0.1170576959848404,-0.13497209548950195,-0.4871346950531006,-0.0019607527647167444,-0.16736173629760742,-0.6586472988128662,-0.06526412069797516,-0.18609046936035156,-0.6214884519577026,-0.11854756623506546,-0.19032923877239227,-0.5437250733375549,-0.14553643763065338,-0.07052214443683624,-0.5338219404220581,-0.013746537268161774,-0.09367122501134872,-0.7553753852844238,-0.043143514543771744,-0.11311043798923492,-0.8857535719871521,-0.07209980487823486,-0.12950006127357483,-1.0,-0.09298376739025116,0.0009876172989606857,-0.5175442695617676,-0.03778912499547005,0.004555672872811556,-0.73056960105896,-0.07030222564935684,0.008592522703111172,-0.8674861788749695,-0.09200223535299301,0.008089176379144192,-0.9928342700004578,-0.10614315420389175,0.07058926671743393,-0.44870778918266296,-0.06587144732475281,0.09860733151435852,-0.6000563502311707,-0.0911349356174469,0.11922401934862137,-0.7004591226577759,-0.0958620011806488,0.1364414542913437,-0.7985982298851013,-0.09751050174236298
F,F_session_002,84,0.0,0.0,0.0,-0.09968359768390656,-0.09437442570924759,-0.03088299185037613,-0.1789761334657669,-0.22636371850967407,-0.056304823607206345,-0.22693608701229095,-0.3568001091480255,-0.08557495474815369,-0.22159580886363983,-0.4768814742565155,-0.11095701903104782,-0.1390390694141388,-0.4854564666748047,-0.0009236770565621555,-0.1707034856081009,-0.6590505242347717,-0.0634450688958168,-0.1909140795469284,-0.6304429173469543,-0.11614734679460526,-0.1969858705997467,-0.5578930974006653,-0.14260832965373993,-0.07433383166790009,-0.5310624241828918,-0.013401717878878117,-0.09721889346837997,-0.7536522746086121,-0.04194791987538338,-0.11637191474437714,-0.8853907585144043,-0.06983402371406555,-0.1323934644460678,-1.0,-0.08973681181669235,-0.002578089479357004,-0.5147283673286438,-0.037852514535188675,0.0008580972789786756,-0.7304379343986511,-0.06957514584064484,0.0053831362165510654,-0.86886066198349,-0.09058301150798798,0.0051068090833723545,-0.9947407245635986,-0.10402172803878784,0.06769582629203796,-0.4462628662586212,-0.06619281321763992,0.09660132229328156,-0.6001134514808655,-0.09082356095314026,0.11692294478416443,-0.7012986540794373,-0.09503468126058578,0.13349968194961548,-0.8008662462234497,-0.09611035883426666
F,F_session_002,85,0.0,0.0,0.0,-0.10066290944814682,-0.09182940423488617,-0.0308340135961771,-0.18171744048595428,-0.22476115822792053,-0.056519683450460434,-0.22978931665420532,-0.354356050491333,-0.08596951514482498,-0.2160317748785019,-0.46873924136161804,-0.11174488812685013,-0.1405729353427887,-0.48128432035446167,-0.0035395638551563025,-0.17379148304462433,-0.6548433303833008,-0.06675583124160767,-0.19104796648025513,-0.6281260848045349,-0.11954805999994278,-0.1944567710161209,-0.5565788745880127,-0.14598050713539124,-0.07464979588985443,-0.5278556942939758,-0.016174687072634697,-0.0979561060667038,-0.7520421147346497,-0.04611368104815483,-0.11692208051681519,-0.8851362466812134,-0.07477466017007828,-0.1326168179512024,-1.0,-0.094862200319767,-0.0014087370363995433,-0.5127263069152832,-0.040396835654973984,0.0018463322194293141,-0.7297568321228027,-0.0731600970029831,0.0062124719843268394,-0.8682172298431396,-0.09451888501644135,0.005650212988257408,-0.9939858913421631,-0.10774931311607361,0.07025403529405594,-0.44477400183677673,-0.06834080070257187,0.09875115752220154,-0.6005759239196777,-0.09295356273651123,0.11867737025022507,-0.7018897533416748,-0.09655512869358063,0.1348700225353241,-0.8011969923973083,-0.09705140441656113
F,F_session_002,86,0.0,0.0,0.0,-0.1064026802778244,-0.0903669223189354,-0.026042798534035683,-0.18994052708148956,-0.22937555611133575,-0.047645360231399536,-0.23711280524730682,-0.36228513717651367,-0.07348164170980453,-0.21808969974517822,-0.4656062424182892,-0.0962078794836998,-0.14128394424915314,-0.48086294531822205,3.968276723753661e-05,-0.17306216061115265,-0.6561300754547119,-0.059954773634672165,-0.1927482634782791,-0.6281211972236633,-0.11003582924604416,-0.19947466254234314,-0.5555476546287537,-0.13514062762260437,-0.0754891186952591,-0.526871383190155,-0.014351826161146164,-0.09846910089254379,-0.7538391947746277,-0.04303931072354317,-0.1190057173371315,-0.8868936896324158,-0.07029230892658234,-0.1370258778333664,-1.0,-0.08927131444215775,-0.002372837858274579,-0.5114519596099854,-0.03969902917742729,0.0016725568566471338,-0.7301881313323975,-0.07185617089271545,0.006214925087988377,-0.8716443777084351,-0.09334984421730042,0.005044851452112198,-0.9998024106025696,-0.10659880191087723,0.06871698051691055,-0.44299450516700745,-0.06822872161865234,0.0984402596950531,-0.5995131134986877,-0.09255263954401016,0.11847347766160965,-0.7011585235595703,-0.0961199477314949,0.13382457196712494,-0.8003751039505005,-0.09673896431922913
F,F_session_002,87,0.0,0.0,0.0,-0.10883232951164246,-0.0893964022397995,-0.025127265602350235,-0.1935512274503708,-0.2253708839416504,-0.04688795283436775,-0.24040813744068146,-0.35319575667381287,-0.07300956547260284,-0.23074130713939667,-0.4664439260959625,-0.09586641192436218,-0.14291058480739594,-0.48256716132164,-0.00032550827017985284,-0.17715948820114136,-0.6567254066467285,-0.05823454633355141,-0.20101401209831238,-0.6151204109191895,-0.10719184577465057,-0.21019063889980316,-0.5337222814559937,-0.13212580978870392,-0.07763094455003738,-0.5280951857566833,-0.01591077446937561,-0.10173314064741135,-0.7530191540718079,-0.04279112443327904,-0.12486544996500015,-0.8846272230148315,-0.06994140893220901,-0.14437933266162872,-0.9983014464378357,-0.08964738249778748,-0.005488729104399681,-0.5105912685394287,-0.04219554737210274,-0.0022552735172212124,-0.731005847454071,-0.07260704785585403,0.0003007522609550506,-0.8717597723007202,-0.09400853514671326,-0.001708132796920836,-1.0,-0.10824878513813019,0.06508190929889679,-0.43929624557495117,-0.07154560089111328,0.09425487369298935,-0.5926509499549866,-0.09603607654571533,0.1127798855304718,-0.6942108869552612,-0.09974873065948486,0.12681351602077484,-0.7937068939208984,-0.10065215080976486
F,F_session_002,88,0.0,0.0,0.0,-0.1098533645272255,-0.08869485557079315,-0.02582419104874134,-0.19445236027240753,-0.22156046330928802,-0.048287950456142426,-0.24245984852313995,-0.3463636338710785,-0.07493241876363754,-0.24119912087917328,-0.4627167284488678,-0.09870927780866623,-0.14603792130947113,-0.48367899656295776,-0.0023871136363595724,-0.18438763916492462,-0.6562073826789856,-0.06204144284129143,-0.2075987160205841,-0.6200697422027588,-0.11280374974012375,-0.2155018150806427,-0.5418363213539124,-0.13869242370128632,-0.0803176611661911,-0.5297049880027771,-0.018221789970993996,-0.10621713846921921,-0.7570011615753174,-0.04607566073536873,-0.13007964193820953,-0.8882771134376526,-0.07477788627147675,-0.15008480846881866,-1.0,-0.09563866257667542,-0.00805612001568079,-0.5109708905220032,-0.04475675895810127,-0.005102475173771381,-0.7317706942558289,-0.07589250057935715,-0.003840442979708314,-0.8721190690994263,-0.0984467938542366,-0.007045233156532049,-0.9989745616912842,-0.11360976099967957,0.0622737891972065,-0.4375695586204529,-0.07436179369688034,0.0903300791978836,-0.5910787582397461,-0.09938503801822662,0.10689211636781693,-0.691974937915802,-0.10362856090068817,0.11789631843566895,-0.7900863289833069,-0.10501433908939362
F,F_session_002,89,0.0,0.0,0.0,-0.11053633689880371,-0.08758774399757385,-0.02324651926755905,-0.19742606580257416,-0.21993455290794373,-0.04411979392170906,-0.24595218896865845,-0.3436581790447235,-0.06922386586666107,-0.24885903298854828,-0.4628511965274811,-0.09173416346311569,-0.14466574788093567,-0.48278260231018066,-0.004187687300145626,-0.18574273586273193,-0.6583024859428406,-0.06337355077266693,-0.21279868483543396,-0.6152399182319641,-0.1139492616057396,-0.22498822212219238,-0.5340463519096375,-0.1402370184659958,-0.07967518270015717,-0.5268956422805786,-0.021136026829481125,-0.10749543458223343,-0.7552059292793274,-0.04985351487994194,-0.13350029289722443,-0.8870388269424438,-0.07949674129486084,-0.15627780556678772,-1.0,-0.10141155868768692,-0.008797582238912582,-0.5060746073722839,-0.04810917750000954,-0.006871097255498171,-0.7273457050323486,-0.07937483489513397,-0.0069383070804178715,-0.8662269115447998,-0.10207235813140869,-0.012061034329235554,-0.9925341010093689,-0.11777946352958679,0.060569748282432556,-0.43173491954803467,-0.07779662311077118,0.08646370470523834,-0.5837583541870117,-0.10348273813724518,0.10062933713197708,-0.6843189001083374,-0.10801035910844803,0.10859133303165436,-0.7833371162414551,-0.10981123894453049
F,F_session_002,90,0.0,0.0,0.0,-0.10786779969930649,-0.08904534578323364,-0.02411196567118168,-0.19246849417686462,-0.22197695076465607,-0.04619808867573738,-0.2442709356546402,-0.339889794588089,-0.07242736220359802,-0.24833953380584717,-0.45912957191467285,-0.09592591226100922,-0.13868817687034607,-0.4916527569293976,-0.00395332183688879,-0.1790795475244522,-0.6640093922615051,-0.06508748233318329,-0.20909668505191803,-0.6203894019126892,-0.11698122322559357,-0.22246675193309784,-0.5376665592193604,-0.14384475350379944,-0.07555247098207474,-0.5335692763328552,-0.020610332489013672,-0.1048310324549675,-0.7592690587043762,-0.05060234293341637,-0.1318104863166809,-0.8895813226699829,-0.08009079098701477,-0.15562406182289124,-0.9999444484710693,-0.10146430879831314,-0.005226389039307833,-0.5107999444007874,-0.047690995037555695,-0.003714213380590081,-0.7324563264846802,-0.07964419573545456,-0.004641933366656303,-0.8724283576011658,-0.10147865861654282,-0.011103367432951927,-1.0,-0.1163427084684372,0.0637853667140007,-0.4334424138069153,-0.07764588296413422,0.08907906711101532,-0.5846561193466187,-0.10379693657159805,0.102262943983078,-0.6853988766670227,-0.10818356275558472,0.10903485864400864,-0.7842357158660889,-0.10956425964832306
F,F_session_002,91,0.0,0.0,0.0,-0.10736348479986191,-0.08860025554895401,-0.02643478661775589,-0.1914549320936203,-0.21798382699489594,-0.050351064652204514,-0.24239198863506317,-0.3342745900154114,-0.07802319526672363,-0.25331324338912964,-0.4601335823535919,-0.1027672290802002,-0.13788588345050812,-0.48934730887413025,-0.006872451398521662,-0.1782582849264145,-0.6604381203651428,-0.07054300606250763,-0.2097274214029312,-0.6142672896385193,-0.12455737590789795,-0.22368751466274261,-0.5290004014968872,-0.15246061980724335,-0.07462593913078308,-0.5311478972434998,-0.023142492398619652,-0.10327907651662827,-0.757055401802063,-0.05522101745009422,-0.1311543583869934,-0.8886494636535645,-0.08660130947828293,-0.15615394711494446,-0.9992448687553406,-0.10934149473905563,-0.004926198627799749,-0.5082197189331055,-0.050108809024095535,-0.0035327025689184666,-0.7303400635719299,-0.08350151032209396,-0.005072532221674919,-0.8708680868148804,-0.10637417435646057,-0.011979778297245502,-1.0,-0.12196385115385056,0.06373220682144165,-0.4308149218559265,-0.08008638024330139,0.08891324698925018,-0.5825947523117065,-0.10696074366569519,0.10196835547685623,-0.6838959455490112,-0.1116323247551918,0.10857702046632767,-0.7836200594902039,-0.11319637298583984
F,F_session_002,92,0.0,0.0,0.0,-0.10535875707864761,-0.09242048114538193,-0.02623044140636921,-0.1889003962278366,-0.22045256197452545,-0.050264570862054825,-0.24130304157733917,-0.33491823077201843,-0.07798683643341064,-0.2526640295982361,-0.46114110946655273,-0.10279711335897446,-0.13071483373641968,-0.491067498922348,-0.007713477127254009,-0.17383652925491333,-0.657105028629303,-0.07113230973482132,-0.2096850425004959,-0.6037093997001648,-0.1246727779507637,-0.2262423038482666,-0.5126038193702698,-0.15248249471187592,-0.06940662115812302,-0.5309078097343445,-0.023999447003006935,-0.09806512296199799,-0.75685715675354,-0.05753236263990402,-0.12712185084819794,-0.8877696394920349,-0.08945721387863159,-0.15331165492534637,-0.9978771805763245,-0.11222100257873535,-0.0012800737749785185,-0.5071004033088684,-0.05076860263943672,0.0009290352463722229,-0.7283499836921692,-0.08519739657640457,-0.001682551228441298,-0.8702750205993652,-0.10857640206813812,-0.00936151947826147,-1.0,-0.12422595918178558,0.06587816774845123,-0.42799413204193115,-0.08041612803936005,0.09278479218482971,-0.5771888494491577,-0.10788902640342712,0.10515281558036804,-0.6803252100944519,-0.11291643232107162,0.11057861149311066,-0.7805180549621582,-0.11464427411556244
F,F_session_002,93,0.0,0.0,0.0,-0.10685908049345016,-0.09436993300914764,-0.026653967797756195,-0.18872323632240295,-0.2225905954837799,-0.05104722082614899,-0.2382296323776245,-0.337807297706604,-0.07922444492578506,-0.25726082921028137,-0.464459091424942,-0.10461261123418808,-0.12747260928153992,-0.49311190843582153,-0.007725905627012253,-0.1734391152858734,-0.6566094160079956,-0.07140284031629562,-0.21140162646770477,-0.6005024313926697,-0.12591883540153503,-0.2292441874742508,-0.5081382393836975,-0.15446516871452332,-0.06640183925628662,-0.5317927002906799,-0.02417723648250103,-0.09500866383314133,-0.7580450773239136,-0.05781709402799606,-0.12444441020488739,-0.8884798884391785,-0.09082982689142227,-0.15045493841171265,-0.9990431666374207,-0.11464036256074905,0.00041455679456703365,-0.5069699287414551,-0.051157549023628235,0.002999212360009551,-0.7283759117126465,-0.08558887243270874,0.00026516863727010787,-0.8701207637786865,-0.10955367237329483,-0.006829569116234779,-1.0,-0.1258155107498169,0.06622382998466492,-0.42671188712120056,-0.0810956060886383,0.09330685436725616,-0.5770883560180664,-0.10813114047050476,0.10572121292352676,-0.6807310581207275,-0.11304953694343567,0.11118911951780319,-0.7815147042274475,-0.1149957925081253
F,F_session_002,94,0.0,0.0,0.0,-0.10480201244354248,-0.0975518673658371,-0.02539103664457798,-0.1857813149690628,-0.22761178016662598,-0.049007464200258255,-0.23432588577270508,-0.3403793275356293,-0.0765487477183342,-0.2542017698287964,-0.4654929041862488,-0.10169873386621475,-0.12217964231967926,-0.49812352657318115,-0.007978991605341434,-0.1697513908147812,-0.6571027636528015,-0.07013051956892014,-0.21030746400356293,-0.6011615991592407,-0.12391927093267441,-0.23055748641490936,-0.5102497935295105,-0.15248754620552063,-0.062137264758348465,-0.5361492037773132,-0.025031225755810738,-0.09069975465536118,-0.7585279941558838,-0.0577319972217083,-0.12154823541641235,-0.888677179813385,-0.09068986773490906,-0.14851070940494537,-0.9981489777565002,-0.11478030681610107,0.003233659081161022,-0.5094088912010193,-0.05223028361797333,0.007019339129328728,-0.7280437350273132,-0.08599976450204849,0.00372540601529181,-0.8707913756370544,-0.1107063740491867,-0.0034223825205117464,-1.0,-0.12780743837356567,0.06718428432941437,-0.42623400688171387,-0.0822521448135376,0.09580226987600327,-0.5750197768211365,-0.10995154082775116,0.10767605155706406,-0.6799805760383606,-0.11607009172439575,0.11206814646720886,-0.7807541489601135,-0.11898329854011536
F,F_session_002,95,0.0,0.0,0.0,-0.10499179363250732,-0.10131693631410599,-0.02501792646944523,-0.18566671013832092,-0.2319413423538208,-0.04863285273313522,-0.233855202794075,-0.34548845887184143,-0.07623131573200226,-0.2569284737110138,-0.4714863896369934,-0.10172953456640244,-0.11762851476669312,-0.5006589889526367,-0.008873251266777515,-0.16793900728225708,-0.6592797040939331,-0.07032008469104767,-0.21070706844329834,-0.6024580597877502,-0.1238832175731659,-0.23246385157108307,-0.5125377178192139,-0.15278199315071106,-0.05855896323919296,-0.5366783738136292,-0.026466749608516693,-0.08782697468996048,-0.7590476274490356,-0.059632714837789536,-0.12129969894886017,-0.8879466652870178,-0.09375543147325516,-0.15020358562469482,-0.9962493181228638,-0.1190737783908844,0.005460623651742935,-0.5087136626243591,-0.053905684500932693,0.0088273324072361,-0.7269958853721619,-0.08782266825437546,0.004192051477730274,-0.870459794998169,-0.11405474692583084,-0.003655587788671255,-1.0,-0.13279783725738525,0.06803195923566818,-0.4242689609527588,-0.08406464755535126,0.09733740985393524,-0.5727829337120056,-0.1115843802690506,0.1092897430062294,-0.6784393191337585,-0.11858246475458145,0.11338378489017487,-0.780437707901001,-0.12273064255714417
F,F_session_002,96,0.0,0.0,0.0,-0.10605289041996002,-0.10231328010559082,-0.023508165031671524,-0.18736355006694794,-0.23349909484386444,-0.04653503745794296,-0.2363298088312149,-0.34543704986572266,-0.07392147183418274,-0.25917908549308777,-0.46853336691856384,-0.09926699846982956,-0.1182486042380333,-0.502070963382721,-0.008125318214297295,-0.16934047639369965,-0.6624025106430054,-0.06969866156578064,-0.21190272271633148,-0.6057177782058716,-0.12327367067337036,-0.23346050083637238,-0.5156382918357849,-0.1519717276096344,-0.059111349284648895,-0.5375413298606873,-0.0265765693038702,-0.08923660218715668,-0.7617980241775513,-0.060540903359651566,-0.12479925900697708,-0.8904646039009094,-0.09499281644821167,-0.15637367963790894,-0.9979276657104492,-0.12013889849185944,0.005071165505796671,-0.5094987154006958,-0.05470195412635803,0.007423167582601309,-0.7266062498092651,-0.08813096582889557,0.0017387798288837075,-0.8698791265487671,-0.1141514703631401,-0.007208162918686867,-1.0,-0.13267913460731506,0.06747429072856903,-0.42540162801742554,-0.08553159236907959,0.09610369801521301,-0.5740410089492798,-0.11172570288181305,0.10740797221660614,-0.6802852153778076,-0.11808513849973679,0.11111302673816681,-0.7836852073669434,-0.12187376618385315
F,F_session_002,97,0.0,0.0,0.0,-0.10649479180574417,-0.1022740975022316,-0.02369840256869793,-0.18844160437583923,-0.23365341126918793,-0.04752229526638985,-0.23885491490364075,-0.3435043692588806,-0.07590342313051224,-0.25988394021987915,-0.4652827978134155,-0.10260877013206482,-0.11776818335056305,-0.4998709559440613,-0.008734731934964657,-0.17069171369075775,-0.657592236995697,-0.07083147764205933,-0.21416476368904114,-0.5988783240318298,-0.12507900595664978,-0.23559458553791046,-0.5081780552864075,-0.1544610559940338,-0.06033777445554733,-0.5342446565628052,-0.027582479640841484,-0.09334923326969147,-0.7558128833770752,-0.061776936054229736,-0.13228219747543335,-0.8818011283874512,-0.09713686257600784,-0.1668139547109604,-0.9864383339881897,-0.12312550842761993,0.003055744804441929,-0.5056249499320984,-0.05609658360481262,0.004180363845080137,-0.7247715592384338,-0.08987747877836227,-0.003139333799481392,-0.869133710861206,-0.11747697740793228,-0.013631399720907211,-1.0,-0.13750942051410675,0.06463311612606049,-0.42131131887435913,-0.08723635971546173,0.09343191236257553,-0.5696172714233398,-0.11464018374681473,0.10402362793684006,-0.6769427061080933,-0.12266847491264343,0.10674282163381577,-0.7818229794502258,-0.12786796689033508
F,F_session_002,98,0.0,0.0,0.0,-0.10667873173952103,-0.10219753533601761,-0.023483209311962128,-0.18931086361408234,-0.2328663468360901,-0.046761784702539444,-0.24068984389305115,-0.3407457768917084,-0.07460812479257584,-0.2651568651199341,-0.4596351385116577,-0.10086589306592941,-0.11800897866487503,-0.49946328997612,-0.009004277177155018,-0.17247538268566132,-0.6571028828620911,-0.07032225281000137,-0.21701060235500336,-0.5966253876686096,-0.1240597814321518,-0.23858106136322021,-0.5054841041564941,-0.15332229435443878,-0.061318740248680115,-0.5346448421478271,-0.027717433869838715,-0.09494613111019135,-0.7555069923400879,-0.06157766282558441,-0.1355871856212616,-0.8797807693481445,-0.09661302715539932,-0.17129018902778625,-0.9823541641235352,-0.12248163670301437,0.0014562977012246847,-0.5069757699966431,-0.05600176379084587,0.001660485751926899,-0.7256337404251099,-0.08911637216806412,-0.007718305103480816,-0.8698049187660217,-0.11667151004076004,-0.019885538145899773,-1.0,-0.13693980872631073,0.0628528818488121,-0.42351338267326355,-0.08695816993713379,0.09235987067222595,-0.5711562037467957,-0.11390338838100433,0.10164695978164673,-0.6794039011001587,-0.1222284585237503,0.10257327556610107,-0.784911572933197,-0.12785764038562775
F,F_session_002,99,0.0,0.0,0.0,-0.10678146779537201,-0.10205313563346863,-0.023524710908532143,-0.18972736597061157,-0.23275931179523468,-0.046575479209423065,-0.24206826090812683,-0.33986803889274597,-0.07415395975112915,-0.2669059932231903,-0.45937463641166687,-0.10012740641832352,-0.11757611483335495,-0.4998355805873871,-0.008152514696121216,-0.17264264822006226,-0.6557118892669678,-0.06876738369464874,-0.21716193854808807,-0.5958682298660278,-0.12205162644386292,-0.23850128054618835,-0.5052047967910767,-0.15123048424720764,-0.061680227518081665,-0.5355396866798401,-0.0267745703458786,-0.09649054706096649,-0.755257248878479,-0.060499705374240875,-0.1384044587612152,-0.8778982758522034,-0.0955309197306633,-0.17507320642471313,-0.9780087471008301,-0.12137199193239212,0.0005388317513279617,-0.5078545808792114,-0.05499384552240372,-0.00019137441995553672,-0.7248427867889404,-0.08807170391082764,-0.010286920703947544,-0.8696403503417969,-0.11604472994804382,-0.022971661761403084,-1.0,-0.13671918213367462,0.06132149323821068,-0.4237768054008484,-0.08587197214365005,0.09114042669534683,-0.5695482492446899,-0.11301615834236145,0.10022343695163727,-0.6773881912231445,-0.12190946936607361,0.10073752701282501,-0.7826694250106812,-0.12809322774410248
F,F_session_002,100,0.0,0.0,0.0,-0.10792014002799988,-0.10131700336933136,-0.02418837510049343,-0.1907687932252884,-0.23120148479938507,-0.048021260648965836,-0.24245287477970123,-0.3389323055744171,-0.0762573629617691,-0.26710858941078186,-0.45920059084892273,-0.10300179570913315,-0.118400439620018,-0.49621522426605225,-0.009472220204770565,-0.17269964516162872,-0.6525307297706604,-0.07069185376167297,-0.21754048764705658,-0.5936184525489807,-0.12452064454555511,-0.23880672454833984,-0.5041353702545166,-0.15412637591362,-0.06210849806666374,-0.5319312214851379,-0.028224099427461624,-0.09799759835004807,-0.7525427937507629,-0.062218330800533295,-0.14187729358673096,-0.8750085234642029,-0.09776345640420914,-0.17976278066635132,-0.9746218919754028,-0.12421441823244095,0.0001519991783425212,-0.5046436190605164,-0.056581225246191025,-0.0015977206639945507,-0.724769115447998,-0.08996139466762543,-0.012553675100207329,-0.8695360422134399,-0.11821084469556808,-0.02567329630255699,-1.0,-0.13931696116924286,0.061071448028087616,-0.42148587107658386,-0.08761490136384964,0.08869652450084686,-0.5685142278671265,-0.11548738926649094,0.09682583808898926,-0.6772112846374512,-0.12482330203056335,0.09691084921360016,-0.7840145230293274,-0.13140229880809784
F,F_session_002,101,0.0,0.0,0.0,-0.10835051536560059,-0.10125632584095001,-0.02393978461623192,-0.19100691378116608,-0.23132221400737762,-0.04725390672683716,-0.24205045402050018,-0.3401213586330414,-0.07502584904432297,-0.26656168699264526,-0.46024033427238464,-0.10121293365955353,-0.11819785088300705,-0.495680034160614,-0.00770782632753253,-0.17185334861278534,-0.6507452130317688,-0.06833505630493164,-0.21658600866794586,-0.5945975184440613,-0.1216573417186737,-0.23820926249027252,-0.5067642331123352,-0.15078549087047577,-0.06201360747218132,-0.5318143963813782,-0.026377074420452118,-0.09747074544429779,-0.7520044445991516,-0.05997411161661148,-0.1413346827030182,-0.8747997283935547,-0.09500112384557724,-0.17942959070205688,-0.9746108651161194,-0.12091082334518433,0.00023312361736316234,-0.5057880878448486,-0.05476658418774605,-0.0018104782793670893,-0.7258886098861694,-0.0878564789891243,-0.013000411912798882,-0.8703461289405823,-0.11535807698965073,-0.026265744119882584,-1.0,-0.13570943474769592,0.06093792989850044,-0.4244283437728882,-0.08588586747646332,0.08759288489818573,-0.5735938549041748,-0.11319858580827713,0.09537390619516373,-0.682650089263916,-0.12189405411481857,0.09529849886894226,-0.7891438007354736,-0.12789678573608398
F,F_session_002,102,0.0,0.0,0.0,-0.10814749449491501,-0.10092829912900925,-0.02474435605108738,-0.19049200415611267,-0.23115456104278564,-0.04852259159088135,-0.2411140650510788,-0.339248925447464,-0.07652702182531357,-0.2654224634170532,-0.45936721563339233,-0.10287318378686905,-0.11695443838834763,-0.4952738285064697,-0.00898489449173212,-0.16907238960266113,-0.6508998870849609,-0.0694165900349617,-0.2142738699913025,-0.5966851711273193,-0.12251108884811401,-0.23678946495056152,-0.5096076130867004,-0.15165042877197266,-0.061115194112062454,-0.5310592651367188,-0.027273036539554596,-0.09616777300834656,-0.7515696883201599,-0.06103404983878136,-0.14082545042037964,-0.8743717074394226,-0.09602963179349899,-0.1798999011516571,-0.9733523726463318,-0.12195877730846405,0.0008698331657797098,-0.5047375559806824,-0.05525749921798706,-0.001333404565230012,-0.7258238196372986,-0.08855454623699188,-0.013138464652001858,-0.8701291680335999,-0.1161046177148819,-0.027307594195008278,-1.0,-0.1365872621536255,0.061372268944978714,-0.4230334460735321,-0.0860087051987648,0.08835801482200623,-0.5727542638778687,-0.11397708207368851,0.09597273916006088,-0.6825146079063416,-0.12314987927675247,0.09544003754854202,-0.7903915643692017,-0.12953394651412964
F,F_session_002,103,0.0,0.0,0.0,-0.1069725826382637,-0.10177332907915115,-0.02472984604537487,-0.18920893967151642,-0.23206749558448792,-0.0486416332423687,-0.24028384685516357,-0.33952826261520386,-0.07689455896615982,-0.26226893067359924,-0.4592796266078949,-0.10345644503831863,-0.11340358108282089,-0.4959696829319,-0.007840139791369438,-0.16676253080368042,-0.6485650539398193,-0.06874895840883255,-0.2121545672416687,-0.5956259369850159,-0.12265508621931076,-0.23456797003746033,-0.5090948939323425,-0.15226168930530548,-0.059111807495355606,-0.5319763422012329,-0.025631997734308243,-0.09435874968767166,-0.7502720355987549,-0.05986203998327255,-0.13862073421478271,-0.872915506362915,-0.09525483846664429,-0.1775859296321869,-0.9713655710220337,-0.1212347000837326,0.0019943576771765947,-0.5074012279510498,-0.05322599783539772,-0.001036696252413094,-0.7276197075843811,-0.08660886436700821,-0.01353578269481659,-0.8714464902877808,-0.11449100077152252,-0.028594253584742546,-1.0,-0.1349433809518814,0.06210950389504433,-0.4277037978172302,-0.08364496380090714,0.0894707441329956,-0.5776636600494385,-0.11116261035203934,0.09639588743448257,-0.6874394416809082,-0.12054093182086945,0.09473253786563873,-0.7944959402084351,-0.1269829273223877
F,F_session_002,104,0.0,0.0,0.0,-0.1069355458021164,-0.10397511720657349,-0.023803990334272385,-0.18962028622627258,-0.23408028483390808,-0.04755910485982895,-0.24043059349060059,-0.34154343605041504,-0.0759284570813179,-0.2614341974258423,-0.461439847946167,-0.10248716175556183,-0.11351721733808517,-0.4989214539527893,-0.006332853808999062,-0.16640068590641022,-0.6505587100982666,-0.06728271394968033,-0.21126851439476013,-0.5964304804801941,-0.1214793249964714,-0.23326915502548218,-0.5085446238517761,-0.15119820833206177,-0.05902440845966339,-0.534762442111969,-0.024507422000169754,-0.09434960037469864,-0.7517562508583069,-0.05828770622611046,-0.13872109353542328,-0.8747802972793579,-0.0935632735490799,-0.17765353620052338,-0.973617672920227,-0.11954250186681747,0.002523150062188506,-0.5102437138557434,-0.052528657019138336,0.00021336729696486145,-0.7305757999420166,-0.08533736318349838,-0.012203737162053585,-0.8730935454368591,-0.1127234548330307,-0.027326643466949463,-1.0,-0.13287758827209473,0.06349785625934601,-0.43056467175483704,-0.08338000625371933,0.0916474312543869,-0.5803121328353882,-0.11019889265298843,0.09846155345439911,-0.6901958584785461,-0.11908868700265884,0.09652380645275116,-0.7970731854438782,-0.12520389258861542
F,F_session_002,105,0.0,0.0,0.0,-0.10602334886789322,-0.10221467167139053,-0.022995730862021446,-0.18789924681186676,-0.23406651616096497,-0.04578396677970886,-0.2387610226869583,-0.3424450755119324,-0.07328208535909653,-0.25965243577957153,-0.4611380994319916,-0.0988854393362999,-0.11322104930877686,-0.49731650948524475,-0.003967239521443844,-0.1648859828710556,-0.6475696563720703,-0.06447997689247131,-0.2093009501695633,-0.5966548323631287,-0.1184450015425682,-0.2310304194688797,-0.5104393362998962,-0.14782525599002838,-0.05933186411857605,-0.5336577296257019,-0.02200530841946602,-0.0949491411447525,-0.7498462200164795,-0.05500148981809616,-0.13798788189888,-0.8723950386047363,-0.08926471322774887,-0.17565755546092987,-0.9709468483924866,-0.1142444908618927,0.0022320267744362354,-0.5104042291641235,-0.04996246472001076,-0.0011908122105523944,-0.7305132746696472,-0.08239883929491043,-0.012416609562933445,-0.8729026317596436,-0.10893625766038895,-0.026096930727362633,-1.0,-0.1281287521123886,0.06339940428733826,-0.4317489266395569,-0.08073640614748001,0.09140022099018097,-0.5829198956489563,-0.10715216398239136,0.09957382827997208,-0.6920947432518005,-0.11538631469011307,0.09936923533678055,-0.7984304428100586,-0.12077448517084122
F,F_session_002,106,0.0,0.0,0.0,-0.10411817580461502,-0.0996817797422409,-0.02390691079199314,-0.18517644703388214,-0.23250703513622284,-0.04645921289920807,-0.23482009768486023,-0.34446436166763306,-0.07343502342700958,-0.2536519169807434,-0.4666818380355835,-0.09802258014678955,-0.11246567219495773,-0.4950045347213745,-0.004241728689521551,-0.16200318932533264,-0.6501238346099854,-0.06292377412319183,-0.20447373390197754,-0.5976288318634033,-0.11493157595396042,-0.22443974018096924,-0.5097982287406921,-0.14307901263237,-0.057342249900102615,-0.5317985415458679,-0.021229712292551994,-0.09165612608194351,-0.7477879524230957,-0.05282323807477951,-0.13278812170028687,-0.8716973066329956,-0.08606791496276855,-0.16908495128154755,-0.9726170301437378,-0.11056504398584366,0.004975195974111557,-0.5095990896224976,-0.0480644553899765,0.0014061159454286098,-0.7290831208229065,-0.07956739515066147,-0.008686455897986889,-0.871741771697998,-0.10529741644859314,-0.02177632600069046,-1.0,-0.12402477115392685,0.06705711781978607,-0.4333132803440094,-0.07775088399648666,0.09496805816888809,-0.5845993161201477,-0.10311746597290039,0.103999063372612,-0.6938474774360657,-0.11070530861616135,0.10515325516462326,-0.7996683716773987,-0.11571886390447617
F,F_session_002,107,0.0,0.0,0.0,-0.10343369096517563,-0.10189212113618851,-0.02379133179783821,-0.1843484491109848,-0.23620641231536865,-0.04623406007885933,-0.23443646728992462,-0.3519526720046997,-0.07299524545669556,-0.25098076462745667,-0.47657105326652527,-0.09699218720197678,-0.11185316741466522,-0.49794232845306396,-0.0027057237457484007,-0.15825556218624115,-0.6548288464546204,-0.061576541513204575,-0.19950804114341736,-0.608491837978363,-0.1134549006819725,-0.2199367880821228,-0.5250429511070251,-0.14128144085407257,-0.056326162070035934,-0.5346871614456177,-0.019329002127051353,-0.08959755301475525,-0.7503691911697388,-0.05064340680837631,-0.12779517471790314,-0.8746217489242554,-0.08276621252298355,-0.16177313029766083,-0.976975679397583,-0.10626593232154846,0.007109707687050104,-0.5124385952949524,-0.04601635783910751,0.005032125394791365,-0.7305967807769775,-0.07778212428092957,-0.0034604757092893124,-0.8722637295722961,-0.1021697148680687,-0.015646256506443024,-1.0,-0.11954813450574875,0.07047641277313232,-0.43629568815231323,-0.07557330280542374,0.09885148704051971,-0.5895057916641235,-0.10084103047847748,0.1090252473950386,-0.6975792050361633,-0.10748252272605896,0.11141063272953033,-0.8026021122932434,-0.11150625348091125
F,F_session_002,108,0.0,0.0,0.0,-0.1013055145740509,-0.10069267451763153,-0.021299704909324646,-0.18029551208019257,-0.23749446868896484,-0.04213149473071098,-0.22932501137256622,-0.3537229597568512,-0.06766377389431,-0.24059294164180756,-0.4742410182952881,-0.09047306329011917,-0.11494440585374832,-0.4998510181903839,-0.000565457041375339,-0.1583155244588852,-0.6600568294525146,-0.0585770346224308,-0.195523202419281,-0.6131990551948547,-0.10969635099172592,-0.21331948041915894,-0.530298113822937,-0.13679912686347961,-0.056831322610378265,-0.5374734401702881,-0.01780310645699501,-0.0876307487487793,-0.7537350654602051,-0.04693113639950752,-0.12013095617294312,-0.8779692053794861,-0.07759078592061996,-0.14858195185661316,-0.981483519077301,-0.10016292333602905,0.00971210841089487,-0.5159048438072205,-0.044852882623672485,0.008492370136082172,-0.7318739891052246,-0.07516787201166153,0.003694373182952404,-0.8728761672973633,-0.09827224165201187,-0.004409447778016329,-1.0,-0.11472407728433609,0.07594037055969238,-0.4407329559326172,-0.07458242028951645,0.10528458654880524,-0.5946226119995117,-0.09833717346191406,0.1186450868844986,-0.7014688849449158,-0.10336463898420334,0.12563085556030273,-0.8057644367218018,-0.10610157251358032
F,F_session_002,109,0.0,0.0,0.0,-0.09955144673585892,-0.0988873541355133,-0.024974748492240906,-0.17745524644851685,-0.2350219041109085,-0.048075977712869644,-0.22721590101718903,-0.3582915663719177,-0.0758170410990715,-0.22634181380271912,-0.47981053590774536,-0.10076448321342468,-0.11896524578332901,-0.49912112951278687,0.0010233885841444135,-0.15753990411758423,-0.6621997356414795,-0.05975713953375816,-0.18849872052669525,-0.6270037293434143,-0.11208637058734894,-0.2006511688232422,-0.5505267977714539,-0.13941816985607147,-0.05788256227970123,-0.5391693711280823,-0.014587179757654667,-0.08411461859941483,-0.7551214694976807,-0.04465882480144501,-0.10959471762180328,-0.8808807134628296,-0.07452966272830963,-0.13083751499652863,-0.987764298915863,-0.09606334567070007,0.01159155834466219,-0.5181591510772705,-0.04117078334093094,0.014654749073088169,-0.7314680814743042,-0.0737840086221695,0.015154486522078514,-0.8719893097877502,-0.09718401730060577,0.011858024634420872,-1.0,-0.11301527172327042,0.0787663459777832,-0.4420892000198364,-0.07076562941074371,0.10943884402513504,-0.5925053954124451,-0.09597642719745636,0.12636081874370575,-0.6945614218711853,-0.10161669552326202,0.13821306824684143,-0.7956419587135315,-0.10436946898698807
F,F_session_002,110,0.0,0.0,0.0,-0.09903142601251602,-0.09792269021272659,-0.02871607430279255,-0.17665670812129974,-0.23395133018493652,-0.054354023188352585,-0.22377362847328186,-0.3610824942588806,-0.08415663987398148,-0.2128680944442749,-0.47687622904777527,-0.11082564294338226,-0.12606054544448853,-0.5012314915657043,-0.0011218625586479902,-0.15821067988872528,-0.6681094169616699,-0.0637717917561531,-0.17915767431259155,-0.6353217363357544,-0.11708606034517288,-0.1852135956287384,-0.5611734390258789,-0.14453965425491333,-0.059928588569164276,-0.5399264693260193,-0.015484211966395378,-0.08042024075984955,-0.7565316557884216,-0.045396387577056885,-0.1005026251077652,-0.8824825882911682,-0.07523171603679657,-0.11802007257938385,-0.991861879825592,-0.09667336940765381,0.012568452395498753,-0.5166172981262207,-0.04139023646712303,0.018263349309563637,-0.7297408580780029,-0.07441462576389313,0.021747468039393425,-0.8698467016220093,-0.09752485156059265,0.02087237313389778,-1.0,-0.1127898171544075,0.08108880370855331,-0.4394209682941437,-0.07067445665597916,0.11223338544368744,-0.5916612148284912,-0.09615503251552582,0.13227854669094086,-0.6925327777862549,-0.10148518532514572,0.14765045046806335,-0.7934363484382629,-0.10373836010694504
F,F_session_002,111,0.0,0.0,0.0,-0.09731637686491013,-0.09791477769613266,-0.029047930613160133,-0.17388460040092468,-0.2343517392873764,-0.055033620446920395,-0.2188432663679123,-0.364780455827713,-0.08518333733081818,-0.20022031664848328,-0.48326945304870605,-0.11196231096982956,-0.1226453110575676,-0.49895671010017395,-0.0007498307386413217,-0.1524123251438141,-0.6694868206977844,-0.06310009211301804,-0.17087794840335846,-0.6374999284744263,-0.1157224252820015,-0.17456193268299103,-0.5632162094116211,-0.14258676767349243,-0.057203277945518494,-0.5384181141853333,-0.014632752165198326,-0.07645352929830551,-0.7555475831031799,-0.04395360127091408,-0.09464135020971298,-0.8813254833221436,-0.0727236196398735,-0.11019569635391235,-0.9912711977958679,-0.09341563284397125,0.014814872294664383,-0.5166541337966919,-0.04015551507472992,0.020834311842918396,-0.7315269708633423,-0.07295577228069305,0.025930767878890038,-0.870769739151001,-0.09527663886547089,0.026751337572932243,-1.0,-0.10992629826068878,0.08365658670663834,-0.44142162799835205,-0.06911545246839523,0.11551666259765625,-0.5950707197189331,-0.09425853937864304,0.1378452628850937,-0.6949045658111572,-0.09903950989246368,0.15581056475639343,-0.7940831184387207,-0.1009148359298706
F,F_session_002,112,0.0,0.0,0.0,-0.09659484773874283,-0.09543276578187943,-0.029097486287355423,-0.17209495604038239,-0.23328359425067902,-0.05447849631309509,-0.21419399976730347,-0.3637264668941498,-0.08383936434984207,-0.19034163653850555,-0.4763758182525635,-0.10946784168481827,-0.12377730756998062,-0.4974438548088074,-0.00163354747928679,-0.15212833881378174,-0.6697677969932556,-0.06342565268278122,-0.16537520289421082,-0.6356698274612427,-0.11503449827432632,-0.16543586552143097,-0.5611565113067627,-0.14100082218647003,-0.0571095310151577,-0.5375081300735474,-0.015204652212560177,-0.07485451549291611,-0.7549082040786743,-0.0441279374063015,-0.0898442342877388,-0.8808298707008362,-0.072271928191185,-0.10236915200948715,-0.9913496375083923,-0.09231911599636078,0.015538170002400875,-0.516374945640564,-0.04034106805920601,0.022240765392780304,-0.7308011054992676,-0.07301007211208344,0.029102588072419167,-0.8700045347213745,-0.09569614380598068,0.031867608428001404,-1.0,-0.11041229218244553,0.08487889170646667,-0.4421192407608032,-0.06886696070432663,0.11837147176265717,-0.5949045419692993,-0.09385491907596588,0.14282122254371643,-0.6941577196121216,-0.09892413765192032,0.1636960804462433,-0.7935459017753601,-0.10082852840423584
F,F_session_002,113,0.0,0.0,0.0,-0.09674348682165146,-0.09199260175228119,-0.028889067471027374,-0.1723225712776184,-0.22886978089809418,-0.05362739413976669,-0.2123515009880066,-0.36281701922416687,-0.08233188092708588,-0.188171848654747,-0.47632116079330444,-0.10724194347858429,-0.12749315798282623,-0.497013121843338,0.0004510986036621034,-0.1549670249223709,-0.666445791721344,-0.05829278752207756,-0.16532643139362335,-0.6375207901000977,-0.1078699380159378,-0.1626262217760086,-0.5683110356330872,-0.13314023613929749,-0.06075586378574371,-0.5392177104949951,-0.013090936467051506,-0.07769358903169632,-0.7546147108078003,-0.03967585414648056,-0.09044215083122253,-0.8790335059165955,-0.06618960946798325,-0.10046561062335968,-0.9891864657402039,-0.08549206703901291,0.01149925496429205,-0.5194180011749268,-0.038225580006837845,0.019273320212960243,-0.733181893825531,-0.0697796642780304,0.02791692316532135,-0.8710850477218628,-0.09242680668830872,0.03226478025317192,-1.0,-0.10756177455186844,0.08106732368469238,-0.4463779032230377,-0.06678449362516403,0.11589274555444717,-0.5972853899002075,-0.09224190562963486,0.14227527379989624,-0.6948980689048767,-0.09829670935869217,0.1648537963628769,-0.792835533618927,-0.10108394175767899
F,F_session_002,114,0.0,0.0,0.0,-0.0956365093588829,-0.09259703755378723,-0.028044894337654114,-0.17105796933174133,-0.2305653691291809,-0.05162668600678444,-0.21123874187469482,-0.36467888951301575,-0.07913187146186829,-0.1847231537103653,-0.4768145680427551,-0.10296593606472015,-0.12562261521816254,-0.49838247895240784,0.001567450468428433,-0.15463511645793915,-0.6649917364120483,-0.05424359068274498,-0.16582846641540527,-0.6418935060501099,-0.10170891135931015,-0.16393108665943146,-0.5783912539482117,-0.12628692388534546,-0.06017030030488968,-0.539887011051178,-0.011965367011725903,-0.07745883613824844,-0.754941463470459,-0.0372544601559639,-0.08899173885583878,-0.878589391708374,-0.06298491358757019,-0.0973992869257927,-0.9867516160011292,-0.08189781755208969,0.01118305791169405,-0.5201982855796814,-0.036753274500370026,0.017214737832546234,-0.7338399291038513,-0.06770797073841095,0.025629501789808273,-0.8718376159667969,-0.09035944938659668,0.030256737023591995,-1.0,-0.10563872009515762,0.08049920946359634,-0.44819214940071106,-0.06486517190933228,0.11497054994106293,-0.5999952554702759,-0.09046034514904022,0.14229083061218262,-0.6978612542152405,-0.09696394950151443,0.1658668965101242,-0.7954144477844238,-0.10017117857933044
F,F_session_002,115,0.0,0.0,0.0,-0.09627732634544373,-0.09133528172969818,-0.030749240890145302,-0.1728055626153946,-0.2272602617740631,-0.055834684520959854,-0.2131386697292328,-0.3664650321006775,-0.08460702002048492,-0.18273723125457764,-0.48416802287101746,-0.10942235589027405,-0.1287623792886734,-0.49363672733306885,0.0011455797357484698,-0.15833942592144012,-0.6628054976463318,-0.056027255952358246,-0.16704729199409485,-0.6446658372879028,-0.10467413812875748,-0.16214175522327423,-0.5855414271354675,-0.1300516426563263,-0.0625850036740303,-0.5387019515037537,-0.01112326979637146,-0.07999910414218903,-0.7546904683113098,-0.03718821331858635,-0.09105776250362396,-0.8783004879951477,-0.0636272132396698,-0.09857144206762314,-0.9880332350730896,-0.08317738026380539,0.009671395644545555,-0.5223846435546875,-0.035091448575258255,0.01618068479001522,-0.7361618280410767,-0.06656190752983093,0.02408304437994957,-0.8726751804351807,-0.08906875550746918,0.02842608094215393,-1.0,-0.10426401346921921,0.08029007166624069,-0.453612744808197,-0.06276364624500275,0.11457939445972443,-0.6051225066184998,-0.08843545615673065,0.14181655645370483,-0.7030492424964905,-0.0951208770275116,0.16557684540748596,-0.8012086153030396,-0.09851379692554474
F,F_session_002,116,0.0,0.0,0.0,-0.09444647282361984,-0.08553226292133331,-0.0347285270690918,-0.1712905317544937,-0.21724358201026917,-0.06240294873714447,-0.2110736221075058,-0.357028603553772,-0.09300694614648819,-0.18512193858623505,-0.48251622915267944,-0.1193564310669899,-0.13077732920646667,-0.4900182783603668,-0.004036504775285721,-0.16023986041545868,-0.6619516611099243,-0.06349969655275345,-0.16753260791301727,-0.6395151019096375,-0.11334937810897827,-0.1609349548816681,-0.5737410187721252,-0.13892762362957,-0.06402834504842758,-0.536523163318634,-0.014600073918700218,-0.08076029270887375,-0.7532758116722107,-0.04133069887757301,-0.09155446290969849,-0.87577885389328,-0.06794951111078262,-0.09934552013874054,-0.9837930202484131,-0.08766770362854004,0.00827793125063181,-0.5211331248283386,-0.03723759949207306,0.014785909093916416,-0.7343906760215759,-0.06901824474334717,0.02218558080494404,-0.8721067905426025,-0.09162108600139618,0.025854555889964104,-1.0,-0.10712040960788727,0.07892081141471863,-0.4532773494720459,-0.063885398209095,0.1132909283041954,-0.6035622954368591,-0.09032763540744781,0.14067363739013672,-0.7005665302276611,-0.09735660254955292,0.1642049252986908,-0.7969551682472229,-0.10091814398765564
F,F_session_002,117,0.0,0.0,0.0,-0.09314216673374176,-0.0874406099319458,-0.03496713936328888,-0.16982132196426392,-0.2200842946767807,-0.06230122223496437,-0.209834024310112,-0.36110466718673706,-0.09247265756130219,-0.1824781447649002,-0.48793303966522217,-0.11863436549901962,-0.12990057468414307,-0.4896494150161743,-0.0029305124189704657,-0.15961992740631104,-0.658577561378479,-0.060758575797080994,-0.16639584302902222,-0.6454092860221863,-0.1095980629324913,-0.15901733934879303,-0.5871723890304565,-0.13513343036174774,-0.06418713927268982,-0.5364567637443542,-0.013699847273528576,-0.0812118649482727,-0.7543976902961731,-0.04111197963356972,-0.09177452325820923,-0.878319501876831,-0.06865177303552628,-0.09825840592384338,-0.986095666885376,-0.08892357349395752,0.007285641971975565,-0.5215100049972534,-0.0364222414791584,0.013889823108911514,-0.7372109889984131,-0.06957758963108063,0.02155926451086998,-0.8742796182632446,-0.09324082732200623,0.02628406509757042,-1.0,-0.10923829674720764,0.07750889658927917,-0.4541832506656647,-0.06304670125246048,0.11133010685443878,-0.607112467288971,-0.09088969230651855,0.13925404846668243,-0.7049990892410278,-0.09883490949869156,0.1635255217552185,-0.8016130924224854,-0.103014275431633
F,F_session_002,118,0.0,0.0,0.0,-0.09336773306131363,-0.08758167177438736,-0.03234585002064705,-0.16923139989376068,-0.2221420556306839,-0.0584106408059597,-0.2091437429189682,-0.36404499411582947,-0.08792303502559662,-0.1787756383419037,-0.48599663376808167,-0.11373552680015564,-0.1294213831424713,-0.4871588349342346,-0.000495051615871489,-0.159892737865448,-0.6560752391815186,-0.056890103965997696,-0.16700083017349243,-0.6456953883171082,-0.10499231517314911,-0.15935346484184265,-0.5899336338043213,-0.1303495615720749,-0.06489667296409607,-0.5340479016304016,-0.01227738056331873,-0.08197978138923645,-0.7510256171226501,-0.03887737914919853,-0.09288743138313293,-0.8746966123580933,-0.06615417450666428,-0.09914109110832214,-0.9819156527519226,-0.08627413213253021,0.006156762130558491,-0.5202361345291138,-0.03564745932817459,0.012259089387953281,-0.7357929348945618,-0.06804732978343964,0.01884443499147892,-0.8737395405769348,-0.09186913073062897,0.02279658615589142,-1.0,-0.1081169918179512,0.07625994831323624,-0.45412176847457886,-0.06274808943271637,0.1109672412276268,-0.606654942035675,-0.08975968509912491,0.13874371349811554,-0.7053184509277344,-0.09781297296285629,0.16291549801826477,-0.8029183149337769,-0.10228551179170609
F,F_session_002,119,0.0,0.0,0.0,-0.09134617447853088,-0.08709961175918579,-0.036870162934064865,-0.16798314452171326,-0.21625225245952606,-0.06610410660505295,-0.20878206193447113,-0.356705904006958,-0.09807763248682022,-0.1810164898633957,-0.48484545946121216,-0.12583865225315094,-0.13197770714759827,-0.48838797211647034,-0.004808023106306791,-0.16180472075939178,-0.660853385925293,-0.06416043639183044,-0.1682550609111786,-0.646332323551178,-0.11421236395835876,-0.16046179831027985,-0.5867058038711548,-0.1403573751449585,-0.06649447977542877,-0.5353519916534424,-0.014615199528634548,-0.08336872607469559,-0.7535026669502258,-0.04258061200380325,-0.0937531515955925,-0.8764199614524841,-0.07061990350484848,-0.09980440139770508,-0.9849485158920288,-0.09142916649580002,0.005349183455109596,-0.5217779278755188,-0.036609720438718796,0.01086081750690937,-0.7367550730705261,-0.06982321292161942,0.01683495193719864,-0.8735377788543701,-0.0936824157834053,0.02042970433831215,-1.0,-0.10998721420764923,0.07606446743011475,-0.45631352066993713,-0.06276796758174896,0.1091894581913948,-0.6095328330993652,-0.09053744375705719,0.13708166778087616,-0.7083855271339417,-0.09900858998298645,0.16178278625011444,-0.8064605593681335,-0.10364354401826859
F,F_session_002,120,0.0,0.0,0.0,-0.09263942390680313,-0.08753810077905655,-0.03312676027417183,-0.16837993264198303,-0.22130219638347626,-0.059900812804698944,-0.20729714632034302,-0.36140739917755127,-0.08998416364192963,-0.17743586003780365,-0.4831612706184387,-0.11613646149635315,-0.13040044903755188,-0.490994930267334,-0.0015635075978934765,-0.1602146327495575,-0.6576230525970459,-0.05828837305307388,-0.16717317700386047,-0.6417155265808105,-0.10669609159231186,-0.16072912514209747,-0.5850679874420166,-0.13223785161972046,-0.06620804220438004,-0.5371397137641907,-0.013139445334672928,-0.0838010385632515,-0.7523435354232788,-0.03932923451066017,-0.09451580047607422,-0.8746406435966492,-0.0661037489771843,-0.10096440464258194,-0.9819832444190979,-0.08605945110321045,0.004508713260293007,-0.5230802893638611,-0.036482758820056915,0.008690916933119297,-0.7367056012153625,-0.06841979175806046,0.014072755351662636,-0.873768150806427,-0.09205430001020432,0.01708908937871456,-1.0,-0.10840219259262085,0.07465402781963348,-0.4580979645252228,-0.06370867788791656,0.10816112160682678,-0.6100578904151917,-0.09083881974220276,0.13613252341747284,-0.7086725831031799,-0.09926529228687286,0.16055411100387573,-0.8065193891525269,-0.10401418805122375
F,F_session_002,121,0.0,0.0,0.0,-0.09217137098312378,-0.08854696154594421,-0.03321727365255356,-0.16793030500411987,-0.22268354892730713,-0.05979384854435921,-0.20676423609256744,-0.3623923063278198,-0.08961904048919678,-0.17720529437065125,-0.4845512807369232,-0.11554611474275589,-0.1334720104932785,-0.49137622117996216,-0.0012510130181908607,-0.1621086448431015,-0.6581680774688721,-0.05701829493045807,-0.1682657152414322,-0.6459121704101562,-0.10505551844835281,-0.16168861091136932,-0.5929375886917114,-0.13054987788200378,-0.06856085360050201,-0.5386983752250671,-0.01261914987117052,-0.08482766151428223,-0.7545128464698792,-0.03844597563147545,-0.09468955546617508,-0.8777040243148804,-0.06530731916427612,-0.10027766227722168,-0.9855251312255859,-0.08535687625408173,0.002556652296334505,-0.5249680876731873,-0.03565799817442894,0.0074926381930708885,-0.7375473976135254,-0.06725703924894333,0.01250702515244484,-0.8745256662368774,-0.09102218598127365,0.015098481439054012,-1.0,-0.10744249820709229,0.07280240207910538,-0.46001991629600525,-0.0625704824924469,0.10656405985355377,-0.6116693019866943,-0.08917370438575745,0.13439011573791504,-0.7107353210449219,-0.09742262214422226,0.15876467525959015,-0.8085340857505798,-0.10207699239253998
F,F_session_002,122,0.0,0.0,0.0,-0.09214179962873459,-0.08732398599386215,-0.03268062695860863,-0.16767016053199768,-0.222789004445076,-0.058664366602897644,-0.20689426362514496,-0.3627011775970459,-0.08788223564624786,-0.1750112771987915,-0.4770890474319458,-0.11338098347187042,-0.13475273549556732,-0.49107205867767334,-0.0014475052012130618,-0.1628916710615158,-0.6585590243339539,-0.05587485060095787,-0.1686268448829651,-0.6506782174110413,-0.10297981649637222,-0.1621345430612564,-0.6003289818763733,-0.12811067700386047,-0.06941333413124084,-0.5381125211715698,-0.012883319519460201,-0.08583951741456985,-0.7547965049743652,-0.03766428679227829,-0.09530498087406158,-0.8776788115501404,-0.06388971954584122,-0.10042490810155869,-0.9833604693412781,-0.08363118022680283,0.002244160743430257,-0.5246795415878296,-0.03574926778674126,0.007298851385712624,-0.7376702427864075,-0.0665440559387207,0.012287753634154797,-0.874810516834259,-0.09032918512821198,0.01465908158570528,-1.0,-0.10697253793478012,0.07319966703653336,-0.460331529378891,-0.06243598088622093,0.1071086898446083,-0.6126986742019653,-0.08876533806324005,0.13502360880374908,-0.7123208045959473,-0.09718675911426544,0.15927881002426147,-0.810509204864502,-0.10212282091379166
F,F_session_002,123,0.0,0.0,0.0,-0.0920901745557785,-0.08465981483459473,-0.03434094414114952,-0.16741296648979187,-0.21887093782424927,-0.06112592667341232,-0.20655877888202667,-0.35697314143180847,-0.09089573472738266,-0.1758885234594345,-0.474052369594574,-0.11667954176664352,-0.1370464712381363,-0.48820027709007263,-0.0030156229622662067,-0.16544368863105774,-0.6531240344047546,-0.058206040412187576,-0.16842418909072876,-0.64035564661026,-0.10577690601348877,-0.15904800593852997,-0.5902385115623474,-0.13126417994499207,-0.07160769402980804,-0.5363717675209045,-0.013938359916210175,-0.08891541510820389,-0.7514322400093079,-0.03952770680189133,-0.09748367965221405,-0.8737543821334839,-0.0663004070520401,-0.10154298692941666,-0.9809492230415344,-0.08643826842308044,0.00010599765664665028,-0.5241244435310364,-0.036483436822891235,0.003837521420791745,-0.738373339176178,-0.06860283762216568,0.009450595825910568,-0.8747875094413757,-0.09305627644062042,0.01220284216105938,-1.0,-0.10997489839792252,0.07177869975566864,-0.46085065603256226,-0.06289476901292801,0.10569868236780167,-0.6143834590911865,-0.09020770341157913,0.1341681033372879,-0.7133393287658691,-0.09909363836050034,0.15860924124717712,-0.8111091256141663,-0.10426125675439835
F,F_session_002,124,0.0,0.0,0.0,-0.0913659855723381,-0.08291172981262207,-0.034476425498723984,-0.16719548404216766,-0.21869730949401855,-0.06119347736239433,-0.20700399577617645,-0.3585726320743561,-0.09092684090137482,-0.17462040483951569,-0.4729226529598236,-0.1164921224117279,-0.1380821317434311,-0.48910367488861084,-0.002668089000508189,-0.16590212285518646,-0.6543482542037964,-0.058052074164152145,-0.16997961699962616,-0.6370296478271484,-0.10559184849262238,-0.16218048334121704,-0.5819743871688843,-0.13073039054870605,-0.07302848249673843,-0.5378388166427612,-0.013447518460452557,-0.08980582654476166,-0.7516631484031677,-0.03823864832520485,-0.09884229302406311,-0.8732539415359497,-0.06408914178609848,-0.1040029376745224,-0.979478120803833,-0.08357996493577957,-0.0014750005211681128,-0.5255801677703857,-0.03602180257439613,0.0013853872660547495,-0.7385652661323547,-0.06733810156583786,0.006099080666899681,-0.8748113512992859,-0.0911845937371254,0.00772250909358263,-1.0,-0.10774725675582886,0.06995881348848343,-0.4625549912452698,-0.0625506043434143,0.10289306938648224,-0.6167086958885193,-0.08933266252279282,0.13111475110054016,-0.7163994312286377,-0.09792446345090866,0.15539881587028503,-0.8144123554229736,-0.10289536416530609
F,F_session_002,125,0.0,0.0,0.0,-0.09110002964735031,-0.07978463172912598,-0.036348484456539154,-0.16751042008399963,-0.21396897733211517,-0.06396067142486572,-0.20772695541381836,-0.3538222014904022,-0.09414234757423401,-0.17509886622428894,-0.4664611220359802,-0.11995534598827362,-0.13981148600578308,-0.48658522963523865,-0.005524630192667246,-0.1680893450975418,-0.6537691950798035,-0.061697062104940414,-0.17031188309192657,-0.632443368434906,-0.10960330814123154,-0.1608288586139679,-0.5756110548973083,-0.13495349884033203,-0.07438518851995468,-0.5361825227737427,-0.01559392362833023,-0.0921742171049118,-0.7496321797370911,-0.04107055440545082,-0.10080385953187943,-0.8700994253158569,-0.06745243817567825,-0.10565158724784851,-0.9765581488609314,-0.08729421347379684,-0.0027591614052653313,-0.5246843099594116,-0.03746490925550461,-0.0012642430374398828,-0.73796147108078,-0.06934144347906113,0.0025413427501916885,-0.8737124800682068,-0.0934324860572815,0.00296989968046546,-1.0,-0.11010462790727615,0.06917151063680649,-0.46239134669303894,-0.0633859857916832,0.10157526284456253,-0.6161117553710938,-0.09031148999929428,0.12919557094573975,-0.7156248688697815,-0.09892842173576355,0.15273267030715942,-0.8138681054115295,-0.10389582812786102
F,F_session_002,126,0.0,0.0,0.0,-0.09182266891002655,-0.08099057525396347,-0.038008976727724075,-0.17011211812496185,-0.21265999972820282,-0.06700163334608078,-0.2104131281375885,-0.3519723415374756,-0.09823279827833176,-0.1778530329465866,-0.46852990984916687,-0.12483153492212296,-0.1419305056333542,-0.4880848228931427,-0.007584128528833389,-0.1700340360403061,-0.6585761308670044,-0.06516316533088684,-0.1716727316379547,-0.6329569816589355,-0.11413101106882095,-0.16217036545276642,-0.5713233947753906,-0.13991619646549225,-0.07574881613254547,-0.5373571515083313,-0.016979027539491653,-0.09327759593725204,-0.751433789730072,-0.042728327214717865,-0.1020905077457428,-0.8700077533721924,-0.06946087628602982,-0.10749050974845886,-0.9747282266616821,-0.08968347311019897,-0.0034559008199721575,-0.5254767537117004,-0.038377709686756134,-0.002226222539320588,-0.7382893562316895,-0.07024011760950089,0.0005742002394981682,-0.8739092946052551,-0.09416703879833221,-0.00013871656847186387,-1.0,-0.1108764261007309,0.06940070539712906,-0.46285849809646606,-0.06396184116601944,0.10173611342906952,-0.6158185601234436,-0.09081113338470459,0.12908580899238586,-0.7147511839866638,-0.09907988458871841,0.15210919082164764,-0.8122759461402893,-0.10381150245666504
F,F_session_002,127,0.0,0.0,0.0,-0.09206592291593552,-0.0836668387055397,-0.0343497134745121,-0.16974744200706482,-0.21915790438652039,-0.06208198517560959,-0.21104615926742554,-0.3600172996520996,-0.09291861206293106,-0.1748126596212387,-0.4713779091835022,-0.1194419413805008,-0.1374119520187378,-0.49145936965942383,-0.0043089548125863075,-0.1656675934791565,-0.6625798940658569,-0.06103245168924332,-0.16948097944259644,-0.6389963030815125,-0.10913608223199844,-0.16199110448360443,-0.5768693685531616,-0.13421547412872314,-0.07243315130472183,-0.5376397371292114,-0.01524700503796339,-0.09012378752231598,-0.7522908449172974,-0.03954597935080528,-0.10011900216341019,-0.871020495891571,-0.06426775455474854,-0.10722451657056808,-0.9749259948730469,-0.08291957527399063,-0.0006841121357865632,-0.5241370797157288,-0.0379798524081707,-0.0002973010705318302,-0.7374281287193298,-0.06819330155849457,0.001762745319865644,-0.8739367127418518,-0.09042727947235107,0.00015212938887998462,-1.0,-0.1060752421617508,0.07172214239835739,-0.4604204595088959,-0.06475433707237244,0.10460315644741058,-0.6134701371192932,-0.09044068306684494,0.13206259906291962,-0.7124401926994324,-0.09777434170246124,0.15494011342525482,-0.8096625208854675,-0.10192262381315231
F,F_session_002,128,0.0,0.0,0.0,-0.09408256411552429,-0.08715979754924774,-0.030258024111390114,-0.17067396640777588,-0.22576561570167542,-0.05546925589442253,-0.2110147923231125,-0.3646768629550934,-0.08446129411458969,-0.17511601746082306,-0.46708396077156067,-0.10965649783611298,-0.13383789360523224,-0.4948204755783081,-0.0016327087068930268,-0.16077418625354767,-0.6654711365699768,-0.05802323296666145,-0.16597875952720642,-0.6410510540008545,-0.10576271265745163,-0.16107772290706635,-0.5765147805213928,-0.13042236864566803,-0.06807977706193924,-0.5382852554321289,-0.01423768512904644,-0.08377870172262192,-0.7551156282424927,-0.03839574009180069,-0.09381519258022308,-0.8750016093254089,-0.06301586329936981,-0.10220355540513992,-0.9796719551086426,-0.08144652098417282,0.0041106753051280975,-0.5225617289543152,-0.038218896836042404,0.00579402782022953,-0.7361435890197754,-0.06841941177845001,0.007842833176255226,-0.8730559945106506,-0.09089931845664978,0.005326514132320881,-1.0,-0.10651979595422745,0.07645412534475327,-0.45578864216804504,-0.06581728160381317,0.11075835675001144,-0.6086656451225281,-0.09092812240123749,0.1387830525636673,-0.706368088722229,-0.09772982448339462,0.16177359223365784,-0.8024615049362183,-0.10153104364871979
F,F_session_002,129,0.0,0.0,0.0,-0.09939352422952652,-0.09225358814001083,-0.02779812179505825,-0.17707379162311554,-0.23397226631641388,-0.05158691480755806,-0.21775275468826294,-0.37143248319625854,-0.07974043488502502,-0.18359637260437012,-0.4755347967147827,-0.104120634496212,-0.13091982901096344,-0.4963831603527069,0.0009559123427607119,-0.15916350483894348,-0.6726603507995605,-0.056188441812992096,-0.16585062444210052,-0.6400315761566162,-0.10470841079950333,-0.16164226830005646,-0.5695028901100159,-0.12953047454357147,-0.0648438110947609,-0.5384349226951599,-0.01267433911561966,-0.08061758428812027,-0.7580097317695618,-0.03711183741688728,-0.09155819565057755,-0.8794302344322205,-0.06285474449396133,-0.10056737810373306,-0.9855152368545532,-0.08200865238904953,0.007354958448559046,-0.5214567184448242,-0.03753071650862694,0.009826825931668282,-0.7351411581039429,-0.06753844022750854,0.012233457528054714,-0.8728588819503784,-0.09045642614364624,0.010244638659060001,-1.0,-0.10628220438957214,0.07926810532808304,-0.4537369906902313,-0.06578989326953888,0.11527059972286224,-0.6048562526702881,-0.08994422852993011,0.14370481669902802,-0.7014706134796143,-0.09599227458238602,0.16732043027877808,-0.7964951395988464,-0.09923779964447021
F,F_session_002,130,0.0,0.0,0.0,-0.09992274641990662,-0.09702431410551071,-0.029543042182922363,-0.17672286927700043,-0.23695069551467896,-0.05505498871207237,-0.21710525453090668,-0.37266314029693604,-0.08479836583137512,-0.18264727294445038,-0.47758471965789795,-0.11105068773031235,-0.12782752513885498,-0.49678918719291687,-0.000996082671917975,-0.15403862297534943,-0.6702441573143005,-0.05958380550146103,-0.16375479102134705,-0.640701949596405,-0.10931974649429321,-0.1627487689256668,-0.57285475730896,-0.13507287204265594,-0.06054328754544258,-0.5376548767089844,-0.014545283280313015,-0.07502328604459763,-0.7556669116020203,-0.04058714956045151,-0.08614622801542282,-0.8768717646598816,-0.06737612932920456,-0.09547071158885956,-0.9832731485366821,-0.08718328177928925,0.012572151608765125,-0.5189412832260132,-0.03950069472193718,0.015962595120072365,-0.7331705093383789,-0.07130157202482224,0.01871168613433838,-0.8719717860221863,-0.0947725847363472,0.0168642308562994,-1.0,-0.11076104640960693,0.084647998213768,-0.4490920305252075,-0.06792052090167999,0.12156585603952408,-0.600141167640686,-0.09382780641317368,0.15054495632648468,-0.6968607902526855,-0.10041588544845581,0.17414608597755432,-0.7914415597915649,-0.10381902754306793
F,F_session_002,131,0.0,0.0,0.0,-0.0990079864859581,-0.09278613328933716,-0.032162487506866455,-0.17686349153518677,-0.23216909170150757,-0.05841100960969925,-0.2181030809879303,-0.36921724677085876,-0.08822257816791534,-0.1826373040676117,-0.4701343774795532,-0.11393449455499649,-0.12961362302303314,-0.4968433082103729,-0.00302618439309299,-0.15496954321861267,-0.6691893339157104,-0.06241639703512192,-0.16475336253643036,-0.6335343718528748,-0.11231891810894012,-0.16397540271282196,-0.5621543526649475,-0.13789348304271698,-0.062358297407627106,-0.5379396677017212,-0.014918104745447636,-0.075765460729599,-0.753931999206543,-0.04154470935463905,-0.08607994765043259,-0.8757727742195129,-0.06789211928844452,-0.09535877406597137,-0.9852496385574341,-0.0869552493095398,0.011249758303165436,-0.5188571810722351,-0.03855118528008461,0.014966539107263088,-0.7315047383308411,-0.07094481587409973,0.01866362988948822,-0.870400071144104,-0.09431437402963638,0.017766382545232773,-1.0,-0.10963121801614761,0.08387620747089386,-0.4481927454471588,-0.0658346563577652,0.12098707258701324,-0.5997541546821594,-0.09169039875268936,0.15028157830238342,-0.6961148381233215,-0.09818846732378006,0.1744777113199234,-0.7907008528709412,-0.10112865269184113
F,F_session_002,132,0.0,0.0,0.0,-0.09809058904647827,-0.09546755999326706,-0.03246124088764191,-0.17485888302326202,-0.23411840200424194,-0.0596717894077301,-0.21557912230491638,-0.36773431301116943,-0.09049972891807556,-0.18385392427444458,-0.47532519698143005,-0.1174493134021759,-0.12672950327396393,-0.4976288080215454,-0.004562126472592354,-0.15323933959007263,-0.6714915633201599,-0.06472593545913696,-0.163455992937088,-0.6390160322189331,-0.11521199345588684,-0.16228707134723663,-0.5670561790466309,-0.14092759788036346,-0.059780705720186234,-0.5377761721611023,-0.01656741090118885,-0.07451656460762024,-0.7567566633224487,-0.043049100786447525,-0.08639805763959885,-0.8786773085594177,-0.06922053545713425,-0.09649554640054703,-0.985316812992096,-0.08829821646213531,0.013581902720034122,-0.5183461308479309,-0.04032376781105995,0.017088089138269424,-0.7326064705848694,-0.07203416526317596,0.019329512491822243,-0.8720916509628296,-0.09470514208078384,0.017455697059631348,-1.0,-0.10989884287118912,0.08584324270486832,-0.4479648470878601,-0.06785371154546738,0.12344375997781754,-0.5998935699462891,-0.09345567971467972,0.15260054171085358,-0.697041392326355,-0.0996270701289177,0.17661061882972717,-0.7913519144058228,-0.10246407985687256
F,F_session_002,133,0.0,0.0,0.0,-0.09732295572757721,-0.09271072596311569,-0.034771863371133804,-0.17441464960575104,-0.22627146542072296,-0.06367213279008865,-0.21519224345684052,-0.3621825873851776,-0.09599602967500687,-0.1848592311143875,-0.47382989525794983,-0.12423266470432281,-0.12634459137916565,-0.49305400252342224,-0.006197823211550713,-0.15367241203784943,-0.6684696674346924,-0.06788352131843567,-0.16745281219482422,-0.636239767074585,-0.11928395926952362,-0.1681441217660904,-0.5619677901268005,-0.14544592797756195,-0.06068525090813637,-0.5336584448814392,-0.01730232872068882,-0.07613150030374527,-0.7520034313201904,-0.044867079704999924,-0.08897753059864044,-0.8737701177597046,-0.07155150920152664,-0.0995178297162056,-0.9821853041648865,-0.09092330187559128,0.012359333224594593,-0.5147086381912231,-0.04050400108098984,0.014771251007914543,-0.7311835289001465,-0.07325863838195801,0.01644701324403286,-0.8712250590324402,-0.09646586328744888,0.014551686123013496,-1.0,-0.11192701756954193,0.08473861962556839,-0.4439592957496643,-0.06765910983085632,0.1227816566824913,-0.5974414944648743,-0.09404361248016357,0.1519898623228073,-0.694323718547821,-0.10076914727687836,0.17638276517391205,-0.7884615659713745,-0.10388138890266418
F,F_session_002,134,0.0,0.0,0.0,-0.09969654679298401,-0.09398721158504486,-0.03275756537914276,-0.17740285396575928,-0.22943757474422455,-0.06077127531170845,-0.21763798594474792,-0.36698055267333984,-0.0926109179854393,-0.18641336262226105,-0.4725988209247589,-0.12067555636167526,-0.12793569266796112,-0.495703786611557,-0.004718802869319916,-0.15466049313545227,-0.6703388094902039,-0.06637488305568695,-0.1694418489933014,-0.6393052935600281,-0.11810377985239029,-0.1715850979089737,-0.5642164349555969,-0.14439472556114197,-0.06164241582155228,-0.5359067916870117,-0.01687312126159668,-0.07651935517787933,-0.7542049288749695,-0.04395965114235878,-0.09030452370643616,-0.8767589330673218,-0.07068702578544617,-0.10227910429239273,-0.9859674572944641,-0.08998192846775055,0.012182265520095825,-0.5165612101554871,-0.04084773734211922,0.014759175479412079,-0.732934296131134,-0.07301552593708038,0.015940867364406586,-0.872438907623291,-0.09583186358213425,0.01289544627070427,-1.0,-0.11088826507329941,0.08527683466672897,-0.4445977210998535,-0.06867420673370361,0.12349037826061249,-0.598288893699646,-0.0943732038140297,0.15209798514842987,-0.6950592994689941,-0.10029339045286179,0.1756921112537384,-0.788573145866394,-0.10272223502397537
F,F_session_002,135,0.0,0.0,0.0,-0.10196908563375473,-0.09251628816127777,-0.0312734991312027,-0.18172551691532135,-0.23242101073265076,-0.05817979574203491,-0.22112080454826355,-0.3734799921512604,-0.08910172432661057,-0.18570908904075623,-0.4746829569339752,-0.11634615808725357,-0.12644097208976746,-0.49943244457244873,-0.0047815702855587006,-0.1539982408285141,-0.6734296083450317,-0.06516030430793762,-0.17240770161151886,-0.6304357051849365,-0.11557364463806152,-0.17782627046108246,-0.550247848033905,-0.14138665795326233,-0.05979125574231148,-0.5381113290786743,-0.01796915754675865,-0.07513488829135895,-0.756007730960846,-0.04469146579504013,-0.09095607697963715,-0.8768559098243713,-0.0706758052110672,-0.10502944141626358,-0.9858771562576294,-0.08954446762800217,0.01417822577059269,-0.5169087648391724,-0.04271622374653816,0.016261762008070946,-0.7335734963417053,-0.07502134889364243,0.016350191086530685,-0.8718205094337463,-0.09772796928882599,0.01213753316551447,-1.0,-0.11275595426559448,0.08717069029808044,-0.4428972005844116,-0.07107874751091003,0.1262124627828598,-0.5971135497093201,-0.09682627767324448,0.15510006248950958,-0.6935558915138245,-0.10256651788949966,0.17860744893550873,-0.7878770232200623,-0.10503104329109192
F,F_session_002,136,0.0,0.0,0.0,-0.10725262016057968,-0.09448046237230301,-0.02570330537855625,-0.1884007602930069,-0.23636937141418457,-0.049618739634752274,-0.22906942665576935,-0.3706737756729126,-0.07860944420099258,-0.195582315325737,-0.4487629234790802,-0.1047157421708107,-0.12330983579158783,-0.5005806088447571,-0.0011676955036818981,-0.15249808132648468,-0.6717743277549744,-0.05909040942788124,-0.17561008036136627,-0.6251693367958069,-0.10857944190502167,-0.1847030073404312,-0.5422742366790771,-0.13438446819782257,-0.05790313705801964,-0.5358566641807556,-0.017201410606503487,-0.07477639615535736,-0.7539763450622559,-0.04319627583026886,-0.09306037425994873,-0.8778666257858276,-0.06967645138502121,-0.10910511016845703,-0.9881039261817932,-0.0889352485537529,0.015130970627069473,-0.5131667256355286,-0.044003553688526154,0.01553372759371996,-0.7306666374206543,-0.07562723755836487,0.014464911073446274,-0.8715391755104065,-0.09956889599561691,0.009365213103592396,-1.0,-0.11537308990955353,0.08711596578359604,-0.43740421533584595,-0.07391016185283661,0.12789346277713776,-0.5917937755584717,-0.09867249429225922,0.15636669099330902,-0.6898276805877686,-0.10448915511369705,0.17912526428699493,-0.7852356433868408,-0.1071859672665596
F,F_session_002,137,0.0,0.0,0.0,-0.1118723601102829,-0.09335393458604813,-0.021839145570993423,-0.19608139991760254,-0.233956977725029,-0.04350627586245537,-0.23834994435310364,-0.3657183349132538,-0.07092944532632828,-0.21092110872268677,-0.4451192319393158,-0.09626838564872742,-0.1264660358428955,-0.49522045254707336,0.0007986050914041698,-0.15599043667316437,-0.6633741855621338,-0.05526525527238846,-0.18427014350891113,-0.6175965070724487,-0.10413505136966705,-0.19841322302818298,-0.5334256887435913,-0.1300380676984787,-0.06091185286641121,-0.5302146077156067,-0.017142966389656067,-0.07875458896160126,-0.7494616508483887,-0.042346350848674774,-0.09968176484107971,-0.8749900460243225,-0.06970338523387909,-0.11902797222137451,-0.9848880171775818,-0.0900135189294815,0.011988393031060696,-0.506588339805603,-0.04521181806921959,0.012086067348718643,-0.7258028984069824,-0.07664506882429123,0.009870307520031929,-0.8695100545883179,-0.10242712497711182,0.002740142634138465,-1.0,-0.12011119723320007,0.08393774181604385,-0.42978549003601074,-0.07584176957607269,0.12734058499336243,-0.5821128487586975,-0.10191283375024796,0.15675009787082672,-0.680205225944519,-0.10910242795944214,0.17988638579845428,-0.776214063167572,-0.1130136251449585
F,F_session_002,138,0.0,0.0,0.0,-0.11149477958679199,-0.09065522253513336,-0.023890526965260506,-0.19437959790229797,-0.2235204428434372,-0.046249743551015854,-0.23836717009544373,-0.3384186327457428,-0.07345815747976303,-0.23639240860939026,-0.4491661787033081,-0.09865734726190567,-0.12425630539655685,-0.4950297176837921,-0.005831292364746332,-0.1618819683790207,-0.6628538370132446,-0.06340029090642929,-0.19557097554206848,-0.61212158203125,-0.11420296877622604,-0.212762713432312,-0.5241997838020325,-0.14135633409023285,-0.06035245209932327,-0.5322657823562622,-0.022817576304078102,-0.08009487390518188,-0.7540702819824219,-0.04900873079895973,-0.10556260496377945,-0.8779994249343872,-0.07976467907428741,-0.12884674966335297,-0.9855982065200806,-0.10313402861356735,0.010611522011458874,-0.50750732421875,-0.04950360208749771,0.010640367865562439,-0.7271938323974609,-0.08094950020313263,0.005119547247886658,-0.870486855506897,-0.10894367098808289,-0.004169807303696871,-1.0,-0.12926864624023438,0.08038392663002014,-0.42693275213241577,-0.07870770245790482,0.12586258351802826,-0.574905514717102,-0.10704360157251358,0.15535470843315125,-0.6744164824485779,-0.1161736249923706,0.17890676856040955,-0.7719789147377014,-0.12145081162452698
F,F_session_002,139,0.0,0.0,0.0,-0.11049000918865204,-0.0937957838177681,-0.02104935608804226,-0.19391149282455444,-0.22745025157928467,-0.04219489172101021,-0.24175719916820526,-0.33939263224601746,-0.0687497928738594,-0.24321824312210083,-0.45320937037467957,-0.09356644749641418,-0.11953110992908478,-0.4953729808330536,-0.0024761136155575514,-0.16107381880283356,-0.6590558886528015,-0.0595720075070858,-0.19940723478794098,-0.6049755811691284,-0.11083085089921951,-0.22115987539291382,-0.5140992999076843,-0.13847288489341736,-0.05845460668206215,-0.530470073223114,-0.020329797640442848,-0.08177565783262253,-0.7491967678070068,-0.04671848192811012,-0.1111101284623146,-0.871708333492279,-0.07833270728588104,-0.13818751275539398,-0.975422739982605,-0.10233248770236969,0.010694011114537716,-0.5064066052436829,-0.04764143377542496,0.007270383648574352,-0.7270062565803528,-0.07747164368629456,-0.0029699678998440504,-0.871155858039856,-0.1050364151597023,-0.016202546656131744,-1.0,-0.125558540225029,0.07948470860719681,-0.42764681577682495,-0.07735200226306915,0.12312591820955276,-0.5739346146583557,-0.10311045497655869,0.14852596819400787,-0.6770854592323303,-0.11164477467536926,0.1678306609392166,-0.778265118598938,-0.11711792647838593
F,F_session_002,140,0.0,0.0,0.0,-0.11010464280843735,-0.09470265358686447,-0.021525807678699493,-0.19345566630363464,-0.23186513781547546,-0.04168659448623657,-0.23994582891464233,-0.3453466594219208,-0.06688665598630905,-0.24616168439388275,-0.4604268968105316,-0.08992068469524384,-0.11975319683551788,-0.49875620007514954,-0.0022113521117717028,-0.16190940141677856,-0.662308931350708,-0.05957316979765892,-0.2001003473997116,-0.6065650582313538,-0.11053509265184402,-0.2218371033668518,-0.5146689414978027,-0.13757197558879852,-0.05976536497473717,-0.5315563082695007,-0.01968482881784439,-0.08508298546075821,-0.7505070567131042,-0.047027215361595154,-0.11584098637104034,-0.875878632068634,-0.07853644341230392,-0.144915372133255,-0.9820860624313354,-0.10201400518417358,0.007740498520433903,-0.505695641040802,-0.046794939786195755,0.0033161493483930826,-0.7227458357810974,-0.07707363367080688,-0.007463399320840836,-0.8689207434654236,-0.10438960790634155,-0.021952930837869644,-1.0,-0.1243814155459404,0.07588231563568115,-0.42716774344444275,-0.07641109079122543,0.1181819885969162,-0.5739514827728271,-0.102110356092453,0.14159253239631653,-0.6775985360145569,-0.11046633869409561,0.157805398106575,-0.7784554958343506,-0.11568500846624374
F,F_session_002,141,0.0,0.0,0.0,-0.10838847607374191,-0.09761218726634979,-0.02106587588787079,-0.190151184797287,-0.23448629677295685,-0.04093494638800621,-0.23680557310581207,-0.346340537071228,-0.0658656507730484,-0.2477605640888214,-0.46069779992103577,-0.0885719582438469,-0.11836670339107513,-0.49973049759864807,-0.001644894597120583,-0.15987162292003632,-0.6625532507896423,-0.05885235220193863,-0.19783782958984375,-0.6090155243873596,-0.10945207625627518,-0.21936680376529694,-0.5177455544471741,-0.13598333299160004,-0.05974897742271423,-0.531687319278717,-0.018933705985546112,-0.08592625707387924,-0.7483136057853699,-0.04566824436187744,-0.11836553364992142,-0.8726179599761963,-0.07617396116256714,-0.14924964308738708,-0.9762422442436218,-0.0988502949476242,0.006594601087272167,-0.5058572888374329,-0.04595470428466797,0.001307800761424005,-0.724868655204773,-0.07546986639499664,-0.010268693789839745,-0.8703942894935608,-0.10173316299915314,-0.02500915341079235,-1.0,-0.1210537850856781,0.07369371503591537,-0.4277363121509552,-0.075531966984272,0.11502053588628769,-0.5741543769836426,-0.1009807363152504,0.1378040462732315,-0.6783959865570068,-0.10927664488554001,0.15405304729938507,-0.7792811393737793,-0.11437252163887024
F,F_session_002,142,0.0,0.0,0.0,-0.10910356044769287,-0.10054074972867966,-0.020772598683834076,-0.19072754681110382,-0.2417624443769455,-0.03970605134963989,-0.23795107007026672,-0.3547888994216919,-0.06368143111467361,-0.2536522150039673,-0.4699667692184448,-0.08573279529809952,-0.11596539616584778,-0.4998946487903595,-0.001273621921427548,-0.16089509427547455,-0.6628682613372803,-0.05797446146607399,-0.19985425472259521,-0.6130574941635132,-0.10806917399168015,-0.22195903956890106,-0.5240268707275391,-0.1345043033361435,-0.058780238032341,-0.5311941504478455,-0.019077515229582787,-0.08845122903585434,-0.7512742877006531,-0.04761642962694168,-0.12444329261779785,-0.8746764063835144,-0.07957442104816437,-0.15807099640369415,-0.9759827256202698,-0.10296738147735596,0.006073907017707825,-0.5057544112205505,-0.04640183597803116,-0.0032039619982242584,-0.72446209192276,-0.07703422009944916,-0.01817294955253601,-0.8699373602867126,-0.10482358932495117,-0.03572838380932808,-1.0,-0.12511292099952698,0.07192447036504745,-0.42944806814193726,-0.07616820931434631,0.10955163836479187,-0.5778378248214722,-0.10161647200584412,0.12908028066158295,-0.6837863922119141,-0.11056198924779892,0.1418178230524063,-0.7866503000259399,-0.11647225171327591
F,F_session_002,143,0.0,0.0,0.0,-0.1088307723402977,-0.10061599314212799,-0.02233116514980793,-0.19040600955486298,-0.2441324144601822,-0.04198549687862396,-0.2381671518087387,-0.35918137431144714,-0.06620942056179047,-0.2555272877216339,-0.47580933570861816,-0.08819530159235,-0.11597062647342682,-0.5012470483779907,-0.0039169867523014545,-0.16114728152751923,-0.6652197241783142,-0.06047652289271355,-0.2013515681028366,-0.6132647395133972,-0.1097034439444542,-0.2240014374256134,-0.5234973430633545,-0.1357158124446869,-0.05943642556667328,-0.5323060154914856,-0.02065662480890751,-0.09076587855815887,-0.7513399124145508,-0.049650341272354126,-0.12803465127944946,-0.8727225661277771,-0.08096369355916977,-0.16287550330162048,-0.9723872542381287,-0.1038886308670044,0.004290062468498945,-0.5062575340270996,-0.04692811891436577,-0.006463345605880022,-0.7259748578071594,-0.0780780240893364,-0.02137020044028759,-0.8706099987030029,-0.10573286563158035,-0.039676208049058914,-1.0,-0.12602849304676056,0.06988312304019928,-0.42985573410987854,-0.0756836086511612,0.10667026042938232,-0.5772486925125122,-0.10257784277200699,0.12458209693431854,-0.6827878355979919,-0.11271945387125015,0.1345914751291275,-0.7846201658248901,-0.11942946165800095
F,F_session_002,144,0.0,0.0,0.0,-0.10898060351610184,-0.10285797715187073,-0.020938429981470108,-0.1907910406589508,-0.24730603396892548,-0.03936029598116875,-0.23908662796020508,-0.3607427179813385,-0.0626271516084671,-0.25703468918800354,-0.47543787956237793,-0.08385459333658218,-0.11395056545734406,-0.5014795064926147,-0.0009066356578841805,-0.15932631492614746,-0.6614668369293213,-0.05553882196545601,-0.2010931372642517,-0.611086905002594,-0.10378702729940414,-0.22444505989551544,-0.5237475633621216,-0.1298113465309143,-0.059338055551052094,-0.5325540900230408,-0.018526462838053703,-0.09126153588294983,-0.7497971057891846,-0.047111570835113525,-0.1310460865497589,-0.8702224493026733,-0.07870030403137207,-0.16746322810649872,-0.9679107666015625,-0.10202166438102722,0.0024128903169184923,-0.50655198097229,-0.04556342586874962,-0.008398855105042458,-0.7289084792137146,-0.07678283005952835,-0.024206968024373055,-0.8722158670425415,-0.10492020100355148,-0.04263807460665703,-1.0,-0.1256825029850006,0.06608366221189499,-0.4298204183578491,-0.07499565929174423,0.1021062359213829,-0.5770313739776611,-0.10283984988927841,0.11892842501401901,-0.6840560436248779,-0.11420430988073349,0.12826001644134521,-0.7879961133003235,-0.1219402626156807
F,F_session_002,145,0.0,0.0,0.0,-0.1067272275686264,-0.1039782389998436,-0.02351212315261364,-0.18827517330646515,-0.24593034386634827,-0.044250067323446274,-0.23717568814754486,-0.36029013991355896,-0.06953523308038712,-0.2552258372306824,-0.4796557128429413,-0.09263306111097336,-0.11240489035844803,-0.5031095147132874,-0.0032074807677417994,-0.15696261823177338,-0.664912760257721,-0.06023866683244705,-0.199327290058136,-0.6172410249710083,-0.11023463308811188,-0.22273966670036316,-0.5312062501907349,-0.13709549605846405,-0.05715753510594368,-0.5331355929374695,-0.020135674625635147,-0.08954474329948425,-0.7525121569633484,-0.05045543611049652,-0.12987956404685974,-0.8728288412094116,-0.08289554715156555,-0.16645348072052002,-0.9702289700508118,-0.10666701942682266,0.005148858297616243,-0.5067406892776489,-0.04688408225774765,-0.006457226816564798,-0.7281574010848999,-0.07923511415719986,-0.02326929196715355,-0.8715019822120667,-0.107059545814991,-0.04260611906647682,-1.0,-0.12742148339748383,0.06961675733327866,-0.43054065108299255,-0.07630424201488495,0.10368023812770844,-0.5808332562446594,-0.10386136919260025,0.11937679350376129,-0.6887727379798889,-0.11446830630302429,0.1274382621049881,-0.7937749624252319,-0.12175484001636505
F,F_session_002,146,0.0,0.0,0.0,-0.10694282501935959,-0.10426618158817291,-0.021365253254771233,-0.18714581429958344,-0.2489577680826187,-0.041339460760354996,-0.2365574985742569,-0.3619092106819153,-0.06646376848220825,-0.2529216408729553,-0.4770052134990692,-0.08953946828842163,-0.109573133289814,-0.5032222867012024,-0.001449618604965508,-0.15442276000976562,-0.6650823950767517,-0.05959804356098175,-0.1972346305847168,-0.6154710650444031,-0.11052565276622772,-0.2204877883195877,-0.5261358618736267,-0.13769842684268951,-0.05495994910597801,-0.5327980518341064,-0.019119473174214363,-0.08695865422487259,-0.7518815398216248,-0.04980308935046196,-0.1267971247434616,-0.8728863596916199,-0.0822695717215538,-0.16303978860378265,-0.9698063731193542,-0.10581789165735245,0.007890935987234116,-0.5068824291229248,-0.046523332595825195,-0.004420358221977949,-0.727979302406311,-0.07783777266740799,-0.021102776750922203,-0.8715566396713257,-0.10481283068656921,-0.039943911135196686,-1.0,-0.1246008351445198,0.07265281677246094,-0.43049949407577515,-0.07660043239593506,0.10601843148469925,-0.5801869034767151,-0.1024448424577713,0.12093309313058853,-0.6885964870452881,-0.11203744262456894,0.12867924571037292,-0.7936375737190247,-0.11866721510887146
F,F_session_002,147,0.0,0.0,0.0,-0.10628437250852585,-0.10345932841300964,-0.02279747650027275,-0.18679118156433105,-0.24459627270698547,-0.04451053589582443,-0.23518827557563782,-0.3593776226043701,-0.07114431262016296,-0.2510227859020233,-0.4796532392501831,-0.09560348093509674,-0.10905527323484421,-0.5023017525672913,-0.0032215628307312727,-0.15405666828155518,-0.6642234921455383,-0.0621461495757103,-0.19613903760910034,-0.6153224110603333,-0.11376770585775375,-0.21870383620262146,-0.5265166759490967,-0.14146602153778076,-0.054262999445199966,-0.5318401455879211,-0.02055979333817959,-0.08640500158071518,-0.7502096891403198,-0.052030544728040695,-0.12525545060634613,-0.8698300719261169,-0.08515331894159317,-0.16053248941898346,-0.9657098650932312,-0.10915973782539368,0.008656918071210384,-0.5055135488510132,-0.04772283881902695,-0.00389693770557642,-0.7263258099555969,-0.07949403673410416,-0.02064572460949421,-0.8707808256149292,-0.10679967701435089,-0.03943522274494171,-1.0,-0.12693768739700317,0.07343209534883499,-0.428548663854599,-0.07763402909040451,0.10690104961395264,-0.5783210396766663,-0.10363925248384476,0.122221939265728,-0.6864373087882996,-0.11335202306509018,0.13006126880645752,-0.7911413908004761,-0.1201413944363594
F,F_session_002,148,0.0,0.0,0.0,-0.10509184002876282,-0.10010210424661636,-0.023211002349853516,-0.18416355550289154,-0.24086537957191467,-0.044712286442518234,-0.23092567920684814,-0.3557620942592621,-0.07102853059768677,-0.2469947189092636,-0.4759865403175354,-0.09508732706308365,-0.10683736950159073,-0.5022788047790527,-0.003109959652647376,-0.15205252170562744,-0.6612246036529541,-0.062303297221660614,-0.19343319535255432,-0.6101731061935425,-0.11427218466997147,-0.21471816301345825,-0.5210812091827393,-0.14201246201992035,-0.05221736431121826,-0.5335156321525574,-0.019994566217064857,-0.08437320590019226,-0.7505659461021423,-0.051043178886175156,-0.12192441523075104,-0.8698825836181641,-0.0837830975651741,-0.15561506152153015,-0.9661468863487244,-0.10742902755737305,0.010901015251874924,-0.5087378621101379,-0.04679691046476364,-0.0008699643076397479,-0.7283614873886108,-0.07852928340435028,-0.016841458156704903,-0.8713670969009399,-0.10556628555059433,-0.0347864031791687,-1.0,-0.12528781592845917,0.07608363032341003,-0.4323718547821045,-0.07640936970710754,0.11036145687103271,-0.5803360939025879,-0.1022389829158783,0.1268903911113739,-0.6865341067314148,-0.11172326654195786,0.13603119552135468,-0.7895624041557312,-0.11815882474184036
F,F_session_002,149,0.0,0.0,0.0,-0.10594440996646881,-0.09808565676212311,-0.021067367866635323,-0.1865760087966919,-0.2378101497888565,-0.04086710885167122,-0.23167984187602997,-0.3525939881801605,-0.06568198651075363,-0.24416719377040863,-0.4701616168022156,-0.08801742643117905,-0.1110757440328598,-0.4989047944545746,-0.00099057552870363,-0.15385855734348297,-0.6600010395050049,-0.05783962830901146,-0.19308173656463623,-0.606920599937439,-0.10827729851007462,-0.21387268602848053,-0.5173398852348328,-0.13535796105861664,-0.055669039487838745,-0.5314820408821106,-0.01842537336051464,-0.0869634598493576,-0.7485545873641968,-0.048379987478256226,-0.1219988763332367,-0.8676561117172241,-0.0812474936246872,-0.15319213271141052,-0.9636127352714539,-0.10525905340909958,0.00792260654270649,-0.5083794593811035,-0.04538693651556969,-0.003787341760471463,-0.7283828258514404,-0.07665602117776871,-0.018545320257544518,-0.8716735243797302,-0.10451939702033997,-0.03538218140602112,-1.0,-0.12488972395658493,0.07428494840860367,-0.43445977568626404,-0.07481209188699722,0.1095140352845192,-0.5835102796554565,-0.0999547615647316,0.12674036622047424,-0.6898207068443298,-0.10950461030006409,0.13640142977237701,-0.7921873331069946,-0.11612678319215775
F,F_session_002,150,0.0,0.0,0.0,-0.10646433383226395,-0.09504421055316925,-0.020937003195285797,-0.18716497719287872,-0.2328079789876938,-0.040411319583654404,-0.23084035515785217,-0.3504025936126709,-0.0651135966181755,-0.2401014268398285,-0.4688480794429779,-0.0874943658709526,-0.1180172711610794,-0.4925970733165741,0.00010262723662890494,-0.15789274871349335,-0.6550198197364807,-0.05747244134545326,-0.1940801590681076,-0.6043855547904968,-0.10835840553045273,-0.2134762704372406,-0.5165194272994995,-0.1354125440120697,-0.0603829100728035,-0.5297399759292603,-0.017102370038628578,-0.08852285146713257,-0.7459155917167664,-0.04550781473517418,-0.12128785252571106,-0.8649277091026306,-0.07719907909631729,-0.15115438401699066,-0.9623491168022156,-0.10061997175216675,0.005579936783760786,-0.5097532272338867,-0.04404423013329506,-0.0054094502702355385,-0.7281396985054016,-0.07414498180150986,-0.01848042942583561,-0.8712524175643921,-0.1009257435798645,-0.03368758782744408,-1.0,-0.12068405747413635,0.07387751340866089,-0.438215434551239,-0.0735526904463768,0.10880175232887268,-0.5876457095146179,-0.09787838906049728,0.1275089830160141,-0.693096935749054,-0.10638126730918884,0.14012078940868378,-0.7953366637229919,-0.11215704679489136
F,F_session_002,151,0.0,0.0,0.0,-0.1077057421207428,-0.08931484818458557,-0.021027982234954834,-0.1904294788837433,-0.22442835569381714,-0.04007912427186966,-0.23203127086162567,-0.34110116958618164,-0.06432319432497025,-0.24075524508953094,-0.4556141793727875,-0.08594562858343124,-0.1290961056947708,-0.4910743236541748,-0.0006001240108162165,-0.16918432712554932,-0.6584182381629944,-0.0572647899389267,-0.20044471323490143,-0.601557195186615,-0.10695265233516693,-0.2161707729101181,-0.5083051323890686,-0.13287895917892456,-0.06878800690174103,-0.5287835001945496,-0.01761869713664055,-0.09690122306346893,-0.7466334700584412,-0.04411311447620392,-0.1256464123725891,-0.8669878840446472,-0.07449088245630264,-0.15261626243591309,-0.9676908850669861,-0.09713393449783325,-0.0006092795520089567,-0.5086355209350586,-0.04439016431570053,-0.012383491732180119,-0.7290075421333313,-0.0741688683629036,-0.023715361952781677,-0.8714600205421448,-0.10104892402887344,-0.03812132403254509,-1.0,-0.12068380415439606,0.06992598623037338,-0.43708884716033936,-0.07359366863965988,0.10436604917049408,-0.590441882610321,-0.09857125580310822,0.12453247606754303,-0.6938538551330566,-0.106751449406147,0.13877534866333008,-0.7933149933815002,-0.11181727051734924
F,F_session_002,152,0.0,0.0,0.0,-0.10797389596700668,-0.08540346473455429,-0.020161965861916542,-0.19033405184745789,-0.22107188403606415,-0.03823922947049141,-0.23197676241397858,-0.3354512155056,-0.06166449189186096,-0.239054873585701,-0.4462960958480835,-0.08278567343950272,-0.13280649483203888,-0.4897671937942505,-0.0011164153693243861,-0.17328175902366638,-0.6548261642456055,-0.05641200765967369,-0.200796440243721,-0.5924913883209229,-0.10450594127178192,-0.21231843531131744,-0.4966924488544464,-0.12949998676776886,-0.07132772356271744,-0.5288628935813904,-0.01874048262834549,-0.09858845919370651,-0.7480198740959167,-0.04368874058127403,-0.1258464902639389,-0.8697403073310852,-0.07265534996986389,-0.1512061059474945,-0.9715812802314758,-0.09455125033855438,-0.002015175763517618,-0.5091629028320312,-0.04597853496670723,-0.013987360522150993,-0.7286084294319153,-0.07551570981740952,-0.026043102145195007,-0.8713028430938721,-0.10243038088083267,-0.04102521762251854,-1.0,-0.12225684523582458,0.06882684677839279,-0.43811479210853577,-0.07547914236783981,0.10439914464950562,-0.5903671383857727,-0.10133286565542221,0.12645627558231354,-0.6947699785232544,-0.11006327718496323,0.14340166747570038,-0.795354425907135,-0.11554594337940216
F,F_session_002,153,0.0,0.0,0.0,-0.10651411861181259,-0.08318239450454712,-0.021847758442163467,-0.18740923702716827,-0.21544665098190308,-0.04138369858264923,-0.22935156524181366,-0.327659547328949,-0.066222183406353,-0.23485207557678223,-0.43543022871017456,-0.08834896981716156,-0.13465818762779236,-0.48559296131134033,-0.0022219368256628513,-0.1739778369665146,-0.6519666314125061,-0.05909363552927971,-0.2000901848077774,-0.5876104235649109,-0.10782691091299057,-0.21033264696598053,-0.49061957001686096,-0.13269315659999847,-0.07289672642946243,-0.5262401103973389,-0.019130142405629158,-0.0987207368016243,-0.7459386587142944,-0.04435564577579498,-0.1247335746884346,-0.8684645891189575,-0.0726502537727356,-0.14895635843276978,-0.9731724858283997,-0.09382566064596176,-0.0028813141398131847,-0.5086947679519653,-0.04600363224744797,-0.01499637309461832,-0.7286085486412048,-0.07529736310243607,-0.027324555441737175,-0.8709277510643005,-0.10113391280174255,-0.04259461537003517,-1.0,-0.11994285881519318,0.06913437694311142,-0.4399229884147644,-0.07547406107187271,0.10538291931152344,-0.5933696031570435,-0.10015888512134552,0.12802454829216003,-0.6975733041763306,-0.10782375186681747,0.1457323133945465,-0.7977869510650635,-0.11238881200551987
F,F_session_002,154,0.0,0.0,0.0,-0.10581677407026291,-0.07900543510913849,-0.02652735821902752,-0.18765559792518616,-0.20976878702640533,-0.04924966022372246,-0.23173509538173676,-0.32373321056365967,-0.07632310688495636,-0.23259761929512024,-0.4333871603012085,-0.10018007457256317,-0.13625599443912506,-0.481240451335907,-0.00792979821562767,-0.17461557686328888,-0.6533140540122986,-0.06834906339645386,-0.19882698357105255,-0.5882967710494995,-0.11901336163282394,-0.20805592834949493,-0.4907664358615875,-0.14455311000347137,-0.07397545874118805,-0.5217616558074951,-0.02273515798151493,-0.10026480257511139,-0.7437082529067993,-0.04961754009127617,-0.12493134289979935,-0.866502046585083,-0.07765135169029236,-0.1486528366804123,-0.9726206660270691,-0.09831510484218597,-0.003237683791667223,-0.504239559173584,-0.04810864478349686,-0.01546929869800806,-0.7257521748542786,-0.07887057960033417,-0.02668127417564392,-0.8688340187072754,-0.10440053045749664,-0.041850827634334564,-1.0,-0.12254991382360458,0.06970712542533875,-0.4355393052101135,-0.0764511302113533,0.10536067932844162,-0.591097354888916,-0.10204994678497314,0.12887036800384521,-0.6940745115280151,-0.10956910252571106,0.14693959057331085,-0.7942773699760437,-0.11369824409484863
F,F_session_002,155,0.0,0.0,0.0,-0.10371262580156326,-0.08092828094959259,-0.027480486780405045,-0.1840573102235794,-0.20934215188026428,-0.051413070410490036,-0.22874952852725983,-0.3229781687259674,-0.07983122766017914,-0.22697103023529053,-0.43398746848106384,-0.10488341748714447,-0.13558588922023773,-0.4812762141227722,-0.00660204840824008,-0.17368000745773315,-0.6521798968315125,-0.06760653853416443,-0.19686096906661987,-0.5894342660903931,-0.11857825517654419,-0.20377129316329956,-0.49262481927871704,-0.14406666159629822,-0.07290978729724884,-0.5234236121177673,-0.021068131551146507,-0.0990629643201828,-0.7438932061195374,-0.048124589025974274,-0.12368038296699524,-0.8668726682662964,-0.07608429342508316,-0.14668965339660645,-0.972691535949707,-0.09645718336105347,-0.0015465975739061832,-0.5072054266929626,-0.046439029276371,-0.013210536912083626,-0.7269888520240784,-0.07742077857255936,-0.02443121001124382,-0.8699105978012085,-0.10246513038873672,-0.03920092433691025,-1.0,-0.11997932940721512,0.07135370373725891,-0.43898963928222656,-0.07492571324110031,0.1074896976351738,-0.5933106541633606,-0.10032869875431061,0.13120897114276886,-0.6965863704681396,-0.10752548277378082,0.14972691237926483,-0.7964907884597778,-0.11124467104673386
F,F_session_002,156,0.0,0.0,0.0,-0.10251519083976746,-0.08003763109445572,-0.02760683186352253,-0.1819525957107544,-0.21385978162288666,-0.05083601549267769,-0.22612866759300232,-0.3320901095867157,-0.07849819958209991,-0.2221529185771942,-0.43107736110687256,-0.10272858291864395,-0.13743776082992554,-0.4822632670402527,-0.0048298100009560585,-0.17180520296096802,-0.6520065069198608,-0.06624685227870941,-0.19107043743133545,-0.59686678647995,-0.11676394939422607,-0.19672991335391998,-0.5063517093658447,-0.14152956008911133,-0.07367753982543945,-0.5236636400222778,-0.019184652715921402,-0.09769950807094574,-0.7417982220649719,-0.0467413030564785,-0.12056456506252289,-0.8640275597572327,-0.07354947924613953,-0.14301206171512604,-0.9698177576065063,-0.09234322607517242,-0.0013892878778278828,-0.5076849460601807,-0.04476385936141014,-0.012967586517333984,-0.7272554039955139,-0.07687120884656906,-0.02350574918091297,-0.8692560791969299,-0.10121767967939377,-0.03784586116671562,-1.0,-0.1172807440161705,0.0718466117978096,-0.4401422142982483,-0.07352863252162933,0.10660790652036667,-0.5960263013839722,-0.0994340106844902,0.13082371652126312,-0.6976035833358765,-0.10651186108589172,0.15010301768779755,-0.7963641285896301,-0.1096942275762558
F,F_session_002,157,0.0,0.0,0.0,-0.10100290924310684,-0.08122171461582184,-0.03090324066579342,-0.17967981100082397,-0.2152300328016281,-0.0566197969019413,-0.22511686384677887,-0.3366634249687195,-0.08641722053289413,-0.21550948917865753,-0.4386554956436157,-0.11268241703510284,-0.1373385637998581,-0.4822785258293152,-0.005759508349001408,-0.1693171262741089,-0.6501275300979614,-0.06733758747577667,-0.18741852045059204,-0.6006001234054565,-0.11788427084684372,-0.1929926872253418,-0.5165203213691711,-0.14312417805194855,-0.07321495562791824,-0.5249378681182861,-0.01920165680348873,-0.09609657526016235,-0.7413998246192932,-0.046967919915914536,-0.11808788031339645,-0.8634231090545654,-0.07339967042207718,-0.13960179686546326,-0.9712241291999817,-0.092132069170475,-0.0004403244820423424,-0.5082933902740479,-0.044294558465480804,-0.011739282868802547,-0.7264604568481445,-0.0774337649345398,-0.021461570635437965,-0.868200957775116,-0.10122651606798172,-0.03485071659088135,-1.0,-0.11688867211341858,0.07304037362337112,-0.4395909905433655,-0.07286913692951202,0.10790421813726425,-0.5946539640426636,-0.10009095072746277,0.1332785040140152,-0.6964027285575867,-0.10759961605072021,0.15342141687870026,-0.7953532934188843,-0.1111246719956398
F,F_session_002,158,0.0,0.0,0.0,-0.09919083118438721,-0.0839812159538269,-0.0283211562782526,-0.17692799866199493,-0.21802902221679688,-0.052723824977874756,-0.22209693491458893,-0.3380178213119507,-0.08172532171010971,-0.21461640298366547,-0.4354289174079895,-0.10731249302625656,-0.13792437314987183,-0.4819989502429962,-0.0026606833562254906,-0.16932502388954163,-0.6493262648582458,-0.06393692642450333,-0.18726538121700287,-0.6087007522583008,-0.11441276222467422,-0.19302989542484283,-0.5305535793304443,-0.1394595205783844,-0.07484393566846848,-0.524299681186676,-0.01681898534297943,-0.09853283315896988,-0.7389482259750366,-0.04499885067343712,-0.11999651789665222,-0.8611930012702942,-0.07141586393117905,-0.14088189601898193,-0.9703462719917297,-0.08966386318206787,-0.0021108691580593586,-0.5102133750915527,-0.04239625111222267,-0.015151478350162506,-0.7294968962669373,-0.0757041648030281,-0.024112999439239502,-0.869625449180603,-0.0988876149058342,-0.03627229854464531,-1.0,-0.11362086981534958,0.07192914187908173,-0.4448578357696533,-0.07131631672382355,0.10515305399894714,-0.6007202863693237,-0.09824401885271072,0.131081223487854,-0.7012733817100525,-0.10519683361053467,0.15255799889564514,-0.7987721562385559,-0.107963427901268
F,F_session_002,159,0.0,0.0,0.0,-0.09938652068376541,-0.08517707139253616,-0.029201466590166092,-0.17802847921848297,-0.22349509596824646,-0.05313796177506447,-0.22426922619342804,-0.3505745530128479,-0.08149244636297226,-0.20981208980083466,-0.4488684833049774,-0.10658831149339676,-0.14112216234207153,-0.48203766345977783,-0.0009434871608391404,-0.1727810502052307,-0.6474015116691589,-0.060945797711610794,-0.1885489970445633,-0.6103556156158447,-0.11087115108966827,-0.19204959273338318,-0.5364477634429932,-0.1362358033657074,-0.07748691737651825,-0.5274078845977783,-0.01434396207332611,-0.10105817019939423,-0.7402627468109131,-0.0420069545507431,-0.12164966762065887,-0.8614010214805603,-0.06891640275716782,-0.14124533534049988,-0.9697564840316772,-0.08777409791946411,-0.003757174126803875,-0.5147332549095154,-0.03917514160275459,-0.01758860982954502,-0.7303569912910461,-0.07289858162403107,-0.026690375059843063,-0.870102047920227,-0.09719283878803253,-0.03870962932705879,-1.0,-0.11278172582387924,0.07125753909349442,-0.4502725601196289,-0.0673031434416771,0.10378598421812057,-0.6048743724822998,-0.09442771226167679,0.1295192837715149,-0.7048494219779968,-0.1020132452249527,0.15062622725963593,-0.8018518090248108,-0.10556437820196152
F,F_session_002,160,0.0,0.0,0.0,-0.09956006705760956,-0.08617179095745087,-0.027839988470077515,-0.17910441756248474,-0.22459310293197632,-0.051485825330019,-0.22546003758907318,-0.3520074784755707,-0.07986129075288773,-0.20614762604236603,-0.45399120450019836,-0.10468798875808716,-0.14090178906917572,-0.48176446557044983,0.0007490121060982347,-0.17157945036888123,-0.6513000726699829,-0.058855313807725906,-0.18592572212219238,-0.6133933663368225,-0.10824403911828995,-0.18863895535469055,-0.5374012589454651,-0.13293951749801636,-0.07763375341892242,-0.5253539085388184,-0.012811783701181412,-0.10108061879873276,-0.7398737668991089,-0.03949962556362152,-0.12115427106618881,-0.8609728217124939,-0.06528260558843613,-0.14059510827064514,-0.970479428768158,-0.08332546055316925,-0.00420028530061245,-0.5133533477783203,-0.03778662532567978,-0.017796294763684273,-0.7296798825263977,-0.06996121257543564,-0.026355119422078133,-0.8694363236427307,-0.09252600371837616,-0.038117341697216034,-1.0,-0.1070031225681305,0.07080109417438507,-0.45152711868286133,-0.06609144061803818,0.10244310647249222,-0.607609212398529,-0.09157560765743256,0.1279871165752411,-0.7083326578140259,-0.09771773219108582,0.14925865828990936,-0.806411862373352,-0.10024265944957733
F,F_session_002,161,0.0,0.0,0.0,-0.09928803890943527,-0.08393895626068115,-0.027362115681171417,-0.17964322865009308,-0.2223643958568573,-0.050776995718479156,-0.22605352103710175,-0.35226625204086304,-0.07897160947322845,-0.20377185940742493,-0.4538099467754364,-0.10325229167938232,-0.14289090037345886,-0.48257139325141907,0.0008033145568333566,-0.17372137308120728,-0.6547537446022034,-0.05846336483955383,-0.1876242756843567,-0.6132397651672363,-0.10726365447044373,-0.19059599936008453,-0.5341976881027222,-0.13149571418762207,-0.07934676855802536,-0.5267510414123535,-0.01291739847511053,-0.10267921537160873,-0.7417330145835876,-0.039302658289670944,-0.12230174988508224,-0.8617873787879944,-0.06468668580055237,-0.14160284399986267,-0.9705737233161926,-0.08244623988866806,-0.005615433678030968,-0.515457034111023,-0.03794288635253906,-0.019531046971678734,-0.731967568397522,-0.06956743448972702,-0.027384605258703232,-0.869881272315979,-0.09168747067451477,-0.03874759003520012,-1.0,-0.10596058517694473,0.06967532634735107,-0.45476290583610535,-0.06631217896938324,0.1005529910326004,-0.6108450889587402,-0.09142205864191055,0.1259964555501938,-0.7114531397819519,-0.0974159687757492,0.14741337299346924,-0.8105281591415405,-0.09981652349233627
F,F_session_002,162,0.0,0.0,0.0,-0.09702558815479279,-0.08303274214267731,-0.028499599546194077,-0.17643441259860992,-0.21904097497463226,-0.05293922871351242,-0.22310447692871094,-0.34411782026290894,-0.0817909762263298,-0.20305445790290833,-0.44871047139167786,-0.106718048453331,-0.14166390895843506,-0.4834479093551636,-0.002280443673953414,-0.17374175786972046,-0.6547247767448425,-0.06257697194814682,-0.1864847093820572,-0.612375795841217,-0.11221317946910858,-0.18750423192977905,-0.5324220061302185,-0.13688966631889343,-0.07840967178344727,-0.5280502438545227,-0.015545440837740898,-0.10296450555324554,-0.7433367371559143,-0.0428888276219368,-0.12273398041725159,-0.8625548481941223,-0.06911280751228333,-0.1412518322467804,-0.9690175652503967,-0.08758094906806946,-0.005033225752413273,-0.5170194506645203,-0.040058162063360214,-0.019313741475343704,-0.7332181930541992,-0.07227231562137604,-0.02779994159936905,-0.8707687854766846,-0.09509533643722534,-0.03913090005517006,-1.0,-0.10997173190116882,0.0699428915977478,-0.45620712637901306,-0.0679231733083725,0.10070681571960449,-0.6139783263206482,-0.09318139404058456,0.12599138915538788,-0.7147662043571472,-0.09946691989898682,0.14713266491889954,-0.8142053484916687,-0.10218334943056107
F,F_session_002,163,0.0,0.0,0.0,-0.0984569787979126,-0.0796022042632103,-0.02841522917151451,-0.17984730005264282,-0.2154592126607895,-0.05176018550992012,-0.2235606461763382,-0.34404677152633667,-0.0792088732123375,-0.20494890213012695,-0.44802960753440857,-0.10234163701534271,-0.14612601697444916,-0.4813908636569977,-0.0028230443131178617,-0.17750683426856995,-0.653965175151825,-0.06281857937574387,-0.18528331816196442,-0.6088945269584656,-0.11184132844209671,-0.18297234177589417,-0.5302823781967163,-0.1360286921262741,-0.08222462981939316,-0.5278887152671814,-0.016088776290416718,-0.1067432314157486,-0.7449057102203369,-0.04365402087569237,-0.12515395879745483,-0.8646114468574524,-0.07008485496044159,-0.14325575530529022,-0.9724534749984741,-0.0886228159070015,-0.008809891529381275,-0.517755389213562,-0.0405447892844677,-0.023086456581950188,-0.7328516840934753,-0.07283633947372437,-0.03141472488641739,-0.8695709109306335,-0.09606520086526871,-0.04311338812112808,-1.0,-0.11115680634975433,0.06695108860731125,-0.458893358707428,-0.06833238154649734,0.0977221131324768,-0.6158024072647095,-0.09328588843345642,0.1224544495344162,-0.7170760035514832,-0.0997958779335022,0.1431376188993454,-0.8182957172393799,-0.10277079045772552
F,F_session_002,164,0.0,0.0,0.0,-0.10028025507926941,-0.08123736828565598,-0.02997872419655323,-0.17978006601333618,-0.21805788576602936,-0.05409965664148331,-0.22491882741451263,-0.34362247586250305,-0.08225639909505844,-0.21321721374988556,-0.4513617753982544,-0.10633590072393417,-0.1465378701686859,-0.48167771100997925,-0.002438874449580908,-0.17856845259666443,-0.6542891263961792,-0.06343813240528107,-0.18981686234474182,-0.6091172695159912,-0.11369938403367996,-0.19035378098487854,-0.5286837220191956,-0.1384911835193634,-0.08276420086622238,-0.5273635983467102,-0.015006156638264656,-0.10704592615365982,-0.7444653511047363,-0.042261913418769836,-0.12711183726787567,-0.8656831383705139,-0.06880666315555573,-0.14713020622730255,-0.9746902585029602,-0.08764368295669556,-0.010006202384829521,-0.5162106156349182,-0.03922106698155403,-0.023748084902763367,-0.732124924659729,-0.07169992476701736,-0.03251861780881882,-0.8700546622276306,-0.09539254754781723,-0.04504445940256119,-1.0,-0.11087579280138016,0.06450821459293365,-0.4561424255371094,-0.06689443439245224,0.09527292102575302,-0.6136842966079712,-0.09280887246131897,0.1206987127661705,-0.7143245935440063,-0.09975460171699524,0.14186018705368042,-0.8138237595558167,-0.10297328233718872
F,F_session_002,165,0.0,0.0,0.0,-0.10414528101682663,-0.08776748925447464,-0.027219410985708237,-0.18511734902858734,-0.22712521255016327,-0.04945436865091324,-0.23054532706737518,-0.3521151542663574,-0.07639670372009277,-0.2195315808057785,-0.45543304085731506,-0.10005804896354675,-0.1463630199432373,-0.48076024651527405,0.0006794517394155264,-0.17783702909946442,-0.6524649858474731,-0.05993698909878731,-0.19250765442848206,-0.616370439529419,-0.1105840802192688,-0.19698110222816467,-0.5409321188926697,-0.13581973314285278,-0.08233386278152466,-0.5248494148254395,-0.01341457199305296,-0.10704666376113892,-0.7440868616104126,-0.04125063493847847,-0.1292782425880432,-0.8683626651763916,-0.06932368874549866,-0.15100423991680145,-0.9777455925941467,-0.08905098587274551,-0.00935547985136509,-0.5133248567581177,-0.038816459476947784,-0.023596271872520447,-0.7309925556182861,-0.07169852405786514,-0.03365100547671318,-0.8707412481307983,-0.09635917842388153,-0.04739084094762802,-1.0,-0.11228726804256439,0.06539616733789444,-0.4536878168582916,-0.06744316965341568,0.09663843363523483,-0.6118509769439697,-0.09336785227060318,0.12085065990686417,-0.7134115695953369,-0.10035152733325958,0.14048101007938385,-0.8128085732460022,-0.1036137193441391
F,F_session_002,166,0.0,0.0,0.0,-0.10547509044408798,-0.08487784117460251,-0.028008993715047836,-0.18858647346496582,-0.2216966450214386,-0.05121307447552681,-0.2374415248632431,-0.34104880690574646,-0.07874805480241776,-0.2335807830095291,-0.4557255804538727,-0.10277536511421204,-0.14243516325950623,-0.4845968782901764,-0.0028853940311819315,-0.1783306896686554,-0.6604884266853333,-0.06302095204591751,-0.20116671919822693,-0.6202057003974915,-0.11294476687908173,-0.2103092074394226,-0.537499725818634,-0.13763512670993805,-0.08055484294891357,-0.5266712307929993,-0.016375834122300148,-0.10729531198740005,-0.7472885251045227,-0.04270343482494354,-0.13286426663398743,-0.8711003661155701,-0.06843938678503036,-0.15714585781097412,-0.9768587946891785,-0.08664549142122269,-0.009328555315732956,-0.5125121474266052,-0.041123270988464355,-0.024460887536406517,-0.7298066020011902,-0.0720003992319107,-0.036991219967603683,-0.8718059062957764,-0.09396010637283325,-0.052070554345846176,-1.0,-0.10849928855895996,0.06364639103412628,-0.44949397444725037,-0.06929370760917664,0.09444352239370346,-0.6055272817611694,-0.094999760389328,0.11686582863330841,-0.7082856893539429,-0.10110383480787277,0.1351540982723236,-0.8077624440193176,-0.10351287573575974
F,F_session_002,167,0.0,0.0,0.0,-0.10663391649723053,-0.0859343409538269,-0.02637488581240177,-0.19045212864875793,-0.22015538811683655,-0.04895647615194321,-0.23994125425815582,-0.3399099111557007,-0.07605382800102234,-0.24212612211704254,-0.45892295241355896,-0.10003387182950974,-0.14366237819194794,-0.4825531542301178,-0.0026573052164167166,-0.18031319975852966,-0.6587302088737488,-0.06280506402254105,-0.2053391933441162,-0.6247804760932922,-0.11315329372882843,-0.21625475585460663,-0.546309232711792,-0.13822035491466522,-0.08203059434890747,-0.525405764579773,-0.0173202957957983,-0.11002391576766968,-0.7486667037010193,-0.04428882896900177,-0.13722661137580872,-0.8747286796569824,-0.07161899656057358,-0.16249200701713562,-0.980227530002594,-0.0911199152469635,-0.010822756215929985,-0.5108930468559265,-0.04288452863693237,-0.025486929342150688,-0.7289615273475647,-0.07402954250574112,-0.03834989666938782,-0.8723639845848083,-0.0972081869840622,-0.05338471755385399,-1.0,-0.11293293535709381,0.06247441843152046,-0.44711834192276,-0.07163357734680176,0.09375230222940445,-0.602398157119751,-0.09760653972625732,0.11583195626735687,-0.7059752345085144,-0.1042172908782959,0.1336812973022461,-0.8055302500724792,-0.10715769976377487
F,F_session_002,168,0.0,0.0,0.0,-0.10857564955949783,-0.08375650644302368,-0.024564888328313828,-0.1942099630832672,-0.21966150403022766,-0.04494988173246384,-0.243874654173851,-0.33931130170822144,-0.06985235214233398,-0.2493058741092682,-0.4601808488368988,-0.09149741381406784,-0.14397074282169342,-0.4838559925556183,-0.0016157426871359348,-0.18190284073352814,-0.6612043976783752,-0.059548042714595795,-0.2104521542787552,-0.6240783333778381,-0.10786271840333939,-0.22397086024284363,-0.5444256663322449,-0.13171780109405518,-0.08284441381692886,-0.526042103767395,-0.01645497791469097,-0.11172759532928467,-0.7476214170455933,-0.04185522347688675,-0.14005975425243378,-0.8742562532424927,-0.06758184731006622,-0.1665220707654953,-0.9798567295074463,-0.08595600724220276,-0.01282007247209549,-0.5112696290016174,-0.041853167116642,-0.028296416625380516,-0.7284773588180542,-0.0716402530670166,-0.04189981520175934,-0.8722735643386841,-0.09326321631669998,-0.057839978486299515,-1.0,-0.10795634984970093,0.05949966236948967,-0.44812682271003723,-0.0703265443444252,0.09003572911024094,-0.6017769575119019,-0.09639736264944077,0.11150248348712921,-0.7060112953186035,-0.10270846635103226,0.12897822260856628,-0.8063061833381653,-0.10505814105272293
F,F_session_002,169,0.0,0.0,0.0,-0.10912851989269257,-0.08582383394241333,-0.02365194633603096,-0.19407060742378235,-0.22377045452594757,-0.04362688213586807,-0.24383653700351715,-0.3415168821811676,-0.06840498745441437,-0.25140342116355896,-0.46015360951423645,-0.09017261117696762,-0.1412854939699173,-0.4873594045639038,-0.0010215695947408676,-0.1806725412607193,-0.6614546775817871,-0.0591621957719326,-0.21215824782848358,-0.6197026371955872,-0.10799987614154816,-0.22810885310173035,-0.537020206451416,-0.13229960203170776,-0.0807059109210968,-0.5278936624526978,-0.016627835109829903,-0.1102471724152565,-0.7492830157279968,-0.04228544980287552,-0.14084044098854065,-0.8771294355392456,-0.06843887269496918,-0.16969914734363556,-0.9839701056480408,-0.08720631897449493,-0.011455758474767208,-0.5113538503646851,-0.042722709476947784,-0.02684800699353218,-0.7283512949943542,-0.07213294506072998,-0.041662465780973434,-0.8721681237220764,-0.09339570999145508,-0.05888662487268448,-1.0,-0.10800819098949432,0.06004667654633522,-0.446401447057724,-0.07191820442676544,0.08975741267204285,-0.599708080291748,-0.09740279614925385,0.10942470282316208,-0.7052375674247742,-0.10321236401796341,0.1250227689743042,-0.8069003820419312,-0.10538218170404434
F,F_session_002,170,0.0,0.0,0.0,-0.10861937701702118,-0.08979042619466782,-0.024430979043245316,-0.1928897202014923,-0.22747549414634705,-0.045450106263160706,-0.2440188080072403,-0.3451123833656311,-0.07131139934062958,-0.2540765106678009,-0.4665426015853882,-0.09407170116901398,-0.13713377714157104,-0.4909929037094116,-0.0008573519298806787,-0.17762257158756256,-0.6631367206573486,-0.059497617185115814,-0.2115367203950882,-0.6193494200706482,-0.10920093953609467,-0.2291342169046402,-0.535354733467102,-0.13428187370300293,-0.07814338803291321,-0.5296622514724731,-0.016281060874462128,-0.10914713889360428,-0.7497934699058533,-0.042403582483530045,-0.14072415232658386,-0.8766043186187744,-0.06922157108783722,-0.1703658103942871,-0.9826893210411072,-0.08871377259492874,-0.01015490386635065,-0.512212872505188,-0.04238452389836311,-0.027086418122053146,-0.728464663028717,-0.07163272798061371,-0.04303335025906563,-0.8722652196884155,-0.09298264980316162,-0.06134697422385216,-1.0,-0.10799867659807205,0.06049846485257149,-0.44647911190986633,-0.07176032662391663,0.08892130851745605,-0.6003280282020569,-0.09640668332576752,0.10769485682249069,-0.7062579989433289,-0.1020374596118927,0.12212730199098587,-0.8079076409339905,-0.10450691729784012
F,F_session_002,171,0.0,0.0,0.0,-0.10936559736728668,-0.09099366515874863,-0.02426743693649769,-0.19490791857242584,-0.22837205231189728,-0.04515989124774933,-0.2456878274679184,-0.3463202118873596,-0.07090582698583603,-0.258043110370636,-0.4690561592578888,-0.09331992268562317,-0.13758154213428497,-0.49283367395401,-0.0006711678579449654,-0.17852440476417542,-0.6636136770248413,-0.05915099382400513,-0.21299254894256592,-0.6185283064842224,-0.10868958383798599,-0.23072318732738495,-0.5340812802314758,-0.13381415605545044,-0.0793975368142128,-0.5321959853172302,-0.016171587631106377,-0.11024300754070282,-0.7493022680282593,-0.04281847923994064,-0.1428830325603485,-0.8746122717857361,-0.0698876604437828,-0.17413735389709473,-0.9799250364303589,-0.08965752273797989,-0.012554962188005447,-0.5143589377403259,-0.04236351326107979,-0.030119461938738823,-0.7298650741577148,-0.07195451110601425,-0.04710083082318306,-0.8723840117454529,-0.09332622587680817,-0.06665666401386261,-1.0,-0.10848180949687958,0.057069893926382065,-0.4479585587978363,-0.07181769609451294,0.08562587201595306,-0.6017904281616211,-0.09716796875,0.10305079817771912,-0.7088508009910583,-0.10348482429981232,0.11596633493900299,-0.8123059868812561,-0.10643598437309265
F,F_session_002,172,0.0,0.0,0.0,-0.10844402760267258,-0.09395947307348251,-0.024390721693634987,-0.1932443380355835,-0.23021164536476135,-0.04617250710725784,-0.24535030126571655,-0.34672778844833374,-0.0730174109339714,-0.25523844361305237,-0.4676576852798462,-0.0968177318572998,-0.1340210735797882,-0.4931831955909729,-0.000462108087958768,-0.17494137585163116,-0.6595829129219055,-0.06019127741456032,-0.21135631203651428,-0.6121292114257812,-0.11129578948020935,-0.2306387722492218,-0.5263336300849915,-0.13766159117221832,-0.07747060805559158,-0.5313470363616943,-0.016277868300676346,-0.10855508595705032,-0.7487744688987732,-0.044515397399663925,-0.1432267129421234,-0.8728196620941162,-0.07296172529459,-0.17617139220237732,-0.9766899347305298,-0.093760646879673,-0.011343779973685741,-0.5132210850715637,-0.04288782924413681,-0.028818760067224503,-0.7314963936805725,-0.0738738477230072,-0.04700910672545433,-0.8730556964874268,-0.09619171917438507,-0.06747198104858398,-1.0,-0.11197448521852493,0.05781762674450874,-0.4457784593105316,-0.07273229211568832,0.08698084205389023,-0.6017863154411316,-0.09855331480503082,0.1037357896566391,-0.71052086353302,-0.10534772276878357,0.11544542014598846,-0.8157387971878052,-0.10895755887031555
F,F_session_002,173,0.0,0.0,0.0,-0.10572420805692673,-0.0948106199502945,-0.02419206127524376,-0.18885883688926697,-0.23174050450325012,-0.04625823348760605,-0.2406311184167862,-0.3450535833835602,-0.07343079894781113,-0.25334402918815613,-0.46414127945899963,-0.0976339802145958,-0.12966658174991608,-0.49542850255966187,-0.002624914515763521,-0.17341315746307373,-0.6589467525482178,-0.0625743642449379,-0.21039460599422455,-0.6062724590301514,-0.11339975893497467,-0.22866740822792053,-0.5169768929481506,-0.13964790105819702,-0.07382272183895111,-0.5325035452842712,-0.018669897690415382,-0.1058061346411705,-0.7477720975875854,-0.04774066060781479,-0.14123502373695374,-0.8699249625205994,-0.07679618895053864,-0.1744910478591919,-0.9724655747413635,-0.09809685498476028,-0.008392051793634892,-0.5136131644248962,-0.045230552554130554,-0.02666698582470417,-0.7328351736068726,-0.07680955529212952,-0.04591147229075432,-0.8736006617546082,-0.09995988756418228,-0.06704749912023544,-1.0,-0.11648146063089371,0.05977119132876396,-0.4442935883998871,-0.07485056668519974,0.08916065096855164,-0.5990297198295593,-0.10115818679332733,0.10487288981676102,-0.7081454396247864,-0.10865551978349686,0.11527957022190094,-0.813410222530365,-0.11285673826932907
F,F_session_002,174,0.0,0.0,0.0,-0.10770165175199509,-0.09710118919610977,-0.023660488426685333,-0.1911344826221466,-0.23177757859230042,-0.045136041939258575,-0.24036048352718353,-0.34586894512176514,-0.07149296253919601,-0.25631219148635864,-0.46653521060943604,-0.09493089467287064,-0.13015465438365936,-0.49445632100105286,-0.002077847719192505,-0.17292045056819916,-0.6567965745925903,-0.06057039275765419,-0.20973776280879974,-0.6048175096511841,-0.11100268363952637,-0.2285975068807602,-0.5163716673851013,-0.13755646347999573,-0.07404881715774536,-0.5302339792251587,-0.01869508996605873,-0.10656990855932236,-0.7481604814529419,-0.04797223210334778,-0.14197644591331482,-0.8679121732711792,-0.07805722951889038,-0.1749117076396942,-0.9662870168685913,-0.10016531497240067,-0.008559544570744038,-0.5097463726997375,-0.04564570263028145,-0.027282003313302994,-0.7297197580337524,-0.07759109884500504,-0.04522478207945824,-0.8720614314079285,-0.10236313194036484,-0.06520204991102219,-1.0,-0.12026629596948624,0.060927633196115494,-0.44003114104270935,-0.0754571482539177,0.08992789685726166,-0.5963127017021179,-0.10209517925977707,0.10480453073978424,-0.7059785723686218,-0.11037497967481613,0.11349590122699738,-0.8116899132728577,-0.11557818949222565
F,F_session_002,175,0.0,0.0,0.0,-0.1070035770535469,-0.09715789556503296,-0.02372741885483265,-0.19015386700630188,-0.23023450374603271,-0.04580444097518921,-0.23927712440490723,-0.3436722159385681,-0.07280060648918152,-0.2552869915962219,-0.4657794237136841,-0.09714509546756744,-0.1257118433713913,-0.49546411633491516,-0.0031502426136285067,-0.16979093849658966,-0.6557879447937012,-0.06234867125749588,-0.20883074402809143,-0.601951539516449,-0.11356844753026962,-0.2284046709537506,-0.5121085047721863,-0.14082272350788116,-0.07062903046607971,-0.5310162901878357,-0.020209334790706635,-0.10416121035814285,-0.7487371563911438,-0.050948355346918106,-0.1410232037305832,-0.8676820993423462,-0.08265151083469391,-0.17437243461608887,-0.9653725028038025,-0.10586628317832947,-0.006280043162405491,-0.5110134482383728,-0.047435007989406586,-0.025186296552419662,-0.7313054800033569,-0.08036242425441742,-0.04406797140836716,-0.8726580739021301,-0.10647294670343399,-0.06445002555847168,-1.0,-0.12538452446460724,0.06214660033583641,-0.4415130019187927,-0.07745509594678879,0.09089423716068268,-0.5969341397285461,-0.1045912355184555,0.10572244226932526,-0.7056865692138672,-0.11349406093358994,0.1143435537815094,-0.810436487197876,-0.1193196251988411
F,F_session_002,176,0.0,0.0,0.0,-0.10629602521657944,-0.09708036482334137,-0.024258151650428772,-0.1892903596162796,-0.23077061772346497,-0.0461549311876297,-0.23838134109973907,-0.34577345848083496,-0.07273449748754501,-0.2552589774131775,-0.4690711498260498,-0.09642652422189713,-0.12280353158712387,-0.49611109495162964,-0.002607979578897357,-0.1648990362882614,-0.6566059589385986,-0.06015981361269951,-0.20440030097961426,-0.6058746576309204,-0.10986705124378204,-0.22452205419540405,-0.5177595019340515,-0.13640336692333221,-0.0687776431441307,-0.5307281017303467,-0.019359800964593887,-0.10241084545850754,-0.7489076852798462,-0.049664199352264404,-0.14080466330051422,-0.8664971590042114,-0.08074532449245453,-0.17525461316108704,-0.9618517756462097,-0.10342317074537277,-0.0054394458420574665,-0.5096812844276428,-0.046288423240184784,-0.023754756897687912,-0.732837438583374,-0.07941548526287079,-0.04233827441930771,-0.8734853267669678,-0.10545217245817184,-0.06242832541465759,-1.0,-0.12425592541694641,0.062400154769420624,-0.4390764534473419,-0.07600122690200806,0.09252554923295975,-0.5947498679161072,-0.10374191403388977,0.10753161460161209,-0.7041147947311401,-0.11327623575925827,0.11602814495563507,-0.8099250793457031,-0.11956404149532318
F,F_session_002,177,0.0,0.0,0.0,-0.1059703677892685,-0.099219910800457,-0.024207493290305138,-0.18843592703342438,-0.233915776014328,-0.04621052369475365,-0.2372526377439499,-0.3481115996837616,-0.07293475419282913,-0.2551907002925873,-0.47093209624290466,-0.09681154787540436,-0.12111605703830719,-0.49857673048973083,-0.0027102886233478785,-0.1617300808429718,-0.6599698066711426,-0.06076684594154358,-0.2017499804496765,-0.6109954714775085,-0.11086047440767288,-0.2229752540588379,-0.5234792232513428,-0.13764135539531708,-0.06657363474369049,-0.5328395366668701,-0.019694367423653603,-0.09929586946964264,-0.751183271408081,-0.05067775025963783,-0.1381416618824005,-0.8696914315223694,-0.08224762231111526,-0.17345529794692993,-0.9658089280128479,-0.10526150465011597,-0.003311537206172943,-0.5107975602149963,-0.046874988824129105,-0.019989145919680595,-0.7342504262924194,-0.08029752969741821,-0.03835392743349075,-0.8741205930709839,-0.10627049207687378,-0.05881079286336899,-1.0,-0.12501509487628937,0.0640181452035904,-0.4387003481388092,-0.07687973231077194,0.09487989544868469,-0.5945196151733398,-0.10506711155176163,0.10912998765707016,-0.704222559928894,-0.11489126831293106,0.11605100333690643,-0.8106763362884521,-0.12134972959756851
F,F_session_002,178,0.0,0.0,0.0,-0.10579828917980194,-0.10069981962442398,-0.02513195388019085,-0.1887526959180832,-0.23494075238704681,-0.04753938317298889,-0.23753352463245392,-0.35118818283081055,-0.0744146928191185,-0.25622281432151794,-0.47560203075408936,-0.0984760969877243,-0.11950109899044037,-0.4967701733112335,-0.003452517092227936,-0.15871979296207428,-0.6588031649589539,-0.06159716844558716,-0.199813112616539,-0.6111196279525757,-0.11201267689466476,-0.22209259867668152,-0.5236776471138,-0.13907356560230255,-0.06559080630540848,-0.5298051238059998,-0.019993100315332413,-0.09668662399053574,-0.7508365511894226,-0.051356591284275055,-0.1355442851781845,-0.8702890276908875,-0.08337415009737015,-0.17068839073181152,-0.9662649631500244,-0.10669084638357162,-0.0030501012224704027,-0.5070580840110779,-0.04676784202456474,-0.01898699253797531,-0.7322539687156677,-0.08026330918073654,-0.03705227002501488,-0.8736265897750854,-0.10658900439739227,-0.0567617304623127,-1.0,-0.1256047487258911,0.06384248286485672,-0.4349258542060852,-0.07641582936048508,0.09434918314218521,-0.591544508934021,-0.10447508841753006,0.10832399129867554,-0.7009565234184265,-0.11427638679742813,0.11495565623044968,-0.8062567114830017,-0.12080835551023483
F,F_session_002,179,0.0,0.0,0.0,-0.10613466054201126,-0.10268180072307587,-0.02525986358523369,-0.18767070770263672,-0.24037393927574158,-0.047340210527181625,-0.23644134402275085,-0.3565138578414917,-0.07391934841871262,-0.2543969452381134,-0.4816143810749054,-0.09783294051885605,-0.11377659440040588,-0.4996039569377899,-0.001508193789049983,-0.15441951155662537,-0.6576943397521973,-0.0590972863137722,-0.19659245014190674,-0.6107288599014282,-0.10960741341114044,-0.220124751329422,-0.5244029760360718,-0.1368921846151352,-0.060455530881881714,-0.531588077545166,-0.01796700619161129,-0.09097091853618622,-0.7511282563209534,-0.04908404126763344,-0.13070398569107056,-0.8708598613739014,-0.08141086995601654,-0.16697578132152557,-0.9668274521827698,-0.10495370626449585,0.0006916670827195048,-0.5076640844345093,-0.04480352997779846,-0.014439258724451065,-0.7308260798454285,-0.07787854969501495,-0.0330013670027256,-0.8728408813476562,-0.10434010624885559,-0.05308745056390762,-1.0,-0.12352185696363449,0.06492236256599426,-0.43421319127082825,-0.07461317628622055,0.09416438639163971,-0.5888379812240601,-0.10231912136077881,0.1070636585354805,-0.6985942721366882,-0.11223581433296204,0.1126382052898407,-0.8047265410423279,-0.11900757253170013
F,F_session_002,180,0.0,0.0,0.0,-0.10549887269735336,-0.10742320120334625,-0.024110669270157814,-0.18648281693458557,-0.24703234434127808,-0.04565725848078728,-0.23430831730365753,-0.3635472059249878,-0.07189331948757172,-0.2546180188655853,-0.4867389500141144,-0.09556711465120316,-0.10980991274118423,-0.5015773177146912,-0.0009514237171970308,-0.15231214463710785,-0.6588047742843628,-0.05839846283197403,-0.19528493285179138,-0.6133906245231628,-0.10857696831226349,-0.21892206370830536,-0.5286735892295837,-0.13557934761047363,-0.0570853166282177,-0.5324335694313049,-0.01798766851425171,-0.08723177760839462,-0.7524453401565552,-0.050383061170578,-0.12735898792743683,-0.8723187446594238,-0.08329134434461594,-0.16339124739170074,-0.9682061076164246,-0.10684860497713089,0.0027347065042704344,-0.5074013471603394,-0.04521270468831062,-0.011012673377990723,-0.729435920715332,-0.07909134775400162,-0.02919306419789791,-0.8720313310623169,-0.10599353164434433,-0.048466362059116364,-1.0,-0.12516064941883087,0.0653112605214119,-0.43297290802001953,-0.07526232302188873,0.09542848914861679,-0.5872113108634949,-0.10293582081794739,0.10749296098947525,-0.6976852416992188,-0.11295091360807419,0.11201287060976028,-0.8046129941940308,-0.11977539956569672
F,F_session_002,181,0.0,0.0,0.0,-0.10477523505687714,-0.10945618152618408,-0.02418585866689682,-0.1835593730211258,-0.25087887048721313,-0.04617125168442726,-0.23050770163536072,-0.3673200011253357,-0.07295355945825577,-0.25162047147750854,-0.48995840549468994,-0.0973668172955513,-0.10481587797403336,-0.5026965141296387,-0.0014324832009151578,-0.14767339825630188,-0.6608884930610657,-0.05976895987987518,-0.1917893886566162,-0.6152510046958923,-0.11092064529657364,-0.21560227870941162,-0.5307802557945251,-0.13866908848285675,-0.05281287804245949,-0.53191077709198,-0.01881447434425354,-0.08269020915031433,-0.7534626722335815,-0.052584875375032425,-0.12383484095335007,-0.8722415566444397,-0.08680345118045807,-0.16016435623168945,-0.9658280611038208,-0.11108671873807907,0.006189671345055103,-0.5054175853729248,-0.04631948471069336,-0.005828775465488434,-0.7308105230331421,-0.08074450492858887,-0.023706721141934395,-0.8730246424674988,-0.10825357586145401,-0.04275582730770111,-1.0,-0.12778903543949127,0.0675833448767662,-0.42877689003944397,-0.07665674388408661,0.09857778996229172,-0.5830408930778503,-0.1045282855629921,0.11002863943576813,-0.6933404803276062,-0.11486029624938965,0.11339940130710602,-0.8002091646194458,-0.12195095419883728
F,F_session_002,182,0.0,0.0,0.0,-0.10504873842000961,-0.11220665276050568,-0.02332376316189766,-0.18405158817768097,-0.25660941004753113,-0.04478504881262779,-0.23145881295204163,-0.3747733533382416,-0.07134553790092468,-0.25177472829818726,-0.4981885552406311,-0.09560754150152206,-0.103784941136837,-0.5049629807472229,0.0005150784854777157,-0.14774340391159058,-0.6641974449157715,-0.05798407644033432,-0.19177226722240448,-0.6189889907836914,-0.10997448116540909,-0.21534578502178192,-0.5347018837928772,-0.1382794976234436,-0.051964808255434036,-0.5338367223739624,-0.016821173951029778,-0.08193045109510422,-0.7531981468200684,-0.049617700278759,-0.12227972596883774,-0.8736113905906677,-0.08398457616567612,-0.1581317037343979,-0.9680666327476501,-0.10882212966680527,0.006812353618443012,-0.5073114633560181,-0.04432472586631775,-0.004851604346185923,-0.73313969373703,-0.07763000577688217,-0.022497957572340965,-0.8745068311691284,-0.10490577667951584,-0.041696883738040924,-1.0,-0.12453275918960571,0.06792771071195602,-0.43035826086997986,-0.07468924671411514,0.09890241175889969,-0.5843430757522583,-0.10148634761571884,0.10989431291818619,-0.6938527226448059,-0.11146775633096695,0.11260140687227249,-0.7992261648178101,-0.11843863129615784
F,F_session_002,183,0.0,0.0,0.0,-0.10532181710004807,-0.11318925768136978,-0.02255234122276306,-0.18349432945251465,-0.2571534514427185,-0.04382054880261421,-0.2301030308008194,-0.37365227937698364,-0.07019993662834167,-0.2513604760169983,-0.4947950541973114,-0.09466168284416199,-0.10129290074110031,-0.5053355097770691,-1.1027239452232607e-05,-0.14641883969306946,-0.6597981452941895,-0.05867639183998108,-0.19178953766822815,-0.614029049873352,-0.11119947582483292,-0.21654537320137024,-0.5301260948181152,-0.1399182677268982,-0.05006455257534981,-0.5330308675765991,-0.01781967282295227,-0.07990995794534683,-0.753700315952301,-0.05125165730714798,-0.12025092542171478,-0.8728880882263184,-0.08597683906555176,-0.15579041838645935,-0.9661526679992676,-0.11069836467504501,0.008226824924349785,-0.504635214805603,-0.04555036500096321,-0.002636274788528681,-0.7323656678199768,-0.07934711873531342,-0.020332787185907364,-0.8744043707847595,-0.10713735222816467,-0.03953324630856514,-1.0,-0.12687699496746063,0.06876052170991898,-0.4252854585647583,-0.07599584013223648,0.10127736628055573,-0.5798822045326233,-0.1031297817826271,0.11245089024305344,-0.689903974533081,-0.11331047862768173,0.11476682871580124,-0.7958755493164062,-0.1203189417719841
F,F_session_002,184,0.0,0.0,0.0,-0.10570906847715378,-0.11370082944631577,-0.021590624004602432,-0.18400587141513824,-0.25989967584609985,-0.04236377403140068,-0.23168563842773438,-0.376064658164978,-0.06854201853275299,-0.2508663833141327,-0.49593549966812134,-0.09286655485630035,-0.10203467309474945,-0.5050056576728821,0.0012525360798463225,-0.1468769609928131,-0.6608543992042542,-0.05872436240315437,-0.1919650286436081,-0.6154316663742065,-0.11267293244600296,-0.216731995344162,-0.5305653214454651,-0.14203955233097076,-0.05087367445230484,-0.5324299931526184,-0.016924722120165825,-0.08067496120929718,-0.7545680403709412,-0.05083519592881203,-0.12091877311468124,-0.875451385974884,-0.08629067242145538,-0.15655536949634552,-0.9689226746559143,-0.11128998547792435,0.008014284074306488,-0.5047544836997986,-0.04502203315496445,-0.00263091828674078,-0.7332277297973633,-0.0784895271062851,-0.019562408328056335,-0.8750081062316895,-0.10603844374418259,-0.03786817938089371,-1.0,-0.1254347413778305,0.06909635663032532,-0.42635011672973633,-0.07585932314395905,0.10139480233192444,-0.5814558863639832,-0.10219193249940872,0.11280140280723572,-0.691218376159668,-0.11155546456575394,0.11583204567432404,-0.7966619729995728,-0.11781126260757446
F,F_session_002,185,0.0,0.0,0.0,-0.10551729053258896,-0.11568427085876465,-0.021552087739109993,-0.1828755885362625,-0.26418793201446533,-0.041837114840745926,-0.22983033955097198,-0.381466269493103,-0.06747233122587204,-0.25001510977745056,-0.50025874376297,-0.09121685475111008,-0.09779874980449677,-0.5050333738327026,0.0017845665570348501,-0.1416408270597458,-0.6615190505981445,-0.05763513594865799,-0.18804055452346802,-0.6195001602172852,-0.1113552674651146,-0.21462197601795197,-0.5377047657966614,-0.1407250016927719,-0.04724303260445595,-0.532665491104126,-0.015936335548758507,-0.07658502459526062,-0.7529900074005127,-0.04877127707004547,-0.11675319075584412,-0.8748859167098999,-0.08363555371761322,-0.15259717404842377,-0.9690859317779541,-0.10864000022411346,0.011126289144158363,-0.5061159133911133,-0.043606359511613846,0.0007726885960437357,-0.7338494062423706,-0.07640913128852844,-0.016563238576054573,-0.8755491375923157,-0.10353253781795502,-0.03560420125722885,-1.0,-0.12282343953847885,0.0717201679944992,-0.42860162258148193,-0.07408418506383896,0.10514753311872482,-0.5831928849220276,-0.1002519428730011,0.11628391593694687,-0.6934016942977905,-0.10975650697946548,0.11852612346410751,-0.7988746762275696,-0.1162070780992508
F,F_session_002,186,0.0,0.0,0.0,-0.10509251803159714,-0.1132129654288292,-0.02254689484834671,-0.18296188116073608,-0.2601122558116913,-0.04392338916659355,-0.22952508926391602,-0.3764425814151764,-0.0704067051410675,-0.24887385964393616,-0.4954756498336792,-0.09485702216625214,-0.09783365577459335,-0.5035910606384277,-0.0006778810056857765,-0.14079417288303375,-0.6603623628616333,-0.06078968942165375,-0.18640241026878357,-0.6175412535667419,-0.11432352662086487,-0.21198861300945282,-0.5347976088523865,-0.14349599182605743,-0.0467197559773922,-0.5315359234809875,-0.0184674933552742,-0.07635582238435745,-0.7529990077018738,-0.05315133184194565,-0.11742421984672546,-0.8734838962554932,-0.08849727362394333,-0.15390878915786743,-0.9659616351127625,-0.1132887601852417,0.011711712926626205,-0.5042290687561035,-0.046205051243305206,0.0012248581042513251,-0.7328380346298218,-0.08054999262094498,-0.016057809814810753,-0.874585747718811,-0.10827673971652985,-0.034822240471839905,-1.0,-0.12763579189777374,0.07206397503614426,-0.4256039261817932,-0.07670589536428452,0.1051986888051033,-0.5800915956497192,-0.10414015501737595,0.1167486310005188,-0.6904338598251343,-0.11450167745351791,0.11959203332662582,-0.7971178293228149,-0.12139996886253357
F,F_session_002,187,0.0,0.0,0.0,-0.10690020024776459,-0.10984499007463455,-0.02160237357020378,-0.18534007668495178,-0.2584392726421356,-0.04180296137928963,-0.23106610774993896,-0.37726256251335144,-0.06707999110221863,-0.2513168454170227,-0.4955555498600006,-0.09022507071495056,-0.1029144898056984,-0.5019972920417786,-0.00031203689286485314,-0.1443394273519516,-0.6610405445098877,-0.059558749198913574,-0.18924859166145325,-0.6192653775215149,-0.11228283494710922,-0.21534515917301178,-0.5374403595924377,-0.14097103476524353,-0.05072927102446556,-0.5311193466186523,-0.01829361543059349,-0.08062736690044403,-0.7517597079277039,-0.05180126056075096,-0.12037676572799683,-0.8731785416603088,-0.08656151592731476,-0.15588368475437164,-0.9670763611793518,-0.11134008318185806,0.00858709029853344,-0.5049668550491333,-0.04606667533516884,-0.0025251253973692656,-0.7326465845108032,-0.0799238532781601,-0.019380642101168633,-0.8743851184844971,-0.10764925181865692,-0.03816632926464081,-1.0,-0.12726546823978424,0.07056710869073868,-0.4281199276447296,-0.07646191865205765,0.10382617264986038,-0.5839890837669373,-0.10364322364330292,0.1158309206366539,-0.6941114664077759,-0.11390931159257889,0.1188231036067009,-0.8005948066711426,-0.12090332061052322
F,F_session_002,188,0.0,0.0,0.0,-0.10651221871376038,-0.10835705697536469,-0.021197158843278885,-0.18512466549873352,-0.2561527490615845,-0.04067745804786682,-0.23150849342346191,-0.3738836646080017,-0.06528409570455551,-0.24946388602256775,-0.49240168929100037,-0.08754631131887436,-0.10297877341508865,-0.5021415948867798,0.0015610706759616733,-0.1442171037197113,-0.6621959805488586,-0.05624176561832428,-0.18780677020549774,-0.6219403147697449,-0.10760995745658875,-0.21285007894039154,-0.5406098961830139,-0.1355123370885849,-0.050752416253089905,-0.5321877002716064,-0.01602327637374401,-0.08217502385377884,-0.750216543674469,-0.048063669353723526,-0.12152069061994553,-0.8715381622314453,-0.08177606016397476,-0.1567876636981964,-0.9658595323562622,-0.10601118206977844,0.009402402676641941,-0.5079754590988159,-0.04342815279960632,-0.0030711288563907146,-0.7327703237533569,-0.07647059112787247,-0.019970728084445,-0.8743219971656799,-0.10360852628946304,-0.039060987532138824,-1.0,-0.122906394302845,0.07239825278520584,-0.43353718519210815,-0.07345079630613327,0.1054641455411911,-0.5874994397163391,-0.10037464648485184,0.11813093721866608,-0.6974697113037109,-0.11071048676967621,0.12209371477365494,-0.803973913192749,-0.11771529912948608
F,F_session_002,189,0.0,0.0,0.0,-0.10900355130434036,-0.1045660525560379,-0.020138369873166084,-0.1893690526485443,-0.25498923659324646,-0.03769221901893616,-0.23500652611255646,-0.3776456415653229,-0.06038763374090195,-0.2516758143901825,-0.4957982003688812,-0.08042646944522858,-0.10952113568782806,-0.4995003938674927,0.0038591637276113033,-0.14987879991531372,-0.6595838069915771,-0.052700240164995193,-0.19216158986091614,-0.6176755428314209,-0.10300331562757492,-0.2167721390724182,-0.5372116565704346,-0.13000889122486115,-0.056411974132061005,-0.5313810706138611,-0.01357923075556755,-0.08715084940195084,-0.7488113045692444,-0.04332640767097473,-0.1244862824678421,-0.870071530342102,-0.07507187873125076,-0.15812011063098907,-0.966600775718689,-0.09798848628997803,0.004920179024338722,-0.5088964700698853,-0.040872782468795776,-0.008420074358582497,-0.7322096228599548,-0.07271131873130798,-0.024957461282610893,-0.8737214207649231,-0.09827237576246262,-0.04371426999568939,-1.0,-0.1162874698638916,0.07000003010034561,-0.4371475279331207,-0.07077370584011078,0.10299921035766602,-0.5921169519424438,-0.09661384671926498,0.11730560660362244,-0.701073169708252,-0.10548300296068192,0.12369716912508011,-0.8066565990447998,-0.11120292544364929
F,F_session_002,190,0.0,0.0,0.0,-0.11093860119581223,-0.09988756477832794,-0.020358426496386528,-0.19308322668075562,-0.24726824462413788,-0.037897687405347824,-0.23882301151752472,-0.3720563054084778,-0.0606081597507,-0.24769148230552673,-0.4910055100917816,-0.08026371896266937,-0.11836283653974533,-0.49431994557380676,0.004621504340320826,-0.15628907084465027,-0.6578916311264038,-0.05146104097366333,-0.1949198693037033,-0.6162883639335632,-0.10024794191122055,-0.21641087532043457,-0.53584885597229,-0.12601147592067719,-0.06335718184709549,-0.5293493866920471,-0.012438975274562836,-0.09350244700908661,-0.7489660382270813,-0.041078951209783554,-0.12773650884628296,-0.872137188911438,-0.07120858877897263,-0.15879923105239868,-0.9729433655738831,-0.09311730414628983,-9.506141213933006e-05,-0.5087769627571106,-0.03952453285455704,-0.0138558279722929,-0.7309607863426208,-0.07128676027059555,-0.028842750936746597,-0.8727611899375916,-0.09639311581850052,-0.04660014808177948,-1.0,-0.11406759917736053,0.06717120856046677,-0.4392336905002594,-0.06917265802621841,0.10023290663957596,-0.5937140583992004,-0.0955793634057045,0.1152159795165062,-0.7021934390068054,-0.10456463694572449,0.12276189029216766,-0.8080382347106934,-0.11013727635145187
F,F_session_002,191,0.0,0.0,0.0,-0.11046271026134491,-0.09829825162887573,-0.01844905875623226,-0.19067169725894928,-0.24488452076911926,-0.03557661175727844,-0.2353353053331375,-0.3689267635345459,-0.058608539402484894,-0.24169939756393433,-0.48541828989982605,-0.07881518453359604,-0.12282685190439224,-0.49397337436676025,0.007068875711411238,-0.16034850478172302,-0.6589014530181885,-0.0487358383834362,-0.19543781876564026,-0.622576892375946,-0.09702818095684052,-0.21384714543819427,-0.5442836284637451,-0.12191237509250641,-0.06697013974189758,-0.530633807182312,-0.010668016038835049,-0.09545323997735977,-0.7509145140647888,-0.037296514958143234,-0.12698179483413696,-0.8758291602134705,-0.0653800219297409,-0.15640288591384888,-0.9783661961555481,-0.08578714728355408,-0.0019612384494394064,-0.5116257071495056,-0.038454700261354446,-0.016935599967837334,-0.7327265739440918,-0.06824596971273422,-0.03232262283563614,-0.8740861415863037,-0.091368667781353,-0.05038893595337868,-1.0,-0.10765460133552551,0.06656500697135925,-0.4434015452861786,-0.0688743144273758,0.0990024134516716,-0.6001982092857361,-0.09346602112054825,0.11606283485889435,-0.7081193327903748,-0.10065345466136932,0.12686140835285187,-0.8124503493309021,-0.1047452837228775
F,F_session_002,192,0.0,0.0,0.0,-0.11066972464323044,-0.09570938348770142,-0.020384423434734344,-0.1927987039089203,-0.24158510565757751,-0.03879944235086441,-0.2394597977399826,-0.3700425326824188,-0.06306570023298264,-0.24013981223106384,-0.48643022775650024,-0.08410622924566269,-0.12817177176475525,-0.49572983384132385,0.00735689140856266,-0.16292811930179596,-0.6659826040267944,-0.049217045307159424,-0.19730809330940247,-0.6324113607406616,-0.09768614917993546,-0.21610884368419647,-0.5565502047538757,-0.12228771299123764,-0.07128909975290298,-0.5315582156181335,-0.009303487837314606,-0.09802751988172531,-0.7525978684425354,-0.035130564123392105,-0.12737087905406952,-0.879758358001709,-0.06152357906103134,-0.15489935874938965,-0.9858505725860596,-0.08053022623062134,-0.004903164692223072,-0.5122613906860352,-0.03657184913754463,-0.01942157745361328,-0.733791172504425,-0.06580524891614914,-0.0339057557284832,-0.8748962879180908,-0.08703756332397461,-0.051294468343257904,-1.0,-0.10158905386924744,0.06480563431978226,-0.4455242455005646,-0.06687074154615402,0.0969436839222908,-0.6046318411827087,-0.09119267016649246,0.11534621566534042,-0.7125092148780823,-0.09769190847873688,0.1284833401441574,-0.8165768980979919,-0.10080083459615707
F,F_session_002,193,0.0,0.0,0.0,-0.10921597480773926,-0.09363757073879242,-0.020483190193772316,-0.19221976399421692,-0.24194251000881195,-0.03888056427240372,-0.2388337105512619,-0.3752601742744446,-0.06300095468759537,-0.23598971962928772,-0.4932166337966919,-0.08391967415809631,-0.12909315526485443,-0.4938650131225586,0.006318881642073393,-0.16231153905391693,-0.6682668328285217,-0.05005861818790436,-0.19585005939006805,-0.6310245394706726,-0.09834735840559006,-0.21456705033779144,-0.5515754222869873,-0.12293670326471329,-0.07111872732639313,-0.5304815769195557,-0.010106517933309078,-0.09605949372053146,-0.7528381943702698,-0.03560537099838257,-0.12435761839151382,-0.8797468543052673,-0.0624009408056736,-0.15126344561576843,-0.9858881831169128,-0.08213480561971664,-0.004182908218353987,-0.5119398236274719,-0.03696281462907791,-0.016814419999718666,-0.7341936230659485,-0.06598277390003204,-0.030945783481001854,-0.8749886751174927,-0.08764150738716125,-0.04826873168349266,-1.0,-0.1029079481959343,0.0657116025686264,-0.4460042119026184,-0.06673482060432434,0.09783382713794708,-0.6046278476715088,-0.09075977653265,0.1172042191028595,-0.7120352387428284,-0.09731651842594147,0.13126961886882782,-0.8156355619430542,-0.10084085166454315
F,F_session_002,194,0.0,0.0,0.0,-0.11017359793186188,-0.09242545068264008,-0.02182832546532154,-0.1927318125963211,-0.24011816084384918,-0.04109659418463707,-0.2395237237215042,-0.37354576587677,-0.06609394401311874,-0.23691187798976898,-0.49359914660453796,-0.0875178873538971,-0.1305193156003952,-0.4923579692840576,0.007358966860920191,-0.16356278955936432,-0.6698823571205139,-0.04949170723557472,-0.1967417448759079,-0.6363561153411865,-0.09801576286554337,-0.21461552381515503,-0.5589351654052734,-0.12249966710805893,-0.07350542396306992,-0.5298938751220703,-0.0083706583827734,-0.09839509427547455,-0.7532158493995667,-0.033733874559402466,-0.1255555897951126,-0.8819699883460999,-0.05993568152189255,-0.1513558179140091,-0.9909361004829407,-0.0789235383272171,-0.006977668963372707,-0.5119426846504211,-0.03491795063018799,-0.01940523087978363,-0.7335555553436279,-0.06370262056589127,-0.03288521245121956,-0.874333918094635,-0.0842621847987175,-0.04975000396370888,-1.0,-0.09846539795398712,0.06303216516971588,-0.4468323290348053,-0.06467565149068832,0.094994455575943,-0.605873167514801,-0.08870504796504974,0.11473724246025085,-0.713202714920044,-0.09473010152578354,0.12957246601581573,-0.8174624443054199,-0.09753796458244324
F,F_session_002,195,0.0,0.0,0.0,-0.10955308377742767,-0.09492605924606323,-0.02097715064883232,-0.1916237622499466,-0.24174687266349792,-0.03975745663046837,-0.2372240573167801,-0.3733210861682892,-0.06429530680179596,-0.23751746118068695,-0.49721354246139526,-0.08546364307403564,-0.13016150891780853,-0.49285149574279785,0.007764473557472229,-0.16145361959934235,-0.6693696975708008,-0.04966634139418602,-0.19501052796840668,-0.6389712691307068,-0.09889145940542221,-0.21395641565322876,-0.5627166628837585,-0.12362935394048691,-0.0733996108174324,-0.5305028557777405,-0.00844532996416092,-0.09583636373281479,-0.7563143372535706,-0.03444746509194374,-0.12340261787176132,-0.8866819143295288,-0.06154771149158478,-0.15020065009593964,-0.9956279993057251,-0.08110139518976212,-0.006970362737774849,-0.5125882029533386,-0.0353553406894207,-0.017520658671855927,-0.7348169088363647,-0.06450842320919037,-0.030556857585906982,-0.8752962946891785,-0.08509732782840729,-0.04690695181488991,-1.0,-0.0991528183221817,0.06295554339885712,-0.44710874557495117,-0.06537963449954987,0.09524934738874435,-0.6088454127311707,-0.0893152579665184,0.11558672040700912,-0.7170460820198059,-0.09475652128458023,0.13099277019500732,-0.8215528726577759,-0.09708815068006516
F,F_session_002,196,0.0,0.0,0.0,-0.10663924366235733,-0.09902578592300415,-0.021602733060717583,-0.18745362758636475,-0.24514642357826233,-0.04134715721011162,-0.2339472770690918,-0.3743928074836731,-0.06656927615404129,-0.2380044162273407,-0.4992567002773285,-0.08870657533407211,-0.12632255256175995,-0.49379754066467285,0.004089051857590675,-0.15970385074615479,-0.6684789657592773,-0.053509727120399475,-0.19424493610858917,-0.6360409259796143,-0.10265451669692993,-0.21366891264915466,-0.557614803314209,-0.12765845656394958,-0.06984096765518188,-0.528448224067688,-0.012132800184190273,-0.09363803267478943,-0.7519398927688599,-0.039204034954309464,-0.12192853540182114,-0.8812065720558167,-0.06739922612905502,-0.14933817088603973,-0.9885890483856201,-0.08806022256612778,-0.003955203574150801,-0.5086013674736023,-0.03881313279271126,-0.015844041481614113,-0.7311592102050781,-0.06914681941270828,-0.029803866520524025,-0.8737003803253174,-0.09167856723070145,-0.04666545242071152,-1.0,-0.10746381431818008,0.06503886729478836,-0.44156715273857117,-0.06838790327310562,0.09675171226263046,-0.6026642322540283,-0.09360401332378387,0.11649433523416519,-0.7117549777030945,-0.10064328461885452,0.13128934800624847,-0.8165867328643799,-0.10446874797344208
F,F_session_002,197,0.0,0.0,0.0,-0.10553974658250809,-0.10267029702663422,-0.02055492252111435,-0.18506203591823578,-0.24877844750881195,-0.040268126875162125,-0.2295486330986023,-0.3732907474040985,-0.06544888764619827,-0.23787561058998108,-0.4973583519458771,-0.08791521936655045,-0.11834190040826797,-0.49910295009613037,0.0022808294743299484,-0.1548161506652832,-0.665101170539856,-0.05458367243409157,-0.19280162453651428,-0.6303180456161499,-0.10352818667888641,-0.21519678831100464,-0.5523732900619507,-0.12884153425693512,-0.06319653987884521,-0.5329034328460693,-0.014834160916507244,-0.08742599189281464,-0.7531231641769409,-0.04204631969332695,-0.11767972260713577,-0.8805848956108093,-0.07011249661445618,-0.14670205116271973,-0.9867324829101562,-0.09068240970373154,0.0010296122636646032,-0.511791467666626,-0.0419907383620739,-0.00971695315092802,-0.7322887778282166,-0.07188251614570618,-0.02425374649465084,-0.8738650679588318,-0.09383117407560349,-0.041442323476076126,-1.0,-0.10945378243923187,0.06784117221832275,-0.4418090283870697,-0.0720043033361435,0.10069619119167328,-0.5995770692825317,-0.0968233048915863,0.11903277039527893,-0.7092124819755554,-0.10339558869600296,0.13152679800987244,-0.8146196603775024,-0.10705631226301193
F,F_session_002,198,0.0,0.0,0.0,-0.10644874721765518,-0.1043165773153305,-0.023671738803386688,-0.1860910952091217,-0.2506803572177887,-0.04452143609523773,-0.23186571896076202,-0.37298163771629333,-0.07025294005870819,-0.243534654378891,-0.4977886378765106,-0.0934302881360054,-0.11135604977607727,-0.5041588544845581,-0.0008064364083111286,-0.15012840926647186,-0.6641783714294434,-0.058116164058446884,-0.1919938325881958,-0.6218584775924683,-0.10776670277118683,-0.21792176365852356,-0.5383124947547913,-0.13377422094345093,-0.05515068769454956,-0.5361345410346985,-0.017373181879520416,-0.07733913511037827,-0.7569504976272583,-0.04667779058218002,-0.1117338165640831,-0.883188009262085,-0.07722458988428116,-0.14503489434719086,-0.9890674352645874,-0.09959948807954788,0.00785713829100132,-0.5111680626869202,-0.044000815600156784,2.7805072022601962e-05,-0.7335934638977051,-0.07568807154893875,-0.016191372647881508,-0.8736706376075745,-0.09930495917797089,-0.03483668714761734,-1.0,-0.1160794273018837,0.07218579947948456,-0.4368295669555664,-0.07361086457967758,0.10537738353013992,-0.5944175720214844,-0.10036754608154297,0.12208209931850433,-0.7060819864273071,-0.10798342525959015,0.13243305683135986,-0.8152706623077393,-0.11235284060239792
F,F_session_002,199,0.0,0.0,0.0,-0.10652368515729904,-0.10988563299179077,-0.02176075056195259,-0.18511727452278137,-0.25618502497673035,-0.04168928787112236,-0.22950796782970428,-0.3747783601284027,-0.06645259261131287,-0.2442018687725067,-0.4961026906967163,-0.08898144960403442,-0.10363789647817612,-0.506923496723175,0.0009072807151824236,-0.14573639631271362,-0.6594550609588623,-0.056443776935338974,-0.18993961811065674,-0.6172722578048706,-0.10769923031330109,-0.21647588908672333,-0.5362853407859802,-0.1347828060388565,-0.04823987931013107,-0.5395058989524841,-0.01633325032889843,-0.06931046396493912,-0.7607481479644775,-0.047156114131212234,-0.10558630526065826,-0.887212872505188,-0.07878821343183517,-0.13943548500537872,-0.9888794422149658,-0.10122355818748474,0.012246201746165752,-0.5144965648651123,-0.04326218366622925,0.007549544796347618,-0.7373250126838684,-0.07321789860725403,-0.007891018874943256,-0.8765508532524109,-0.09463511407375336,-0.024268580600619316,-1.0,-0.1092485710978508,0.07225938141345978,-0.4387507140636444,-0.07336253672838211,0.09668061882257462,-0.6011016964912415,-0.09642286598682404,0.10414886474609375,-0.7142957448959351,-0.10077433288097382,0.10631172358989716,-0.8234617710113525,-0.10255786776542664
F,F_session_002,200,0.0,0.0,0.0,-0.10719824582338333,-0.11471984535455704,-0.02198512852191925,-0.1815142035484314,-0.2666662931442261,-0.04205331951379776,-0.2277742326259613,-0.3821929693222046,-0.06704109907150269,-0.2415429651737213,-0.5020627975463867,-0.08992326259613037,-0.09240051358938217,-0.5187793374061584,0.005309598986059427,-0.13931356370449066,-0.6695156693458557,-0.0533938966691494,-0.1854396015405655,-0.6206008195877075,-0.10842619836330414,-0.21303194761276245,-0.537875771522522,-0.13847731053829193,-0.04072616249322891,-0.5448275208473206,-0.011802948080003262,-0.061267416924238205,-0.7674004435539246,-0.04535917937755585,-0.09768545627593994,-0.8901923894882202,-0.08043591678142548,-0.13139402866363525,-0.9909288287162781,-0.10479812324047089,0.01399763859808445,-0.5150333642959595,-0.03899777680635452,0.009648319333791733,-0.7336253523826599,-0.06860407441854477,-0.008008084259927273,-0.8742557168006897,-0.09112872183322906,-0.026979757472872734,-1.0,-0.10612837225198746,0.06435633450746536,-0.43555182218551636,-0.06971610337495804,0.06973696500062943,-0.5977956056594849,-0.08935843408107758,0.062221527099609375,-0.7083889245986938,-0.09187649935483932,0.05081823095679283,-0.8136608600616455,-0.09299659729003906
F,F_session_002,201,0.0,0.0,0.0,-0.1043430045247078,-0.1161867305636406,-0.022718168795108795,-0.17780718207359314,-0.2708353102207184,-0.04540020599961281,-0.22373563051223755,-0.3860456645488739,-0.07347121089696884,-0.23697511851787567,-0.5070327520370483,-0.09901696443557739,-0.08325627446174622,-0.5264824628829956,0.0029198036063462496,-0.12637123465538025,-0.6806553602218628,-0.058032650500535965,-0.1775209754705429,-0.6283808350563049,-0.1146710216999054,-0.21003417670726776,-0.5485343933105469,-0.1459953486919403,-0.035220302641391754,-0.5486922264099121,-0.014656202867627144,-0.0578145794570446,-0.7630409002304077,-0.04796155169606209,-0.09506357461214066,-0.8863434195518494,-0.08201345801353455,-0.12804549932479858,-0.9923574328422546,-0.10693366825580597,0.016278088092803955,-0.5157407522201538,-0.04285657778382301,0.009810988791286945,-0.7305001020431519,-0.07224307954311371,-0.007952865213155746,-0.8722526431083679,-0.09318964183330536,-0.025929301977157593,-1.0,-0.10771705955266953,0.06312374770641327,-0.43481653928756714,-0.07497355341911316,0.05921342596411705,-0.602543294429779,-0.09628092497587204,0.04500469192862511,-0.7184333801269531,-0.0998331755399704,0.027854302898049355,-0.8291003108024597,-0.10170519351959229
F,F_session_002,202,0.0,0.0,0.0,-0.10357847809791565,-0.11293116211891174,-0.02352343499660492,-0.175249844789505,-0.26925334334373474,-0.04663504287600517,-0.22051969170570374,-0.38552114367485046,-0.07522846758365631,-0.23625433444976807,-0.5049948692321777,-0.10140296071767807,-0.0817195251584053,-0.5259830355644226,0.0017726848600432277,-0.12372136861085892,-0.6829438805580139,-0.06024814769625664,-0.173418790102005,-0.6329652070999146,-0.11775149405002594,-0.2043159306049347,-0.5530276894569397,-0.14955154061317444,-0.034768033772706985,-0.5473191142082214,-0.01575891487300396,-0.05608633905649185,-0.7624721527099609,-0.0498306080698967,-0.09370177239179611,-0.8860662579536438,-0.08493296056985855,-0.1270293891429901,-0.9917395114898682,-0.11066439747810364,0.016449443995952606,-0.5134557485580444,-0.04392628371715546,0.009151079691946507,-0.7313041090965271,-0.07346633821725845,-0.009057912044227123,-0.8728187680244446,-0.09538385272026062,-0.027083855122327805,-1.0,-0.11088140308856964,0.06319276243448257,-0.4312502443790436,-0.07610127329826355,0.05771077424287796,-0.6000186204910278,-0.09759588539600372,0.04227457195520401,-0.7157560586929321,-0.10190238058567047,0.02435629442334175,-0.8266190886497498,-0.10448535531759262
F,F_session_002,203,0.0,0.0,0.0,-0.10228869318962097,-0.11224552243947983,-0.02514052763581276,-0.1752745658159256,-0.2676627039909363,-0.04927828907966614,-0.2212275266647339,-0.3822568356990814,-0.07859142124652863,-0.23388716578483582,-0.5017940998077393,-0.10543854534626007,-0.0814485177397728,-0.5237570405006409,-0.0015815157676115632,-0.12262153625488281,-0.6818780899047852,-0.06430868059396744,-0.17363981902599335,-0.6308064460754395,-0.1219203919172287,-0.20596814155578613,-0.551673173904419,-0.1539587378501892,-0.03421984612941742,-0.5447509288787842,-0.018524182960391045,-0.05600356310606003,-0.7592517733573914,-0.05243406817317009,-0.09230034798383713,-0.884994626045227,-0.08743103593587875,-0.12337365746498108,-0.9950545430183411,-0.11357488483190536,0.017184555530548096,-0.5103152990341187,-0.046187058091163635,0.009854162111878395,-0.7282895445823669,-0.07642810046672821,-0.007660244591534138,-0.8711491823196411,-0.09909632056951523,-0.02427113614976406,-1.0,-0.11532492935657501,0.0642198771238327,-0.42797255516052246,-0.07788997888565063,0.05795598775148392,-0.5965696573257446,-0.10064977407455444,0.04271264746785164,-0.7125181555747986,-0.10591652989387512,0.025142362341284752,-0.8231155276298523,-0.10924269258975983
F,F_session_002,204,0.0,0.0,0.0,-0.10110949724912643,-0.1100497767329216,-0.02701280266046524,-0.17421947419643402,-0.2625982165336609,-0.05191628634929657,-0.2195974588394165,-0.37631356716156006,-0.08131581544876099,-0.23341210186481476,-0.4976494014263153,-0.10770852118730545,-0.08274556696414948,-0.5214420557022095,-0.003983692731708288,-0.12452749907970428,-0.6771531105041504,-0.067795529961586,-0.17538367211818695,-0.623457133769989,-0.12511348724365234,-0.20624379813671112,-0.5426040887832642,-0.15636183321475983,-0.03397611901164055,-0.5440773367881775,-0.019996732473373413,-0.05718139186501503,-0.7594289779663086,-0.05534304678440094,-0.09277360886335373,-0.8860748410224915,-0.08903562277555466,-0.1230974793434143,-0.9973710179328918,-0.11335476487874985,0.018930872902274132,-0.5098452568054199,-0.046914469450712204,0.010483605787158012,-0.7278279662132263,-0.07807455956935883,-0.006154382135719061,-0.8701682686805725,-0.09859801083803177,-0.022105932235717773,-1.0,-0.11234989017248154,0.06740092486143112,-0.42593914270401,-0.07802112400531769,0.06048617511987686,-0.5949840545654297,-0.1003413051366806,0.04528167098760605,-0.7108458876609802,-0.10375716537237167,0.0283628161996603,-0.8207283020019531,-0.10506251454353333
F,F_session_002,205,0.0,0.0,0.0,-0.10189690440893173,-0.10708688199520111,-0.02706628292798996,-0.17598631978034973,-0.2595524787902832,-0.05059713125228882,-0.2206994742155075,-0.37566226720809937,-0.07820265740156174,-0.2367924153804779,-0.49731114506721497,-0.10268278419971466,-0.08827195316553116,-0.5187481641769409,-0.003161783330142498,-0.1302596479654312,-0.6749712824821472,-0.06521889567375183,-0.18031860888004303,-0.6208852529525757,-0.1210290864109993,-0.21059119701385498,-0.5395259857177734,-0.15134713053703308,-0.038073696196079254,-0.5442256331443787,-0.01882234774529934,-0.060848746448755264,-0.7593269944190979,-0.05308130010962486,-0.09678569436073303,-0.8837732672691345,-0.086078941822052,-0.1280948519706726,-0.9911836385726929,-0.10967680811882019,0.015654675662517548,-0.5117363333702087,-0.04532017931342125,0.00977358128875494,-0.7305984497070312,-0.07573892921209335,-0.005326205864548683,-0.8717853426933289,-0.0961705669760704,-0.020710546523332596,-1.0,-0.1097935140132904,0.06450816988945007,-0.42858368158340454,-0.07590287923812866,0.059601206332445145,-0.5967168211936951,-0.0978604406118393,0.046555932611227036,-0.7118732333183289,-0.10116403549909592,0.03147439658641815,-0.8212662935256958,-0.10238857567310333
F,F_session_002,206,0.0,0.0,0.0,-0.102409228682518,-0.10720755159854889,-0.0247814804315567,-0.17618690431118011,-0.2584875822067261,-0.04729410633444786,-0.2208276242017746,-0.37113046646118164,-0.07410383224487305,-0.23609836399555206,-0.48954981565475464,-0.09827187657356262,-0.08712102472782135,-0.5154579877853394,-0.0023827936965972185,-0.13125312328338623,-0.6673833131790161,-0.06196212396025658,-0.18201349675655365,-0.6088475584983826,-0.11649614572525024,-0.21263739466667175,-0.52604740858078,-0.14685693383216858,-0.037155114114284515,-0.5417388081550598,-0.019076619297266006,-0.06272979080677032,-0.7531524896621704,-0.051258742809295654,-0.09911911934614182,-0.8763946890830994,-0.08416630327701569,-0.1300297975540161,-0.9837567210197449,-0.1088922843337059,0.016234423965215683,-0.5095860362052917,-0.046196773648262024,0.011253767646849155,-0.7269734144210815,-0.0756920799612999,-0.0023927052970975637,-0.8702714443206787,-0.09767746180295944,-0.015906989574432373,-1.0,-0.1135232001543045,0.064552903175354,-0.42695754766464233,-0.07701656222343445,0.06071256846189499,-0.5932762026786804,-0.09935653209686279,0.04842142015695572,-0.7088155746459961,-0.10383592545986176,0.03316739946603775,-0.819018542766571,-0.10681919008493423
F,F_session_002,207,0.0,0.0,0.0,-0.10258090496063232,-0.10727348178625107,-0.02517903968691826,-0.17705285549163818,-0.2573765218257904,-0.047983575612306595,-0.2224106341600418,-0.369596928358078,-0.07518626749515533,-0.2363152652978897,-0.48875322937965393,-0.09957989305257797,-0.08761867880821228,-0.5137411952018738,-0.0013959172647446394,-0.1317734718322754,-0.6673871874809265,-0.06134116277098656,-0.1828015148639679,-0.608623206615448,-0.11629615724086761,-0.21344134211540222,-0.524857759475708,-0.14680111408233643,-0.03771485760807991,-0.5415650606155396,-0.01775953732430935,-0.06348501890897751,-0.752375066280365,-0.04965860769152641,-0.10003617405891418,-0.8755831122398376,-0.082347571849823,-0.13097931444644928,-0.9818448424339294,-0.10690408945083618,0.015859059989452362,-0.5111199617385864,-0.04475871101021767,0.011747290380299091,-0.7283811569213867,-0.07372375577688217,-0.0013077642070129514,-0.8707412481307983,-0.09469209611415863,-0.014308154582977295,-1.0,-0.10986161977052689,0.06432092934846878,-0.4292951226234436,-0.07561128586530685,0.06153685227036476,-0.5939310789108276,-0.09746801853179932,0.05049070715904236,-0.7087442278862,-0.10119106620550156,0.03651072457432747,-0.8186399936676025,-0.10356693714857101
F,F_session_002,208,0.0,0.0,0.0,-0.1034582182765007,-0.1081061139702797,-0.02331758290529251,-0.17805956304073334,-0.258157879114151,-0.044982537627220154,-0.2242378443479538,-0.3687456548213959,-0.07128570228815079,-0.23918169736862183,-0.48672908544540405,-0.09477435797452927,-0.08749203383922577,-0.5146295428276062,0.0012162349885329604,-0.1330166608095169,-0.6623090505599976,-0.0580914169549942,-0.1840001791715622,-0.6053072810173035,-0.11243128031492233,-0.21435675024986267,-0.5231084227561951,-0.14247360825538635,-0.037724729627370834,-0.5434445738792419,-0.015761999413371086,-0.06485791504383087,-0.7531518936157227,-0.04853353276848793,-0.10118426382541656,-0.8763191103935242,-0.08117204904556274,-0.13188393414020538,-0.982548713684082,-0.10511366277933121,0.015656214207410812,-0.513448178768158,-0.04324040561914444,0.012266956269741058,-0.7289091944694519,-0.07327374070882797,-0.0002582796150818467,-0.8707840442657471,-0.09426812827587128,-0.013237020000815392,-1.0,-0.10872447490692139,0.06397438794374466,-0.4315778613090515,-0.07432328909635544,0.06393519043922424,-0.5966662764549255,-0.09639859199523926,0.05313913896679878,-0.7123237252235413,-0.10008948296308517,0.038543689996004105,-0.8229909539222717,-0.10212861746549606
F,F_session_002,209,0.0,0.0,0.0,-0.10264072567224503,-0.10670661926269531,-0.023378456011414528,-0.17771579325199127,-0.2543882727622986,-0.04549334570765495,-0.22343003749847412,-0.36355847120285034,-0.07220222800970078,-0.23766274750232697,-0.4811220169067383,-0.09650104492902756,-0.08949082344770432,-0.5121389627456665,-0.00011386464029783383,-0.13750332593917847,-0.6567326188087463,-0.06062174588441849,-0.18721118569374084,-0.6009654998779297,-0.11580662429332733,-0.21653106808662415,-0.518400251865387,-0.14609017968177795,-0.038143474608659744,-0.54180908203125,-0.017673581838607788,-0.06502733379602432,-0.7539625763893127,-0.05132991820573807,-0.10104520618915558,-0.8755372166633606,-0.08474091440439224,-0.13201609253883362,-0.9785857200622559,-0.10881218314170837,0.016821587458252907,-0.5118072032928467,-0.04568713530898094,0.014105896465480328,-0.7288727760314941,-0.07650043815374374,0.0015315512428060174,-0.8706656098365784,-0.098225437104702,-0.011271695606410503,-1.0,-0.11295435577630997,0.06641263514757156,-0.4291211664676666,-0.07720166444778442,0.06704423576593399,-0.595017671585083,-0.0999298095703125,0.05757923051714897,-0.7112551331520081,-0.10377826541662216,0.044241372495889664,-0.8233280181884766,-0.10568821430206299
F,F_session_002,210,0.0,0.0,0.0,-0.10441210120916367,-0.1075744777917862,-0.023345064371824265,-0.180141419172287,-0.2555185854434967,-0.04557197540998459,-0.22620698809623718,-0.3661215305328369,-0.07249703258275986,-0.24107374250888824,-0.4838208258152008,-0.09685087949037552,-0.09209851920604706,-0.5117759704589844,0.0005353564629331231,-0.1384490728378296,-0.6592909097671509,-0.06055842712521553,-0.18737128376960754,-0.603663444519043,-0.11621347069740295,-0.21634867787361145,-0.5204733610153198,-0.14672479033470154,-0.04054202511906624,-0.541517436504364,-0.01701664738357067,-0.06797076761722565,-0.7544904947280884,-0.050724148750305176,-0.10338928550481796,-0.8771534562110901,-0.08428368717432022,-0.13392966985702515,-0.9815888404846191,-0.10866469889879227,0.01528546866029501,-0.5126882791519165,-0.04514526575803757,0.011581415310502052,-0.7301653623580933,-0.07570729404687881,0.00025914606521837413,-0.8709720373153687,-0.0970325842499733,-0.011844145134091377,-1.0,-0.11165962368249893,0.0666339248418808,-0.4315961003303528,-0.07687725126743317,0.06650906801223755,-0.5978659987449646,-0.09898730367422104,0.05714114382863045,-0.712895929813385,-0.10229215025901794,0.04386886581778526,-0.8242403268814087,-0.10400361567735672
F,F_session_002,211,0.0,0.0,0.0,-0.10236941277980804,-0.10695504397153854,-0.02357550710439682,-0.17830438911914825,-0.2533571720123291,-0.04644155874848366,-0.22463105618953705,-0.3627518117427826,-0.07392816245555878,-0.23815150558948517,-0.48109257221221924,-0.09885960072278976,-0.0897764191031456,-0.5128307342529297,-0.0012989481911063194,-0.13680653274059296,-0.6607865691184998,-0.06227739527821541,-0.18701782822608948,-0.6028279662132263,-0.11767935007810593,-0.21646225452423096,-0.5193058848381042,-0.14820341765880585,-0.03880379721522331,-0.541306734085083,-0.01892302930355072,-0.06656187027692795,-0.7538562417030334,-0.05272149294614792,-0.10287965834140778,-0.8768349289894104,-0.08631851524114609,-0.1340598613023758,-0.9827894568443298,-0.11090118438005447,0.016566703096032143,-0.5111419558525085,-0.04696233198046684,0.012013401836156845,-0.72883141040802,-0.07787184417247772,-0.00030539522413164377,-0.8702470660209656,-0.09926526993513107,-0.013075049966573715,-1.0,-0.1139778196811676,0.06754609197378159,-0.4292345643043518,-0.0785447210073471,0.06642674654722214,-0.5968061685562134,-0.10135317593812943,0.05668642744421959,-0.7130715250968933,-0.10500214248895645,0.04332214221358299,-0.8258093595504761,-0.10689020156860352
F,F_session_002,212,0.0,0.0,0.0,-0.1024286076426506,-0.10465188324451447,-0.023781005293130875,-0.17905138432979584,-0.2504897713661194,-0.046583645045757294,-0.22574616968631744,-0.35926514863967896,-0.07395109534263611,-0.24064423143863678,-0.47804349660873413,-0.09867315739393234,-0.09461309015750885,-0.5131438970565796,-0.0018960144370794296,-0.1414204239845276,-0.6619833111763,-0.06218743696808815,-0.19040189683437347,-0.6015354990959167,-0.11684570461511612,-0.21875816583633423,-0.515959620475769,-0.14692102372646332,-0.04256640002131462,-0.5424826145172119,-0.019324742257595062,-0.06959275901317596,-0.7556020617485046,-0.05321614071726799,-0.10561709105968475,-0.8773979544639587,-0.0867956206202507,-0.13726860284805298,-0.9821153283119202,-0.11123175173997879,0.013400807976722717,-0.5130500793457031,-0.04704435169696808,0.008247184567153454,-0.730769693851471,-0.07769681513309479,-0.003920700401067734,-0.8711357712745667,-0.09930606931447983,-0.01687445119023323,-1.0,-0.11418697983026505,0.06504584848880768,-0.4318512976169586,-0.07826342433691025,0.06389171630144119,-0.5993750691413879,-0.10055628418922424,0.05442811921238899,-0.7150989770889282,-0.10423101484775543,0.04138956964015961,-0.8269897699356079,-0.10620413720607758
F,F_session_002,213,0.0,0.0,0.0,-0.10258745402097702,-0.10537759959697723,-0.02388021908700466,-0.17879924178123474,-0.2517639994621277,-0.04679375886917114,-0.22503040730953217,-0.3605947494506836,-0.07418423146009445,-0.23841989040374756,-0.477997362613678,-0.09904640167951584,-0.09410107880830765,-0.5113649964332581,-0.0027269620914012194,-0.1414397954940796,-0.6603317260742188,-0.06378000974655151,-0.19053879380226135,-0.6014760136604309,-0.11896901577711105,-0.21940644085407257,-0.5167853236198425,-0.1492573618888855,-0.04256836697459221,-0.540531575679779,-0.01993587799370289,-0.07063952088356018,-0.7542942762374878,-0.054222472012043,-0.10665952414274216,-0.8764594197273254,-0.08773486316204071,-0.13822564482688904,-0.9811792373657227,-0.11198607832193375,0.013664685189723969,-0.5115141868591309,-0.04742083698511124,0.007329169195145369,-0.7295911908149719,-0.07830692827701569,-0.005472558084875345,-0.8705719709396362,-0.09951320290565491,-0.01896379329264164,-1.0,-0.11393702775239944,0.06560572236776352,-0.43094655871391296,-0.07843590527772903,0.06313876807689667,-0.5991171598434448,-0.10071126371622086,0.05355791747570038,-0.7151002287864685,-0.10397080332040787,0.04054838791489601,-0.8272112011909485,-0.10554662346839905
F,F_session_002,214,0.0,0.0,0.0,-0.10400853306055069,-0.10418607294559479,-0.02342076040804386,-0.18118947744369507,-0.24991963803768158,-0.04615464061498642,-0.22640453279018402,-0.3600633144378662,-0.07347037643194199,-0.24109284579753876,-0.47795844078063965,-0.09822790324687958,-0.09938265383243561,-0.5111860036849976,-0.002981396159157157,-0.14536522328853607,-0.6619027256965637,-0.06411375850439072,-0.19317381083965302,-0.6033337116241455,-0.11913289874792099,-0.2211254984140396,-0.5190232396125793,-0.14930549263954163,-0.047462671995162964,-0.5406779646873474,-0.020920539274811745,-0.07454553991556168,-0.7557335495948792,-0.0552980937063694,-0.10960395634174347,-0.8790197968482971,-0.08894547820091248,-0.14026036858558655,-0.9848874807357788,-0.11342623084783554,0.009154017083346844,-0.5116780400276184,-0.049126192927360535,0.0033591953106224537,-0.7304472327232361,-0.08014807105064392,-0.008567209355533123,-0.8708788752555847,-0.10166004300117493,-0.021458109840750694,-1.0,-0.11651018261909485,0.06225976347923279,-0.4311406910419464,-0.08082031458616257,0.059540823101997375,-0.5992600321769714,-0.10326878726482391,0.05011003464460373,-0.7146444320678711,-0.10667718946933746,0.037365276366472244,-0.8265958428382874,-0.10849299281835556
F,F_session_002,215,0.0,0.0,0.0,-0.10262874513864517,-0.10493840277194977,-0.024022947996854782,-0.17845116555690765,-0.24874843657016754,-0.04762623459100723,-0.22363045811653137,-0.35936012864112854,-0.07585865259170532,-0.2357129156589508,-0.4788137972354889,-0.10143787413835526,-0.09502752870321274,-0.510657548904419,-0.0024450584314763546,-0.14220134913921356,-0.6596943140029907,-0.06434602290391922,-0.19063270092010498,-0.6015492081642151,-0.12012501060962677,-0.21807657182216644,-0.5178296566009521,-0.15077830851078033,-0.0441562794148922,-0.540956437587738,-0.019998863339424133,-0.072463259100914,-0.7535897493362427,-0.05379902943968773,-0.10739993304014206,-0.8782605528831482,-0.08692961186170578,-0.13719020783901215,-0.9860343933105469,-0.11146987229585648,0.011810433119535446,-0.5116641521453857,-0.04815129190683365,0.0070711467415094376,-0.7289190292358398,-0.07931342720985413,-0.004920827224850655,-0.8699901103973389,-0.10042533278465271,-0.018119964748620987,-1.0,-0.11510536074638367,0.06400135159492493,-0.43032965064048767,-0.0799088180065155,0.0622909851372242,-0.597585141658783,-0.1029137521982193,0.05310720577836037,-0.7137948870658875,-0.1066240519285202,0.04014800861477852,-0.8265278935432434,-0.10866600275039673
F,F_session_002,216,0.0,0.0,0.0,-0.10319176316261292,-0.10415796935558319,-0.02416473627090454,-0.17927007377147675,-0.24816827476024628,-0.04761660844087601,-0.22460593283176422,-0.358187198638916,-0.07561635971069336,-0.23866771161556244,-0.4770110547542572,-0.10106433182954788,-0.09846920520067215,-0.5085925459861755,-0.003963073715567589,-0.14484505355358124,-0.6581741571426392,-0.06592530757188797,-0.1920713186264038,-0.6012654304504395,-0.12119657546281815,-0.2183629274368286,-0.517947256565094,-0.1513887345790863,-0.04590151458978653,-0.5396277904510498,-0.0216948464512825,-0.07406783103942871,-0.7542896270751953,-0.056030649691820145,-0.10832832753658295,-0.879600465297699,-0.08929537236690521,-0.13756747543811798,-0.9876609444618225,-0.11370199173688889,0.011255022138357162,-0.510566771030426,-0.04988307133316994,0.005687829107046127,-0.7295302748680115,-0.08162971585988998,-0.006396893411874771,-0.8703594207763672,-0.10333575308322906,-0.019308142364025116,-1.0,-0.11831425130367279,0.06438536942005157,-0.42914387583732605,-0.08154886960983276,0.06283111125230789,-0.5971107482910156,-0.1049894243478775,0.053664810955524445,-0.7134942412376404,-0.10900852829217911,0.040720321238040924,-0.8260765075683594,-0.111163429915905
F,F_session_002,217,0.0,0.0,0.0,-0.10413691401481628,-0.10289748013019562,-0.02459939941763878,-0.18197861313819885,-0.2466660439968109,-0.04812563583254814,-0.22707171738147736,-0.3578808903694153,-0.07589279860258102,-0.23825626075267792,-0.4776966869831085,-0.100804403424263,-0.10225789994001389,-0.5085006356239319,-0.005149837117642164,-0.14815925061702728,-0.6585310697555542,-0.06780003756284714,-0.19504892826080322,-0.6044052839279175,-0.12318072468042374,-0.2206607162952423,-0.5230191946029663,-0.15318666398525238,-0.04920101910829544,-0.5400935411453247,-0.02233327180147171,-0.07670138776302338,-0.7582123279571533,-0.05727493390440941,-0.1062338799238205,-0.8875476717948914,-0.08929844200611115,-0.129570871591568,-1.0,-0.11235364526510239,0.008644767105579376,-0.5114907622337341,-0.049966298043727875,0.0013351967791095376,-0.7292081117630005,-0.081976018846035,-0.010925001464784145,-0.8700498342514038,-0.10143240541219711,-0.023626893758773804,-0.9996458292007446,-0.11417899280786514,0.06376618891954422,-0.4307350516319275,-0.0812440738081932,0.059687137603759766,-0.5995558500289917,-0.10405891388654709,0.04947255551815033,-0.715617299079895,-0.10611710697412491,0.03607392683625221,-0.8268105387687683,-0.10637441277503967
F,F_session_002,218,0.0,0.0,0.0,-0.10103116184473038,-0.10399805009365082,-0.025156909599900246,-0.1777990311384201,-0.248317152261734,-0.04830290004611015,-0.22129099071025848,-0.360637903213501,-0.07586628198623657,-0.23219697177410126,-0.47877317667007446,-0.10046792775392532,-0.10104028880596161,-0.5053002238273621,-0.0034928638488054276,-0.14390157163143158,-0.6521990299224854,-0.06677635759115219,-0.19202421605587006,-0.5997920632362366,-0.12311212718486786,-0.2196480631828308,-0.5213451385498047,-0.15347348153591156,-0.04937877878546715,-0.5345133543014526,-0.02008899115025997,-0.0732569471001625,-0.7510889768600464,-0.05326099693775177,-0.09794298559427261,-0.8834929466247559,-0.08387789875268936,-0.11607780307531357,-1.0,-0.10623905062675476,0.0070883664302527905,-0.5069438815116882,-0.04760903865098953,-0.001793285016901791,-0.7230162620544434,-0.07787375897169113,-0.01274452731013298,-0.8621532917022705,-0.09585919976234436,-0.023909660056233406,-0.9891823530197144,-0.10767606645822525,0.06178644672036171,-0.43032190203666687,-0.07922650128602982,0.054659511893987656,-0.5986208915710449,-0.10061301290988922,0.044364288449287415,-0.7125621438026428,-0.10175782442092896,0.0319545678794384,-0.8207594156265259,-0.10139752924442291
F,F_session_002,219,0.0,0.0,0.0,-0.09838900715112686,-0.09912607818841934,-0.02379031293094158,-0.17389614880084991,-0.24500788748264313,-0.04562617093324661,-0.2158345729112625,-0.3578805923461914,-0.07161948084831238,-0.22741903364658356,-0.4720393717288971,-0.09437130391597748,-0.09797299653291702,-0.49953117966651917,-0.0031765555031597614,-0.13918223977088928,-0.6420820951461792,-0.06464093178510666,-0.18703943490982056,-0.589389979839325,-0.1191428005695343,-0.21445979177951813,-0.5140003561973572,-0.1483519822359085,-0.048412252217531204,-0.5277774930000305,-0.019879449158906937,-0.07368678599596024,-0.7434406876564026,-0.05198470503091812,-0.0970410481095314,-0.8786714673042297,-0.08093943446874619,-0.11307695508003235,-1.0,-0.10181383043527603,0.006638588383793831,-0.5003272294998169,-0.04715118184685707,-0.004134791437536478,-0.7133160829544067,-0.07626858353614807,-0.01417808048427105,-0.852037787437439,-0.09299194812774658,-0.02468862757086754,-0.97935551404953,-0.10370051860809326,0.061330534517765045,-0.4253424108028412,-0.07844489067792892,0.05273181572556496,-0.593101978302002,-0.09874387830495834,0.042363978922367096,-0.7059606313705444,-0.09895666688680649,0.03019525483250618,-0.8136258125305176,-0.09781747311353683
F,F_session_002,220,0.0,0.0,0.0,-0.09658213704824448,-0.09872470796108246,-0.023558005690574646,-0.17213207483291626,-0.24238969385623932,-0.0449913814663887,-0.21402956545352936,-0.3550821542739868,-0.0707462877035141,-0.22574415802955627,-0.4701634645462036,-0.09332337230443954,-0.10008873790502548,-0.4950293302536011,-0.0019714583177119493,-0.13818524777889252,-0.6375564932823181,-0.06244795396924019,-0.18218080699443817,-0.5893641114234924,-0.11603595316410065,-0.20723101496696472,-0.5172005295753479,-0.1448521465063095,-0.05062795802950859,-0.5232296586036682,-0.019141634926199913,-0.07299113273620605,-0.74151611328125,-0.05138469487428665,-0.09453453868627548,-0.87788325548172,-0.0812496617436409,-0.10985417664051056,-1.0,-0.10275671631097794,0.0038342212792485952,-0.49530029296875,-0.04680929705500603,-0.0075547583401203156,-0.705964982509613,-0.0765330120921135,-0.01826253905892372,-0.8418398499488831,-0.09505956619977951,-0.029382379725575447,-0.9671477675437927,-0.10710425674915314,0.057952623814344406,-0.4208860993385315,-0.07835770398378372,0.049636393785476685,-0.5856583118438721,-0.09928817301988602,0.03922535851597786,-0.6949939727783203,-0.10074535757303238,0.02699936181306839,-0.7994800806045532,-0.10064797848463058
F,F_session_002,221,0.0,0.0,0.0,-0.09628927707672119,-0.09700270742177963,-0.024797573685646057,-0.17206154763698578,-0.2380489706993103,-0.04742536321282387,-0.21415357291698456,-0.35300323367118835,-0.07425779104232788,-0.22355425357818604,-0.46875351667404175,-0.09762191772460938,-0.10531912744045258,-0.49155673384666443,-0.002259657019749284,-0.1392730474472046,-0.6363674402236938,-0.0638372004032135,-0.1799488216638565,-0.5857203006744385,-0.11809426546096802,-0.20339350402355194,-0.5128623843193054,-0.1470273733139038,-0.05586251989006996,-0.5171549916267395,-0.01879693567752838,-0.07573340088129044,-0.737373411655426,-0.05014295503497124,-0.09357789903879166,-0.8745971322059631,-0.07913528382778168,-0.10651639103889465,-1.0,-0.10032880306243896,-0.0015920312143862247,-0.48811355233192444,-0.046241383999586105,-0.013856501318514347,-0.6967058181762695,-0.07449585199356079,-0.02306034229695797,-0.831989586353302,-0.092154361307621,-0.0334177203476429,-0.9591673016548157,-0.10399286448955536,0.053334664553403854,-0.41512879729270935,-0.07790294289588928,0.04344708472490311,-0.5785221457481384,-0.09773396700620651,0.033461444079875946,-0.6861582398414612,-0.09897617995738983,0.022273682057857513,-0.7906731963157654,-0.09900708496570587
F,F_session_002,222,0.0,0.0,0.0,-0.09576248377561569,-0.09723810106515884,-0.02435384690761566,-0.17135830223560333,-0.23519739508628845,-0.04774526506662369,-0.2130991816520691,-0.3502292037010193,-0.07546012103557587,-0.22104138135910034,-0.4668262302875519,-0.09972702711820602,-0.10788699239492416,-0.4855443239212036,-0.0031227858271449804,-0.1406385749578476,-0.6335532665252686,-0.06493944674730301,-0.1789407730102539,-0.5813663005828857,-0.11886848509311676,-0.19953900575637817,-0.5057144165039062,-0.14740316569805145,-0.058005962520837784,-0.5127445459365845,-0.020052647218108177,-0.07622945308685303,-0.735649585723877,-0.051452115178108215,-0.09155169129371643,-0.874555230140686,-0.07999567687511444,-0.10193527489900589,-1.0,-0.10096096247434616,-0.0038163182325661182,-0.484622985124588,-0.047792699187994,-0.014178761281073093,-0.6929852962493896,-0.07559877634048462,-0.02197226881980896,-0.8275109529495239,-0.09249094873666763,-0.031711649149656296,-0.9533423781394958,-0.10409556329250336,0.05136757716536522,-0.4131195545196533,-0.07972826063632965,0.04193417727947235,-0.574090301990509,-0.0992157906293869,0.032615792006254196,-0.6804555058479309,-0.09978462755680084,0.021609144285321236,-0.7833679914474487,-0.09948280453681946
F,F_session_002,223,0.0,0.0,0.0,-0.09725311398506165,-0.09550021588802338,-0.024764645844697952,-0.17127834260463715,-0.23485274612903595,-0.047802459448575974,-0.2093939185142517,-0.34931015968322754,-0.07510914653539658,-0.21709686517715454,-0.46206003427505493,-0.0988137349486351,-0.11141429841518402,-0.4845719337463379,-0.0032089047599583864,-0.14213593304157257,-0.6337118148803711,-0.06485112756490707,-0.1777324676513672,-0.5800303816795349,-0.11845534294843674,-0.19689728319644928,-0.502570390701294,-0.1462685465812683,-0.06030833348631859,-0.5112747550010681,-0.019518796354532242,-0.07632201910018921,-0.7329064011573792,-0.049402352422475815,-0.09012209624052048,-0.8733851909637451,-0.0768515095114708,-0.09947600960731506,-1.0,-0.09721163660287857,-0.005991991143673658,-0.4835048317909241,-0.04677853733301163,-0.016895316541194916,-0.691169261932373,-0.07312626391649246,-0.024498118087649345,-0.8253951668739319,-0.08924859762191772,-0.03418601676821709,-0.9504333734512329,-0.10047847777605057,0.0495908297598362,-0.41404375433921814,-0.07838661968708038,0.039199989289045334,-0.5743043422698975,-0.09680233895778656,0.02972308173775673,-0.6800230741500854,-0.09685983508825302,0.018730685114860535,-0.7811753153800964,-0.09622304886579514
F,F_session_002,224,0.0,0.0,0.0,-0.09709276258945465,-0.09611500054597855,-0.024696525186300278,-0.1713787466287613,-0.2358378767967224,-0.04871296137571335,-0.2115703523159027,-0.3520278036594391,-0.07736697793006897,-0.2161041796207428,-0.46494483947753906,-0.10209864377975464,-0.11168377101421356,-0.48601624369621277,-0.0015181908383965492,-0.1406967043876648,-0.6390640139579773,-0.06504182517528534,-0.17545725405216217,-0.580956757068634,-0.12022610008716583,-0.19435104727745056,-0.4976837933063507,-0.1483004242181778,-0.061451759189367294,-0.5110263824462891,-0.016943352296948433,-0.07378282397985458,-0.7322120070457458,-0.04646781086921692,-0.08408230543136597,-0.873553454875946,-0.07273983210325241,-0.09088553488254547,-1.0,-0.0920780599117279,-0.008327185176312923,-0.48420268297195435,-0.04367518424987793,-0.021707603707909584,-0.6912431716918945,-0.06819736212491989,-0.030624371021986008,-0.8242266774177551,-0.0823812484741211,-0.04115401208400726,-0.9461248517036438,-0.09220072627067566,0.04686431959271431,-0.4171241819858551,-0.07509228587150574,0.03484572470188141,-0.5773671269416809,-0.09075658023357391,0.024638377130031586,-0.6811352372169495,-0.08929766714572906,0.013464695774018764,-0.7786493301391602,-0.08754246681928635
F,F_session_002,225,0.0,0.0,0.0,-0.09723275899887085,-0.0952751487493515,-0.026189405471086502,-0.17177453637123108,-0.23179610073566437,-0.05174298211932182,-0.2130870819091797,-0.3474732041358948,-0.08166245371103287,-0.219847172498703,-0.4611709713935852,-0.10762946307659149,-0.11678780615329742,-0.48151084780693054,-0.004966635722666979,-0.1440722942352295,-0.63753741979599,-0.06991799920797348,-0.17810991406440735,-0.5782430171966553,-0.1259046494960785,-0.19719527661800385,-0.49399814009666443,-0.15428006649017334,-0.0662650316953659,-0.5075570344924927,-0.019839197397232056,-0.07761810719966888,-0.7298521995544434,-0.04912358522415161,-0.0860927551984787,-0.8718177080154419,-0.07500199973583221,-0.0915076807141304,-1.0,-0.09428826719522476,-0.012748382054269314,-0.48063233494758606,-0.04610010236501694,-0.026621006429195404,-0.6903113722801208,-0.0702931135892868,-0.03571541979908943,-0.8236746191978455,-0.08442797511816025,-0.046524036675691605,-0.946234405040741,-0.09452270716428757,0.04349375516176224,-0.41436514258384705,-0.07714042067527771,0.02984972670674324,-0.57535320520401,-0.09342463314533234,0.018811799585819244,-0.6797662377357483,-0.09243573993444443,0.00696299085393548,-0.7787609100341797,-0.09097301959991455
F,F_session_002,226,0.0,0.0,0.0,-0.0968138724565506,-0.09445442259311676,-0.027507824823260307,-0.17160014808177948,-0.2298281043767929,-0.053753502666950226,-0.2143949568271637,-0.3457571864128113,-0.08419618010520935,-0.21538476645946503,-0.46115943789482117,-0.11050114035606384,-0.11742925643920898,-0.48112568259239197,-0.004338149446994066,-0.14621275663375854,-0.6380742192268372,-0.06994116306304932,-0.18072302639484406,-0.5755302309989929,-0.12629848718643188,-0.19844409823417664,-0.48806238174438477,-0.1548052579164505,-0.06763730198144913,-0.5084020495414734,-0.018230166286230087,-0.07958278805017471,-0.7299660444259644,-0.04783157631754875,-0.08741596341133118,-0.8714722990989685,-0.07367784529924393,-0.09108084440231323,-1.0,-0.0928095355629921,-0.014090337790548801,-0.4823554754257202,-0.043791841715574265,-0.027133284136652946,-0.6917080283164978,-0.06854769587516785,-0.03563974052667618,-0.8258755207061768,-0.08236808329820633,-0.04565836116671562,-0.9498375058174133,-0.0919979140162468,0.04187455400824547,-0.41679131984710693,-0.07422922551631927,0.02858106978237629,-0.5765575766563416,-0.09100420773029327,0.01824449561536312,-0.6807399988174438,-0.08980339765548706,0.007265573367476463,-0.7803880572319031,-0.08793073892593384
F,F_session_002,227,0.0,0.0,0.0,-0.09627535194158554,-0.09547044336795807,-0.0267244353890419,-0.170721173286438,-0.22909311950206757,-0.05318789184093475,-0.2132139801979065,-0.3439706563949585,-0.08399207890033722,-0.21376898884773254,-0.45786216855049133,-0.1109786182641983,-0.11551780998706818,-0.4806922376155853,-0.005359482951462269,-0.1439962387084961,-0.6371583342552185,-0.07156147807836533,-0.18017032742500305,-0.5776870250701904,-0.1283823847770691,-0.20017847418785095,-0.4920477271080017,-0.15701834857463837,-0.0664018988609314,-0.5067713260650635,-0.019841670989990234,-0.07838384807109833,-0.7297059893608093,-0.04975181072950363,-0.08706875890493393,-0.8714384436607361,-0.07550917565822601,-0.09184788912534714,-1.0,-0.09434276074171066,-0.013132797554135323,-0.47999662160873413,-0.04576694592833519,-0.026819340884685516,-0.6910142302513123,-0.07052761316299438,-0.03598974645137787,-0.8246574997901917,-0.08366546034812927,-0.046694908291101456,-0.9482633471488953,-0.09262306243181229,0.04283444955945015,-0.4140208959579468,-0.07652746140956879,0.02902805618941784,-0.5748027563095093,-0.09305139631032944,0.018804799765348434,-0.679201066493988,-0.09111005067825317,0.008078496903181076,-0.7792952060699463,-0.08854182809591293
F,F_session_002,228,0.0,0.0,0.0,-0.09564536064863205,-0.09772816300392151,-0.02551327832043171,-0.17055687308311462,-0.23086850345134735,-0.05210072174668312,-0.21441110968589783,-0.3461434543132782,-0.08337167650461197,-0.2107388973236084,-0.45956161618232727,-0.11102203279733658,-0.11517645418643951,-0.4813495874404907,-0.003575212089344859,-0.1432235836982727,-0.6351582407951355,-0.06876599788665771,-0.17828133702278137,-0.5785161256790161,-0.12486591935157776,-0.1972285956144333,-0.49685922265052795,-0.153501957654953,-0.06572370231151581,-0.5066487789154053,-0.01916564255952835,-0.0778263583779335,-0.7287654876708984,-0.049442507326602936,-0.08731324225664139,-0.8707296848297119,-0.07612170279026031,-0.0929371789097786,-1.0,-0.09579974412918091,-0.012167845852673054,-0.4787561893463135,-0.04605453088879585,-0.02617619000375271,-0.6883882880210876,-0.07185661792755127,-0.03664860129356384,-0.8214684724807739,-0.0865190252661705,-0.048506442457437515,-0.9444873929023743,-0.09664082527160645,0.04356054216623306,-0.41176167130470276,-0.07750554382801056,0.029504379257559776,-0.5726475715637207,-0.09498867392539978,0.018981287255883217,-0.6770629286766052,-0.09432879835367203,0.007839084602892399,-0.7777383327484131,-0.09294260293245316
F,F_session_002,229,0.0,0.0,0.0,-0.09572848677635193,-0.09670606255531311,-0.0256979838013649,-0.1706807166337967,-0.23202630877494812,-0.05183609575033188,-0.21361245214939117,-0.3494540750980377,-0.08261532336473465,-0.2079925686120987,-0.4629524350166321,-0.1100362166762352,-0.11647682636976242,-0.47950586676597595,-0.003415247891098261,-0.1446896642446518,-0.6312788128852844,-0.06707005202770233,-0.17876344919204712,-0.5785154104232788,-0.12214136868715286,-0.19696325063705444,-0.5016968250274658,-0.15058229863643646,-0.06647074222564697,-0.5062226057052612,-0.019077036529779434,-0.07790368795394897,-0.7280128598213196,-0.04871538281440735,-0.08663686364889145,-0.870536208152771,-0.0753825455904007,-0.09108743816614151,-1.0,-0.09533566981554031,-0.012375588528811932,-0.47884315252304077,-0.04599587246775627,-0.025606511160731316,-0.689441978931427,-0.07197412103414536,-0.03531564399600029,-0.8224378824234009,-0.08753664791584015,-0.04625367373228073,-0.9462249279022217,-0.09847226738929749,0.043802179396152496,-0.4123528003692627,-0.07740120589733124,0.029865531250834465,-0.5735138058662415,-0.095485158264637,0.019811635836958885,-0.6791499853134155,-0.09587561339139938,0.009104045107960701,-0.7815808057785034,-0.09553777426481247
F,F_session_002,230,0.0,0.0,0.0,-0.09367892146110535,-0.09807509183883667,-0.025669533759355545,-0.16670987010002136,-0.23496264219284058,-0.05254179611802101,-0.20984482765197754,-0.35120096802711487,-0.0841231718659401,-0.20554228127002716,-0.4621330499649048,-0.11264466494321823,-0.11008921265602112,-0.48121029138565063,-0.0056724767200648785,-0.14015193283557892,-0.6358575820922852,-0.07110282778739929,-0.1767681986093521,-0.5858801007270813,-0.12749943137168884,-0.19608962535858154,-0.5090342164039612,-0.15660086274147034,-0.06039602681994438,-0.5061771869659424,-0.021471785381436348,-0.07332848757505417,-0.7272043824195862,-0.052645809948444366,-0.0828334167599678,-0.8702225685119629,-0.08061365783214569,-0.08714316040277481,-1.0,-0.10134679824113846,-0.006201563868671656,-0.4780050218105316,-0.0482674315571785,-0.01941126398742199,-0.6899065375328064,-0.07484626770019531,-0.028474370017647743,-0.8241944313049316,-0.09057077020406723,-0.03841681778430939,-0.9482449293136597,-0.10157503932714462,0.049760207533836365,-0.4101385474205017,-0.07954303920269012,0.03678372874855995,-0.5716907978057861,-0.09765306115150452,0.026441499590873718,-0.6783507466316223,-0.09791140258312225,0.015092718414962292,-0.780498743057251,-0.09738891571760178
F,F_session_002,231,0.0,0.0,0.0,-0.09817925095558167,-0.09901106357574463,-0.024342866614460945,-0.17208175361156464,-0.2348422110080719,-0.04827175289392471,-0.2129824310541153,-0.35192176699638367,-0.0767635628581047,-0.2100505232810974,-0.4684130549430847,-0.10181480646133423,-0.11192254722118378,-0.4807182848453522,0.000688806816469878,-0.1432567536830902,-0.632473349571228,-0.06139123812317848,-0.18182507157325745,-0.5928458571434021,-0.11620001494884491,-0.20256203413009644,-0.5240731239318848,-0.1439838707447052,-0.06142549216747284,-0.5111581683158875,-0.013091212138533592,-0.07218778133392334,-0.7306749820709229,-0.04067391902208328,-0.08311784267425537,-0.8720080256462097,-0.06598412990570068,-0.0888310968875885,-1.0,-0.08432013541460037,-0.006573874037712812,-0.48991262912750244,-0.037860095500946045,-0.01571149192750454,-0.6995205283164978,-0.06020006909966469,-0.02475145272910595,-0.8310657739639282,-0.07212172448635101,-0.03522348776459694,-0.9523248672485352,-0.08015693724155426,0.049893174320459366,-0.4274154305458069,-0.06734097003936768,0.040674205869436264,-0.585066556930542,-0.08151222765445709,0.030201628804206848,-0.6881957650184631,-0.07846872508525848,0.01856059953570366,-0.7861894369125366,-0.07500521093606949
F,F_session_002,232,0.0,0.0,0.0,-0.10001132637262344,-0.10991206020116806,-0.017956366762518883,-0.17115381360054016,-0.25096258521080017,-0.03870874270796776,-0.2105361372232437,-0.36781302094459534,-0.0656067281961441,-0.19822312891483307,-0.47197675704956055,-0.08982884138822556,-0.1073303073644638,-0.4897474944591522,0.010385938920080662,-0.13798515498638153,-0.6359913945198059,-0.049748364835977554,-0.17570200562477112,-0.6015893816947937,-0.10372640192508698,-0.19556832313537598,-0.5364250540733337,-0.13112640380859375,-0.056968413293361664,-0.5191771984100342,-0.006876538973301649,-0.06492479890584946,-0.7375136017799377,-0.03268462419509888,-0.07594966888427734,-0.8768619298934937,-0.0571085587143898,-0.08221793919801712,-1.0,-0.07462715357542038,-0.0019874528516083956,-0.49676257371902466,-0.03499680012464523,-0.006408905144780874,-0.7054460644721985,-0.05654950067400932,-0.012660377658903599,-0.8368884325027466,-0.0677793100476265,-0.0207922775298357,-0.9570083022117615,-0.07507991045713425,0.05248851701617241,-0.4322721064090729,-0.06745270639657974,0.04669637605547905,-0.5888859033584595,-0.08077532052993774,0.038974858820438385,-0.6916432976722717,-0.0767996609210968,0.030050134286284447,-0.7904469966888428,-0.0727032944560051
F,F_session_002,233,0.0,0.0,0.0,-0.0998709425330162,-0.11576906591653824,-0.01588202640414238,-0.16875171661376953,-0.26133692264556885,-0.036300282925367355,-0.20480868220329285,-0.37689530849456787,-0.06344154477119446,-0.1892387419939041,-0.4732375144958496,-0.08820316940546036,-0.09911811351776123,-0.4937528967857361,0.007995670661330223,-0.12717074155807495,-0.6447402834892273,-0.052656400948762894,-0.16533517837524414,-0.6013167500495911,-0.10623055696487427,-0.18691381812095642,-0.5281844735145569,-0.13316679000854492,-0.04650885611772537,-0.5173295736312866,-0.011009677313268185,-0.05200139805674553,-0.7377213835716248,-0.03756672516465187,-0.06219081953167915,-0.8768157958984375,-0.06230387091636658,-0.068232461810112,-1.0,-0.08001428097486496,0.009523903951048851,-0.48846718668937683,-0.04047126695513725,0.008460648357868195,-0.6994238495826721,-0.06318585574626923,0.004225199110805988,-0.8351960182189941,-0.0754430964589119,-0.0028376046102494,-0.9587752819061279,-0.08320268243551254,0.06417272984981537,-0.41801029443740845,-0.07380841672420502,0.06279062479734421,-0.578613817691803,-0.0882684737443924,0.05646087974309921,-0.6856339573860168,-0.0848025530576706,0.04738999158143997,-0.7874571681022644,-0.08092910796403885
F,F_session_002,234,0.0,0.0,0.0,-0.097281813621521,-0.11582783609628677,-0.018383460119366646,-0.16700085997581482,-0.26339757442474365,-0.03969574719667435,-0.2048920840024948,-0.38554108142852783,-0.06725524365901947,-0.18429653346538544,-0.48864561319351196,-0.09186048805713654,-0.09634176641702652,-0.4939829707145691,0.009195557795464993,-0.12251388281583786,-0.6484479904174805,-0.05145688354969025,-0.1589083969593048,-0.6119570732116699,-0.10446471720933914,-0.17924220860004425,-0.5444721579551697,-0.13119252026081085,-0.042953986674547195,-0.5210555791854858,-0.008476108312606812,-0.048200465738773346,-0.7392022013664246,-0.035350847989320755,-0.05882365256547928,-0.8785216808319092,-0.05949888005852699,-0.06562967598438263,-1.0,-0.07673626393079758,0.01280241273343563,-0.49487921595573425,-0.037230007350444794,0.014425519853830338,-0.701896607875824,-0.06005563214421272,0.012397781014442444,-0.8388809561729431,-0.07222442328929901,0.007522232364863157,-0.9628071784973145,-0.08007463812828064,0.06572803854942322,-0.4260632395744324,-0.07022423297166824,0.06605280935764313,-0.5838871598243713,-0.08451742678880692,0.06169344484806061,-0.6892421841621399,-0.08163096010684967,0.054809022694826126,-0.7885597348213196,-0.07847897708415985
F,F_session_002,235,0.0,0.0,0.0,-0.09623934328556061,-0.12047713994979858,-0.02001138962805271,-0.1634003221988678,-0.2697976231575012,-0.04191192239522934,-0.20047339797019958,-0.3926987946033478,-0.0699000358581543,-0.17581966519355774,-0.4921189546585083,-0.09459274262189865,-0.09106232225894928,-0.4921436309814453,0.008562647737562656,-0.11354860663414001,-0.6534180045127869,-0.05401742458343506,-0.14839868247509003,-0.6115940809249878,-0.10838548094034195,-0.16759943962097168,-0.5353482365608215,-0.13579213619232178,-0.036298755556344986,-0.5173487663269043,-0.007980935275554657,-0.041418395936489105,-0.737432599067688,-0.03706929087638855,-0.050846073776483536,-0.8781485557556152,-0.0630607083439827,-0.05604429915547371,-1.0,-0.08126961439847946,0.021568868309259415,-0.4879264235496521,-0.03574684262275696,0.02958550862967968,-0.6899307370185852,-0.06034788861870766,0.030399855226278305,-0.826280415058136,-0.0727025717496872,0.027187058702111244,-0.9498849511146545,-0.08005240559577942,0.07568201422691345,-0.41518089175224304,-0.06780490279197693,0.08065325766801834,-0.5717734694480896,-0.08267629891633987,0.07673010230064392,-0.6759985685348511,-0.07881684601306915,0.06913068890571594,-0.774320662021637,-0.07466801255941391
F,F_session_002,236,0.0,0.0,0.0,-0.09058836102485657,-0.11510805040597916,-0.025153271853923798,-0.15819750726222992,-0.25656694173812866,-0.04951227828860283,-0.19701729714870453,-0.38018250465393066,-0.07844395190477371,-0.17891418933868408,-0.48934832215309143,-0.10409101098775864,-0.08812461048364639,-0.48865756392478943,0.0021256129257380962,-0.11803169548511505,-0.6417818665504456,-0.059395238757133484,-0.14961646497249603,-0.6076377630233765,-0.11237040162086487,-0.16293585300445557,-0.5427455306053162,-0.14026376605033875,-0.030453506857156754,-0.518143355846405,-0.013874826952815056,-0.04289189353585243,-0.7395886182785034,-0.04777701571583748,-0.05231480672955513,-0.8787155747413635,-0.0776173323392868,-0.05615750700235367,-1.0,-0.09845937788486481,0.029483959078788757,-0.4883486032485962,-0.040971625596284866,0.04477281868457794,-0.6872743368148804,-0.07274577021598816,0.0536213181912899,-0.8193619251251221,-0.08933180570602417,0.05711022764444351,-0.9417136907577515,-0.09893057495355606,0.08364748954772949,-0.4107121229171753,-0.07188495993614197,0.0979422926902771,-0.5663885474205017,-0.09085311740636826,0.10467278212308884,-0.6676402688026428,-0.08855681866407394,0.10660766810178757,-0.7648390531539917,-0.08588903397321701
F,F_session_002,237,0.0,0.0,0.0,-0.09474727511405945,-0.11499805748462677,-0.026380272582173347,-0.16461841762065887,-0.25626543164253235,-0.05100734531879425,-0.20316964387893677,-0.3809771239757538,-0.07971213757991791,-0.18387168645858765,-0.49318915605545044,-0.10491972416639328,-0.08975117653608322,-0.49134576320648193,-0.001031004125252366,-0.1154739111661911,-0.6464316844940186,-0.06388846784830093,-0.1458292007446289,-0.6098800301551819,-0.11745761334896088,-0.160315603017807,-0.5415524840354919,-0.14586666226387024,-0.029975494369864464,-0.5238180160522461,-0.017336400225758553,-0.04617190361022949,-0.7439274191856384,-0.05292249843478203,-0.06044235825538635,-0.8804997801780701,-0.0846296027302742,-0.07137389481067657,-1.0,-0.1066804900765419,0.032801803201436996,-0.4946436882019043,-0.0446600615978241,0.05324598774313927,-0.7018837332725525,-0.08035975694656372,0.06466427445411682,-0.8344895243644714,-0.10032349824905396,0.06901383399963379,-0.9593186974525452,-0.11208037286996841,0.08889312297105789,-0.41367587447166443,-0.07525477558374405,0.11518426239490509,-0.5643631815910339,-0.09951791167259216,0.12937787175178528,-0.6651822924613953,-0.10043124109506607,0.13722096383571625,-0.7655420303344727,-0.0994051992893219
F,F_session_002,238,0.0,0.0,0.0,-0.0948932021856308,-0.1131739541888237,-0.02549479342997074,-0.16683176159858704,-0.2514588534832001,-0.04926947131752968,-0.20509473979473114,-0.3774820566177368,-0.07677777111530304,-0.19080603122711182,-0.49617767333984375,-0.10075058043003082,-0.09396616369485855,-0.4875008165836334,-0.001776503981091082,-0.11844117939472198,-0.6460740566253662,-0.06307609379291534,-0.14743489027023315,-0.6205864548683167,-0.11534754931926727,-0.16283267736434937,-0.5605267882347107,-0.14303606748580933,-0.03338872268795967,-0.5220295786857605,-0.018043125048279762,-0.049648359417915344,-0.7454214096069336,-0.052880335599184036,-0.0643809586763382,-0.8817952871322632,-0.08385516703128815,-0.07558134198188782,-1.0,-0.10515914112329483,0.029459645971655846,-0.494346559047699,-0.04491671919822693,0.04983261972665787,-0.7023321390151978,-0.08014222979545593,0.06314188987016678,-0.8333216905593872,-0.09946420788764954,0.07050448656082153,-0.9549722671508789,-0.11057993769645691,0.08625023066997528,-0.4149409830570221,-0.0749514028429985,0.11157061904668808,-0.5658961534500122,-0.09906021505594254,0.1262211799621582,-0.6648787260055542,-0.09957192093133926,0.13529229164123535,-0.7623680233955383,-0.09801718592643738
F,F_session_002,239,0.0,0.0,0.0,-0.09530410170555115,-0.11260637640953064,-0.023824945092201233,-0.16636279225349426,-0.2493988275527954,-0.04624089226126671,-0.20462848246097565,-0.3698124885559082,-0.07250481843948364,-0.1962655633687973,-0.483658105134964,-0.0952984169125557,-0.087748222053051,-0.49241241812705994,-0.0007498644990846515,-0.1167629063129425,-0.6494953632354736,-0.061301834881305695,-0.15235677361488342,-0.6143821477890015,-0.11365111917257309,-0.17218534648418427,-0.5435277819633484,-0.14105167984962463,-0.02949339523911476,-0.5239235758781433,-0.016821756958961487,-0.0446401908993721,-0.7464584708213806,-0.05071328207850456,-0.05944176763296127,-0.8826860785484314,-0.08130981773138046,-0.06973306834697723,-1.0,-0.10236884653568268,0.03116757795214653,-0.49462926387786865,-0.04326721280813217,0.05031108483672142,-0.7024611234664917,-0.07647990435361862,0.06154460087418556,-0.835693895816803,-0.09544813632965088,0.06783399730920792,-0.958280086517334,-0.10659246891736984,0.08654236793518066,-0.41296520829200745,-0.07286731153726578,0.11145484447479248,-0.5636847019195557,-0.09456953406333923,0.12501701712608337,-0.664363443851471,-0.0939875990152359,0.13337567448616028,-0.7621750831604004,-0.09187320619821548
F,F_session_002,240,0.0,0.0,0.0,-0.09444034099578857,-0.1147143766283989,-0.024513673037290573,-0.16495229303836823,-0.25113946199417114,-0.04757489264011383,-0.20447427034378052,-0.37117618322372437,-0.07430896908044815,-0.19789911806583405,-0.4864630699157715,-0.0978008583188057,-0.08457037061452866,-0.49340277910232544,-0.0021644148509949446,-0.11400068551301956,-0.6505208015441895,-0.06289279460906982,-0.15285220742225647,-0.6208654642105103,-0.11576450616121292,-0.17622904479503632,-0.5547066926956177,-0.14393866062164307,-0.026855872943997383,-0.5242491364479065,-0.01818147301673889,-0.04258989915251732,-0.7464767098426819,-0.05340166389942169,-0.05937451869249344,-0.883240282535553,-0.08504083007574081,-0.07120820134878159,-1.0,-0.10683991014957428,0.033352553844451904,-0.49403372406959534,-0.04443800449371338,0.05010656267404556,-0.7019937634468079,-0.07850213348865509,0.059930335730314255,-0.8364598155021667,-0.09795402735471725,0.06588733941316605,-0.9593662023544312,-0.10957327485084534,0.08784403651952744,-0.4113185405731201,-0.07387415319681168,0.10969053208827972,-0.5616264343261719,-0.09632193297147751,0.12209301441907883,-0.6628771424293518,-0.09618762880563736,0.13026010990142822,-0.7610958814620972,-0.09446079283952713
F,F_session_002,241,0.0,0.0,0.0,-0.09513580799102783,-0.11487527191638947,-0.024536095559597015,-0.166946142911911,-0.2527945637702942,-0.048005566000938416,-0.2070620059967041,-0.37104013562202454,-0.07516486942768097,-0.20167176425457,-0.4872753918170929,-0.09890644252300262,-0.08478545397520065,-0.4948071837425232,-0.003249026834964752,-0.11570563912391663,-0.6505569219589233,-0.06506187468767166,-0.15596573054790497,-0.6156923770904541,-0.11872436106204987,-0.18005827069282532,-0.5450249910354614,-0.147134467959404,-0.027799947187304497,-0.5245669484138489,-0.019374720752239227,-0.044017817825078964,-0.7459888458251953,-0.05474767088890076,-0.06130033731460571,-0.8825213313102722,-0.08619662374258041,-0.07363852113485336,-1.0,-0.10799741744995117,0.031896647065877914,-0.49390554428100586,-0.045801788568496704,0.04847985878586769,-0.7016156911849976,-0.07889274507761002,0.05810083448886871,-0.83635413646698,-0.09729483723640442,0.06399304419755936,-0.9598787426948547,-0.10847306251525879,0.08612837642431259,-0.41142407059669495,-0.07558184862136841,0.10754992067813873,-0.5636417269706726,-0.09695637226104736,0.11948805302381516,-0.6670387983322144,-0.09601517766714096,0.12742823362350464,-0.7672049403190613,-0.09382426738739014
F,F_session_002,242,0.0,0.0,0.0,-0.09469228982925415,-0.11893101781606674,-0.022285770624876022,-0.164394810795784,-0.2579192519187927,-0.04413803666830063,-0.2040792554616928,-0.3706642985343933,-0.07011939585208893,-0.205165833234787,-0.48326367139816284,-0.09299369156360626,-0.08005274087190628,-0.49593251943588257,-0.000758981448598206,-0.11430837959051132,-0.6456063985824585,-0.062475260347127914,-0.15517738461494446,-0.610090434551239,-0.11629967391490936,-0.17991624772548676,-0.5402379035949707,-0.1446695625782013,-0.024319080635905266,-0.5237882137298584,-0.01797749474644661,-0.04222875088453293,-0.7438205480575562,-0.05412484332919121,-0.060452427715063095,-0.8809045553207397,-0.0865648165345192,-0.07410450279712677,-1.0,-0.10880399495363235,0.034209057688713074,-0.49201807379722595,-0.04533688351511955,0.050720565021038055,-0.6973759531974792,-0.0795619785785675,0.059604138135910034,-0.8333576917648315,-0.09916389733552933,0.06409426778554916,-0.9587310552597046,-0.11068906635046005,0.08718220144510269,-0.4080360233783722,-0.07574965059757233,0.10971599817276001,-0.559519350528717,-0.09731040149927139,0.12120456993579865,-0.6637569069862366,-0.09662985056638718,0.12729978561401367,-0.7644358277320862,-0.09459914267063141
F,F_session_002,243,0.0,0.0,0.0,-0.09456631541252136,-0.12012197822332382,-0.021695103496313095,-0.16408544778823853,-0.2588394284248352,-0.04320938140153885,-0.2023574709892273,-0.3723348081111908,-0.06878401339054108,-0.20392440259456635,-0.4872133731842041,-0.09137454628944397,-0.0792519822716713,-0.49529194831848145,-0.0012514820555225015,-0.11432243138551712,-0.6437431573867798,-0.06208266690373421,-0.15663067996501923,-0.6102303862571716,-0.11548017710447311,-0.1826208233833313,-0.5418922901153564,-0.1437935084104538,-0.02304057776927948,-0.5245463252067566,-0.018484575673937798,-0.039879947900772095,-0.7446792721748352,-0.053816888481378555,-0.05703585967421532,-0.8820001482963562,-0.08554279804229736,-0.069171242415905,-1.0,-0.10743129253387451,0.03532857447862625,-0.4935460388660431,-0.04568011313676834,0.053412046283483505,-0.6975423097610474,-0.07887504994869232,0.06275233626365662,-0.8323038816452026,-0.09809570759534836,0.06791268289089203,-0.9547328948974609,-0.1096290722489357,0.08832523971796036,-0.40968966484069824,-0.07593075931072235,0.11164731532335281,-0.5598172545433044,-0.09716557711362839,0.1226995587348938,-0.6639682650566101,-0.09647997468709946,0.12833184003829956,-0.7637519240379333,-0.09448816627264023
F,F_session_002,244,0.0,0.0,0.0,-0.09485026448965073,-0.11824832856655121,-0.02182181552052498,-0.1640920490026474,-0.2570473551750183,-0.04323222488164902,-0.20193283259868622,-0.3706742227077484,-0.06850472092628479,-0.20403452217578888,-0.4866797626018524,-0.09081635624170303,-0.07977693527936935,-0.4953385591506958,-0.002633002819493413,-0.11329744011163712,-0.6456725597381592,-0.06248776987195015,-0.15624099969863892,-0.6121837496757507,-0.1149662435054779,-0.1835414320230484,-0.5430710911750793,-0.14290417730808258,-0.02244454249739647,-0.5230775475502014,-0.019853930920362473,-0.038162972778081894,-0.7453306913375854,-0.054783549159765244,-0.055584680289030075,-0.8825311660766602,-0.08622477203607559,-0.06829792261123657,-1.0,-0.1080068051815033,0.036638349294662476,-0.490926057100296,-0.04681241512298584,0.05565142259001732,-0.6974016427993774,-0.07990129292011261,0.06487128883600235,-0.8320706486701965,-0.09909174591302872,0.06935907900333405,-0.9544792175292969,-0.11074361205101013,0.09043312072753906,-0.40569964051246643,-0.07671685516834259,0.1145961806178093,-0.5560928583145142,-0.0981341004371643,0.12618915736675262,-0.6599137783050537,-0.09728419780731201,0.13191509246826172,-0.7593004703521729,-0.09521767497062683
F,F_session_002,245,0.0,0.0,0.0,-0.09427865594625473,-0.11866145581007004,-0.02315196953713894,-0.16376423835754395,-0.2579769790172577,-0.04506594315171242,-0.20260274410247803,-0.3728286623954773,-0.07071973383426666,-0.2064884752035141,-0.49069082736968994,-0.09344757348299026,-0.07973095774650574,-0.49627330899238586,-0.0033538530115038157,-0.11305698752403259,-0.647134006023407,-0.0637064278125763,-0.15544787049293518,-0.6128738522529602,-0.11657653748989105,-0.18198071420192719,-0.5426808595657349,-0.14469563961029053,-0.021541643887758255,-0.5248975157737732,-0.020042909309267998,-0.03719351440668106,-0.7458364963531494,-0.05427026003599167,-0.055179987102746964,-0.8833252787590027,-0.08556406944990158,-0.06841643154621124,-1.0,-0.1075003370642662,0.038106050342321396,-0.49282002449035645,-0.0467216782271862,0.05681454762816429,-0.6987971067428589,-0.07951819896697998,0.0658324584364891,-0.8340777158737183,-0.0990106388926506,0.07051488757133484,-0.9565224647521973,-0.11118544638156891,0.09224704653024673,-0.407415509223938,-0.07648184150457382,0.1176796406507492,-0.5550751686096191,-0.09844374656677246,0.12992234528064728,-0.6583994626998901,-0.0983622595667839,0.1364315301179886,-0.7574328184127808,-0.09687706083059311
F,F_session_002,246,0.0,0.0,0.0,-0.09638659656047821,-0.11724324524402618,-0.022910747677087784,-0.16642645001411438,-0.2573685944080353,-0.044087186455726624,-0.20366530120372772,-0.3761957287788391,-0.06889323145151138,-0.20795713365077972,-0.4956010580062866,-0.09058351814746857,-0.08350119739770889,-0.49449047446250916,-0.003233542898669839,-0.11494264751672745,-0.6486507654190063,-0.06276655942201614,-0.15613608062267303,-0.6160140633583069,-0.1142202839255333,-0.18154571950435638,-0.5452347993850708,-0.14123013615608215,-0.024311764165759087,-0.5237532258033752,-0.019626064226031303,-0.03980975225567818,-0.7467671632766724,-0.05372525006532669,-0.05825681984424591,-0.8841577172279358,-0.08428063988685608,-0.07180041074752808,-1.0,-0.10536352545022964,0.03604751080274582,-0.4922822117805481,-0.04590395838022232,0.054393257945775986,-0.7016557455062866,-0.07889964431524277,0.06373157352209091,-0.8362712860107422,-0.09838087111711502,0.0687015950679779,-0.9577959775924683,-0.11029663681983948,0.09139563143253326,-0.4074309766292572,-0.0751209482550621,0.1182682067155838,-0.5547444820404053,-0.09743885695934296,0.13065336644649506,-0.6572614312171936,-0.09767768532037735,0.1369844675064087,-0.7558572888374329,-0.09616093337535858
F,F_session_002,247,0.0,0.0,0.0,-0.09806709736585617,-0.11471321433782578,-0.02350466698408127,-0.16997699439525604,-0.25422412157058716,-0.04487701132893562,-0.2077060341835022,-0.3733937740325928,-0.069607213139534,-0.2100156843662262,-0.49268123507499695,-0.09125760942697525,-0.0874747782945633,-0.4936704635620117,-0.004277602769434452,-0.11785240471363068,-0.6480587720870972,-0.06314141303300858,-0.15828847885131836,-0.6148828268051147,-0.11408382654190063,-0.18332721292972565,-0.5447620749473572,-0.14123524725437164,-0.02745554782450199,-0.5231435894966125,-0.020939020439982414,-0.04298470541834831,-0.7463440895080566,-0.054882001131772995,-0.06152084842324257,-0.8836169838905334,-0.08603355288505554,-0.0751657783985138,-1.0,-0.10779224336147308,0.03313571587204933,-0.4900667667388916,-0.047400061041116714,0.05075742304325104,-0.6993809342384338,-0.08121205866336823,0.060250174254179,-0.8345499038696289,-0.1022762879729271,0.06527789682149887,-0.9577824473381042,-0.11555604636669159,0.08916788548231125,-0.4035429060459137,-0.07664166390895844,0.116336390376091,-0.5474814176559448,-0.10113000869750977,0.12909774482250214,-0.6489018201828003,-0.10313497483730316,0.1358698010444641,-0.7479979991912842,-0.10289712250232697
F,F_session_002,248,0.0,0.0,0.0,-0.09888424724340439,-0.11055803298950195,-0.023842481896281242,-0.17234233021736145,-0.2506992816925049,-0.04476847127079964,-0.21053723990917206,-0.37141379714012146,-0.06873085349798203,-0.21250680088996887,-0.4916045367717743,-0.08929893374443054,-0.09188491106033325,-0.4907273054122925,-0.004435682203620672,-0.12120969593524933,-0.6480247974395752,-0.06286367774009705,-0.16018754243850708,-0.6150140166282654,-0.11314757913351059,-0.1845131665468216,-0.5442010760307312,-0.13958008587360382,-0.03148648515343666,-0.5221962332725525,-0.020570095628499985,-0.046450529247522354,-0.7466045022010803,-0.05407457798719406,-0.06501740962266922,-0.8835424184799194,-0.08438730239868164,-0.07958877086639404,-1.0,-0.10527142137289047,0.029721012338995934,-0.4909026324748993,-0.04643506184220314,0.0464957170188427,-0.6995529532432556,-0.07951199263334274,0.05506092309951782,-0.8352179527282715,-0.09920326620340347,0.05881369858980179,-0.9594088792800903,-0.11129914224147797,0.08638440072536469,-0.4060962200164795,-0.0751415491104126,0.11238867789506912,-0.5505003929138184,-0.09823627024888992,0.1251499354839325,-0.6508593559265137,-0.09857920557260513,0.13229678571224213,-0.7482683062553406,-0.09704412519931793
F,F_session_002,249,0.0,0.0,0.0,-0.09848935157060623,-0.10801383852958679,-0.022048521786928177,-0.17112460732460022,-0.2479151487350464,-0.04144011810421944,-0.20936907827854156,-0.36896583437919617,-0.06411866843700409,-0.21225714683532715,-0.48760101199150085,-0.08356744796037674,-0.09508250653743744,-0.49021244049072266,-0.0019337072735652328,-0.12495860457420349,-0.6468924283981323,-0.05923783406615257,-0.1620820015668869,-0.6148297190666199,-0.10881853103637695,-0.18467314541339874,-0.5441978573799133,-0.1347632259130478,-0.03472539782524109,-0.5231887698173523,-0.018578356131911278,-0.05025903135538101,-0.7491909265518188,-0.050556730479002,-0.0674489289522171,-0.8854973912239075,-0.07975929230451584,-0.08096335828304291,-1.0,-0.0997210144996643,0.02748332917690277,-0.49318328499794006,-0.04487917572259903,0.04396933689713478,-0.7011549472808838,-0.07695575058460236,0.05331915616989136,-0.8356426954269409,-0.0961536318063736,0.057605307549238205,-0.9581896066665649,-0.10786744952201843,0.08552632480859756,-0.40951547026634216,-0.07391506433486938,0.11285828799009323,-0.5510911345481873,-0.09618288278579712,0.1274680644273758,-0.6484573483467102,-0.09584194421768188,0.13637255132198334,-0.7430222034454346,-0.09379220753908157
F,F_session_002,250,0.0,0.0,0.0,-0.09808935970067978,-0.10852912068367004,-0.024149209260940552,-0.17070399224758148,-0.24355119466781616,-0.0455329455435276,-0.20997090637683868,-0.3654387891292572,-0.07003733515739441,-0.21207234263420105,-0.4887319505214691,-0.09128548949956894,-0.09641975909471512,-0.4896170496940613,-0.0034257567021995783,-0.12412013858556747,-0.6472752094268799,-0.06127643585205078,-0.16114148497581482,-0.6126492023468018,-0.1112164631485939,-0.18292972445487976,-0.5401039719581604,-0.13773751258850098,-0.0354437418282032,-0.5220340490341187,-0.019710687920451164,-0.051423948258161545,-0.7478317022323608,-0.05195685103535652,-0.06953836232423782,-0.8842719793319702,-0.08194582164287567,-0.08382531255483627,-1.0,-0.10302750021219254,0.027047505602240562,-0.4912281632423401,-0.045967523008584976,0.04416213184595108,-0.7004531621932983,-0.07940743863582611,0.054074712097644806,-0.8349148631095886,-0.1005101427435875,0.05854219198226929,-0.9578739404678345,-0.11395955085754395,0.08545171469449997,-0.4071156978607178,-0.07497217506170273,0.11448072642087936,-0.5460510849952698,-0.10007993876934052,0.13079890608787537,-0.6414582133293152,-0.10217704623937607,0.14116530120372772,-0.7347127199172974,-0.10191936045885086
F,F_session_002,251,0.0,0.0,0.0,-0.09861758351325989,-0.10781615972518921,-0.024620534852147102,-0.17068202793598175,-0.24200871586799622,-0.04670567065477371,-0.20899635553359985,-0.3621228337287903,-0.07199624925851822,-0.2107968032360077,-0.48491981625556946,-0.09402848035097122,-0.09905292093753815,-0.49039536714553833,-0.004115452524274588,-0.12767574191093445,-0.6486174464225769,-0.06227274239063263,-0.16311386227607727,-0.6133577227592468,-0.11223456263542175,-0.18330232799053192,-0.5412518978118896,-0.13888157904148102,-0.03766272962093353,-0.524528980255127,-0.020627612248063087,-0.05723407492041588,-0.7477958798408508,-0.052691057324409485,-0.07618308067321777,-0.8832987546920776,-0.08264388144016266,-0.09138166159391403,-1.0,-0.10396335273981094,0.025472354143857956,-0.4933258295059204,-0.04721879959106445,0.0434783510863781,-0.7008329033851624,-0.08077552169561386,0.054266881197690964,-0.8348755836486816,-0.10211757570505142,0.0589202381670475,-0.9578778147697449,-0.11597248911857605,0.08418191224336624,-0.4077862501144409,-0.07658591866493225,0.11452426761388779,-0.5458325147628784,-0.10261917859315872,0.13188983500003815,-0.6408712863922119,-0.10540381073951721,0.14312489330768585,-0.7343162298202515,-0.1056387722492218
F,F_session_002,252,0.0,0.0,0.0,-0.09911850839853287,-0.11068196594715118,-0.023727454245090485,-0.1718190759420395,-0.2445540577173233,-0.04556041210889816,-0.20958039164543152,-0.3640505373477936,-0.07047032564878464,-0.21036499738693237,-0.487034410238266,-0.09160881489515305,-0.09948819130659103,-0.49125832319259644,-0.005408198572695255,-0.12866778671741486,-0.6549804210662842,-0.0628063976764679,-0.16310179233551025,-0.6117215156555176,-0.11079021543264389,-0.1815386265516281,-0.5343825221061707,-0.1359950602054596,-0.037792351096868515,-0.5254685282707214,-0.02186909317970276,-0.06280282139778137,-0.7467398643493652,-0.0550600029528141,-0.08640244603157043,-0.8816327452659607,-0.08451837301254272,-0.106178879737854,-1.0,-0.10534554719924927,0.025902220979332924,-0.49373480677604675,-0.048057008534669876,0.04472930356860161,-0.7007227540016174,-0.08290068805217743,0.05640289932489395,-0.8356848359107971,-0.10364346951246262,0.06103913113474846,-0.9600235819816589,-0.11656326800584793,0.08492354303598404,-0.40704888105392456,-0.07662968337535858,0.11668677628040314,-0.547793984413147,-0.10258650779724121,0.1337776631116867,-0.6439253091812134,-0.10438124090433121,0.14443664252758026,-0.7388134002685547,-0.10373964160680771
F,F_session_002,253,0.0,0.0,0.0,-0.09824556112289429,-0.11137867718935013,-0.025452960282564163,-0.17043203115463257,-0.24766746163368225,-0.04801272228360176,-0.20832693576812744,-0.36922749876976013,-0.07341530174016953,-0.21078824996948242,-0.4945372939109802,-0.09473033249378204,-0.09580718725919724,-0.49906647205352783,-0.005218557547777891,-0.12475524097681046,-0.667178750038147,-0.06377540528774261,-0.15799729526042938,-0.6206094622612,-0.1129361093044281,-0.1754651963710785,-0.5422449111938477,-0.13881133496761322,-0.035926494747400284,-0.5309335589408875,-0.020795244723558426,-0.06415174156427383,-0.7488223314285278,-0.05463983491063118,-0.09024691581726074,-0.882149875164032,-0.08607125282287598,-0.11182646453380585,-1.0,-0.10866448283195496,0.026493139564990997,-0.4979400336742401,-0.04634890332818031,0.045026928186416626,-0.7072736620903015,-0.08232390880584717,0.05723872408270836,-0.8431293964385986,-0.10463213175535202,0.0629463717341423,-0.9687859416007996,-0.11886833608150482,0.08409655839204788,-0.41092801094055176,-0.07430388033390045,0.11374956369400024,-0.5541781187057495,-0.10118445008993149,0.13117480278015137,-0.6513630747795105,-0.10404793918132782,0.14304709434509277,-0.7486701011657715,-0.10438912361860275
F,F_session_002,254,0.0,0.0,0.0,-0.09825687855482101,-0.1086849570274353,-0.027020568028092384,-0.1706225425004959,-0.24498170614242554,-0.0505257248878479,-0.20972533524036407,-0.3675236403942108,-0.07677663117647171,-0.21107664704322815,-0.4924643635749817,-0.09868644922971725,-0.09809722751379013,-0.49793222546577454,-0.005644506309181452,-0.12730500102043152,-0.667449414730072,-0.06557029485702515,-0.16054977476596832,-0.621174156665802,-0.11568215489387512,-0.17801322042942047,-0.5431997179985046,-0.14204809069633484,-0.03760784864425659,-0.5312908291816711,-0.020127849653363228,-0.06688951700925827,-0.7468517422676086,-0.05468298867344856,-0.09461233764886856,-0.8798074722290039,-0.08657015115022659,-0.11875150352716446,-1.0,-0.10948044806718826,0.025696316733956337,-0.4993463158607483,-0.044851675629615784,0.044399112462997437,-0.706690788269043,-0.08089708536863327,0.056316111236810684,-0.8422298431396484,-0.10299371927976608,0.06095929443836212,-0.9693219661712646,-0.11706092208623886,0.08376240730285645,-0.41295212507247925,-0.07220083475112915,0.11292099207639694,-0.5559719204902649,-0.09893127530813217,0.12940068542957306,-0.6536561250686646,-0.10194607824087143,0.14018596708774567,-0.7530274987220764,-0.10238317400217056
F,F_session_002,255,0.0,0.0,0.0,-0.10061191767454147,-0.10751199722290039,-0.029563605785369873,-0.17600081861019135,-0.24147135019302368,-0.055072538554668427,-0.21727129817008972,-0.36777085065841675,-0.08316660672426224,-0.21697154641151428,-0.49614372849464417,-0.10654313117265701,-0.10476376861333847,-0.49602553248405457,-0.006698681972920895,-0.13334403932094574,-0.6695495247840881,-0.06817211955785751,-0.16588051617145538,-0.6238803267478943,-0.11927660554647446,-0.18282267451286316,-0.5456691980361938,-0.14614921808242798,-0.043061211705207825,-0.531613826751709,-0.020181741565465927,-0.07420529425144196,-0.7464226484298706,-0.055859584361314774,-0.10357198119163513,-0.8792159557342529,-0.08829466253519058,-0.12975706160068512,-1.0,-0.11148949712514877,0.02214629203081131,-0.5019578337669373,-0.04431726783514023,0.039826899766922,-0.7120670080184937,-0.08136553317308426,0.051417432725429535,-0.8469964861869812,-0.10302892327308655,0.055081676691770554,-0.9736229777336121,-0.1165245994925499,0.08278248459100723,-0.41754278540611267,-0.07132729887962341,0.11184712499380112,-0.5626692175865173,-0.09877948462963104,0.12861210107803345,-0.6601192355155945,-0.10173209756612778,0.13970626890659332,-0.7590746879577637,-0.10180040448904037
F,F_session_002,256,0.0,0.0,0.0,-0.09863713383674622,-0.10861444473266602,-0.02782328985631466,-0.17252285778522491,-0.24312028288841248,-0.052739690989255905,-0.21353144943714142,-0.3681262731552124,-0.08065705746412277,-0.21420030295848846,-0.4958694279193878,-0.1043509989976883,-0.10127434134483337,-0.4993208944797516,-0.0048355297185480595,-0.13090649247169495,-0.6680956482887268,-0.06685733050107956,-0.1643715649843216,-0.6238439083099365,-0.11891520768404007,-0.18216337263584137,-0.5470768809318542,-0.1462571769952774,-0.04110248014330864,-0.5341761112213135,-0.01929405890405178,-0.07338481396436691,-0.7473887205123901,-0.054244715720415115,-0.1039058268070221,-0.8806993365287781,-0.08682329952716827,-0.13074390590190887,-1.0,-0.11023708432912827,0.02370949648320675,-0.5047996640205383,-0.04442337527871132,0.0408979132771492,-0.7158570885658264,-0.0809815526008606,0.05047411099076271,-0.852356493473053,-0.10352868586778641,0.05255888029932976,-0.9786375761032104,-0.11797032505273819,0.0844234973192215,-0.42056378722190857,-0.07234618812799454,0.11459339410066605,-0.5648664236068726,-0.099884994328022,0.13151369988918304,-0.6628440618515015,-0.10382828116416931,0.1422535479068756,-0.7614123225212097,-0.10481631755828857
F,F_session_002,257,0.0,0.0,0.0,-0.09982696920633316,-0.10805933177471161,-0.02687092311680317,-0.17426826059818268,-0.24399104714393616,-0.05126885697245598,-0.21500839293003082,-0.36979371309280396,-0.07866543531417847,-0.21523137390613556,-0.4981940686702728,-0.10198896378278732,-0.10215795040130615,-0.4999585449695587,-0.0056649767793715,-0.1319902539253235,-0.6711394190788269,-0.06623741239309311,-0.1663958728313446,-0.6256681680679321,-0.11717101186513901,-0.1847616732120514,-0.5480462312698364,-0.14417169988155365,-0.04118664935231209,-0.5349079370498657,-0.020676452666521072,-0.07221367955207825,-0.7489376664161682,-0.05525313690304756,-0.10347189754247665,-0.8814642429351807,-0.087910957634449,-0.13125428557395935,-1.0,-0.11153970658779144,0.02398461103439331,-0.5051260590553284,-0.045929066836833954,0.04017859697341919,-0.7184937596321106,-0.08215653151273727,0.04896217957139015,-0.8570514917373657,-0.10513962805271149,0.050461649894714355,-0.9849197268486023,-0.12010502070188522,0.0848945751786232,-0.4207249879837036,-0.07373136281967163,0.11399874091148376,-0.5680238604545593,-0.10109865665435791,0.1305624395608902,-0.6671435236930847,-0.10500754415988922,0.14162559807300568,-0.7662163376808167,-0.10608430951833725
F,F_session_002,258,0.0,0.0,0.0,-0.0984320342540741,-0.1078287735581398,-0.028676580637693405,-0.1724848449230194,-0.24306470155715942,-0.05420266464352608,-0.2141071856021881,-0.3691892921924591,-0.08249125629663467,-0.2134026139974594,-0.4971695840358734,-0.1065424382686615,-0.1024729460477829,-0.4989376962184906,-0.006289490032941103,-0.1312706470489502,-0.669366180896759,-0.06788001209497452,-0.16526608169078827,-0.62497878074646,-0.11932558566331863,-0.1833948791027069,-0.5476253032684326,-0.14644283056259155,-0.04147870093584061,-0.5330644249916077,-0.020615601912140846,-0.07238426059484482,-0.747211754322052,-0.05597890540957451,-0.10288262367248535,-0.8803220391273499,-0.0884832814335823,-0.12981055676937103,-1.0,-0.11169704794883728,0.023429900407791138,-0.5024102926254272,-0.045540712773799896,0.03958555683493614,-0.715302586555481,-0.08246234804391861,0.048242177814245224,-0.8532442450523376,-0.10492833703756332,0.0494016632437706,-0.9814668297767639,-0.11919944733381271,0.08410985767841339,-0.4175504148006439,-0.07321275025606155,0.11241845041513443,-0.5647781491279602,-0.1008385419845581,0.12836623191833496,-0.6637478470802307,-0.10453788191080093,0.13853633403778076,-0.763091504573822,-0.10531628876924515
F,F_session_002,259,0.0,0.0,0.0,-0.09850015491247177,-0.10727338492870331,-0.028507934883236885,-0.17275170981884003,-0.24108818173408508,-0.05403705686330795,-0.21433863043785095,-0.3657442331314087,-0.08241445571184158,-0.2148265838623047,-0.4935988187789917,-0.10663603991270065,-0.1035490408539772,-0.499726265668869,-0.006653741933405399,-0.13252638280391693,-0.6698683500289917,-0.06842862814664841,-0.16595648229122162,-0.6242051124572754,-0.12021709978580475,-0.18410003185272217,-0.5458877086639404,-0.1475105583667755,-0.04230595752596855,-0.5343766808509827,-0.021041227504611015,-0.07302392274141312,-0.748855471611023,-0.05600355938076973,-0.10387739539146423,-0.8813523650169373,-0.08872945606708527,-0.13174638152122498,-1.0,-0.11226170510053635,0.023269835859537125,-0.5041294693946838,-0.04598746821284294,0.038999609649181366,-0.7187345623970032,-0.08269954472780228,0.04766485095024109,-0.8573369383811951,-0.10590646415948868,0.048936627805233,-0.9863559007644653,-0.12088841199874878,0.08454693108797073,-0.41915711760520935,-0.07363225519657135,0.11376930773258209,-0.5658083558082581,-0.10139258205890656,0.13047881424427032,-0.6643635630607605,-0.10564444959163666,0.14145633578300476,-0.7637427449226379,-0.10687915980815887
F,F_session_002,260,0.0,0.0,0.0,-0.09882118552923203,-0.1059865728020668,-0.027347223833203316,-0.1722574234008789,-0.24092772603034973,-0.05201689526438713,-0.21243412792682648,-0.36700141429901123,-0.07975435256958008,-0.21403802931308746,-0.4962497353553772,-0.10341755300760269,-0.10245125740766525,-0.4991353154182434,-0.005313002038747072,-0.1326787769794464,-0.6690208315849304,-0.06567874550819397,-0.16678495705127716,-0.6250269412994385,-0.11623387038707733,-0.1845429688692093,-0.547569990158081,-0.14286752045154572,-0.04179661348462105,-0.5339036583900452,-0.02029014378786087,-0.07342003285884857,-0.7476137280464172,-0.054054684937000275,-0.10447151958942413,-0.8806751370429993,-0.08600730448961258,-0.13183116912841797,-1.0,-0.10909608006477356,0.023299289867281914,-0.5043624043464661,-0.045685019344091415,0.03852400556206703,-0.7182608842849731,-0.08139970153570175,0.04708167538046837,-0.856414258480072,-0.10425721108913422,0.04845622554421425,-0.9848017692565918,-0.11927241832017899,0.08458134531974792,-0.420157790184021,-0.07375156879425049,0.11464395374059677,-0.5645372271537781,-0.10110753029584885,0.13211750984191895,-0.6623564958572388,-0.10541892051696777,0.14385361969470978,-0.7606064081192017,-0.10680023580789566
F,F_session_002,261,0.0,0.0,0.0,-0.09976620227098465,-0.1056375503540039,-0.02771771140396595,-0.17415599524974823,-0.24188250303268433,-0.05238616093993187,-0.21528923511505127,-0.3679978847503662,-0.08005686849355698,-0.21572142839431763,-0.4950554370880127,-0.10372931510210037,-0.10200207680463791,-0.4979322552680969,-0.0054915291257202625,-0.13065479695796967,-0.6678736805915833,-0.06736361980438232,-0.1654837429523468,-0.6250132322311401,-0.1193414181470871,-0.1840038150548935,-0.5470232367515564,-0.1465657353401184,-0.04158320650458336,-0.5313524007797241,-0.020133353769779205,-0.0715053454041481,-0.7468774318695068,-0.054177552461624146,-0.10150719434022903,-0.8809769153594971,-0.08642172813415527,-0.12723378837108612,-1.0,-0.1096380203962326,0.02347620017826557,-0.5012609362602234,-0.04539776220917702,0.039513248950242996,-0.7160372734069824,-0.08146443963050842,0.048481784760951996,-0.8547060489654541,-0.10471080988645554,0.050772327929735184,-0.9832096099853516,-0.11984633654356003,0.08475543558597565,-0.4165540337562561,-0.07339034974575043,0.1159617155790329,-0.5603375434875488,-0.10118084400892258,0.1338561624288559,-0.657997727394104,-0.10583604872226715,0.14587831497192383,-0.7565885782241821,-0.10736596584320068
F,F_session_002,262,0.0,0.0,0.0,-0.09868370741605759,-0.10663248598575592,-0.027584830299019814,-0.17169302701950073,-0.24372661113739014,-0.05210031569004059,-0.21210235357284546,-0.36723506450653076,-0.07958903163671494,-0.2142871916294098,-0.49553096294403076,-0.10316450148820877,-0.1002357080578804,-0.500016450881958,-0.0061360676772892475,-0.12875081598758698,-0.6684365272521973,-0.06775732338428497,-0.16333620250225067,-0.6262505054473877,-0.11929292976856232,-0.18247072398662567,-0.5481019616127014,-0.14613300561904907,-0.0393194817006588,-0.532944917678833,-0.021034885197877884,-0.06818854063749313,-0.7482661008834839,-0.05518438294529915,-0.09742755442857742,-0.8820823431015015,-0.08701027929782867,-0.1232655718922615,-1.0,-0.10977479070425034,0.025414351373910904,-0.5014812350273132,-0.04651554301381111,0.040297698229551315,-0.7157070636749268,-0.08249418437480927,0.048666149377822876,-0.8543497920036316,-0.10560313612222672,0.050089944154024124,-0.9825005531311035,-0.12063068896532059,0.08617531508207321,-0.4155089855194092,-0.07468506693840027,0.1168457418680191,-0.5586135387420654,-0.102376788854599,0.13398917019367218,-0.6571637988090515,-0.10706430673599243,0.14498327672481537,-0.7555480599403381,-0.10860472172498703
F,F_session_002,263,0.0,0.0,0.0,-0.09871751070022583,-0.10917183756828308,-0.027095884084701538,-0.1723327487707138,-0.24615193903446198,-0.051149409264326096,-0.21236442029476166,-0.3718304932117462,-0.07825015485286713,-0.2142195701599121,-0.499862939119339,-0.10106883943080902,-0.10014839470386505,-0.500334620475769,-0.004922457970678806,-0.12715628743171692,-0.6719506978988647,-0.06624937802553177,-0.1618226319551468,-0.630744457244873,-0.11743173003196716,-0.18116635084152222,-0.5535898208618164,-0.14399117231369019,-0.03940553963184357,-0.5326377749443054,-0.01963989995419979,-0.0673217698931694,-0.7490910887718201,-0.05445944517850876,-0.09599819779396057,-0.8828984498977661,-0.08615424484014511,-0.12063182145357132,-1.0,-0.10857751220464706,0.025248901918530464,-0.5020724534988403,-0.044883619993925095,0.03985457122325897,-0.7150496244430542,-0.08063214272260666,0.04762442782521248,-0.8516755104064941,-0.10226471722126007,0.04868264123797417,-0.9778863191604614,-0.11600662767887115,0.08641869574785233,-0.4176332950592041,-0.07293546199798584,0.11609391123056412,-0.5630954504013062,-0.099160335958004,0.13199810683727264,-0.6614850759506226,-0.10235525667667389,0.14211805164813995,-0.7596465349197388,-0.10280490666627884
F,F_session_002,264,0.0,0.0,0.0,-0.09789513051509857,-0.10891107469797134,-0.0287556704133749,-0.17091628909111023,-0.24338583648204803,-0.05420299619436264,-0.21125471591949463,-0.3679952025413513,-0.08257749676704407,-0.21281366050243378,-0.4971446394920349,-0.10649717599153519,-0.10005508363246918,-0.4993228316307068,-0.005605815909802914,-0.12842077016830444,-0.6694527864456177,-0.06816284358501434,-0.16335958242416382,-0.625295877456665,-0.12054376304149628,-0.18207471072673798,-0.5471974611282349,-0.14780552685260773,-0.03896885737776756,-0.5321218371391296,-0.019655656069517136,-0.06633938103914261,-0.7485407590866089,-0.05463119223713875,-0.09421098977327347,-0.8823210597038269,-0.08598852157592773,-0.11788046360015869,-1.0,-0.10831975191831589,0.025844816118478775,-0.5018041729927063,-0.04461394250392914,0.039091188460588455,-0.7140949964523315,-0.07941561937332153,0.04508249834179878,-0.8511034250259399,-0.09968191385269165,0.04463192820549011,-0.9781928062438965,-0.11267559975385666,0.08684689551591873,-0.41764360666275024,-0.0727834552526474,0.11094794422388077,-0.5662825703620911,-0.09777626395225525,0.12191355228424072,-0.6672272086143494,-0.09998587518930435,0.12743453681468964,-0.7676265239715576,-0.09988854825496674
F,F_session_002,265,0.0,0.0,0.0,-0.09660466760396957,-0.10899236798286438,-0.027725305408239365,-0.16925980150699615,-0.24221423268318176,-0.05297795310616493,-0.21015281975269318,-0.36458924412727356,-0.08154163509607315,-0.21271342039108276,-0.4916674792766571,-0.10589436441659927,-0.09926364570856094,-0.4976816475391388,-0.005128407385200262,-0.13074105978012085,-0.6651415228843689,-0.06737490743398666,-0.16559982299804688,-0.6211513876914978,-0.11979727447032928,-0.18351322412490845,-0.5433688759803772,-0.14719314873218536,-0.03902425989508629,-0.5322703123092651,-0.019602911546826363,-0.06442990154027939,-0.750592052936554,-0.0552515834569931,-0.09104656428098679,-0.8843711018562317,-0.0867103859782219,-0.11304546892642975,-1.0,-0.10910173505544662,0.024371089413762093,-0.5041785836219788,-0.044842131435871124,0.03642954304814339,-0.7170483469963074,-0.07872180640697479,0.04057116061449051,-0.8519793748855591,-0.09797506779432297,0.03937511518597603,-0.975399911403656,-0.1102868989109993,0.08398060500621796,-0.42184531688690186,-0.07344391196966171,0.10338953137397766,-0.575477659702301,-0.09632635861635208,0.1097240224480629,-0.6782568693161011,-0.09739155322313309,0.11037663370370865,-0.7777768969535828,-0.09678088128566742
F,F_session_002,266,0.0,0.0,0.0,-0.0969139039516449,-0.106599360704422,-0.02773633785545826,-0.17027756571769714,-0.24360182881355286,-0.052513424307107925,-0.2116246521472931,-0.3690113425254822,-0.08035328984260559,-0.21101056039333344,-0.4950430393218994,-0.104019396007061,-0.10072852671146393,-0.49821850657463074,-0.0049039702862501144,-0.1298629194498062,-0.666020393371582,-0.06586872786283493,-0.16419222950935364,-0.6264823079109192,-0.1177528128027916,-0.1823245733976364,-0.5532707571983337,-0.14505569636821747,-0.04189257696270943,-0.5304406881332397,-0.019759584218263626,-0.06485229730606079,-0.7527381181716919,-0.053765829652547836,-0.08877028524875641,-0.8859173655509949,-0.08399169892072678,-0.10752615332603455,-1.0,-0.10524582862854004,0.019857771694660187,-0.5008192658424377,-0.04527057334780693,0.028704075142741203,-0.7139754891395569,-0.077399343252182,0.031717054545879364,-0.8483688235282898,-0.09468989819288254,0.031373631209135056,-0.9728043675422668,-0.10561369359493256,0.07754337787628174,-0.4187086224555969,-0.0744129940867424,0.08857858926057816,-0.5726392269134521,-0.09647248685359955,0.09246709942817688,-0.6748918294906616,-0.09611675888299942,0.09310682862997055,-0.7747835516929626,-0.09433671087026596
F,F_session_002,267,0.0,0.0,0.0,-0.09388803690671921,-0.10988400876522064,-0.03076200745999813,-0.16802598536014557,-0.24632464349269867,-0.05711599439382553,-0.2118774801492691,-0.37156790494918823,-0.0861852690577507,-0.20560410618782043,-0.49566197395324707,-0.1114167869091034,-0.09664119780063629,-0.5002782344818115,-0.00452028401196003,-0.12807437777519226,-0.6613461971282959,-0.06623168289661407,-0.16259367763996124,-0.6245789527893066,-0.12055311352014542,-0.17917364835739136,-0.5542420148849487,-0.15002617239952087,-0.040392857044935226,-0.53154456615448,-0.017915932461619377,-0.06144655495882034,-0.756098747253418,-0.05094218999147415,-0.0805964469909668,-0.8885290622711182,-0.08195574581623077,-0.09288763999938965,-1.0,-0.1043684184551239,0.018828794360160828,-0.49990856647491455,-0.04257657006382942,0.025991642847657204,-0.7090509533882141,-0.07438274472951889,0.028068706393241882,-0.8436325192451477,-0.0932665690779686,0.027931416407227516,-0.9657778739929199,-0.10548356175422668,0.07361062616109848,-0.4171316623687744,-0.07133759558200836,0.07705212384462357,-0.5727384090423584,-0.09338314086198807,0.07459577172994614,-0.675248920917511,-0.09431134164333344,0.06827041506767273,-0.7746562361717224,-0.09402666240930557
F,F_session_002,268,0.0,0.0,0.0,-0.0929308608174324,-0.10649694502353668,-0.031601954251527786,-0.16644804179668427,-0.2448575347661972,-0.05807940289378166,-0.2094493955373764,-0.3678627908229828,-0.08723585307598114,-0.20622482895851135,-0.49142685532569885,-0.11295133084058762,-0.09543729573488235,-0.500876784324646,-0.006707449909299612,-0.12955093383789062,-0.6597267985343933,-0.06934863328933716,-0.1637454479932785,-0.6230716109275818,-0.12407375127077103,-0.17868182063102722,-0.5537832975387573,-0.15378457307815552,-0.040056850761175156,-0.5313206315040588,-0.020735809579491615,-0.06191951408982277,-0.7566834092140198,-0.05434580519795418,-0.08024315536022186,-0.8879432678222656,-0.08628248423337936,-0.09096528589725494,-1.0,-0.10962679982185364,0.01836635172367096,-0.4982571303844452,-0.04613909125328064,0.02222493477165699,-0.7105945944786072,-0.07963216304779053,0.022443773224949837,-0.8451651334762573,-0.10118735581636429,0.021373961120843887,-0.9702469706535339,-0.11536429077386856,0.07306080311536789,-0.4151673913002014,-0.07552896440029144,0.0706503689289093,-0.5742340683937073,-0.0999513790011406,0.06460472196340561,-0.6778244376182556,-0.10321395844221115,0.055287089198827744,-0.7807642221450806,-0.10467265546321869
F,F_session_002,269,0.0,0.0,0.0,-0.09419922530651093,-0.10396865755319595,-0.03217451274394989,-0.16806961596012115,-0.2438654899597168,-0.058714162558317184,-0.21107974648475647,-0.36652934551239014,-0.08758152276277542,-0.20650096237659454,-0.4864886701107025,-0.11286260187625885,-0.09850342571735382,-0.4979947507381439,-0.007998786866664886,-0.1322677582502365,-0.6579209566116333,-0.07053393125534058,-0.16660341620445251,-0.6213820576667786,-0.12468665838241577,-0.1829313486814499,-0.5506489276885986,-0.15376561880111694,-0.04331980645656586,-0.5273343920707703,-0.021207811310887337,-0.0625133290886879,-0.7528051733970642,-0.05530419945716858,-0.08024383336305618,-0.8855074048042297,-0.08666161447763443,-0.09162023663520813,-1.0,-0.10919180512428284,0.014208017848432064,-0.49263596534729004,-0.045651860535144806,0.017647363245487213,-0.7059149742126465,-0.07903475314378738,0.01803080551326275,-0.8424400687217712,-0.09963958710432053,0.01702086813747883,-0.969482421875,-0.11278939247131348,0.06795565783977509,-0.40846797823905945,-0.07408683747053146,0.06252233684062958,-0.5659609436988831,-0.09801781177520752,0.05476433411240578,-0.6689502596855164,-0.10026209056377411,0.04454595595598221,-0.7701437473297119,-0.10070260614156723
F,F_session_002,270,0.0,0.0,0.0,-0.0954633578658104,-0.10364148765802383,-0.02952875755727291,-0.1682923585176468,-0.24595539271831512,-0.05504433065652847,-0.21062351763248444,-0.36866381764411926,-0.08358552306890488,-0.20458781719207764,-0.4877094030380249,-0.10887280106544495,-0.09939295053482056,-0.49430009722709656,-0.006269652862101793,-0.13134253025054932,-0.6577598452568054,-0.06828060746192932,-0.16539748013019562,-0.6211822032928467,-0.12205933779478073,-0.18175636231899261,-0.5488993525505066,-0.1508968621492386,-0.04499636963009834,-0.5228632688522339,-0.02019018866121769,-0.06128711625933647,-0.7494218945503235,-0.05309228226542473,-0.07668615132570267,-0.8838375806808472,-0.08353254199028015,-0.08745425194501877,-1.0,-0.10566089302301407,0.011880112811923027,-0.4896742105484009,-0.04510020464658737,0.01239484827965498,-0.7014783620834351,-0.07629387080669403,0.011455033905804157,-0.8404781818389893,-0.09573112428188324,0.008678827434778214,-0.9697626829147339,-0.10858573764562607,0.06571946293115616,-0.4093289375305176,-0.07399235665798187,0.05753122642636299,-0.565451979637146,-0.0963347926735878,0.04769190400838852,-0.6675774455070496,-0.09779202193021774,0.03564557805657387,-0.7665019035339355,-0.09793489426374435
F,F_session_002,271,0.0,0.0,0.0,-0.09641677886247635,-0.10311990231275558,-0.028485950082540512,-0.16805307567119598,-0.24486297369003296,-0.05405670404434204,-0.20913231372833252,-0.36384183168411255,-0.08297932147979736,-0.20462381839752197,-0.48160219192504883,-0.10883114486932755,-0.0995999127626419,-0.49354758858680725,-0.005325742997229099,-0.13278186321258545,-0.6552309393882751,-0.06759046018123627,-0.16680969297885895,-0.621764063835144,-0.12231487780809402,-0.18277046084403992,-0.5508593320846558,-0.15163221955299377,-0.045613545924425125,-0.5219674706459045,-0.0193878673017025,-0.061920713633298874,-0.7477483749389648,-0.051503702998161316,-0.07643765956163406,-0.883017897605896,-0.08203645050525665,-0.0863967165350914,-1.0,-0.10438503324985504,0.011210300959646702,-0.48950323462486267,-0.044384732842445374,0.009701358154416084,-0.7008821368217468,-0.07410422712564468,0.007734849117696285,-0.8394002914428711,-0.09323196113109589,0.0038587222807109356,-0.9674005508422852,-0.10611049085855484,0.06564226001501083,-0.41022080183029175,-0.07345645129680634,0.056815050542354584,-0.5659887790679932,-0.09458247572183609,0.04553831368684769,-0.667870819568634,-0.09582540392875671,0.032014913856983185,-0.7653579115867615,-0.09590176492929459
F,F_session_002,272,0.0,0.0,0.0,-0.09322700649499893,-0.10516403615474701,-0.02925431914627552,-0.16449329257011414,-0.24601691961288452,-0.05594309791922569,-0.20659568905830383,-0.3650590777397156,-0.08582546561956406,-0.20210610330104828,-0.4850512742996216,-0.11247116327285767,-0.09636186063289642,-0.49435484409332275,-0.006923297885805368,-0.12899188697338104,-0.6548957824707031,-0.07077822089195251,-0.16336959600448608,-0.6188616156578064,-0.12656785547733307,-0.17973993718624115,-0.5472832322120667,-0.15643292665481567,-0.0429115854203701,-0.5210941433906555,-0.020882736891508102,-0.059265539050102234,-0.7469053864479065,-0.05406623333692551,-0.07347847521305084,-0.8818007707595825,-0.08523865044116974,-0.08317051827907562,-1.0,-0.10790187865495682,0.013519823551177979,-0.487107515335083,-0.04579870030283928,0.010900708846747875,-0.6979209780693054,-0.07645624876022339,0.008733423426747322,-0.8350794911384583,-0.0955769494175911,0.004438911098986864,-0.9624043107032776,-0.10823394358158112,0.06793076545000076,-0.4061426818370819,-0.0747889056801796,0.058674901723861694,-0.5614348649978638,-0.09651223570108414,0.04765457287430763,-0.6634419560432434,-0.09777207672595978,0.03412953391671181,-0.7614402174949646,-0.09769190847873688
F,F_session_002,273,0.0,0.0,0.0,-0.09536253660917282,-0.10092056542634964,-0.029420385137200356,-0.16798880696296692,-0.24036642909049988,-0.05591731518507004,-0.20935215055942535,-0.3577081561088562,-0.08554226905107498,-0.20698034763336182,-0.47524937987327576,-0.11185174435377121,-0.10252983868122101,-0.4929366409778595,-0.008265352807939053,-0.13597607612609863,-0.6573779582977295,-0.07156173139810562,-0.16809919476509094,-0.6236391663551331,-0.1266353875398636,-0.18242184817790985,-0.5544289350509644,-0.156028613448143,-0.049171365797519684,-0.5203974843025208,-0.022055188193917274,-0.06486867368221283,-0.7465118765830994,-0.05425257608294487,-0.07756654173135757,-0.8811531662940979,-0.08443295955657959,-0.0853923112154007,-1.0,-0.10654550045728683,0.007017116062343121,-0.48706647753715515,-0.046778272837400436,0.004771041218191385,-0.6994888782501221,-0.07612600177526474,0.003505849279463291,-0.8375170826911926,-0.09481307864189148,0.0007072221487760544,-0.9669604301452637,-0.10755521059036255,0.06171195209026337,-0.40702447295188904,-0.0757429227232933,0.05249284580349922,-0.5638592839241028,-0.09701967239379883,0.041224926710128784,-0.6659253239631653,-0.098410964012146,0.028009621426463127,-0.7648482322692871,-0.09847994148731232
F,F_session_002,274,0.0,0.0,0.0,-0.09492757171392441,-0.10275156050920486,-0.028027359396219254,-0.16701580584049225,-0.24617968499660492,-0.05397827550768852,-0.20837855339050293,-0.3649039566516876,-0.08335460722446442,-0.2015419602394104,-0.4795759618282318,-0.10963635891675949,-0.1014353409409523,-0.49687477946281433,-0.006399056408554316,-0.13402868807315826,-0.6616706848144531,-0.07011603564023972,-0.1672651171684265,-0.6263533234596252,-0.12592606246471405,-0.18311503529548645,-0.5527258515357971,-0.1555166095495224,-0.04847460612654686,-0.5231080055236816,-0.020466696470975876,-0.06248314678668976,-0.7487539052963257,-0.05171405151486397,-0.07579559832811356,-0.8830563426017761,-0.08173470199108124,-0.08508884161710739,-1.0,-0.10376660525798798,0.007848439738154411,-0.489032506942749,-0.04540674388408661,0.004787331912666559,-0.7002981305122375,-0.07371001690626144,0.002633191179484129,-0.8394111394882202,-0.09205611795186996,-0.0016969246789813042,-0.969026505947113,-0.10467328131198883,0.0620541088283062,-0.4087737202644348,-0.0745057687163353,0.05313391610980034,-0.5644238591194153,-0.0951051265001297,0.04245036467909813,-0.6664021015167236,-0.09601335972547531,0.029614536091685295,-0.764553964138031,-0.09577933698892593
F,F_session_002,275,0.0,0.0,0.0,-0.09742119908332825,-0.10446052253246307,-0.02682986669242382,-0.1697092056274414,-0.24583326280117035,-0.05184272304177284,-0.2098134607076645,-0.36357682943344116,-0.08056259900331497,-0.20665135979652405,-0.4767192304134369,-0.10629237443208694,-0.1059282198548317,-0.49325478076934814,-0.004770477768033743,-0.13681182265281677,-0.6562780141830444,-0.06803270429372787,-0.1695103943347931,-0.6266283392906189,-0.1235104352235794,-0.18604837357997894,-0.5583321452140808,-0.15296269953250885,-0.052476346492767334,-0.5213703513145447,-0.01952844113111496,-0.06763162463903427,-0.7469589114189148,-0.050614356994628906,-0.08131078630685806,-0.8826671838760376,-0.08017892390489578,-0.09104476124048233,-1.0,-0.1018974632024765,0.004391109570860863,-0.4892873167991638,-0.045172419399023056,0.0017941846745088696,-0.7016165256500244,-0.07359534502029419,-0.000708762847352773,-0.8371915817260742,-0.09132485091686249,-0.005828479304909706,-0.9635016322135925,-0.10343388468027115,0.05997994542121887,-0.410765141248703,-0.0749514177441597,0.05257781222462654,-0.5650380849838257,-0.09598358720541,0.04204072058200836,-0.6656006574630737,-0.09685037285089493,0.02875225991010666,-0.7630921602249146,-0.09650597721338272
F,F_session_002,276,0.0,0.0,0.0,-0.09798605740070343,-0.10905567556619644,-0.026311147958040237,-0.17062099277973175,-0.2504332661628723,-0.050720252096652985,-0.2107524275779724,-0.36977383494377136,-0.07878539711236954,-0.20720945298671722,-0.48158907890319824,-0.10395750403404236,-0.10675515979528427,-0.49561357498168945,-0.004002036061137915,-0.14127327501773834,-0.655191957950592,-0.0668179914355278,-0.16951078176498413,-0.6280088424682617,-0.12142377346754074,-0.1804736703634262,-0.5640913248062134,-0.15058498084545135,-0.05057016760110855,-0.5264599919319153,-0.018988166004419327,-0.06858299672603607,-0.7501707077026367,-0.05220315232872963,-0.08371450006961823,-0.8839969635009766,-0.08262072503566742,-0.09479275345802307,-1.0,-0.10436045378446579,0.008736648596823215,-0.49605593085289,-0.04459156468510628,0.008818441070616245,-0.7061439752578735,-0.07545831054449081,0.006343642249703407,-0.8401737213134766,-0.09300564974546432,0.0006661621737293899,-0.9643895030021667,-0.10411273688077927,0.06565364450216293,-0.41618475317955017,-0.07405679672956467,0.06276857107877731,-0.5684070587158203,-0.09502080827951431,0.05486242100596428,-0.6673278212547302,-0.09467530250549316,0.04311669245362282,-0.7615970373153687,-0.09328830242156982
F,F_session_002,277,0.0,0.0,0.0,-0.09674263745546341,-0.10947493463754654,-0.026660801842808723,-0.16976256668567657,-0.24563483893871307,-0.051422152668237686,-0.21158282458782196,-0.36329296231269836,-0.0798230767250061,-0.20969493687152863,-0.477550208568573,-0.10549069941043854,-0.108528733253479,-0.490744411945343,-0.0041825552470982075,-0.14289681613445282,-0.6465893387794495,-0.06560882180929184,-0.16839711368083954,-0.6301457285881042,-0.11920502781867981,-0.17678138613700867,-0.5792046189308167,-0.14848531782627106,-0.05062529072165489,-0.525077760219574,-0.019529948011040688,-0.06915149837732315,-0.7496522068977356,-0.05317884683609009,-0.08268904685974121,-0.8841782808303833,-0.08414258807897568,-0.09173706918954849,-1.0,-0.10650371760129929,0.009943297132849693,-0.4968869388103485,-0.04538051411509514,0.012459800578653812,-0.7091267704963684,-0.07768706977367401,0.011273994110524654,-0.840584933757782,-0.09635654091835022,0.006780144292861223,-0.9618735909461975,-0.1083206832408905,0.06781365722417831,-0.4177701473236084,-0.07496725022792816,0.06950066238641739,-0.5687673091888428,-0.0977589339017868,0.06437181681394577,-0.6684713363647461,-0.0991516038775444,0.05438397824764252,-0.7640359997749329,-0.09908642619848251
F,F_session_002,278,0.0,0.0,0.0,-0.09738603234291077,-0.1070127785205841,-0.027884379029273987,-0.17151039838790894,-0.24444977939128876,-0.05295821279287338,-0.2132657766342163,-0.3647102415561676,-0.08155383914709091,-0.20926831662654877,-0.4828275740146637,-0.10716015845537186,-0.10982732474803925,-0.49505728483200073,-0.003983316943049431,-0.1466979682445526,-0.6550152897834778,-0.06571692228317261,-0.17193466424942017,-0.6307254433631897,-0.11968739330768585,-0.17918053269386292,-0.5720757246017456,-0.14903511106967926,-0.05159200355410576,-0.5299250483512878,-0.01849963143467903,-0.07110632956027985,-0.7530142664909363,-0.05068018659949303,-0.08457876741886139,-0.8858428001403809,-0.08121177554130554,-0.09312622249126434,-1.0,-0.10380798578262329,0.008963446132838726,-0.5008435845375061,-0.043936021625995636,0.012202826328575611,-0.7123240828514099,-0.07512173801660538,0.011480853892862797,-0.8432341814041138,-0.09378477931022644,0.007668070029467344,-0.9638004899024963,-0.10630927979946136,0.0664568543434143,-0.420889288187027,-0.073307104408741,0.0677810087800026,-0.5720623731613159,-0.09615631401538849,0.062941774725914,-0.6717827320098877,-0.09809975326061249,0.05362176522612572,-0.767845869064331,-0.09862294048070908
F,F_session_002,279,0.0,0.0,0.0,-0.09668584913015366,-0.10977762937545776,-0.02782110869884491,-0.16916786134243011,-0.2479158192873001,-0.05354449525475502,-0.21088333427906036,-0.3667013347148895,-0.08299513906240463,-0.206474170088768,-0.478413850069046,-0.10925175249576569,-0.10690019279718399,-0.49472784996032715,-0.005633434280753136,-0.14437392354011536,-0.6563227772712708,-0.06894948333501816,-0.16975831985473633,-0.6191779971122742,-0.12339737266302109,-0.17648467421531677,-0.551429271697998,-0.15247684717178345,-0.04782284051179886,-0.5269611477851868,-0.02053552307188511,-0.0659690573811531,-0.7509455680847168,-0.05319038778543472,-0.08016838878393173,-0.8838100433349609,-0.08372996747493744,-0.08979170024394989,-1.0,-0.10609669983386993,0.013482362031936646,-0.49621883034706116,-0.04620722308754921,0.018025344237685204,-0.7080650329589844,-0.07753953337669373,0.01740691252052784,-0.8372845649719238,-0.09505806863307953,0.012682436965405941,-0.9584314823150635,-0.1066320464015007,0.0711781457066536,-0.41434961557388306,-0.07573709636926651,0.07669822871685028,-0.5622503757476807,-0.09757426381111145,0.07460888475179672,-0.6586090922355652,-0.09723411500453949,0.0674574226140976,-0.7520105838775635,-0.09594357013702393
F,F_session_002,280,0.0,0.0,0.0,-0.09719087928533554,-0.1081458032131195,-0.02777888998389244,-0.17441892623901367,-0.2400655746459961,-0.053958602249622345,-0.2174658328294754,-0.3566552698612213,-0.0838078111410141,-0.21473278105258942,-0.4720122218132019,-0.11059211194515228,-0.11030688136816025,-0.4943237006664276,-0.007717170752584934,-0.14739066362380981,-0.6557481288909912,-0.07256819307804108,-0.1732517033815384,-0.6146109700202942,-0.1280953735113144,-0.18214908242225647,-0.5395241379737854,-0.1572660356760025,-0.04939709231257439,-0.5276868343353271,-0.02344326302409172,-0.06589855998754501,-0.7531221508979797,-0.05674421787261963,-0.08159203827381134,-0.8851711750030518,-0.08835086971521378,-0.09449965506792068,-1.0,-0.11109398305416107,0.014322219416499138,-0.4963668882846832,-0.049899786710739136,0.021955082193017006,-0.7101881504058838,-0.0826839953660965,0.022113880142569542,-0.8406989574432373,-0.10251167416572571,0.01713438704609871,-0.9646703004837036,-0.11556451767683029,0.07502759993076324,-0.4110187888145447,-0.07986464351415634,0.09173575043678284,-0.5551914572715759,-0.10323315858840942,0.09723232686519623,-0.6500733494758606,-0.10378110408782959,0.09561407566070557,-0.7437738180160522,-0.10268773883581161
F,F_session_002,281,0.0,0.0,0.0,-0.09984476864337921,-0.10875709354877472,-0.026335198432207108,-0.17569607496261597,-0.24291692674160004,-0.0504070445895195,-0.2176065593957901,-0.3619266748428345,-0.0779472067952156,-0.21607139706611633,-0.47944602370262146,-0.10300099849700928,-0.10965674370527267,-0.4937012195587158,-0.004330206196755171,-0.13821129500865936,-0.652632474899292,-0.0665612742304802,-0.16495893895626068,-0.6251997947692871,-0.12157776206731796,-0.17818820476531982,-0.5608035922050476,-0.15128159523010254,-0.04855576902627945,-0.5264062881469727,-0.020790645852684975,-0.06558970361948013,-0.7526013851165771,-0.05196090042591095,-0.08229169249534607,-0.8866406679153442,-0.0836423709988594,-0.0959307998418808,-1.0,-0.10678732395172119,0.01586233079433441,-0.49460524320602417,-0.047803763300180435,0.026479113847017288,-0.7113842368125916,-0.08026693761348724,0.028770707547664642,-0.8437606692314148,-0.10177885740995407,0.026228301227092743,-0.9665230512619019,-0.11621139198541641,0.07706937938928604,-0.4080984890460968,-0.07808057963848114,0.09925611317157745,-0.5486987233161926,-0.10312338918447495,0.11059410125017166,-0.6406465768814087,-0.10544184595346451,0.11558692902326584,-0.7305476069450378,-0.10563749074935913
F,F_session_002,282,0.0,0.0,0.0,-0.09875919669866562,-0.10555318742990494,-0.024749599397182465,-0.17445938289165497,-0.24112938344478607,-0.047680024057626724,-0.2186141312122345,-0.36089664697647095,-0.07403168082237244,-0.21198995411396027,-0.47374334931373596,-0.09793649613857269,-0.10893255472183228,-0.49443522095680237,-0.004337525926530361,-0.1377367377281189,-0.6524651050567627,-0.06485164165496826,-0.16527977585792542,-0.6237678527832031,-0.11791005730628967,-0.17846179008483887,-0.5580134391784668,-0.14649012684822083,-0.047108326107263565,-0.5269867777824402,-0.02112947776913643,-0.06454471498727798,-0.7535110116004944,-0.05100452899932861,-0.0811484158039093,-0.887325644493103,-0.08141576498746872,-0.0943254828453064,-1.0,-0.10343439877033234,0.01831711083650589,-0.49255505204200745,-0.04806327819824219,0.029712533578276634,-0.7080531120300293,-0.08042643964290619,0.03421104699373245,-0.838814377784729,-0.1027102842926979,0.03400711715221405,-0.9607787132263184,-0.11750676482915878,0.08028427511453629,-0.4012450873851776,-0.07783938199281693,0.10720275342464447,-0.5366779565811157,-0.10398953408002853,0.12234271317720413,-0.625518798828125,-0.10757054388523102,0.13152194023132324,-0.7144904136657715,-0.10834958404302597
F,F_session_002,283,0.0,0.0,0.0,-0.09949298948049545,-0.10665220022201538,-0.023627994582057,-0.17570734024047852,-0.2405896633863449,-0.044917430728673935,-0.21750129759311676,-0.35782045125961304,-0.06964248418807983,-0.21882976591587067,-0.47159379720687866,-0.0916331559419632,-0.10887102782726288,-0.49670690298080444,-0.004250823520123959,-0.1389099806547165,-0.6578183174133301,-0.06306666135787964,-0.1686643809080124,-0.620190441608429,-0.11433365195989609,-0.1835222691297531,-0.5455910563468933,-0.14156684279441833,-0.04660145193338394,-0.5274993181228638,-0.02150043286383152,-0.06511984020471573,-0.7556431293487549,-0.050735168159008026,-0.0827358141541481,-0.8880177736282349,-0.08105124533176422,-0.09635014086961746,-1.0,-0.10292452573776245,0.018784767016768456,-0.49185314774513245,-0.04859330132603645,0.03143167123198509,-0.7058327794075012,-0.0813564583659172,0.0376557782292366,-0.8371684551239014,-0.10501451045274734,0.03926917538046837,-0.9597588181495667,-0.12061319500207901,0.08061031252145767,-0.39943867921829224,-0.07818576693534851,0.11119502782821655,-0.5312963128089905,-0.1050272136926651,0.12892058491706848,-0.6188002228736877,-0.10910545289516449,0.1410071849822998,-0.7069454193115234,-0.1100153997540474
F,F_session_002,284,0.0,0.0,0.0,-0.09997034072875977,-0.1061934158205986,-0.023798387497663498,-0.17565903067588806,-0.2404930740594864,-0.04467448964715004,-0.21795223653316498,-0.35843369364738464,-0.0688963308930397,-0.21755939722061157,-0.46884530782699585,-0.0903632864356041,-0.1092497855424881,-0.4952174425125122,-0.003197646699845791,-0.13821232318878174,-0.6569344997406006,-0.06148040294647217,-0.16809333860874176,-0.6253482103347778,-0.11249550431966782,-0.18403227627277374,-0.5553677082061768,-0.13964204490184784,-0.04707024246454239,-0.5269467830657959,-0.019908662885427475,-0.06511442363262177,-0.7558923959732056,-0.04885392636060715,-0.0834641307592392,-0.8883108496665955,-0.07888955622911453,-0.09806946665048599,-1.0,-0.10031724721193314,0.01894155517220497,-0.4918903112411499,-0.04643736779689789,0.033396437764167786,-0.7058489918708801,-0.07905074954032898,0.04129374027252197,-0.8364390730857849,-0.10233723372220993,0.044124994426965714,-0.9574130773544312,-0.11733125150203705,0.08094876259565353,-0.3989686369895935,-0.07551254332065582,0.11448356509208679,-0.5295185446739197,-0.10197436809539795,0.13442689180374146,-0.6152577996253967,-0.10567458719015121,0.1485336422920227,-0.7015005946159363,-0.10610926896333694
F,F_session_002,285,0.0,0.0,0.0,-0.1004900187253952,-0.10523568093776703,-0.024021008983254433,-0.1765553057193756,-0.2414391040802002,-0.04502205550670624,-0.218922957777977,-0.3616901636123657,-0.06944688409566879,-0.21725472807884216,-0.4723794758319855,-0.09117700904607773,-0.10893872380256653,-0.4992377758026123,-0.0021708859130740166,-0.13814452290534973,-0.6612493395805359,-0.059620317071676254,-0.16791705787181854,-0.6279228925704956,-0.11049696058034897,-0.18326227366924286,-0.5564897656440735,-0.13801591098308563,-0.04680906608700752,-0.5301283597946167,-0.018896713852882385,-0.06558234244585037,-0.7571330070495605,-0.04627765342593193,-0.08369671553373337,-0.8890866637229919,-0.07637500762939453,-0.09777955710887909,-1.0,-0.09852074086666107,0.019200483337044716,-0.4940429627895355,-0.045590922236442566,0.03381829708814621,-0.706437349319458,-0.07753212749958038,0.04284103959798813,-0.8377253413200378,-0.10218556225299835,0.0466814823448658,-0.9591503143310547,-0.11888022720813751,0.08150583505630493,-0.4005551040172577,-0.07483022660017014,0.11646950989961624,-0.5277796387672424,-0.10246403515338898,0.13750794529914856,-0.6119164824485779,-0.10808704048395157,0.15232069790363312,-0.6974751949310303,-0.11021240800619125
F,F_session_002,286,0.0,0.0,0.0,-0.10054028034210205,-0.10778290778398514,-0.022699885070323944,-0.17546860873699188,-0.24592261016368866,-0.043439894914627075,-0.2164790779352188,-0.36613723635673523,-0.06785338371992111,-0.2103157937526703,-0.4738904535770416,-0.08950795233249664,-0.1052207350730896,-0.49796998500823975,-0.0025535584427416325,-0.13645437359809875,-0.6595123410224915,-0.06009780243039131,-0.1684698462486267,-0.6197120547294617,-0.11029623448848724,-0.1850433200597763,-0.5439571142196655,-0.1371934860944748,-0.0435628779232502,-0.5272244215011597,-0.019861707463860512,-0.06319662183523178,-0.7542736530303955,-0.048341866582632065,-0.08185772597789764,-0.887091875076294,-0.07776626944541931,-0.09663437306880951,-1.0,-0.09891694784164429,0.022089209407567978,-0.4895389974117279,-0.04696284234523773,0.03695264831185341,-0.7028315663337708,-0.07996395230293274,0.04659115895628929,-0.8352222442626953,-0.10378290712833405,0.050852250307798386,-0.9584037661552429,-0.11922652274370193,0.0839388445019722,-0.3947847783565521,-0.07639537006616592,0.11969776451587677,-0.5241846442222595,-0.1043473556637764,0.14130514860153198,-0.6100183725357056,-0.10921115428209305,0.15672799944877625,-0.6972707509994507,-0.11040237545967102
F,F_session_002,287,0.0,0.0,0.0,-0.099616140127182,-0.1077825203537941,-0.02378707379102707,-0.17528346180915833,-0.24311406910419464,-0.045594580471515656,-0.21757078170776367,-0.3635134696960449,-0.07107419520616531,-0.2072475254535675,-0.47473928332328796,-0.09372562915086746,-0.10424879938364029,-0.4964774250984192,-0.0031562477815896273,-0.1350196897983551,-0.6599781513214111,-0.06118757650256157,-0.16793499886989594,-0.6184799075126648,-0.11144533008337021,-0.18568812310695648,-0.5427731275558472,-0.1384762078523636,-0.042045190930366516,-0.5267043113708496,-0.020018111914396286,-0.06013102829456329,-0.7524567246437073,-0.04892396554350853,-0.07932709157466888,-0.8852658271789551,-0.07849244028329849,-0.09553457796573639,-1.0,-0.09995286166667938,0.023350032046437263,-0.4894498288631439,-0.046894658356904984,0.040062833577394485,-0.699611246585846,-0.08004246652126312,0.05056709051132202,-0.83255535364151,-0.1040199026465416,0.05520300194621086,-0.9566868543624878,-0.11984853446483612,0.08403540402650833,-0.39549878239631653,-0.07622988522052765,0.12105028331279755,-0.5212522149085999,-0.1041400209069252,0.14295411109924316,-0.6057239770889282,-0.10932271182537079,0.15847794711589813,-0.6917722225189209,-0.11098162084817886
F,F_session_002,288,0.0,0.0,0.0,-0.09907488524913788,-0.1062512919306755,-0.024561353027820587,-0.1748373806476593,-0.23945941030979156,-0.04738013073801994,-0.21849361062049866,-0.35820472240448,-0.07379890233278275,-0.20794245600700378,-0.47187793254852295,-0.09747878462076187,-0.10604415833950043,-0.496326744556427,-0.004724483471363783,-0.13699942827224731,-0.6622948050498962,-0.06300408393144608,-0.16999372839927673,-0.6197652220726013,-0.1133171021938324,-0.18772147595882416,-0.5418477058410645,-0.14034391939640045,-0.042625561356544495,-0.52671879529953,-0.021187614649534225,-0.059206318110227585,-0.7515013813972473,-0.050518590956926346,-0.07761822640895844,-0.8842799663543701,-0.08032143115997314,-0.09370467066764832,-1.0,-0.10202803462743759,0.023316796869039536,-0.4897103011608124,-0.04770428687334061,0.040717434138059616,-0.6992318630218506,-0.08090895414352417,0.05176519230008125,-0.8334102034568787,-0.10547599196434021,0.056974537670612335,-0.9595052599906921,-0.12196532636880875,0.08380947262048721,-0.39609912037849426,-0.07667660713195801,0.12072677165269852,-0.5208439230918884,-0.10470770299434662,0.14350548386573792,-0.6055573225021362,-0.11031950265169144,0.16086427867412567,-0.6921905875205994,-0.11241700500249863
F,F_session_002,289,0.0,0.0,0.0,-0.09933063387870789,-0.10431189835071564,-0.025333119556307793,-0.17570853233337402,-0.2354898303747177,-0.048229724168777466,-0.21843238174915314,-0.35290053486824036,-0.07451709359884262,-0.21250517666339874,-0.4681262671947479,-0.09799541532993317,-0.11028426140546799,-0.4940600097179413,-0.005568190477788448,-0.14075185358524323,-0.657799482345581,-0.06391054391860962,-0.1699708253145218,-0.6170420050621033,-0.11399460583925247,-0.18456541001796722,-0.5401400327682495,-0.14062288403511047,-0.04601023346185684,-0.5257614254951477,-0.021906407549977303,-0.06309285759925842,-0.7512415647506714,-0.05154414847493172,-0.08030039817094803,-0.8839641809463501,-0.08151250332593918,-0.09526687115430832,-1.0,-0.10306929796934128,0.020679380744695663,-0.4896487891674042,-0.04835662618279457,0.037514083087444305,-0.6987389922142029,-0.08233681321144104,0.04933331534266472,-0.8320591449737549,-0.10750482231378555,0.055255137383937836,-0.9576064944267273,-0.12403881549835205,0.08205966651439667,-0.3971926271915436,-0.07722029089927673,0.11823172122240067,-0.5235993266105652,-0.10601161420345306,0.14192438125610352,-0.6073986887931824,-0.11185361444950104,0.1602773517370224,-0.6929324865341187,-0.11381270736455917
F,F_session_002,290,0.0,0.0,0.0,-0.09921793639659882,-0.10414131730794907,-0.027119403705000877,-0.17680658400058746,-0.23343698680400848,-0.05173759162425995,-0.22142094373703003,-0.3521721363067627,-0.07950641959905624,-0.21233470737934113,-0.46623387932777405,-0.10447503626346588,-0.11207688599824905,-0.4929019510746002,-0.007857518270611763,-0.14267310500144958,-0.6573558449745178,-0.0671851709485054,-0.17029428482055664,-0.6134791374206543,-0.11804171651601791,-0.18355940282344818,-0.535147488117218,-0.1453697681427002,-0.047171637415885925,-0.5252130031585693,-0.023737244307994843,-0.06489693373441696,-0.7512056231498718,-0.05394183471798897,-0.08151526004076004,-0.8833104968070984,-0.08451367169618607,-0.09550070017576218,-1.0,-0.10672049224376678,0.020172972232103348,-0.4888831377029419,-0.049832362681627274,0.037761785089969635,-0.6986718773841858,-0.08454090356826782,0.050493523478507996,-0.8314036726951599,-0.11021711677312851,0.056996554136276245,-0.9574765563011169,-0.12724889814853668,0.08202118426561356,-0.3954974114894867,-0.07844523340463638,0.11830906569957733,-0.5203188061714172,-0.10828236490488052,0.14234928786754608,-0.6031190752983093,-0.1147431805729866,0.1608743667602539,-0.6891062259674072,-0.11720550060272217
F,F_session_002,291,0.0,0.0,0.0,-0.10180775821208954,-0.10348474979400635,-0.02646459825336933,-0.18204089999198914,-0.23649878799915314,-0.05054779723286629,-0.22793756425380707,-0.363826185464859,-0.07810518890619278,-0.20842193067073822,-0.4730526804924011,-0.10286998748779297,-0.11498769372701645,-0.4916149377822876,-0.0045207045041024685,-0.14636088907718658,-0.6576539278030396,-0.06285908818244934,-0.1738601177930832,-0.6166477203369141,-0.11299155652523041,-0.18624503910541534,-0.5390482544898987,-0.13999886810779572,-0.05033449828624725,-0.5258361101150513,-0.02027413249015808,-0.0674118921160698,-0.7515643835067749,-0.0490415021777153,-0.0848710834980011,-0.8837072253227234,-0.07851598411798477,-0.09896890074014664,-1.0,-0.0999891608953476,0.01741473749279976,-0.4914173483848572,-0.04633336141705513,0.035003386437892914,-0.7003030776977539,-0.07968402653932571,0.046971190720796585,-0.831913411617279,-0.1045360416173935,0.05357979238033295,-0.956002950668335,-0.12109141796827316,0.07931758463382721,-0.39911410212516785,-0.07504303008317947,0.11526719480752945,-0.5212907791137695,-0.1039557158946991,0.1387074738740921,-0.6035817265510559,-0.11034514755010605,0.15752474963665009,-0.6892943978309631,-0.1128450259566307
F,F_session_002,292,0.0,0.0,0.0,-0.10126541554927826,-0.10350695252418518,-0.026558488607406616,-0.18035322427749634,-0.23914508521556854,-0.050510864704847336,-0.22580821812152863,-0.3646213114261627,-0.07776903361082077,-0.2048339992761612,-0.47604358196258545,-0.10172941535711288,-0.11181572079658508,-0.4953099489212036,-0.005395358894020319,-0.14344480633735657,-0.6644652485847473,-0.06397359073162079,-0.17215272784233093,-0.6165676116943359,-0.11362436413764954,-0.18460418283939362,-0.5329067707061768,-0.14002837240695953,-0.04839838668704033,-0.5284340381622314,-0.020674273371696472,-0.06800691783428192,-0.7543969750404358,-0.050206415355205536,-0.0863754004240036,-0.8856895565986633,-0.07940389215946198,-0.10124083608388901,-1.0,-0.10056886821985245,0.01861114799976349,-0.49363353848457336,-0.046193644404411316,0.03502620756626129,-0.7022620439529419,-0.07948265969753265,0.04654249921441078,-0.8331343531608582,-0.10291813313961029,0.052073292434215546,-0.9563829302787781,-0.11835158616304398,0.08035244792699814,-0.401921808719635,-0.07439195364713669,0.11582966148853302,-0.5276013016700745,-0.10222648084163666,0.13801974058151245,-0.6116830706596375,-0.10737952589988708,0.15508730709552765,-0.6977742910385132,-0.10900139808654785
F,F_session_002,293,0.0,0.0,0.0,-0.10256774723529816,-0.1003958135843277,-0.027490762993693352,-0.18314318358898163,-0.23415374755859375,-0.051900289952754974,-0.22837036848068237,-0.35789868235588074,-0.07944311946630478,-0.21175025403499603,-0.47052863240242004,-0.10382195562124252,-0.11770167946815491,-0.4917371869087219,-0.00750689534470439,-0.14975950121879578,-0.6612066030502319,-0.06758703291416168,-0.17659172415733337,-0.6144434213638306,-0.11846520751714706,-0.18819160759449005,-0.531482994556427,-0.14526304602622986,-0.052985139191150665,-0.5265968441963196,-0.022691525518894196,-0.0727892518043518,-0.7536370158195496,-0.0524895079433918,-0.09137844294309616,-0.8851139545440674,-0.08220196515321732,-0.10681027919054031,-1.0,-0.10365331918001175,0.014744509011507034,-0.4929922819137573,-0.04823378846049309,0.03069610334932804,-0.7039377093315125,-0.08135460317134857,0.041954196989536285,-0.8351777791976929,-0.10507339239120483,0.047000084072351456,-0.9591368436813354,-0.12071318179368973,0.07711625844240189,-0.4027236998081207,-0.07657751441001892,0.11046622693538666,-0.5311117768287659,-0.10408302396535873,0.13143058121204376,-0.6152783036231995,-0.10884727537631989,0.14690279960632324,-0.7018362283706665,-0.11013232171535492
F,F_session_002,294,0.0,0.0,0.0,-0.10375106334686279,-0.10371612757444382,-0.023119226098060608,-0.1840473860502243,-0.24024049937725067,-0.0446939654648304,-0.22842128574848175,-0.36534035205841064,-0.07001136243343353,-0.21060451865196228,-0.4736928939819336,-0.0922602117061615,-0.11803873628377914,-0.4933522343635559,-0.0015857458347454667,-0.1476091742515564,-0.6608631014823914,-0.059217531234025955,-0.17306877672672272,-0.6232718229293823,-0.10844239592552185,-0.18531036376953125,-0.5497905015945435,-0.1344778835773468,-0.054253801703453064,-0.5280364155769348,-0.01829797960817814,-0.07481261342763901,-0.7534422278404236,-0.047502268105745316,-0.09263310581445694,-0.8855916261672974,-0.07620961219072342,-0.10795333981513977,-1.0,-0.09662182629108429,0.013483176939189434,-0.4951115548610687,-0.04497722163796425,0.02886759676039219,-0.7032880783081055,-0.07738452404737473,0.04104049131274223,-0.8333936333656311,-0.09930829703807831,0.045924801379442215,-0.9553187489509583,-0.1132657527923584,0.07641022652387619,-0.40581637620925903,-0.07416874915361404,0.10747130960226059,-0.5357669591903687,-0.10003063082695007,0.1258544921875,-0.6200869679450989,-0.10323474556207657,0.1379062980413437,-0.7057608366012573,-0.103460893034935
F,F_session_002,295,0.0,0.0,0.0,-0.1015990749001503,-0.1058579534292221,-0.022862959653139114,-0.1801847517490387,-0.2420438528060913,-0.04442114382982254,-0.22395657002925873,-0.3649390637874603,-0.06980818510055542,-0.20522648096084595,-0.46884801983833313,-0.09263809025287628,-0.11445717513561249,-0.49311307072639465,-0.0010790093801915646,-0.14569993317127228,-0.6571018695831299,-0.05954193323850632,-0.16890792548656464,-0.6239089965820312,-0.1101042851805687,-0.17930394411087036,-0.5557751655578613,-0.13717052340507507,-0.05179523676633835,-0.5283405780792236,-0.01832619681954384,-0.07278285175561905,-0.75363689661026,-0.048401374369859695,-0.08971654623746872,-0.8863255381584167,-0.07864011079072952,-0.10367937386035919,-1.0,-0.10021006315946579,0.014546839520335197,-0.4958557188510895,-0.04551754891872406,0.030360184609889984,-0.7029016613960266,-0.07831576466560364,0.04181266203522682,-0.8334229588508606,-0.10083335638046265,0.04714597761631012,-0.9542010426521301,-0.11508265882730484,0.07512184232473373,-0.4076436460018158,-0.0752728134393692,0.10040271282196045,-0.5407128930091858,-0.10061474144458771,0.1156885102391243,-0.6268433332443237,-0.10339519381523132,0.1252281367778778,-0.7137063145637512,-0.10353544354438782
F,F_session_002,296,0.0,0.0,0.0,-0.09855339676141739,-0.10492298752069473,-0.02684047631919384,-0.17532093822956085,-0.23654666543006897,-0.050222013145685196,-0.21919859945774078,-0.3546823561191559,-0.07655176520347595,-0.20786432921886444,-0.46819886565208435,-0.09981536865234375,-0.11115134507417679,-0.49339571595191956,-0.0036162068136036396,-0.14373120665550232,-0.6508218050003052,-0.06453368067741394,-0.17005226016044617,-0.6151106357574463,-0.11749202013015747,-0.18228976428508759,-0.5449076294898987,-0.1460294872522354,-0.04907514154911041,-0.5304824709892273,-0.01913420855998993,-0.06676658242940903,-0.7532824277877808,-0.050833992660045624,-0.08127788454294205,-0.8859747648239136,-0.08208189159631729,-0.09264901280403137,-1.0,-0.10464218258857727,0.015516383573412895,-0.4976007342338562,-0.04525121673941612,0.03320937603712082,-0.6995136141777039,-0.07912198454141617,0.04403673857450485,-0.8296048641204834,-0.10122359544038773,0.0490175224840641,-0.950822114944458,-0.11529488861560822,0.07430943846702576,-0.4072854816913605,-0.07442702353000641,0.09684625267982483,-0.540535032749176,-0.10030879825353622,0.11021105945110321,-0.6286628246307373,-0.10264622420072556,0.11763150244951248,-0.7169063091278076,-0.10259536653757095
F,F_session_002,297,0.0,0.0,0.0,-0.09825913608074188,-0.10485191643238068,-0.028513098135590553,-0.17597520351409912,-0.2357248067855835,-0.052863091230392456,-0.21965870261192322,-0.35486316680908203,-0.07976456731557846,-0.20918366312980652,-0.4692091643810272,-0.10314764827489853,-0.11224009096622467,-0.49248120188713074,-0.005281540565192699,-0.1447882354259491,-0.6483043432235718,-0.06604477018117905,-0.17089363932609558,-0.6151460409164429,-0.11863136291503906,-0.1839444935321808,-0.5479162931442261,-0.14703235030174255,-0.05025123432278633,-0.5289679169654846,-0.020221741870045662,-0.06813210994005203,-0.7524434328079224,-0.05400683730840683,-0.08142811059951782,-0.8852445483207703,-0.08561328798532486,-0.0917748510837555,-1.0,-0.10794643312692642,0.013335398398339748,-0.4976400136947632,-0.04579203203320503,0.029492918401956558,-0.7007409930229187,-0.0816507562994957,0.04176875948905945,-0.8302788734436035,-0.10300285369157791,0.047763925045728683,-0.9515755772590637,-0.11562894284725189,0.07132301479578018,-0.41033825278282166,-0.07451717555522919,0.08671774715185165,-0.552069902420044,-0.1002488061785698,0.09646143764257431,-0.6436721682548523,-0.10128364711999893,0.1003817468881607,-0.7342817187309265,-0.10016432404518127
F,F_session_002,298,0.0,0.0,0.0,-0.09790647774934769,-0.10517647117376328,-0.029686717316508293,-0.17506980895996094,-0.2393156886100769,-0.05481855571269989,-0.21847300231456757,-0.3598135709762573,-0.08226539939641953,-0.20562203228473663,-0.4741133749485016,-0.10601804405450821,-0.10957937687635422,-0.49282702803611755,-0.005999731365591288,-0.14292208850383759,-0.6518955230712891,-0.06740400940179825,-0.168042853474617,-0.6194870471954346,-0.12028862535953522,-0.17877957224845886,-0.5537177920341492,-0.14874577522277832,-0.04925752431154251,-0.5288248658180237,-0.01992225833237171,-0.06542529910802841,-0.7532641887664795,-0.05437853932380676,-0.07629480957984924,-0.8854979872703552,-0.08514894545078278,-0.08332546055316925,-1.0,-0.10666660964488983,0.012943513691425323,-0.4971686899662018,-0.04466874524950981,0.029750384390354156,-0.7008097767829895,-0.07985875010490417,0.04374402388930321,-0.8311638832092285,-0.0987170934677124,0.05232604593038559,-0.9525394439697266,-0.10927323251962662,0.06906778365373611,-0.4110797643661499,-0.07294625043869019,0.07716450095176697,-0.5595497488975525,-0.09698592126369476,0.08159773796796799,-0.6553695201873779,-0.09624131768941879,0.08159288018941879,-0.748707115650177,-0.09388180077075958
F,F_session_002,299,0.0,0.0,0.0,-0.09745553880929947,-0.10118907690048218,-0.03144468367099762,-0.17422206699848175,-0.23715409636497498,-0.056654904037714005,-0.21693140268325806,-0.35656848549842834,-0.08366724103689194,-0.21316593885421753,-0.4757439196109772,-0.1074114441871643,-0.1116294413805008,-0.4908543527126312,-0.00838847178965807,-0.1482304483652115,-0.6491571664810181,-0.06840859353542328,-0.1735658049583435,-0.6263536810874939,-0.1210729330778122,-0.1824599951505661,-0.5671600699424744,-0.15013103187084198,-0.05207647755742073,-0.53120356798172,-0.02126092091202736,-0.06920702010393143,-0.7550716400146484,-0.05608022212982178,-0.07771030068397522,-0.8877559900283813,-0.08794751018285751,-0.08061268925666809,-1.0,-0.11061223596334457,0.009334636852145195,-0.5021409392356873,-0.044774655252695084,0.02407863922417164,-0.703564465045929,-0.08062637597322464,0.03835105150938034,-0.837948739528656,-0.10123208165168762,0.049179185181856155,-0.960705578327179,-0.11322024464607239,0.06475943326950073,-0.4192993640899658,-0.07190579175949097,0.06807367503643036,-0.5713180303573608,-0.09732212126255035,0.06878811120986938,-0.6698381304740906,-0.09814374148845673,0.06623530387878418,-0.7638194561004639,-0.09711919724941254
