label,session_id,sample_index,x_0,y_0,z_0,x_1,y_1,z_1,x_2,y_2,z_2,x_3,y_3,z_3,x_4,y_4,z_4,x_5,y_5,z_5,x_6,y_6,z_6,x_7,y_7,z_7,x_8,y_8,z_8,x_9,y_9,z_9,x_10,y_10,z_10,x_11,y_11,z_11,x_12,y_12,z_12,x_13,y_13,z_13,x_14,y_14,z_14,x_15,y_15,z_15,x_16,y_16,z_16,x_17,y_17,z_17,x_18,y_18,z_18,x_19,y_19,z_19,x_20,y_20,z_20
G,G_session_001,0,0.0,0.0,0.0,-0.06833572685718536,-0.2705763578414917,-0.1555410921573639,-0.015048116445541382,-0.5906580686569214,-0.2586054503917694,0.09284385293722153,-0.7901690006256104,-0.34699735045433044,0.19202621281147003,-0.9719322919845581,-0.4178604483604431,0.31063517928123474,-0.8672048449516296,-0.12515906989574432,0.41326597332954407,-0.9144946932792664,-0.29665154218673706,0.4796814024448395,-0.9705681800842285,-0.3884352445602417,0.5455713272094727,-1.0,-0.4328446388244629,0.41181471943855286,-0.6365112662315369,-0.10379863530397415,0.43419408798217773,-0.6544020771980286,-0.24959835410118103,0.21379660069942474,-0.5377323627471924,-0.2246391326189041,0.20751531422138214,-0.5495791435241699,-0.16917583346366882,0.4591217041015625,-0.36131224036216736,-0.11598064005374908,0.43603822588920593,-0.3493881821632385,-0.26827701926231384,0.2327107936143875,-0.28947779536247253,-0.1916242390871048,0.22116029262542725,-0.3134450912475586,-0.10334689915180206,0.4679534137248993,-0.07839197665452957,-0.1440294235944748,0.4218698740005493,-0.09755618125200272,-0.24310263991355896,0.27619946002960205,-0.09360883384943008,-0.19982260465621948,0.2580990791320801,-0.11406318843364716,-0.14244024455547333
G,G_session_001,1,0.0,0.0,0.0,-0.06291389465332031,-0.2802630364894867,-0.11015599966049194,-0.036784280091524124,-0.6139705777168274,-0.18544287979602814,0.06483695656061172,-0.8077738881111145,-0.256772518157959,0.16915546357631683,-0.977691650390625,-0.31511735916137695,0.311475545167923,-0.8841423988342285,-0.07538526505231857,0.4087081253528595,-0.9434770941734314,-0.21126261353492737,0.4657897651195526,-0.9950183629989624,-0.28868547081947327,0.5263428688049316,-1.0,-0.3283165693283081,0.4121590554714203,-0.6620097160339355,-0.07539726793766022,0.3996710181236267,-0.6648496389389038,-0.1944596916437149,0.19508801400661469,-0.5495796203613281,-0.18850010633468628,0.19170770049095154,-0.5632237195968628,-0.1556108593940735,0.467919260263443,-0.3927147686481476,-0.10139435529708862,0.43053263425827026,-0.35863277316093445,-0.23021873831748962,0.23389190435409546,-0.30173593759536743,-0.17011162638664246,0.22034074366092682,-0.32194504141807556,-0.09852136671543121,0.48938459157943726,-0.10165005922317505,-0.14034059643745422,0.45501944422721863,-0.1010509505867958,-0.22414949536323547,0.3045099377632141,-0.09300167113542557,-0.18262827396392822,0.2708185017108917,-0.10643105953931808,-0.12810169160366058
G,G_session_001,2,0.0,0.0,0.0,-0.05173102393746376,-0.2853933572769165,-0.10103900730609894,-0.02297257073223591,-0.6085321307182312,-0.1717979460954666,0.07698095589876175,-0.7948246002197266,-0.2405317723751068,0.17541491985321045,-0.9656032919883728,-0.29671651124954224,0.3235948979854584,-0.854737401008606,-0.07710849493741989,0.43219277262687683,-0.9197964072227478,-0.2025252729654312,0.48427218198776245,-0.9831634759902954,-0.2692936956882477,0.5324189066886902,-1.0,-0.30096641182899475,0.4116412103176117,-0.6166905760765076,-0.0790771096944809,0.42691975831985474,-0.6416847705841064,-0.19344528019428253,0.2156510353088379,-0.5376445055007935,-0.1849309355020523,0.20240457355976105,-0.5457177758216858,-0.15093690156936646,0.4593738317489624,-0.33735209703445435,-0.10485120862722397,0.4738083779811859,-0.32796430587768555,-0.24116142094135284,0.267674058675766,-0.28393879532814026,-0.186189204454422,0.23535069823265076,-0.2968074679374695,-0.11405868828296661,0.47629836201667786,-0.04515214264392853,-0.14013947546482086,0.5400360822677612,-0.05825064703822136,-0.23617658019065857,0.45366913080215454,-0.03827875852584839,-0.20251303911209106,0.4607084393501282,-0.015941521152853966,-0.15089169144630432
G,G_session_001,3,0.0,0.0,0.0,-0.05111512169241905,-0.28753167390823364,-0.10931282490491867,-0.011925614438951015,-0.614899754524231,-0.18782024085521698,0.09170116484165192,-0.810524582862854,-0.2630882263183594,0.18386021256446838,-0.9908289313316345,-0.32593095302581787,0.335587739944458,-0.8734290599822998,-0.08457961678504944,0.4430280029773712,-0.9342352151870728,-0.20875400304794312,0.492601603269577,-0.9898546934127808,-0.2745406925678253,0.5326857566833496,-1.0,-0.3060041666030884,0.4344107508659363,-0.6369866728782654,-0.08283746242523193,0.4258821904659271,-0.6251173615455627,-0.19865114986896515,0.2233658730983734,-0.5256969332695007,-0.19446635246276855,0.21762855350971222,-0.5363044738769531,-0.16323904693126678,0.485300213098526,-0.3515917658805847,-0.10434573888778687,0.47144603729248047,-0.3084237575531006,-0.2399231493473053,0.27500900626182556,-0.2732614278793335,-0.18539640307426453,0.2510691285133362,-0.29688698053359985,-0.11290882527828217,0.5036038160324097,-0.054121870547533035,-0.1363832801580429,0.5653210282325745,-0.058291129767894745,-0.23236966133117676,0.5244733691215515,-0.03571360930800438,-0.20070752501487732,0.5756088495254517,-0.013718617148697376,-0.14907865226268768
G,G_session_001,4,0.0,0.0,0.0,-0.05605784431099892,-0.28313004970550537,-0.10816028714179993,-0.021386604756116867,-0.6173991560935974,-0.18725696206092834,0.08309260755777359,-0.8209506273269653,-0.26560351252555847,0.17460687458515167,-1.0,-0.3308829367160797,0.3337629437446594,-0.8729717135429382,-0.0741458609700203,0.44171983003616333,-0.9392296671867371,-0.20781736075878143,0.48176634311676025,-0.9938237071037292,-0.2776399254798889,0.5126474499702454,-0.9954783320426941,-0.30891093611717224,0.4337445795536041,-0.6497292518615723,-0.07622683793306351,0.3991662263870239,-0.6485196352005005,-0.19160054624080658,0.19568927586078644,-0.5347861051559448,-0.18154869973659515,0.2016819566488266,-0.5405807495117188,-0.1451844722032547,0.48342597484588623,-0.3734285533428192,-0.10410045087337494,0.42523688077926636,-0.33973798155784607,-0.22990179061889648,0.2304929941892624,-0.2846449613571167,-0.16654370725154877,0.22612826526165009,-0.30051013827323914,-0.09218420088291168,0.4984076917171478,-0.07805466651916504,-0.14497992396354675,0.46927985548973083,-0.08960802108049393,-0.22565433382987976,0.3301650285720825,-0.08084651827812195,-0.1805891990661621,0.30614173412323,-0.08110428601503372,-0.12243141233921051
G,G_session_001,5,0.0,0.0,0.0,-0.04891557618975639,-0.29395049810409546,-0.11713071167469025,-0.014334023930132389,-0.6314499974250793,-0.19984079897403717,0.08317452669143677,-0.8290417194366455,-0.2769268751144409,0.1798994094133377,-1.0,-0.33656585216522217,0.3530768156051636,-0.8755342960357666,-0.10144388675689697,0.46979275345802307,-0.9093139171600342,-0.23043464124202728,0.5086703896522522,-0.9690057635307312,-0.2878039479255676,0.526692271232605,-0.9864153265953064,-0.3099679946899414,0.4432247281074524,-0.6416841149330139,-0.09506199508905411,0.428200900554657,-0.6389027237892151,-0.2198607474565506,0.22213023900985718,-0.5339254140853882,-0.20907095074653625,0.2218354046344757,-0.5316580533981323,-0.1700998693704605,0.4855464994907379,-0.357372909784317,-0.11301825195550919,0.47492915391921997,-0.3121151924133301,-0.26060718297958374,0.2772176265716553,-0.2818436324596405,-0.20377205312252045,0.24775275588035583,-0.30155301094055176,-0.1255459040403366,0.49709805846214294,-0.06025375425815582,-0.14194680750370026,0.591307520866394,-0.049127113074064255,-0.258028119802475,0.6007137298583984,-0.029436737298965454,-0.23952703177928925,0.6835265755653381,0.00019801806774921715,-0.1923983246088028
G,G_session_001,6,0.0,0.0,0.0,-0.04741504415869713,-0.29529812932014465,-0.10687427967786789,-0.013949199579656124,-0.6278925538063049,-0.18980757892131805,0.08047408610582352,-0.8292761445045471,-0.27141138911247253,0.17118717730045319,-1.0,-0.3382314145565033,0.34336793422698975,-0.847217857837677,-0.08480767905712128,0.46475401520729065,-0.8968071341514587,-0.20580936968326569,0.5023418664932251,-0.9561437964439392,-0.2599033713340759,0.5092878341674805,-0.967361330986023,-0.2796896696090698,0.4368581175804138,-0.6237000226974487,-0.08451258391141891,0.40413251519203186,-0.616831362247467,-0.19904135167598724,0.20869453251361847,-0.5115805268287659,-0.18986502289772034,0.21074533462524414,-0.5044123530387878,-0.15396343171596527,0.48032146692276,-0.3470809757709503,-0.10747911036014557,0.4444441795349121,-0.2962004542350769,-0.241895854473114,0.26010528206825256,-0.2647160291671753,-0.18627771735191345,0.23883801698684692,-0.28672316670417786,-0.1123829260468483,0.49268782138824463,-0.054524168372154236,-0.14116936922073364,0.5661017894744873,-0.05856674909591675,-0.24109429121017456,0.5670939683914185,-0.035416826605796814,-0.21440532803535461,0.6416467428207397,-0.0024894464295357466,-0.1645354926586151
G,G_session_001,7,0.0,0.0,0.0,-0.04949680343270302,-0.29146742820739746,-0.10758557915687561,-0.015441016294062138,-0.6280167102813721,-0.18357546627521515,0.08150549232959747,-0.83220374584198,-0.25655919313430786,0.17152760922908783,-1.0,-0.314133882522583,0.33479830622673035,-0.8593422770500183,-0.0845438539981842,0.44747090339660645,-0.9090849161148071,-0.20436595380306244,0.4854678213596344,-0.9548735022544861,-0.25381386280059814,0.509416937828064,-0.9660398364067078,-0.27030232548713684,0.4257526397705078,-0.631413459777832,-0.08055854588747025,0.41527241468429565,-0.63350909948349,-0.1977500021457672,0.21769475936889648,-0.5249706506729126,-0.1858963519334793,0.21880106627941132,-0.5227494835853577,-0.14615222811698914,0.4724096357822418,-0.35890328884124756,-0.09988221526145935,0.4598744511604309,-0.31659525632858276,-0.24305613338947296,0.2665133476257324,-0.2765868902206421,-0.1897374391555786,0.23788569867610931,-0.2965826690196991,-0.11323989927768707,0.4899912178516388,-0.07383047044277191,-0.12873992323875427,0.5809569954872131,-0.07092821598052979,-0.23463009297847748,0.5837083458900452,-0.043137166649103165,-0.21230177581310272,0.6570154428482056,-0.01436502207070589,-0.16397102177143097
G,G_session_001,8,0.0,0.0,0.0,-0.04714353382587433,-0.29591816663742065,-0.11063049733638763,-0.009726351127028465,-0.6264293193817139,-0.1903182715177536,0.0836082324385643,-0.8259742856025696,-0.2670280933380127,0.16731546819210052,-1.0,-0.32729440927505493,0.3387424945831299,-0.851548969745636,-0.09012788534164429,0.45277139544487,-0.9102119207382202,-0.21141929924488068,0.4888436794281006,-0.9526323676109314,-0.2603273093700409,0.5006640553474426,-0.9415300488471985,-0.27516844868659973,0.4277210533618927,-0.6285115480422974,-0.08422742784023285,0.41647037863731384,-0.6273564696311951,-0.20356428623199463,0.2230241596698761,-0.5195237994194031,-0.1933659166097641,0.21872282028198242,-0.5149136781692505,-0.154022216796875,0.4732913076877594,-0.35652291774749756,-0.10185515135526657,0.45607131719589233,-0.30539292097091675,-0.24527855217456818,0.2709307372570038,-0.2667684257030487,-0.19471164047718048,0.23459184169769287,-0.28715503215789795,-0.11935748904943466,0.4896317422389984,-0.06941328197717667,-0.1295998990535736,0.5925597548484802,-0.07461920380592346,-0.24090756475925446,0.6274193525314331,-0.044536639004945755,-0.22588755190372467,0.7143182158470154,-0.00881926342844963,-0.18108168244361877
G,G_session_001,9,0.0,0.0,0.0,-0.05060086026787758,-0.29852327704429626,-0.09968562424182892,-0.017731575295329094,-0.6350898742675781,-0.17459163069725037,0.07964450120925903,-0.8341500163078308,-0.2487121820449829,0.17112517356872559,-1.0,-0.3058333396911621,0.34577038884162903,-0.857211172580719,-0.07966111600399017,0.4697917103767395,-0.9015911817550659,-0.1990925818681717,0.4999440312385559,-0.937131404876709,-0.24530433118343353,0.5002323389053345,-0.9355400204658508,-0.25726431608200073,0.43897491693496704,-0.6346125602722168,-0.07821468263864517,0.39507973194122314,-0.6187041997909546,-0.1926169991493225,0.21293044090270996,-0.5035947561264038,-0.1822265386581421,0.222347691655159,-0.49889978766441345,-0.14472608268260956,0.4866334795951843,-0.3608624041080475,-0.09930997341871262,0.443218469619751,-0.3093281686306,-0.23355111479759216,0.2667885720729828,-0.26559385657310486,-0.17826351523399353,0.24465830624103546,-0.284365713596344,-0.1030556932091713,0.5059491991996765,-0.0716368556022644,-0.13039200007915497,0.5813292860984802,-0.07531455904245377,-0.233172208070755,0.5995363593101501,-0.04529542848467827,-0.21115601062774658,0.6851439476013184,-0.015194584615528584,-0.16240160167217255
G,G_session_001,10,0.0,0.0,0.0,-0.0471767857670784,-0.2947250008583069,-0.11481574177742004,-0.018900172784924507,-0.6253456473350525,-0.19650132954120636,0.0787823498249054,-0.8268234133720398,-0.2742960751056671,0.16401588916778564,-1.0,-0.3346899449825287,0.3345873951911926,-0.8694241046905518,-0.09940803796052933,0.4480229914188385,-0.9309707880020142,-0.22605153918266296,0.48175182938575745,-0.9529175758361816,-0.2736400365829468,0.5054253935813904,-0.9362364411354065,-0.28681617975234985,0.42310234904289246,-0.6384115219116211,-0.09158196300268173,0.4170595407485962,-0.6329017281532288,-0.2149764746427536,0.2211064100265503,-0.5228685140609741,-0.20127184689044952,0.2271355390548706,-0.5371379256248474,-0.15976287424564362,0.47418102622032166,-0.3665087819099426,-0.10793360322713852,0.46896037459373474,-0.3229789137840271,-0.25541430711746216,0.2763174772262573,-0.2761536240577698,-0.19965122640132904,0.2451181262731552,-0.3003648519515991,-0.12109217792749405,0.49863603711128235,-0.08206412196159363,-0.13469894230365753,0.5949205756187439,-0.07969921082258224,-0.245395690202713,0.6091194152832031,-0.04852471500635147,-0.22642947733402252,0.6907718777656555,-0.02356264367699623,-0.17962288856506348
G,G_session_001,11,0.0,0.0,0.0,-0.04835618659853935,-0.2953404486179352,-0.117307648062706,-0.017209140583872795,-0.6174232959747314,-0.20283132791519165,0.08240262418985367,-0.8167567849159241,-0.28439193964004517,0.17143402993679047,-1.0,-0.3475455641746521,0.3512493968009949,-0.852472722530365,-0.09761770814657211,0.48555004596710205,-0.9076671004295349,-0.22182202339172363,0.5129181742668152,-0.9403354525566101,-0.2676365375518799,0.497709184885025,-0.9057332277297974,-0.2772209346294403,0.43727871775627136,-0.6177040934562683,-0.08951275050640106,0.43149304389953613,-0.6124435663223267,-0.2089431881904602,0.23325976729393005,-0.5048649907112122,-0.1953100711107254,0.22777564823627472,-0.5022401809692383,-0.15334780514240265,0.48483985662460327,-0.33986523747444153,-0.10570692270994186,0.47983792424201965,-0.2952774167060852,-0.2441636174917221,0.2907511591911316,-0.2590126693248749,-0.1855873465538025,0.2595447599887848,-0.282732218503952,-0.10727474093437195,0.5052987337112427,-0.04635746031999588,-0.13325124979019165,0.5914314985275269,-0.05405954644083977,-0.2387380301952362,0.593792200088501,-0.025411635637283325,-0.2152802050113678,0.6691370010375977,0.0048708003014326096,-0.16499698162078857
G,G_session_001,12,0.0,0.0,0.0,-0.040056418627500534,-0.30618131160736084,-0.12467624247074127,-0.0063390107825398445,-0.6273088455200195,-0.2094973921775818,0.09524649381637573,-0.8195952773094177,-0.28780582547187805,0.18410032987594604,-1.0,-0.35029715299606323,0.34549281001091003,-0.8742256164550781,-0.10465992242097855,0.45075443387031555,-0.9433127045631409,-0.22501008212566376,0.490459144115448,-0.9634550213813782,-0.2747859060764313,0.5165442824363708,-0.9264268279075623,-0.292432576417923,0.43752771615982056,-0.6272383332252502,-0.09431305527687073,0.4533137083053589,-0.6383151412010193,-0.218717560172081,0.2529279589653015,-0.5288129448890686,-0.21331608295440674,0.23593255877494812,-0.5248483419418335,-0.17705465853214264,0.491922527551651,-0.34872278571128845,-0.10749553143978119,0.5009148716926575,-0.3152853846549988,-0.2532553970813751,0.3083951473236084,-0.27345210313796997,-0.20439210534095764,0.2654358446598053,-0.2938458025455475,-0.13101011514663696,0.5162606239318848,-0.05889741703867912,-0.1317184567451477,0.6203822493553162,-0.06847594678401947,-0.24004670977592468,0.6255088448524475,-0.04645165801048279,-0.22205939888954163,0.6929613351821899,-0.03309302404522896,-0.17722561955451965
G,G_session_001,13,0.0,0.0,0.0,-0.05012800917029381,-0.30739012360572815,-0.12446928769350052,-0.020835593342781067,-0.6318866014480591,-0.2139572948217392,0.08331745862960815,-0.82526695728302,-0.2985064387321472,0.17268654704093933,-1.0,-0.36811500787734985,0.33720165491104126,-0.8889501094818115,-0.09992056339979172,0.45696336030960083,-0.938264787197113,-0.22969578206539154,0.505207896232605,-0.9530590176582336,-0.2921568751335144,0.5300800800323486,-0.9133552312850952,-0.3182885944843292,0.4372085630893707,-0.6507906913757324,-0.0936613604426384,0.430162250995636,-0.6257437467575073,-0.21324549615383148,0.23189163208007812,-0.5131653547286987,-0.20550358295440674,0.22076363861560822,-0.5308535099029541,-0.17026133835315704,0.4935860335826874,-0.36665529012680054,-0.11268462240695953,0.4657360017299652,-0.3083444833755493,-0.24738533794879913,0.27540674805641174,-0.2573888599872589,-0.190843865275383,0.2516072392463684,-0.293526828289032,-0.11912032216787338,0.5162142515182495,-0.06731056421995163,-0.14428319036960602,0.5378968715667725,-0.06129483878612518,-0.2373441904783249,0.4566948115825653,-0.03006691299378872,-0.20230329036712646,0.47381436824798584,-0.02221752516925335,-0.14921797811985016
G,G_session_001,14,0.0,0.0,0.0,-0.04094268009066582,-0.3106786906719208,-0.1180165633559227,-0.0015039830468595028,-0.6343976855278015,-0.19998911023139954,0.11224254965782166,-0.8206972479820251,-0.27662211656570435,0.1983453929424286,-1.0,-0.3399871587753296,0.3509691655635834,-0.8961641788482666,-0.09744907915592194,0.46447283029556274,-0.9357090592384338,-0.22463181614875793,0.5204470753669739,-0.9596816301345825,-0.2880260646343231,0.5688415169715881,-0.934644877910614,-0.3177855908870697,0.44431817531585693,-0.633618175983429,-0.09406352788209915,0.4751147925853729,-0.6559211611747742,-0.2146414816379547,0.2584919035434723,-0.5271276235580444,-0.20083104074001312,0.23391342163085938,-0.5270289778709412,-0.16047774255275726,0.5004904866218567,-0.3404269814491272,-0.11540189385414124,0.513780415058136,-0.32357174158096313,-0.25357234477996826,0.3054908215999603,-0.25822606682777405,-0.18894743919372559,0.2666866183280945,-0.26590150594711304,-0.10985569655895233,0.5260416269302368,-0.030101878568530083,-0.14833615720272064,0.5826179385185242,-0.04747563228011131,-0.24298013746738434,0.4855063557624817,-0.028093304485082626,-0.2026572972536087,0.48336902260780334,-0.023015383630990982,-0.14653658866882324
G,G_session_001,15,0.0,0.0,0.0,-0.05487697944045067,-0.31864166259765625,-0.123991958796978,-0.023962663486599922,-0.6579893827438354,-0.20998483896255493,0.08855605870485306,-0.8425703644752502,-0.2904661297798157,0.1888391375541687,-1.0,-0.3550873100757599,0.3394339382648468,-0.9107975959777832,-0.09640736877918243,0.4275384545326233,-0.9671172499656677,-0.23531009256839752,0.488630473613739,-0.9702659845352173,-0.30787724256515503,0.5678488612174988,-0.9345453381538391,-0.34293583035469055,0.4444412589073181,-0.6803855299949646,-0.090790756046772,0.4201046824455261,-0.6257312893867493,-0.21349120140075684,0.21742716431617737,-0.510145902633667,-0.20356732606887817,0.228489950299263,-0.5506386160850525,-0.1672387570142746,0.5042163729667664,-0.3984832465648651,-0.11185669898986816,0.4645342230796814,-0.32213446497917175,-0.24818500876426697,0.2703125774860382,-0.259932279586792,-0.1855926811695099,0.26557713747024536,-0.29811546206474304,-0.1103743389248848,0.5293705463409424,-0.1002819612622261,-0.14653292298316956,0.5258090496063232,-0.07131294161081314,-0.2361435741186142,0.4248572885990143,-0.039984043687582016,-0.19661089777946472,0.43981438875198364,-0.04007695987820625,-0.14117339253425598
G,G_session_001,16,0.0,0.0,0.0,-0.05414053052663803,-0.322432279586792,-0.14178909361362457,-0.02741960436105728,-0.6648321151733398,-0.23728054761886597,0.08033236116170883,-0.8445436358451843,-0.3247362971305847,0.1915929913520813,-1.0,-0.3951103687286377,0.36134248971939087,-0.9363172650337219,-0.11236954480409622,0.4549744129180908,-0.9864442944526672,-0.25906556844711304,0.5192481279373169,-0.9860053062438965,-0.3331453204154968,0.6037271022796631,-0.9486714005470276,-0.3675477206707001,0.46507078409194946,-0.684180498123169,-0.10232557356357574,0.4657052159309387,-0.6371673345565796,-0.23859533667564392,0.24155084788799286,-0.514796793460846,-0.23026394844055176,0.2392147332429886,-0.5628606677055359,-0.19114436209201813,0.5257097482681274,-0.3881804943084717,-0.12128880620002747,0.5094407796859741,-0.30174997448921204,-0.2798810601234436,0.29288727045059204,-0.2373489886522293,-0.21902647614479065,0.27006036043167114,-0.2895626723766327,-0.13737520575523376,0.5505703687667847,-0.07819285243749619,-0.15401668846607208,0.5929449796676636,-0.06393378227949142,-0.26220741868019104,0.5212141275405884,-0.03095020353794098,-0.2263975441455841,0.5551454424858093,-0.02886630780994892,-0.1691320687532425
G,G_session_001,17,0.0,0.0,0.0,-0.062211114913225174,-0.32415178418159485,-0.1486653834581375,-0.03864322602748871,-0.6631928086280823,-0.2501121461391449,0.06721361726522446,-0.8463939428329468,-0.3419751524925232,0.18475595116615295,-0.9951080679893494,-0.4163335859775543,0.3424740135669708,-0.9432930946350098,-0.12343675643205643,0.4271405339241028,-1.0,-0.2873147428035736,0.49816057085990906,-0.9874359369277954,-0.37541013956069946,0.6026536822319031,-0.9477314949035645,-0.41881874203681946,0.44598838686943054,-0.7038074731826782,-0.11052530258893967,0.44653594493865967,-0.646594226360321,-0.2563210129737854,0.2276683896780014,-0.5171856880187988,-0.24795350432395935,0.23532551527023315,-0.5776373147964478,-0.20791834592819214,0.5107492804527283,-0.41739949584007263,-0.12833952903747559,0.4882834851741791,-0.32625383138656616,-0.28982511162757874,0.27657827734947205,-0.24665455520153046,-0.2237875610589981,0.2676510512828827,-0.30008989572525024,-0.13932497799396515,0.5402849912643433,-0.11771227419376373,-0.16139981150627136,0.5468635559082031,-0.07451237738132477,-0.2664622664451599,0.4410586953163147,-0.02976379729807377,-0.22534380853176117,0.4580518901348114,-0.03305692598223686,-0.16505427658557892
G,G_session_001,18,0.0,0.0,0.0,-0.060499731451272964,-0.322836309671402,-0.15635055303573608,-0.03907468542456627,-0.663565456867218,-0.2621138393878937,0.06384848058223724,-0.847244918346405,-0.3587757647037506,0.18042722344398499,-0.993527889251709,-0.43605509400367737,0.35146617889404297,-0.9402357339859009,-0.12589944899082184,0.4458041489124298,-1.0,-0.28616705536842346,0.5146000385284424,-0.992154598236084,-0.362629771232605,0.6119276881217957,-0.9489130973815918,-0.395399808883667,0.4519971013069153,-0.692847728729248,-0.11056428402662277,0.4639769196510315,-0.65142822265625,-0.25543180108070374,0.23516105115413666,-0.5130848288536072,-0.2386549413204193,0.24165214598178864,-0.5700329542160034,-0.19022023677825928,0.5158708691596985,-0.4019678831100464,-0.127608060836792,0.5115122199058533,-0.32096758484840393,-0.2930886149406433,0.29240652918815613,-0.24109184741973877,-0.22400973737239838,0.27770113945007324,-0.2931400239467621,-0.1340995728969574,0.5454069972038269,-0.09641151130199432,-0.16026784479618073,0.5920661091804504,-0.06949062645435333,-0.2694973647594452,0.5125406980514526,-0.02849462814629078,-0.23017163574695587,0.5451124310493469,-0.024303648620843887,-0.16910216212272644
G,G_session_001,19,0.0,0.0,0.0,-0.06080113723874092,-0.31773853302001953,-0.1635780781507492,-0.04549756646156311,-0.6571627259254456,-0.27706143260002136,0.0549001544713974,-0.8483104705810547,-0.38109344244003296,0.1816542148590088,-0.989069402217865,-0.46497270464897156,0.3506774306297302,-0.9408529996871948,-0.13092219829559326,0.45718249678611755,-1.0,-0.29749152064323425,0.5205889940261841,-0.9908682107925415,-0.37242868542671204,0.603958249092102,-0.9452429413795471,-0.4014482796192169,0.448129802942276,-0.6882624626159668,-0.11136919260025024,0.466060072183609,-0.6662980914115906,-0.2597670257091522,0.2342384159564972,-0.518818199634552,-0.2361990064382553,0.24366670846939087,-0.5713340044021606,-0.18112653493881226,0.5128322243690491,-0.3956329822540283,-0.12621760368347168,0.5182022452354431,-0.32534700632095337,-0.29539844393730164,0.29747292399406433,-0.23842042684555054,-0.21988821029663086,0.2849110960960388,-0.2921349108219147,-0.12421537935733795,0.5449571013450623,-0.08812608569860458,-0.1571226269006729,0.5938606262207031,-0.06490208953619003,-0.2690289318561554,0.5129745602607727,-0.018215710297226906,-0.2281426042318344,0.5466551780700684,-0.009705821052193642,-0.1646563559770584
G,G_session_001,20,0.0,0.0,0.0,-0.0498778335750103,-0.3189685344696045,-0.15959174931049347,-0.02615286409854889,-0.654295027256012,-0.26783812046051025,0.07139839231967926,-0.8449808359146118,-0.365529865026474,0.1848902851343155,-1.0,-0.4446711540222168,0.356536328792572,-0.9322748184204102,-0.13140003383159637,0.45199015736579895,-0.9877922534942627,-0.2777940034866333,0.5166916251182556,-0.9984976053237915,-0.3409196734428406,0.6023059487342834,-0.954243540763855,-0.36665138602256775,0.45354387164115906,-0.6711342930793762,-0.11221124976873398,0.4789978563785553,-0.6645609736442566,-0.25274458527565,0.25297316908836365,-0.5361799001693726,-0.23322877287864685,0.25972065329551697,-0.558017909526825,-0.18219029903411865,0.514079749584198,-0.37200748920440674,-0.12379299849271774,0.5275225639343262,-0.3130573332309723,-0.2871001064777374,0.313374787569046,-0.25509151816368103,-0.21897026896476746,0.2931627333164215,-0.2951104938983917,-0.12823686003684998,0.5426118969917297,-0.06290530413389206,-0.15055975317955017,0.6274160742759705,-0.057821694761514664,-0.26367199420928955,0.5992242097854614,-0.03200563043355942,-0.23203805088996887,0.6649044752120972,-0.017930245026946068,-0.17532986402511597
G,G_session_001,21,0.0,0.0,0.0,-0.04307989403605461,-0.3313876986503601,-0.12351346015930176,-0.0059710172936320305,-0.6669507622718811,-0.21609057486057281,0.09445841610431671,-0.8434771299362183,-0.3049924969673157,0.19084058701992035,-0.9957685470581055,-0.37837204337120056,0.38030609488487244,-0.8993740081787109,-0.0978686735033989,0.4773750305175781,-0.9604413509368896,-0.22213521599769592,0.5408607125282288,-1.0,-0.2779175639152527,0.6101717948913574,-0.9790574908256531,-0.3030613362789154,0.4760182499885559,-0.6508663892745972,-0.09315118938684464,0.467213898897171,-0.6451917886734009,-0.21555034816265106,0.25552311539649963,-0.5266575217247009,-0.20427966117858887,0.2632030248641968,-0.5138580203056335,-0.16571097075939178,0.526732325553894,-0.35260912775993347,-0.11337195336818695,0.5185574293136597,-0.29390519857406616,-0.25964322686195374,0.32027482986450195,-0.2522413730621338,-0.19667646288871765,0.29188117384910583,-0.26624763011932373,-0.11384423077106476,0.5443628430366516,-0.03965213894844055,-0.14601632952690125,0.6590185761451721,-0.05131684988737106,-0.2517416477203369,0.6898783445358276,-0.03719959408044815,-0.22353780269622803,0.7847493290901184,-0.01070740632712841,-0.17129558324813843
G,G_session_001,22,0.0,0.0,0.0,-0.0427263118326664,-0.32548627257347107,-0.12848737835884094,-0.009158612228929996,-0.6525416970252991,-0.22319374978542328,0.08654621988534927,-0.8322992920875549,-0.3134579360485077,0.18720845878124237,-0.9761607050895691,-0.3891112506389618,0.36550191044807434,-0.890410304069519,-0.09686063230037689,0.454586386680603,-0.9544891119003296,-0.21638929843902588,0.5093138813972473,-1.0,-0.26970505714416504,0.5684613585472107,-0.9900034666061401,-0.29415982961654663,0.4638057053089142,-0.6424264907836914,-0.08968044817447662,0.46140095591545105,-0.6435426473617554,-0.20613224804401398,0.24833956360816956,-0.5340238213539124,-0.19060927629470825,0.2486061453819275,-0.5226511359214783,-0.14922550320625305,0.514595091342926,-0.3480105400085449,-0.1081666648387909,0.49964505434036255,-0.2988269329071045,-0.24849671125411987,0.30392754077911377,-0.26155537366867065,-0.18782936036586761,0.2801804542541504,-0.27867352962493896,-0.10843060165643692,0.531290590763092,-0.042653921991586685,-0.13943815231323242,0.6249545812606812,-0.04829472303390503,-0.2369675487279892,0.6219901442527771,-0.02583971805870533,-0.20655930042266846,0.693550169467926,0.005702679045498371,-0.15549598634243011
G,G_session_001,23,0.0,0.0,0.0,-0.03518066927790642,-0.31397104263305664,-0.13025915622711182,-0.0032868452835828066,-0.6226705312728882,-0.22709877789020538,0.09009307622909546,-0.8126079440116882,-0.31641367077827454,0.18067708611488342,-0.980468213558197,-0.3896622359752655,0.35146087408065796,-0.8865375518798828,-0.10797791182994843,0.46133556962013245,-0.9442024827003479,-0.22833259403705597,0.5235243439674377,-1.0,-0.27895620465278625,0.5705102682113647,-0.9782561659812927,-0.2997756004333496,0.43950796127319336,-0.6308510899543762,-0.09150208532810211,0.4791546165943146,-0.661003589630127,-0.20648132264614105,0.26864683628082275,-0.5475777387619019,-0.18224024772644043,0.251932293176651,-0.5286602973937988,-0.1338764727115631,0.4892958402633667,-0.3521784245967865,-0.10075335204601288,0.5161969661712646,-0.31672200560569763,-0.24080531299114227,0.3264530599117279,-0.2777022421360016,-0.1776159405708313,0.2791426479816437,-0.28870880603790283,-0.09489217400550842,0.5068909525871277,-0.053303640335798264,-0.12175539135932922,0.634168803691864,-0.07379862666130066,-0.2271486222743988,0.681490957736969,-0.05084593594074249,-0.20769312977790833,0.7722311615943909,-0.025817541405558586,-0.16317597031593323
G,G_session_001,24,0.0,0.0,0.0,-0.04235261306166649,-0.31669408082962036,-0.12075582891702652,-0.013228493742644787,-0.6423451900482178,-0.20984560251235962,0.08343800902366638,-0.8408370614051819,-0.29403817653656006,0.18259470164775848,-1.0,-0.3625432550907135,0.3621249198913574,-0.8904054760932922,-0.09066322445869446,0.4887849986553192,-0.9267396926879883,-0.2093842476606369,0.5455361008644104,-0.990837812423706,-0.2594960927963257,0.5706983804702759,-0.9939110279083252,-0.2769468128681183,0.4525030255317688,-0.6414341926574707,-0.08063032478094101,0.4794428050518036,-0.6481607556343079,-0.19523033499717712,0.2620224952697754,-0.5404351949691772,-0.17428357899188995,0.23794203996658325,-0.5293738842010498,-0.1261177659034729,0.5014693140983582,-0.3546116352081299,-0.09585483372211456,0.5208874344825745,-0.3099621832370758,-0.23543572425842285,0.3200362026691437,-0.27211976051330566,-0.17474430799484253,0.2767534852027893,-0.29220637679100037,-0.09249401092529297,0.5179205536842346,-0.051701679825782776,-0.12183241546154022,0.6251876950263977,-0.05935947597026825,-0.2235121876001358,0.6355236768722534,-0.037187669426202774,-0.1975683718919754,0.7133654952049255,-0.015241235494613647,-0.1467876136302948
G,G_session_001,25,0.0,0.0,0.0,-0.04600134864449501,-0.31150320172309875,-0.11865338683128357,-0.010162930004298687,-0.6356027126312256,-0.20803208649158478,0.0867772176861763,-0.829556405544281,-0.2938494384288788,0.1850636601448059,-1.0,-0.36209946870803833,0.36888131499290466,-0.8958241939544678,-0.09259378165006638,0.486718088388443,-0.9365372061729431,-0.22070391476154327,0.5343711972236633,-0.9894612431526184,-0.27580466866493225,0.554786741733551,-0.9796938300132751,-0.2952641248703003,0.46684151887893677,-0.6538634896278381,-0.08601690083742142,0.43621495366096497,-0.6530917286872864,-0.20546966791152954,0.2332598865032196,-0.5478785037994385,-0.19042471051216125,0.23891042172908783,-0.5331937074661255,-0.14751535654067993,0.5153231024742126,-0.35997724533081055,-0.10454913973808289,0.4799729585647583,-0.3090055286884308,-0.2422177493572235,0.29253461956977844,-0.2804061770439148,-0.17638638615608215,0.2713026702404022,-0.2978305220603943,-0.09241380542516708,0.5279496908187866,-0.052917562425136566,-0.13550302386283875,0.6103836894035339,-0.05415637046098709,-0.2381955236196518,0.6259325742721558,-0.034262750297784805,-0.20862258970737457,0.7137128114700317,-0.002914021722972393,-0.15353572368621826
G,G_session_001,26,0.0,0.0,0.0,-0.04822111874818802,-0.3109690248966217,-0.11467447876930237,-0.013758870773017406,-0.6404396891593933,-0.2019929736852646,0.0823032408952713,-0.8384132385253906,-0.28748664259910583,0.17978475987911224,-1.0,-0.3558247983455658,0.3574909567832947,-0.8835201859474182,-0.08633513003587723,0.46870046854019165,-0.9252471327781677,-0.21689487993717194,0.5150341987609863,-0.9783691167831421,-0.2750418782234192,0.5439356565475464,-0.9851540327072144,-0.29802337288856506,0.4541570842266083,-0.6600750684738159,-0.08323416858911514,0.3981778919696808,-0.6581262946128845,-0.20439587533473969,0.2067801058292389,-0.5446271896362305,-0.19281397759914398,0.2349371463060379,-0.5362533330917358,-0.15386152267456055,0.5006470084190369,-0.3775086998939514,-0.10565972328186035,0.4418400526046753,-0.3214140832424164,-0.24326366186141968,0.26356807351112366,-0.2899729907512665,-0.1789100617170334,0.2592293322086334,-0.31171199679374695,-0.09784737229347229,0.5121563673019409,-0.07799389213323593,-0.14110928773880005,0.5735573768615723,-0.07211073487997055,-0.2447671890258789,0.5821690559387207,-0.04810568317770958,-0.21708108484745026,0.6719866394996643,-0.013514029793441296,-0.16431455314159393
G,G_session_001,27,0.0,0.0,0.0,-0.04241541028022766,-0.30070874094963074,-0.11151586472988129,-0.005594009533524513,-0.6308491230010986,-0.19645299017429352,0.08884730935096741,-0.8268256187438965,-0.2786245346069336,0.18238340318202972,-1.0,-0.346049427986145,0.36622434854507446,-0.8660101890563965,-0.08862661570310593,0.4774300456047058,-0.9023178815841675,-0.21394532918930054,0.5250412821769714,-0.969585120677948,-0.2769177556037903,0.5581744313240051,-0.9944501519203186,-0.30721721053123474,0.4614134132862091,-0.6375411748886108,-0.08863931149244308,0.4197372496128082,-0.6506816744804382,-0.20588983595371246,0.2207808494567871,-0.5399477481842041,-0.19837212562561035,0.23576383292675018,-0.5199698209762573,-0.16587096452713013,0.5042262077331543,-0.35086897015571594,-0.11254976689815521,0.4645172953605652,-0.3092539310455322,-0.24869908392429352,0.27761954069137573,-0.28542253375053406,-0.18770428001880646,0.26260969042778015,-0.3022063970565796,-0.11188947409391403,0.5122816562652588,-0.04599437117576599,-0.14856088161468506,0.5854232907295227,-0.04621221497654915,-0.2529140114784241,0.5785560607910156,-0.03579143062233925,-0.22478586435317993,0.6520737409591675,-0.010209564119577408,-0.17425626516342163
G,G_session_001,28,0.0,0.0,0.0,-0.03965691104531288,-0.30222219228744507,-0.10423789173364639,0.002771112835034728,-0.6324053406715393,-0.1846415400505066,0.09864238649606705,-0.824579119682312,-0.26256808638572693,0.18479998409748077,-1.0,-0.3257708251476288,0.3645285964012146,-0.8549301028251648,-0.0848195031285286,0.46871933341026306,-0.8908529281616211,-0.19780868291854858,0.5158426761627197,-0.9577688574790955,-0.25218045711517334,0.5498784184455872,-0.9869737029075623,-0.2796848714351654,0.4622505307197571,-0.635073721408844,-0.08524327725172043,0.4067568778991699,-0.6499492526054382,-0.1929946392774582,0.21435707807540894,-0.5489705801010132,-0.18311890959739685,0.2293645590543747,-0.5283591747283936,-0.15170139074325562,0.5019788146018982,-0.35408663749694824,-0.1076301708817482,0.45175015926361084,-0.31820350885391235,-0.23482821881771088,0.2737099528312683,-0.29789823293685913,-0.17338567972183228,0.2543500065803528,-0.30933061242103577,-0.10000326484441757,0.5032843351364136,-0.05629872903227806,-0.14168326556682587,0.5803206562995911,-0.0541783906519413,-0.2468770295381546,0.6039677262306213,-0.03808531537652016,-0.22523033618927002,0.6937566995620728,-0.005110658705234528,-0.18007631599903107
G,G_session_001,29,0.0,0.0,0.0,-0.042695630341768265,-0.30000877380371094,-0.1107138991355896,-0.005516123492270708,-0.6245105266571045,-0.1962270885705948,0.08405769616365433,-0.8232739567756653,-0.2783389389514923,0.17331476509571075,-1.0,-0.3438776433467865,0.36302855610847473,-0.8541107177734375,-0.09348274767398834,0.47932493686676025,-0.8952420949935913,-0.21459971368312836,0.519166886806488,-0.9578438997268677,-0.2679464817047119,0.5373377203941345,-0.9750709533691406,-0.2906300127506256,0.4529570937156677,-0.6276336312294006,-0.09078974276781082,0.4257670044898987,-0.6557367444038391,-0.20408867299556732,0.22048547863960266,-0.5512902140617371,-0.18879267573356628,0.22756803035736084,-0.5345982909202576,-0.15064570307731628,0.4922121465206146,-0.34458398818969727,-0.11147799342870712,0.4686828553676605,-0.3144128918647766,-0.24449925124645233,0.27630481123924255,-0.29332399368286133,-0.17765237390995026,0.2481427639722824,-0.3119887709617615,-0.0980723649263382,0.49392685294151306,-0.04707851633429527,-0.1440087854862213,0.5831173658370972,-0.04584909602999687,-0.2515754997730255,0.6058254837989807,-0.03752916678786278,-0.227887362241745,0.6985130310058594,-0.014818503521382809,-0.1801300048828125
G,G_session_001,30,0.0,0.0,0.0,-0.049803029745817184,-0.2892756164073944,-0.10396258533000946,-0.016445327550172806,-0.6236536502838135,-0.18473726511001587,0.07871265709400177,-0.8245180249214172,-0.2639143764972687,0.17171511054039001,-1.0,-0.3277483284473419,0.3531047999858856,-0.8499975800514221,-0.08214835077524185,0.4801027476787567,-0.883783221244812,-0.19736726582050323,0.5241498351097107,-0.9478778839111328,-0.24770382046699524,0.5367034673690796,-0.9764539003372192,-0.2683503031730652,0.44914594292640686,-0.6287147998809814,-0.08399692177772522,0.4068996012210846,-0.6544371843338013,-0.1968352198600769,0.20846806466579437,-0.5449639558792114,-0.18614129722118378,0.2118808776140213,-0.5238427519798279,-0.1507631093263626,0.49252399802207947,-0.3500962555408478,-0.10806992650032043,0.4523108899593353,-0.3264572322368622,-0.24021990597248077,0.2626919150352478,-0.28800326585769653,-0.1770547479391098,0.24122348427772522,-0.3000980615615845,-0.10032375901937485,0.5002356767654419,-0.05482469126582146,-0.1430305540561676,0.5545352101325989,-0.05922003835439682,-0.24400043487548828,0.5439276099205017,-0.03805006295442581,-0.2141610085964203,0.6210192441940308,-0.013566632755100727,-0.16290390491485596
G,G_session_001,31,0.0,0.0,0.0,-0.04973480477929115,-0.29422035813331604,-0.10660604387521744,-0.022028392180800438,-0.6301469206809998,-0.1862734854221344,0.07033491134643555,-0.8329764604568481,-0.26331499218940735,0.1652795970439911,-1.0,-0.3259698450565338,0.35253775119781494,-0.8562883734703064,-0.08196550607681274,0.4693470895290375,-0.879369854927063,-0.19208821654319763,0.5158988833427429,-0.9432567358016968,-0.24346773326396942,0.5380663275718689,-0.979154109954834,-0.2665747106075287,0.4523965120315552,-0.6322717666625977,-0.08179830014705658,0.3987394869327545,-0.6381135582923889,-0.19084692001342773,0.2010035216808319,-0.540762722492218,-0.18579649925231934,0.20126473903656006,-0.5214160084724426,-0.155713751912117,0.4945477247238159,-0.3536740243434906,-0.10297652333974838,0.44807547330856323,-0.31283068656921387,-0.23769906163215637,0.25763681530952454,-0.28535324335098267,-0.18444417417049408,0.2325511872768402,-0.29891979694366455,-0.11298201233148575,0.5018102526664734,-0.060626812279224396,-0.13420115411281586,0.5600911378860474,-0.05967187508940697,-0.23638662695884705,0.5522957444190979,-0.042543936520814896,-0.209445983171463,0.6255022883415222,-0.019555233418941498,-0.1594838798046112
G,G_session_001,32,0.0,0.0,0.0,-0.05105949938297272,-0.28594303131103516,-0.10831928253173828,-0.016010906547307968,-0.6210689544677734,-0.18613594770431519,0.07892247289419174,-0.8239773511886597,-0.259584903717041,0.16763512790203094,-1.0,-0.31728121638298035,0.35857751965522766,-0.8483102917671204,-0.0824250653386116,0.48567235469818115,-0.8625657558441162,-0.19033849239349365,0.5279644727706909,-0.9374726414680481,-0.23518222570419312,0.5360867381095886,-0.9723758101463318,-0.2518971562385559,0.45537447929382324,-0.6128142476081848,-0.07909730076789856,0.42762404680252075,-0.6426294445991516,-0.18772487342357635,0.2174999862909317,-0.5452919602394104,-0.1723136007785797,0.20397497713565826,-0.5069509744644165,-0.1315106898546219,0.4962834417819977,-0.3321143090724945,-0.09815055131912231,0.4711574614048004,-0.316764771938324,-0.23212170600891113,0.27464812994003296,-0.29065072536468506,-0.17253521084785461,0.24327178299427032,-0.28906968235969543,-0.09459593892097473,0.5032089352607727,-0.038927044719457626,-0.12717372179031372,0.5815279483795166,-0.04792671278119087,-0.22924190759658813,0.5781053304672241,-0.04095056653022766,-0.20212556421756744,0.6523060202598572,-0.016843397170305252,-0.15134385228157043
G,G_session_001,33,0.0,0.0,0.0,-0.05969943106174469,-0.2910333275794983,-0.10984957218170166,-0.03848469257354736,-0.6285239458084106,-0.18969684839248657,0.05831306055188179,-0.8324071764945984,-0.26622119545936584,0.15299372375011444,-1.0,-0.32917553186416626,0.3413527309894562,-0.8533017039299011,-0.07864779233932495,0.4693468511104584,-0.8740102052688599,-0.2049090713262558,0.5137320756912231,-0.9381951093673706,-0.2716483771800995,0.5221409201622009,-0.9618474841117859,-0.3008001148700714,0.43761196732521057,-0.6222321391105652,-0.07944284379482269,0.42110681533813477,-0.6590530872344971,-0.1935303658246994,0.21044044196605682,-0.5614491701126099,-0.1841665804386139,0.18061448633670807,-0.5418815016746521,-0.14677084982395172,0.47983038425445557,-0.34606558084487915,-0.10482197999954224,0.44512510299682617,-0.3406785726547241,-0.23566816747188568,0.2410946786403656,-0.28785479068756104,-0.17777463793754578,0.20670127868652344,-0.28663086891174316,-0.10441575199365616,0.4860260784626007,-0.04821828380227089,-0.1412484496831894,0.458274781703949,-0.07072510570287704,-0.228312149643898,0.3111681044101715,-0.06423278152942657,-0.18529577553272247,0.27139315009117126,-0.062086321413517,-0.12691186368465424
G,G_session_001,34,0.0,0.0,0.0,-0.0628463625907898,-0.279168039560318,-0.12314239144325256,-0.045542892068624496,-0.6145765781402588,-0.21076032519340515,0.049950338900089264,-0.8208415508270264,-0.2921874523162842,0.14116224646568298,-1.0,-0.3608853220939636,0.3402783274650574,-0.8573547005653381,-0.09553606063127518,0.46755826473236084,-0.8877488374710083,-0.22173242270946503,0.5114560127258301,-0.9512119293212891,-0.2871790826320648,0.5142176151275635,-0.9577195048332214,-0.3151056170463562,0.43732357025146484,-0.6237929463386536,-0.09146644920110703,0.42587798833847046,-0.649158239364624,-0.2074190080165863,0.2055932581424713,-0.5658820271492004,-0.1966935694217682,0.16610075533390045,-0.5598931908607483,-0.1579056680202484,0.4804260730743408,-0.34716540575027466,-0.11259307712316513,0.4460669755935669,-0.3305189609527588,-0.247095987200737,0.23717281222343445,-0.2869841754436493,-0.18945787847042084,0.19687184691429138,-0.2922704815864563,-0.11641162633895874,0.4881817400455475,-0.049102287739515305,-0.14556977152824402,0.4617142975330353,-0.06472396105527878,-0.2377668023109436,0.30392980575561523,-0.05949119105935097,-0.19447921216487885,0.253586083650589,-0.06467702984809875,-0.13547064363956451
G,G_session_001,35,0.0,0.0,0.0,-0.06583572924137115,-0.2823108434677124,-0.10320860892534256,-0.04236600175499916,-0.6248472929000854,-0.17503778636455536,0.05974147841334343,-0.8208511471748352,-0.24354547262191772,0.14362145960330963,-1.0,-0.3005202114582062,0.333193838596344,-0.8352342247962952,-0.06953906267881393,0.4536956250667572,-0.8644751906394958,-0.1790563315153122,0.4955226182937622,-0.9243959784507751,-0.23405428230762482,0.49539750814437866,-0.9359645843505859,-0.25756895542144775,0.4286423623561859,-0.6086674928665161,-0.07174920290708542,0.39879247546195984,-0.6481587290763855,-0.17459173500537872,0.19578604400157928,-0.5676340460777283,-0.16374900937080383,0.15737853944301605,-0.5543436408042908,-0.1276921182870865,0.47069501876831055,-0.34233787655830383,-0.09708502888679504,0.4121164083480835,-0.3377690613269806,-0.21285215020179749,0.2202650010585785,-0.30075258016586304,-0.15870024263858795,0.18497039377689362,-0.31287264823913574,-0.09336674958467484,0.4776002764701843,-0.054123859852552414,-0.13374179601669312,0.42544177174568176,-0.07911866158246994,-0.21198445558547974,0.2727867662906647,-0.07982630282640457,-0.17320911586284637,0.22678205370903015,-0.09259303659200668,-0.12162449955940247
G,G_session_001,36,0.0,0.0,0.0,-0.06666959077119827,-0.28757166862487793,-0.09783698618412018,-0.04725863039493561,-0.6353676319122314,-0.16736626625061035,0.05131696164608002,-0.8358379602432251,-0.23450198769569397,0.14057987928390503,-1.0,-0.29112493991851807,0.32702532410621643,-0.8390682339668274,-0.06939484179019928,0.4433942139148712,-0.8805768489837646,-0.1758265197277069,0.49193450808525085,-0.9415425062179565,-0.23416264355182648,0.5029551982879639,-0.9481837153434753,-0.2631271183490753,0.4248254895210266,-0.6050346493721008,-0.07436379045248032,0.39698362350463867,-0.6627689599990845,-0.17472746968269348,0.1964697241783142,-0.5826340317726135,-0.16854536533355713,0.15316417813301086,-0.5563971400260925,-0.1381559520959854,0.46823298931121826,-0.32944023609161377,-0.10072264820337296,0.4157904088497162,-0.3399028480052948,-0.21234086155891418,0.22434714436531067,-0.311820387840271,-0.15926595032215118,0.1804029643535614,-0.31604236364364624,-0.09661471843719482,0.4732401967048645,-0.03193539008498192,-0.13797436654567719,0.42423146963119507,-0.07069707661867142,-0.21673747897148132,0.27358922362327576,-0.08566071838140488,-0.17945559322834015,0.2207961082458496,-0.0957876667380333,-0.12939834594726562
G,G_session_001,37,0.0,0.0,0.0,-0.06433892995119095,-0.2868219316005707,-0.11249661445617676,-0.051808346062898636,-0.6276077628135681,-0.19374805688858032,0.03439546376466751,-0.836182713508606,-0.26999858021736145,0.12404941767454147,-1.0,-0.3355124592781067,0.3316848576068878,-0.8426211476325989,-0.09009107202291489,0.436844140291214,-0.8764351606369019,-0.20823851227760315,0.48264726996421814,-0.9327978491783142,-0.27541449666023254,0.5013378858566284,-0.9362175464630127,-0.30976566672325134,0.4346254765987396,-0.6045301556587219,-0.09072086960077286,0.40021204948425293,-0.6522104144096375,-0.1972608119249344,0.19142910838127136,-0.5734758377075195,-0.19074746966362,0.15528637170791626,-0.5471025109291077,-0.15931136906147003,0.47829872369766235,-0.32358720898628235,-0.11417066305875778,0.4223494827747345,-0.3240197002887726,-0.23310329020023346,0.22497056424617767,-0.2962050139904022,-0.17709098756313324,0.18341727554798126,-0.2899734675884247,-0.11051368713378906,0.48070523142814636,-0.020620182156562805,-0.14979924261569977,0.42974939942359924,-0.049630772322416306,-0.23279432952404022,0.27837321162223816,-0.06306856125593185,-0.19229423999786377,0.22919107973575592,-0.061257828027009964,-0.13841482996940613
G,G_session_001,38,0.0,0.0,0.0,-0.06485085934400558,-0.28464964032173157,-0.10738696902990341,-0.047977469861507416,-0.6225836873054504,-0.18381211161613464,0.03894353657960892,-0.8321202993392944,-0.2540917694568634,0.11486338824033737,-1.0,-0.3143434226512909,0.3188002109527588,-0.8315675854682922,-0.0866139829158783,0.4147009253501892,-0.8671818375587463,-0.19793687760829926,0.46461978554725647,-0.9325563311576843,-0.2634906768798828,0.4933284521102905,-0.9434160590171814,-0.29953843355178833,0.4186569154262543,-0.5966085195541382,-0.08740528672933578,0.38543128967285156,-0.6476436257362366,-0.1856202930212021,0.1831899881362915,-0.5635802745819092,-0.17724131047725677,0.15066316723823547,-0.526883602142334,-0.1471385359764099,0.45894747972488403,-0.31590983271598816,-0.10995158553123474,0.40803012251853943,-0.318002313375473,-0.22260458767414093,0.2156425267457962,-0.2917281985282898,-0.167134627699852,0.17518830299377441,-0.2809922695159912,-0.10346131771802902,0.4592755138874054,-0.017740532755851746,-0.14398708939552307,0.4188177287578583,-0.045463256537914276,-0.22627897560596466,0.2722989618778229,-0.057364217936992645,-0.1882789134979248,0.22420412302017212,-0.05214628577232361,-0.13809460401535034
G,G_session_001,39,0.0,0.0,0.0,-0.06596717238426208,-0.2767419219017029,-0.10731901228427887,-0.04789307340979576,-0.6174895763397217,-0.18578225374221802,0.03516800329089165,-0.8294717669487,-0.2583681344985962,0.10599038004875183,-1.0,-0.3217851519584656,0.31560346484184265,-0.8247622847557068,-0.0872161015868187,0.41240525245666504,-0.8459917306900024,-0.20681507885456085,0.4622626006603241,-0.9171916842460632,-0.28263533115386963,0.4810197949409485,-0.9328218698501587,-0.32396188378334045,0.41236233711242676,-0.6012277007102966,-0.0900786966085434,0.3953903913497925,-0.652984082698822,-0.19468499720096588,0.19594290852546692,-0.5783115029335022,-0.19123803079128265,0.14828167855739594,-0.5439974665641785,-0.16288214921951294,0.45094630122184753,-0.3263305723667145,-0.11507008969783783,0.4211677312850952,-0.33422383666038513,-0.23328860104084015,0.22901122272014618,-0.3047047555446625,-0.18101829290390015,0.17566631734371185,-0.2862715423107147,-0.11755407601594925,0.4492003917694092,-0.029879244044423103,-0.1512233316898346,0.42018434405326843,-0.06194361671805382,-0.2374567687511444,0.2721288502216339,-0.07450561970472336,-0.19935469329357147,0.21354232728481293,-0.06556587666273117,-0.14772991836071014
G,G_session_001,40,0.0,0.0,0.0,-0.0705001950263977,-0.2827475368976593,-0.10019832849502563,-0.060615893453359604,-0.624281108379364,-0.1735938936471939,0.02041896991431713,-0.8422641158103943,-0.24125836789608002,0.09922502934932709,-1.0,-0.29975026845932007,0.31285297870635986,-0.8498354554176331,-0.08128965646028519,0.40959811210632324,-0.8756170868873596,-0.17977827787399292,0.46388909220695496,-0.9376456141471863,-0.24302399158477783,0.4886023700237274,-0.9472255706787109,-0.28117597103118896,0.4304411709308624,-0.6326866149902344,-0.08475550264120102,0.36886951327323914,-0.6535663604736328,-0.17494559288024902,0.1899452656507492,-0.5883108377456665,-0.1784764677286148,0.14079642295837402,-0.5571298599243164,-0.1601470708847046,0.47556084394454956,-0.35483986139297485,-0.10671535134315491,0.3701655864715576,-0.33516907691955566,-0.19777895510196686,0.2065792977809906,-0.31123316287994385,-0.15281511843204498,0.16792087256908417,-0.30279096961021423,-0.10321029275655746,0.474689245223999,-0.05499531701207161,-0.1412001997232437,0.37036991119384766,-0.06547638773918152,-0.20653171837329865,0.24714061617851257,-0.07332324981689453,-0.17677968740463257,0.21293333172798157,-0.06950665265321732,-0.13636617362499237
G,G_session_001,41,0.0,0.0,0.0,-0.07474596053361893,-0.28592172265052795,-0.10230252891778946,-0.07013638317584991,-0.6286856532096863,-0.18064163625240326,0.008832892403006554,-0.8520482778549194,-0.2542893886566162,0.092087022960186,-1.0,-0.316651850938797,0.32410910725593567,-0.8528137803077698,-0.08615486323833466,0.4258241653442383,-0.8793773651123047,-0.1917259693145752,0.4743294417858124,-0.9422462582588196,-0.25244733691215515,0.48305779695510864,-0.948330819606781,-0.28651168942451477,0.4477021396160126,-0.6333456039428711,-0.09036947041749954,0.3409356474876404,-0.6630263328552246,-0.18946529924869537,0.16567493975162506,-0.5817127823829651,-0.18968357145786285,0.13245372474193573,-0.537703275680542,-0.16698457300662994,0.49114227294921875,-0.3487943410873413,-0.11410512030124664,0.3428814113140106,-0.3406928479671478,-0.20880375802516937,0.19008363783359528,-0.3039129674434662,-0.1562708467245102,0.17142736911773682,-0.29088714718818665,-0.10118524730205536,0.4860192835330963,-0.041173335164785385,-0.15124811232089996,0.3433614671230316,-0.06311729550361633,-0.2173476368188858,0.2321203202009201,-0.061529986560344696,-0.1851443499326706,0.22346574068069458,-0.052571430802345276,-0.14211180806159973
G,G_session_001,42,0.0,0.0,0.0,-0.06831871718168259,-0.30368316173553467,-0.09650645405054092,-0.06278769671916962,-0.6377731561660767,-0.1736425906419754,0.01395378913730383,-0.8544109463691711,-0.24723435938358307,0.09316986799240112,-1.0,-0.3090474009513855,0.3297106623649597,-0.8308685421943665,-0.08116849511861801,0.42690402269363403,-0.8686693906784058,-0.1887926459312439,0.4708388149738312,-0.9196282625198364,-0.25117504596710205,0.48740720748901367,-0.9267981052398682,-0.2880682647228241,0.447453111410141,-0.6153055429458618,-0.08810767531394958,0.30883222818374634,-0.6714152693748474,-0.18917474150657654,0.15018169581890106,-0.5721350908279419,-0.1928686946630478,0.1427183747291565,-0.5203658938407898,-0.17445024847984314,0.48726245760917664,-0.3398045599460602,-0.11421661823987961,0.30279773473739624,-0.3459308445453644,-0.20614591240882874,0.17017070949077606,-0.3022361993789673,-0.15226925909519196,0.1764308363199234,-0.296408474445343,-0.09898464381694794,0.478100448846817,-0.042670994997024536,-0.15405596792697906,0.3049396872520447,-0.07492706924676895,-0.21940113604068756,0.21381384134292603,-0.05683843791484833,-0.188974067568779,0.2342929244041443,-0.04593418166041374,-0.1484229415655136
G,G_session_001,43,0.0,0.0,0.0,-0.058660976588726044,-0.3009621798992157,-0.09342903643846512,-0.04366078972816467,-0.6410089135169983,-0.16817604005336761,0.02950908988714218,-0.849783182144165,-0.24109520018100739,0.10177721083164215,-1.0,-0.300220251083374,0.35921791195869446,-0.8277313709259033,-0.0735396221280098,0.4637640714645386,-0.8626852631568909,-0.18693317472934723,0.5026352405548096,-0.9164102077484131,-0.24872644245624542,0.500127375125885,-0.9270249009132385,-0.28239309787750244,0.47813329100608826,-0.6064692139625549,-0.08321775496006012,0.3257322907447815,-0.6543627977371216,-0.18963178992271423,0.1601085513830185,-0.554134726524353,-0.18944792449474335,0.15272876620292664,-0.5135329961776733,-0.1647799015045166,0.5148929357528687,-0.3220403492450714,-0.11342456191778183,0.30742642283439636,-0.30962586402893066,-0.20753426849842072,0.17642207443714142,-0.26048341393470764,-0.14694449305534363,0.18987911939620972,-0.2624988555908203,-0.08701425045728683,0.5000495314598083,-0.018705541267991066,-0.15804463624954224,0.3083687722682953,-0.03658009693026543,-0.2222413867712021,0.2192746102809906,-0.010117455385625362,-0.18746818602085114,0.24855387210845947,-0.002709360793232918,-0.14212864637374878
G,G_session_001,44,0.0,0.0,0.0,-0.0627838596701622,-0.29512470960617065,-0.09489788115024567,-0.0541686937212944,-0.6271758675575256,-0.17440524697303772,0.014739657752215862,-0.839704692363739,-0.25259894132614136,0.08435049653053284,-1.0,-0.3167518079280853,0.3326413035392761,-0.8246410489082336,-0.08577237278223038,0.4499366283416748,-0.8468079566955566,-0.20899207890033722,0.49071070551872253,-0.8948467373847961,-0.2739294469356537,0.47836384177207947,-0.9143759608268738,-0.3043292164802551,0.45215967297554016,-0.6113349795341492,-0.09247266501188278,0.30744484066963196,-0.6168003082275391,-0.20170718431472778,0.1481315791606903,-0.5306121706962585,-0.20034457743167877,0.14039623737335205,-0.5173110365867615,-0.17365460097789764,0.4911997318267822,-0.3327474892139435,-0.11980774253606796,0.2952363193035126,-0.2908812463283539,-0.2160996049642563,0.16600660979747772,-0.26249197125434875,-0.15905103087425232,0.1771077662706375,-0.2899920344352722,-0.10023252665996552,0.47958967089653015,-0.04328532889485359,-0.16106244921684265,0.30151504278182983,-0.04085785523056984,-0.22660401463508606,0.20828895270824432,-0.025790609419345856,-0.1935456097126007,0.2298750877380371,-0.029386131092905998,-0.1480998396873474
G,G_session_001,45,0.0,0.0,0.0,-0.06068827956914902,-0.3021910488605499,-0.09321632981300354,-0.05175584554672241,-0.6313629150390625,-0.16726337373256683,0.015199032612144947,-0.8444269299507141,-0.2399301677942276,0.08235687762498856,-1.0,-0.29848769307136536,0.3306891918182373,-0.820500910282135,-0.07137810438871384,0.43958771228790283,-0.839303195476532,-0.18366964161396027,0.4765734374523163,-0.8912574052810669,-0.24095775187015533,0.4658931493759155,-0.907841145992279,-0.2682536244392395,0.44370827078819275,-0.62051922082901,-0.07841882854700089,0.3080824613571167,-0.6477246284484863,-0.18148918449878693,0.14469119906425476,-0.5480923056602478,-0.17913514375686646,0.13546526432037354,-0.512478232383728,-0.15240921080112457,0.4831154942512512,-0.35315197706222534,-0.10630107671022415,0.2989286780357361,-0.3136453926563263,-0.2004096806049347,0.16371941566467285,-0.2730903625488281,-0.14665530622005463,0.17189159989356995,-0.28532829880714417,-0.09026600420475006,0.47634077072143555,-0.06342766433954239,-0.14776550233364105,0.3124600946903229,-0.054668497294187546,-0.2100825011730194,0.21274825930595398,-0.03926755487918854,-0.17847125232219696,0.2280014008283615,-0.03840617090463638,-0.13567374646663666
G,G_session_001,46,0.0,0.0,0.0,-0.0604107528924942,-0.30797916650772095,-0.08267084509134293,-0.042622677981853485,-0.6422805786132812,-0.14823377132415771,0.023395055904984474,-0.8474917411804199,-0.2135576456785202,0.0818750336766243,-1.0,-0.26445823907852173,0.3283798098564148,-0.8171885013580322,-0.06337262690067291,0.43752363324165344,-0.8471744060516357,-0.17348040640354156,0.4694305658340454,-0.9010981321334839,-0.2318052500486374,0.46410366892814636,-0.926211416721344,-0.26274827122688293,0.44755205512046814,-0.6332725882530212,-0.07452242076396942,0.28041842579841614,-0.6573445796966553,-0.1781778633594513,0.13483616709709167,-0.5636375546455383,-0.1812780499458313,0.13692964613437653,-0.5324657559394836,-0.16039492189884186,0.4855470657348633,-0.3761865198612213,-0.1051391065120697,0.26700925827026367,-0.3309997022151947,-0.19277533888816833,0.15266849100589752,-0.2823697328567505,-0.1385013610124588,0.17305207252502441,-0.2954820692539215,-0.08488460630178452,0.4750998914241791,-0.09526608139276505,-0.14979828894138336,0.27701568603515625,-0.0820649042725563,-0.21107427775859833,0.19621892273426056,-0.05731043219566345,-0.18350133299827576,0.22704164683818817,-0.06489800661802292,-0.1444864720106125
G,G_session_001,47,0.0,0.0,0.0,-0.05801306664943695,-0.3123568594455719,-0.08143846690654755,-0.04228132590651512,-0.6438664197921753,-0.1485966593027115,0.019070079550147057,-0.8493067622184753,-0.2161264419555664,0.08565140515565872,-1.0,-0.2692338824272156,0.3497278094291687,-0.8094220161437988,-0.05956645309925079,0.45203274488449097,-0.8361759781837463,-0.16640809178352356,0.4790554940700531,-0.9024346470832825,-0.22103707492351532,0.4644331634044647,-0.9352924227714539,-0.2488550841808319,0.4650746285915375,-0.6185245513916016,-0.07297612726688385,0.28783392906188965,-0.6814875602722168,-0.17439760267734528,0.13572195172309875,-0.5762173533439636,-0.1742560714483261,0.13860534131526947,-0.5206799507141113,-0.15039697289466858,0.4984275996685028,-0.3621981739997864,-0.10583927482366562,0.2745939791202545,-0.34914299845695496,-0.19355721771717072,0.14998768270015717,-0.3005779981613159,-0.1372685730457306,0.16736391186714172,-0.3060469627380371,-0.08149347454309464,0.4814601242542267,-0.08423368632793427,-0.15268811583518982,0.2799719274044037,-0.08960148692131042,-0.2133318930864334,0.18665377795696259,-0.07276244461536407,-0.18342648446559906,0.20965644717216492,-0.08058422058820724,-0.1424480527639389
G,G_session_001,48,0.0,0.0,0.0,-0.04882122576236725,-0.30602842569351196,-0.0814213976264,-0.034109264612197876,-0.625348687171936,-0.15129424631595612,0.02404499426484108,-0.8365488648414612,-0.22173987329006195,0.09491769224405289,-1.0,-0.2777734696865082,0.3699500262737274,-0.8009445071220398,-0.060086689889431,0.48786547780036926,-0.8442832827568054,-0.1620175838470459,0.5145081281661987,-0.9105904698371887,-0.20921838283538818,0.4893456697463989,-0.9266537427902222,-0.23066017031669617,0.4876345098018646,-0.5831426382064819,-0.07060015946626663,0.31790703535079956,-0.671839714050293,-0.16383488476276398,0.15635056793689728,-0.5747334361076355,-0.156950443983078,0.15380680561065674,-0.5136675834655762,-0.12776631116867065,0.5201259851455688,-0.3141733705997467,-0.09990823268890381,0.2842662036418915,-0.3304980397224426,-0.17824116349220276,0.1579129546880722,-0.2876508831977844,-0.11532843858003616,0.17644073069095612,-0.2863762676715851,-0.055593930184841156,0.49684664607048035,-0.034390900284051895,-0.14333698153495789,0.27909865975379944,-0.06941022723913193,-0.1958562284708023,0.19254566729068756,-0.0478137843310833,-0.16032052040100098,0.22224470973014832,-0.044662956148386,-0.11499369889497757
G,G_session_001,49,0.0,0.0,0.0,-0.053721800446510315,-0.30419212579727173,-0.0854116752743721,-0.04234561696648598,-0.6257464289665222,-0.15861354768276215,0.019508879631757736,-0.8380514979362488,-0.23181240260601044,0.09118136018514633,-1.0,-0.2902563512325287,0.3451199233531952,-0.8170631527900696,-0.07340899109840393,0.4573379158973694,-0.8611584901809692,-0.1764139086008072,0.47886571288108826,-0.9125357866287231,-0.22166432440280914,0.4527042508125305,-0.9258139729499817,-0.2420375496149063,0.4627305269241333,-0.6052681803703308,-0.08258617669343948,0.30737924575805664,-0.6629130244255066,-0.17568765580654144,0.1525457501411438,-0.5681898593902588,-0.17091034352779388,0.1530526578426361,-0.5255708694458008,-0.14583034813404083,0.4990873336791992,-0.3379131853580475,-0.11007069796323776,0.28349053859710693,-0.3346605896949768,-0.1878548562526703,0.15641902387142181,-0.30273616313934326,-0.13093505799770355,0.1713751256465912,-0.319496214389801,-0.07895167171955109,0.480530321598053,-0.06067473068833351,-0.15157291293144226,0.27560779452323914,-0.07276087254285812,-0.20535680651664734,0.18595768511295319,-0.05423431843519211,-0.17565034329891205,0.21272790431976318,-0.05925620719790459,-0.13729137182235718
G,G_session_001,50,0.0,0.0,0.0,-0.05228143557906151,-0.30269068479537964,-0.08901936560869217,-0.04086776450276375,-0.6289682984352112,-0.16019050776958466,0.01922452077269554,-0.8464487195014954,-0.2295849770307541,0.09289799630641937,-1.0,-0.28508612513542175,0.35411012172698975,-0.8184857368469238,-0.07488352060317993,0.46282488107681274,-0.8512879014015198,-0.17743030190467834,0.48331838846206665,-0.9159604907035828,-0.2279578447341919,0.4658817946910858,-0.9403350353240967,-0.25344425439834595,0.4724296033382416,-0.607458770275116,-0.08178383857011795,0.3081168532371521,-0.6720874309539795,-0.17651990056037903,0.14843140542507172,-0.5890822410583496,-0.17640599608421326,0.14432407915592194,-0.5375940203666687,-0.154753178358078,0.5063323974609375,-0.3412765562534332,-0.10693150013685226,0.2881537973880768,-0.3487892150878906,-0.18869690597057343,0.15563179552555084,-0.3235585689544678,-0.13628756999969482,0.16598521173000336,-0.32924118638038635,-0.08513686805963516,0.4861946105957031,-0.06360423564910889,-0.14597788453102112,0.2862575054168701,-0.08784233033657074,-0.20295152068138123,0.19136670231819153,-0.0848352387547493,-0.17471207678318024,0.20870858430862427,-0.09001440554857254,-0.13575772941112518
G,G_session_001,51,0.0,0.0,0.0,-0.04938099905848503,-0.30049651861190796,-0.09436624497175217,-0.036971673369407654,-0.6292319893836975,-0.1677478700876236,0.022057967260479927,-0.8484190106391907,-0.23735371232032776,0.09991861879825592,-1.0,-0.29410356283187866,0.36829695105552673,-0.8327276706695557,-0.08448809385299683,0.47099941968917847,-0.8672894835472107,-0.18885479867458344,0.5009452104568481,-0.924623429775238,-0.24853184819221497,0.49972596764564514,-0.9389116168022156,-0.2834375202655792,0.4922540783882141,-0.6116147637367249,-0.09068797528743744,0.33084017038345337,-0.6635801792144775,-0.18806485831737518,0.1651085764169693,-0.5983735918998718,-0.1959051787853241,0.14578920602798462,-0.5529127717018127,-0.18170708417892456,0.5253859162330627,-0.3320981562137604,-0.11467999219894409,0.30482181906700134,-0.33493557572364807,-0.19831997156143188,0.1680220365524292,-0.32130953669548035,-0.15160509943962097,0.1697777807712555,-0.329489141702652,-0.10558284819126129,0.5041953325271606,-0.03921613469719887,-0.15291568636894226,0.30061960220336914,-0.06055152788758278,-0.21189847588539124,0.20337551832199097,-0.06179032474756241,-0.18571479618549347,0.2142006903886795,-0.06736093014478683,-0.14901211857795715
G,G_session_001,52,0.0,0.0,0.0,-0.05465986952185631,-0.3066452443599701,-0.09426543861627579,-0.043832190334796906,-0.6375199556350708,-0.17242690920829773,0.016349464654922485,-0.8433825373649597,-0.24799546599388123,0.0891553983092308,-1.0,-0.30966147780418396,0.36046791076660156,-0.832525908946991,-0.08906590938568115,0.454639196395874,-0.8613308072090149,-0.19990509748458862,0.49046841263771057,-0.9247921109199524,-0.2583900988101959,0.49137142300605774,-0.9495726823806763,-0.2917000651359558,0.48487502336502075,-0.6171968579292297,-0.09783768653869629,0.3014622926712036,-0.6580473780632019,-0.20083409547805786,0.14598000049591064,-0.5589600801467896,-0.1995711773633957,0.1492137312889099,-0.5079317092895508,-0.17710620164871216,0.5172571539878845,-0.33548301458358765,-0.12565188109874725,0.2816588580608368,-0.323932409286499,-0.21032507717609406,0.15944869816303253,-0.2887881100177765,-0.1474333107471466,0.17897041141986847,-0.2973465621471405,-0.09051759541034698,0.49326348304748535,-0.042830824851989746,-0.16905997693538666,0.27865585684776306,-0.05925768241286278,-0.23059433698654175,0.19592887163162231,-0.047087978571653366,-0.1986054629087448,0.22813743352890015,-0.05034087598323822,-0.15690210461616516
G,G_session_001,53,0.0,0.0,0.0,-0.05792377516627312,-0.3104431629180908,-0.09104568511247635,-0.04324489086866379,-0.6430892944335938,-0.16256585717201233,0.016696874052286148,-0.8451545834541321,-0.22954195737838745,0.08466305583715439,-1.0,-0.2840861976146698,0.3512662947177887,-0.8400214314460754,-0.08769787102937698,0.4456331133842468,-0.8663730621337891,-0.19668495655059814,0.48471879959106445,-0.9260101914405823,-0.267140656709671,0.4941577911376953,-0.9578087329864502,-0.312588095664978,0.48290085792541504,-0.62872713804245,-0.09778241068124771,0.3070058524608612,-0.6432955861091614,-0.20063528418540955,0.15588076412677765,-0.5542092323303223,-0.21529534459114075,0.1429518163204193,-0.5082829594612122,-0.20778948068618774,0.5193936228752136,-0.3456248641014099,-0.12510232627391815,0.2912152111530304,-0.3105181157588959,-0.20949777960777283,0.16759264469146729,-0.28073063492774963,-0.16121357679367065,0.176463320851326,-0.2917725443840027,-0.11655028164386749,0.5005946159362793,-0.047391679137945175,-0.16708825528621674,0.29236534237861633,-0.04447513818740845,-0.23038846254348755,0.2039417028427124,-0.031140971928834915,-0.20436882972717285,0.22460396587848663,-0.03535432368516922,-0.1688508838415146
G,G_session_001,54,0.0,0.0,0.0,-0.062394872307777405,-0.3000471293926239,-0.10357740521430969,-0.05501987412571907,-0.6292251944541931,-0.1836976706981659,0.007367213722318411,-0.8395736217498779,-0.25681689381599426,0.07670648396015167,-1.0,-0.3188939094543457,0.33102360367774963,-0.8494122624397278,-0.10278249531984329,0.41193947196006775,-0.8697013258934021,-0.21489234268665314,0.4530521333217621,-0.9338500499725342,-0.2878763675689697,0.4629792273044586,-0.9694307446479797,-0.33372241258621216,0.4557284414768219,-0.6451806426048279,-0.10768666863441467,0.31361255049705505,-0.6891161203384399,-0.21194645762443542,0.15980011224746704,-0.5981606245040894,-0.22607937455177307,0.13541916012763977,-0.5435894131660461,-0.21737879514694214,0.4952942132949829,-0.37096160650253296,-0.1304181069135666,0.31001418828964233,-0.3509485423564911,-0.22441749274730682,0.17435231804847717,-0.32061779499053955,-0.18067936599254608,0.15954889357089996,-0.32159292697906494,-0.1357431858778,0.48399606347084045,-0.07510687410831451,-0.16751259565353394,0.3249361515045166,-0.07700333744287491,-0.2374267876148224,0.21760524809360504,-0.0813521221280098,-0.21205654740333557,0.20312167704105377,-0.0902867540717125,-0.17587910592556
G,G_session_001,55,0.0,0.0,0.0,-0.06362863630056381,-0.29618051648139954,-0.10514377057552338,-0.04730849713087082,-0.6324950456619263,-0.18353500962257385,0.021968139335513115,-0.8408375382423401,-0.25559452176094055,0.0921645313501358,-0.9989998936653137,-0.31594419479370117,0.34625667333602905,-0.8500136733055115,-0.09333569556474686,0.43535980582237244,-0.8751482963562012,-0.20873653888702393,0.4755595922470093,-0.9591505527496338,-0.2808663249015808,0.4765418767929077,-1.0,-0.3223046362400055,0.4727512300014496,-0.6410095691680908,-0.0993143767118454,0.34966304898262024,-0.6879094243049622,-0.20671044290065765,0.17499220371246338,-0.5964574217796326,-0.2149600088596344,0.14161865413188934,-0.539362370967865,-0.19707009196281433,0.5137286186218262,-0.35938745737075806,-0.12517058849334717,0.3382281959056854,-0.351020872592926,-0.22501437366008759,0.1869036704301834,-0.3116954267024994,-0.17630574107170105,0.1717366874217987,-0.29793497920036316,-0.12285473942756653,0.5027303695678711,-0.057842500507831573,-0.16535459458827972,0.34961143136024475,-0.07785005122423172,-0.2326975017786026,0.23545657098293304,-0.07880326360464096,-0.19992133975028992,0.22250865399837494,-0.07323742657899857,-0.156586691737175
G,G_session_001,56,0.0,0.0,0.0,-0.060230862349271774,-0.28587064146995544,-0.09397759288549423,-0.05131174251437187,-0.6006526947021484,-0.16900719702243805,0.015682773664593697,-0.8104050159454346,-0.23910990357398987,0.07993068546056747,-0.9888160824775696,-0.2996580898761749,0.30731862783432007,-0.8212178945541382,-0.08356959372758865,0.39132240414619446,-0.8465780019760132,-0.18281124532222748,0.434722363948822,-0.9453521966934204,-0.24246779084205627,0.43942588567733765,-1.0,-0.27649378776550293,0.4237902760505676,-0.621474027633667,-0.08926769345998764,0.3482019305229187,-0.6785427331924438,-0.18138375878334045,0.1757221817970276,-0.6084520816802979,-0.18099212646484375,0.13257746398448944,-0.5498648285865784,-0.1589348316192627,0.46685606241226196,-0.3635915517807007,-0.11285484582185745,0.35622307658195496,-0.3616581857204437,-0.2092604637145996,0.19889815151691437,-0.3439409136772156,-0.16627709567546844,0.16022425889968872,-0.32733041048049927,-0.11643382161855698,0.46395158767700195,-0.0820731669664383,-0.1475435346364975,0.37861892580986023,-0.09658458083868027,-0.2155696004629135,0.2575547695159912,-0.12186509370803833,-0.18647438287734985,0.21322470903396606,-0.12526161968708038,-0.14660842716693878
G,G_session_001,57,0.0,0.0,0.0,-0.07173512876033783,-0.2930164039134979,-0.08623256534337997,-0.05390771105885506,-0.6370052099227905,-0.14667069911956787,0.015920326113700867,-0.8408579230308533,-0.20289680361747742,0.08510483056306839,-0.9941062331199646,-0.24685682356357574,0.3064610958099365,-0.8314661979675293,-0.06973949819803238,0.39309456944465637,-0.8628551363945007,-0.1699996441602707,0.4326696991920471,-0.945170521736145,-0.22890126705169678,0.44327518343925476,-1.0,-0.2647256851196289,0.4306202232837677,-0.6403988003730774,-0.07938489317893982,0.282515287399292,-0.6889647245407104,-0.1793224811553955,0.1356317549943924,-0.5764949321746826,-0.1848767101764679,0.1257738322019577,-0.5156607627868652,-0.1683715134859085,0.4712861180305481,-0.3814443051815033,-0.10747212916612625,0.2820345461368561,-0.3701116442680359,-0.20205900073051453,0.1580648124217987,-0.3047668933868408,-0.15690110623836517,0.16401834785938263,-0.29063960909843445,-0.10906542837619781,0.4652790129184723,-0.10225485265254974,-0.14803335070610046,0.30073705315589905,-0.11114505678415298,-0.21568356454372406,0.20061498880386353,-0.0899859294295311,-0.19151973724365234,0.2025701105594635,-0.08577324450016022,-0.15656377375125885
G,G_session_001,58,0.0,0.0,0.0,-0.0664125457406044,-0.28612953424453735,-0.11175469309091568,-0.051739588379859924,-0.6151043176651001,-0.19195982813835144,0.018136214464902878,-0.8251376152038574,-0.2646307051181793,0.08130849897861481,-1.0,-0.3269864618778229,0.28980618715286255,-0.8510998487472534,-0.09377389401197433,0.3783722519874573,-0.8644297122955322,-0.20701825618743896,0.4242893159389496,-0.9494765996932983,-0.27520298957824707,0.43852588534355164,-0.9961538910865784,-0.31419676542282104,0.39989009499549866,-0.6435675621032715,-0.09648942947387695,0.366607129573822,-0.6863263249397278,-0.20615579187870026,0.1786762773990631,-0.6037192940711975,-0.20490072667598724,0.12959203124046326,-0.5635980367660522,-0.17797157168388367,0.44382286071777344,-0.3787153363227844,-0.12083520740270615,0.38226640224456787,-0.368744432926178,-0.23949484527111053,0.20614425837993622,-0.3273109197616577,-0.19078420102596283,0.16067008674144745,-0.3122931718826294,-0.13143718242645264,0.4451446831226349,-0.0867563933134079,-0.15706729888916016,0.3951032757759094,-0.09939016401767731,-0.24335749447345734,0.25709548592567444,-0.10990172624588013,-0.21064241230487823,0.20358394086360931,-0.11153746396303177,-0.16466094553470612
G,G_session_001,59,0.0,0.0,0.0,-0.07804509252309799,-0.2767815589904785,-0.09752944111824036,-0.060448210686445236,-0.6154865622520447,-0.16335907578468323,0.014268639497458935,-0.8145551085472107,-0.22432933747768402,0.06383033841848373,-1.0,-0.27654916048049927,0.2927175462245941,-0.8026092648506165,-0.08051364123821259,0.38834020495414734,-0.8338891863822937,-0.18942329287528992,0.4233818054199219,-0.9305905103683472,-0.2586754262447357,0.41383492946624756,-0.9965023398399353,-0.2966475188732147,0.3968341648578644,-0.6110497713088989,-0.08993016928434372,0.3643982708454132,-0.6733100414276123,-0.20147086679935455,0.18321971595287323,-0.6192651987075806,-0.21301761269569397,0.10992416739463806,-0.5815222859382629,-0.19385245442390442,0.4339490830898285,-0.35550105571746826,-0.11884013563394547,0.3829047381877899,-0.36447688937187195,-0.24250566959381104,0.20240361988544464,-0.3396121859550476,-0.20997191965579987,0.1311298906803131,-0.3230702579021454,-0.15803664922714233,0.4296516180038452,-0.07171563804149628,-0.1572011560201645,0.39056196808815,-0.10047488659620285,-0.2521580457687378,0.24715103209018707,-0.12254681438207626,-0.22832652926445007,0.17459799349308014,-0.12581811845302582,-0.18561913073062897
G,G_session_001,60,0.0,0.0,0.0,-0.07132109999656677,-0.2788533866405487,-0.10255172103643417,-0.056474849581718445,-0.6035470366477966,-0.17379970848560333,0.015637408941984177,-0.8024365901947021,-0.23890718817710876,0.07094286382198334,-0.984542727470398,-0.29441845417022705,0.28189194202423096,-0.8167151212692261,-0.08565467596054077,0.37574541568756104,-0.8491359949111938,-0.19692640006542206,0.4164624512195587,-0.94601970911026,-0.26317986845970154,0.41243261098861694,-1.0,-0.2980939745903015,0.3855782151222229,-0.6241044998168945,-0.09090744704008102,0.3577512204647064,-0.6775357723236084,-0.2027340531349182,0.17607736587524414,-0.6051106452941895,-0.20865397155284882,0.11655394732952118,-0.5690368413925171,-0.18517373502254486,0.4286864101886749,-0.37326622009277344,-0.11630243808031082,0.3821234107017517,-0.3737678527832031,-0.24267376959323883,0.20379363000392914,-0.3342372179031372,-0.20394635200500488,0.14324089884757996,-0.3199169635772705,-0.14736859500408173,0.43182504177093506,-0.09548114985227585,-0.15125493705272675,0.39927875995635986,-0.12012850493192673,-0.24759702384471893,0.2580821216106415,-0.1290670782327652,-0.21994619071483612,0.19271105527877808,-0.13191284239292145,-0.17423318326473236
G,G_session_001,61,0.0,0.0,0.0,-0.07774712890386581,-0.2863912880420685,-0.08627592027187347,-0.06933187693357468,-0.6064333915710449,-0.147578626871109,0.001029303064569831,-0.8058052659034729,-0.206032395362854,0.056513842195272446,-0.9823216795921326,-0.256691038608551,0.2652485966682434,-0.7995582818984985,-0.06180576607584953,0.36986300349235535,-0.8361672163009644,-0.1611618995666504,0.41034606099128723,-0.9374443888664246,-0.2202823907136917,0.3985494375228882,-1.0,-0.2500700056552887,0.36053603887557983,-0.6083039045333862,-0.07202337682247162,0.36996281147003174,-0.6737435460090637,-0.17907708883285522,0.1922866553068161,-0.6081929206848145,-0.18563993275165558,0.10791607946157455,-0.5723514556884766,-0.16002608835697174,0.4034956693649292,-0.3708198368549347,-0.10083217918872833,0.38590726256370544,-0.3852406144142151,-0.22117266058921814,0.20738990604877472,-0.3503296375274658,-0.18905921280384064,0.12693101167678833,-0.3393244743347168,-0.13536669313907623,0.4099794626235962,-0.10414735227823257,-0.13690127432346344,0.3875732719898224,-0.13682879507541656,-0.22606892883777618,0.2514289319515228,-0.1377701461315155,-0.2014329582452774,0.18159210681915283,-0.13626159727573395,-0.15853232145309448
G,G_session_001,62,0.0,0.0,0.0,-0.08105608820915222,-0.2566864490509033,-0.08070993423461914,-0.06762214750051498,-0.6045074462890625,-0.1386847347021103,0.008623926900327206,-0.8140215277671814,-0.19532014429569244,0.05777224898338318,-0.991245687007904,-0.2432045191526413,0.26455873250961304,-0.8071350455284119,-0.06512241065502167,0.3796139657497406,-0.8434063792228699,-0.176133930683136,0.41820552945137024,-0.9394364953041077,-0.2405180186033249,0.4101305902004242,-1.0,-0.2730012536048889,0.3655604124069214,-0.6195066571235657,-0.08026917278766632,0.357854962348938,-0.6967783570289612,-0.19076097011566162,0.1716051548719406,-0.6133091449737549,-0.19038233160972595,0.1070217415690422,-0.5759730935096741,-0.16051781177520752,0.4090074300765991,-0.3747953474521637,-0.1151905283331871,0.3676969110965729,-0.39292749762535095,-0.23349779844284058,0.18354611098766327,-0.3466474115848541,-0.18943628668785095,0.12804967164993286,-0.3388729691505432,-0.13017596304416656,0.4156779646873474,-0.10283631831407547,-0.1585390716791153,0.36228784918785095,-0.1391308456659317,-0.24205473065376282,0.22245976328849792,-0.13761529326438904,-0.21127495169639587,0.17569439113140106,-0.13592825829982758,-0.16597633063793182
G,G_session_001,63,0.0,0.0,0.0,-0.08435080945491791,-0.2766011655330658,-0.0814862996339798,-0.08137472718954086,-0.5988250970840454,-0.14095519483089447,-0.01616571471095085,-0.8032611608505249,-0.19946825504302979,0.03687937557697296,-0.9756156206130981,-0.24930135905742645,0.2462555319070816,-0.8023576140403748,-0.05794309824705124,0.36667802929878235,-0.8467980623245239,-0.1577220857143402,0.4043397605419159,-0.9421584010124207,-0.21258141100406647,0.3878413438796997,-1.0,-0.2374907284975052,0.3369932174682617,-0.6140508651733398,-0.06946416199207306,0.35222193598747253,-0.6894737482070923,-0.17287877202033997,0.17062827944755554,-0.6143175959587097,-0.1710643172264099,0.09477457404136658,-0.5831083655357361,-0.13921551406383514,0.37893128395080566,-0.3787522614002228,-0.10001732409000397,0.3687508702278137,-0.4041967988014221,-0.2155744731426239,0.18954719603061676,-0.36404144763946533,-0.177278533577919,0.11900364607572556,-0.35758504271507263,-0.11982900649309158,0.3862093687057495,-0.11514124274253845,-0.13786622881889343,0.36436179280281067,-0.15195401012897491,-0.2195291519165039,0.22645516693592072,-0.15408958494663239,-0.18981413543224335,0.16297753155231476,-0.15557372570037842,-0.1440311223268509
G,G_session_001,64,0.0,0.0,0.0,-0.0866728201508522,-0.2680649161338806,-0.08397716283798218,-0.08640093356370926,-0.5973109602928162,-0.14404679834842682,-0.018831484019756317,-0.8142792582511902,-0.20213238894939423,0.03715144097805023,-1.0,-0.2484309822320938,0.24763916432857513,-0.8204950094223022,-0.05487831309437752,0.3501107394695282,-0.8671126961708069,-0.15977324545383453,0.3798198401927948,-0.9591107964515686,-0.21335911750793457,0.37395012378692627,-0.9937471151351929,-0.23652952909469604,0.3511638045310974,-0.6436054110527039,-0.0634424164891243,0.31149211525917053,-0.7221134305000305,-0.16455303132534027,0.13632772862911224,-0.61888587474823,-0.15391802787780762,0.1027241125702858,-0.5681076049804688,-0.11610845476388931,0.39745181798934937,-0.4117724299430847,-0.09323776513338089,0.31347277760505676,-0.42722511291503906,-0.19773967564105988,0.14740531146526337,-0.36999884247779846,-0.14660094678401947,0.12669864296913147,-0.3600430190563202,-0.08428235352039337,0.4082162380218506,-0.15423937141895294,-0.13305523991584778,0.30997204780578613,-0.17994780838489532,-0.19877836108207703,0.18802876770496368,-0.1694088578224182,-0.16517996788024902,0.17215099930763245,-0.16570429503917694,-0.1199333593249321
G,G_session_001,65,0.0,0.0,0.0,-0.08357024937868118,-0.26643261313438416,-0.08783046901226044,-0.08170449733734131,-0.5954271554946899,-0.15236468613147736,-0.016504254192113876,-0.813644528388977,-0.21532085537910461,0.03949100151658058,-1.0,-0.26691725850105286,0.2569417357444763,-0.8276034593582153,-0.06263680011034012,0.3714585602283478,-0.8621076941490173,-0.17502398788928986,0.3994026482105255,-0.9542016983032227,-0.23336443305015564,0.38361430168151855,-0.9974789023399353,-0.2586228847503662,0.3576178550720215,-0.644352376461029,-0.07233964651823044,0.34184882044792175,-0.7031815052032471,-0.18070943653583527,0.1510370969772339,-0.6143394708633423,-0.17302942276000977,0.1032332256436348,-0.5871633887290955,-0.13601158559322357,0.40299102663993835,-0.4025024175643921,-0.10363416373729706,0.34584134817123413,-0.39872145652770996,-0.2177005261182785,0.16369523108005524,-0.3528796136379242,-0.16843435168266296,0.1276697963476181,-0.3561519682407379,-0.10484147071838379,0.4119091331958771,-0.13286654651165009,-0.14453750848770142,0.3384595513343811,-0.15119332075119019,-0.2187862992286682,0.20758387446403503,-0.1473625749349594,-0.18444091081619263,0.18207603693008423,-0.1493724286556244,-0.13650552928447723
G,G_session_001,66,0.0,0.0,0.0,-0.08280578255653381,-0.27560874819755554,-0.09026283025741577,-0.08353114873170853,-0.5930627584457397,-0.15762795507907867,-0.01624971814453602,-0.8119949102401733,-0.2219652682542801,0.045335885137319565,-1.0,-0.27242735028266907,0.2538784444332123,-0.8428743481636047,-0.06708848476409912,0.37286704778671265,-0.8829454779624939,-0.18204768002033234,0.40296322107315063,-0.965863049030304,-0.23829251527786255,0.3873026669025421,-0.9882955551147461,-0.260720819234848,0.3607182800769806,-0.656947135925293,-0.07384340465068817,0.32758140563964844,-0.7162505388259888,-0.1821768879890442,0.14321373403072357,-0.6108673810958862,-0.1701888144016266,0.10454734414815903,-0.5729246735572815,-0.12998594343662262,0.40917283296585083,-0.4148299992084503,-0.10274671018123627,0.3219682276248932,-0.40718087553977966,-0.21144793927669525,0.15340757369995117,-0.35654062032699585,-0.15755079686641693,0.13357797265052795,-0.35968640446662903,-0.09291841834783554,0.42111894488334656,-0.14540141820907593,-0.14232662320137024,0.3183698058128357,-0.15343502163887024,-0.2103172391653061,0.19632567465305328,-0.14887452125549316,-0.17581568658351898,0.18386878073215485,-0.1586812138557434,-0.12905645370483398
G,G_session_001,67,0.0,0.0,0.0,-0.07671014219522476,-0.27082836627960205,-0.09438900649547577,-0.07319464534521103,-0.5886901617050171,-0.1596718728542328,-0.0037077220622450113,-0.8070148825645447,-0.21919023990631104,0.05666659399867058,-1.0,-0.26611509919166565,0.26384419202804565,-0.8414161801338196,-0.07139234244823456,0.3637382388114929,-0.8857345581054688,-0.18023183941841125,0.39965346455574036,-0.965196967124939,-0.2400529682636261,0.4089075028896332,-0.9696609377861023,-0.2702668309211731,0.3762003183364868,-0.643341600894928,-0.07696351408958435,0.3516937792301178,-0.703044593334198,-0.18988943099975586,0.1647934466600418,-0.6207951307296753,-0.19028428196907043,0.11381292343139648,-0.5782808065414429,-0.1585008054971695,0.4252924621105194,-0.39863789081573486,-0.10295446217060089,0.3248124420642853,-0.39718374609947205,-0.21181289851665497,0.15895330905914307,-0.36266952753067017,-0.16740527749061584,0.13683778047561646,-0.36203840374946594,-0.10984551906585693,0.43437185883522034,-0.13408885896205902,-0.14006629586219788,0.3067794740200043,-0.14662699401378632,-0.21031223237514496,0.19192640483379364,-0.14743772149085999,-0.18415085971355438,0.18490470945835114,-0.15826043486595154,-0.14423610270023346
G,G_session_001,68,0.0,0.0,0.0,-0.07286550849676132,-0.27600404620170593,-0.10234121978282928,-0.07714294642210007,-0.5954062342643738,-0.17713278532028198,-0.012065188959240913,-0.8145799040794373,-0.24717500805854797,0.059786438941955566,-1.0,-0.3047577738761902,0.2558012902736664,-0.8368899822235107,-0.07650382071733475,0.3731634318828583,-0.8789240717887878,-0.19129890203475952,0.41347092390060425,-0.9670968651771545,-0.24884378910064697,0.40239813923835754,-0.994419276714325,-0.27221235632896423,0.3529972732067108,-0.6327953338623047,-0.08046694844961166,0.3806805908679962,-0.7158090472221375,-0.19663554430007935,0.1860046088695526,-0.6153512001037598,-0.1863178312778473,0.117592453956604,-0.5734640955924988,-0.14360761642456055,0.400867223739624,-0.39094898104667664,-0.1071462333202362,0.38622337579727173,-0.407015323638916,-0.23219582438468933,0.20142769813537598,-0.34746086597442627,-0.17983472347259521,0.1447020322084427,-0.33146536350250244,-0.1099531352519989,0.4159834682941437,-0.11484826356172562,-0.1435365378856659,0.3894613981246948,-0.14187827706336975,-0.2274342179298401,0.24944336712360382,-0.13093237578868866,-0.19042827188968658,0.194545716047287,-0.13120397925376892,-0.1382606029510498
G,G_session_001,69,0.0,0.0,0.0,-0.08023061603307724,-0.27881163358688354,-0.09715650230646133,-0.08598832786083221,-0.611215353012085,-0.16467615962028503,-0.01360123511403799,-0.8173244595527649,-0.22737307846546173,0.05930046737194061,-0.9929287433624268,-0.2787322700023651,0.2558571994304657,-0.8392286896705627,-0.0720483586192131,0.367775022983551,-0.8840282559394836,-0.1864800900220871,0.40804144740104675,-0.9696723818778992,-0.24809357523918152,0.407181978225708,-1.0,-0.27625375986099243,0.35366693139076233,-0.634726345539093,-0.07878215610980988,0.3773868680000305,-0.7239006757736206,-0.19699721038341522,0.1797758936882019,-0.6306000351905823,-0.19190172851085663,0.10937689989805222,-0.5956747531890869,-0.152476966381073,0.40126940608024597,-0.38821321725845337,-0.10775702446699142,0.3806391656398773,-0.4096302390098572,-0.23452310264110565,0.19254131615161896,-0.3548871874809265,-0.18860481679439545,0.14056536555290222,-0.3476901352405548,-0.12268364429473877,0.4169388711452484,-0.11165036261081696,-0.14577412605285645,0.35829198360443115,-0.14306671917438507,-0.23185718059539795,0.22455884516239166,-0.13357152044773102,-0.20200400054454803,0.19077129662036896,-0.1369895040988922,-0.15496589243412018
G,G_session_001,70,0.0,0.0,0.0,-0.0809943675994873,-0.2788330316543579,-0.09539641439914703,-0.08096946775913239,-0.6208187937736511,-0.1600397378206253,-0.0032848443370312452,-0.8165799975395203,-0.21952149271965027,0.06067897006869316,-0.9955817461013794,-0.267954021692276,0.2744561731815338,-0.8672052621841431,-0.07706624269485474,0.36934635043144226,-0.9046725034713745,-0.18905580043792725,0.4106381833553314,-0.9808758497238159,-0.2559892237186432,0.4255264103412628,-1.0,-0.2920849323272705,0.3839687407016754,-0.6559578776359558,-0.0857829600572586,0.3685036599636078,-0.7183839678764343,-0.19920924305915833,0.1733308583498001,-0.6308717727661133,-0.20231248438358307,0.11558324843645096,-0.5889824032783508,-0.17459891736507416,0.43378007411956787,-0.39067134261131287,-0.11511869728565216,0.38291671872138977,-0.390011727809906,-0.2341548055410385,0.19859860837459564,-0.34943634271621704,-0.1909153014421463,0.15311716496944427,-0.33885905146598816,-0.13205912709236145,0.4461163878440857,-0.0951388031244278,-0.15457329154014587,0.375143826007843,-0.1092769205570221,-0.2389959990978241,0.24251599609851837,-0.1205085888504982,-0.2119453400373459,0.20589806139469147,-0.1290585845708847,-0.16851231455802917
G,G_session_001,71,0.0,0.0,0.0,-0.08377725630998611,-0.27711036801338196,-0.08927629142999649,-0.09078334271907806,-0.6267554759979248,-0.15448392927646637,-0.014149254187941551,-0.8347868919372559,-0.21417300403118134,0.055291011929512024,-0.9873065948486328,-0.2616332769393921,0.2613395154476166,-0.8736255168914795,-0.07945332676172256,0.3660673499107361,-0.9192704558372498,-0.19507400691509247,0.40773406624794006,-0.9882658123970032,-0.2584911584854126,0.4173227548599243,-1.0,-0.29040947556495667,0.3767697215080261,-0.662531852722168,-0.08902493864297867,0.3719891905784607,-0.7304362654685974,-0.19973807036876678,0.17558109760284424,-0.6199172735214233,-0.1901652067899704,0.11829619854688644,-0.5765411257743835,-0.15386225283145905,0.4320848286151886,-0.3990844190120697,-0.11943329125642776,0.37343475222587585,-0.39471548795700073,-0.22920817136764526,0.1933862417936325,-0.3348596692085266,-0.17169781029224396,0.15564534068107605,-0.3279123604297638,-0.10664881020784378,0.4477483630180359,-0.10665126889944077,-0.16031570732593536,0.36063331365585327,-0.10911520570516586,-0.23244696855545044,0.2259339541196823,-0.10060015320777893,-0.19701816141605377,0.1965210735797882,-0.10899583995342255,-0.15107250213623047
G,G_session_001,72,0.0,0.0,0.0,-0.08169645816087723,-0.2926061153411865,-0.09483171999454498,-0.08543136715888977,-0.6367601752281189,-0.16029249131679535,-0.009161589667201042,-0.8392392992973328,-0.22014178335666656,0.06450425833463669,-1.0,-0.2660241425037384,0.2686859965324402,-0.8733019828796387,-0.07428807765245438,0.37405475974082947,-0.9250618815422058,-0.19057561457157135,0.41669002175331116,-0.9958517551422119,-0.25010743737220764,0.4338735342025757,-0.9990968704223633,-0.278291791677475,0.3769691586494446,-0.6435482501983643,-0.08351384848356247,0.39074522256851196,-0.7295787930488586,-0.20246988534927368,0.18356579542160034,-0.6205222010612488,-0.19139793515205383,0.130254328250885,-0.5722747445106506,-0.1491735279560089,0.42853161692619324,-0.37228402495384216,-0.11542787402868271,0.3898732662200928,-0.3892951011657715,-0.23709826171398163,0.1987590342760086,-0.3358151912689209,-0.18026012182235718,0.16698762774467468,-0.32745274901390076,-0.11046956479549408,0.4457549750804901,-0.07290835678577423,-0.15754082798957825,0.37424060702323914,-0.09300842881202698,-0.23694400489330292,0.2355528324842453,-0.09429337084293365,-0.20197877287864685,0.20829230546951294,-0.10272826254367828,-0.15379489958286285
G,G_session_001,73,0.0,0.0,0.0,-0.07791692763566971,-0.29286307096481323,-0.10295127332210541,-0.0770239382982254,-0.6335247159004211,-0.1782960295677185,-0.0010994687909260392,-0.8354505300521851,-0.24745523929595947,0.07147478312253952,-0.9971063733100891,-0.30170610547065735,0.31250107288360596,-0.8990288972854614,-0.08415231853723526,0.39865097403526306,-0.938788652420044,-0.21003153920173645,0.43889451026916504,-1.0,-0.2838554382324219,0.45437389612197876,-0.9964638352394104,-0.32249927520751953,0.43472734093666077,-0.6754856705665588,-0.09101888537406921,0.352068156003952,-0.6956327557563782,-0.20383881032466888,0.15969876945018768,-0.5810670256614685,-0.20136114954948425,0.13645227253437042,-0.5432109832763672,-0.1722203493118286,0.48357245326042175,-0.38737788796424866,-0.12094417214393616,0.3581196963787079,-0.3522503972053528,-0.22900991141796112,0.18720971047878265,-0.3092101216316223,-0.17160987854003906,0.17819182574748993,-0.31463029980659485,-0.1087341383099556,0.48744070529937744,-0.07119376957416534,-0.1644502431154251,0.35488802194595337,-0.06706833839416504,-0.23402811586856842,0.2301124781370163,-0.07231373339891434,-0.19762463867664337,0.224577859044075,-0.08642197400331497,-0.1502968668937683
G,G_session_001,74,0.0,0.0,0.0,-0.07605297863483429,-0.28627803921699524,-0.11651359498500824,-0.07445555180311203,-0.6264232397079468,-0.19788497686386108,0.002067259745672345,-0.8328529596328735,-0.2699374556541443,0.07955745607614517,-1.0,-0.32779768109321594,0.27447426319122314,-0.8892172574996948,-0.09893602877855301,0.3679596483707428,-0.9372038245201111,-0.23282787203788757,0.42438948154449463,-0.9790472984313965,-0.30596351623535156,0.4495595097541809,-0.9647564888000488,-0.34136319160461426,0.38127225637435913,-0.6615065336227417,-0.0997026190161705,0.4071637690067291,-0.7197008728981018,-0.22922027111053467,0.2034965604543686,-0.5907171368598938,-0.22064746916294098,0.14441151916980743,-0.5547409653663635,-0.1795288324356079,0.4361248314380646,-0.38631871342658997,-0.1255660206079483,0.4119042158126831,-0.377841591835022,-0.2608081102371216,0.21911081671714783,-0.30357253551483154,-0.20106130838394165,0.17531061172485352,-0.30121615529060364,-0.12705381214618683,0.4510662257671356,-0.08670826256275177,-0.16311559081077576,0.4135916531085968,-0.0942784920334816,-0.2542702257633209,0.26450735330581665,-0.08056732267141342,-0.2150592803955078,0.2192865014076233,-0.09272066503763199,-0.16162820160388947
G,G_session_001,75,0.0,0.0,0.0,-0.07790081202983856,-0.2875632643699646,-0.12080872058868408,-0.08022818714380264,-0.6216531991958618,-0.20234361290931702,-0.007079571019858122,-0.8300694227218628,-0.27349331974983215,0.07632309943437576,-0.998857319355011,-0.32892632484436035,0.277398020029068,-0.8971222043037415,-0.09978850185871124,0.3633962869644165,-0.9488613605499268,-0.22522400319576263,0.4097450077533722,-1.0,-0.2939912974834442,0.43793168663978577,-0.9880161285400391,-0.3287682831287384,0.39175376296043396,-0.6820510625839233,-0.09680153429508209,0.367934912443161,-0.7262568473815918,-0.21297726035118103,0.17274044454097748,-0.6026580929756165,-0.2041509747505188,0.13963113725185394,-0.5675457119941711,-0.16818471252918243,0.44637036323547363,-0.4112389385700226,-0.1185821071267128,0.3907071053981781,-0.39275115728378296,-0.23924338817596436,0.20645560324192047,-0.3325952887535095,-0.18078303337097168,0.1796819567680359,-0.3325316607952118,-0.11302653700113297,0.46233949065208435,-0.10825415700674057,-0.1537962406873703,0.38863715529441833,-0.10416353493928909,-0.23551934957504272,0.25072216987609863,-0.09686068445444107,-0.20006147027015686,0.2212759554386139,-0.10722187906503677,-0.15145742893218994
G,G_session_001,76,0.0,0.0,0.0,-0.07049714028835297,-0.28308621048927307,-0.12066742777824402,-0.07105828076601028,-0.6075167059898376,-0.20181375741958618,-0.002633882686495781,-0.8174838423728943,-0.2720051407814026,0.07749617844820023,-0.9905189871788025,-0.3270399570465088,0.29248929023742676,-0.8942528367042542,-0.09990148991346359,0.373455286026001,-0.9370539784431458,-0.2228771150112152,0.42093512415885925,-1.0,-0.2936008870601654,0.44814175367355347,-0.9848836064338684,-0.3310144245624542,0.40989282727241516,-0.6714374423027039,-0.09713982790708542,0.3873474895954132,-0.7046296000480652,-0.21216018497943878,0.18553684651851654,-0.5887768268585205,-0.20669597387313843,0.14356981217861176,-0.5495361089706421,-0.17362260818481445,0.4622747004032135,-0.39176955819129944,-0.11832448840141296,0.40966445207595825,-0.36576423048973083,-0.2401464581489563,0.21938256919384003,-0.31135132908821106,-0.1847381889820099,0.1861545294523239,-0.3033800721168518,-0.11858264356851578,0.4731009304523468,-0.08191824704408646,-0.15247052907943726,0.4051956236362457,-0.07238863408565521,-0.23718976974487305,0.26550814509391785,-0.07078931480646133,-0.20327751338481903,0.2316475510597229,-0.07781046628952026,-0.15511102974414825
G,G_session_001,77,0.0,0.0,0.0,-0.07699532806873322,-0.28119921684265137,-0.12744244933128357,-0.07439809292554855,-0.6251375079154968,-0.21702544391155243,-0.0018577295122668147,-0.8329828977584839,-0.2962900698184967,0.08431318402290344,-1.0,-0.36035430431365967,0.2929701805114746,-0.9037065505981445,-0.11171051859855652,0.3702428936958313,-0.9443910717964172,-0.25081148743629456,0.42342108488082886,-0.9921164512634277,-0.33372995257377625,0.4589012563228607,-0.9837546348571777,-0.37851545214653015,0.41546836495399475,-0.6904251575469971,-0.10911783576011658,0.3704090118408203,-0.6951541900634766,-0.2364468276500702,0.1764579564332962,-0.5891728401184082,-0.2366296797990799,0.1443953812122345,-0.5768541097640991,-0.20705914497375488,0.4706345498561859,-0.4095534086227417,-0.13198335468769073,0.3756309151649475,-0.35633352398872375,-0.25408080220222473,0.20149540901184082,-0.30532482266426086,-0.19354644417762756,0.1872347593307495,-0.3223572373390198,-0.12552723288536072,0.4803333878517151,-0.1013452336192131,-0.1702297180891037,0.38879823684692383,-0.08441051095724106,-0.24950355291366577,0.26184287667274475,-0.07581563293933868,-0.21016140282154083,0.24890391528606415,-0.08927053958177567,-0.15929065644741058
G,G_session_001,78,0.0,0.0,0.0,-0.07234199345111847,-0.2920058071613312,-0.11900907009840012,-0.06073132902383804,-0.6410453915596008,-0.20535533130168915,0.018291927874088287,-0.846054196357727,-0.2828160226345062,0.09922214597463608,-1.0,-0.3449671268463135,0.32397156953811646,-0.8975980877876282,-0.10959713906049728,0.38549476861953735,-0.9500390887260437,-0.2431788444519043,0.4358614683151245,-0.995586097240448,-0.3246522545814514,0.47365450859069824,-0.9922144412994385,-0.37158381938934326,0.45671385526657104,-0.6933715343475342,-0.11149045825004578,0.3179799020290375,-0.6895892024040222,-0.2305019050836563,0.15734724700450897,-0.5719568133354187,-0.23529216647148132,0.16170310974121094,-0.5572441220283508,-0.2143883854150772,0.5061466097831726,-0.4063055217266083,-0.13651075959205627,0.3225570619106293,-0.34543249011039734,-0.24201638996601105,0.18941457569599152,-0.29090893268585205,-0.18077759444713593,0.20705893635749817,-0.3114340305328369,-0.11953199654817581,0.5041280388832092,-0.09253902733325958,-0.17832261323928833,0.33447346091270447,-0.07358317077159882,-0.24817270040512085,0.23906674981117249,-0.05628545954823494,-0.21107256412506104,0.2591879069805145,-0.0676264613866806,-0.1639484167098999
G,G_session_001,79,0.0,0.0,0.0,-0.07759850472211838,-0.2877500355243683,-0.11828109622001648,-0.0684422105550766,-0.6343902349472046,-0.205605611205101,0.01222796831279993,-0.8386897444725037,-0.2850891947746277,0.10250259935855865,-1.0,-0.34818270802497864,0.3165737986564636,-0.8920125365257263,-0.1063721776008606,0.39503219723701477,-0.9356045722961426,-0.23677653074264526,0.44108161330223083,-0.9874323606491089,-0.30902859568595886,0.46802616119384766,-0.9894542694091797,-0.3475918173789978,0.4511958956718445,-0.6876438856124878,-0.1070760190486908,0.32062092423439026,-0.6755207180976868,-0.22273632884025574,0.15168796479701996,-0.5662240982055664,-0.2201429307460785,0.15516765415668488,-0.5459855198860168,-0.19249530136585236,0.5032879710197449,-0.4028945565223694,-0.13110916316509247,0.3285442292690277,-0.34683340787887573,-0.23715786635875702,0.18424224853515625,-0.30170297622680664,-0.17009690403938293,0.19846349954605103,-0.315999299287796,-0.10268212854862213,0.5044607520103455,-0.09269450604915619,-0.17158378660678864,0.35075679421424866,-0.08714164793491364,-0.24228128790855408,0.2414754331111908,-0.07731014490127563,-0.2011597603559494,0.24886512756347656,-0.08106259256601334,-0.14899930357933044
G,G_session_001,80,0.0,0.0,0.0,-0.07903434336185455,-0.28665924072265625,-0.13774260878562927,-0.06966123729944229,-0.6337485313415527,-0.23527050018310547,0.0108330138027668,-0.84260493516922,-0.3217727541923523,0.10470864921808243,-1.0,-0.3922601640224457,0.3068399131298065,-0.9121343493461609,-0.12590450048446655,0.379118412733078,-0.9534890055656433,-0.27821508049964905,0.4325113892555237,-0.9935455918312073,-0.36550143361091614,0.47330331802368164,-0.9857495427131653,-0.4114081859588623,0.43674546480178833,-0.6936011910438538,-0.12087589502334595,0.374424546957016,-0.6986792087554932,-0.2596375346183777,0.17860130965709686,-0.5894429683685303,-0.2594747245311737,0.15884675085544586,-0.5802180767059326,-0.2266966551542282,0.49246254563331604,-0.4030594825744629,-0.14280781149864197,0.37025976181030273,-0.3483072817325592,-0.27696457505226135,0.19758941233158112,-0.2980078458786011,-0.2154049277305603,0.1947426199913025,-0.31955891847610474,-0.14337874948978424,0.49819543957710266,-0.08797012269496918,-0.1808016151189804,0.38069286942481995,-0.06906663626432419,-0.2668640613555908,0.2553044557571411,-0.06427880376577377,-0.22769692540168762,0.25134673714637756,-0.0809132382273674,-0.17463788390159607
G,G_session_001,81,0.0,0.0,0.0,-0.07482502609491348,-0.29131996631622314,-0.12377152591943741,-0.06598613411188126,-0.6384108066558838,-0.21147924661636353,0.01382976584136486,-0.8481543660163879,-0.2897840738296509,0.10791393369436264,-0.9992367029190063,-0.35300910472869873,0.3215542137622833,-0.9025717377662659,-0.1106024980545044,0.393551230430603,-0.9500288963317871,-0.23998384177684784,0.44915780425071716,-1.0,-0.3154009282588959,0.4936744272708893,-0.9936947822570801,-0.35830625891685486,0.456683874130249,-0.6906531453132629,-0.10828524827957153,0.35167819261550903,-0.6727201342582703,-0.22651132941246033,0.17047227919101715,-0.5807949900627136,-0.22831104695796967,0.1584075540304184,-0.5794258713722229,-0.20393377542495728,0.5111316442489624,-0.3998013138771057,-0.12932270765304565,0.3497115969657898,-0.33056995272636414,-0.2392304539680481,0.19769065082073212,-0.2942122519016266,-0.18115930259227753,0.20331892371177673,-0.32126593589782715,-0.12019854784011841,0.5140581727027893,-0.08531752973794937,-0.16645227372646332,0.35401788353919983,-0.05454854667186737,-0.23801074922084808,0.24611613154411316,-0.051338307559490204,-0.20353130996227264,0.2567269206047058,-0.07095950841903687,-0.1583481729030609
G,G_session_001,82,0.0,0.0,0.0,-0.07482807338237762,-0.2873880863189697,-0.13400106132030487,-0.06531208753585815,-0.6366273760795593,-0.2291322648525238,0.011026396416127682,-0.8443498611450195,-0.3142639994621277,0.10940498858690262,-0.9860768914222717,-0.3861570656299591,0.31767937541007996,-0.904522716999054,-0.1187487244606018,0.38904231786727905,-0.9510684013366699,-0.26316437125205994,0.44626352190971375,-1.0,-0.35044336318969727,0.49588075280189514,-0.9971190690994263,-0.39900174736976624,0.44297367334365845,-0.6774231195449829,-0.11770468205213547,0.40573257207870483,-0.7019360065460205,-0.25203952193260193,0.19778449833393097,-0.5954896211624146,-0.2540520131587982,0.16282056272029877,-0.5730059742927551,-0.22330571711063385,0.497640997171402,-0.3835856318473816,-0.14230582118034363,0.4126320481300354,-0.35573330521583557,-0.27897292375564575,0.21936456859111786,-0.2999022305011749,-0.21812495589256287,0.1955588459968567,-0.30125582218170166,-0.14466804265975952,0.5018174648284912,-0.06639166921377182,-0.18188323080539703,0.41966718435287476,-0.06866497546434402,-0.2719733715057373,0.27643510699272156,-0.06125587970018387,-0.22875693440437317,0.2500501573085785,-0.06262601166963577,-0.17159387469291687
G,G_session_001,83,0.0,0.0,0.0,-0.06725475937128067,-0.27993783354759216,-0.130350261926651,-0.057471390813589096,-0.6163083910942078,-0.22735640406608582,0.017706450074911118,-0.8263311982154846,-0.315460205078125,0.11545509845018387,-0.9659931063652039,-0.3891429901123047,0.3268961012363434,-0.886539876461029,-0.11866109073162079,0.39267081022262573,-0.956696629524231,-0.259705126285553,0.4521903395652771,-1.0,-0.3411391079425812,0.49922868609428406,-0.9799714088439941,-0.3846686780452728,0.45628660917282104,-0.6677860617637634,-0.1165352463722229,0.3696313500404358,-0.6802126169204712,-0.23902961611747742,0.18215352296829224,-0.5747427344322205,-0.23690134286880493,0.17124950885772705,-0.5625192523002625,-0.2080349326133728,0.5090548992156982,-0.3715569078922272,-0.13948558270931244,0.3792378604412079,-0.33552616834640503,-0.2592434287071228,0.21514372527599335,-0.28378552198410034,-0.19511041045188904,0.21477827429771423,-0.29190593957901,-0.12588369846343994,0.5092306137084961,-0.05281689390540123,-0.17843902111053467,0.3915069103240967,-0.05710327997803688,-0.2539149224758148,0.27230316400527954,-0.049719080328941345,-0.20936495065689087,0.2697674036026001,-0.049187786877155304,-0.15461857616901398
G,G_session_001,84,0.0,0.0,0.0,-0.06936569511890411,-0.28703340888023376,-0.12779085338115692,-0.05246398225426674,-0.6365459561347961,-0.22167153656482697,0.0340961255133152,-0.8380641937255859,-0.30708372592926025,0.1451738327741623,-0.956654965877533,-0.37738126516342163,0.3184112012386322,-0.897487461566925,-0.10999450087547302,0.3852345049381256,-0.95262610912323,-0.25029677152633667,0.4427720010280609,-1.0,-0.32889890670776367,0.4836292564868927,-0.9877449870109558,-0.37046200037002563,0.44494181871414185,-0.6769617199897766,-0.10890936106443405,0.37683433294296265,-0.6790569424629211,-0.23826195299625397,0.18416188657283783,-0.5793832540512085,-0.235810324549675,0.16377073526382446,-0.5675113797187805,-0.20352886617183685,0.4979252815246582,-0.38808318972587585,-0.13332083821296692,0.3797767758369446,-0.34092509746551514,-0.25659430027008057,0.21179823577404022,-0.2927657663822174,-0.19048473238945007,0.20827677845954895,-0.30781105160713196,-0.11823071539402008,0.5009585022926331,-0.07683579623699188,-0.17358241975307465,0.3936678469181061,-0.06879084557294846,-0.24961315095424652,0.26785901188850403,-0.0605439729988575,-0.20460264384746552,0.26105231046676636,-0.06743846088647842,-0.14917196333408356
G,G_session_001,85,0.0,0.0,0.0,-0.0675082802772522,-0.27352237701416016,-0.14611753821372986,-0.05172397568821907,-0.6296260952949524,-0.24580195546150208,0.03570842742919922,-0.837338924407959,-0.3343120515346527,0.16385924816131592,-0.9500797390937805,-0.40901675820350647,0.31025174260139465,-0.8964824676513672,-0.1190638318657875,0.40737417340278625,-0.9389801025390625,-0.2732624113559723,0.4675444960594177,-0.994674026966095,-0.3641211986541748,0.5116981267929077,-1.0,-0.41246503591537476,0.42299097776412964,-0.65261310338974,-0.11430532485246658,0.44777312874794006,-0.6909157037734985,-0.2695736587047577,0.22809866070747375,-0.5814041495323181,-0.27572566270828247,0.1720106303691864,-0.5567055940628052,-0.24020275473594666,0.4770444631576538,-0.3572444021701813,-0.13776105642318726,0.45243915915489197,-0.3428114056587219,-0.29605263471603394,0.24223007261753082,-0.27208906412124634,-0.23576761782169342,0.20103712379932404,-0.2700203061103821,-0.15418724715709686,0.48519352078437805,-0.0427510105073452,-0.1757374107837677,0.4610324203968048,-0.0569535456597805,-0.27566254138946533,0.3074212670326233,-0.04172033071517944,-0.22914433479309082,0.2686052620410919,-0.045087914913892746,-0.16666151583194733
G,G_session_001,86,0.0,0.0,0.0,-0.06575267016887665,-0.28557252883911133,-0.14823901653289795,-0.043510980904102325,-0.6386939287185669,-0.24241365492343903,0.04828447103500366,-0.8493390679359436,-0.32431015372276306,0.17673666775226593,-0.930945634841919,-0.3927648365497589,0.290219247341156,-0.8920001983642578,-0.11342094093561172,0.3835037350654602,-0.9528660178184509,-0.26289963722229004,0.4529579281806946,-1.0,-0.35294288396835327,0.5120382905006409,-0.99640953540802,-0.4014669954776764,0.3945489525794983,-0.6438362002372742,-0.1058371514081955,0.46384763717651367,-0.7016848921775818,-0.263810932636261,0.24945156276226044,-0.576875627040863,-0.27263113856315613,0.17804723978042603,-0.5443726778030396,-0.23554354906082153,0.45042872428894043,-0.350511372089386,-0.12621302902698517,0.4786851406097412,-0.3541630804538727,-0.29442206025123596,0.26671141386032104,-0.27650007605552673,-0.2430441528558731,0.2019912749528885,-0.27171623706817627,-0.16195179522037506,0.46399813890457153,-0.037047773599624634,-0.1596497744321823,0.4989965856075287,-0.0574442520737648,-0.27167028188705444,0.3376286029815674,-0.04911171272397041,-0.23064765334129333,0.26438939571380615,-0.06341609358787537,-0.1689966470003128
G,G_session_001,87,0.0,0.0,0.0,-0.07731007784605026,-0.29502376914024353,-0.1343105435371399,-0.0683991089463234,-0.6500270366668701,-0.21862629055976868,0.019724911078810692,-0.8525170087814331,-0.2925308346748352,0.14652098715305328,-0.92926424741745,-0.3514847159385681,0.2543899118900299,-0.8987413048744202,-0.09957148879766464,0.34605419635772705,-0.976077675819397,-0.2488463968038559,0.41908249258995056,-1.0,-0.3347650468349457,0.5037724375724792,-0.9866714477539062,-0.3794354498386383,0.34961849451065063,-0.6627006530761719,-0.09435801208019257,0.42732635140419006,-0.7072443962097168,-0.24898748099803925,0.22207018733024597,-0.5624002814292908,-0.25505244731903076,0.17126990854740143,-0.5556812882423401,-0.21814680099487305,0.4126824140548706,-0.39152446389198303,-0.1166994646191597,0.4602436125278473,-0.3956545293331146,-0.2833705246448517,0.2547062635421753,-0.28852415084838867,-0.22971117496490479,0.20347973704338074,-0.2947240471839905,-0.1477106511592865,0.44098418951034546,-0.10035806149244308,-0.15082591772079468,0.4941728711128235,-0.12273891270160675,-0.2601586580276489,0.3386968970298767,-0.08271260559558868,-0.21816951036453247,0.27336812019348145,-0.09320057183504105,-0.15615905821323395
G,G_session_001,88,0.0,0.0,0.0,-0.06940827518701553,-0.2860458493232727,-0.12277333438396454,-0.04837479069828987,-0.6291966438293457,-0.19391600787639618,0.03686453029513359,-0.8203163146972656,-0.25557589530944824,0.14955829083919525,-0.9310351014137268,-0.30265501141548157,0.2710232436656952,-0.894048273563385,-0.08716912567615509,0.3439215421676636,-0.9781668782234192,-0.22434702515602112,0.41387131810188293,-1.0,-0.30697745084762573,0.5055620074272156,-0.9925282597541809,-0.3527194559574127,0.37279877066612244,-0.673237144947052,-0.08549322932958603,0.4152703285217285,-0.6974087953567505,-0.22753269970417023,0.22593049705028534,-0.553257942199707,-0.2391248345375061,0.1881846785545349,-0.5540773868560791,-0.21252262592315674,0.4364122152328491,-0.40557610988616943,-0.10956332832574844,0.45715609192848206,-0.39191919565200806,-0.26368072628974915,0.2611309289932251,-0.2842184603214264,-0.21819406747817993,0.21870295703411102,-0.2923254668712616,-0.147805318236351,0.4654619097709656,-0.11248103529214859,-0.14538933336734772,0.49084436893463135,-0.12243594229221344,-0.24979089200496674,0.3331340253353119,-0.08469927310943604,-0.21596659719944,0.26833030581474304,-0.09825550019741058,-0.16280251741409302
G,G_session_001,89,0.0,0.0,0.0,-0.06943240016698837,-0.28079870343208313,-0.11770070344209671,-0.056518182158470154,-0.6334918141365051,-0.1893635094165802,0.029236823320388794,-0.8275308609008789,-0.25438520312309265,0.13325022161006927,-0.9485756158828735,-0.3067837655544281,0.26073718070983887,-0.8784446716308594,-0.08119036257266998,0.35187646746635437,-0.9712303876876831,-0.21223345398902893,0.4210143983364105,-1.0,-0.2818419337272644,0.5092977285385132,-0.9956896901130676,-0.3158577084541321,0.3507278263568878,-0.641720712184906,-0.08093571662902832,0.4218358099460602,-0.72318035364151,-0.2158871442079544,0.22539784014225006,-0.5775811076164246,-0.21182197332382202,0.19380177557468414,-0.5612435936927795,-0.17099571228027344,0.4112946689128876,-0.380953311920166,-0.10691970586776733,0.46066954731941223,-0.41299867630004883,-0.258575975894928,0.259715735912323,-0.30623212456703186,-0.20294040441513062,0.21876434981822968,-0.2989448606967926,-0.12277286499738693,0.4438793957233429,-0.09638359397649765,-0.14357149600982666,0.49660035967826843,-0.14635831117630005,-0.23969532549381256,0.3433724045753479,-0.10477247834205627,-0.19517172873020172,0.28353914618492126,-0.09764046967029572,-0.13451004028320312
G,G_session_001,90,0.0,0.0,0.0,-0.07772652804851532,-0.2674088478088379,-0.11326155811548233,-0.06994958221912384,-0.6210048198699951,-0.18074670433998108,0.020993715152144432,-0.8086559772491455,-0.24179726839065552,0.1262887865304947,-0.9510383605957031,-0.2896190881729126,0.24300721287727356,-0.8544553518295288,-0.07801934331655502,0.3344022035598755,-0.9632034301757812,-0.2062779664993286,0.4033585488796234,-1.0,-0.271268367767334,0.4944169521331787,-0.9887783527374268,-0.30136847496032715,0.33089038729667664,-0.6208024024963379,-0.07802801579236984,0.40849676728248596,-0.7218341827392578,-0.21109159290790558,0.2026660144329071,-0.5729750990867615,-0.20098130404949188,0.1714705526828766,-0.5350785255432129,-0.15463370084762573,0.38930585980415344,-0.36653605103492737,-0.1043718084692955,0.44162997603416443,-0.4191736578941345,-0.25304874777793884,0.2388705164194107,-0.3033391535282135,-0.1921568363904953,0.21000786125659943,-0.273671954870224,-0.10852839052677155,0.42392367124557495,-0.08754945546388626,-0.1411169469356537,0.47095948457717896,-0.15008142590522766,-0.23168975114822388,0.32168474793434143,-0.1033717691898346,-0.18488439917564392,0.277165025472641,-0.08154717832803726,-0.12413498014211655
G,G_session_001,91,0.0,0.0,0.0,-0.07902023196220398,-0.270258367061615,-0.10571182519197464,-0.06662457436323166,-0.6230098605155945,-0.16404840350151062,0.019472327083349228,-0.8195838928222656,-0.21656067669391632,0.12083012610673904,-0.9547739624977112,-0.26004481315612793,0.21594032645225525,-0.840662956237793,-0.07098688185214996,0.31786519289016724,-0.9539632201194763,-0.1789035201072693,0.38916370272636414,-0.9956768155097961,-0.24223993718624115,0.4737569987773895,-1.0,-0.27768760919570923,0.3101980984210968,-0.6135531067848206,-0.07413536310195923,0.4128086566925049,-0.7054056525230408,-0.20834189653396606,0.2251562923192978,-0.5801502466201782,-0.22330613434314728,0.15564563870429993,-0.5364702343940735,-0.19547568261623383,0.37089741230010986,-0.36215436458587646,-0.09755402058362961,0.45057350397109985,-0.4120284616947174,-0.24438364803791046,0.258041650056839,-0.3062727153301239,-0.20481406152248383,0.19109869003295898,-0.2718586027622223,-0.13526616990566254,0.4051383137702942,-0.08516506105661392,-0.12911254167556763,0.4880533814430237,-0.1501149833202362,-0.22562403976917267,0.3426281213760376,-0.10971057415008545,-0.1890416443347931,0.26519379019737244,-0.0934520736336708,-0.13463285565376282
G,G_session_001,92,0.0,0.0,0.0,-0.07937226444482803,-0.26840806007385254,-0.11084061861038208,-0.06387581676244736,-0.6134343147277832,-0.1747739166021347,0.03232112526893616,-0.8063586950302124,-0.2322532832622528,0.12378039956092834,-0.9673628211021423,-0.280920147895813,0.2254319190979004,-0.8429667353630066,-0.08477705717086792,0.33984658122062683,-0.9364096522331238,-0.20428697764873505,0.40388551354408264,-0.9885749220848083,-0.2761714458465576,0.4665437936782837,-1.0,-0.3147735893726349,0.32415899634361267,-0.6090134382247925,-0.08808927983045578,0.418484091758728,-0.69026118516922,-0.23103095591068268,0.22910895943641663,-0.5738574266433716,-0.2516010105609894,0.1530521959066391,-0.5455771088600159,-0.22738969326019287,0.38575735688209534,-0.3492392599582672,-0.11176959425210953,0.4600712060928345,-0.38343513011932373,-0.26702451705932617,0.2640800178050995,-0.27807891368865967,-0.23096856474876404,0.187724307179451,-0.2511635720729828,-0.16268318891525269,0.41951194405555725,-0.06973309069871902,-0.14378994703292847,0.49546751379966736,-0.11555138975381851,-0.250253826379776,0.35552218556404114,-0.06957179307937622,-0.21773023903369904,0.2809064984321594,-0.05308135598897934,-0.1634666621685028
G,G_session_001,93,0.0,0.0,0.0,-0.08475099503993988,-0.2640416920185089,-0.09748159348964691,-0.07026646286249161,-0.6034825444221497,-0.15780016779899597,0.028765089809894562,-0.7872521281242371,-0.2141532599925995,0.09888580441474915,-0.9583154320716858,-0.2618870437145233,0.21870635449886322,-0.8192382454872131,-0.08077001571655273,0.3240985572338104,-0.8967452645301819,-0.18348845839500427,0.3765661418437958,-0.9621871709823608,-0.24155372381210327,0.41644561290740967,-1.0,-0.2734730541706085,0.31014999747276306,-0.607255220413208,-0.08594778925180435,0.37294161319732666,-0.6484657526016235,-0.20010098814964294,0.19349905848503113,-0.5395532250404358,-0.20678873360157013,0.14267106354236603,-0.5360560417175293,-0.18423862755298615,0.3654882311820984,-0.35887694358825684,-0.11028363555669785,0.4288403391838074,-0.36664873361587524,-0.24069058895111084,0.2482253611087799,-0.2915675938129425,-0.20151637494564056,0.18820765614509583,-0.2926790714263916,-0.14247992634773254,0.3923664689064026,-0.08955782651901245,-0.14300008118152618,0.4910418391227722,-0.11205795407295227,-0.23883476853370667,0.4335603415966034,-0.07409224659204483,-0.21645724773406982,0.4386477768421173,-0.0541188083589077,-0.1761094480752945
G,G_session_001,94,0.0,0.0,0.0,-0.06994204223155975,-0.24238181114196777,-0.10287352651357651,-0.06535960733890533,-0.5606672763824463,-0.1718059927225113,0.017322275787591934,-0.7695935368537903,-0.2360837459564209,0.09452121704816818,-0.9371755719184875,-0.2907737195491791,0.2269328385591507,-0.8159120082855225,-0.07851989567279816,0.3308648467063904,-0.8787711262702942,-0.18632307648658752,0.3732142448425293,-0.9620108604431152,-0.24321673810482025,0.3966176211833954,-1.0,-0.27100488543510437,0.32178646326065063,-0.6128321290016174,-0.07926082611083984,0.35820168256759644,-0.679527997970581,-0.18296203017234802,0.17814552783966064,-0.5593419075012207,-0.1710125207901001,0.14035150408744812,-0.544377863407135,-0.13456150889396667,0.37736788392066956,-0.371746301651001,-0.10204143822193146,0.41069698333740234,-0.39648789167404175,-0.22385333478450775,0.23189225792884827,-0.3083590269088745,-0.17206092178821564,0.18275107443332672,-0.2969910800457001,-0.1057543158531189,0.4026211202144623,-0.10518374294042587,-0.13443732261657715,0.4436745345592499,-0.13551786541938782,-0.2245979905128479,0.3263903558254242,-0.09148000925779343,-0.19170524179935455,0.28373992443084717,-0.070673868060112,-0.14312417805194855
G,G_session_001,95,0.0,0.0,0.0,-0.06818251311779022,-0.2443961203098297,-0.09820365905761719,-0.06029777228832245,-0.5624787211418152,-0.1673126071691513,0.017835017293691635,-0.7665741443634033,-0.23335935175418854,0.07825783640146255,-0.9617518186569214,-0.2899998426437378,0.23791338503360748,-0.8065134286880493,-0.07272554188966751,0.33413684368133545,-0.8756769895553589,-0.18096545338630676,0.3763262629508972,-0.9574426412582397,-0.24132680892944336,0.4014996886253357,-1.0,-0.2717686593532562,0.32272303104400635,-0.6197792887687683,-0.0770869329571724,0.34281933307647705,-0.6760831475257874,-0.17976056039333344,0.16365733742713928,-0.5655279159545898,-0.17480559647083282,0.13360518217086792,-0.5607781410217285,-0.14536280930042267,0.3730678856372833,-0.38765859603881836,-0.1025601327419281,0.3980334401130676,-0.40820369124412537,-0.2229871302843094,0.2154320478439331,-0.3341299891471863,-0.17435987293720245,0.16940124332904816,-0.3318271040916443,-0.11198084056377411,0.3960837721824646,-0.12706942856311798,-0.1375867873430252,0.4216257929801941,-0.16455425322055817,-0.2244550734758377,0.2798432409763336,-0.14602428674697876,-0.1889275461435318,0.2170962691307068,-0.14906367659568787,-0.13981756567955017
G,G_session_001,96,0.0,0.0,0.0,-0.0641036406159401,-0.2388356328010559,-0.09719611704349518,-0.05540255829691887,-0.5550612807273865,-0.1660606414079666,0.018135741353034973,-0.7575550079345703,-0.23129914700984955,0.082696333527565,-0.9457178115844727,-0.2872487008571625,0.22702445089817047,-0.7770751714706421,-0.08103540539741516,0.3395293951034546,-0.8611546158790588,-0.19326701760292053,0.3816552460193634,-0.9522673487663269,-0.252811461687088,0.3938971757888794,-1.0,-0.28054988384246826,0.3061909079551697,-0.5863105654716492,-0.08667177706956863,0.3567880690097809,-0.6910127997398376,-0.1986582726240158,0.18077443540096283,-0.577663779258728,-0.1931949108839035,0.13719145953655243,-0.5540481805801392,-0.15966038405895233,0.35588711500167847,-0.3606834411621094,-0.11322196573019028,0.40402406454086304,-0.4191754162311554,-0.24211309850215912,0.22443433105945587,-0.3370000123977661,-0.19319100677967072,0.1702335923910141,-0.3234098553657532,-0.1272699385881424,0.38293561339378357,-0.10708457231521606,-0.14830800890922546,0.4275152087211609,-0.16772426664829254,-0.24014517664909363,0.28611621260643005,-0.1450190395116806,-0.20322294533252716,0.21638472378253937,-0.14311529695987701,-0.1520756036043167
G,G_session_001,97,0.0,0.0,0.0,-0.06846519559621811,-0.24369660019874573,-0.09551925212144852,-0.05616120621562004,-0.5597854852676392,-0.1630273163318634,0.020500516518950462,-0.7585581541061401,-0.22760799527168274,0.08007127046585083,-0.9510941505432129,-0.28323933482170105,0.23925647139549255,-0.7898884415626526,-0.07508745789527893,0.34786054491996765,-0.8561182022094727,-0.1891455501317978,0.38527458906173706,-0.9449180960655212,-0.25271105766296387,0.39114731550216675,-1.0,-0.2833649218082428,0.32520434260368347,-0.6045593619346619,-0.08197277784347534,0.34938350319862366,-0.6918098330497742,-0.19487251341342926,0.17344516515731812,-0.5808696746826172,-0.19237366318702698,0.13050945103168488,-0.5560832619667053,-0.16119329631328583,0.37310707569122314,-0.37807023525238037,-0.11024271696805954,0.38630613684654236,-0.4196101129055023,-0.23797880113124847,0.20881867408752441,-0.3446904122829437,-0.1927260160446167,0.15869863331317902,-0.33103448152542114,-0.12978333234786987,0.3949472904205322,-0.12255492061376572,-0.14749778807163239,0.40877261757850647,-0.17206095159053802,-0.23841485381126404,0.2637902498245239,-0.15642839670181274,-0.20527838170528412,0.19534504413604736,-0.1554681658744812,-0.15699219703674316
G,G_session_001,98,0.0,0.0,0.0,-0.061254579573869705,-0.23792564868927002,-0.09605155140161514,-0.05569466948509216,-0.549470841884613,-0.16728058457374573,0.020154397934675217,-0.7622792720794678,-0.23504872620105743,0.08957135677337646,-0.9582046270370483,-0.29128754138946533,0.24151672422885895,-0.8029584288597107,-0.07559801638126373,0.3449787199497223,-0.8613921403884888,-0.18741175532341003,0.38502490520477295,-0.9521890878677368,-0.24117550253868103,0.3984307050704956,-1.0,-0.2644968032836914,0.3254152834415436,-0.6160060167312622,-0.08022371679544449,0.34943458437919617,-0.7000620365142822,-0.1847546547651291,0.16598542034626007,-0.5726830363273621,-0.1657787263393402,0.1420203149318695,-0.5475382208824158,-0.12359386682510376,0.3735494613647461,-0.38831260800361633,-0.10708244144916534,0.3884007930755615,-0.42425820231437683,-0.22911429405212402,0.2070407122373581,-0.34143927693367004,-0.17135648429393768,0.1759515106678009,-0.3323671817779541,-0.10172563791275024,0.39437466859817505,-0.13140970468521118,-0.1431763470172882,0.40381649136543274,-0.17450597882270813,-0.22740080952644348,0.2597862780094147,-0.15607480704784393,-0.18806105852127075,0.20738959312438965,-0.16087347269058228,-0.13686209917068481
G,G_session_001,99,0.0,0.0,0.0,-0.0687369778752327,-0.24434469640254974,-0.09454203397035599,-0.056124426424503326,-0.5616121292114258,-0.15922722220420837,0.026080194860696793,-0.7647530436515808,-0.22057020664215088,0.09028201550245285,-0.9577915072441101,-0.2690879702568054,0.25229477882385254,-0.8122075796127319,-0.0649634301662445,0.349771648645401,-0.8624440431594849,-0.17699863016605377,0.38224077224731445,-0.9505442976951599,-0.23191964626312256,0.3887949585914612,-1.0,-0.2553940415382385,0.34163013100624084,-0.6333646178245544,-0.06979572772979736,0.33600568771362305,-0.6952213048934937,-0.17405447363853455,0.15534242987632751,-0.5631656646728516,-0.15893380343914032,0.13933952152729034,-0.5355309844017029,-0.11974723637104034,0.388271689414978,-0.4060138165950775,-0.097682885825634,0.37268421053886414,-0.42553919553756714,-0.21725033223628998,0.19298100471496582,-0.3437238335609436,-0.16227594017982483,0.17004293203353882,-0.3340447247028351,-0.09484164416790009,0.406711608171463,-0.15035070478916168,-0.13562843203544617,0.38729822635650635,-0.17907240986824036,-0.21558544039726257,0.24507758021354675,-0.15993119776248932,-0.17861206829547882,0.2032851278781891,-0.15988174080848694,-0.12930156290531158
G,G_session_001,100,0.0,0.0,0.0,-0.059324365109205246,-0.24338772892951965,-0.09075450152158737,-0.04310961812734604,-0.5540145635604858,-0.15707530081272125,0.04005046933889389,-0.7615770697593689,-0.22073136270046234,0.10791867971420288,-0.9585186839103699,-0.27300965785980225,0.2614656090736389,-0.8191046714782715,-0.06927196681499481,0.3614511787891388,-0.8656757473945618,-0.179582878947258,0.3958207964897156,-0.9602429866790771,-0.23536156117916107,0.4027002453804016,-1.0,-0.2607547640800476,0.3504946827888489,-0.6285847425460815,-0.07535695284605026,0.358115017414093,-0.7014222741127014,-0.17506952583789825,0.17270776629447937,-0.5756792426109314,-0.15814627707004547,0.15047328174114227,-0.5365570783615112,-0.11931969225406647,0.3984840512275696,-0.39359527826309204,-0.10322438180446625,0.40046441555023193,-0.42133086919784546,-0.21819664537906647,0.21540088951587677,-0.3522067368030548,-0.16099953651428223,0.1808241605758667,-0.33491450548171997,-0.0939699038863182,0.41599756479263306,-0.12950634956359863,-0.1406601518392563,0.4120342433452606,-0.16717088222503662,-0.22110246121883392,0.26627352833747864,-0.15997833013534546,-0.18310385942459106,0.21399065852165222,-0.16019544005393982,-0.13338617980480194
G,G_session_001,101,0.0,0.0,0.0,-0.06291221082210541,-0.24134984612464905,-0.09426150470972061,-0.047528672963380814,-0.5572125911712646,-0.16366733610630035,0.035836849361658096,-0.7593604922294617,-0.23133449256420135,0.10155972093343735,-0.9485396146774292,-0.28672507405281067,0.26310837268829346,-0.8148164749145508,-0.07422054558992386,0.3632403016090393,-0.8676074147224426,-0.19206593930721283,0.3932713568210602,-0.9533552527427673,-0.2519225478172302,0.39563027024269104,-1.0,-0.2786238193511963,0.3536349833011627,-0.6291388273239136,-0.07993137091398239,0.3445863425731659,-0.6787440180778503,-0.1829967498779297,0.16069552302360535,-0.5439422130584717,-0.16648299992084503,0.14991715550422668,-0.5258490443229675,-0.12833985686302185,0.398712694644928,-0.38917794823646545,-0.10859629511833191,0.38945290446281433,-0.39390984177589417,-0.22592411935329437,0.20707489550113678,-0.32009413838386536,-0.16656674444675446,0.1809941828250885,-0.31945276260375977,-0.09807014465332031,0.40966013073921204,-0.12697210907936096,-0.14778751134872437,0.4132806062698364,-0.1295100450515747,-0.2302640974521637,0.2966363728046417,-0.10272216796875,-0.19398480653762817,0.27726176381111145,-0.09158734232187271,-0.14485469460487366
G,G_session_001,102,0.0,0.0,0.0,-0.060777805745601654,-0.2491631805896759,-0.0886961817741394,-0.04595132917165756,-0.5652809143066406,-0.1538887768983841,0.03442487120628357,-0.7750353813171387,-0.21656519174575806,0.10494760423898697,-0.9639854431152344,-0.2663659453392029,0.2706158757209778,-0.8265400528907776,-0.06184905394911766,0.3581964075565338,-0.8657547235488892,-0.17392811179161072,0.38917407393455505,-0.9533604383468628,-0.2325713187456131,0.4026324152946472,-1.0,-0.26070430874824524,0.36398181319236755,-0.6463437676429749,-0.06784219294786453,0.3305286169052124,-0.7005113363265991,-0.16578246653079987,0.148933544754982,-0.5668613910675049,-0.14894701540470123,0.14732566475868225,-0.5306728482246399,-0.11122900992631912,0.4093502461910248,-0.41361525654792786,-0.09613144397735596,0.36158835887908936,-0.41853976249694824,-0.20313222706317902,0.18546904623508453,-0.3468154966831207,-0.1425837278366089,0.17607620358467102,-0.3359096050262451,-0.07562859356403351,0.42255035042762756,-0.15415522456169128,-0.13538798689842224,0.3715308606624603,-0.17675134539604187,-0.2037104219198227,0.23701809346675873,-0.16672328114509583,-0.16416214406490326,0.21412447094917297,-0.16505953669548035,-0.11546069383621216
G,G_session_001,103,0.0,0.0,0.0,-0.06523210555315018,-0.25013384222984314,-0.0893721878528595,-0.05116811767220497,-0.5638976097106934,-0.15618692338466644,0.03339862823486328,-0.7755248546600342,-0.22003944218158722,0.10395848751068115,-0.9669577479362488,-0.27041611075401306,0.26714977622032166,-0.832547128200531,-0.06474939733743668,0.36215126514434814,-0.8715003728866577,-0.1767779439687729,0.38984185457229614,-0.9591042399406433,-0.23095284402370453,0.3954206705093384,-1.0,-0.2545814514160156,0.35914888978004456,-0.6468383073806763,-0.06911933422088623,0.33578017354011536,-0.6985139846801758,-0.16396178305149078,0.15122586488723755,-0.5592560768127441,-0.14070701599121094,0.14817309379577637,-0.5250869989395142,-0.09887992590665817,0.4051446318626404,-0.4143514335155487,-0.09619422256946564,0.37124767899513245,-0.4201468825340271,-0.20169885456562042,0.1903558075428009,-0.34676554799079895,-0.13786417245864868,0.17629820108413696,-0.33831197023391724,-0.06965813785791397,0.4184388220310211,-0.15643301606178284,-0.13402915000915527,0.36904606223106384,-0.17122440040111542,-0.20199282467365265,0.23080876469612122,-0.1574822962284088,-0.16226939857006073,0.2049729973077774,-0.15938179194927216,-0.11402809619903564
G,G_session_001,104,0.0,0.0,0.0,-0.06781242042779922,-0.24696363508701324,-0.0901995524764061,-0.053038209676742554,-0.5744191408157349,-0.15458333492279053,0.03594675287604332,-0.7720794677734375,-0.2165883332490921,0.10543105006217957,-0.9607056379318237,-0.26595526933670044,0.2695353925228119,-0.8286728858947754,-0.06834482401609421,0.373873233795166,-0.8725716471672058,-0.18804173171520233,0.40295958518981934,-0.9536842703819275,-0.25105804204940796,0.4037681519985199,-1.0,-0.2795346975326538,0.36088454723358154,-0.6433590650558472,-0.07497548311948776,0.344453364610672,-0.6876590847969055,-0.1827535331249237,0.15925484895706177,-0.5580782890319824,-0.1709054559469223,0.14455576241016388,-0.5350972414016724,-0.13466446101665497,0.4062906801700592,-0.40910306572914124,-0.104130819439888,0.3779844343662262,-0.41193291544914246,-0.22316516935825348,0.1925453096628189,-0.3369002938270569,-0.16754460334777832,0.16991332173347473,-0.3355652093887329,-0.10076239705085754,0.42277756333351135,-0.1480947732925415,-0.14340169727802277,0.3808233439922333,-0.16351759433746338,-0.22286616265773773,0.2369132786989212,-0.14846068620681763,-0.18627040088176727,0.20308366417884827,-0.1570732742547989,-0.13705681264400482
G,G_session_001,105,0.0,0.0,0.0,-0.07011187076568604,-0.25967738032341003,-0.0904131531715393,-0.052509769797325134,-0.5856042504310608,-0.15768344700336456,0.0363798514008522,-0.7911915183067322,-0.2249104529619217,0.1106143519282341,-0.9724597930908203,-0.27746930718421936,0.27900341153144836,-0.8394177556037903,-0.06274181604385376,0.37889695167541504,-0.8816569447517395,-0.19034944474697113,0.4039152264595032,-0.9572044014930725,-0.25759464502334595,0.4043755531311035,-1.0,-0.28842419385910034,0.3806234896183014,-0.657659113407135,-0.07013360410928726,0.3132137358188629,-0.6911194324493408,-0.1778683215379715,0.13626129925251007,-0.5482030510902405,-0.16290059685707092,0.1501670926809311,-0.5338349938392639,-0.12514759600162506,0.42837345600128174,-0.4139324724674225,-0.10195674747228622,0.34064769744873047,-0.39342817664146423,-0.2108410745859146,0.1722726970911026,-0.31347528100013733,-0.14387290179729462,0.1786724328994751,-0.3196549713611603,-0.0726916566491127,0.4402287006378174,-0.14723515510559082,-0.14660534262657166,0.36425983905792236,-0.14533731341362,-0.215981125831604,0.24739189445972443,-0.1205737292766571,-0.17524996399879456,0.2531116008758545,-0.11529375612735748,-0.12442459911108017
G,G_session_001,106,0.0,0.0,0.0,-0.06581936031579971,-0.2605096399784088,-0.10084744542837143,-0.051494721323251724,-0.5888257026672363,-0.17242659628391266,0.03331203758716583,-0.7977927327156067,-0.2408106029033661,0.10617639124393463,-0.9899581670761108,-0.2957248389720917,0.2754771411418915,-0.8522131443023682,-0.07759052515029907,0.37554654479026794,-0.8977401256561279,-0.2043572962284088,0.40691277384757996,-0.9653587341308594,-0.27420035004615784,0.4189578890800476,-1.0,-0.30812591314315796,0.3729725182056427,-0.657995879650116,-0.0809483602643013,0.3506549000740051,-0.6972300410270691,-0.19136637449264526,0.159964919090271,-0.5689205527305603,-0.18192429840564728,0.1478915512561798,-0.5574029088020325,-0.14854012429714203,0.421745628118515,-0.41026124358177185,-0.10791130363941193,0.390289306640625,-0.4084208011627197,-0.2300661951303482,0.20225246250629425,-0.32727766036987305,-0.17036256194114685,0.17792756855487823,-0.32133951783180237,-0.10046777129173279,0.4375341236591339,-0.13795743882656097,-0.14642459154129028,0.4071291387081146,-0.1510113626718521,-0.23146583139896393,0.26519864797592163,-0.13471731543540955,-0.193285271525383,0.22964000701904297,-0.13722385466098785,-0.14119532704353333
G,G_session_001,107,0.0,0.0,0.0,-0.0630752369761467,-0.2755337059497833,-0.10261781513690948,-0.05156201869249344,-0.5839543342590332,-0.17443229258060455,0.036188941448926926,-0.8061108589172363,-0.2380119264125824,0.11780726164579391,-0.9928159713745117,-0.28439658880233765,0.2833823561668396,-0.8977261781692505,-0.08044946193695068,0.3813967704772949,-0.9325900077819824,-0.19526556134223938,0.41809654235839844,-1.0,-0.2498600035905838,0.4211289882659912,-0.9838990569114685,-0.27300888299942017,0.39388152956962585,-0.6804919242858887,-0.07542407512664795,0.3688753843307495,-0.7167251110076904,-0.16949771344661713,0.17605283856391907,-0.5829811096191406,-0.14041654765605927,0.15172550082206726,-0.5423070788383484,-0.09479989856481552,0.4482354521751404,-0.4228574335575104,-0.09405013918876648,0.39827224612236023,-0.4112868309020996,-0.19480180740356445,0.2203993946313858,-0.34579089283943176,-0.12192320078611374,0.19959251582622528,-0.32326629757881165,-0.04929054528474808,0.4661761224269867,-0.13300752639770508,-0.12536932528018951,0.40587618947029114,-0.13685426115989685,-0.19370833039283752,0.26669591665267944,-0.13054120540618896,-0.1525719314813614,0.23554471135139465,-0.13445152342319489,-0.10282213985919952
G,G_session_001,108,0.0,0.0,0.0,-0.06349284946918488,-0.2745808959007263,-0.10222358256578445,-0.05730804055929184,-0.5905359387397766,-0.1735963672399521,0.028227664530277252,-0.8105865716934204,-0.2386750727891922,0.1084405779838562,-1.0,-0.28938227891921997,0.2728627324104309,-0.875830352306366,-0.0814044177532196,0.3735702931880951,-0.9210391044616699,-0.19720633327960968,0.40985679626464844,-0.98046875,-0.2546271085739136,0.41801562905311584,-0.9676442742347717,-0.27991417050361633,0.3746795356273651,-0.6623920798301697,-0.07964932173490524,0.3695763945579529,-0.7191315293312073,-0.1803135722875595,0.17723208665847778,-0.5905238389968872,-0.16040554642677307,0.14900165796279907,-0.5466991662979126,-0.11925701797008514,0.42871224880218506,-0.40755176544189453,-0.1007910668849945,0.4056504964828491,-0.40978923439979553,-0.21262383460998535,0.21986615657806396,-0.341073215007782,-0.14936281740665436,0.18605433404445648,-0.3180980086326599,-0.0792556181550026,0.44966447353363037,-0.12379761040210724,-0.13326336443424225,0.41447827219963074,-0.1351010948419571,-0.21250781416893005,0.2693729102611542,-0.12665778398513794,-0.17519420385360718,0.22482827305793762,-0.1271715611219406,-0.12534762918949127
G,G_session_001,109,0.0,0.0,0.0,-0.06395051628351212,-0.28029289841651917,-0.106085404753685,-0.05714999884366989,-0.5878539681434631,-0.17910124361515045,0.018342938274145126,-0.8115851283073425,-0.24453946948051453,0.10927774012088776,-0.9833685159683228,-0.29470890760421753,0.2804173231124878,-0.8933857679367065,-0.07460015267133713,0.3804855942726135,-0.9402505159378052,-0.19283252954483032,0.4174380302429199,-1.0,-0.25250762701034546,0.42096662521362305,-0.9698541164398193,-0.27895012497901917,0.3885340690612793,-0.6654670238494873,-0.07278306782245636,0.3954169750213623,-0.7297463417053223,-0.17803633213043213,0.19344773888587952,-0.5959565043449402,-0.1554805338382721,0.14934125542640686,-0.5488259196281433,-0.10952377319335938,0.44203951954841614,-0.4043075442314148,-0.0957837924361229,0.41505807638168335,-0.4041767418384552,-0.20789459347724915,0.22653572261333466,-0.331132709980011,-0.13645771145820618,0.19212977588176727,-0.30706048011779785,-0.059790220111608505,0.45849743485450745,-0.10807043313980103,-0.13113722205162048,0.4130411744117737,-0.12501868605613708,-0.20484673976898193,0.2695724368095398,-0.10552430897951126,-0.16062535345554352,0.23562677204608917,-0.10614121705293655,-0.1068563461303711
G,G_session_001,110,0.0,0.0,0.0,-0.07033069431781769,-0.26681435108184814,-0.11824466288089752,-0.06137548014521599,-0.5975789427757263,-0.19800058007240295,0.024688076227903366,-0.8135145306587219,-0.27086374163627625,0.10772483050823212,-0.9918139576911926,-0.32898396253585815,0.28726813197135925,-0.9010618925094604,-0.0901896059513092,0.3793456256389618,-0.9631253480911255,-0.2149714082479477,0.4062888026237488,-1.0,-0.2751622200012207,0.40702152252197266,-0.9649757146835327,-0.29964616894721985,0.4012291133403778,-0.6835320591926575,-0.08634120970964432,0.37590140104293823,-0.716553807258606,-0.198112353682518,0.175545334815979,-0.586676299571991,-0.18353226780891418,0.14841525256633759,-0.5618035197257996,-0.14290393888950348,0.4606550335884094,-0.4167444407939911,-0.10774815827608109,0.4117608666419983,-0.3921905755996704,-0.22955171763896942,0.22011792659759521,-0.3173593580722809,-0.1666564643383026,0.18840400874614716,-0.31038400530815125,-0.09377778321504593,0.47908785939216614,-0.12221378087997437,-0.1424740105867386,0.4293491244316101,-0.11716310679912567,-0.2279181033372879,0.27771154046058655,-0.09848172962665558,-0.1891472190618515,0.23435723781585693,-0.10483728349208832,-0.13546538352966309
G,G_session_001,111,0.0,0.0,0.0,-0.06265094131231308,-0.2725672423839569,-0.11545056104660034,-0.047478266060352325,-0.5829610228538513,-0.19763873517513275,0.03462514653801918,-0.8139418959617615,-0.2696731686592102,0.12275905162096024,-0.9903363585472107,-0.3256598114967346,0.3062417507171631,-0.9146061539649963,-0.0878862515091896,0.3892226815223694,-0.9405331015586853,-0.20970550179481506,0.4320998191833496,-1.0,-0.2752901017665863,0.4504891335964203,-0.967269241809845,-0.3080939054489136,0.43267446756362915,-0.6870615482330322,-0.08138017356395721,0.3826269507408142,-0.7190961241722107,-0.17980988323688507,0.1812959462404251,-0.5883275270462036,-0.1577145904302597,0.1586793214082718,-0.5425959825515747,-0.11667700111865997,0.48790571093559265,-0.4128757119178772,-0.09971162676811218,0.40476882457733154,-0.3813716471195221,-0.2019173949956894,0.2223026007413864,-0.32438862323760986,-0.12930108606815338,0.20485052466392517,-0.3048655688762665,-0.05742985010147095,0.49772095680236816,-0.10963127762079239,-0.13275489211082458,0.4039730727672577,-0.09984353184700012,-0.1999562382698059,0.26502811908721924,-0.09131471067667007,-0.157490074634552,0.24384447932243347,-0.09380145370960236,-0.1072513535618782
G,G_session_001,112,0.0,0.0,0.0,-0.07212114334106445,-0.2875432074069977,-0.10966571420431137,-0.053450629115104675,-0.6189181804656982,-0.18614432215690613,0.03929081931710243,-0.829118549823761,-0.2551043629646301,0.12680336833000183,-1.0,-0.306890606880188,0.3110225796699524,-0.8972755670547485,-0.08483089506626129,0.37602415680885315,-0.9487919211387634,-0.20163565874099731,0.41374051570892334,-0.988145112991333,-0.26083192229270935,0.43775492906570435,-0.9666854739189148,-0.28922945261001587,0.4389757215976715,-0.7029047012329102,-0.08206906914710999,0.3277047276496887,-0.6829535365104675,-0.18039698898792267,0.15902942419052124,-0.5627455115318298,-0.16820219159126282,0.16589480638504028,-0.5382148027420044,-0.13513673841953278,0.49126431345939636,-0.4337107539176941,-0.10248593986034393,0.34260544180870056,-0.36464589834213257,-0.198388934135437,0.19506025314331055,-0.31774988770484924,-0.13821053504943848,0.20766253769397736,-0.3280501067638397,-0.07697182148694992,0.49833449721336365,-0.13875342905521393,-0.13801737129688263,0.35354670882225037,-0.10170625150203705,-0.20012961328029633,0.23423677682876587,-0.0971292108297348,-0.16682809591293335,0.23277118802070618,-0.11241822689771652,-0.12329914420843124
G,G_session_001,113,0.0,0.0,0.0,-0.07695896923542023,-0.2921423614025116,-0.1156829223036766,-0.06683345139026642,-0.6208379864692688,-0.19690605998039246,0.025110706686973572,-0.8352683782577515,-0.2681557536125183,0.12060705572366714,-0.9969334602355957,-0.32177022099494934,0.30400681495666504,-0.9083850979804993,-0.0999719649553299,0.3833983540534973,-0.9578707218170166,-0.21413491666316986,0.4210547208786011,-1.0,-0.27112507820129395,0.445424884557724,-0.9704160094261169,-0.2982432544231415,0.43274885416030884,-0.6995534300804138,-0.09111540019512177,0.34220263361930847,-0.6939986348152161,-0.18307457864284515,0.16114208102226257,-0.5743606686592102,-0.1646316796541214,0.16013161838054657,-0.5347280502319336,-0.12958469986915588,0.48615145683288574,-0.4235418736934662,-0.10477444529533386,0.3603631556034088,-0.37595704197883606,-0.1977296620607376,0.20140644907951355,-0.33334872126579285,-0.13208116590976715,0.20490369200706482,-0.32429152727127075,-0.06791193783283234,0.49594002962112427,-0.12008515745401382,-0.1334538608789444,0.377522349357605,-0.10193783044815063,-0.19332170486450195,0.24871622025966644,-0.11053501069545746,-0.15414056181907654,0.22958406805992126,-0.11675345152616501,-0.10644039511680603
G,G_session_001,114,0.0,0.0,0.0,-0.06457331776618958,-0.29149287939071655,-0.12369269877672195,-0.05076057091355324,-0.6048052310943604,-0.20471899211406708,0.03724248707294464,-0.8230293989181519,-0.27294450998306274,0.13437920808792114,-0.9945887327194214,-0.3234764039516449,0.29971709847450256,-0.9369723200798035,-0.09447876363992691,0.37608298659324646,-0.968282163143158,-0.2229982167482376,0.4268941581249237,-1.0,-0.29114964604377747,0.4573931097984314,-0.9663498997688293,-0.32459139823913574,0.42166638374328613,-0.705827534198761,-0.08490597456693649,0.4080600440502167,-0.7192928194999695,-0.20037414133548737,0.20869211852550507,-0.5758803486824036,-0.1836974322795868,0.16995197534561157,-0.5515075325965881,-0.14109738171100616,0.4833614230155945,-0.4326935410499573,-0.10133334994316101,0.41896313428878784,-0.37921568751335144,-0.2224755734205246,0.23633679747581482,-0.30726632475852966,-0.15647479891777039,0.20738424360752106,-0.31297042965888977,-0.08249392360448837,0.5008891224861145,-0.12930428981781006,-0.13189154863357544,0.4306630492210388,-0.0994696170091629,-0.21249860525131226,0.28445541858673096,-0.08083193749189377,-0.174008309841156,0.24587294459342957,-0.10367680341005325,-0.12312949448823929
G,G_session_001,115,0.0,0.0,0.0,-0.08003055304288864,-0.2917677164077759,-0.1083209440112114,-0.06808388233184814,-0.6311208605766296,-0.18178501725196838,0.02475031279027462,-0.834668755531311,-0.24798209965229034,0.11892128735780716,-0.9925214648246765,-0.29640090465545654,0.30317702889442444,-0.9236645698547363,-0.08011581003665924,0.363322377204895,-0.9696764349937439,-0.20130783319473267,0.40620914101600647,-1.0,-0.26375216245651245,0.452787309885025,-0.9774603247642517,-0.2948119640350342,0.42914214730262756,-0.7188579440116882,-0.07926461100578308,0.33733388781547546,-0.683967649936676,-0.1822035014629364,0.15713940560817719,-0.5584478974342346,-0.16900697350502014,0.16590121388435364,-0.5545075535774231,-0.13433583080768585,0.4859354496002197,-0.44557490944862366,-0.10279221087694168,0.3500898778438568,-0.3680870234966278,-0.203292578458786,0.18843577802181244,-0.3197542130947113,-0.139409139752388,0.2009817361831665,-0.3445979952812195,-0.07393668591976166,0.49839821457862854,-0.14575538039207458,-0.1416020542383194,0.3612726628780365,-0.10682213306427002,-0.20484742522239685,0.23286384344100952,-0.10451732575893402,-0.1688510775566101,0.22680234909057617,-0.1285001039505005,-0.12270111590623856
G,G_session_001,116,0.0,0.0,0.0,-0.07942091673612595,-0.2977926731109619,-0.11412689834833145,-0.06847317516803741,-0.6377087831497192,-0.19072993099689484,0.023228248581290245,-0.8365239500999451,-0.2588012218475342,0.11962113529443741,-0.9848899245262146,-0.3102385699748993,0.30699455738067627,-0.9271668195724487,-0.08757898211479187,0.36061111092567444,-0.9753093123435974,-0.205727219581604,0.40907248854637146,-1.0,-0.27030518651008606,0.4593765139579773,-0.9685667753219604,-0.30484241247177124,0.43630751967430115,-0.7194608449935913,-0.08582335710525513,0.3548440635204315,-0.6721733808517456,-0.19082799553871155,0.17104178667068481,-0.5635088086128235,-0.1835833340883255,0.16206566989421844,-0.5677624344825745,-0.1531360000371933,0.49322476983070374,-0.4430330693721771,-0.10776739567518234,0.3622834384441376,-0.35548844933509827,-0.209601491689682,0.20017343759536743,-0.3158051371574402,-0.1516704261302948,0.20134879648685455,-0.3459547460079193,-0.09057783335447311,0.5044736266136169,-0.13760921359062195,-0.1452663093805313,0.36959683895111084,-0.08916521072387695,-0.2120136320590973,0.240865096449852,-0.09010224789381027,-0.17996430397033691,0.22823837399482727,-0.12005528807640076,-0.13664259016513824
G,G_session_001,117,0.0,0.0,0.0,-0.07581274211406708,-0.2972734570503235,-0.12577325105667114,-0.06714623421430588,-0.6283714175224304,-0.20834457874298096,0.01977742835879326,-0.8311360478401184,-0.280127614736557,0.11940017342567444,-0.9831848740577698,-0.3349630832672119,0.2994019091129303,-0.926435649394989,-0.09733304381370544,0.3537527024745941,-0.9810681343078613,-0.22366945445537567,0.40714865922927856,-1.0,-0.29290664196014404,0.46245241165161133,-0.9569852352142334,-0.32789450883865356,0.42056387662887573,-0.7157151103019714,-0.08919472247362137,0.3743525445461273,-0.6806683540344238,-0.20120415091514587,0.18153584003448486,-0.5656336545944214,-0.19339877367019653,0.1616094559431076,-0.5679710507392883,-0.15928193926811218,0.47925323247909546,-0.44193533062934875,-0.10628990083932877,0.3907487690448761,-0.3649905025959015,-0.2230968475341797,0.2142234742641449,-0.3124261498451233,-0.1673644632101059,0.1982564777135849,-0.3311571776866913,-0.1012430265545845,0.4948027729988098,-0.14073045551776886,-0.13835057616233826,0.4080475866794586,-0.10176077485084534,-0.21870093047618866,0.26559653878211975,-0.10040321946144104,-0.1869516521692276,0.22854603826999664,-0.12380938231945038,-0.13930751383304596
G,G_session_001,118,0.0,0.0,0.0,-0.077179916203022,-0.29816198348999023,-0.12018521130084991,-0.07089794427156448,-0.6338987350463867,-0.20089398324489594,0.015224093571305275,-0.8327937126159668,-0.2724117338657379,0.11959429830312729,-0.9725365042686462,-0.3263445496559143,0.30333247780799866,-0.9261723756790161,-0.09428290277719498,0.3562707006931305,-0.9810689687728882,-0.22450989484786987,0.4090215861797333,-1.0,-0.2972052991390228,0.47467881441116333,-0.9720513820648193,-0.33605074882507324,0.43384653329849243,-0.72065269947052,-0.09011688083410263,0.35454288125038147,-0.6763134598731995,-0.20141379535198212,0.16408780217170715,-0.5545151233673096,-0.19355508685112,0.16305957734584808,-0.5666787624359131,-0.16172944009304047,0.4952956736087799,-0.44634655117988586,-0.11137484759092331,0.3683120012283325,-0.35741305351257324,-0.21984557807445526,0.20108933746814728,-0.30587515234947205,-0.1599993258714676,0.20678025484085083,-0.33802440762519836,-0.09566876292228699,0.5095231533050537,-0.1465173065662384,-0.14883019030094147,0.3809465765953064,-0.09241925179958344,-0.21874451637268066,0.25008901953697205,-0.08776288479566574,-0.18570442497730255,0.23931053280830383,-0.11572564393281937,-0.14053840935230255
G,G_session_001,119,0.0,0.0,0.0,-0.07810108363628387,-0.2965289056301117,-0.12089968472719193,-0.07108838111162186,-0.6297174096107483,-0.2024192065000534,0.012942451052367687,-0.8316324353218079,-0.27562832832336426,0.11764287203550339,-0.971126139163971,-0.3311906158924103,0.30819857120513916,-0.9184839725494385,-0.08857031166553497,0.368995726108551,-0.9757385849952698,-0.21713203191757202,0.42126530408859253,-1.0,-0.28608110547065735,0.47689682245254517,-0.965755820274353,-0.3198287785053253,0.4303019344806671,-0.713026762008667,-0.08186778426170349,0.36004921793937683,-0.6819547414779663,-0.19083605706691742,0.16606593132019043,-0.565484881401062,-0.1791248917579651,0.16159804165363312,-0.5740454792976379,-0.14336121082305908,0.48924720287323,-0.443661093711853,-0.10127980262041092,0.3803684413433075,-0.37260979413986206,-0.21241478621959686,0.2060047835111618,-0.31988751888275146,-0.15180473029613495,0.20297837257385254,-0.3431204557418823,-0.08425097912549973,0.5039495825767517,-0.14652082324028015,-0.1363646537065506,0.3974432349205017,-0.11075622588396072,-0.20825543999671936,0.25720104575157166,-0.11099127680063248,-0.1733793467283249,0.2314777821302414,-0.13613060116767883,-0.12497343122959137
G,G_session_001,120,0.0,0.0,0.0,-0.0743260532617569,-0.29364874958992004,-0.11484501510858536,-0.05917801707983017,-0.6362106204032898,-0.19580626487731934,0.03201580047607422,-0.8317859172821045,-0.27054837346076965,0.1380862146615982,-0.9671546816825867,-0.3289912939071655,0.32800838351249695,-0.9167419672012329,-0.08887965977191925,0.3728572130203247,-0.9894511699676514,-0.21747756004333496,0.42819374799728394,-1.0,-0.2888390123844147,0.49209627509117126,-0.9597625136375427,-0.32670944929122925,0.46469375491142273,-0.7093412280082703,-0.08897615224123001,0.3444828391075134,-0.6475536227226257,-0.20218747854232788,0.17034649848937988,-0.5396974682807922,-0.19842371344566345,0.17906813323497772,-0.5612043142318726,-0.16934634745121002,0.5240334868431091,-0.4302076995372772,-0.1137046366930008,0.3452773988246918,-0.3310742676258087,-0.2149740308523178,0.19826796650886536,-0.28730130195617676,-0.1546747237443924,0.21650126576423645,-0.32541510462760925,-0.09241361916065216,0.5322350263595581,-0.1303645223379135,-0.15572306513786316,0.35981157422065735,-0.07317501306533813,-0.21831203997135162,0.24205954372882843,-0.06778918206691742,-0.18544168770313263,0.24727605283260345,-0.0989481583237648,-0.1415334939956665
G,G_session_001,121,0.0,0.0,0.0,-0.07578950375318527,-0.30168646574020386,-0.1305548995733261,-0.06483351439237595,-0.6529896855354309,-0.22068147361278534,0.028989987447857857,-0.8564161658287048,-0.3011583089828491,0.13577988743782043,-0.9996727705001831,-0.3636767864227295,0.32743674516677856,-0.9261680245399475,-0.1048508733510971,0.3733784556388855,-0.9916254281997681,-0.24494680762290955,0.42856311798095703,-1.0,-0.32056400179862976,0.48897069692611694,-0.9637370109558105,-0.3578021228313446,0.45489951968193054,-0.7161011099815369,-0.09813350439071655,0.36185333132743835,-0.6920819878578186,-0.21635311841964722,0.17586001753807068,-0.5699831247329712,-0.20788569748401642,0.18316476047039032,-0.5795639157295227,-0.17347846925258636,0.5125492215156555,-0.43679410219192505,-0.11836506426334381,0.3797059655189514,-0.3663367033004761,-0.2378235161304474,0.21128785610198975,-0.3138982057571411,-0.17651785910129547,0.21491000056266785,-0.34494319558143616,-0.10759995877742767,0.5227565765380859,-0.13203832507133484,-0.15529048442840576,0.39907771348953247,-0.09735230356454849,-0.23406553268432617,0.2612307071685791,-0.09707605838775635,-0.1988065093755722,0.23992110788822174,-0.12874646484851837,-0.14887890219688416
G,G_session_001,122,0.0,0.0,0.0,-0.07282084971666336,-0.29436227679252625,-0.11998384445905685,-0.06604292243719101,-0.6378050446510315,-0.20886030793190002,0.019372327253222466,-0.8478622436523438,-0.29147738218307495,0.1250453144311905,-0.9818029403686523,-0.358256459236145,0.32931405305862427,-0.9049583673477173,-0.09950821846723557,0.3802349865436554,-0.9731221199035645,-0.22827894985675812,0.42996934056282043,-1.0,-0.29813507199287415,0.48177793622016907,-0.9684861898422241,-0.33386164903640747,0.46631920337677,-0.6992196440696716,-0.09636899828910828,0.32565736770629883,-0.6542037129402161,-0.20297028124332428,0.16091805696487427,-0.553321361541748,-0.19426485896110535,0.1831274777650833,-0.55401611328125,-0.1621970236301422,0.5221886038780212,-0.41755011677742004,-0.11755319684743881,0.3366372287273407,-0.33565571904182434,-0.21553662419319153,0.19816811382770538,-0.3077164590358734,-0.1504962295293808,0.22143320739269257,-0.3329135775566101,-0.0845964103937149,0.5269558429718018,-0.11549839377403259,-0.15626260638237,0.35736414790153503,-0.07617822289466858,-0.22033104300498962,0.24516561627388,-0.08205977082252502,-0.1840789020061493,0.24977542459964752,-0.10149301588535309,-0.13573335111141205
G,G_session_001,123,0.0,0.0,0.0,-0.07393192499876022,-0.2905140817165375,-0.12734726071357727,-0.06475231796503067,-0.6421337127685547,-0.215729758143425,0.02239377796649933,-0.8544731736183167,-0.2962304949760437,0.12937703728675842,-0.9838284254074097,-0.35965314507484436,0.3285406827926636,-0.9186112880706787,-0.09887096285820007,0.3835669755935669,-0.9803555607795715,-0.23185960948467255,0.42990952730178833,-1.0,-0.29988619685173035,0.46879103779792786,-0.9685611128807068,-0.3317072093486786,0.4647587537765503,-0.7025257349014282,-0.09416293352842331,0.35185834765434265,-0.670683741569519,-0.2093650996685028,0.17317329347133636,-0.5603591203689575,-0.19955144822597504,0.18002581596374512,-0.5651037096977234,-0.16244511306285858,0.5220933556556702,-0.4139256775379181,-0.11570427566766739,0.35681140422821045,-0.32822802662849426,-0.22882556915283203,0.20354615151882172,-0.29001593589782715,-0.1648150384426117,0.21768419444561005,-0.32440075278282166,-0.09410183131694794,0.5283515453338623,-0.10257240384817123,-0.1541186422109604,0.38023442029953003,-0.06619386374950409,-0.2253441959619522,0.25539544224739075,-0.06052730977535248,-0.18593627214431763,0.2516927123069763,-0.08062274008989334,-0.13307562470436096
G,G_session_001,124,0.0,0.0,0.0,-0.07869933545589447,-0.28856346011161804,-0.11834045499563217,-0.0805751234292984,-0.6441950798034668,-0.2075781375169754,-0.0016221381956711411,-0.8645135760307312,-0.2911440432071686,0.10742074996232986,-0.9899067878723145,-0.3581558167934418,0.31102892756462097,-0.9317691922187805,-0.09632030129432678,0.3968959152698517,-0.9705038666725159,-0.2330120950937271,0.4348612129688263,-1.0,-0.30257943272590637,0.44352588057518005,-0.9863036274909973,-0.33352386951446533,0.44746530055999756,-0.7212757468223572,-0.09457599371671677,0.3400265574455261,-0.6816328167915344,-0.20906098186969757,0.15667788684368134,-0.5606664419174194,-0.19743698835372925,0.1549922376871109,-0.5654188394546509,-0.15925967693328857,0.5079450607299805,-0.4352560341358185,-0.11841826140880585,0.3467247784137726,-0.336594820022583,-0.22540201246738434,0.1886822134256363,-0.2932187020778656,-0.15973374247550964,0.19561494886875153,-0.33843809366226196,-0.09030767530202866,0.5166399478912354,-0.12684279680252075,-0.15862500667572021,0.356967568397522,-0.0704796090722084,-0.2278767228126526,0.22593554854393005,-0.06175946816802025,-0.18980509042739868,0.22057980298995972,-0.09523175656795502,-0.13858160376548767
G,G_session_001,125,0.0,0.0,0.0,-0.06807906180620193,-0.28873780369758606,-0.11571573466062546,-0.06705497205257416,-0.6373569965362549,-0.20269577205181122,0.009163158014416695,-0.8606863021850586,-0.28534606099128723,0.1139652281999588,-0.983234167098999,-0.3536263406276703,0.3184158205986023,-0.9265357255935669,-0.09155094623565674,0.3830813765525818,-0.9835091829299927,-0.21512699127197266,0.4273667633533478,-1.0,-0.2786397933959961,0.46490156650543213,-0.9700530171394348,-0.31061744689941406,0.45275822281837463,-0.7186663150787354,-0.09398812055587769,0.3614104390144348,-0.6807145476341248,-0.2028835415840149,0.17098017036914825,-0.5795066356658936,-0.19716639816761017,0.1642163246870041,-0.5937012434005737,-0.16655297577381134,0.513871431350708,-0.4372968375682831,-0.12017752230167389,0.3757016360759735,-0.3392783999443054,-0.22903089225292206,0.2007860243320465,-0.30069398880004883,-0.17403434216976166,0.19396662712097168,-0.339905709028244,-0.11272154003381729,0.5238224267959595,-0.13124196231365204,-0.1618044227361679,0.39160963892936707,-0.0738895833492279,-0.23356547951698303,0.24819691479206085,-0.0776340514421463,-0.20084890723228455,0.22498144209384918,-0.11484628170728683,-0.15547625720500946
G,G_session_001,126,0.0,0.0,0.0,-0.06920881569385529,-0.28182506561279297,-0.11172962933778763,-0.0656633973121643,-0.6164926886558533,-0.19060315191745758,0.010492713190615177,-0.8338847756385803,-0.261574387550354,0.08701474219560623,-1.0,-0.3182082772254944,0.2957160472869873,-0.909874439239502,-0.0873933881521225,0.3636719286441803,-0.9545109868049622,-0.2061699777841568,0.4095999002456665,-0.9848517775535583,-0.2702227830886841,0.4367397725582123,-0.9541243314743042,-0.3025832176208496,0.4231671094894409,-0.706022322177887,-0.086204893887043,0.3599717319011688,-0.686400294303894,-0.1911904215812683,0.17085906863212585,-0.5822449326515198,-0.1828552782535553,0.14762872457504272,-0.5748194456100464,-0.15024235844612122,0.48256272077560425,-0.4362652003765106,-0.10829567909240723,0.37116721272468567,-0.3544561266899109,-0.21709367632865906,0.19844622910022736,-0.3160877227783203,-0.1648908406496048,0.18145352602005005,-0.3436312675476074,-0.10494902729988098,0.49565860629081726,-0.14197248220443726,-0.14407190680503845,0.3755803406238556,-0.09384212642908096,-0.21788309514522552,0.23686112463474274,-0.096042700111866,-0.18800513446331024,0.21186517179012299,-0.1321454793214798,-0.14517918229103088
G,G_session_001,127,0.0,0.0,0.0,-0.06076022610068321,-0.27606308460235596,-0.12053023278713226,-0.05616728961467743,-0.5934416055679321,-0.20824047923088074,0.010788782499730587,-0.8196967244148254,-0.2868921160697937,0.09501007199287415,-0.9848498702049255,-0.35075584053993225,0.3092321753501892,-0.9244616031646729,-0.09774786233901978,0.36264583468437195,-0.9640570282936096,-0.2211581915616989,0.4108133018016815,-1.0,-0.2892104983329773,0.4527234435081482,-0.962134838104248,-0.32517939805984497,0.4381706118583679,-0.710209310054779,-0.09357348829507828,0.37215977907180786,-0.6865755319595337,-0.19828473031520844,0.17720499634742737,-0.5741367340087891,-0.18280810117721558,0.15896984934806824,-0.5591243505477905,-0.14555197954177856,0.4957279860973358,-0.43377652764320374,-0.11409345269203186,0.386555016040802,-0.36144134402275085,-0.21891824901103973,0.21282097697257996,-0.3170427083969116,-0.15636812150478363,0.2010258138179779,-0.32960930466651917,-0.09078728407621384,0.5025439262390137,-0.13061536848545074,-0.15032483637332916,0.39112624526023865,-0.07856011390686035,-0.21951442956924438,0.25400644540786743,-0.08286178112030029,-0.18504489958286285,0.23047135770320892,-0.11007805913686752,-0.13994057476520538
G,G_session_001,128,0.0,0.0,0.0,-0.07001984119415283,-0.2689298391342163,-0.12575694918632507,-0.07276175171136856,-0.593216598033905,-0.21276703476905823,-0.0037182022351771593,-0.8131735920906067,-0.28970009088516235,0.07825939357280731,-0.9846470355987549,-0.35120123624801636,0.28282272815704346,-0.9032907485961914,-0.09957890212535858,0.35561466217041016,-0.955435037612915,-0.22087083756923676,0.40580201148986816,-1.0,-0.2833259701728821,0.42701780796051025,-0.9751023650169373,-0.313468337059021,0.41281720995903015,-0.7001874446868896,-0.09311037510633469,0.35985520482063293,-0.6928987503051758,-0.20408500730991364,0.17186227440834045,-0.5740930438041687,-0.1923820525407791,0.14135752618312836,-0.5560563802719116,-0.15513499081134796,0.47378817200660706,-0.4337354600429535,-0.11162195354700089,0.3727412223815918,-0.36351338028907776,-0.22367075085639954,0.20295411348342896,-0.30659201741218567,-0.16436076164245605,0.18359743058681488,-0.32229888439178467,-0.09834415465593338,0.48682478070259094,-0.1369696706533432,-0.14543990790843964,0.37969204783439636,-0.09034482389688492,-0.21985799074172974,0.24679340422153473,-0.07752208411693573,-0.18620510399341583,0.22285279631614685,-0.10103274136781693,-0.1403835564851761
G,G_session_001,129,0.0,0.0,0.0,-0.07095328718423843,-0.27919429540634155,-0.10998836904764175,-0.07396161556243896,-0.6040015816688538,-0.1892596036195755,-0.0015861118445172906,-0.8200457096099854,-0.2607271373271942,0.08242282271385193,-0.987679660320282,-0.3174612820148468,0.28764820098876953,-0.9208437204360962,-0.08820333331823349,0.34549012780189514,-0.9659789204597473,-0.21175387501716614,0.3979713022708893,-1.0,-0.28054237365722656,0.4389388859272003,-0.9704790115356445,-0.3158281147480011,0.41175246238708496,-0.7138781547546387,-0.08733119070529938,0.3603212833404541,-0.7026931047439575,-0.19372619688510895,0.17052723467350006,-0.57787024974823,-0.18101727962493896,0.1477506011724472,-0.5616376399993896,-0.14526931941509247,0.47055840492248535,-0.44668295979499817,-0.11046721786260605,0.3768692910671234,-0.3768852949142456,-0.22006277740001678,0.20363345742225647,-0.32049474120140076,-0.16081571578979492,0.18526732921600342,-0.33068883419036865,-0.09556127339601517,0.48397207260131836,-0.1492278128862381,-0.14748473465442657,0.3874352276325226,-0.10765674710273743,-0.22037816047668457,0.24908438324928284,-0.10152317583560944,-0.18648044764995575,0.21852469444274902,-0.12465673685073853,-0.14087913930416107
G,G_session_001,130,0.0,0.0,0.0,-0.0652402862906456,-0.2666543126106262,-0.11985950917005539,-0.06300012022256851,-0.581478476524353,-0.20152497291564941,0.0005658164154738188,-0.806422233581543,-0.27315449714660645,0.08636458218097687,-0.9543706178665161,-0.3304551839828491,0.2833899259567261,-0.9074984192848206,-0.09283040463924408,0.3405352234840393,-0.9555336236953735,-0.21196649968624115,0.38930800557136536,-1.0,-0.27676621079444885,0.4325832426548004,-0.9664298892021179,-0.3101810812950134,0.4074379503726959,-0.6933726072311401,-0.08659777790307999,0.3769693970680237,-0.7030871510505676,-0.18868744373321533,0.18144266307353973,-0.5733683109283447,-0.16894643008708954,0.1558196246623993,-0.5394886136054993,-0.12754181027412415,0.46707239747047424,-0.4232548475265503,-0.10538599640130997,0.3975282311439514,-0.37747132778167725,-0.2164917290210724,0.21784617006778717,-0.31403639912605286,-0.1521323323249817,0.19602614641189575,-0.3034912049770355,-0.08120656758546829,0.47955790162086487,-0.12470513582229614,-0.13832451403141022,0.4171351492404938,-0.10457968711853027,-0.21213337779045105,0.27561211585998535,-0.0979941338300705,-0.17262811958789825,0.23651017248630524,-0.10322937369346619,-0.1223505511879921
G,G_session_001,131,0.0,0.0,0.0,-0.04935336485505104,-0.27148112654685974,-0.11323133111000061,-0.04479401186108589,-0.5487963557243347,-0.19629661738872528,0.010210552252829075,-0.7784601449966431,-0.26753339171409607,0.10192336142063141,-0.9306451082229614,-0.32277214527130127,0.2849574089050293,-0.9067208766937256,-0.08788009732961655,0.35623639822006226,-0.924109697341919,-0.20492230355739594,0.40760037302970886,-1.0,-0.2709541916847229,0.4452514052391052,-0.9756641983985901,-0.30731815099716187,0.402361124753952,-0.6619625091552734,-0.0792752280831337,0.42273858189582825,-0.7017597556114197,-0.17457109689712524,0.2210155576467514,-0.5731605291366577,-0.14194762706756592,0.17049218714237213,-0.5315424203872681,-0.09332526475191116,0.45769545435905457,-0.3907187581062317,-0.095676951110363,0.4446965754032135,-0.3743916451931,-0.1987762153148651,0.26061248779296875,-0.31530800461769104,-0.11871703714132309,0.21830685436725616,-0.2915964722633362,-0.04032045975327492,0.46768277883529663,-0.07882045954465866,-0.12535510957241058,0.45365530252456665,-0.08676587790250778,-0.1940387487411499,0.31317266821861267,-0.08202909678220749,-0.14581531286239624,0.26358771324157715,-0.08519119024276733,-0.09259215742349625
G,G_session_001,132,0.0,0.0,0.0,-0.05512881651520729,-0.25946295261383057,-0.11456945538520813,-0.04947390407323837,-0.5522640943527222,-0.19999469816684723,0.01032310351729393,-0.7808412909507751,-0.27652567625045776,0.09811810404062271,-0.9520958662033081,-0.33824071288108826,0.279311865568161,-0.8784516453742981,-0.08908316493034363,0.3619723320007324,-0.9194242358207703,-0.2131885141134262,0.4095271825790405,-1.0,-0.2803644835948944,0.43365246057510376,-0.9824036359786987,-0.31400570273399353,0.38853344321250916,-0.6452904939651489,-0.08334030210971832,0.40661418437957764,-0.7032181620597839,-0.18409757316112518,0.20430533587932587,-0.5825351476669312,-0.15577134490013123,0.16556578874588013,-0.5458748936653137,-0.10905629396438599,0.4449864327907562,-0.3785146474838257,-0.10320600122213364,0.43959763646125793,-0.37635573744773865,-0.2103850096464157,0.2508792281150818,-0.31999677419662476,-0.1312227100133896,0.21226896345615387,-0.3035570979118347,-0.0526127852499485,0.456796795129776,-0.07470295578241348,-0.13680431246757507,0.4476422667503357,-0.08916668593883514,-0.20832502841949463,0.30486249923706055,-0.08669952303171158,-0.15873639285564423,0.2583790123462677,-0.08993084728717804,-0.10289920121431351
G,G_session_001,133,0.0,0.0,0.0,-0.05392560735344887,-0.263153076171875,-0.10955050587654114,-0.045038655400276184,-0.5636798143386841,-0.18975742161273956,0.018287867307662964,-0.7927910685539246,-0.26107776165008545,0.09986813366413116,-0.9676607251167297,-0.31826138496398926,0.27451813220977783,-0.8900933265686035,-0.08604893088340759,0.3415305018424988,-0.9250937700271606,-0.20815828442573547,0.3899689018726349,-1.0,-0.27672651410102844,0.43354636430740356,-0.983600914478302,-0.31338608264923096,0.38747337460517883,-0.6692751049995422,-0.08007700741291046,0.3866068422794342,-0.7172496318817139,-0.17654816806316376,0.18371430039405823,-0.5926606059074402,-0.14772340655326843,0.16129520535469055,-0.5507479906082153,-0.10193853080272675,0.4457058012485504,-0.4055003523826599,-0.0989217534661293,0.4226234555244446,-0.39318737387657166,-0.20425494015216827,0.23462404310703278,-0.33746644854545593,-0.1292608231306076,0.20882190763950348,-0.3119312524795532,-0.05384574458003044,0.46008673310279846,-0.10868541896343231,-0.13097204267978668,0.4388718605041504,-0.11177060008049011,-0.20147718489170074,0.29581618309020996,-0.11376850306987762,-0.15558047592639923,0.25548845529556274,-0.10937070101499557,-0.10263931006193161
G,G_session_001,134,0.0,0.0,0.0,-0.058160457760095596,-0.26878276467323303,-0.10598117858171463,-0.04989156872034073,-0.570739209651947,-0.1856604367494583,0.018309298902750015,-0.7947129607200623,-0.2579915523529053,0.09558894485235214,-0.978626012802124,-0.31645482778549194,0.2611706256866455,-0.8731133341789246,-0.0858936533331871,0.34048742055892944,-0.9135830402374268,-0.20795807242393494,0.38751092553138733,-0.9955384135246277,-0.273574560880661,0.4196510910987854,-1.0,-0.3067910075187683,0.36551451683044434,-0.6571614146232605,-0.08362580090761185,0.38283976912498474,-0.711023211479187,-0.18490269780158997,0.18749114871025085,-0.5793721675872803,-0.1588483303785324,0.15866728127002716,-0.5414386987686157,-0.11444518715143204,0.42204925417900085,-0.4010586440563202,-0.10551662743091583,0.4248756170272827,-0.4040728807449341,-0.2181001603603363,0.2357327938079834,-0.3354724943637848,-0.1450490951538086,0.1990237832069397,-0.31421414017677307,-0.06926393508911133,0.43972983956336975,-0.10995952785015106,-0.13931848108768463,0.4444836974143982,-0.13060247898101807,-0.2157922238111496,0.300374835729599,-0.12544944882392883,-0.16913297772407532,0.24886243045330048,-0.12651412189006805,-0.11475466191768646
G,G_session_001,135,0.0,0.0,0.0,-0.06480438262224197,-0.25320860743522644,-0.10911917686462402,-0.05769141763448715,-0.5730218887329102,-0.18285919725894928,0.01434238813817501,-0.7950769662857056,-0.2497771680355072,0.08226408809423447,-0.9851220846176147,-0.30438143014907837,0.2547207176685333,-0.8580978512763977,-0.0797339528799057,0.32425206899642944,-0.9036518335342407,-0.19898873567581177,0.36809059977531433,-0.982265830039978,-0.26287516951560974,0.40937137603759766,-1.0,-0.29475224018096924,0.36133521795272827,-0.6657052040100098,-0.07779499143362045,0.3557151257991791,-0.7151157259941101,-0.18205775320529938,0.15883387625217438,-0.5843489766120911,-0.16382692754268646,0.14174413681030273,-0.5477038025856018,-0.1221429854631424,0.4183969795703888,-0.420329213142395,-0.10030747950077057,0.3914998173713684,-0.41641566157341003,-0.21993426978588104,0.20122383534908295,-0.33793115615844727,-0.15900613367557526,0.17812755703926086,-0.31533947587013245,-0.08700398355722427,0.43798917531967163,-0.1428433507680893,-0.13454365730285645,0.40504321455955505,-0.1554335206747055,-0.21330544352531433,0.26516979932785034,-0.14194783568382263,-0.17295002937316895,0.23040670156478882,-0.13230940699577332,-0.12074930220842361
G,G_session_001,136,0.0,0.0,0.0,-0.06574678421020508,-0.2498316615819931,-0.10874607414007187,-0.05773741379380226,-0.5623813271522522,-0.18615181744098663,0.009962879121303558,-0.781540036201477,-0.25821033120155334,0.07575591653585434,-0.982284426689148,-0.3185287117958069,0.24564366042613983,-0.833322286605835,-0.07846618443727493,0.3316831886768341,-0.8809543251991272,-0.19891420006752014,0.3754989504814148,-0.9720748066902161,-0.26117441058158875,0.4098781645298004,-1.0,-0.2905510663986206,0.34224605560302734,-0.6354915499687195,-0.07911763340234756,0.36599764227867126,-0.7183423042297363,-0.18992412090301514,0.1657949984073639,-0.602725625038147,-0.17121003568172455,0.1383032649755478,-0.5654703974723816,-0.12597164511680603,0.3950985074043274,-0.39306068420410156,-0.10448002070188522,0.4014624059200287,-0.41833093762397766,-0.22879160940647125,0.20767644047737122,-0.34385108947753906,-0.16587264835834503,0.1757839173078537,-0.32042643427848816,-0.09026158601045609,0.41451746225357056,-0.12004593014717102,-0.14103731513023376,0.4126126170158386,-0.15513136982917786,-0.22109074890613556,0.27092111110687256,-0.14538779854774475,-0.17782637476921082,0.2288087010383606,-0.1371258795261383,-0.12313297390937805
G,G_session_001,137,0.0,0.0,0.0,-0.07134760916233063,-0.25256654620170593,-0.10371987521648407,-0.06194702163338661,-0.5766978859901428,-0.17318469285964966,0.011182486079633236,-0.7873662114143372,-0.23748880624771118,0.07557039707899094,-0.9878808259963989,-0.2894149124622345,0.26066750288009644,-0.8345978856086731,-0.06784164905548096,0.33362096548080444,-0.878629744052887,-0.18641747534275055,0.3753526508808136,-0.9604587554931641,-0.24930551648139954,0.4084518253803253,-1.0,-0.2797829806804657,0.3610125184059143,-0.6485916376113892,-0.07030338793992996,0.35072794556617737,-0.7083706855773926,-0.1804453730583191,0.1558227390050888,-0.5864332318305969,-0.1667689085006714,0.1325894147157669,-0.5641488432884216,-0.12612730264663696,0.4127928912639618,-0.41203635931015015,-0.09746205806732178,0.3728954493999481,-0.41238775849342346,-0.21895301342010498,0.18393103778362274,-0.3316059410572052,-0.15941211581230164,0.16256459057331085,-0.3249160647392273,-0.08748847991228104,0.42888468503952026,-0.14579035341739655,-0.13627378642559052,0.3779546320438385,-0.16122451424598694,-0.21269269287586212,0.24017687141895294,-0.1387011557817459,-0.1726835072040558,0.2153027057647705,-0.13547994196414948,-0.12122073024511337
G,G_session_001,138,0.0,0.0,0.0,-0.06515820324420929,-0.2652122378349304,-0.10512088984251022,-0.05253063514828682,-0.5676541328430176,-0.181717187166214,0.016423629596829414,-0.7849035859107971,-0.2523282468318939,0.088813915848732,-0.9878103733062744,-0.30873364210128784,0.2637856900691986,-0.865765392780304,-0.07082748413085938,0.3368902802467346,-0.8950843811035156,-0.1954350471496582,0.3782811462879181,-0.975203275680542,-0.2594147026538849,0.4119662344455719,-1.0,-0.2889277935028076,0.36913248896598816,-0.6719497442245483,-0.0692363828420639,0.34631356596946716,-0.7221622467041016,-0.1692676544189453,0.1536930650472641,-0.5805022120475769,-0.14172707498073578,0.14885568618774414,-0.5542428493499756,-0.09407874196767807,0.42335066199302673,-0.4281948506832123,-0.09407458454370499,0.37219348549842834,-0.4250480830669403,-0.20286980271339417,0.18886832892894745,-0.34412169456481934,-0.1336754709482193,0.18187002837657928,-0.3406393826007843,-0.060096848756074905,0.4385536313056946,-0.157697394490242,-0.1314789205789566,0.37672799825668335,-0.16858772933483124,-0.19882088899612427,0.24036990106105804,-0.15189389884471893,-0.1565980166196823,0.22220970690250397,-0.15467619895935059,-0.10628142952919006
G,G_session_001,139,0.0,0.0,0.0,-0.06707034260034561,-0.2648874819278717,-0.0939042791724205,-0.05429980531334877,-0.5723377466201782,-0.16176092624664307,0.022595632821321487,-0.7915445566177368,-0.22490930557250977,0.09234604239463806,-0.9869941473007202,-0.27451515197753906,0.26651424169540405,-0.8738667368888855,-0.059527602046728134,0.3426104784011841,-0.8995495438575745,-0.170894593000412,0.3801102638244629,-0.9787042737007141,-0.22643941640853882,0.40749359130859375,-1.0,-0.2521318197250366,0.37509986758232117,-0.6809192895889282,-0.06035994365811348,0.34509485960006714,-0.7139468789100647,-0.15105748176574707,0.15295547246932983,-0.5759252905845642,-0.12354530394077301,0.14376632869243622,-0.5496970415115356,-0.07784026861190796,0.43011724948883057,-0.43737906217575073,-0.08535023033618927,0.371857613325119,-0.4177398085594177,-0.18528488278388977,0.19034184515476227,-0.3433547019958496,-0.1183696761727333,0.18011851608753204,-0.34254661202430725,-0.04862644150853157,0.44625332951545715,-0.16607438027858734,-0.12199113517999649,0.36948972940444946,-0.16148442029953003,-0.1848205327987671,0.23504231870174408,-0.14329704642295837,-0.14546838402748108,0.21888130903244019,-0.1497388482093811,-0.09830713272094727
G,G_session_001,140,0.0,0.0,0.0,-0.06925179064273834,-0.26743412017822266,-0.10484816879034042,-0.06021975353360176,-0.5835072994232178,-0.17474964261054993,0.02022477053105831,-0.7967379093170166,-0.23743003606796265,0.0876559391617775,-1.0,-0.2868042588233948,0.2655157446861267,-0.8761324882507324,-0.07122809439897537,0.33751675486564636,-0.9049894213676453,-0.18334051966667175,0.3789646029472351,-0.9771852493286133,-0.24252238869667053,0.40835505723953247,-0.992794394493103,-0.27152392268180847,0.37231507897377014,-0.6821447610855103,-0.06920728087425232,0.34996652603149414,-0.7065576314926147,-0.16770079731941223,0.1618289202451706,-0.5763735175132751,-0.15132781863212585,0.14364385604858398,-0.5509636998176575,-0.11248563230037689,0.42632174491882324,-0.43503695726394653,-0.09103959798812866,0.37506532669067383,-0.407473623752594,-0.20089097321033478,0.19405847787857056,-0.330941379070282,-0.14354775846004486,0.17674322426319122,-0.32676011323928833,-0.07755929231643677,0.44321319460868835,-0.1622537523508072,-0.12473539263010025,0.3761504590511322,-0.15604543685913086,-0.19815821945667267,0.24133014678955078,-0.13409915566444397,-0.16433556377887726,0.21884660422801971,-0.13851863145828247,-0.11899241805076599
G,G_session_001,141,0.0,0.0,0.0,-0.07389174401760101,-0.2686273157596588,-0.10007887333631516,-0.06150614842772484,-0.6072249412536621,-0.15983042120933533,0.030679335817694664,-0.8103454113006592,-0.21366643905639648,0.08945227414369583,-1.0,-0.25797584652900696,0.2589731812477112,-0.8710187673568726,-0.06568004935979843,0.34027859568595886,-0.9260181188583374,-0.16825352609157562,0.38740262389183044,-0.9835294485092163,-0.22877301275730133,0.41377753019332886,-0.983891487121582,-0.26089465618133545,0.36254897713661194,-0.6663826704025269,-0.06784692406654358,0.370043009519577,-0.6891237497329712,-0.17033420503139496,0.18578702211380005,-0.5699336528778076,-0.16902656853199005,0.1356019824743271,-0.539667010307312,-0.14060500264167786,0.4146840572357178,-0.4122992753982544,-0.0913662388920784,0.40214261412620544,-0.3931238055229187,-0.21019288897514343,0.21680080890655518,-0.31851914525032043,-0.16721825301647186,0.16680587828159332,-0.3080752193927765,-0.10832751542329788,0.4317934513092041,-0.13344749808311462,-0.12483751773834229,0.40901145339012146,-0.14152725040912628,-0.21355147659778595,0.2639590799808502,-0.1193428561091423,-0.18622449040412903,0.20792005956172943,-0.12172065675258636,-0.14276348054409027
G,G_session_001,142,0.0,0.0,0.0,-0.06665360927581787,-0.2749037444591522,-0.11262621730566025,-0.05922704562544823,-0.5893627405166626,-0.18762148916721344,0.025816073641180992,-0.7984723448753357,-0.25543689727783203,0.1066712960600853,-0.9738712310791016,-0.31121698021888733,0.2650472819805145,-0.88636314868927,-0.07630220800638199,0.3376239240169525,-0.941900908946991,-0.18536847829818726,0.39266735315322876,-1.0,-0.24615788459777832,0.4400472640991211,-0.9756335020065308,-0.277752161026001,0.36985263228416443,-0.6680997014045715,-0.07268606871366501,0.37297409772872925,-0.6921355724334717,-0.17276892066001892,0.17190928757190704,-0.5718162655830383,-0.15761204063892365,0.13697940111160278,-0.5455402731895447,-0.11893221735954285,0.42457693815231323,-0.4030763506889343,-0.09298531711101532,0.41405072808265686,-0.3799571394920349,-0.20914128422737122,0.21985816955566406,-0.31742316484451294,-0.1524740308523178,0.18292154371738434,-0.3110944926738739,-0.08483210951089859,0.4424911141395569,-0.1114499568939209,-0.1250613033771515,0.42632171511650085,-0.1171506866812706,-0.20621418952941895,0.27825820446014404,-0.1079382449388504,-0.16935037076473236,0.2298758178949356,-0.1137779951095581,-0.11982474476099014
G,G_session_001,143,0.0,0.0,0.0,-0.06336987018585205,-0.27997180819511414,-0.11399377137422562,-0.06013629958033562,-0.5944095253944397,-0.18429236114025116,0.028309553861618042,-0.7937055826187134,-0.24463880062103271,0.11410285532474518,-0.9557217955589294,-0.2923537790775299,0.23743702471256256,-0.8877087235450745,-0.0728965550661087,0.31840062141418457,-0.9546791315078735,-0.18000470101833344,0.3904564678668976,-1.0,-0.2436096966266632,0.44709429144859314,-0.9705206155776978,-0.27833572030067444,0.3398612141609192,-0.6540601253509521,-0.06918396800756454,0.4041208028793335,-0.7022758722305298,-0.18800894916057587,0.21345701813697815,-0.5521011352539062,-0.18558862805366516,0.14208251237869263,-0.510373055934906,-0.1493283063173294,0.39856988191604614,-0.39406654238700867,-0.08795569837093353,0.44396066665649414,-0.3954080045223236,-0.2198663055896759,0.2595478594303131,-0.3018149435520172,-0.16656307876110077,0.1893862634897232,-0.2874046266078949,-0.0951668918132782,0.42036813497543335,-0.10755906999111176,-0.11706361174583435,0.4621209502220154,-0.12811122834682465,-0.21174149215221405,0.31765007972717285,-0.09256631880998611,-0.17419879138469696,0.24187041819095612,-0.10137484222650528,-0.12103620171546936
G,G_session_001,144,0.0,0.0,0.0,-0.05588669702410698,-0.29258978366851807,-0.11137203872203827,-0.04727412015199661,-0.5921674370765686,-0.1821526437997818,0.04095974937081337,-0.7825429439544678,-0.24332493543624878,0.13117927312850952,-0.9345698356628418,-0.29083648324012756,0.24693216383457184,-0.883465051651001,-0.07030563056468964,0.32684072852134705,-0.9447854161262512,-0.18361233174800873,0.3905358612537384,-1.0,-0.2585466504096985,0.45343998074531555,-0.9799056649208069,-0.3034016191959381,0.34366682171821594,-0.6438468098640442,-0.06842844933271408,0.41753655672073364,-0.7088188529014587,-0.19026696681976318,0.22328656911849976,-0.5534610748291016,-0.19512277841567993,0.15644921362400055,-0.5006464719772339,-0.1652907431125641,0.40101730823516846,-0.3799842596054077,-0.088631771504879,0.46487298607826233,-0.40095964074134827,-0.21287012100219727,0.27865707874298096,-0.3095974326133728,-0.15488143265247345,0.21170368790626526,-0.27713635563850403,-0.08302796632051468,0.42624062299728394,-0.08182623237371445,-0.12047519534826279,0.4827709197998047,-0.11800980567932129,-0.20415794849395752,0.34170395135879517,-0.09285057336091995,-0.16155290603637695,0.2712932825088501,-0.09499392658472061,-0.10708510130643845
G,G_session_001,145,0.0,0.0,0.0,-0.06615492701530457,-0.28686925768852234,-0.1086503192782402,-0.06297656893730164,-0.5896780490875244,-0.1819654107093811,0.013130638748407364,-0.8022987246513367,-0.2451605498790741,0.12459557503461838,-0.9108659029006958,-0.29085978865623474,0.25426268577575684,-0.9057576656341553,-0.07312045246362686,0.32897236943244934,-0.9537464380264282,-0.1948392242193222,0.3881572484970093,-1.0,-0.26545238494873047,0.43797430396080017,-0.9669755101203918,-0.3030203878879547,0.3722044825553894,-0.6984617710113525,-0.0650477185845375,0.3773708939552307,-0.7074626088142395,-0.17029890418052673,0.1886444389820099,-0.5589069128036499,-0.15250149369239807,0.14469698071479797,-0.5343890190124512,-0.11263292282819748,0.433377742767334,-0.43608325719833374,-0.0821940153837204,0.40858352184295654,-0.38660532236099243,-0.18819279968738556,0.2322417050600052,-0.3066771924495697,-0.12121438980102539,0.197551891207695,-0.30951571464538574,-0.05050874501466751,0.45540693402290344,-0.13503354787826538,-0.11253353208303452,0.42651858925819397,-0.10085473209619522,-0.18029853701591492,0.29081323742866516,-0.08320457488298416,-0.14210821688175201,0.24755899608135223,-0.10566772520542145,-0.09454189985990524
G,G_session_001,146,0.0,0.0,0.0,-0.062520831823349,-0.29056575894355774,-0.11110791563987732,-0.06007780879735947,-0.5805071592330933,-0.19226302206516266,0.010691865347325802,-0.797174870967865,-0.26313865184783936,0.11784281581640244,-0.9224863052368164,-0.3162033259868622,0.2776566743850708,-0.9224614500999451,-0.07370983064174652,0.34530338644981384,-0.9529615044593811,-0.19304350018501282,0.40117254853248596,-1.0,-0.26205334067344666,0.45252180099487305,-0.9627137184143066,-0.2998736500740051,0.40147626399993896,-0.7044421434402466,-0.06687109917402267,0.3804683983325958,-0.6767375469207764,-0.17198140919208527,0.1839875876903534,-0.5354697704315186,-0.15316417813301086,0.1415804773569107,-0.524836003780365,-0.11278189718723297,0.45880410075187683,-0.4372714161872864,-0.08532682061195374,0.4071100354194641,-0.36518338322639465,-0.19124437868595123,0.22956058382987976,-0.2962031364440918,-0.12383724004030228,0.20043370127677917,-0.30482926964759827,-0.054371923208236694,0.47611337900161743,-0.13135173916816711,-0.11742573231458664,0.4139597415924072,-0.08796712756156921,-0.1854989379644394,0.2784520089626312,-0.06860584020614624,-0.14842793345451355,0.24653980135917664,-0.09261871129274368,-0.10262861847877502
G,G_session_001,147,0.0,0.0,0.0,-0.0592244490981102,-0.2862145006656647,-0.12105338275432587,-0.056321922689676285,-0.5715628862380981,-0.2120124250650406,0.00755289476364851,-0.8005646467208862,-0.29139015078544617,0.11884336918592453,-0.9226296544075012,-0.35311150550842285,0.28421083092689514,-0.9259663224220276,-0.0914510041475296,0.34860095381736755,-0.956956684589386,-0.22718851268291473,0.40669363737106323,-1.0,-0.3100953996181488,0.46258577704429626,-0.9558179974555969,-0.3560417890548706,0.4078857898712158,-0.6983103156089783,-0.07782670110464096,0.38925448060035706,-0.6909947395324707,-0.18560893833637238,0.1913449764251709,-0.543472170829773,-0.16451957821846008,0.1556762456893921,-0.5317070484161377,-0.12370949238538742,0.46745049953460693,-0.4250156283378601,-0.09085553139448166,0.4162909686565399,-0.36632469296455383,-0.19638891518115997,0.23603788018226624,-0.3000932037830353,-0.12063224613666534,0.20361702144145966,-0.30255356431007385,-0.04595541954040527,0.4823572337627411,-0.11858426779508591,-0.1190246120095253,0.42849278450012207,-0.08647236973047256,-0.18768230080604553,0.2875460386276245,-0.07378874719142914,-0.14540442824363708,0.24701514840126038,-0.08621835708618164,-0.09496240317821503
G,G_session_001,148,0.0,0.0,0.0,-0.07041733711957932,-0.27433714270591736,-0.13846711814403534,-0.06946045160293579,-0.598815381526947,-0.23309403657913208,-0.003143048146739602,-0.8248779773712158,-0.31601908802986145,0.11202998459339142,-0.9407097697257996,-0.38097524642944336,0.2706187963485718,-0.9181062579154968,-0.10834617912769318,0.33135777711868286,-0.9782322645187378,-0.24776184558868408,0.3928142488002777,-1.0,-0.32547613978385925,0.4532322287559509,-0.9626715183258057,-0.3644983172416687,0.3917790353298187,-0.7151183485984802,-0.09191735088825226,0.35651522874832153,-0.6777423620223999,-0.21230319142341614,0.17313207685947418,-0.5432376861572266,-0.2019617110490799,0.14896270632743835,-0.5617615580558777,-0.16493375599384308,0.4555714726448059,-0.44445347785949707,-0.10332957655191422,0.389226496219635,-0.36056509613990784,-0.22313347458839417,0.22167684137821198,-0.28887784481048584,-0.16182786226272583,0.2011021226644516,-0.3258098363876343,-0.09199627488851547,0.47471123933792114,-0.14903488755226135,-0.1309298574924469,0.4227350652217865,-0.09067212790250778,-0.20974287390708923,0.2849404215812683,-0.07687391340732574,-0.1752341240644455,0.2428707331418991,-0.10609682649374008,-0.12620772421360016
G,G_session_001,149,0.0,0.0,0.0,-0.060855284333229065,-0.28237324953079224,-0.12943106889724731,-0.06360691785812378,-0.5786408185958862,-0.22027717530727386,0.0010833278065547347,-0.8016538023948669,-0.29868394136428833,0.10506094992160797,-0.9302746057510376,-0.3598793148994446,0.2802429795265198,-0.9338369369506836,-0.10167214274406433,0.34403592348098755,-0.9602667093276978,-0.22656762599945068,0.39576882123947144,-1.0,-0.2952793836593628,0.44934260845184326,-0.9669111967086792,-0.33155930042266846,0.407914400100708,-0.7148623466491699,-0.0882285088300705,0.38234153389930725,-0.6750176548957825,-0.1962919384241104,0.18278025090694427,-0.5404596924781799,-0.17657652497291565,0.14866526424884796,-0.5397953987121582,-0.13427665829658508,0.4714168608188629,-0.43965670466423035,-0.10066484659910202,0.4060189425945282,-0.3484562337398529,-0.21438556909561157,0.22435078024864197,-0.28247225284576416,-0.15002574026584625,0.19696980714797974,-0.30257898569107056,-0.07899581640958786,0.4889175593852997,-0.13475309312343597,-0.12776710093021393,0.42809319496154785,-0.07915828377008438,-0.2035253345966339,0.288694828748703,-0.06403246521949768,-0.1669306457042694,0.2503153383731842,-0.08913319557905197,-0.11819358170032501
G,G_session_001,150,0.0,0.0,0.0,-0.06984701007604599,-0.28227469325065613,-0.13010163605213165,-0.07426654547452927,-0.6140961050987244,-0.21702291071414948,-0.0030215648002922535,-0.8303818702697754,-0.29241514205932617,0.10632340610027313,-0.9458077549934387,-0.35117867588996887,0.3077399730682373,-0.9318463206291199,-0.10413717478513718,0.3797902762889862,-0.9729320406913757,-0.22632792592048645,0.43424704670906067,-1.0,-0.2933478355407715,0.47987160086631775,-0.9683318734169006,-0.3286423087120056,0.4422518312931061,-0.7093576788902283,-0.09554123133420944,0.39547282457351685,-0.6622254252433777,-0.21009573340415955,0.18866562843322754,-0.5484940409660339,-0.2032340168952942,0.150298073887825,-0.5523179173469543,-0.16934514045715332,0.5052580237388611,-0.4190618395805359,-0.11173466593027115,0.41157159209251404,-0.32012808322906494,-0.22959989309310913,0.22326764464378357,-0.27206966280937195,-0.17419439554214478,0.19477583467960358,-0.30169036984443665,-0.10842520743608475,0.5211676955223083,-0.10326296836137772,-0.14295554161071777,0.4326813817024231,-0.03953607752919197,-0.22288130223751068,0.2882152795791626,-0.036205802112817764,-0.19119897484779358,0.252573162317276,-0.06630063056945801,-0.14425842463970184
G,G_session_001,151,0.0,0.0,0.0,-0.07119353860616684,-0.29019007086753845,-0.1390281319618225,-0.07261165231466293,-0.6202582120895386,-0.23289445042610168,0.003459327854216099,-0.8345111012458801,-0.3136873245239258,0.10117629915475845,-0.9538748860359192,-0.37765949964523315,0.31690505146980286,-0.9630135893821716,-0.11650156229734421,0.3836253881454468,-0.983604907989502,-0.24453586339950562,0.43003013730049133,-1.0,-0.31617972254753113,0.4653484523296356,-0.9568406939506531,-0.35396796464920044,0.45854440331459045,-0.7325213551521301,-0.10399456322193146,0.38905593752861023,-0.668371856212616,-0.2175692766904831,0.18406285345554352,-0.5605953335762024,-0.2107909619808197,0.15200965106487274,-0.5556998252868652,-0.17814607918262482,0.5212869644165039,-0.4361657202243805,-0.1167200431227684,0.39868196845054626,-0.31887087225914,-0.23253926634788513,0.21604645252227783,-0.2821359932422638,-0.17689861357212067,0.19212155044078827,-0.3078621029853821,-0.11248771101236343,0.5327064990997314,-0.11598056554794312,-0.14591538906097412,0.4241657555103302,-0.03946303203701973,-0.2235042303800583,0.27827051281929016,-0.04604744538664818,-0.19021345674991608,0.2401878982782364,-0.07790641486644745,-0.142705500125885
G,G_session_001,152,0.0,0.0,0.0,-0.07183127105236053,-0.28740209341049194,-0.13874772191047668,-0.06811942905187607,-0.6130024790763855,-0.23657456040382385,0.007213501259684563,-0.8252571821212769,-0.3220541775226593,0.09102954715490341,-0.9820324778556824,-0.3906196653842926,0.31160223484039307,-0.9508074522018433,-0.12237031757831573,0.37138867378234863,-0.9860934615135193,-0.2580806314945221,0.42255687713623047,-1.0,-0.3337331712245941,0.46361663937568665,-0.9509510397911072,-0.3730916678905487,0.4537052810192108,-0.726463258266449,-0.11272380501031876,0.3842792809009552,-0.6618485450744629,-0.2332720309495926,0.18214648962020874,-0.5529215335845947,-0.22791190445423126,0.15308883786201477,-0.5607775449752808,-0.19520282745361328,0.5165595412254333,-0.43019500374794006,-0.1285719871520996,0.3938787877559662,-0.305857390165329,-0.24808697402477264,0.2148955762386322,-0.26925092935562134,-0.19082622230052948,0.1953943371772766,-0.30901411175727844,-0.12540477514266968,0.5280226469039917,-0.10970158129930496,-0.16096189618110657,0.42018741369247437,-0.026533043012022972,-0.23964934051036835,0.2781986892223358,-0.030856985598802567,-0.2050892412662506,0.24541495740413666,-0.0704854279756546,-0.15663506090641022
G,G_session_001,153,0.0,0.0,0.0,-0.07854712009429932,-0.2770477831363678,-0.13008782267570496,-0.07678163051605225,-0.6074936389923096,-0.22414147853851318,-0.0009877870324999094,-0.8272966146469116,-0.30683451890945435,0.08359858393669128,-0.9847441911697388,-0.3735367953777313,0.30645594000816345,-0.9329587817192078,-0.1145402267575264,0.3736654222011566,-0.9615665674209595,-0.2456057220697403,0.4143436551094055,-1.0,-0.31853407621383667,0.441527396440506,-0.979345977306366,-0.35577279329299927,0.4523281455039978,-0.7158260941505432,-0.10573893040418625,0.35679545998573303,-0.6629526019096375,-0.21533475816249847,0.16072086989879608,-0.5514202117919922,-0.20774272084236145,0.14289692044258118,-0.541997492313385,-0.17577733099460602,0.5132137537002563,-0.42619094252586365,-0.12117361277341843,0.3689303994178772,-0.3145383596420288,-0.22866356372833252,0.19390851259231567,-0.28453490138053894,-0.17123843729496002,0.1801597625017166,-0.3149324059486389,-0.10852053761482239,0.521389901638031,-0.11332514137029648,-0.15276172757148743,0.39154160022735596,-0.04066287726163864,-0.2244897186756134,0.25230318307876587,-0.048664260655641556,-0.19089701771736145,0.2220493108034134,-0.07886358350515366,-0.14410915970802307
G,G_session_001,154,0.0,0.0,0.0,-0.08004426956176758,-0.283293217420578,-0.1295720934867859,-0.08630292117595673,-0.6015313267707825,-0.22338710725307465,-0.01089217234402895,-0.8288292288780212,-0.30638498067855835,0.0765114277601242,-0.9864829778671265,-0.37480857968330383,0.29860031604766846,-0.9253414273262024,-0.1106247827410698,0.37001243233680725,-0.9604577422142029,-0.23755034804344177,0.4131834805011749,-1.0,-0.3088858723640442,0.43280228972435,-0.9642195105552673,-0.3444054126739502,0.4419969618320465,-0.704890251159668,-0.0984380915760994,0.36956340074539185,-0.6600392460823059,-0.2017095386981964,0.16503551602363586,-0.5576838850975037,-0.19071799516677856,0.12923482060432434,-0.5477232933044434,-0.15593889355659485,0.5055394172668457,-0.4202514588832855,-0.110568568110466,0.3761514723300934,-0.3138197958469391,-0.21843187510967255,0.19371721148490906,-0.2841493785381317,-0.16436222195625305,0.1660764068365097,-0.3013748526573181,-0.10157141834497452,0.5185042023658752,-0.11088390648365021,-0.1378439962863922,0.41234028339385986,-0.0443989597260952,-0.21154466271400452,0.27219462394714355,-0.049606822431087494,-0.1789737492799759,0.23178668320178986,-0.06710232049226761,-0.13194701075553894
G,G_session_001,155,0.0,0.0,0.0,-0.08395783603191376,-0.29252588748931885,-0.12164371460676193,-0.09112290292978287,-0.6266492605209351,-0.21204052865505219,-0.009543259628117085,-0.847621738910675,-0.29552045464515686,0.07691746205091476,-0.9995560050010681,-0.3629287779331207,0.3064120411872864,-0.9245036840438843,-0.10760980099439621,0.3971295654773712,-0.9673165082931519,-0.23315227031707764,0.42703762650489807,-1.0,-0.2970079481601715,0.43207353353500366,-0.9734356999397278,-0.32616373896598816,0.4514086842536926,-0.7152379751205444,-0.10135200619697571,0.3204761743545532,-0.6580386757850647,-0.20573920011520386,0.13208915293216705,-0.570159912109375,-0.19933927059173584,0.12118654698133469,-0.5701873302459717,-0.1690124124288559,0.5099186897277832,-0.42736655473709106,-0.11811190098524094,0.3232609033584595,-0.30740731954574585,-0.2162008136510849,0.1604432910680771,-0.29568934440612793,-0.16266798973083496,0.15770874917507172,-0.33046379685401917,-0.10448570549488068,0.5158726572990417,-0.11752158403396606,-0.1510145217180252,0.34776976704597473,-0.045447755604982376,-0.21627897024154663,0.2211940735578537,-0.058390360325574875,-0.1856812685728073,0.20739324390888214,-0.08214098960161209,-0.14126192033290863
G,G_session_001,156,0.0,0.0,0.0,-0.08780322968959808,-0.2937195301055908,-0.11474540829658508,-0.0920604020357132,-0.6328031420707703,-0.20146457850933075,-0.01315346546471119,-0.8525712490081787,-0.28316017985343933,0.07565891742706299,-1.0,-0.34849169850349426,0.29594865441322327,-0.9146105051040649,-0.09791489690542221,0.3657069206237793,-0.9682769775390625,-0.22046761214733124,0.4047168493270874,-0.9931283593177795,-0.2833540737628937,0.44104230403900146,-0.975357174873352,-0.3135453462600708,0.44179385900497437,-0.7197098731994629,-0.09310722351074219,0.27606287598609924,-0.6428594589233398,-0.19144275784492493,0.11902375519275665,-0.5609074831008911,-0.18172696232795715,0.14190779626369476,-0.5775325298309326,-0.1496453583240509,0.49977925419807434,-0.4401499927043915,-0.11097728461027145,0.29418835043907166,-0.3206914961338043,-0.1993350088596344,0.15801945328712463,-0.30729052424430847,-0.13965553045272827,0.17856727540493011,-0.3449220657348633,-0.07830843329429626,0.50404953956604,-0.1427222341299057,-0.14574801921844482,0.3168787956237793,-0.0672999694943428,-0.2074873298406601,0.20735684037208557,-0.08631065487861633,-0.17798666656017303,0.21091265976428986,-0.11667068302631378,-0.133247509598732
G,G_session_001,157,0.0,0.0,0.0,-0.0844702273607254,-0.2953198254108429,-0.11725682020187378,-0.09729616343975067,-0.6239710450172424,-0.20599503815174103,-0.021219894289970398,-0.8436167240142822,-0.2877282202243805,0.06315481662750244,-1.0,-0.3545183539390564,0.2924642264842987,-0.9392679333686829,-0.10258778929710388,0.3726029396057129,-0.9729987978935242,-0.22216710448265076,0.41759660840034485,-0.9956343770027161,-0.28760960698127747,0.4437991976737976,-0.9652199745178223,-0.32080575823783875,0.4384007155895233,-0.7356717586517334,-0.09759524464607239,0.3244250416755676,-0.6474916338920593,-0.19678938388824463,0.1372961550951004,-0.5516570210456848,-0.19195586442947388,0.11661220341920853,-0.5596522092819214,-0.16501694917678833,0.501641571521759,-0.45262715220451355,-0.11460040509700775,0.3330839276313782,-0.3081488013267517,-0.21029755473136902,0.17052289843559265,-0.2892929017543793,-0.16143621504306793,0.1586483269929886,-0.3326745927333832,-0.10823437571525574,0.5148051977157593,-0.14460305869579315,-0.14687025547027588,0.3564271330833435,-0.05254127085208893,-0.21094417572021484,0.22818750143051147,-0.06047622486948967,-0.18290723860263824,0.20663632452487946,-0.09576413035392761,-0.14213676750659943
G,G_session_001,158,0.0,0.0,0.0,-0.08301935344934464,-0.29107463359832764,-0.11259417980909348,-0.08823926746845245,-0.6094166040420532,-0.197799950838089,-0.011088698171079159,-0.8276199698448181,-0.2760453522205353,0.06548909842967987,-1.0,-0.3389630615711212,0.28937336802482605,-0.9210795164108276,-0.09700607508420944,0.3642811179161072,-0.9547153115272522,-0.21368220448493958,0.4121709167957306,-0.9785119295120239,-0.2773016691207886,0.44840964674949646,-0.9408741593360901,-0.3101840913295746,0.43322762846946716,-0.7224699854850769,-0.09206347912549973,0.30479148030281067,-0.6348042488098145,-0.18694399297237396,0.1252322793006897,-0.5360479354858398,-0.1774790734052658,0.11846146732568741,-0.5387365818023682,-0.14834795892238617,0.4932752251625061,-0.447068452835083,-0.10885336995124817,0.3226765990257263,-0.31195205450057983,-0.19851985573768616,0.16876596212387085,-0.2950725257396698,-0.14247292280197144,0.1672818809747696,-0.3334575593471527,-0.08621463179588318,0.5031760334968567,-0.14804963767528534,-0.14117565751075745,0.3411244750022888,-0.05856497213244438,-0.20336805284023285,0.22050853073596954,-0.06961172819137573,-0.173898383975029,0.2078329175710678,-0.10263356566429138,-0.1322474479675293
G,G_session_001,159,0.0,0.0,0.0,-0.08722303807735443,-0.2972087264060974,-0.10682976990938187,-0.09376028925180435,-0.6376332640647888,-0.18695926666259766,-0.01721489615738392,-0.847437858581543,-0.2611166834831238,0.07181498408317566,-1.0,-0.32028448581695557,0.30686554312705994,-0.9404765367507935,-0.08905775099992752,0.39589160680770874,-0.966151773929596,-0.20905864238739014,0.44055289030075073,-0.997201144695282,-0.27928340435028076,0.45519983768463135,-0.97578364610672,-0.31633269786834717,0.44924530386924744,-0.7316306233406067,-0.09075028449296951,0.33067256212234497,-0.6498035192489624,-0.1956138014793396,0.1427825540304184,-0.5549967288970947,-0.19667840003967285,0.11108796298503876,-0.5563474893569946,-0.1729826033115387,0.5065380334854126,-0.44722017645835876,-0.11402355134487152,0.3338604271411896,-0.31448692083358765,-0.20847618579864502,0.17182864248752594,-0.29473167657852173,-0.15625116229057312,0.15757259726524353,-0.34383758902549744,-0.10109642148017883,0.5108242034912109,-0.13954250514507294,-0.15272901952266693,0.3433009088039398,-0.051969997584819794,-0.21756957471370697,0.21611551940441132,-0.05710473656654358,-0.18840612471103668,0.20193274319171906,-0.10017209500074387,-0.14633773267269135
G,G_session_001,160,0.0,0.0,0.0,-0.07774131000041962,-0.3041808307170868,-0.11138724535703659,-0.08401905000209808,-0.6261769533157349,-0.1945793181657791,-0.015890108421444893,-0.8447684645652771,-0.27103787660598755,0.06295859813690186,-1.0,-0.33281248807907104,0.3047434091567993,-0.9120610952377319,-0.09784131497144699,0.38368499279022217,-0.9537836909294128,-0.21299254894256592,0.42212390899658203,-0.9776275157928467,-0.2799904942512512,0.44457152485847473,-0.9437896013259888,-0.31630653142929077,0.44876888394355774,-0.7053560018539429,-0.09415873885154724,0.30868515372276306,-0.6299110651016235,-0.1894618570804596,0.13380372524261475,-0.5474762320518494,-0.18869446218013763,0.11910445243120193,-0.5497722029685974,-0.16691534221172333,0.5042672157287598,-0.42798179388046265,-0.11103618144989014,0.31529930233955383,-0.3080999255180359,-0.19846785068511963,0.16860292851924896,-0.30073782801628113,-0.1483689844608307,0.16362854838371277,-0.34109023213386536,-0.0970730185508728,0.507965087890625,-0.12733909487724304,-0.14361801743507385,0.3266907334327698,-0.04616422578692436,-0.2059013545513153,0.21447379887104034,-0.06710045784711838,-0.17980162799358368,0.20566903054714203,-0.1110672727227211,-0.14058928191661835
G,G_session_001,161,0.0,0.0,0.0,-0.08330320566892624,-0.29997333884239197,-0.11548151820898056,-0.0886896476149559,-0.6257342100143433,-0.20059597492218018,-0.022640323266386986,-0.8455587029457092,-0.2782936990261078,0.05810842663049698,-1.0,-0.34046173095703125,0.3088624179363251,-0.9069188237190247,-0.10065539926290512,0.39740267395973206,-0.9497100710868835,-0.21940454840660095,0.42656996846199036,-0.9744847416877747,-0.2886115312576294,0.434200644493103,-0.9423527121543884,-0.3258535861968994,0.44760555028915405,-0.6938353776931763,-0.09628831595182419,0.3114355206489563,-0.6255539655685425,-0.19724377989768982,0.13148275017738342,-0.5521313548088074,-0.19953970611095428,0.11319173127412796,-0.554785430431366,-0.17909160256385803,0.4975924789905548,-0.41259709000587463,-0.11315330862998962,0.3096342086791992,-0.2958856225013733,-0.20293653011322021,0.15793479979038239,-0.29666271805763245,-0.15185770392417908,0.15331631898880005,-0.34049561619758606,-0.09992800652980804,0.49510037899017334,-0.11097867786884308,-0.14636465907096863,0.31527233123779297,-0.03317749500274658,-0.20973193645477295,0.20251476764678955,-0.053726427257061005,-0.18324577808380127,0.1996622383594513,-0.09689819812774658,-0.14388778805732727
G,G_session_001,162,0.0,0.0,0.0,-0.08447492867708206,-0.29445335268974304,-0.11847496032714844,-0.08416345715522766,-0.6230521202087402,-0.20460844039916992,-0.016507618129253387,-0.8417611718177795,-0.2829740345478058,0.06448251008987427,-1.0,-0.34728172421455383,0.3050941228866577,-0.871675968170166,-0.10859997570514679,0.39045462012290955,-0.9488799571990967,-0.23160319030284882,0.42653346061706543,-0.9602353572845459,-0.30714425444602966,0.4492461085319519,-0.9189914464950562,-0.34902453422546387,0.4418000876903534,-0.6653611660003662,-0.10383380204439163,0.28717491030693054,-0.6231708526611328,-0.21424172818660736,0.1275489330291748,-0.5512434840202332,-0.22890444099903107,0.11452648788690567,-0.5403622388839722,-0.21611203253269196,0.4897385239601135,-0.39097312092781067,-0.11969446390867233,0.27729275822639465,-0.2938266694545746,-0.21357063949108124,0.14582355320453644,-0.27897220849990845,-0.17055612802505493,0.1493665874004364,-0.30774030089378357,-0.12281151860952377,0.4871295392513275,-0.09890969842672348,-0.15227463841438293,0.29022350907325745,-0.041008297353982925,-0.21767976880073547,0.18726129829883575,-0.05153708904981613,-0.19536451995372772,0.18675783276557922,-0.08651170134544373,-0.15821276605129242
G,G_session_001,163,0.0,0.0,0.0,-0.07877187430858612,-0.30201980471611023,-0.1030629351735115,-0.07410161942243576,-0.6154172420501709,-0.18191444873809814,-0.0013651133049279451,-0.8308112621307373,-0.25695091485977173,0.07356103509664536,-1.0,-0.31841331720352173,0.3101561963558197,-0.8382120728492737,-0.08909612149000168,0.40652093291282654,-0.8969640135765076,-0.20446184277534485,0.4412229657173157,-0.9285654425621033,-0.27106302976608276,0.4603312015533447,-0.9068536162376404,-0.30584636330604553,0.4425326883792877,-0.6376936435699463,-0.08756595849990845,0.2697540819644928,-0.6111900806427002,-0.18471099436283112,0.11315375566482544,-0.5384930968284607,-0.1872924417257309,0.11435418576002121,-0.5149508714675903,-0.1676359921693802,0.4858345091342926,-0.3754770755767822,-0.10616141557693481,0.2680027186870575,-0.30225130915641785,-0.1914244294166565,0.1404563933610916,-0.28897273540496826,-0.14063729345798492,0.14997857809066772,-0.3034447133541107,-0.08818580955266953,0.47946494817733765,-0.0967380553483963,-0.14024002850055695,0.281866192817688,-0.062377963215112686,-0.19976873695850372,0.19142493605613708,-0.0730208232998848,-0.1734647899866104,0.20058341324329376,-0.0926693007349968,-0.13338439166545868
G,G_session_001,164,0.0,0.0,0.0,-0.07218403369188309,-0.3142763376235962,-0.10350718349218369,-0.06300689280033112,-0.631584882736206,-0.1835682988166809,0.0044847046956419945,-0.844730794429779,-0.25835487246513367,0.09515602141618729,-1.0,-0.3189801275730133,0.351473867893219,-0.8262094855308533,-0.10703019052743912,0.45807600021362305,-0.8939874172210693,-0.22419311106204987,0.48141688108444214,-0.9378995299339294,-0.2906235158443451,0.47832953929901123,-0.9217304587364197,-0.3240678608417511,0.490446537733078,-0.6036665439605713,-0.10501749813556671,0.29708823561668396,-0.6135353446006775,-0.20384998619556427,0.1390497088432312,-0.5603545904159546,-0.20895597338676453,0.12831012904644012,-0.5112868547439575,-0.19192072749137878,0.5248919725418091,-0.3290041983127594,-0.12160369753837585,0.2811042368412018,-0.2959967851638794,-0.21022066473960876,0.1513763964176178,-0.3009212017059326,-0.16186834871768951,0.15365317463874817,-0.30018651485443115,-0.10992927849292755,0.5062709450721741,-0.04218142107129097,-0.15312592685222626,0.2947973608970642,-0.04747003689408302,-0.21624863147735596,0.19541679322719574,-0.08808275312185287,-0.18987557291984558,0.1889674812555313,-0.11700212955474854,-0.14796799421310425
G,G_session_001,165,0.0,0.0,0.0,-0.0802035853266716,-0.31383663415908813,-0.11732882261276245,-0.08339942246675491,-0.6483814120292664,-0.21596138179302216,-0.01604270003736019,-0.86788010597229,-0.30944889783859253,0.08566885441541672,-1.0,-0.3867810070514679,0.3579733967781067,-0.8258461356163025,-0.12571196258068085,0.48218321800231934,-0.8704844117164612,-0.2658340036869049,0.5007540583610535,-0.9203141927719116,-0.3411812484264374,0.4795821011066437,-0.9139847755432129,-0.37576401233673096,0.48868757486343384,-0.5974062085151672,-0.12172064930200577,0.2975241541862488,-0.6485293507575989,-0.244231715798378,0.12653042376041412,-0.5714839696884155,-0.24623605608940125,0.12239387631416321,-0.5131668448448181,-0.22041474282741547,0.5219663977622986,-0.3242839276790619,-0.13959379494190216,0.28558504581451416,-0.3214566707611084,-0.24439604580402374,0.14147213101387024,-0.31014564633369446,-0.18781039118766785,0.1428837776184082,-0.3012695014476776,-0.12618939578533173,0.5047675967216492,-0.03814857825636864,-0.1743127852678299,0.29636165499687195,-0.06042227894067764,-0.24429632723331451,0.18039001524448395,-0.09577811509370804,-0.21534495055675507,0.17240338027477264,-0.11858465522527695,-0.16931961476802826
G,G_session_001,166,0.0,0.0,0.0,-0.07245191186666489,-0.3085436224937439,-0.12747400999069214,-0.07238710671663284,-0.6561498641967773,-0.23020559549331665,0.006109409034252167,-0.8855541944503784,-0.33006107807159424,0.11894601583480835,-1.0,-0.41136544942855835,0.3874658942222595,-0.8344651460647583,-0.11628731340169907,0.5206977128982544,-0.874633252620697,-0.2631300687789917,0.5405731797218323,-0.9341132044792175,-0.3328903615474701,0.512669026851654,-0.9245397448539734,-0.358403742313385,0.5150891542434692,-0.5997197031974792,-0.1098412275314331,0.34138691425323486,-0.635879397392273,-0.23120062053203583,0.1480126827955246,-0.5825120806694031,-0.21911798417568207,0.14420157670974731,-0.5557860136032104,-0.17780701816082,0.546593964099884,-0.3126886188983917,-0.12971088290214539,0.3129412829875946,-0.28314080834388733,-0.24043822288513184,0.1585415005683899,-0.3054113984107971,-0.17814520001411438,0.167172372341156,-0.3313843607902527,-0.10735727846622467,0.5238553881645203,-0.017185019329190254,-0.16721968352794647,0.3161448836326599,-0.012179029174149036,-0.2410169392824173,0.2002556324005127,-0.06821092963218689,-0.20939157903194427,0.19480909407138824,-0.1055622547864914,-0.15763603150844574
G,G_session_001,167,0.0,0.0,0.0,-0.07668881118297577,-0.31563466787338257,-0.13531136512756348,-0.07800276577472687,-0.6710382699966431,-0.24944697320461273,0.0038950045127421618,-0.9145574569702148,-0.3587711751461029,0.1295904815196991,-1.0,-0.44883763790130615,0.4100806713104248,-0.8689089417457581,-0.1301615685224533,0.5492062568664551,-0.8855212926864624,-0.28808003664016724,0.5716922283172607,-0.9334500432014465,-0.3688190281391144,0.5392476320266724,-0.9235949516296387,-0.4017181992530823,0.5479681491851807,-0.6092358827590942,-0.12029382586479187,0.3619077801704407,-0.596461832523346,-0.24785518646240234,0.1489466428756714,-0.5730492472648621,-0.23509415984153748,0.13111917674541473,-0.5767154693603516,-0.1932491809129715,0.575042724609375,-0.2983691990375519,-0.1375924050807953,0.33602017164230347,-0.24266576766967773,-0.2526344060897827,0.17263919115066528,-0.29405665397644043,-0.18779286742210388,0.17829039692878723,-0.3443244397640228,-0.11619576811790466,0.5417630672454834,0.0162463691085577,-0.17265313863754272,0.32184019684791565,0.04400051385164261,-0.25096577405929565,0.21548764407634735,-0.015588538721203804,-0.2195667028427124,0.22953982651233673,-0.06658915430307388,-0.16782987117767334
G,G_session_001,168,0.0,0.0,0.0,-0.06508640944957733,-0.3098877966403961,-0.12775781750679016,-0.054296787828207016,-0.6503078937530518,-0.23224644362926483,0.023888688534498215,-0.872089147567749,-0.3317836821079254,0.13634562492370605,-1.0,-0.4133468270301819,0.4052255153656006,-0.8370720744132996,-0.1242440789937973,0.533268392086029,-0.8559313416481018,-0.2802145481109619,0.5639005303382874,-0.8998498916625977,-0.36520010232925415,0.5403332710266113,-0.8935235738754272,-0.4028652310371399,0.5346989631652832,-0.5910282731056213,-0.11797444522380829,0.3670560121536255,-0.5608785152435303,-0.24705633521080017,0.16473683714866638,-0.5362734794616699,-0.24338851869106293,0.1434563249349594,-0.5536357760429382,-0.2096448838710785,0.563505232334137,-0.29250985383987427,-0.1378239244222641,0.3367486000061035,-0.22583980858325958,-0.25446397066116333,0.18127302825450897,-0.27072471380233765,-0.19766388833522797,0.1878349483013153,-0.33633267879486084,-0.13323470950126648,0.5356690287590027,0.011910715140402317,-0.17456768453121185,0.3258500397205353,0.0442143939435482,-0.2563015818595886,0.21947801113128662,-0.002656040946021676,-0.22867850959300995,0.23241987824440002,-0.05880054458975792,-0.1813015192747116
G,G_session_001,169,0.0,0.0,0.0,-0.06195163354277611,-0.31421002745628357,-0.13959051668643951,-0.05197688937187195,-0.6614498496055603,-0.25604385137557983,0.028713850304484367,-0.9070798754692078,-0.36656299233436584,0.15583530068397522,-1.0,-0.4586557447910309,0.43496978282928467,-0.8743469715118408,-0.13072369992733002,0.5535853505134583,-0.8957307934761047,-0.292124480009079,0.5935620069503784,-0.9160159826278687,-0.380511075258255,0.5927162170410156,-0.874260663986206,-0.42196163535118103,0.5731257796287537,-0.6091976761817932,-0.12042979896068573,0.39426732063293457,-0.6015487909317017,-0.24823740124702454,0.18047183752059937,-0.5636502504348755,-0.23644497990608215,0.17056655883789062,-0.5577347278594971,-0.19674170017242432,0.6010754108428955,-0.29149889945983887,-0.13799989223480225,0.3576991558074951,-0.22775349020957947,-0.2507089078426361,0.19114692509174347,-0.27302172780036926,-0.179101824760437,0.20170894265174866,-0.31781139969825745,-0.10553345084190369,0.5649823546409607,0.035543330013751984,-0.17501412332057953,0.3377678096294403,0.06842425465583801,-0.25181397795677185,0.22704236209392548,0.020041830837726593,-0.2163190245628357,0.2435423731803894,-0.020333530381321907,-0.16369667649269104
G,G_session_001,170,0.0,0.0,0.0,-0.06166064366698265,-0.31213298439979553,-0.14057926833629608,-0.04859768971800804,-0.6591048240661621,-0.2553779184818268,0.03265717998147011,-0.8994001746177673,-0.36216574907302856,0.1612463891506195,-1.0,-0.4522659182548523,0.42652928829193115,-0.8615565896034241,-0.1334211379289627,0.5302785038948059,-0.8650166988372803,-0.28681454062461853,0.5750493407249451,-0.890792965888977,-0.37511253356933594,0.5816534161567688,-0.8578564524650574,-0.4200497269630432,0.5583866238594055,-0.5999654531478882,-0.12124371528625488,0.39089420437812805,-0.5679192543029785,-0.2430320680141449,0.17965085804462433,-0.5502252578735352,-0.23381176590919495,0.1611451804637909,-0.5586446523666382,-0.19883641600608826,0.5850901007652283,-0.28591132164001465,-0.13580107688903809,0.3592072129249573,-0.21083225309848785,-0.24267485737800598,0.19621531665325165,-0.26544055342674255,-0.17560669779777527,0.20137658715248108,-0.3193647265434265,-0.1083393469452858,0.5488097071647644,0.031203554943203926,-0.1695214807987213,0.33590155839920044,0.07201331853866577,-0.24498675763607025,0.22868095338344574,0.03245937451720238,-0.2125341296195984,0.2459341585636139,0.0009597426396794617,-0.16442789137363434
G,G_session_001,171,0.0,0.0,0.0,-0.056729093194007874,-0.31815260648727417,-0.14647017419338226,-0.039832212030887604,-0.6621413230895996,-0.2657269835472107,0.05292794853448868,-0.8909183144569397,-0.37650439143180847,0.18310771882534027,-1.0,-0.4696597456932068,0.4639687240123749,-0.8514436483383179,-0.13716702163219452,0.5787625312805176,-0.8572469353675842,-0.29038485884666443,0.6217718720436096,-0.8884749412536621,-0.3733355700969696,0.6225342750549316,-0.8483593463897705,-0.4130494296550751,0.5966868996620178,-0.5644604563713074,-0.12357015162706375,0.42290806770324707,-0.5601121783256531,-0.24509045481681824,0.20180277526378632,-0.545554518699646,-0.23294928669929504,0.1867700070142746,-0.5403843522071838,-0.19541282951831818,0.6204180717468262,-0.23661929368972778,-0.13727959990501404,0.3854246735572815,-0.1871054321527481,-0.2468511164188385,0.2131519764661789,-0.2510462999343872,-0.17706350982189178,0.21778841316699982,-0.2954637408256531,-0.106483593583107,0.5800885558128357,0.09322922676801682,-0.1706269085407257,0.36524519324302673,0.11330761760473251,-0.24516381323337555,0.24723559617996216,0.04977421090006828,-0.20924349129199982,0.25406986474990845,0.009048988111317158,-0.15811607241630554
G,G_session_001,172,0.0,0.0,0.0,-0.05919555947184563,-0.3150312006473541,-0.14871525764465332,-0.03694353252649307,-0.6442274451255798,-0.2637099623680115,0.05451483651995659,-0.8632261157035828,-0.3683221638202667,0.1676628142595291,-1.0,-0.4534386098384857,0.44918227195739746,-0.8180773258209229,-0.1474432796239853,0.5700219869613647,-0.8218571543693542,-0.29074692726135254,0.6036260724067688,-0.8439642190933228,-0.35938310623168945,0.5943762063980103,-0.8177434802055359,-0.3872687518596649,0.5788669586181641,-0.5447831749916077,-0.1300242394208908,0.3981464207172394,-0.5439783930778503,-0.24620048701763153,0.1993439793586731,-0.5344732403755188,-0.23360073566436768,0.18845781683921814,-0.5350974798202515,-0.19531667232513428,0.597918689250946,-0.23044851422309875,-0.13774646818637848,0.35610726475715637,-0.2076766937971115,-0.24354159832000732,0.1992817223072052,-0.2668187618255615,-0.18026986718177795,0.20582729578018188,-0.3066299855709076,-0.11290644854307175,0.5563349723815918,0.07995504140853882,-0.1646067500114441,0.3400920033454895,0.06291690468788147,-0.2376638799905777,0.2244870960712433,-0.024341681972146034,-0.20627017319202423,0.21959660947322845,-0.08281896263360977,-0.1564292013645172
G,G_session_001,173,0.0,0.0,0.0,-0.058372050523757935,-0.3226781189441681,-0.1421516388654709,-0.038116101175546646,-0.6515246033668518,-0.252384215593338,0.05292689427733421,-0.8681823015213013,-0.3535301983356476,0.16170616447925568,-1.0,-0.4355565905570984,0.43703171610832214,-0.8233441114425659,-0.14114248752593994,0.5432473421096802,-0.8342812657356262,-0.28146979212760925,0.5869434475898743,-0.834129273891449,-0.34876832365989685,0.5919224619865417,-0.7956277132034302,-0.37597835063934326,0.5595921874046326,-0.5649077296257019,-0.12533627450466156,0.38619667291641235,-0.5423802733421326,-0.23974932730197906,0.19803641736507416,-0.5293756723403931,-0.22746026515960693,0.189552903175354,-0.5511106848716736,-0.18984045088291168,0.58054119348526,-0.2577522397041321,-0.13373304903507233,0.3494972586631775,-0.2159707248210907,-0.2381495088338852,0.19845201075077057,-0.27141156792640686,-0.17498135566711426,0.20447207987308502,-0.33208775520324707,-0.10782013088464737,0.5413265824317932,0.04866171255707741,-0.1604275107383728,0.33511796593666077,0.048183366656303406,-0.22990575432777405,0.22468362748622894,-0.02369564212858677,-0.1955067664384842,0.22325795888900757,-0.08036944270133972,-0.14402922987937927
G,G_session_001,174,0.0,0.0,0.0,-0.061605460941791534,-0.3129221498966217,-0.14149944484233856,-0.0416703037917614,-0.6445437669754028,-0.25203606486320496,0.05392355099320412,-0.8664222955703735,-0.35407552123069763,0.1714552640914917,-1.0,-0.43873536586761475,0.447925865650177,-0.8154074549674988,-0.12679772078990936,0.5642111301422119,-0.8229941725730896,-0.2666095793247223,0.6072594523429871,-0.83719801902771,-0.33920902013778687,0.5968740582466125,-0.7949990034103394,-0.3704014718532562,0.5706602334976196,-0.5442172288894653,-0.11300252377986908,0.4189605712890625,-0.5390439629554749,-0.2287684977054596,0.20567035675048828,-0.5336725115776062,-0.2187892347574234,0.1732238084077835,-0.5463808178901672,-0.181386336684227,0.5900331735610962,-0.23352158069610596,-0.12498708814382553,0.36965304613113403,-0.18967193365097046,-0.2334478348493576,0.19802816212177277,-0.2565913200378418,-0.17605505883693695,0.1897505223751068,-0.3190212547779083,-0.11159638315439224,0.5485556721687317,0.07604839652776718,-0.15461279451847076,0.3487614095211029,0.07736063748598099,-0.22430868446826935,0.2228817492723465,-0.0003139948530588299,-0.19044142961502075,0.21043944358825684,-0.06287343800067902,-0.1405746042728424
G,G_session_001,175,0.0,0.0,0.0,-0.053441569209098816,-0.31533023715019226,-0.1465984731912613,-0.028654493391513824,-0.6496297717094421,-0.2575101852416992,0.06782723218202591,-0.8635450005531311,-0.3569319546222687,0.18173392117023468,-1.0,-0.43866315484046936,0.4440203905105591,-0.8191283345222473,-0.14516550302505493,0.5636774301528931,-0.8025619387626648,-0.2900555729866028,0.617309033870697,-0.8148956298828125,-0.366709440946579,0.619827926158905,-0.8069686889648438,-0.402385413646698,0.5694372057914734,-0.5531085729598999,-0.13096241652965546,0.42020007967948914,-0.5250982642173767,-0.2600552439689636,0.2137025147676468,-0.5114798545837402,-0.2568347156047821,0.1711852252483368,-0.5377158522605896,-0.2232120782136917,0.592739999294281,-0.24618081748485565,-0.1417481154203415,0.36490482091903687,-0.18313263356685638,-0.26227813959121704,0.20250055193901062,-0.23098431527614594,-0.21026943624019623,0.19121918082237244,-0.3034581243991852,-0.14795833826065063,0.5556789040565491,0.06501954048871994,-0.16997630894184113,0.34583720564842224,0.07925134897232056,-0.25154969096183777,0.2198321372270584,0.011512973345816135,-0.22231736779212952,0.20210027694702148,-0.06477148085832596,-0.1743868589401245
G,G_session_001,176,0.0,0.0,0.0,-0.05514072626829147,-0.3257891833782196,-0.1385781317949295,-0.03130446746945381,-0.6513668298721313,-0.24371907114982605,0.06820153445005417,-0.8754401803016663,-0.337654173374176,0.18162624537944794,-1.0,-0.41336894035339355,0.4585219919681549,-0.821828305721283,-0.1261845827102661,0.5843144059181213,-0.8119645714759827,-0.25410881638526917,0.629129946231842,-0.8273107409477234,-0.3206554055213928,0.6049740314483643,-0.7833372950553894,-0.34991851449012756,0.5796051621437073,-0.5340607166290283,-0.11137603968381882,0.44010600447654724,-0.5329486727714539,-0.22115494310855865,0.23143848776817322,-0.5368964672088623,-0.212919682264328,0.1772049069404602,-0.5495191216468811,-0.17878645658493042,0.5956302285194397,-0.2183910310268402,-0.12017315626144409,0.38130003213882446,-0.19217219948768616,-0.22224603593349457,0.217704638838768,-0.26392173767089844,-0.16662190854549408,0.1918191909790039,-0.32057586312294006,-0.10578875988721848,0.5501567125320435,0.1026792973279953,-0.14626877009868622,0.34718695282936096,0.08822941780090332,-0.21520298719406128,0.2229095995426178,-0.00018234476738143712,-0.1836477518081665,0.19830724596977234,-0.07436203211545944,-0.13617686927318573
G,G_session_001,177,0.0,0.0,0.0,-0.0492502897977829,-0.31485259532928467,-0.15118615329265594,-0.019200602546334267,-0.6323938369750977,-0.2636154294013977,0.08429428189992905,-0.8597159385681152,-0.36267316341400146,0.19840623438358307,-1.0,-0.4394782483577728,0.46667051315307617,-0.8074181079864502,-0.15187880396842957,0.6021647453308105,-0.8104439377784729,-0.2895134389400482,0.6331299543380737,-0.8106939196586609,-0.3470028340816498,0.6069061160087585,-0.7551690340042114,-0.36453354358673096,0.5951694250106812,-0.5156165957450867,-0.1284898817539215,0.43366003036499023,-0.5124049782752991,-0.24112346768379211,0.22846175730228424,-0.5174623131752014,-0.21960139274597168,0.2006375640630722,-0.5331162810325623,-0.17284120619297028,0.6086224913597107,-0.19860444962978363,-0.12967221438884735,0.37474414706230164,-0.17251665890216827,-0.2398873269557953,0.216019406914711,-0.24763691425323486,-0.17375117540359497,0.2135460376739502,-0.29939478635787964,-0.10133285820484161,0.5618577003479004,0.11820653825998306,-0.14841017127037048,0.3433031439781189,0.0998985543847084,-0.22368039190769196,0.2260497361421585,0.00846085138618946,-0.18807949125766754,0.21505627036094666,-0.0595531240105629,-0.13273347914218903
G,G_session_001,178,0.0,0.0,0.0,-0.04449118673801422,-0.3208235800266266,-0.16054318845272064,-0.015760120004415512,-0.645621120929718,-0.278318852186203,0.08808839321136475,-0.8765674829483032,-0.3817184269428253,0.2113627940416336,-1.0,-0.4611826539039612,0.4829815626144409,-0.8235960006713867,-0.15125009417533875,0.6265847682952881,-0.8293693661689758,-0.2934741675853729,0.6571215987205505,-0.8344542980194092,-0.35391440987586975,0.6093880534172058,-0.7795520424842834,-0.37319162487983704,0.6102002263069153,-0.5199148654937744,-0.12603013217449188,0.46611934900283813,-0.5152766704559326,-0.24565820395946503,0.24641487002372742,-0.5231105089187622,-0.22337067127227783,0.20156803727149963,-0.5525757670402527,-0.1738143265247345,0.6241495013237,-0.19944903254508972,-0.1278151571750641,0.3921230733394623,-0.1591140627861023,-0.2400110512971878,0.22951915860176086,-0.23382414877414703,-0.1690552681684494,0.2218349277973175,-0.29761365056037903,-0.09377365559339523,0.5742283463478088,0.12293021380901337,-0.14901244640350342,0.3475784957408905,0.12143346667289734,-0.22447916865348816,0.22789694368839264,0.041988130658864975,-0.1871897578239441,0.22366993129253387,-0.03143291920423508,-0.1315511018037796
G,G_session_001,179,0.0,0.0,0.0,-0.03506915271282196,-0.3199451267719269,-0.17436423897743225,4.790986713487655e-05,-0.6383222937583923,-0.3008333742618561,0.10843222588300705,-0.8726416230201721,-0.41082271933555603,0.23405756056308746,-1.0,-0.49601009488105774,0.5171778798103333,-0.826826274394989,-0.1655186414718628,0.659619152545929,-0.8318420052528381,-0.3166515529155731,0.6898001432418823,-0.8472102284431458,-0.38241082429885864,0.6392443776130676,-0.7896808981895447,-0.40425950288772583,0.6456303000450134,-0.5090645551681519,-0.13598057627677917,0.4953453242778778,-0.5173978209495544,-0.26004040241241455,0.2699372470378876,-0.5315808653831482,-0.23818205296993256,0.2305997759103775,-0.5557988882064819,-0.18889546394348145,0.6573272943496704,-0.1780269742012024,-0.13512453436851501,0.42050445079803467,-0.15431898832321167,-0.25279027223587036,0.253792941570282,-0.23188157379627228,-0.17902244627475739,0.2476164847612381,-0.28351011872291565,-0.10091415047645569,0.603806734085083,0.1519557237625122,-0.1553620547056198,0.3753829598426819,0.1360313594341278,-0.23532895743846893,0.25552988052368164,0.05102923512458801,-0.19758176803588867,0.25026240944862366,-0.017693113535642624,-0.14041200280189514
G,G_session_001,180,0.0,0.0,0.0,-0.0320005938410759,-0.32801735401153564,-0.1661985218524933,-0.005220567341893911,-0.6436717510223389,-0.2850610017776489,0.09581801295280457,-0.8759306073188782,-0.38630411028862,0.21849262714385986,-1.0,-0.4647086262702942,0.4946211874485016,-0.8433638215065002,-0.15774226188659668,0.6243497133255005,-0.834423840045929,-0.2883872985839844,0.6645097732543945,-0.844484269618988,-0.3468194305896759,0.6311998963356018,-0.7915197610855103,-0.3706938326358795,0.6201704740524292,-0.5268080830574036,-0.12834908068180084,0.48134326934814453,-0.5223280787467957,-0.24013781547546387,0.2645801901817322,-0.5360348224639893,-0.22154739499092102,0.2139875292778015,-0.5570651292800903,-0.1796630173921585,0.635761559009552,-0.20114347338676453,-0.12454747408628464,0.4079911708831787,-0.16681356728076935,-0.22751764953136444,0.24677591025829315,-0.2353934347629547,-0.1582774817943573,0.22927363216876984,-0.2823062241077423,-0.0895051434636116,0.5882200598716736,0.12943501770496368,-0.14130380749702454,0.3682977557182312,0.11819291114807129,-0.21182134747505188,0.2488202303647995,0.044755738228559494,-0.1770176887512207,0.23772062361240387,-0.015622992999851704,-0.12730267643928528
G,G_session_001,181,0.0,0.0,0.0,-0.03801281005144119,-0.3165043294429779,-0.16141541302204132,-0.005539356730878353,-0.6454315781593323,-0.2774812877178192,0.09940612316131592,-0.8717412948608398,-0.38079655170440674,0.21682661771774292,-1.0,-0.46304357051849365,0.49325796961784363,-0.8028762340545654,-0.15070877969264984,0.6171108484268188,-0.821082353591919,-0.2895256578922272,0.6330990791320801,-0.8334669470787048,-0.34852614998817444,0.6085295677185059,-0.7952998280525208,-0.36941108107566833,0.6169573664665222,-0.506571352481842,-0.1265663057565689,0.4625982940196991,-0.5289865136146545,-0.24059027433395386,0.24237239360809326,-0.5424108505249023,-0.22552745044231415,0.22194300591945648,-0.5564789175987244,-0.18473359942436218,0.6333227753639221,-0.18230517208576202,-0.12879641354084015,0.4004032015800476,-0.17034688591957092,-0.23760506510734558,0.2243328094482422,-0.2476203888654709,-0.17618151009082794,0.22244584560394287,-0.29658326506614685,-0.10902821272611618,0.5878958106040955,0.13564591109752655,-0.15049844980239868,0.3760682940483093,0.11109994351863861,-0.22163069248199463,0.24828679859638214,0.0220863725990057,-0.18825297057628632,0.23879148066043854,-0.03429271653294563,-0.13774602115154266
G,G_session_001,182,0.0,0.0,0.0,-0.03825368732213974,-0.3185693323612213,-0.151236891746521,-0.004204127937555313,-0.6483955383300781,-0.2635892629623413,0.10109920799732208,-0.8610169291496277,-0.36538946628570557,0.22029665112495422,-1.0,-0.44622740149497986,0.4787585735321045,-0.8030155897140503,-0.14326389133930206,0.6089076995849609,-0.8070370554924011,-0.29308754205703735,0.6459830403327942,-0.8043423295021057,-0.36438336968421936,0.6265714168548584,-0.7608333826065063,-0.3921271562576294,0.6039576530456543,-0.5110098123550415,-0.1256299465894699,0.4500635266304016,-0.5107213258743286,-0.2504480183124542,0.2421782910823822,-0.5185904502868652,-0.24021629989147186,0.2211092859506607,-0.5459796190261841,-0.20071867108345032,0.6205852627754211,-0.1866573691368103,-0.13477657735347748,0.3810788094997406,-0.1495703160762787,-0.24924114346504211,0.22229425609111786,-0.22300100326538086,-0.18684808909893036,0.23147721588611603,-0.2923130393028259,-0.11821522563695908,0.5756791234016418,0.13409805297851562,-0.1630861908197403,0.34986409544944763,0.1260971575975418,-0.24116197228431702,0.2321264147758484,0.04441165179014206,-0.2096419334411621,0.2360028177499771,-0.024343332275748253,-0.15901584923267365
G,G_session_001,183,0.0,0.0,0.0,-0.04317847639322281,-0.32143673300743103,-0.1498417854309082,-0.013457355089485645,-0.6510862112045288,-0.2606162428855896,0.08965372294187546,-0.8676766753196716,-0.36138206720352173,0.20665821433067322,-1.0,-0.44178417325019836,0.46707549691200256,-0.8126518130302429,-0.1377689093351364,0.5797634124755859,-0.8379559516906738,-0.28172972798347473,0.6114385724067688,-0.8319461941719055,-0.35019806027412415,0.6103097796440125,-0.7796729803085327,-0.377849280834198,0.5931434035301208,-0.5280340909957886,-0.1187887191772461,0.4377344846725464,-0.5259191989898682,-0.23496344685554504,0.22979895770549774,-0.5294397473335266,-0.22251270711421967,0.220743328332901,-0.5481137633323669,-0.1832086443901062,0.6106199026107788,-0.20892201364040375,-0.12609213590621948,0.3761053681373596,-0.17484770715236664,-0.23762954771518707,0.21042805910110474,-0.2493545562028885,-0.17920634150505066,0.21915870904922485,-0.3045974671840668,-0.11286807060241699,0.5677071809768677,0.10675545781850815,-0.15186242759227753,0.35185638070106506,0.09800959378480911,-0.22520233690738678,0.23097507655620575,0.0021449164487421513,-0.1948387175798416,0.2278938740491867,-0.06812968850135803,-0.14602182805538177
G,G_session_001,184,0.0,0.0,0.0,-0.04152793437242508,-0.3362457752227783,-0.12586861848831177,-0.004736107308417559,-0.6697008013725281,-0.22114695608615875,0.10115727037191391,-0.8643438220024109,-0.31004419922828674,0.2061091810464859,-1.0,-0.3843041658401489,0.46127602458000183,-0.8136025071144104,-0.10526864975690842,0.5517951846122742,-0.8469254374504089,-0.2231227159500122,0.6022800207138062,-0.8700218200683594,-0.28553348779678345,0.6248388290405273,-0.8374224305152893,-0.317983478307724,0.5788267254829407,-0.5391250252723694,-0.09912997484207153,0.4329740107059479,-0.5554901361465454,-0.19732576608657837,0.23099450767040253,-0.5507658123970032,-0.18804192543029785,0.21231906116008759,-0.5461305379867554,-0.1562950611114502,0.5962212681770325,-0.22517919540405273,-0.11596551537513733,0.37571457028388977,-0.20292381942272186,-0.20881487429141998,0.21522773802280426,-0.2663356363773346,-0.15335668623447418,0.21907341480255127,-0.3109954595565796,-0.09535977244377136,0.5527091026306152,0.0811854898929596,-0.15005448460578918,0.34883853793144226,0.06906508654356003,-0.21254250407218933,0.23416365683078766,-0.003774787997826934,-0.18218949437141418,0.23578530550003052,-0.05253753066062927,-0.13889339566230774
G,G_session_001,185,0.0,0.0,0.0,-0.045941323041915894,-0.3236066699028015,-0.12377423793077469,-0.017460420727729797,-0.6529735922813416,-0.2224820852279663,0.07689858973026276,-0.8691039681434631,-0.3163086473941803,0.17924633622169495,-1.0,-0.394880473613739,0.41968876123428345,-0.8166301250457764,-0.10873117297887802,0.48231592774391174,-0.8774594664573669,-0.23926645517349243,0.5272316932678223,-0.8960453867912292,-0.30372679233551025,0.5733794569969177,-0.8647341132164001,-0.33461272716522217,0.5426955819129944,-0.573272168636322,-0.10271463543176651,0.3692129850387573,-0.5905117988586426,-0.20868419110774994,0.1928299367427826,-0.560836136341095,-0.19659405946731567,0.21369390189647675,-0.5673167109489441,-0.1596633493900299,0.5658259987831116,-0.27461153268814087,-0.12029464542865753,0.3349892795085907,-0.25630640983581543,-0.22169151902198792,0.19268469512462616,-0.2830669581890106,-0.16354748606681824,0.21905367076396942,-0.3143201172351837,-0.09973596036434174,0.5320399403572083,0.01706615462899208,-0.15459787845611572,0.3128933310508728,0.008461621589958668,-0.22405418753623962,0.21160057187080383,-0.03951764851808548,-0.197342649102211,0.22862721979618073,-0.07212633639574051,-0.1533997654914856
G,G_session_001,186,0.0,0.0,0.0,-0.03845871984958649,-0.314542293548584,-0.14241324365139008,-0.01214747503399849,-0.6302570700645447,-0.25729769468307495,0.0788317397236824,-0.8664047718048096,-0.3598376512527466,0.1887795478105545,-1.0,-0.44500747323036194,0.47624051570892334,-0.902122974395752,-0.1365961879491806,0.5680168271064758,-0.9004032015800476,-0.2772314250469208,0.6130579710006714,-0.9367907643318176,-0.3514387011528015,0.6183603405952454,-0.8907986879348755,-0.38797181844711304,0.6127785444259644,-0.5723477005958557,-0.12156963348388672,0.4627988338470459,-0.6019046902656555,-0.21891982853412628,0.2483881413936615,-0.5660146474838257,-0.18687833845615387,0.2278459370136261,-0.5401538014411926,-0.13669688999652863,0.630415678024292,-0.22509855031967163,-0.13249488174915314,0.3939110040664673,-0.2198788970708847,-0.22404494881629944,0.23285731673240662,-0.2740917205810547,-0.13497355580329895,0.23703646659851074,-0.2926334738731384,-0.05197904631495476,0.5774751901626587,0.11300460249185562,-0.16317103803157806,0.3555654287338257,0.08618853241205215,-0.227299764752388,0.24223212897777557,0.020766329020261765,-0.17982076108455658,0.24247168004512787,-0.016229774802923203,-0.12018265575170517
G,G_session_001,187,0.0,0.0,0.0,-0.04856143519282341,-0.3153384327888489,-0.13521617650985718,-0.02959643118083477,-0.6389469504356384,-0.2387077510356903,0.05686306953430176,-0.8547413945198059,-0.3349249064922333,0.1378091722726822,-1.0,-0.41399529576301575,0.42813920974731445,-0.8569361567497253,-0.12334462255239487,0.5197899341583252,-0.9055012464523315,-0.24981409311294556,0.5462609529495239,-0.9184297323226929,-0.30709344148635864,0.5443382263183594,-0.8881533145904541,-0.3318861126899719,0.5519643425941467,-0.5974739789962769,-0.11500680446624756,0.38803261518478394,-0.5957558155059814,-0.21940915286540985,0.1924685686826706,-0.5605627298355103,-0.20905442535877228,0.1872895061969757,-0.5737976431846619,-0.17444659769535065,0.5767835378646851,-0.28140220046043396,-0.1300377994775772,0.34081175923347473,-0.2347436547279358,-0.22634443640708923,0.18677203357219696,-0.2689535915851593,-0.16726922988891602,0.1961914747953415,-0.31670525670051575,-0.10557392984628677,0.538989782333374,0.027241572737693787,-0.1634305864572525,0.31605762243270874,0.032841891050338745,-0.23034609854221344,0.20303896069526672,-0.011450476013123989,-0.1995566338300705,0.2101302146911621,-0.05130115523934364,-0.15317009389400482
G,G_session_001,188,0.0,0.0,0.0,-0.04656883701682091,-0.3216036856174469,-0.14022809267044067,-0.028804736211895943,-0.6418793201446533,-0.24623551964759827,0.05402565747499466,-0.8629369139671326,-0.3424982726573944,0.1453244537115097,-1.0,-0.4217342734336853,0.4373883903026581,-0.8646765351295471,-0.1300419121980667,0.512741208076477,-0.9103912115097046,-0.2580837309360504,0.5462548136711121,-0.9273292422294617,-0.3210068643093109,0.5558763146400452,-0.8857080340385437,-0.35146287083625793,0.5623329877853394,-0.5913727879524231,-0.11930273473262787,0.40960457921028137,-0.5937038660049438,-0.22524099051952362,0.20922501385211945,-0.5628418326377869,-0.2131991982460022,0.19650126993656158,-0.5730665326118469,-0.17726561427116394,0.5883169770240784,-0.2735303044319153,-0.13225269317626953,0.3647615611553192,-0.2348937690258026,-0.22801527380943298,0.20636235177516937,-0.27684566378593445,-0.16250717639923096,0.20839323103427887,-0.31840747594833374,-0.09635195136070251,0.5505858063697815,0.043460506945848465,-0.16452695429325104,0.3367190659046173,0.05095190182328224,-0.23319077491760254,0.2219361513853073,-0.0023700923193246126,-0.20008118450641632,0.22329100966453552,-0.04153864458203316,-0.15137922763824463
G,G_session_001,189,0.0,0.0,0.0,-0.05273892357945442,-0.3217553496360779,-0.13305580615997314,-0.03896980732679367,-0.6534827947616577,-0.2362414300441742,0.04494236409664154,-0.86659175157547,-0.33138933777809143,0.1282898336648941,-1.0,-0.41134512424468994,0.4189632833003998,-0.8854301571846008,-0.12442709505558014,0.5111977458000183,-0.9100900888442993,-0.24633799493312836,0.5413365960121155,-0.9204413890838623,-0.3088386058807373,0.5417080521583557,-0.883547306060791,-0.3397654592990875,0.5482298731803894,-0.6150346994400024,-0.11663356423377991,0.3880120813846588,-0.5905277729034424,-0.21688489615917206,0.19603079557418823,-0.5668750405311584,-0.21311941742897034,0.18119846284389496,-0.5819619297981262,-0.1860649585723877,0.5767850279808044,-0.29296794533729553,-0.13075311481952667,0.34589847922325134,-0.23567694425582886,-0.21948647499084473,0.19535201787948608,-0.2762945592403412,-0.165138840675354,0.19879217445850372,-0.3262972831726074,-0.10970735549926758,0.5430408120155334,0.023178983479738235,-0.16311372816562653,0.32873591780662537,0.03899132460355759,-0.22559985518455505,0.2182525098323822,-0.008736368268728256,-0.19600746035575867,0.2211843878030777,-0.053943827748298645,-0.1524992734193802
G,G_session_001,190,0.0,0.0,0.0,-0.06197220832109451,-0.34216174483299255,-0.13584107160568237,-0.057663194835186005,-0.6776106953620911,-0.243050679564476,0.02649661712348461,-0.8767734169960022,-0.34277161955833435,0.1182689219713211,-1.0,-0.4266512095928192,0.40270358324050903,-0.9230669140815735,-0.1279999166727066,0.48015591502189636,-0.9607797861099243,-0.260550320148468,0.524183988571167,-0.9693363904953003,-0.32983309030532837,0.5471696257591248,-0.9408087730407715,-0.3643781840801239,0.5366532802581787,-0.6656705141067505,-0.1200859546661377,0.36649346351623535,-0.6167502403259277,-0.22717569768428802,0.17952492833137512,-0.5850082635879517,-0.22032399475574493,0.1767435371875763,-0.6255908608436584,-0.1893380880355835,0.5734432339668274,-0.3500196039676666,-0.1357044130563736,0.3317267596721649,-0.2591494917869568,-0.22847948968410492,0.18323534727096558,-0.2980559170246124,-0.1669284850358963,0.1944524496793747,-0.3713677227497101,-0.10511571913957596,0.5465498566627502,-0.03395529091358185,-0.17062534391880035,0.32279255986213684,0.007235265802592039,-0.23618091642856598,0.21471567451953888,-0.032520443201065063,-0.2040485143661499,0.22609025239944458,-0.08516412228345871,-0.156836599111557
G,G_session_001,191,0.0,0.0,0.0,-0.06346365064382553,-0.33768370747566223,-0.13991016149520874,-0.051056429743766785,-0.6895467638969421,-0.25332003831863403,0.03870607540011406,-0.9042006134986877,-0.3588327169418335,0.14134225249290466,-1.0,-0.4473028779029846,0.42958518862724304,-0.9427083134651184,-0.13538585603237152,0.5071020722389221,-0.9944390058517456,-0.28423377871513367,0.5505115389823914,-0.990524411201477,-0.36485207080841064,0.584315836429596,-0.9388514757156372,-0.40570124983787537,0.5721010565757751,-0.6643099188804626,-0.13015952706336975,0.3849516808986664,-0.6378378868103027,-0.2519572675228119,0.18851318955421448,-0.5839618444442749,-0.24598322808742523,0.19854286313056946,-0.5975319743156433,-0.21287833154201508,0.6074530482292175,-0.32915428280830383,-0.1501138061285019,0.3494577407836914,-0.26979970932006836,-0.25420334935188293,0.19348548352718353,-0.2947479784488678,-0.1839672178030014,0.21238063275814056,-0.3374767601490021,-0.11369198560714722,0.5789207220077515,0.009113876149058342,-0.19028539955615997,0.34036436676979065,0.019304297864437103,-0.2608606219291687,0.22793497145175934,-0.02107388712465763,-0.2225918471813202,0.2425859123468399,-0.059691887348890305,-0.16923560202121735
G,G_session_001,192,0.0,0.0,0.0,-0.06663738191127777,-0.32280415296554565,-0.15016648173332214,-0.056339386850595474,-0.6806965470314026,-0.2682991921901703,0.03552443906664848,-0.9096662402153015,-0.3757146894931793,0.1490248590707779,-1.0,-0.4670003056526184,0.43204426765441895,-0.957682192325592,-0.15168750286102295,0.5301774740219116,-0.9838788509368896,-0.3062402009963989,0.5743832588195801,-0.9901700615882874,-0.39381980895996094,0.5941261649131775,-0.9381547570228577,-0.43926385045051575,0.5820874571800232,-0.6703356504440308,-0.14113597571849823,0.4258776307106018,-0.6328038573265076,-0.2643613815307617,0.21232455968856812,-0.5860964059829712,-0.2596239447593689,0.19368475675582886,-0.5850571393966675,-0.2271663397550583,0.6187577843666077,-0.32150089740753174,-0.15586252510547638,0.3758622407913208,-0.2470693141222,-0.266915500164032,0.19969844818115234,-0.29459095001220703,-0.20129099488258362,0.1986158937215805,-0.3482373058795929,-0.13268710672855377,0.587361216545105,0.0288940891623497,-0.19048753380775452,0.3582359254360199,0.04729832336306572,-0.2686089873313904,0.22854925692081451,-0.02100113034248352,-0.23271390795707703,0.22322741150856018,-0.08220172673463821,-0.18043850362300873
G,G_session_001,193,0.0,0.0,0.0,-0.0682353675365448,-0.3300875127315521,-0.14464688301086426,-0.061404645442962646,-0.6729286909103394,-0.2555423676967621,0.026886332780122757,-0.887688934803009,-0.35398659110069275,0.1277279406785965,-1.0,-0.4359017014503479,0.4045524597167969,-0.9652490019798279,-0.14112743735313416,0.4917355477809906,-0.9755671620368958,-0.2836809456348419,0.5432247519493103,-0.9829497337341309,-0.36708348989486694,0.569207489490509,-0.9398394227027893,-0.411965936422348,0.546954870223999,-0.6901481747627258,-0.1288759708404541,0.4126092791557312,-0.6202442646026611,-0.24217131733894348,0.20826120674610138,-0.5745773315429688,-0.2387649565935135,0.18746449053287506,-0.592215359210968,-0.21020261943340302,0.5871784687042236,-0.3580959439277649,-0.14055557548999786,0.37282267212867737,-0.251066118478775,-0.24344828724861145,0.20279069244861603,-0.2950453460216522,-0.18308228254318237,0.19839338958263397,-0.3625742793083191,-0.12077539414167404,0.5639182925224304,-0.021491019055247307,-0.1712164729833603,0.35545989871025085,0.0303353238850832,-0.24326546490192413,0.22751012444496155,-0.027743985876441002,-0.2098560482263565,0.21988818049430847,-0.09728818386793137,-0.1621239185333252
G,G_session_001,194,0.0,0.0,0.0,-0.06452377140522003,-0.3269830048084259,-0.1420612335205078,-0.052454445511102676,-0.6779047250747681,-0.2509273588657379,0.03739014267921448,-0.8991848826408386,-0.34905731678009033,0.15565112233161926,-0.9468229413032532,-0.43067362904548645,0.4170304834842682,-0.9617397785186768,-0.13799302279949188,0.4971640706062317,-1.0,-0.2842752933502197,0.5442871451377869,-0.9992102980613708,-0.3719726800918579,0.5883163809776306,-0.943076491355896,-0.42127376794815063,0.569678008556366,-0.6763550043106079,-0.12667351961135864,0.4113349914550781,-0.6101568937301636,-0.23984453082084656,0.21149002015590668,-0.5702764391899109,-0.23616346716880798,0.21349498629570007,-0.5939705967903137,-0.20873183012008667,0.6101242303848267,-0.32943934202194214,-0.1398167908191681,0.37712985277175903,-0.23297888040542603,-0.24386417865753174,0.2104819416999817,-0.2803749144077301,-0.18169759213924408,0.22005367279052734,-0.33603712916374207,-0.11784017831087112,0.586105465888977,0.016658298671245575,-0.17199435830116272,0.36686643958091736,0.06036553531885147,-0.2458936721086502,0.24410118162631989,-0.008702930063009262,-0.21382659673690796,0.24373964965343475,-0.07087181508541107,-0.16605249047279358
G,G_session_001,195,0.0,0.0,0.0,-0.07251189649105072,-0.31567785143852234,-0.14326806366443634,-0.06757569313049316,-0.6723582744598389,-0.25647208094596863,0.018642039969563484,-0.8993931412696838,-0.35859325528144836,0.13314306735992432,-0.9917957782745361,-0.44425323605537415,0.39091360569000244,-0.9655241966247559,-0.14105814695358276,0.48491907119750977,-0.9922249913215637,-0.29380011558532715,0.5433273315429688,-1.0,-0.38686081767082214,0.5757192969322205,-0.9518107175827026,-0.43705543875694275,0.5441997647285461,-0.6994166374206543,-0.1291036307811737,0.40221115946769714,-0.6122394800186157,-0.25039970874786377,0.20335015654563904,-0.5622679591178894,-0.24902629852294922,0.1847899705171585,-0.5891061425209045,-0.22010602056980133,0.5917706489562988,-0.3655616044998169,-0.14218337833881378,0.3688393831253052,-0.2418701946735382,-0.2510129511356354,0.20947904884815216,-0.2775454819202423,-0.18975436687469482,0.21281199157238007,-0.35135188698768616,-0.12514430284500122,0.5769284963607788,-0.02833757922053337,-0.17420172691345215,0.36459073424339294,0.040153421461582184,-0.25019943714141846,0.24351927638053894,-0.00918953400105238,-0.21680079400539398,0.2414252609014511,-0.07842575758695602,-0.16736537218093872
G,G_session_001,196,0.0,0.0,0.0,-0.07585366815328598,-0.32264408469200134,-0.1336580216884613,-0.0695742666721344,-0.664078950881958,-0.23657214641571045,0.021647270768880844,-0.882220447063446,-0.32764318585395813,0.13960489630699158,-0.9510683417320251,-0.40266796946525574,0.36402249336242676,-0.9510345458984375,-0.13472503423690796,0.4396152198314667,-0.9957249760627747,-0.27346742153167725,0.5035787224769592,-1.0,-0.36221808195114136,0.5565080046653748,-0.9411215782165527,-0.4141654670238495,0.5186831951141357,-0.6927724480628967,-0.12299717217683792,0.3821738660335541,-0.6017351746559143,-0.23350712656974792,0.2033746838569641,-0.5521183609962463,-0.23644283413887024,0.18971723318099976,-0.572178065776825,-0.2152361273765564,0.5691636800765991,-0.36644282937049866,-0.1331845372915268,0.35599926114082336,-0.253084659576416,-0.23406919836997986,0.208296537399292,-0.28641262650489807,-0.18042632937431335,0.20915526151657104,-0.3430006206035614,-0.12390797585248947,0.5600067377090454,-0.03361531347036362,-0.1607009917497635,0.35847318172454834,0.02463897131383419,-0.23302970826625824,0.2480032593011856,-0.03249729052186012,-0.20535284280776978,0.2419934719800949,-0.09789257496595383,-0.16225551068782806
G,G_session_001,197,0.0,0.0,0.0,-0.07806508243083954,-0.33314427733421326,-0.13664363324642181,-0.058492593467235565,-0.6854262351989746,-0.23522686958312988,0.04632839933037758,-0.8833827972412109,-0.3203984797000885,0.17769910395145416,-0.9371638894081116,-0.3878374993801117,0.3695352077484131,-0.9621893167495728,-0.13221904635429382,0.4506070017814636,-1.0,-0.2804223895072937,0.5151180028915405,-0.9944308996200562,-0.37570780515670776,0.567604660987854,-0.9407219886779785,-0.4320582449436188,0.5251227021217346,-0.6997159123420715,-0.12019965797662735,0.39442163705825806,-0.6044818162918091,-0.24539677798748016,0.20345637202262878,-0.5420469045639038,-0.25161170959472656,0.1825583130121231,-0.5764928460121155,-0.2303960621356964,0.5778433084487915,-0.3705064654350281,-0.13217270374298096,0.3586617410182953,-0.24382610619068146,-0.24312198162078857,0.20556111633777618,-0.2719051241874695,-0.18757101893424988,0.21089620888233185,-0.3561753034591675,-0.12869171798229218,0.5685945749282837,-0.03929558023810387,-0.16198718547821045,0.35975953936576843,0.033626507967710495,-0.2410924732685089,0.24702408909797668,-0.015021132305264473,-0.21426451206207275,0.24987149238586426,-0.09838934987783432,-0.17162589728832245
G,G_session_001,198,0.0,0.0,0.0,-0.08836349099874496,-0.32282426953315735,-0.1428515911102295,-0.08009322732686996,-0.6733201146125793,-0.24425774812698364,0.016762154176831245,-0.870112419128418,-0.3295787274837494,0.14749588072299957,-0.9393675327301025,-0.3974154591560364,0.3417566418647766,-0.9736137986183167,-0.1439177393913269,0.4082067906856537,-1.0,-0.2993084788322449,0.47927239537239075,-0.9952285289764404,-0.40197882056236267,0.5423150062561035,-0.9501274824142456,-0.4625289738178253,0.4981086254119873,-0.7221660017967224,-0.12863396108150482,0.3889256715774536,-0.6091151237487793,-0.2623474895954132,0.20132389664649963,-0.5239346623420715,-0.27313607931137085,0.17693354189395905,-0.5631120800971985,-0.2541694939136505,0.5623221397399902,-0.40285229682922363,-0.13716022670269012,0.369327574968338,-0.25952985882759094,-0.2571019232273102,0.21007122099399567,-0.27217724919319153,-0.20352788269519806,0.2038118988275528,-0.3682520389556885,-0.1440548300743103,0.5680668950080872,-0.08185646682977676,-0.1634991317987442,0.38184991478919983,0.010629123076796532,-0.250519722700119,0.25561267137527466,-0.03196844086050987,-0.22524040937423706,0.2414175570011139,-0.12951070070266724,-0.18213562667369843
G,G_session_001,199,0.0,0.0,0.0,-0.07669489085674286,-0.32096922397613525,-0.1476098597049713,-0.04494286701083183,-0.6685748100280762,-0.2496814876794815,0.07595603168010712,-0.8604214787483215,-0.33517709374427795,0.23271651566028595,-0.8959152698516846,-0.40085187554359436,0.33857011795043945,-0.953300416469574,-0.14144162833690643,0.40517234802246094,-1.0,-0.2935335338115692,0.4798282980918884,-0.9762663841247559,-0.38443228602409363,0.5554664134979248,-0.927382230758667,-0.4359745979309082,0.500053346157074,-0.7084376811981201,-0.1208781749010086,0.38140061497688293,-0.5958219766616821,-0.2525017261505127,0.20378084480762482,-0.49935421347618103,-0.2532130181789398,0.18865282833576202,-0.5656068921089172,-0.22562666237354279,0.5669820308685303,-0.3941989243030548,-0.12570755183696747,0.3607152998447418,-0.24354073405265808,-0.241196408867836,0.21107417345046997,-0.2383476048707962,-0.180269256234169,0.21210137009620667,-0.34690481424331665,-0.1156754195690155,0.5742359757423401,-0.07919534295797348,-0.149040088057518,0.3783855438232422,0.018263932317495346,-0.22608691453933716,0.25743961334228516,-0.016519779339432716,-0.19748574495315552,0.2467273324728012,-0.12462321668863297,-0.1531117707490921
G,G_session_001,200,0.0,0.0,0.0,-0.08581315726041794,-0.3242213726043701,-0.14320196211338043,-0.0730958878993988,-0.6843646764755249,-0.24275195598602295,0.025772005319595337,-0.8916950821876526,-0.32687804102897644,0.16169297695159912,-0.9339831471443176,-0.39369645714759827,0.3639817237854004,-0.9730883836746216,-0.13426586985588074,0.4342047870159149,-0.9899815320968628,-0.28218260407447815,0.5045453906059265,-1.0,-0.38158559799194336,0.5683929324150085,-0.9684368371963501,-0.4415096640586853,0.5222377181053162,-0.7155975103378296,-0.1200619786977768,0.39671650528907776,-0.6062207818031311,-0.24752771854400635,0.210698664188385,-0.5344233512878418,-0.2587200403213501,0.18916407227516174,-0.5755811333656311,-0.2401583194732666,0.5837028622627258,-0.383999228477478,-0.12968744337558746,0.3794113099575043,-0.2534489631652832,-0.2428886890411377,0.21949999034404755,-0.2710806429386139,-0.18939287960529327,0.21290627121925354,-0.35782361030578613,-0.12981438636779785,0.5862454175949097,-0.04739844799041748,-0.15796232223510742,0.3930642604827881,0.03910563513636589,-0.24088525772094727,0.2675029933452606,-0.011472340673208237,-0.21587003767490387,0.2522815465927124,-0.10233095288276672,-0.1721351444721222
G,G_session_001,201,0.0,0.0,0.0,-0.08266288042068481,-0.32164907455444336,-0.1479937732219696,-0.07664883136749268,-0.6412174701690674,-0.25783678889274597,0.023934530094265938,-0.8539964556694031,-0.35117849707603455,0.16331790387630463,-0.9377044439315796,-0.42359429597854614,0.3509344160556793,-0.9678664803504944,-0.13987092673778534,0.4333829879760742,-0.9931477308273315,-0.30121469497680664,0.5103052854537964,-1.0,-0.3963538706302643,0.5676877498626709,-0.9389452338218689,-0.4465782642364502,0.5081654787063599,-0.7088464498519897,-0.11630813032388687,0.4066702127456665,-0.6171248555183411,-0.24806974828243256,0.20215721428394318,-0.5239146947860718,-0.23447221517562866,0.1765342354774475,-0.5521470904350281,-0.19274358451366425,0.5674113631248474,-0.39034757018089294,-0.12035007774829865,0.37395045161247253,-0.2597709596157074,-0.2430996298789978,0.20817869901657104,-0.26526743173599243,-0.17348985373973846,0.20818862318992615,-0.34350085258483887,-0.09831128269433975,0.568355917930603,-0.06470556557178497,-0.14199504256248474,0.378579318523407,0.013498909771442413,-0.22416332364082336,0.2600671947002411,-0.0324777290225029,-0.19187958538532257,0.25742384791374207,-0.12173718959093094,-0.14230528473854065
G,G_session_001,202,0.0,0.0,0.0,-0.0839138999581337,-0.31582212448120117,-0.15054859220981598,-0.07281676679849625,-0.6550536155700684,-0.26250821352005005,0.02905079536139965,-0.865546703338623,-0.3581274449825287,0.16542522609233856,-0.9416574835777283,-0.43488454818725586,0.35296371579170227,-0.9678455591201782,-0.15062350034713745,0.4196208417415619,-1.0,-0.3129795491695404,0.49678802490234375,-0.9991415143013,-0.4153558611869812,0.5725568532943726,-0.9405797719955444,-0.4743642508983612,0.5135951042175293,-0.7078665494918823,-0.13051389157772064,0.39184314012527466,-0.606475830078125,-0.2608030140399933,0.19660551846027374,-0.5263962149620056,-0.2557092607021332,0.18802118301391602,-0.5686110258102417,-0.22435666620731354,0.5739251375198364,-0.3792106807231903,-0.13667896389961243,0.3731738030910492,-0.24616201221942902,-0.24912980198860168,0.2102738916873932,-0.2688189148902893,-0.1763559877872467,0.21288272738456726,-0.3537662625312805,-0.10447236150503159,0.5729004740715027,-0.04973479360342026,-0.16273050010204315,0.379018634557724,0.03667185455560684,-0.24408529698848724,0.25958362221717834,-0.01485672127455473,-0.21163004636764526,0.2569769024848938,-0.09511291235685349,-0.16271989047527313
G,G_session_001,203,0.0,0.0,0.0,-0.08330885320901871,-0.31070590019226074,-0.14342281222343445,-0.08528577536344528,-0.6498482823371887,-0.2538939416408539,0.005198173224925995,-0.863822340965271,-0.3522862195968628,0.13115933537483215,-0.9404920339584351,-0.4315228760242462,0.3425230383872986,-0.9597966074943542,-0.1371057778596878,0.4295403063297272,-0.9967234134674072,-0.2987234890460968,0.5029768347740173,-1.0,-0.3964526951313019,0.5579454898834229,-0.9405112862586975,-0.448935329914093,0.49673593044281006,-0.712398886680603,-0.12149178236722946,0.38630741834640503,-0.6042979955673218,-0.25337842106819153,0.18955448269844055,-0.5253162384033203,-0.248745858669281,0.17519529163837433,-0.5611171722412109,-0.21517908573150635,0.5577520728111267,-0.39458876848220825,-0.13264818489551544,0.3668573796749115,-0.24975323677062988,-0.2480940967798233,0.20575089752674103,-0.26962363719940186,-0.17790000140666962,0.2098219096660614,-0.3540727496147156,-0.10507792234420776,0.5598289966583252,-0.06768728792667389,-0.16293010115623474,0.3751862645149231,0.03031141124665737,-0.24297510087490082,0.2572479248046875,-0.015449888072907925,-0.2098933905363083,0.25525256991386414,-0.09511014074087143,-0.15974114835262299
G,G_session_001,204,0.0,0.0,0.0,-0.07629229128360748,-0.31020036339759827,-0.14316308498382568,-0.07323409616947174,-0.6382831931114197,-0.25099197030067444,0.017632529139518738,-0.8698768019676208,-0.3442036211490631,0.14999593794345856,-0.9175137281417847,-0.41996124386787415,0.3472590446472168,-0.948052167892456,-0.13823232054710388,0.4259556829929352,-0.9931628704071045,-0.28072571754455566,0.505294680595398,-1.0,-0.37138161063194275,0.566603422164917,-0.9306458234786987,-0.42500725388526917,0.5016265511512756,-0.6931886672973633,-0.11976855993270874,0.3926701843738556,-0.6173400282859802,-0.23909585177898407,0.20389991998672485,-0.539534866809845,-0.24098962545394897,0.1767275184392929,-0.5562427043914795,-0.2180057168006897,0.5584250092506409,-0.3742721974849701,-0.12473098188638687,0.37510374188423157,-0.2552242875099182,-0.2315991222858429,0.21543946862220764,-0.2668631672859192,-0.1751933991909027,0.20384615659713745,-0.3242952823638916,-0.11706243455410004,0.5593813061714172,-0.04261481761932373,-0.14735379815101624,0.377738356590271,0.03594597801566124,-0.22054629027843475,0.2602895498275757,-0.005969858728349209,-0.19337189197540283,0.24692189693450928,-0.07088104635477066,-0.15241946280002594
G,G_session_001,205,0.0,0.0,0.0,-0.07470396161079407,-0.324359655380249,-0.1365385800600052,-0.07202484458684921,-0.647517740726471,-0.24190281331539154,0.012190254405140877,-0.8637604117393494,-0.33380642533302307,0.13995714485645294,-0.9475464224815369,-0.40635332465171814,0.3697785437107086,-0.9593524932861328,-0.14139431715011597,0.44709834456443787,-1.0,-0.27899593114852905,0.5158542990684509,-0.9985390901565552,-0.35928887128829956,0.5757634043693542,-0.9258933067321777,-0.40394505858421326,0.5322020649909973,-0.7028031945228577,-0.12495885044336319,0.37787291407585144,-0.5834815502166748,-0.23361201584339142,0.1919928640127182,-0.5248206257820129,-0.22448039054870605,0.18475838005542755,-0.5544416308403015,-0.19438230991363525,0.5878687500953674,-0.37412622570991516,-0.13109658658504486,0.3658711910247803,-0.2383224070072174,-0.2287837415933609,0.21768192946910858,-0.2706940770149231,-0.1616961807012558,0.22290156781673431,-0.33434733748435974,-0.09622654318809509,0.5823923349380493,-0.03757714852690697,-0.15559642016887665,0.37599706649780273,0.03952249512076378,-0.22723156213760376,0.2640056312084198,-0.0199025496840477,-0.196130633354187,0.25734469294548035,-0.08921623229980469,-0.14886599779129028
G,G_session_001,206,0.0,0.0,0.0,-0.07408469915390015,-0.3184354305267334,-0.13619862496852875,-0.07081099599599838,-0.64997398853302,-0.24399368464946747,0.0178074948489666,-0.8681662678718567,-0.3404794931411743,0.1397714912891388,-0.952430784702301,-0.41840752959251404,0.36524149775505066,-0.9412750005722046,-0.14326094090938568,0.4412681460380554,-1.0,-0.2967899739742279,0.5124050378799438,-0.9938932061195374,-0.3872612416744232,0.5745770335197449,-0.9197943806648254,-0.43517225980758667,0.5243455171585083,-0.6936443448066711,-0.12979933619499207,0.3798102140426636,-0.5910918712615967,-0.25030848383903503,0.19216856360435486,-0.5331287384033203,-0.24164517223834991,0.18666112422943115,-0.5651370882987976,-0.20855295658111572,0.5803583860397339,-0.3698984980583191,-0.14059902727603912,0.3665803372859955,-0.2391633540391922,-0.25080713629722595,0.21599265933036804,-0.2655470669269562,-0.18499641120433807,0.2248190939426422,-0.3326903283596039,-0.11708340793848038,0.5760650634765625,-0.0350937582552433,-0.16915775835514069,0.3754745125770569,0.040154773741960526,-0.245058074593544,0.2611369490623474,-0.013215336948633194,-0.2116723358631134,0.2596152424812317,-0.08029541373252869,-0.16207587718963623
G,G_session_001,207,0.0,0.0,0.0,-0.06311913579702377,-0.33168402314186096,-0.14785084128379822,-0.04962651804089546,-0.6687401533126831,-0.2622443735599518,0.04084007441997528,-0.9044181108474731,-0.36414673924446106,0.17273178696632385,-0.9810036420822144,-0.4487797021865845,0.4148891568183899,-0.9516984224319458,-0.14143608510494232,0.48633530735969543,-0.9951497316360474,-0.2880905270576477,0.5553707480430603,-1.0,-0.3742541968822479,0.6197201609611511,-0.935596764087677,-0.423813134431839,0.5688091516494751,-0.6769264936447144,-0.12736445665359497,0.42413848638534546,-0.6243261098861694,-0.2431945949792862,0.208796426653862,-0.5583570599555969,-0.23239263892173767,0.20016226172447205,-0.5751960277557373,-0.19945260882377625,0.6138826012611389,-0.3340091407299042,-0.13893522322177887,0.4013281464576721,-0.2383691966533661,-0.24821996688842773,0.22618605196475983,-0.2707015872001648,-0.1813693791627884,0.23058508336544037,-0.33228325843811035,-0.1150975301861763,0.5920995473861694,0.01592443324625492,-0.1692231297492981,0.3918439447879791,0.06756032258272171,-0.24468769133090973,0.27036648988723755,0.011158029548823833,-0.21077372133731842,0.2706744968891144,-0.04803570732474327,-0.16342023015022278
G,G_session_001,208,0.0,0.0,0.0,-0.056706156581640244,-0.3297916352748871,-0.14591458439826965,-0.03794174641370773,-0.6981980204582214,-0.2717909812927246,0.06459090113639832,-0.941012978553772,-0.39143386483192444,0.20639850199222565,-0.9809166789054871,-0.49624982476234436,0.46408772468566895,-0.9445736408233643,-0.1377158761024475,0.5599716305732727,-0.9872966408729553,-0.3018238842487335,0.6376017332077026,-1.0,-0.40277618169784546,0.7058445811271667,-0.9490432739257812,-0.46132129430770874,0.6145315170288086,-0.64994877576828,-0.13582906126976013,0.451994389295578,-0.6150575876235962,-0.2688780128955841,0.2256826013326645,-0.5714184641838074,-0.264310359954834,0.2199254333972931,-0.5935596823692322,-0.23268155753612518,0.6507896780967712,-0.2827400863170624,-0.16179397702217102,0.41656893491744995,-0.20442377030849457,-0.2812291085720062,0.23878930509090424,-0.2488727867603302,-0.21402175724506378,0.2537708282470703,-0.3199591040611267,-0.14627480506896973,0.6179868578910828,0.09224703162908554,-0.20750294625759125,0.3992207944393158,0.11794349551200867,-0.2843937277793884,0.27416181564331055,0.06086137518286705,-0.24577386677265167,0.2854968309402466,0.004903951194137335,-0.19537167251110077
G,G_session_001,209,0.0,0.0,0.0,-0.05079874396324158,-0.3460523784160614,-0.15804988145828247,-0.02103283442556858,-0.7414414882659912,-0.2935671806335449,0.0911840870976448,-0.9795885682106018,-0.4214136600494385,0.23723195493221283,-0.9513912200927734,-0.5359273552894592,0.5275469422340393,-0.9176102876663208,-0.15149828791618347,0.5851881504058838,-0.9988250732421875,-0.31565144658088684,0.6596609354019165,-1.0,-0.41658535599708557,0.7506992816925049,-0.9316723942756653,-0.4774131774902344,0.6687853336334229,-0.5987085700035095,-0.14836648106575012,0.4810248911380768,-0.6537929773330688,-0.28015878796577454,0.24478304386138916,-0.5995826721191406,-0.2730754017829895,0.2544354796409607,-0.5751033425331116,-0.23963122069835663,0.6918195486068726,-0.22114816308021545,-0.17354600131511688,0.433265745639801,-0.2313404381275177,-0.28761547803878784,0.24545253813266754,-0.27599164843559265,-0.21190427243709564,0.2594066858291626,-0.2992701232433319,-0.138641357421875,0.6457911729812622,0.1546621322631836,-0.22158226370811462,0.42110976576805115,0.10373655706644058,-0.2934642732143402,0.2832645773887634,0.031329311430454254,-0.24986310303211212,0.27876579761505127,0.00814137700945139,-0.19557489454746246
G,G_session_001,210,0.0,0.0,0.0,-0.038015127182006836,-0.34451425075531006,-0.14480234682559967,0.002586290705949068,-0.7325443029403687,-0.2661084234714508,0.11681985855102539,-0.9655557870864868,-0.3819836378097534,0.25571101903915405,-1.0,-0.484280526638031,0.5482420325279236,-0.8465538620948792,-0.12577953934669495,0.6347986459732056,-0.8852613568305969,-0.2684668302536011,0.7026528120040894,-0.9273659586906433,-0.3547635078430176,0.7542721629142761,-0.9045521020889282,-0.4076022505760193,0.6753977537155151,-0.5249035954475403,-0.12787003815174103,0.5088045597076416,-0.6048411726951599,-0.2515226900577545,0.2721394896507263,-0.5916388630867004,-0.2517699897289276,0.2571105659008026,-0.5678255558013916,-0.2254757136106491,0.6865561008453369,-0.1592850238084793,-0.15595310926437378,0.44181567430496216,-0.21098899841308594,-0.26787030696868896,0.2566491365432739,-0.2615489661693573,-0.2024376541376114,0.2630530893802643,-0.27744728326797485,-0.13700653612613678,0.6283403635025024,0.20020194351673126,-0.20438449084758759,0.41869330406188965,0.10857216268777847,-0.27386781573295593,0.28741931915283203,0.025885675102472305,-0.23219890892505646,0.28516989946365356,-0.0032479646615684032,-0.18135513365268707
G,G_session_001,211,0.0,0.0,0.0,-0.03309941664338112,-0.32020825147628784,-0.16202683746814728,0.007562806364148855,-0.6867706179618835,-0.2939009666442871,0.11945359408855438,-0.9342727065086365,-0.4156825542449951,0.2548491358757019,-1.0,-0.5246695876121521,0.535785973072052,-0.815117597579956,-0.1501067876815796,0.6209390759468079,-0.8509393334388733,-0.3021034896373749,0.6875833868980408,-0.8829662203788757,-0.3916526138782501,0.7333535552024841,-0.8405971527099609,-0.44371485710144043,0.6582343578338623,-0.4965537190437317,-0.13809891045093536,0.5126237869262695,-0.5832252502441406,-0.2591627538204193,0.27761396765708923,-0.5785587430000305,-0.2516021728515625,0.25699111819267273,-0.5570979714393616,-0.21831639111042023,0.6658960580825806,-0.14124475419521332,-0.15362000465393066,0.4413399398326874,-0.19122877717018127,-0.26774778962135315,0.25302091240882874,-0.2542908191680908,-0.20385587215423584,0.24833372235298157,-0.2789176106452942,-0.13797691464424133,0.6057522892951965,0.19627873599529266,-0.18949289619922638,0.40180960297584534,0.1096157431602478,-0.2652601897716522,0.27425017952919006,0.04253179579973221,-0.2289077639579773,0.27122801542282104,0.02554604969918728,-0.1802261769771576
G,G_session_001,212,0.0,0.0,0.0,-0.02961043082177639,-0.3169804513454437,-0.16284674406051636,0.021172206848859787,-0.6689630150794983,-0.2901877164840698,0.13636794686317444,-0.900792121887207,-0.40530943870544434,0.26376137137413025,-1.0,-0.5063506364822388,0.5350982546806335,-0.8146195411682129,-0.1507769376039505,0.6226685047149658,-0.8232633471488953,-0.3013369143009186,0.6936078667640686,-0.8485432863235474,-0.3905726373195648,0.7433701157569885,-0.8027447462081909,-0.4417644739151001,0.6575137972831726,-0.4943676292896271,-0.13717344403266907,0.5066702961921692,-0.538208544254303,-0.25841596722602844,0.2739820182323456,-0.5481700301170349,-0.2515369653701782,0.258158415555954,-0.5383161306381226,-0.22005657851696014,0.6637017726898193,-0.14068874716758728,-0.15092894434928894,0.4469478130340576,-0.16368204355239868,-0.2649846374988556,0.26148566603660583,-0.24481609463691711,-0.2003478705883026,0.2593839168548584,-0.2780994474887848,-0.13486672937870026,0.6027112603187561,0.19619408249855042,-0.18531917035579681,0.4117673933506012,0.13647204637527466,-0.26134684681892395,0.2803747057914734,0.043913815170526505,-0.2240898609161377,0.2696252167224884,0.005342465825378895,-0.175091952085495
G,G_session_001,213,0.0,0.0,0.0,-0.029802599921822548,-0.3235012888908386,-0.160408154129982,0.02693098783493042,-0.6799708604812622,-0.28654447197914124,0.14300048351287842,-0.9149986505508423,-0.40076833963394165,0.2720855176448822,-1.0,-0.4999234974384308,0.5459327697753906,-0.7952532172203064,-0.1511220633983612,0.6197792887687683,-0.7937877774238586,-0.3056972324848175,0.691936194896698,-0.8164507150650024,-0.39581453800201416,0.7568057179450989,-0.7754265069961548,-0.45004916191101074,0.6620800495147705,-0.4750489294528961,-0.14230787754058838,0.5015381574630737,-0.5503883361816406,-0.27651333808898926,0.26557862758636475,-0.542018473148346,-0.27014318108558655,0.26128360629081726,-0.507681131362915,-0.23746027052402496,0.6602675318717957,-0.11675533652305603,-0.16149364411830902,0.4482293725013733,-0.15498970448970795,-0.2906856834888458,0.2585344612598419,-0.23048605024814606,-0.22645346820354462,0.2673991620540619,-0.2529778480529785,-0.16021057963371277,0.594255805015564,0.22853508591651917,-0.20057426393032074,0.40792199969291687,0.17102102935314178,-0.29261457920074463,0.27754220366477966,0.08249850571155548,-0.2627312242984772,0.28043505549430847,0.058658018708229065,-0.21829082071781158
G,G_session_001,214,0.0,0.0,0.0,-0.02441263198852539,-0.3255748152732849,-0.18174093961715698,0.029337983578443527,-0.6750758290290833,-0.3211234211921692,0.1419534832239151,-0.9241811037063599,-0.4437549114227295,0.28064510226249695,-1.0,-0.5473747253417969,0.5710808038711548,-0.836543619632721,-0.1777953803539276,0.6619173884391785,-0.8230981826782227,-0.3531326651573181,0.7381342649459839,-0.819527268409729,-0.44784578680992126,0.7936345338821411,-0.7556751370429993,-0.4968363046646118,0.6969963908195496,-0.49773746728897095,-0.15786056220531464,0.5372425317764282,-0.5154264569282532,-0.3053585886955261,0.28331226110458374,-0.5075207948684692,-0.2949998676776886,0.273957222700119,-0.5052772760391235,-0.2530727982521057,0.7003816366195679,-0.11955830454826355,-0.1684463620185852,0.47394198179244995,-0.10665298253297806,-0.3120536804199219,0.2714330852031708,-0.18846508860588074,-0.2468491494655609,0.28108295798301697,-0.2440662682056427,-0.17321085929870605,0.634954035282135,0.2340509593486786,-0.19970370829105377,0.4275885820388794,0.21586677432060242,-0.29686522483825684,0.28235122561454773,0.113958939909935,-0.2633246183395386,0.27651479840278625,0.05772272124886513,-0.21097023785114288
G,G_session_001,215,0.0,0.0,0.0,-0.02469855546951294,-0.32320669293403625,-0.1795179396867752,0.02757490985095501,-0.6618145108222961,-0.31215211749076843,0.14524142444133759,-0.8937901854515076,-0.42641839385032654,0.2848515212535858,-1.0,-0.5226815342903137,0.565665602684021,-0.8203529119491577,-0.17548872530460358,0.6627739071846008,-0.7810126543045044,-0.33898356556892395,0.7375316023826599,-0.7854282259941101,-0.4327785074710846,0.7787946462631226,-0.7249607443809509,-0.4852273762226105,0.6853961944580078,-0.47609928250312805,-0.15377117693424225,0.534819483757019,-0.49145036935806274,-0.2918851971626282,0.28423556685447693,-0.5048420429229736,-0.2846483886241913,0.2582612931728363,-0.5003010034561157,-0.24919359385967255,0.6872725486755371,-0.10439395159482956,-0.16095535457134247,0.46594494581222534,-0.09365974366664886,-0.29232725501060486,0.2696078419685364,-0.18933212757110596,-0.22455139458179474,0.26550090312957764,-0.241629958152771,-0.1537659615278244,0.6183492541313171,0.2407459318637848,-0.18946419656276703,0.41220080852508545,0.21938718855381012,-0.28367331624031067,0.2712445855140686,0.11385288834571838,-0.2502627968788147,0.26250362396240234,0.05673420429229736,-0.20007044076919556
G,G_session_001,216,0.0,0.0,0.0,-0.03089425154030323,-0.3225323259830475,-0.1727001667022705,0.029881050810217857,-0.6773638129234314,-0.30217245221138,0.14780676364898682,-0.9086540341377258,-0.41925913095474243,0.28736555576324463,-1.0,-0.5205380320549011,0.5618671774864197,-0.7935787439346313,-0.15418492257595062,0.6565060615539551,-0.7638506293296814,-0.3256506323814392,0.7187874913215637,-0.7682477831840515,-0.4259127080440521,0.7514150142669678,-0.7172040343284607,-0.4805876910686493,0.6690778136253357,-0.4642461836338043,-0.1404569298028946,0.5295662879943848,-0.5068789124488831,-0.2865653336048126,0.28722986578941345,-0.5287432074546814,-0.28595224022865295,0.2696809470653534,-0.5275239944458008,-0.2520911991596222,0.6653963327407837,-0.1076398566365242,-0.1574883610010147,0.4510798752307892,-0.12226497381925583,-0.29337525367736816,0.2591422498226166,-0.21571558713912964,-0.22985218465328217,0.2656528949737549,-0.270121693611145,-0.15945598483085632,0.591891884803772,0.2234317511320114,-0.19593103229999542,0.3876323103904724,0.1812494844198227,-0.2869814336299896,0.253676176071167,0.08440164476633072,-0.2522966265678406,0.25895217061042786,0.0335395410656929,-0.20152026414871216
G,G_session_001,217,0.0,0.0,0.0,-0.029313072562217712,-0.3245221972465515,-0.17847545444965363,0.03396983444690704,-0.6670482158660889,-0.3102059066295624,0.15187250077724457,-0.8907263875007629,-0.4282318353652954,0.2911633849143982,-1.0,-0.5299254655838013,0.5608007907867432,-0.7852946519851685,-0.15977129340171814,0.649832546710968,-0.7567229270935059,-0.33763769268989563,0.7133280634880066,-0.752396821975708,-0.4410325288772583,0.7611553072929382,-0.6927831172943115,-0.49714162945747375,0.6697831153869629,-0.4533785581588745,-0.14133936166763306,0.5260353684425354,-0.4897775948047638,-0.2910747826099396,0.2802525460720062,-0.5087694525718689,-0.2868422865867615,0.27441224455833435,-0.5099477171897888,-0.2490023672580719,0.6645389795303345,-0.0991833284497261,-0.1549406200647354,0.4449218809604645,-0.10704082250595093,-0.29551616311073303,0.2503651976585388,-0.2025090605020523,-0.2298625111579895,0.2654464542865753,-0.25676319003105164,-0.15637464821338654,0.5914391279220581,0.22632385790348053,-0.19014234840869904,0.37935277819633484,0.19334468245506287,-0.28443974256515503,0.24739235639572144,0.09591261297464371,-0.25222882628440857,0.26001113653182983,0.04636950045824051,-0.20227746665477753
G,G_session_001,218,0.0,0.0,0.0,-0.029703885316848755,-0.32178351283073425,-0.17452238500118256,0.03419238328933716,-0.6619569659233093,-0.3039018511772156,0.15184539556503296,-0.8851035833358765,-0.42058953642845154,0.2883436977863312,-1.0,-0.5213162302970886,0.5594119429588318,-0.7602186799049377,-0.16146589815616608,0.6511877179145813,-0.7386956214904785,-0.33634305000305176,0.7143926620483398,-0.7356237173080444,-0.43859368562698364,0.7607070207595825,-0.6818128228187561,-0.4942370653152466,0.6690153479576111,-0.4366658329963684,-0.14574643969535828,0.5146088600158691,-0.47346553206443787,-0.29579100012779236,0.27532029151916504,-0.5022640824317932,-0.2975362241268158,0.26652735471725464,-0.5076403021812439,-0.2651215195655823,0.661320686340332,-0.0870693102478981,-0.16046087443828583,0.4334411323070526,-0.09282734245061874,-0.3021728992462158,0.2417043298482895,-0.19495974481105804,-0.24263669550418854,0.2534542381763458,-0.24956989288330078,-0.17322874069213867,0.5859030485153198,0.23515410721302032,-0.1962425708770752,0.3721090257167816,0.20453208684921265,-0.29302847385406494,0.2401719093322754,0.09955986589193344,-0.2634916603565216,0.2462998330593109,0.046848516911268234,-0.21498675644397736
G,G_session_001,219,0.0,0.0,0.0,-0.0340825691819191,-0.32990655303001404,-0.17311294376850128,0.03275827318429947,-0.6738232970237732,-0.2998465895652771,0.15957190096378326,-0.8864098191261292,-0.4139721691608429,0.29896214604377747,-1.0,-0.5111066102981567,0.5672837495803833,-0.7669866681098938,-0.15386684238910675,0.6716589331626892,-0.7279085516929626,-0.3284696042537689,0.7347930073738098,-0.7230697870254517,-0.4290083050727844,0.7682603001594543,-0.6647651195526123,-0.4815594553947449,0.6747322678565979,-0.42790061235427856,-0.1364394575357437,0.5269479751586914,-0.45380640029907227,-0.28395986557006836,0.2827858030796051,-0.4918231964111328,-0.2826670706272125,0.2720186114311218,-0.505242109298706,-0.24776241183280945,0.6679379343986511,-0.06665647774934769,-0.14997397363185883,0.4479072391986847,-0.07409671694040298,-0.2885710597038269,0.25126388669013977,-0.18583929538726807,-0.2244253307580948,0.2601834535598755,-0.24842025339603424,-0.1520107537508011,0.5943228006362915,0.26570722460746765,-0.18471063673496246,0.38486337661743164,0.22624748945236206,-0.2792581617832184,0.24855352938175201,0.11422502994537354,-0.24680328369140625,0.25319191813468933,0.05597680062055588,-0.19571347534656525
G,G_session_001,220,0.0,0.0,0.0,-0.03422073274850845,-0.3386107087135315,-0.18187463283538818,0.03570719063282013,-0.6847793459892273,-0.3138200640678406,0.16813164949417114,-0.8968842029571533,-0.43153849244117737,0.30930885672569275,-1.0,-0.5317056179046631,0.5719137787818909,-0.7757898569107056,-0.17235323786735535,0.6930086016654968,-0.7333729267120361,-0.3491484224796295,0.7625083327293396,-0.7184739112854004,-0.4483014643192291,0.7995518445968628,-0.6684260368347168,-0.4998942017555237,0.6870096921920776,-0.4408460557460785,-0.15327811241149902,0.5366470813751221,-0.45289602875709534,-0.30910199880599976,0.2981257140636444,-0.48492133617401123,-0.3134625554084778,0.2845892906188965,-0.5060614943504333,-0.2820875942707062,0.6817315816879272,-0.0775325819849968,-0.1645474135875702,0.45213669538497925,-0.06566768139600754,-0.31302547454833984,0.25779902935028076,-0.1654123067855835,-0.2569282352924347,0.26830947399139404,-0.2300013154745102,-0.1890740543603897,0.6098100543022156,0.2638745903968811,-0.19677557051181793,0.39400020241737366,0.23832811415195465,-0.29752492904663086,0.2543167173862457,0.1308123618364334,-0.2687826454639435,0.2571236193180084,0.06795202940702438,-0.22000817954540253
G,G_session_001,221,0.0,0.0,0.0,-0.03149806708097458,-0.3282737135887146,-0.18344709277153015,0.04077383503317833,-0.6681200861930847,-0.313608318567276,0.17459087073802948,-0.8821444511413574,-0.42969974875450134,0.31731072068214417,-1.0,-0.5265960097312927,0.5764579176902771,-0.7672232389450073,-0.161366805434227,0.694148063659668,-0.7360013127326965,-0.3294304311275482,0.7545644640922546,-0.7148314714431763,-0.4166374206542969,0.7922592163085938,-0.6561758518218994,-0.459994912147522,0.6892692446708679,-0.4315183162689209,-0.14020755887031555,0.5378150939941406,-0.456641286611557,-0.288194864988327,0.29758474230766296,-0.4832901358604431,-0.2850741446018219,0.2943900227546692,-0.5010531544685364,-0.2479114830493927,0.684700608253479,-0.07283984124660492,-0.15032824873924255,0.45384281873703003,-0.06741952896118164,-0.29148945212364197,0.2600262463092804,-0.16511428356170654,-0.2307676374912262,0.27915558218955994,-0.22699874639511108,-0.16025175154209137,0.6144624352455139,0.26415693759918213,-0.1821146309375763,0.39717069268226624,0.23524531722068787,-0.2742754817008972,0.2572753131389618,0.12987057864665985,-0.24331378936767578,0.2651744782924652,0.06990062445402145,-0.19395335018634796
G,G_session_001,222,0.0,0.0,0.0,-0.02213611826300621,-0.32729989290237427,-0.19288191199302673,0.05269944295287132,-0.6660674214363098,-0.3302728235721588,0.19124045968055725,-0.8843733668327332,-0.45184439420700073,0.3391267955303192,-1.0,-0.5533809661865234,0.6151888966560364,-0.7747520804405212,-0.17260630428791046,0.7253184914588928,-0.7480574250221252,-0.34351423382759094,0.7840376496315002,-0.7283293008804321,-0.4291406273841858,0.8176687359809875,-0.6586448550224304,-0.4692268371582031,0.7224971055984497,-0.4211867153644562,-0.14757594466209412,0.5713273286819458,-0.44899994134902954,-0.29435473680496216,0.3190666735172272,-0.5016285181045532,-0.28334254026412964,0.30779585242271423,-0.5292102694511414,-0.23880594968795776,0.7104581594467163,-0.05086880922317505,-0.1549658328294754,0.4810012876987457,-0.048347871750593185,-0.2994360327720642,0.27935388684272766,-0.168458953499794,-0.23521952331066132,0.29349154233932495,-0.23477517068386078,-0.15991635620594025,0.6305515766143799,0.2913205921649933,-0.18429549038410187,0.42030566930770874,0.2631832957267761,-0.27557599544525146,0.2790488004684448,0.15105311572551727,-0.23968639969825745,0.2856259346008301,0.09497436881065369,-0.18552662432193756
G,G_session_001,223,0.0,0.0,0.0,-0.023321483284235,-0.3343392312526703,-0.19063203036785126,0.052618689835071564,-0.6763114333152771,-0.32783395051956177,0.19035524129867554,-0.8866482377052307,-0.4508754312992096,0.34218835830688477,-1.0,-0.554607093334198,0.6110853552818298,-0.7657648921012878,-0.16937248408794403,0.7288588285446167,-0.7422999143600464,-0.34864357113838196,0.7873601913452148,-0.7294893264770508,-0.44260358810424805,0.8084745407104492,-0.6649525165557861,-0.4864925444126129,0.7184803485870361,-0.4158857464790344,-0.14633841812610626,0.5844457149505615,-0.4379536509513855,-0.29707643389701843,0.3317275047302246,-0.49951207637786865,-0.29047855734825134,0.31548717617988586,-0.5369829535484314,-0.24824495613574982,0.7084712982177734,-0.04673323407769203,-0.15641304850578308,0.4861728250980377,-0.040961191058158875,-0.303585410118103,0.2818774878978729,-0.16747352480888367,-0.24179647862911224,0.2922466993331909,-0.24345211684703827,-0.16722674667835236,0.6299484968185425,0.2946126461029053,-0.18849653005599976,0.42063799500465393,0.27378347516059875,-0.28383108973503113,0.2778705060482025,0.1498652994632721,-0.25022074580192566,0.2813442051410675,0.07796124368906021,-0.19669191539287567
G,G_session_001,224,0.0,0.0,0.0,-0.01990346983075142,-0.3577495813369751,-0.1981220543384552,0.061864204704761505,-0.7036003470420837,-0.33798882365226746,0.20239661633968353,-0.902050793170929,-0.4608847200870514,0.35777580738067627,-1.0,-0.564739465713501,0.6209247708320618,-0.7937327027320862,-0.18012285232543945,0.718902051448822,-0.7765254378318787,-0.36010631918907166,0.7817202210426331,-0.7487286925315857,-0.45691514015197754,0.8235557079315186,-0.68089759349823,-0.5050531029701233,0.7268422245979309,-0.4444638788700104,-0.15431435406208038,0.5832085013389587,-0.47120949625968933,-0.3065553605556488,0.33000487089157104,-0.5066798329353333,-0.30190226435661316,0.32072073221206665,-0.5341676473617554,-0.26222825050354004,0.7176750302314758,-0.07222386449575424,-0.1612394005060196,0.48861661553382874,-0.07714793086051941,-0.30566003918647766,0.28383415937423706,-0.18228226900100708,-0.23830603063106537,0.29665887355804443,-0.2462758719921112,-0.1610119640827179,0.641241192817688,0.2737857401371002,-0.19149848818778992,0.4382000267505646,0.23339547216892242,-0.28176116943359375,0.29067447781562805,0.12220905721187592,-0.24030637741088867,0.28918135166168213,0.06734030693769455,-0.18174700438976288
G,G_session_001,225,0.0,0.0,0.0,-0.010828686878085136,-0.34069404006004333,-0.182083398103714,0.07051976025104523,-0.6826698780059814,-0.3117232322692871,0.20714209973812103,-0.8811860680580139,-0.4284222424030304,0.3580463230609894,-1.0,-0.5281898975372314,0.619562029838562,-0.7594614028930664,-0.16290068626403809,0.7276814579963684,-0.7571958303451538,-0.33868783712387085,0.7760365009307861,-0.7211896777153015,-0.43905648589134216,0.7977386116981506,-0.6424923539161682,-0.4911409318447113,0.721437394618988,-0.4157089293003082,-0.14824366569519043,0.6018486022949219,-0.43885236978530884,-0.3061993718147278,0.35211172699928284,-0.4860898554325104,-0.3174835443496704,0.31790482997894287,-0.5204899907112122,-0.28855055570602417,0.7132976055145264,-0.04616374522447586,-0.16446124017238617,0.49750569462776184,-0.04699026420712471,-0.3136747181415558,0.2907524108886719,-0.16031695902347565,-0.2609855830669403,0.28323855996131897,-0.23614543676376343,-0.19312399625778198,0.6355753540992737,0.29893457889556885,-0.20248477160930634,0.43117663264274597,0.2731667459011078,-0.30256402492523193,0.28545427322387695,0.16487203538417816,-0.2727317214012146,0.27919313311576843,0.09845996648073196,-0.22202399373054504
G,G_session_001,226,0.0,0.0,0.0,-0.01585393026471138,-0.34252968430519104,-0.17405344545841217,0.057072415947914124,-0.6989588737487793,-0.30017924308776855,0.18796753883361816,-0.8944184184074402,-0.4153815507888794,0.3396930396556854,-1.0,-0.5114734768867493,0.6080046892166138,-0.7554787993431091,-0.15381474792957306,0.7220739126205444,-0.774712324142456,-0.32075145840644836,0.7422424554824829,-0.7685603499412537,-0.40845537185668945,0.7335225343704224,-0.7328999042510986,-0.4506404399871826,0.7103998064994812,-0.4164867699146271,-0.14236971735954285,0.5871734023094177,-0.47166532278060913,-0.287557452917099,0.34193575382232666,-0.5163681507110596,-0.29406237602233887,0.3191942274570465,-0.5507035851478577,-0.26363128423690796,0.7021194100379944,-0.05187279358506203,-0.16093827784061432,0.4703617990016937,-0.07514720410108566,-0.2960987091064453,0.27218857407569885,-0.18253470957279205,-0.24221986532211304,0.27968376874923706,-0.2575644254684448,-0.1765606701374054,0.6241815090179443,0.2864483594894409,-0.20118330419063568,0.40906307101249695,0.2258273959159851,-0.2903733253479004,0.26514932513237,0.11948928982019424,-0.25913533568382263,0.2670012414455414,0.05252046883106232,-0.2092927098274231
G,G_session_001,227,0.0,0.0,0.0,-0.021065298467874527,-0.33801528811454773,-0.17217350006103516,0.051788076758384705,-0.6908519268035889,-0.29678237438201904,0.18396106362342834,-0.8839724063873291,-0.41006195545196533,0.331439733505249,-1.0,-0.5068370699882507,0.5765068531036377,-0.7618602514266968,-0.15045985579490662,0.6893063187599182,-0.7766952514648438,-0.30761975049972534,0.7343581318855286,-0.7751791477203369,-0.39261674880981445,0.746614933013916,-0.7382093071937561,-0.4365462362766266,0.6787452697753906,-0.4345504641532898,-0.13832485675811768,0.5778864622116089,-0.49229761958122253,-0.2809341549873352,0.33776605129241943,-0.5249741673469543,-0.2874892055988312,0.3044012486934662,-0.5447246432304382,-0.25739386677742004,0.6769403219223022,-0.08520792424678802,-0.15490730106830597,0.4707215428352356,-0.10720717906951904,-0.2861534059047699,0.2771153151988983,-0.20000608265399933,-0.232141375541687,0.27630507946014404,-0.2663451135158539,-0.1675630509853363,0.6074511408805847,0.2400728166103363,-0.19299626350402832,0.4103662371635437,0.18807601928710938,-0.2797253131866455,0.2708686888217926,0.08871433138847351,-0.24982678890228271,0.26966172456741333,0.02237882651388645,-0.20298124849796295
G,G_session_001,228,0.0,0.0,0.0,-0.02708381414413452,-0.34375202655792236,-0.1420559138059616,0.04087793454527855,-0.7079373598098755,-0.2479245513677597,0.17096079885959625,-0.8876262903213501,-0.3471311628818512,0.3054235875606537,-1.0,-0.43286824226379395,0.5563302040100098,-0.7599143981933594,-0.1135883703827858,0.6521982550621033,-0.7701371312141418,-0.2507311701774597,0.7060178518295288,-0.7934284210205078,-0.3366278111934662,0.7295754551887512,-0.7816919684410095,-0.38681915402412415,0.6602403521537781,-0.4496863782405853,-0.11288809776306152,0.5323954820632935,-0.5171775817871094,-0.23678402602672577,0.30798524618148804,-0.53716641664505,-0.24890463054180145,0.269931823015213,-0.5378607511520386,-0.2301972657442093,0.6593961715698242,-0.1160532534122467,-0.13783837854862213,0.45544925332069397,-0.15755726397037506,-0.2508600056171417,0.2725256383419037,-0.23300978541374207,-0.20084649324417114,0.2636471688747406,-0.27829328179359436,-0.14481064677238464,0.595786988735199,0.20470379292964935,-0.18238802254199982,0.4118388891220093,0.12988126277923584,-0.25606539845466614,0.27953284978866577,0.044078703969717026,-0.2250215709209442,0.2704505920410156,0.0010192763293161988,-0.18146531283855438
G,G_session_001,229,0.0,0.0,0.0,-0.027249323204159737,-0.33930355310440063,-0.13255764544010162,0.037721458822488785,-0.6847346425056458,-0.23380352556705475,0.15829209983348846,-0.8707544803619385,-0.3286069929599762,0.2745474874973297,-1.0,-0.40918684005737305,0.5233155488967896,-0.7591144442558289,-0.10475271940231323,0.6047977805137634,-0.7802650928497314,-0.24315829575061798,0.666512668132782,-0.788155198097229,-0.3255438506603241,0.7082693576812744,-0.7510025501251221,-0.3719746172428131,0.6259266138076782,-0.46611350774765015,-0.10534270852804184,0.49596914649009705,-0.5296796560287476,-0.2263433337211609,0.284566730260849,-0.5294946432113647,-0.2275111973285675,0.2657729685306549,-0.520865797996521,-0.19911116361618042,0.6274982690811157,-0.14000478386878967,-0.13168646395206451,0.40529224276542664,-0.16729971766471863,-0.24156324565410614,0.23999109864234924,-0.22850605845451355,-0.1827169954776764,0.250408411026001,-0.267704576253891,-0.11967413872480392,0.5674052834510803,0.17086200416088104,-0.1771889328956604,0.3605801463127136,0.10708744078874588,-0.24814291298389435,0.2393255978822708,0.04591333493590355,-0.21348926424980164,0.24729479849338531,0.01821741834282875,-0.1667739897966385
G,G_session_001,230,0.0,0.0,0.0,-0.036902524530887604,-0.32663410902023315,-0.14200884103775024,0.015698205679655075,-0.673689067363739,-0.2488316297531128,0.12597109377384186,-0.8762117624282837,-0.34592607617378235,0.24210460484027863,-1.0,-0.4305950105190277,0.48902907967567444,-0.7920644283294678,-0.12109477072954178,0.5739725232124329,-0.8026663661003113,-0.2579779624938965,0.6374585032463074,-0.8144486546516418,-0.3422044813632965,0.6786595582962036,-0.7955619096755981,-0.39095601439476013,0.6002006530761719,-0.5080636143684387,-0.11606897413730621,0.47555360198020935,-0.5492051839828491,-0.2351861447095871,0.27095675468444824,-0.5441093444824219,-0.24076968431472778,0.24796970188617706,-0.5610208511352539,-0.21712149679660797,0.6112022995948792,-0.18797388672828674,-0.1360602080821991,0.3977203071117401,-0.18453094363212585,-0.24653507769107819,0.23598836362361908,-0.2314806580543518,-0.19457872211933136,0.24140655994415283,-0.2876521348953247,-0.13671164214611053,0.5603598952293396,0.11884423345327377,-0.17487876117229462,0.36241164803504944,0.08535820245742798,-0.24870063364505768,0.24043339490890503,0.04217623546719551,-0.21680375933647156,0.24272611737251282,0.003296016715466976,-0.17208227515220642
G,G_session_001,231,0.0,0.0,0.0,-0.04938974976539612,-0.31471264362335205,-0.12969247996807098,0.006263128947466612,-0.6624870896339417,-0.22191430628299713,0.12348397076129913,-0.8515875339508057,-0.3049352169036865,0.23257307708263397,-1.0,-0.37457549571990967,0.4720805585384369,-0.7510538101196289,-0.10845164954662323,0.5743484497070312,-0.7526012063026428,-0.23949284851551056,0.6202710270881653,-0.7849613428115845,-0.32264721393585205,0.6271314024925232,-0.7824574708938599,-0.3693118095397949,0.5799143314361572,-0.4719809293746948,-0.10701489448547363,0.46759122610092163,-0.5175430178642273,-0.22930946946144104,0.26521486043930054,-0.5362144112586975,-0.2435455024242401,0.217017263174057,-0.5395411849021912,-0.22460904717445374,0.5857818126678467,-0.16871163249015808,-0.1290741115808487,0.3841051161289215,-0.1769457906484604,-0.23968377709388733,0.2229691594839096,-0.24309229850769043,-0.1979270577430725,0.21393810212612152,-0.2908230423927307,-0.14623156189918518,0.5325047969818115,0.12384121865034103,-0.1684236079454422,0.34134653210639954,0.09164226800203323,-0.24380512535572052,0.2239384651184082,0.029501434415578842,-0.21937303245067596,0.22046126425266266,-0.016116676852107048,-0.17990049719810486
G,G_session_001,232,0.0,0.0,0.0,-0.05425605550408363,-0.30847880244255066,-0.11778299510478973,-0.009790206328034401,-0.6530357003211975,-0.20946800708770752,0.10705362260341644,-0.8573898673057556,-0.2980131208896637,0.20859667658805847,-1.0,-0.3716036379337311,0.4329875111579895,-0.7833922505378723,-0.09756016731262207,0.5647763013839722,-0.7908481359481812,-0.22835099697113037,0.5926061272621155,-0.8115130066871643,-0.2912149131298065,0.5772721171379089,-0.802901566028595,-0.3171232342720032,0.5411202311515808,-0.5201531648635864,-0.09516798704862595,0.4251781404018402,-0.5535179376602173,-0.20490244030952454,0.22390015423297882,-0.5318171977996826,-0.1962542086839676,0.20738816261291504,-0.5309436321258545,-0.16090510785579681,0.5597019195556641,-0.22342416644096375,-0.11689690500497818,0.36619889736175537,-0.21705473959445953,-0.218580424785614,0.20117174088954926,-0.2497885674238205,-0.16280947625637054,0.20853331685066223,-0.2877829968929291,-0.10193326324224472,0.5242292284965515,0.06531427055597305,-0.1546637862920761,0.33607372641563416,0.04317581281065941,-0.21672263741493225,0.21635273098945618,0.003584977239370346,-0.1836247444152832,0.22525162994861603,-0.0237418282777071,-0.13855212926864624
G,G_session_001,233,0.0,0.0,0.0,-0.04456918686628342,-0.33265450596809387,-0.11039809137582779,-0.002022150671109557,-0.6963344216346741,-0.19477565586566925,0.10365548729896545,-0.9046854972839355,-0.27588963508605957,0.21482011675834656,-1.0,-0.34314659237861633,0.4687959551811218,-0.8265926241874695,-0.07887879759073257,0.5749059915542603,-0.8091940879821777,-0.1886744350194931,0.6180543899536133,-0.8459767699241638,-0.2482578605413437,0.6178993582725525,-0.8455300331115723,-0.2799806296825409,0.5722284913063049,-0.5525860786437988,-0.08306953310966492,0.4469946622848511,-0.5984393358230591,-0.18277300894260406,0.24135011434555054,-0.5858263373374939,-0.1781444549560547,0.20794568955898285,-0.5762243270874023,-0.148606538772583,0.5851383805274963,-0.24482926726341248,-0.1094105988740921,0.3918234705924988,-0.24707478284835815,-0.20005370676517487,0.22646060585975647,-0.2784622311592102,-0.1430315226316452,0.22491498291492462,-0.30499857664108276,-0.08382946997880936,0.540600597858429,0.06449897587299347,-0.15220744907855988,0.36209017038345337,0.03493098169565201,-0.20731665194034576,0.2392723262310028,-0.013660247437655926,-0.17016668617725372,0.2391284555196762,-0.0412585511803627,-0.12314509600400925
G,G_session_001,234,0.0,0.0,0.0,-0.04266880080103874,-0.3031522333621979,-0.11868347972631454,-0.0027225299272686243,-0.6354759335517883,-0.20900879800319672,0.09870434552431107,-0.8479887843132019,-0.2941698431968689,0.19970951974391937,-1.0,-0.36582207679748535,0.4367722272872925,-0.7913698554039001,-0.09283430129289627,0.5403643250465393,-0.8093785047531128,-0.2068566530942917,0.5848907828330994,-0.8380412459373474,-0.2658297121524811,0.5900064706802368,-0.8104674220085144,-0.295570433139801,0.5446308255195618,-0.526177167892456,-0.09089454263448715,0.426836222410202,-0.5839803814888,-0.19098877906799316,0.22737911343574524,-0.5565704107284546,-0.18401466310024261,0.20420697331428528,-0.5294466614723206,-0.152083620429039,0.5625023245811462,-0.22751624882221222,-0.11131452769041061,0.36498868465423584,-0.2337208390235901,-0.2008577436208725,0.20651200413703918,-0.26331666111946106,-0.14049123227596283,0.20899207890033722,-0.2820334732532501,-0.07884874939918518,0.5212449431419373,0.06136263534426689,-0.1487961709499359,0.3374757170677185,0.025452665984630585,-0.20414532721042633,0.22874268889427185,-0.011092739179730415,-0.1670113205909729,0.23644068837165833,-0.02832227759063244,-0.11986146867275238
G,G_session_001,235,0.0,0.0,0.0,-0.04525601118803024,-0.29975244402885437,-0.10911412537097931,-0.007951593026518822,-0.6397193670272827,-0.19379684329032898,0.09350220113992691,-0.8525347709655762,-0.275370329618454,0.1934562772512436,-1.0,-0.34378281235694885,0.429916113615036,-0.7968493103981018,-0.08325465023517609,0.5467091202735901,-0.8118144869804382,-0.20178008079528809,0.5931142568588257,-0.8481191992759705,-0.2654059827327728,0.5811315774917603,-0.8213270306587219,-0.2955973148345947,0.5391011238098145,-0.5286247134208679,-0.0840105190873146,0.4257737100124359,-0.5733256340026855,-0.18696804344654083,0.22216999530792236,-0.5467368364334106,-0.17895016074180603,0.1845165640115738,-0.5252628326416016,-0.14532074332237244,0.5606868863105774,-0.2324734479188919,-0.10762985795736313,0.37153831124305725,-0.23396968841552734,-0.19816073775291443,0.21058450639247894,-0.254711776971817,-0.13520069420337677,0.20212401449680328,-0.2717151939868927,-0.07118873298168182,0.5240609049797058,0.060784365981817245,-0.1478198915719986,0.34799402952194214,0.02949497476220131,-0.2021571546792984,0.23054111003875732,-0.006296247243881226,-0.1623149812221527,0.22892428934574127,-0.029578955844044685,-0.11298387497663498
G,G_session_001,236,0.0,0.0,0.0,-0.05457727983593941,-0.30296000838279724,-0.10364293307065964,-0.015564298257231712,-0.6490151286125183,-0.17841579020023346,0.08091463148593903,-0.8599398136138916,-0.2485574334859848,0.16619199514389038,-1.0,-0.30753782391548157,0.383499413728714,-0.7939234972000122,-0.08051441609859467,0.49030330777168274,-0.819508969783783,-0.19733954966068268,0.5406023263931274,-0.8412243723869324,-0.27349331974983215,0.5471159815788269,-0.8291237354278564,-0.31535378098487854,0.48540547490119934,-0.5568503737449646,-0.08149151504039764,0.39833900332450867,-0.5848792791366577,-0.1907741129398346,0.2208990603685379,-0.5668526887893677,-0.20527677237987518,0.17236340045928955,-0.5668215155601501,-0.18995457887649536,0.5095770359039307,-0.2845520079135895,-0.10283831506967545,0.36171621084213257,-0.2755165696144104,-0.19744670391082764,0.21125856041908264,-0.2988336682319641,-0.15835905075073242,0.19192789494991302,-0.3342691659927368,-0.1114453375339508,0.4864274561405182,-0.006948683876544237,-0.13867446780204773,0.3418526351451874,-0.02923326939344406,-0.19684208929538727,0.22812290489673615,-0.06964055448770523,-0.16989277303218842,0.21653704345226288,-0.10620969533920288,-0.1315653920173645
G,G_session_001,237,0.0,0.0,0.0,-0.054953549057245255,-0.29952773451805115,-0.10618813335895538,-0.016204847022891045,-0.6434476971626282,-0.18326492607593536,0.07990389317274094,-0.8620620965957642,-0.25577017664909363,0.17704200744628906,-1.0,-0.31557410955429077,0.4062472879886627,-0.8274086713790894,-0.08222690224647522,0.5179022550582886,-0.8574625253677368,-0.20240560173988342,0.5637003779411316,-0.8895401954650879,-0.27669596672058105,0.574846625328064,-0.8614399433135986,-0.3188587427139282,0.5181571245193481,-0.572895348072052,-0.08603551983833313,0.4184597432613373,-0.6094279289245605,-0.19824479520320892,0.22521939873695374,-0.5892932415008545,-0.20682577788829803,0.18653172254562378,-0.5738037824630737,-0.186416894197464,0.5415284633636475,-0.2789113521575928,-0.11125732213258743,0.3625151813030243,-0.27433672547340393,-0.20528343319892883,0.20293767750263214,-0.2964169383049011,-0.15166936814785004,0.1963549554347992,-0.3176865577697754,-0.09527876228094101,0.5098568201065063,0.016045182943344116,-0.1526830494403839,0.3297209143638611,-0.012787401676177979,-0.21160246431827545,0.22099748253822327,-0.041617684066295624,-0.1786879152059555,0.2309289574623108,-0.06244014948606491,-0.1351810246706009
G,G_session_001,238,0.0,0.0,0.0,-0.05616464838385582,-0.3174528479576111,-0.09924567490816116,-0.023784486576914787,-0.6771053075790405,-0.17071832716464996,0.06473901867866516,-0.8952365517616272,-0.23886539041996002,0.16786840558052063,-1.0,-0.2954442501068115,0.38297173380851746,-0.8209310173988342,-0.07799740135669708,0.4717743694782257,-0.8670467734336853,-0.19228218495845795,0.5198829174041748,-0.8969423770904541,-0.26545190811157227,0.5469983816146851,-0.8879674077033997,-0.3094097077846527,0.49751991033554077,-0.5892596244812012,-0.08403559774160385,0.3733690083026886,-0.6322294473648071,-0.1941273808479309,0.20389489829540253,-0.6008727550506592,-0.210492342710495,0.17418727278709412,-0.5848001837730408,-0.1977173089981079,0.5245863795280457,-0.30881717801094055,-0.10963686555624008,0.3286922872066498,-0.3015996217727661,-0.2046913504600525,0.1904321014881134,-0.3066461384296417,-0.1645052582025528,0.1909339427947998,-0.32807233929634094,-0.11743136495351791,0.49888306856155396,-0.02222737856209278,-0.15016208589076996,0.3100970387458801,-0.040568526834249496,-0.2115677148103714,0.21047982573509216,-0.06219802424311638,-0.18732158839702606,0.2185400128364563,-0.08504720032215118,-0.1502743810415268
G,G_session_001,239,0.0,0.0,0.0,-0.05902007967233658,-0.29105642437934875,-0.10624438524246216,-0.03065282292664051,-0.6241873502731323,-0.1813717484474182,0.058931078761816025,-0.8433260917663574,-0.25003477931022644,0.13805535435676575,-1.0,-0.3055464029312134,0.3444787859916687,-0.8323411345481873,-0.08448808640241623,0.4316452443599701,-0.8750919699668884,-0.20059941709041595,0.47850385308265686,-0.905072808265686,-0.2681683599948883,0.49730727076530457,-0.8715661764144897,-0.3048158884048462,0.46406006813049316,-0.6078853607177734,-0.08523166179656982,0.3751150369644165,-0.6291476488113403,-0.19016852974891663,0.18763084709644318,-0.5829455852508545,-0.18869329988956451,0.1591864824295044,-0.5657232999801636,-0.16116158664226532,0.4988844096660614,-0.33003824949264526,-0.10760468244552612,0.3421982526779175,-0.2879240810871124,-0.2041778415441513,0.18676461279392242,-0.29632046818733215,-0.1521414965391159,0.18195205926895142,-0.32080554962158203,-0.09587935358285904,0.4789535403251648,-0.046116698533296585,-0.14457328617572784,0.32049745321273804,-0.02745526283979416,-0.20653846859931946,0.21219338476657867,-0.049090493470430374,-0.1759451925754547,0.21590693295001984,-0.07031495124101639,-0.1348285973072052
G,G_session_001,240,0.0,0.0,0.0,-0.06379364430904388,-0.2729193866252899,-0.09486562758684158,-0.030299751088023186,-0.6256411671638489,-0.1588437706232071,0.059958137571811676,-0.8475983142852783,-0.21796543896198273,0.13856475055217743,-1.0,-0.2663824260234833,0.3528822362422943,-0.8131071329116821,-0.07160880416631699,0.44663572311401367,-0.8710195422172546,-0.17565932869911194,0.5001160502433777,-0.9080187678337097,-0.2427896112203598,0.530997097492218,-0.8897717595100403,-0.28392738103866577,0.48068031668663025,-0.5915510654449463,-0.07760777324438095,0.372022807598114,-0.6044253706932068,-0.18109725415706635,0.1964443176984787,-0.562253475189209,-0.19394400715827942,0.1599387377500534,-0.5369089245796204,-0.17865592241287231,0.5180578231811523,-0.31252321600914,-0.10217190533876419,0.33585304021835327,-0.27600085735321045,-0.19438005983829498,0.19101940095424652,-0.2806280851364136,-0.15378975868225098,0.1885031759738922,-0.305305540561676,-0.10741880536079407,0.5015091896057129,-0.026159046217799187,-0.14034730195999146,0.3203330338001251,-0.01596398837864399,-0.20330902934074402,0.21877644956111908,-0.025133756920695305,-0.17911235988140106,0.22837528586387634,-0.04373521730303764,-0.14312273263931274
G,G_session_001,241,0.0,0.0,0.0,-0.07554977387189865,-0.27710509300231934,-0.1029600128531456,-0.059795357286930084,-0.6233483552932739,-0.17470590770244598,0.030242592096328735,-0.8300088047981262,-0.2378779649734497,0.11111143231391907,-1.0,-0.2879084348678589,0.3042107820510864,-0.8291212320327759,-0.09915844351053238,0.40813717246055603,-0.8673775792121887,-0.21764586865901947,0.4570004343986511,-0.9138465523719788,-0.29447638988494873,0.468966543674469,-0.9034686088562012,-0.3390254080295563,0.4263077676296234,-0.6121295094490051,-0.10201221704483032,0.3603377044200897,-0.6091060042381287,-0.20904886722564697,0.17777778208255768,-0.5582037568092346,-0.21536464989185333,0.12989147007465363,-0.5270273089408875,-0.19913531839847565,0.4654711186885834,-0.33624541759490967,-0.12461326271295547,0.3614029586315155,-0.2939800024032593,-0.2234370857477188,0.19758467376232147,-0.2923868000507355,-0.17429359257221222,0.16867220401763916,-0.2968577742576599,-0.12403440475463867,0.4566968083381653,-0.0454428493976593,-0.16077367961406708,0.33915260434150696,-0.022459598258137703,-0.23154239356517792,0.21933721005916595,-0.051381755620241165,-0.20352579653263092,0.2013518065214157,-0.07043420523405075,-0.1654474288225174
G,G_session_001,242,0.0,0.0,0.0,-0.0583931989967823,-0.2849188446998596,-0.10814644396305084,-0.043089743703603745,-0.6063546538352966,-0.18549934029579163,0.0434873104095459,-0.8263755440711975,-0.25390195846557617,0.11635555326938629,-1.0,-0.3093058466911316,0.3192117214202881,-0.8768935203552246,-0.08414821326732635,0.41358351707458496,-0.9031338691711426,-0.1911502480506897,0.46813347935676575,-0.9532637596130371,-0.25745290517807007,0.48930272459983826,-0.92452472448349,-0.29577022790908813,0.42795541882514954,-0.6325868964195251,-0.08736602216959,0.43343570828437805,-0.6546229720115662,-0.1885714828968048,0.22237958014011383,-0.5778375864028931,-0.18409541249275208,0.15906491875648499,-0.5460511445999146,-0.15493109822273254,0.46893224120140076,-0.3458192050457001,-0.11131621897220612,0.45084768533706665,-0.3143550157546997,-0.21710427105426788,0.25695478916168213,-0.3018856942653656,-0.16164438426494598,0.2028217911720276,-0.29756078124046326,-0.10012098401784897,0.46134454011917114,-0.03497133031487465,-0.1473764330148697,0.427060067653656,-0.030099255964159966,-0.2200927883386612,0.2913050949573517,-0.05177616328001022,-0.18070152401924133,0.2496640682220459,-0.06395872682332993,-0.13175487518310547
G,G_session_001,243,0.0,0.0,0.0,-0.06204657629132271,-0.28134289383888245,-0.10505571216344833,-0.04098549485206604,-0.6096587777137756,-0.17806284129619598,0.042188748717308044,-0.8263229131698608,-0.2418881356716156,0.10915812104940414,-1.0,-0.2936854064464569,0.32635676860809326,-0.8625065684318542,-0.08461380749940872,0.3952042758464813,-0.8797527551651001,-0.19736824929714203,0.4402163326740265,-0.9443908333778381,-0.2682170271873474,0.4750376045703888,-0.934293270111084,-0.31170350313186646,0.4441932141780853,-0.6285390257835388,-0.08896658569574356,0.40845876932144165,-0.6705957055091858,-0.19586320221424103,0.20255300402641296,-0.5954716801643372,-0.19136929512023926,0.15788719058036804,-0.5498139262199402,-0.16135865449905396,0.4855803847312927,-0.3501317501068115,-0.11469567567110062,0.3949933350086212,-0.3320581018924713,-0.2178320437669754,0.21263685822486877,-0.3223467469215393,-0.1604776531457901,0.1810542345046997,-0.3135201334953308,-0.09906679391860962,0.47550445795059204,-0.05386027321219444,-0.15390855073928833,0.36152252554893494,-0.05777561664581299,-0.2225165069103241,0.23903393745422363,-0.07692797482013702,-0.18881385028362274,0.22499226033687592,-0.08110283315181732,-0.1459144949913025
G,G_session_001,244,0.0,0.0,0.0,-0.0741724967956543,-0.26880690455436707,-0.0840521976351738,-0.061248909682035446,-0.6146066784858704,-0.14082182943820953,0.02257423661649227,-0.8319096565246582,-0.1929829716682434,0.09348443895578384,-1.0,-0.23548156023025513,0.2940957844257355,-0.8211307525634766,-0.05397583916783333,0.37717875838279724,-0.8645168542861938,-0.1414879411458969,0.4245178997516632,-0.9305272698402405,-0.19940583407878876,0.4470481872558594,-0.9384532570838928,-0.23634040355682373,0.40175697207450867,-0.6135919690132141,-0.06307201087474823,0.3787887990474701,-0.6538166403770447,-0.1570848822593689,0.1916222870349884,-0.5804083347320557,-0.16525064408779144,0.12598006427288055,-0.5350879430770874,-0.14690189063549042,0.4427509903907776,-0.3584216833114624,-0.08927936106920242,0.37950050830841064,-0.3522752523422241,-0.1817806512117386,0.20741422474384308,-0.3344724774360657,-0.143702432513237,0.1542515754699707,-0.3275086581707001,-0.09728293120861053,0.4395974576473236,-0.08272885531187057,-0.12589266896247864,0.35596373677253723,-0.09201165288686752,-0.18976302444934845,0.23507870733737946,-0.11100789904594421,-0.16606517136096954,0.19983069598674774,-0.1240234449505806,-0.1317388117313385
G,G_session_001,245,0.0,0.0,0.0,-0.059439536184072495,-0.27579984068870544,-0.09563994407653809,-0.04124410077929497,-0.59951251745224,-0.1602206826210022,0.03325615078210831,-0.8182201385498047,-0.21684758365154266,0.10511040687561035,-1.0,-0.262502521276474,0.31785231828689575,-0.8301377892494202,-0.0698738843202591,0.40260711312294006,-0.8518115282058716,-0.17453017830848694,0.4515691101551056,-0.9426887631416321,-0.2424745112657547,0.4743748605251312,-0.9623297452926636,-0.28422755002975464,0.42862796783447266,-0.5786406397819519,-0.08005917072296143,0.4501619338989258,-0.6572690010070801,-0.20114120841026306,0.24106916785240173,-0.5850064158439636,-0.20583906769752502,0.1442645639181137,-0.5165594816207886,-0.17518235743045807,0.46545904874801636,-0.31194597482681274,-0.11000725626945496,0.430844247341156,-0.3367902636528015,-0.22441381216049194,0.2433079034090042,-0.314548522233963,-0.17277461290359497,0.1737886667251587,-0.27231067419052124,-0.1088302955031395,0.4567720293998718,-0.01733745075762272,-0.15112422406673431,0.38506296277046204,-0.05491936579346657,-0.22479185461997986,0.26154786348342896,-0.07059406489133835,-0.19249826669692993,0.22637663781642914,-0.05807074159383774,-0.149165078997612
G,G_session_001,246,0.0,0.0,0.0,-0.07817152142524719,-0.2558777928352356,-0.08668096363544464,-0.0585295632481575,-0.6139312386512756,-0.13971902430057526,0.032861799001693726,-0.8206373453140259,-0.18809863924980164,0.09444931894540787,-1.0,-0.22906309366226196,0.2821100056171417,-0.7790163159370422,-0.059489697217941284,0.3836732506752014,-0.8351641893386841,-0.14270521700382233,0.43434563279151917,-0.9139429926872253,-0.19169485569000244,0.4436264932155609,-0.9583530426025391,-0.21894614398479462,0.3793966770172119,-0.5650295615196228,-0.06569284200668335,0.403247207403183,-0.6399887800216675,-0.16262462735176086,0.21521714329719543,-0.572400689125061,-0.16576796770095825,0.12141510844230652,-0.5277306437492371,-0.13952629268169403,0.4197614789009094,-0.3146110475063324,-0.0886600911617279,0.4193516969680786,-0.3479747772216797,-0.19825990498065948,0.23543182015419006,-0.3211122155189514,-0.1630229651927948,0.14478786289691925,-0.303221195936203,-0.10968862473964691,0.42006388306617737,-0.04357948526740074,-0.11894631385803223,0.3991895020008087,-0.09291412681341171,-0.1988091766834259,0.2639845907688141,-0.11219394952058792,-0.17322173714637756,0.19144704937934875,-0.11584360897541046,-0.13225209712982178
G,G_session_001,247,0.0,0.0,0.0,-0.06565514206886292,-0.26385119557380676,-0.08074158430099487,-0.03692195937037468,-0.5986741781234741,-0.13802488148212433,0.04118292033672333,-0.8047685027122498,-0.19326472282409668,0.09895821660757065,-1.0,-0.24126185476779938,0.3186609447002411,-0.7686427235603333,-0.05525701120495796,0.39656737446784973,-0.7978675961494446,-0.1502930074930191,0.43319299817085266,-0.8942070603370667,-0.21464282274246216,0.4476763904094696,-0.9573692679405212,-0.25331825017929077,0.42299991846084595,-0.5682691335678101,-0.06805168092250824,0.370789498090744,-0.6256703734397888,-0.15905626118183136,0.18424801528453827,-0.5677180886268616,-0.16404730081558228,0.13368695974349976,-0.5289912819862366,-0.14493347704410553,0.45614102482795715,-0.31377530097961426,-0.09859749674797058,0.37334826588630676,-0.33371272683143616,-0.19604210555553436,0.1981772929430008,-0.3168775737285614,-0.15508173406124115,0.15615622699260712,-0.30242693424224854,-0.1042897030711174,0.44656887650489807,-0.04020463302731514,-0.1388518065214157,0.3691759705543518,-0.0808320865035057,-0.2029133290052414,0.24433894455432892,-0.10187263041734695,-0.17056182026863098,0.2094363123178482,-0.09554596990346909,-0.12883976101875305
G,G_session_001,248,0.0,0.0,0.0,-0.07255477458238602,-0.25478076934814453,-0.09020093083381653,-0.041952718049287796,-0.5936015248298645,-0.15440210700035095,0.04165098816156387,-0.8040915727615356,-0.21630947291851044,0.10852037370204926,-1.0,-0.2686390280723572,0.2945689558982849,-0.7404660582542419,-0.06383063644170761,0.3945689797401428,-0.7821833491325378,-0.17576196789741516,0.42816558480262756,-0.8909717798233032,-0.2374872863292694,0.4265801012516022,-0.9699024558067322,-0.26742854714393616,0.38205987215042114,-0.5447419881820679,-0.07423965632915497,0.38052353262901306,-0.6399786472320557,-0.18392397463321686,0.1842629313468933,-0.5737252831459045,-0.17897993326187134,0.14094896614551544,-0.5325385928153992,-0.14490145444869995,0.4129662811756134,-0.307195782661438,-0.10594431310892105,0.3886972665786743,-0.347785621881485,-0.2280418425798416,0.19701112806797028,-0.31690457463264465,-0.1762135922908783,0.15503202378749847,-0.2993771731853485,-0.10953293740749359,0.406196653842926,-0.04917841777205467,-0.1467713564634323,0.38700559735298157,-0.10426118969917297,-0.2277037799358368,0.24827691912651062,-0.11236009746789932,-0.18743200600147247,0.20778866112232208,-0.10073012113571167,-0.1352926790714264
G,G_session_001,249,0.0,0.0,0.0,-0.07189637422561646,-0.253141850233078,-0.08739271759986877,-0.04157046228647232,-0.5899227261543274,-0.15280403196811676,0.03975314646959305,-0.8020873665809631,-0.21688027679920197,0.09878681600093842,-1.0,-0.2702610492706299,0.3022390902042389,-0.7617233395576477,-0.06292971968650818,0.3967041075229645,-0.7933185696601868,-0.17566974461078644,0.42514684796333313,-0.8952605128288269,-0.23622900247573853,0.4149675965309143,-0.9645575881004333,-0.26465755701065063,0.4011569619178772,-0.5728965997695923,-0.07308225333690643,0.33584922552108765,-0.6553667187690735,-0.1752028912305832,0.15215012431144714,-0.5556241273880005,-0.1646372526884079,0.13408777117729187,-0.5013386011123657,-0.1299135535955429,0.43287739157676697,-0.33431190252304077,-0.10499075800180435,0.33986884355545044,-0.3700522780418396,-0.2123887687921524,0.1668500304222107,-0.31944379210472107,-0.1539676934480667,0.15153011679649353,-0.2967584729194641,-0.08843454718589783,0.42399126291275024,-0.07925039529800415,-0.14793728291988373,0.34285998344421387,-0.12477429956197739,-0.21490566432476044,0.2161986082792282,-0.12126190960407257,-0.17381738126277924,0.1990216076374054,-0.10598893463611603,-0.12441020458936691
G,G_session_001,250,0.0,0.0,0.0,-0.06583895534276962,-0.2549091577529907,-0.07645648717880249,-0.035497620701789856,-0.5929521918296814,-0.13172157108783722,0.043904442340135574,-0.8104690909385681,-0.18650975823402405,0.09794691205024719,-1.0,-0.23323266208171844,0.28764793276786804,-0.750908613204956,-0.050102055072784424,0.37944063544273376,-0.7802450656890869,-0.14903624355793,0.4087783694267273,-0.8901965022087097,-0.2050318419933319,0.4082009792327881,-0.9660565257072449,-0.23420840501785278,0.37837377190589905,-0.5633479356765747,-0.06328313797712326,0.3644479811191559,-0.6396423578262329,-0.160138338804245,0.17136867344379425,-0.5738281011581421,-0.15241855382919312,0.12792809307575226,-0.5302119851112366,-0.119155652821064,0.4092997610569,-0.3336649239063263,-0.09575467556715012,0.36503326892852783,-0.36438095569610596,-0.20283733308315277,0.18243221938610077,-0.337229460477829,-0.15441091358661652,0.14516007900238037,-0.3180246949195862,-0.09413483738899231,0.40316516160964966,-0.08706992864608765,-0.1366831213235855,0.3531637489795685,-0.12764383852481842,-0.20735187828540802,0.22269466519355774,-0.14190858602523804,-0.17246684432029724,0.18943162262439728,-0.1340402513742447,-0.12721025943756104
G,G_session_001,251,0.0,0.0,0.0,-0.06646767258644104,-0.2564104199409485,-0.07482355087995529,-0.03242837265133858,-0.5852937698364258,-0.12988507747650146,0.05031059309840202,-0.8002948760986328,-0.1843225210905075,0.0990966185927391,-1.0,-0.22985579073429108,0.28951582312583923,-0.7481164336204529,-0.050685182213783264,0.37362876534461975,-0.7836018204689026,-0.1529884934425354,0.3998930752277374,-0.8861654996871948,-0.2123013585805893,0.4084947109222412,-0.9558208584785461,-0.24396772682666779,0.3793356716632843,-0.5609621405601501,-0.06362210959196091,0.34226274490356445,-0.644187331199646,-0.15630477666854858,0.15530425310134888,-0.5596533417701721,-0.14644956588745117,0.1349085122346878,-0.5102757215499878,-0.11455167084932327,0.40910467505455017,-0.32856854796409607,-0.09611431509256363,0.3458104431629181,-0.36703792214393616,-0.19723431766033173,0.1673957258462906,-0.3333966135978699,-0.14375242590904236,0.14857739210128784,-0.31310179829597473,-0.08281076699495316,0.4035540521144867,-0.08121724426746368,-0.13773323595523834,0.34066256880760193,-0.1273341029882431,-0.20041857659816742,0.21496501564979553,-0.13703195750713348,-0.16149412095546722,0.1954769343137741,-0.12328778952360153,-0.11532353609800339
G,G_session_001,252,0.0,0.0,0.0,-0.06681718677282333,-0.25134944915771484,-0.07849036157131195,-0.030672738328576088,-0.5779564380645752,-0.1375551074743271,0.05337228998541832,-0.7960826754570007,-0.19583962857723236,0.10335079580545425,-1.0,-0.2432948648929596,0.3030075132846832,-0.7448558211326599,-0.05254851654171944,0.38355398178100586,-0.7818597555160522,-0.15485943853855133,0.4085104167461395,-0.8770784735679626,-0.21070615947246552,0.40969252586364746,-0.9399732351303101,-0.23935717344284058,0.4071834087371826,-0.5617547035217285,-0.06246824562549591,0.3092447817325592,-0.6302517652511597,-0.15032869577407837,0.13341623544692993,-0.5238100290298462,-0.13754835724830627,0.13622406125068665,-0.47249844670295715,-0.10573102533817291,0.43849337100982666,-0.32552585005760193,-0.09237751364707947,0.3117449879646301,-0.34972405433654785,-0.1822517067193985,0.1491202712059021,-0.30632007122039795,-0.12414444983005524,0.1533614695072174,-0.2919188439846039,-0.06472770124673843,0.4281066060066223,-0.07855739444494247,-0.13347318768501282,0.30812668800354004,-0.10592328757047653,-0.18886570632457733,0.19110584259033203,-0.11588427424430847,-0.15226225554943085,0.18923141062259674,-0.11395824700593948,-0.10937146842479706
G,G_session_001,253,0.0,0.0,0.0,-0.06639488786458969,-0.25578591227531433,-0.0799974650144577,-0.03724069893360138,-0.5836552381515503,-0.1418209969997406,0.04332708194851875,-0.8033123016357422,-0.20287521183490753,0.1043001338839531,-1.0,-0.25344061851501465,0.28883668780326843,-0.7570139765739441,-0.05075594410300255,0.36728307604789734,-0.7852174639701843,-0.1541493684053421,0.39694342017173767,-0.8817617893218994,-0.21237505972385406,0.4050426185131073,-0.9552111029624939,-0.24222847819328308,0.3833060562610626,-0.5799182653427124,-0.059165745973587036,0.3163929581642151,-0.6446564197540283,-0.14893388748168945,0.13884305953979492,-0.5471372008323669,-0.13764061033725739,0.13127321004867554,-0.5060311555862427,-0.10544731467962265,0.4125778079032898,-0.3513284921646118,-0.08777996897697449,0.3306218385696411,-0.37079575657844543,-0.1885318160057068,0.15854483842849731,-0.33376172184944153,-0.13885147869586945,0.14372782409191132,-0.32779476046562195,-0.08100825548171997,0.40457576513290405,-0.10805752128362656,-0.12577266991138458,0.3236422836780548,-0.13833598792552948,-0.1911609023809433,0.19880785048007965,-0.1542627364397049,-0.15849173069000244,0.17817886173725128,-0.1616048961877823,-0.11600353568792343
G,G_session_001,254,0.0,0.0,0.0,-0.06197936832904816,-0.2588179409503937,-0.08678904175758362,-0.03118789568543434,-0.5814104080200195,-0.14657048881053925,0.05898447334766388,-0.7972968220710754,-0.2030724585056305,0.11770030856132507,-1.0,-0.2511751651763916,0.31438329815864563,-0.7628839612007141,-0.05972655490040779,0.39484286308288574,-0.8061370253562927,-0.15246446430683136,0.42323651909828186,-0.907675564289093,-0.206731379032135,0.4303623139858246,-0.9499211311340332,-0.23660220205783844,0.41812390089035034,-0.5599761605262756,-0.06589940190315247,0.35073286294937134,-0.6187946200370789,-0.15104173123836517,0.1649571657180786,-0.5688432455062866,-0.14806994795799255,0.13692986965179443,-0.5366494059562683,-0.1233578696846962,0.4474433958530426,-0.31196948885917664,-0.09051162749528885,0.3420756459236145,-0.33682605624198914,-0.18120184540748596,0.17162084579467773,-0.33875033259391785,-0.13985252380371094,0.15173080563545227,-0.3375261127948761,-0.09145449101924896,0.4327732026576996,-0.05671379342675209,-0.12558449804782867,0.3103586435317993,-0.101682648062706,-0.18419477343559265,0.19561825692653656,-0.13262511789798737,-0.15716998279094696,0.18437889218330383,-0.13627298176288605,-0.1210232824087143
G,G_session_001,255,0.0,0.0,0.0,-0.05828329548239708,-0.2577610909938812,-0.0871129035949707,-0.021321434527635574,-0.5888720154762268,-0.15027344226837158,0.07537228614091873,-0.8019854426383972,-0.21086600422859192,0.1392909586429596,-1.0,-0.26212188601493835,0.33337220549583435,-0.7631210088729858,-0.06218612566590309,0.4281750023365021,-0.8012293577194214,-0.16065248847007751,0.464693546295166,-0.8949812650680542,-0.21687114238739014,0.46366533637046814,-0.9413350224494934,-0.2469426393508911,0.43704360723495483,-0.5570525527000427,-0.06932748109102249,0.35877683758735657,-0.620438277721405,-0.15864424407482147,0.18034636974334717,-0.5582090020179749,-0.15535926818847656,0.15221311151981354,-0.5283357501029968,-0.1302894800901413,0.4661098122596741,-0.30188849568367004,-0.09547186642885208,0.3461095094680786,-0.3260730803012848,-0.1843988001346588,0.1844412386417389,-0.3225877285003662,-0.13856379687786102,0.16396883130073547,-0.3329198658466339,-0.08874969184398651,0.44794896245002747,-0.03897899016737938,-0.13303492963314056,0.31323984265327454,-0.07727749645709991,-0.19233930110931396,0.20090670883655548,-0.10464799404144287,-0.16558091342449188,0.19236621260643005,-0.1198064535856247,-0.12971103191375732
G,G_session_001,256,0.0,0.0,0.0,-0.05021117255091667,-0.2710730731487274,-0.09013725072145462,-0.002987201325595379,-0.5989783406257629,-0.1540677398443222,0.10074736177921295,-0.8072223663330078,-0.21507872641086578,0.1594938337802887,-1.0,-0.2678045332431793,0.3585238456726074,-0.7631915807723999,-0.06642216444015503,0.4550797641277313,-0.8073304891586304,-0.16020819544792175,0.49371832609176636,-0.8871200084686279,-0.21364127099514008,0.4932991862297058,-0.9089502096176147,-0.24324063956737518,0.46775534749031067,-0.5410861968994141,-0.07307112216949463,0.36564961075782776,-0.6087816953659058,-0.1594201624393463,0.18573783338069916,-0.5561108589172363,-0.15769629180431366,0.15647901594638824,-0.519081711769104,-0.13456882536411285,0.495848149061203,-0.27636027336120605,-0.09800221771001816,0.33969858288764954,-0.3048138916492462,-0.18151116371154785,0.18366461992263794,-0.3038937747478485,-0.13455262780189514,0.16729487478733063,-0.3047037422657013,-0.08563027530908585,0.47334879636764526,-0.009246034547686577,-0.13561095297336578,0.31689366698265076,-0.05208759754896164,-0.19207927584648132,0.2059013545513153,-0.07718908786773682,-0.16388632357120514,0.19949620962142944,-0.08664725720882416,-0.1270117163658142
G,G_session_001,257,0.0,0.0,0.0,-0.05043157562613487,-0.2751767337322235,-0.09403537213802338,-0.015420167706906796,-0.5954840183258057,-0.16254138946533203,0.08236214518547058,-0.8130179643630981,-0.2276581972837448,0.1483154445886612,-1.0,-0.2819597125053406,0.34261253476142883,-0.784853994846344,-0.07408308982849121,0.4558795392513275,-0.8387817740440369,-0.16824442148208618,0.48955243825912476,-0.8896456956863403,-0.21536707878112793,0.470081090927124,-0.8759142160415649,-0.2366541177034378,0.45398402214050293,-0.5590270757675171,-0.07531845569610596,0.3709949254989624,-0.6096760630607605,-0.15866270661354065,0.1978829801082611,-0.5694817900657654,-0.15399087965488434,0.16272790729999542,-0.5504835247993469,-0.12819154560565948,0.48941320180892944,-0.2947404682636261,-0.09475566446781158,0.3375689387321472,-0.3119905889034271,-0.17274707555770874,0.19031690061092377,-0.3231160640716553,-0.12832799553871155,0.17097054421901703,-0.34018176794052124,-0.08166559040546417,0.4745130240917206,-0.03249572217464447,-0.1269831508398056,0.3237525224685669,-0.06580113619565964,-0.17796777188777924,0.2183694988489151,-0.09407483786344528,-0.15076671540737152,0.20827245712280273,-0.11482797563076019,-0.11459038406610489
G,G_session_001,258,0.0,0.0,0.0,-0.051593903452157974,-0.28885599970817566,-0.09234132617712021,-0.007410537917166948,-0.6143996119499207,-0.15349623560905457,0.09424447268247604,-0.8148561716079712,-0.21007809042930603,0.15517985820770264,-1.0,-0.2562910318374634,0.33629000186920166,-0.784818172454834,-0.07027996331453323,0.42779335379600525,-0.8275361657142639,-0.1740206480026245,0.45563408732414246,-0.8605406284332275,-0.23395971953868866,0.451651930809021,-0.8594641089439392,-0.2653164565563202,0.43981680274009705,-0.573348879814148,-0.07534068822860718,0.38040032982826233,-0.602702260017395,-0.17547789216041565,0.20137445628643036,-0.5565443634986877,-0.18174901604652405,0.15574751794338226,-0.5494040846824646,-0.1614006906747818,0.475035697221756,-0.32115864753723145,-0.09926106035709381,0.3585136830806732,-0.30531561374664307,-0.19337573647499084,0.19863499701023102,-0.3045044541358948,-0.1528557986021042,0.17506718635559082,-0.32890555262565613,-0.10473662614822388,0.4661082327365875,-0.05726315453648567,-0.135433629155159,0.34491613507270813,-0.05843249335885048,-0.19513389468193054,0.22530077397823334,-0.08233039081096649,-0.16863244771957397,0.21108534932136536,-0.10900508612394333,-0.13175104558467865
G,G_session_001,259,0.0,0.0,0.0,-0.051324181258678436,-0.2942829728126526,-0.08692692965269089,0.00063473911723122,-0.6062803864479065,-0.1489245593547821,0.10983865708112717,-0.8013623952865601,-0.20694705843925476,0.1552145630121231,-1.0,-0.25634706020355225,0.3411577045917511,-0.8005965948104858,-0.06734859198331833,0.4229705333709717,-0.8336586356163025,-0.16259229183197021,0.4615727961063385,-0.8611844182014465,-0.21748383343219757,0.48717084527015686,-0.8321919441223145,-0.24926672875881195,0.44647011160850525,-0.5795141458511353,-0.07415124028921127,0.3759310245513916,-0.5885103344917297,-0.16236811876296997,0.196628138422966,-0.5474756956100464,-0.16109998524188995,0.1711154729127884,-0.5413530468940735,-0.1393183469772339,0.4788636565208435,-0.318299800157547,-0.09887076169252396,0.3542747497558594,-0.2940768003463745,-0.18287387490272522,0.1967565417289734,-0.29780614376068115,-0.13815003633499146,0.18799132108688354,-0.31991875171661377,-0.09269949793815613,0.46710774302482605,-0.05724598839879036,-0.13564492762088776,0.334055095911026,-0.04942062869668007,-0.18820863962173462,0.22358006238937378,-0.06486781686544418,-0.16123297810554504,0.2252185344696045,-0.08464798331260681,-0.1281079798936844
G,G_session_001,260,0.0,0.0,0.0,-0.04858509451150894,-0.2956859767436981,-0.09934529662132263,0.00376147567294538,-0.6073974370956421,-0.17098134756088257,0.11375025659799576,-0.8013145327568054,-0.23742537200450897,0.16830720007419586,-1.0,-0.2935454249382019,0.36840105056762695,-0.789251983165741,-0.07500914484262466,0.45444610714912415,-0.8208309412002563,-0.17782717943191528,0.49057403206825256,-0.8664517402648926,-0.23578009009361267,0.5072522163391113,-0.8428711295127869,-0.26866450905799866,0.4756501019001007,-0.5530768632888794,-0.07910651713609695,0.40190258622169495,-0.5949903726577759,-0.17614692449569702,0.21296392381191254,-0.5532426834106445,-0.1744818240404129,0.1850835382938385,-0.5306863188743591,-0.14956606924533844,0.5059029459953308,-0.28391125798225403,-0.10322817414999008,0.3725878894329071,-0.283348023891449,-0.19263337552547455,0.21279357373714447,-0.2895461916923523,-0.14282824099063873,0.20493200421333313,-0.2999837398529053,-0.09217275679111481,0.4901694059371948,-0.013156871311366558,-0.1411590874195099,0.34551534056663513,-0.022853227332234383,-0.197355717420578,0.24043278396129608,-0.03837216645479202,-0.1692972332239151,0.2485811561346054,-0.051548730581998825,-0.13395345211029053
G,G_session_001,261,0.0,0.0,0.0,-0.0452377013862133,-0.2974930703639984,-0.10568380355834961,-0.00258782715536654,-0.6078396439552307,-0.17887884378433228,0.10405527055263519,-0.8109051585197449,-0.24361957609653473,0.16550125181674957,-1.0,-0.2947183847427368,0.34162867069244385,-0.8103104829788208,-0.07717736065387726,0.42430579662323,-0.8351162672042847,-0.19612006843090057,0.47502127289772034,-0.853816568851471,-0.2606284022331238,0.4974718391895294,-0.8065779209136963,-0.2936350405216217,0.442570298910141,-0.5708599090576172,-0.07647498697042465,0.4256766140460968,-0.5957939624786377,-0.18908214569091797,0.22866347432136536,-0.5236655473709106,-0.17834126949310303,0.18758456408977509,-0.5080083012580872,-0.13995707035064697,0.48230019211769104,-0.31006699800491333,-0.09933099150657654,0.3972374498844147,-0.28100892901420593,-0.20818042755126953,0.22638492286205292,-0.27140167355537415,-0.1506900191307068,0.2070763111114502,-0.29335370659828186,-0.0872105285525322,0.47983378171920776,-0.03897358477115631,-0.13543230295181274,0.37053361535072327,-0.02202705107629299,-0.20474520325660706,0.2529912292957306,-0.02923777513206005,-0.17401501536369324,0.2501544654369354,-0.05283341184258461,-0.1333998590707779
G,G_session_001,262,0.0,0.0,0.0,-0.03541368618607521,-0.28904202580451965,-0.09872763603925705,0.01963641308248043,-0.5925700664520264,-0.17425864934921265,0.12488368898630142,-0.801250159740448,-0.24452365934848785,0.18955308198928833,-1.0,-0.3045031726360321,0.4136195182800293,-0.7805075645446777,-0.07180912792682648,0.4867115616798401,-0.8059889078140259,-0.17545801401138306,0.5216052532196045,-0.8744432330131531,-0.2375519573688507,0.5405457019805908,-0.8578994274139404,-0.2740180194377899,0.5262283682823181,-0.5232542753219604,-0.0755506157875061,0.42226359248161316,-0.5898967385292053,-0.15889251232147217,0.22432133555412292,-0.5519118309020996,-0.1496167927980423,0.20693539083003998,-0.5104860067367554,-0.12310242652893066,0.5496235489845276,-0.2388448417186737,-0.10017625242471695,0.39123666286468506,-0.26532137393951416,-0.18222829699516296,0.22670090198516846,-0.2951170802116394,-0.12939602136611938,0.22103746235370636,-0.2993023991584778,-0.0786844864487648,0.5182781219482422,0.04285633936524391,-0.1388903111219406,0.36360234022140503,0.003931500483304262,-0.1923477202653885,0.24939502775669098,-0.04377485066652298,-0.16201962530612946,0.2403811514377594,-0.0631709098815918,-0.12544260919094086
G,G_session_001,263,0.0,0.0,0.0,-0.043919637799263,-0.29036369919776917,-0.09640248119831085,0.005168756004422903,-0.6108304262161255,-0.17267094552516937,0.11642314493656158,-0.8119936585426331,-0.24522440135478973,0.18458636105060577,-1.0,-0.30636829137802124,0.3842270076274872,-0.742556631565094,-0.07697320729494095,0.47350364923477173,-0.7577570676803589,-0.18248240649700165,0.5140575766563416,-0.8038750290870667,-0.23976467549800873,0.5241623520851135,-0.8060336709022522,-0.2694387137889862,0.4893021881580353,-0.514849841594696,-0.07994597405195236,0.38301196694374084,-0.5543307662010193,-0.16589416563510895,0.20849137008190155,-0.5116814374923706,-0.15743395686149597,0.1974402219057083,-0.48005756735801697,-0.1304491013288498,0.513033926486969,-0.24667614698410034,-0.10274966806173325,0.35714033246040344,-0.24872799217700958,-0.18682202696800232,0.20950250327587128,-0.2694019675254822,-0.13539788126945496,0.20808149874210358,-0.28345903754234314,-0.08448286354541779,0.4906849265098572,0.02631385810673237,-0.1389232724905014,0.3430599570274353,0.006021922919899225,-0.19418767094612122,0.23721720278263092,-0.025419285520911217,-0.16330499947071075,0.23336924612522125,-0.04103446006774902,-0.12475919723510742
G,G_session_001,264,0.0,0.0,0.0,-0.0477784238755703,-0.3170473277568817,-0.08541570603847504,-0.001354220905341208,-0.6230971217155457,-0.15646830201148987,0.10867717862129211,-0.8222307562828064,-0.22236065566539764,0.179115891456604,-1.0,-0.2776676118373871,0.3603724539279938,-0.7961061596870422,-0.06764020025730133,0.43347084522247314,-0.8148483037948608,-0.16396774351596832,0.4817013740539551,-0.8395146727561951,-0.22391049563884735,0.5141947865486145,-0.8042057156562805,-0.261561781167984,0.47458288073539734,-0.5573709011077881,-0.0712512657046318,0.370306134223938,-0.58908611536026,-0.14735227823257446,0.20082701742649078,-0.5434342622756958,-0.14046213030815125,0.18791437149047852,-0.513486921787262,-0.11944183707237244,0.5032580494880676,-0.2908269166946411,-0.0926181897521019,0.3484264612197876,-0.2778322398662567,-0.16144715249538422,0.2094971239566803,-0.28343725204467773,-0.11097460985183716,0.2089763730764389,-0.28259485960006714,-0.06762674450874329,0.48473626375198364,-0.016743937507271767,-0.12697632610797882,0.3266603946685791,-0.012735169380903244,-0.17093728482723236,0.23021893203258514,-0.027378948405385017,-0.14434991776943207,0.23503680527210236,-0.03896689414978027,-0.11415856331586838
G,G_session_001,265,0.0,0.0,0.0,-0.052409421652555466,-0.30181723833084106,-0.10069143772125244,-0.00543369771912694,-0.6071356534957886,-0.17729738354682922,0.10075069963932037,-0.8046798706054688,-0.24802392721176147,0.17031970620155334,-1.0,-0.30662867426872253,0.36133119463920593,-0.7717611193656921,-0.07774299383163452,0.44454872608184814,-0.7960734963417053,-0.1804162859916687,0.49445345997810364,-0.8320131301879883,-0.24013623595237732,0.5231892466545105,-0.800998330116272,-0.27510398626327515,0.478585809469223,-0.5387230515480042,-0.07691550254821777,0.35408297181129456,-0.536392331123352,-0.16683650016784668,0.18286006152629852,-0.48432764410972595,-0.16191114485263824,0.1774679273366928,-0.46056634187698364,-0.1379965841770172,0.507264256477356,-0.2683340311050415,-0.09590566903352737,0.3334461450576782,-0.2306382954120636,-0.17655694484710693,0.19522929191589355,-0.23442719876766205,-0.12279538065195084,0.20417405664920807,-0.24367409944534302,-0.0731794461607933,0.4894767999649048,0.006941864732652903,-0.1295110285282135,0.3145885765552521,0.02681107632815838,-0.1838838756084442,0.22629055380821228,0.028800250962376595,-0.1569332778453827,0.24811549484729767,0.02683114819228649,-0.12217672169208527
G,G_session_001,266,0.0,0.0,0.0,-0.0529952310025692,-0.29782217741012573,-0.08546816557645798,-0.000653924245852977,-0.6273690462112427,-0.1513330042362213,0.10783592611551285,-0.8173628449440002,-0.21495023369789124,0.17678101360797882,-1.0,-0.26648369431495667,0.37217870354652405,-0.7684042453765869,-0.06359750777482986,0.45736098289489746,-0.7787280082702637,-0.16743016242980957,0.5006168484687805,-0.8138461709022522,-0.22669655084609985,0.5226557850837708,-0.8103565573692322,-0.2605665922164917,0.48688802123069763,-0.5410578846931458,-0.0715998113155365,0.3610580265522003,-0.5396178960800171,-0.16187794506549835,0.19102294743061066,-0.4843475818634033,-0.15705746412277222,0.18985553085803986,-0.46744853258132935,-0.13301773369312286,0.5176642537117004,-0.2678360044956207,-0.09874215722084045,0.34546032547950745,-0.22799739241600037,-0.1796099990606308,0.20350079238414764,-0.22626464068889618,-0.12470673024654388,0.2149570733308792,-0.24836519360542297,-0.07389115542173386,0.5013035535812378,0.0126928286626935,-0.13956324756145477,0.32557183504104614,0.030138131231069565,-0.19432717561721802,0.2334340363740921,0.03484415262937546,-0.16621094942092896,0.2614537477493286,0.0297402311116457,-0.13047003746032715
G,G_session_001,267,0.0,0.0,0.0,-0.056958843022584915,-0.29333531856536865,-0.09226739406585693,-0.006577146239578724,-0.6223974823951721,-0.16555102169513702,0.10730979591608047,-0.8138748407363892,-0.23417194187641144,0.1774088591337204,-1.0,-0.2917937934398651,0.37503403425216675,-0.7511081695556641,-0.0751495212316513,0.47075676918029785,-0.7604264616966248,-0.1871650367975235,0.5202194452285767,-0.8113904595375061,-0.2569567859172821,0.5414381623268127,-0.8052889108657837,-0.29855477809906006,0.4889361560344696,-0.5037906765937805,-0.0805101990699768,0.3835999667644501,-0.5509752631187439,-0.1793365478515625,0.2061110883951187,-0.5042240619659424,-0.17683368921279907,0.19088540971279144,-0.46496492624282837,-0.15390199422836304,0.5165719389915466,-0.22761867940425873,-0.10598354041576385,0.35684093832969666,-0.2386689931154251,-0.19304178655147552,0.21027310192584991,-0.23714102804660797,-0.13614164292812347,0.2103557139635086,-0.23305049538612366,-0.08340105414390564,0.49964940547943115,0.05227786675095558,-0.14551551640033722,0.3300500810146332,0.023656761273741722,-0.20379538834095,0.23992027342319489,0.02222694642841816,-0.175120547413826,0.2627847194671631,0.026777535676956177,-0.13937722146511078
G,G_session_001,268,0.0,0.0,0.0,-0.07252304255962372,-0.29302889108657837,-0.09186147153377533,-0.023499665781855583,-0.6206356883049011,-0.161429762840271,0.08834681659936905,-0.8205345869064331,-0.22534394264221191,0.1598597764968872,-1.0,-0.2787971794605255,0.3282032907009125,-0.7659859657287598,-0.078592948615551,0.41705796122550964,-0.776955246925354,-0.18783923983573914,0.4739520847797394,-0.8015166521072388,-0.2575879395008087,0.5134598016738892,-0.778862476348877,-0.3012310862541199,0.4479173421859741,-0.5422990322113037,-0.08136725425720215,0.35323566198349,-0.5526984930038452,-0.17470718920230865,0.18894445896148682,-0.5013816356658936,-0.17473040521144867,0.18033550679683685,-0.4788382649421692,-0.1570434272289276,0.4822392165660858,-0.2767074406147003,-0.10325092077255249,0.3425872027873993,-0.24397630989551544,-0.1868559718132019,0.2009768933057785,-0.2385699450969696,-0.13669994473457336,0.2026028037071228,-0.24577420949935913,-0.09167706221342087,0.4736133813858032,-0.004411397036164999,-0.1387133002281189,0.3214513063430786,0.014489063061773777,-0.19643929600715637,0.22347454726696014,0.005812577437609434,-0.1740974485874176,0.2368663102388382,-0.0057724835351109505,-0.1456442028284073
G,G_session_001,269,0.0,0.0,0.0,-0.05284404009580612,-0.30547934770584106,-0.12773986160755157,-0.003004076424986124,-0.6188559532165527,-0.2253066450357437,0.09757944941520691,-0.8210398554801941,-0.3104264438152313,0.18718351423740387,-1.0,-0.3862336277961731,0.38898956775665283,-0.7445746064186096,-0.11934443563222885,0.45786216855049133,-0.7878274321556091,-0.2435476928949356,0.5240013003349304,-0.8305125832557678,-0.3267352879047394,0.5862104892730713,-0.7870914340019226,-0.3799368441104889,0.5050483345985413,-0.47753679752349854,-0.111396424472332,0.39604437351226807,-0.5777613520622253,-0.22081764042377472,0.20951686799526215,-0.5230470895767212,-0.22065937519073486,0.20156866312026978,-0.4589824080467224,-0.1986168622970581,0.5317369699478149,-0.19095531105995178,-0.1253552883863449,0.3763289749622345,-0.2591194212436676,-0.21763932704925537,0.22106212377548218,-0.26373177766799927,-0.1527177095413208,0.21859930455684662,-0.23508265614509583,-0.09368110448122025,0.5115765929222107,0.08782894164323807,-0.1568392664194107,0.3582097887992859,0.002541707595810294,-0.2179475724697113,0.2620144188404083,-0.009923378936946392,-0.18186810612678528,0.2754216194152832,0.014759190380573273,-0.13968876004219055
G,G_session_001,270,0.0,0.0,0.0,-0.05740946903824806,-0.29678767919540405,-0.12275431305170059,-0.0025938893668353558,-0.6279223561286926,-0.21304401755332947,0.11864971369504929,-0.8174909353256226,-0.29335907101631165,0.2064443826675415,-1.0,-0.35800930857658386,0.3806624710559845,-0.7633923888206482,-0.1078716367483139,0.4658723771572113,-0.7917437553405762,-0.23930072784423828,0.5259253978729248,-0.7994289994239807,-0.31253257393836975,0.5653514266014099,-0.759662389755249,-0.35127145051956177,0.4992315173149109,-0.5295780301094055,-0.10066433250904083,0.38933494687080383,-0.5185445547103882,-0.2157479226589203,0.2062413990497589,-0.4687057435512543,-0.20746639370918274,0.20208971202373505,-0.46263521909713745,-0.1762164682149887,0.5358431339263916,-0.25432783365249634,-0.11768919229507446,0.3849536180496216,-0.19735389947891235,-0.2224911004304886,0.2326534390449524,-0.2007104456424713,-0.16105374693870544,0.2407906949520111,-0.2297404706478119,-0.10110822319984436,0.5288737416267395,0.031756799668073654,-0.15131135284900665,0.38000935316085815,0.06619364768266678,-0.21832461655139923,0.267471045255661,0.0503656268119812,-0.18686443567276,0.2798512578010559,0.022933559492230415,-0.146818146109581
G,G_session_001,271,0.0,0.0,0.0,-0.05291783809661865,-0.29935798048973083,-0.1302318274974823,-0.004171289037913084,-0.6147593259811401,-0.23133276402950287,0.10735085606575012,-0.8186589479446411,-0.3243688941001892,0.20862650871276855,-1.0,-0.4029511511325836,0.39032062888145447,-0.7789134979248047,-0.1083928793668747,0.4825341999530792,-0.8030195832252502,-0.24869602918624878,0.5462846159934998,-0.8125443458557129,-0.3249843418598175,0.5856431722640991,-0.7532528638839722,-0.3620844781398773,0.5103113651275635,-0.5350399017333984,-0.09868764877319336,0.3967931270599365,-0.5262487530708313,-0.21482640504837036,0.20635206997394562,-0.46833309531211853,-0.20500466227531433,0.21228419244289398,-0.46889129281044006,-0.1700368970632553,0.5454283356666565,-0.24782004952430725,-0.11482886224985123,0.3858468234539032,-0.19790245592594147,-0.22207923233509064,0.22689448297023773,-0.204843208193779,-0.16155578196048737,0.24119965732097626,-0.2431005984544754,-0.1003657728433609,0.5321407318115234,0.04425342008471489,-0.14763249456882477,0.3645685613155365,0.07637502253055573,-0.2129303365945816,0.2527104616165161,0.058732520788908005,-0.17947079241275787,0.2669045031070709,0.03397497162222862,-0.13633224368095398
G,G_session_001,272,0.0,0.0,0.0,-0.0545225590467453,-0.3008280098438263,-0.13658347725868225,-0.010460734367370605,-0.6177548170089722,-0.23516961932182312,0.10410743206739426,-0.8229855895042419,-0.32281771302223206,0.2090044617652893,-1.0,-0.3941529393196106,0.3893249034881592,-0.8058483004570007,-0.11509835720062256,0.47754374146461487,-0.8277996182441711,-0.2648540437221527,0.5444648861885071,-0.8248019814491272,-0.3521961569786072,0.590228796005249,-0.7576709985733032,-0.39631614089012146,0.5145374536514282,-0.5595072507858276,-0.10018223524093628,0.4022488594055176,-0.512507438659668,-0.22303704917430878,0.20626692473888397,-0.4664088487625122,-0.21480262279510498,0.20401056110858917,-0.48010215163230896,-0.18022693693637848,0.5534430742263794,-0.2701645791530609,-0.1124807819724083,0.3862759470939636,-0.18303026258945465,-0.22950607538223267,0.22550389170646667,-0.20086117088794708,-0.16981859505176544,0.2365466207265854,-0.2506367862224579,-0.10562971979379654,0.5438281893730164,0.02452617697417736,-0.1419048309326172,0.37350714206695557,0.08067739754915237,-0.21631841361522675,0.2583985924720764,0.05561457946896553,-0.1847829818725586,0.26961520314216614,0.014885767363011837,-0.14031337201595306
G,G_session_001,273,0.0,0.0,0.0,-0.05288202688097954,-0.29966726899147034,-0.14114968478679657,-0.010947472415864468,-0.6118876934051514,-0.24433882534503937,0.10580450296401978,-0.8240722417831421,-0.33546018600463867,0.21704095602035522,-1.0,-0.4087209105491638,0.4027315378189087,-0.816288411617279,-0.11981188505887985,0.5027473568916321,-0.8255793452262878,-0.26937219500541687,0.5678204298019409,-0.8304854035377502,-0.3499283492565155,0.6004012823104858,-0.7655055522918701,-0.38771191239356995,0.529255211353302,-0.5555257797241211,-0.10268789529800415,0.43012428283691406,-0.5158941745758057,-0.22475548088550568,0.2239764928817749,-0.471119225025177,-0.20841167867183685,0.21411579847335815,-0.48577430844306946,-0.1665753722190857,0.5666400194168091,-0.2573767304420471,-0.113684743642807,0.4060218930244446,-0.16977770626544952,-0.23319624364376068,0.23584122955799103,-0.1929277777671814,-0.170431986451149,0.2430175542831421,-0.2460363209247589,-0.10292655229568481,0.5536211133003235,0.04911511391401291,-0.14141161739826202,0.3885788321495056,0.10899509489536285,-0.21588940918445587,0.2667192816734314,0.07523233443498611,-0.1824321746826172,0.2715097963809967,0.025462687015533447,-0.1363571137189865
G,G_session_001,274,0.0,0.0,0.0,-0.04477773234248161,-0.30369052290916443,-0.13369610905647278,0.0006543054478242993,-0.6136031150817871,-0.23489710688591003,0.11743133515119553,-0.8165275454521179,-0.3255229890346527,0.2223694920539856,-1.0,-0.3988557755947113,0.42290300130844116,-0.8306453227996826,-0.11341243237257004,0.5187920928001404,-0.8179401159286499,-0.25935834646224976,0.5815452337265015,-0.8252137899398804,-0.3394037187099457,0.6106027364730835,-0.7668030261993408,-0.37751761078834534,0.5482680797576904,-0.5620487332344055,-0.10075855255126953,0.443634033203125,-0.4992032051086426,-0.2176152914762497,0.23383748531341553,-0.4714980125427246,-0.20090855658054352,0.2188555747270584,-0.4921588897705078,-0.16000838577747345,0.583314836025238,-0.2585940957069397,-0.11539050191640854,0.4171806871891022,-0.15972493588924408,-0.23123139142990112,0.246651291847229,-0.19753465056419373,-0.16851624846458435,0.25088968873023987,-0.25987163186073303,-0.1014251559972763,0.5648983716964722,0.05164295434951782,-0.14631754159927368,0.4010692834854126,0.11197137087583542,-0.2176947295665741,0.2790762186050415,0.0664818063378334,-0.18194305896759033,0.28091949224472046,0.005095988512039185,-0.13445289433002472
G,G_session_001,275,0.0,0.0,0.0,-0.05759943649172783,-0.318978488445282,-0.10175164043903351,-0.013598477467894554,-0.6538543701171875,-0.17688077688217163,0.10034125298261642,-0.8387293815612793,-0.24636885523796082,0.18189974129199982,-1.0,-0.3041301667690277,0.3842455744743347,-0.8092873096466064,-0.08060816675424576,0.4518989026546478,-0.8616155385971069,-0.19330129027366638,0.5073427557945251,-0.8705514073371887,-0.26529261469841003,0.5547369718551636,-0.8276873826980591,-0.30819860100746155,0.4982711672782898,-0.5762388706207275,-0.0829179510474205,0.38645172119140625,-0.5623831748962402,-0.1799750030040741,0.2115076631307602,-0.5388283133506775,-0.18524155020713806,0.19603374600410461,-0.5493715405464172,-0.1681736558675766,0.5268716812133789,-0.2960050106048584,-0.10546162724494934,0.3579006791114807,-0.2533632516860962,-0.1946023404598236,0.21511556208133698,-0.2804102897644043,-0.15018369257450104,0.2181348204612732,-0.3223535716533661,-0.10365333408117294,0.5068734288215637,-0.008813653141260147,-0.1426006406545639,0.3482855558395386,-0.0013380919117480516,-0.2007625699043274,0.24552859365940094,-0.028808632865548134,-0.17398858070373535,0.24962545931339264,-0.06000785902142525,-0.13781104981899261
G,G_session_001,276,0.0,0.0,0.0,-0.0563020333647728,-0.30507761240005493,-0.1017448827624321,-0.012940271757543087,-0.6339024901390076,-0.17813202738761902,0.09067751467227936,-0.8276025652885437,-0.25016823410987854,0.1651548147201538,-1.0,-0.3108910322189331,0.3753942847251892,-0.7998931407928467,-0.07820087671279907,0.44394147396087646,-0.8491423726081848,-0.1881936937570572,0.4977463483810425,-0.8626194596290588,-0.25329163670539856,0.5416356325149536,-0.8252991437911987,-0.2900421917438507,0.4906412661075592,-0.5740525722503662,-0.08138437569141388,0.3605778217315674,-0.5567167401313782,-0.17594769597053528,0.19033272564411163,-0.5039976835250854,-0.17416037619113922,0.18674471974372864,-0.4966977834701538,-0.15047402679920197,0.5206018686294556,-0.29740384221076965,-0.10522905737161636,0.3320883810520172,-0.2518371641635895,-0.190756693482399,0.19189518690109253,-0.260366827249527,-0.13762758672237396,0.20209084451198578,-0.29136165976524353,-0.08469454199075699,0.4999767243862152,-0.018095752224326134,-0.1444382667541504,0.32041800022125244,-0.007956687361001968,-0.19933180510997772,0.22044336795806885,-0.014950751326978207,-0.1672949641942978,0.23410631716251373,-0.02944275178015232,-0.12658217549324036
G,G_session_001,277,0.0,0.0,0.0,-0.058240070939064026,-0.29745593667030334,-0.09108161181211472,-0.018295837566256523,-0.6428229212760925,-0.1619807481765747,0.0931316539645195,-0.8382163047790527,-0.23140422999858856,0.16626521944999695,-1.0,-0.29037097096443176,0.37707486748695374,-0.7835153341293335,-0.06358560919761658,0.45692041516304016,-0.8449718952178955,-0.1722080111503601,0.5064759850502014,-0.87687748670578,-0.23333829641342163,0.5334895253181458,-0.8627171516418457,-0.26612770557403564,0.48774251341819763,-0.5576919913291931,-0.07291889190673828,0.37938976287841797,-0.6244736909866333,-0.16691558063030243,0.20000512897968292,-0.5568906664848328,-0.16123461723327637,0.18729303777217865,-0.5355832576751709,-0.133033886551857,0.5179505348205566,-0.2842787504196167,-0.10319431871175766,0.34199458360671997,-0.29189056158065796,-0.19201704859733582,0.1942756026983261,-0.2864583730697632,-0.13784168660640717,0.1984042525291443,-0.31203514337539673,-0.08214053511619568,0.49759382009506226,-0.004827511962503195,-0.14719243347644806,0.3250690698623657,-0.039009399712085724,-0.20184242725372314,0.21896050870418549,-0.04732910171151161,-0.1674574762582779,0.22763089835643768,-0.06191554665565491,-0.12537682056427002
G,G_session_001,278,0.0,0.0,0.0,-0.05859668552875519,-0.2855203151702881,-0.09817201644182205,-0.020256252959370613,-0.6224213242530823,-0.16765660047531128,0.07983492314815521,-0.8234044909477234,-0.2324511557817459,0.15494531393051147,-1.0,-0.2860132157802582,0.35631704330444336,-0.7920223474502563,-0.07523652911186218,0.446108341217041,-0.8424465656280518,-0.1858154833316803,0.4888375997543335,-0.8727148175239563,-0.2522672414779663,0.5020642876625061,-0.8540524840354919,-0.2896927297115326,0.47201618552207947,-0.5721023678779602,-0.07999453693628311,0.38676223158836365,-0.5741390585899353,-0.18130899965763092,0.2073420137166977,-0.537369430065155,-0.18844272196292877,0.17230737209320068,-0.5396737456321716,-0.1692081242799759,0.505892276763916,-0.30101126432418823,-0.10470343381166458,0.3359438180923462,-0.25149497389793396,-0.1952764093875885,0.1882978230714798,-0.2709510922431946,-0.15196764469146729,0.18319998681545258,-0.32296526432037354,-0.10465406626462936,0.48624756932258606,-0.02753324620425701,-0.1435023844242096,0.3121768534183502,-0.008310738950967789,-0.203679159283638,0.2069825381040573,-0.02599467895925045,-0.17766143381595612,0.21264049410820007,-0.06558971852064133,-0.14142344892024994
G,G_session_001,279,0.0,0.0,0.0,-0.055166661739349365,-0.29210251569747925,-0.08949945122003555,-0.011960775591433048,-0.6150041818618774,-0.1585598737001419,0.08520946651697159,-0.8154889345169067,-0.22630921006202698,0.1564910113811493,-1.0,-0.28097566962242126,0.3551466166973114,-0.8053855895996094,-0.06668058037757874,0.45285874605178833,-0.84662926197052,-0.17652127146720886,0.49592483043670654,-0.86783367395401,-0.23649273812770844,0.5167346000671387,-0.8381108045578003,-0.26931989192962646,0.4744475185871124,-0.5837371349334717,-0.07509852945804596,0.34295544028282166,-0.5857669115066528,-0.17161424458026886,0.17866873741149902,-0.5296428799629211,-0.17087742686271667,0.1801651567220688,-0.5233389735221863,-0.14713971316814423,0.5053900480270386,-0.3066222071647644,-0.10328526049852371,0.30547618865966797,-0.26342976093292236,-0.18463188409805298,0.17423148453235626,-0.26269465684890747,-0.1283397674560547,0.1939040869474411,-0.29926326870918274,-0.07495643198490143,0.4827882945537567,-0.02915443480014801,-0.14628520607948303,0.2829395532608032,-0.014573147520422935,-0.20288746058940887,0.19626623392105103,-0.017872147262096405,-0.17336717247962952,0.22555303573608398,-0.04568447172641754,-0.13416603207588196
G,G_session_001,280,0.0,0.0,0.0,-0.057837702333927155,-0.2879526615142822,-0.09254603832960129,-0.018481338396668434,-0.6299442052841187,-0.15774376690387726,0.08207857608795166,-0.8385786414146423,-0.22043254971504211,0.16192489862442017,-1.0,-0.2711527943611145,0.3586575388908386,-0.815407931804657,-0.06692057847976685,0.4563911557197571,-0.8685505390167236,-0.1749107837677002,0.4924486577510834,-0.8904426097869873,-0.23534993827342987,0.508550226688385,-0.8639594912528992,-0.2686521112918854,0.4760841131210327,-0.5895657539367676,-0.07444731891155243,0.3820342421531677,-0.6180676817893982,-0.1744694709777832,0.2023703157901764,-0.565979540348053,-0.17710937559604645,0.1766558736562729,-0.5500729084014893,-0.15389975905418396,0.5107147693634033,-0.315786749124527,-0.10205190628767014,0.3313409090042114,-0.2906129062175751,-0.19007045030593872,0.18109045922756195,-0.2922079861164093,-0.14228466153144836,0.18095432221889496,-0.3244663178920746,-0.09169691056013107,0.4918467700481415,-0.038849975913763046,-0.14384859800338745,0.3080140948295593,-0.037918440997600555,-0.2007889449596405,0.19947628676891327,-0.0507931225001812,-0.17323274910449982,0.20767904818058014,-0.08145922422409058,-0.13587050139904022
G,G_session_001,281,0.0,0.0,0.0,-0.0565233938395977,-0.3025272786617279,-0.09946265816688538,-0.017801403999328613,-0.6280930042266846,-0.1673618108034134,0.08215334266424179,-0.8348647952079773,-0.2302946150302887,0.16951937973499298,-1.0,-0.279187947511673,0.3665983974933624,-0.8283244967460632,-0.07021059840917587,0.46482130885124207,-0.8622261881828308,-0.17800210416316986,0.4951716959476471,-0.8976032733917236,-0.23643258213996887,0.5029995441436768,-0.878947913646698,-0.2680968940258026,0.48491621017456055,-0.5937179923057556,-0.07315344363451004,0.3797054588794708,-0.6275274157524109,-0.1721407026052475,0.20012414455413818,-0.5806967616081238,-0.17192481458187103,0.1769980490207672,-0.5589487552642822,-0.1467772126197815,0.5166611075401306,-0.3170778751373291,-0.09715167433023453,0.32691478729248047,-0.2980347275733948,-0.1834411919116974,0.1790790557861328,-0.3067554831504822,-0.13313283026218414,0.1811353713274002,-0.33607128262519836,-0.08136337250471115,0.49218523502349854,-0.03963853418827057,-0.13629424571990967,0.29927682876586914,-0.042543426156044006,-0.1938590407371521,0.19621612131595612,-0.05943794548511505,-0.16765396296977997,0.20809327065944672,-0.08989959955215454,-0.1308213621377945
G,G_session_001,282,0.0,0.0,0.0,-0.05500086769461632,-0.298863023519516,-0.10079128295183182,-0.018741963431239128,-0.6331868171691895,-0.16896268725395203,0.0791039913892746,-0.8394050598144531,-0.2317422479391098,0.17075535655021667,-1.0,-0.2815338969230652,0.3655165433883667,-0.8313444256782532,-0.0753532201051712,0.452249675989151,-0.8640241026878357,-0.18383336067199707,0.48768940567970276,-0.8930562138557434,-0.24626141786575317,0.5044872760772705,-0.8718345761299133,-0.2812044322490692,0.4828377664089203,-0.6013604998588562,-0.07859358936548233,0.3784622848033905,-0.6216945052146912,-0.17921322584152222,0.195426806807518,-0.5760191679000854,-0.1824812889099121,0.17087863385677338,-0.5537075996398926,-0.1606416404247284,0.5153517723083496,-0.32416266202926636,-0.10243188589811325,0.34565505385398865,-0.29430145025253296,-0.19439855217933655,0.18872803449630737,-0.30197617411613464,-0.14755702018737793,0.18460649251937866,-0.32353127002716064,-0.09701558947563171,0.49463653564453125,-0.04161970689892769,-0.14076179265975952,0.3269636631011963,-0.034226465970277786,-0.20124776661396027,0.2134864181280136,-0.055185794830322266,-0.17479531466960907,0.215777188539505,-0.07834075391292572,-0.13753338158130646
G,G_session_001,283,0.0,0.0,0.0,-0.059907492250204086,-0.3081408441066742,-0.10066511482000351,-0.03522893413901329,-0.6444646716117859,-0.17201057076454163,0.05932353809475899,-0.8474549651145935,-0.23781833052635193,0.15135253965854645,-1.0,-0.29115572571754456,0.358164519071579,-0.837591826915741,-0.07851757854223251,0.4502686560153961,-0.8601043820381165,-0.17460794746875763,0.48655369877815247,-0.9038850665092468,-0.22945021092891693,0.48503434658050537,-0.8893135786056519,-0.26006370782852173,0.4729055166244507,-0.6059912443161011,-0.08135955780744553,0.36957767605781555,-0.6261003613471985,-0.1689315140247345,0.1906050741672516,-0.5866747498512268,-0.16996236145496368,0.1546027511358261,-0.552675724029541,-0.15019011497497559,0.5026039481163025,-0.32716214656829834,-0.10331683605909348,0.34768572449684143,-0.29927611351013184,-0.18641524016857147,0.19337958097457886,-0.3181314766407013,-0.1420947164297104,0.17306822538375854,-0.3313591480255127,-0.09576975554227829,0.4793414771556854,-0.03619495406746864,-0.1392478197813034,0.33400261402130127,-0.02925371192395687,-0.19629597663879395,0.2189764380455017,-0.06759186089038849,-0.1694023460149765,0.20016984641551971,-0.09506379067897797,-0.13288208842277527
G,G_session_001,284,0.0,0.0,0.0,-0.056163959205150604,-0.3044131100177765,-0.10208773612976074,-0.0303456112742424,-0.6512304544448853,-0.17641445994377136,0.06548356264829636,-0.8587669134140015,-0.2466428130865097,0.16797605156898499,-1.0,-0.302956759929657,0.3804633617401123,-0.8381081819534302,-0.0815671905875206,0.47602781653404236,-0.8768697381019592,-0.19272886216640472,0.5082491636276245,-0.9082539677619934,-0.25284069776535034,0.5136470794677734,-0.8915835022926331,-0.2841789722442627,0.49917295575141907,-0.6033099889755249,-0.08381947875022888,0.36670178174972534,-0.6205543279647827,-0.18090732395648956,0.19032597541809082,-0.572823166847229,-0.17941683530807495,0.17364047467708588,-0.5591627359390259,-0.15499423444271088,0.5297752022743225,-0.3194081485271454,-0.10678226500749588,0.3287185728549957,-0.2910607159137726,-0.19135984778404236,0.18125233054161072,-0.3016718924045563,-0.13705001771450043,0.18198248744010925,-0.33186236023902893,-0.08246109634637833,0.5047653317451477,-0.030405905097723007,-0.14540107548236847,0.315256267786026,-0.030586790293455124,-0.20337598025798798,0.20783944427967072,-0.0518333874642849,-0.17365719377994537,0.21320126950740814,-0.07789327949285507,-0.13215085864067078
G,G_session_001,285,0.0,0.0,0.0,-0.05791085213422775,-0.3107852637767792,-0.1049584150314331,-0.023912085220217705,-0.6552350521087646,-0.1804158240556717,0.07335224747657776,-0.8584372401237488,-0.24952735006809235,0.18236079812049866,-1.0,-0.3033798635005951,0.37701186537742615,-0.8441287279129028,-0.09097999334335327,0.49016180634498596,-0.8748775124549866,-0.20986706018447876,0.5299849510192871,-0.9073811769485474,-0.2786277234554291,0.5363453030586243,-0.898722231388092,-0.31762245297431946,0.5060283541679382,-0.6058626174926758,-0.09301760047674179,0.36748355627059937,-0.6158793568611145,-0.2024017572402954,0.1989593654870987,-0.5726011395454407,-0.2085236757993698,0.17662884294986725,-0.5598412156105042,-0.18877838551998138,0.5368347764015198,-0.31813880801200867,-0.11550821363925934,0.31704527139663696,-0.28465163707733154,-0.20322442054748535,0.1855471432209015,-0.2888532876968384,-0.1465258002281189,0.19807764887809753,-0.3221922814846039,-0.0918726846575737,0.5088322162628174,-0.025508994236588478,-0.15460199117660522,0.2953004539012909,-0.027167651802301407,-0.2164926379919052,0.2063978910446167,-0.03301337733864784,-0.187310591340065,0.23549702763557434,-0.05993514880537987,-0.14662040770053864
G,G_session_001,286,0.0,0.0,0.0,-0.0597950741648674,-0.3121192455291748,-0.11481679975986481,-0.03324243426322937,-0.6488662362098694,-0.1973223239183426,0.06277014315128326,-0.8622040152549744,-0.2712838351726532,0.180805042386055,-1.0,-0.33002394437789917,0.3732806444168091,-0.8586553931236267,-0.10150857269763947,0.4808504283428192,-0.8868287801742554,-0.22135815024375916,0.5222492218017578,-0.9236707091331482,-0.28914403915405273,0.5331554412841797,-0.902829110622406,-0.3275943398475647,0.5066072940826416,-0.6115031838417053,-0.09848375618457794,0.37571847438812256,-0.6249527335166931,-0.20791929960250854,0.19465003907680511,-0.5850990414619446,-0.21138107776641846,0.17298202216625214,-0.5669673085212708,-0.1893446147441864,0.5392661094665527,-0.3212958872318268,-0.11641345918178558,0.33005720376968384,-0.29304805397987366,-0.20962658524513245,0.1846514493227005,-0.3095965087413788,-0.15337233245372772,0.19140222668647766,-0.34056198596954346,-0.09799184650182724,0.5120901465415955,-0.02913113497197628,-0.15094128251075745,0.30343011021614075,-0.030466025695204735,-0.21840836107730865,0.20411287248134613,-0.046559158712625504,-0.1909913569688797,0.22441232204437256,-0.07574155181646347,-0.1509169340133667
G,G_session_001,287,0.0,0.0,0.0,-0.06916692107915878,-0.3327259421348572,-0.09976093471050262,-0.04572024568915367,-0.6958966255187988,-0.17666395008563995,0.0493910051882267,-0.8956499099731445,-0.24960805475711823,0.17459964752197266,-1.0,-0.30703553557395935,0.3877786695957184,-0.8895388841629028,-0.09021274000406265,0.5084837079048157,-0.9288763403892517,-0.21264345943927765,0.5495265126228333,-0.9579886794090271,-0.2829509675502777,0.5539506673812866,-0.9432961940765381,-0.3217529356479645,0.5268524885177612,-0.640976071357727,-0.0955946147441864,0.36331743001937866,-0.6445823311805725,-0.20586490631103516,0.19452427327632904,-0.5987105965614319,-0.21200361847877502,0.17835262417793274,-0.5829819440841675,-0.19184058904647827,0.5597071647644043,-0.33800527453422546,-0.12105896323919296,0.31461721658706665,-0.3050510585308075,-0.20887286961078644,0.17918072640895844,-0.31469982862472534,-0.14955560863018036,0.19443221390247345,-0.3511737585067749,-0.09252047538757324,0.529755711555481,-0.030226033180952072,-0.16301199793815613,0.29554036259651184,-0.03716353327035904,-0.2256738394498825,0.19546526670455933,-0.05360228940844536,-0.19391965866088867,0.21960745751857758,-0.09061397612094879,-0.149614155292511
G,G_session_001,288,0.0,0.0,0.0,-0.06391335278749466,-0.3357382118701935,-0.10401349514722824,-0.04321126639842987,-0.7058099508285522,-0.18407578766345978,0.05430269241333008,-0.9161457419395447,-0.25993576645851135,0.19034883379936218,-1.0,-0.3202531635761261,0.4141530692577362,-0.903546929359436,-0.09160205721855164,0.5258530974388123,-0.9473547339439392,-0.2164863646030426,0.5586796402931213,-0.9827261567115784,-0.2875634431838989,0.5568293929100037,-0.9688167572021484,-0.32610413432121277,0.5512443780899048,-0.6433717012405396,-0.09632653743028641,0.3958401381969452,-0.6578300595283508,-0.20748429000377655,0.20767876505851746,-0.6213655471801758,-0.21359151601791382,0.1811806708574295,-0.6133865118026733,-0.19228409230709076,0.5844835638999939,-0.33226320147514343,-0.12188173085451126,0.3497036397457123,-0.30629512667655945,-0.2168845683336258,0.1967785358428955,-0.32616952061653137,-0.16168847680091858,0.20221877098083496,-0.3687833845615387,-0.10478125512599945,0.5535455942153931,-0.017988625913858414,-0.16331754624843597,0.3284594416618347,-0.02227441780269146,-0.23146454989910126,0.21979635953903198,-0.045560888946056366,-0.2016579508781433,0.23754821717739105,-0.08352553844451904,-0.15709294378757477
G,G_session_001,289,0.0,0.0,0.0,-0.06729756295681,-0.3330872058868408,-0.11383510380983353,-0.04740207642316818,-0.7063088417053223,-0.195546492934227,0.04761548340320587,-0.9404227137565613,-0.2693043053150177,0.1917538344860077,-0.977678120136261,-0.3261995315551758,0.4035482704639435,-0.9254086017608643,-0.09926606714725494,0.5276860594749451,-0.9703274369239807,-0.22579963505268097,0.5605217218399048,-1.0,-0.3014065623283386,0.5595605373382568,-0.9607400894165039,-0.3447754681110382,0.5474666953086853,-0.6534329652786255,-0.09662273526191711,0.4203456938266754,-0.6505961418151855,-0.20931677520275116,0.2237256020307541,-0.627719521522522,-0.21757322549819946,0.18827104568481445,-0.6201104521751404,-0.19831494987010956,0.581629753112793,-0.3342364430427551,-0.11514560878276825,0.3613930642604828,-0.30047520995140076,-0.21096934378147125,0.20296791195869446,-0.33965253829956055,-0.15733639895915985,0.20326471328735352,-0.37907108664512634,-0.10251689702272415,0.5514882802963257,-0.013672348111867905,-0.15012431144714355,0.32990777492523193,-0.021897505968809128,-0.2199973464012146,0.21911774575710297,-0.062216274440288544,-0.19227133691310883,0.23221814632415771,-0.10786490142345428,-0.150201216340065
G,G_session_001,290,0.0,0.0,0.0,-0.06300310045480728,-0.33863556385040283,-0.13015231490135193,-0.053177036345005035,-0.6926186680793762,-0.22710835933685303,0.03039911761879921,-0.9319833517074585,-0.313743531703949,0.17524045705795288,-0.9469675421714783,-0.3821764588356018,0.40980762243270874,-0.928432822227478,-0.11008031666278839,0.5178102850914001,-0.9570038914680481,-0.24169526994228363,0.5543448328971863,-1.0,-0.31810396909713745,0.5522637963294983,-0.9627649784088135,-0.3613753914833069,0.5474045872688293,-0.657021701335907,-0.10289217531681061,0.4321669042110443,-0.6608467102050781,-0.22282549738883972,0.2214687168598175,-0.6334917545318604,-0.22380578517913818,0.17720453441143036,-0.6340115070343018,-0.19590772688388824,0.5796390771865845,-0.3425535559654236,-0.11949803680181503,0.3729957342147827,-0.29998141527175903,-0.22399015724658966,0.20762965083122253,-0.339212566614151,-0.16594475507736206,0.19916954636573792,-0.38258588314056396,-0.10552294552326202,0.5476177930831909,-0.020009858533740044,-0.1538984775543213,0.33126774430274963,-0.006595510058104992,-0.22848770022392273,0.21563374996185303,-0.04888831079006195,-0.20009975135326385,0.22251756489276886,-0.10224887728691101,-0.1568484753370285
G,G_session_001,291,0.0,0.0,0.0,-0.07050734013319016,-0.3377707600593567,-0.12826816737651825,-0.0608600415289402,-0.705204427242279,-0.22542664408683777,0.03156549483537674,-0.9381903409957886,-0.31267309188842773,0.1810508668422699,-0.937905490398407,-0.3811393678188324,0.4043327867984772,-0.9467726349830627,-0.10951124876737595,0.5228107571601868,-0.969397783279419,-0.2474004030227661,0.5725451111793518,-1.0,-0.32864639163017273,0.5739424824714661,-0.9524539113044739,-0.3749660551548004,0.5491538643836975,-0.6729654669761658,-0.10508139431476593,0.4341548681259155,-0.6660736799240112,-0.23312120139598846,0.22654220461845398,-0.6161636114120483,-0.23424679040908813,0.18024510145187378,-0.6089836955070496,-0.2049059271812439,0.5857731103897095,-0.3528364300727844,-0.1250631958246231,0.37351641058921814,-0.2931343913078308,-0.2336491048336029,0.2096492052078247,-0.31606796383857727,-0.16728876531124115,0.20167751610279083,-0.35656553506851196,-0.10058899968862534,0.5605933666229248,-0.01403168123215437,-0.16348549723625183,0.3375495970249176,0.007842279970645905,-0.24115590751171112,0.22045864164829254,-0.019290048629045486,-0.20866930484771729,0.2305545061826706,-0.07030931115150452,-0.16192404925823212
G,G_session_001,292,0.0,0.0,0.0,-0.0719279795885086,-0.3354206085205078,-0.12337008118629456,-0.060784224420785904,-0.725460946559906,-0.21835634112358093,0.03456360474228859,-0.9491516351699829,-0.3051438629627228,0.18920990824699402,-0.9195412397384644,-0.37380319833755493,0.41980522871017456,-0.9396788477897644,-0.11512056738138199,0.5465078353881836,-0.9653369188308716,-0.26236340403556824,0.5932886600494385,-1.0,-0.3484598696231842,0.5850276350975037,-0.9709064960479736,-0.3949219584465027,0.566100001335144,-0.6633697748184204,-0.11374447494745255,0.4281281530857086,-0.6499041318893433,-0.24476072192192078,0.22637410461902618,-0.6070970296859741,-0.2455170899629593,0.18362586200237274,-0.6158053874969482,-0.2154964804649353,0.6013038158416748,-0.3352208435535431,-0.13696108758449554,0.3665901720523834,-0.2765929102897644,-0.24550533294677734,0.2091721147298813,-0.3009048104286194,-0.1780846267938614,0.20886565744876862,-0.3581152856349945,-0.10987180471420288,0.5727856755256653,0.00461602071300149,-0.17857395112514496,0.3353087902069092,0.023733986541628838,-0.25881049036979675,0.2220769077539444,0.0012467311462387443,-0.2263077348470688,0.240314781665802,-0.054116494953632355,-0.17703217267990112
G,G_session_001,293,0.0,0.0,0.0,-0.07667890936136246,-0.34408918023109436,-0.11976039409637451,-0.06275955587625504,-0.7500247955322266,-0.21151143312454224,0.04030238091945648,-0.9671796560287476,-0.2949565052986145,0.19871637225151062,-0.9311996102333069,-0.3619731366634369,0.41079288721084595,-0.9530524611473083,-0.11769456416368484,0.5305701494216919,-0.9820125699043274,-0.27002209424972534,0.5893480777740479,-1.0,-0.36734724044799805,0.6083282828330994,-0.972557783126831,-0.4237368106842041,0.5581584572792053,-0.6822963953018188,-0.11943128705024719,0.4296768605709076,-0.6677237153053284,-0.2573970556259155,0.2333867847919464,-0.622646689414978,-0.26837971806526184,0.18585023283958435,-0.6262884736061096,-0.24551282823085785,0.5955464839935303,-0.3558931350708008,-0.1448214203119278,0.36486706137657166,-0.29657307267189026,-0.26009267568588257,0.20783935487270355,-0.31521639227867126,-0.20252417027950287,0.20492883026599884,-0.37384483218193054,-0.14019787311553955,0.5698772668838501,-0.023044899106025696,-0.18788282573223114,0.3339904844760895,0.0021567060612142086,-0.27343592047691345,0.216128870844841,-0.01812289096415043,-0.24565473198890686,0.2292335033416748,-0.07442297041416168,-0.19986426830291748
G,G_session_001,294,0.0,0.0,0.0,-0.06399095058441162,-0.3308713734149933,-0.13398796319961548,-0.050913214683532715,-0.725996196269989,-0.23593153059482574,0.04834648221731186,-0.9343119263648987,-0.3275967836380005,0.20182405412197113,-0.9149554371833801,-0.4046059846878052,0.4445187449455261,-0.9511711001396179,-0.13243010640144348,0.551306962966919,-0.974260687828064,-0.2858189046382904,0.605678915977478,-1.0,-0.38850632309913635,0.6317949295043945,-0.9809064269065857,-0.45210468769073486,0.5929620265960693,-0.6638050675392151,-0.13333085179328918,0.4655161499977112,-0.6532458066940308,-0.27434012293815613,0.2513483464717865,-0.6183018684387207,-0.2918746769428253,0.20190614461898804,-0.6266912817955017,-0.2755506634712219,0.6288405656814575,-0.32301315665245056,-0.15861131250858307,0.4025932550430298,-0.2640257179737091,-0.28044676780700684,0.22937987744808197,-0.29079267382621765,-0.22959157824516296,0.21768143773078918,-0.3536611497402191,-0.1723586469888687,0.5977346897125244,0.020112432539463043,-0.20229819416999817,0.3718271553516388,0.042928557842969894,-0.2932538092136383,0.24575570225715637,0.015157634392380714,-0.26832348108291626,0.24874034523963928,-0.04548080638051033,-0.2258928120136261
G,G_session_001,295,0.0,0.0,0.0,-0.07451558858156204,-0.3239482045173645,-0.13452036678791046,-0.05706189200282097,-0.7222265005111694,-0.23657965660095215,0.03980407863855362,-0.9340071678161621,-0.3289925158023834,0.1910792589187622,-0.9009056091308594,-0.4060162305831909,0.42641550302505493,-0.9531973600387573,-0.13220390677452087,0.5459274053573608,-0.9868150353431702,-0.2889038324356079,0.6033663749694824,-1.0,-0.39041945338249207,0.6150193214416504,-0.9596126079559326,-0.45004990696907043,0.5781435966491699,-0.6702272891998291,-0.1320217102766037,0.4517431855201721,-0.6470491290092468,-0.27695974707603455,0.24847312271595,-0.5996783375740051,-0.29650038480758667,0.19483314454555511,-0.6007024049758911,-0.27917927503585815,0.6178627014160156,-0.32782429456710815,-0.15622833371162415,0.38170522451400757,-0.2602803707122803,-0.27274781465530396,0.21873371303081512,-0.2846606969833374,-0.21863515675067902,0.207916259765625,-0.3469468951225281,-0.15992113947868347,0.586907684803009,0.012369787320494652,-0.20018942654132843,0.3528871536254883,0.04066692665219307,-0.28724727034568787,0.2249716967344284,0.009210926480591297,-0.261137992143631,0.22452791035175323,-0.05363867059350014,-0.21741202473640442
G,G_session_001,296,0.0,0.0,0.0,-0.07265081256628036,-0.33938997983932495,-0.13768111169338226,-0.06673803925514221,-0.7120581865310669,-0.24551591277122498,0.025509562343358994,-0.9252312183380127,-0.3421008288860321,0.17368431389331818,-0.9007604122161865,-0.4225088655948639,0.42864182591438293,-0.9531939625740051,-0.1352788209915161,0.5472079515457153,-0.9571462869644165,-0.2915513515472412,0.6010640263557434,-1.0,-0.39040133357048035,0.5959120392799377,-0.9731534719467163,-0.44641372561454773,0.5712364315986633,-0.6650210618972778,-0.13082441687583923,0.4513242840766907,-0.649275004863739,-0.2688860595226288,0.23828503489494324,-0.6087281703948975,-0.27471038699150085,0.1842697262763977,-0.6136581301689148,-0.24824856221675873,0.6046708226203918,-0.3276573717594147,-0.1516605019569397,0.3958291709423065,-0.2709750533103943,-0.2673017084598541,0.22580371797084808,-0.30158841609954834,-0.20124977827072144,0.2097121626138687,-0.3536854386329651,-0.13402824103832245,0.570959746837616,0.01606573536992073,-0.19185176491737366,0.35481154918670654,0.03274551406502724,-0.2767300605773926,0.23056542873382568,-0.001550806569866836,-0.2429063469171524,0.23460423946380615,-0.05216071754693985,-0.19351695477962494
G,G_session_001,297,0.0,0.0,0.0,-0.06697723269462585,-0.33573663234710693,-0.13165980577468872,-0.05726196989417076,-0.7192781567573547,-0.2364552617073059,0.039702750742435455,-0.9313564896583557,-0.3331202268600464,0.19216351211071014,-0.890569269657135,-0.4156376123428345,0.442105770111084,-0.946338415145874,-0.12420247495174408,0.5541485548019409,-0.9717046618461609,-0.2764240801334381,0.6117485761642456,-1.0,-0.37661778926849365,0.6238866448402405,-0.9677293300628662,-0.4370003640651703,0.5865697860717773,-0.6573783159255981,-0.12486376613378525,0.4642936587333679,-0.6590204238891602,-0.259922593832016,0.24934600293636322,-0.6175342202186584,-0.2728344798088074,0.2028043270111084,-0.6287299990653992,-0.25383460521698,0.6236359477043152,-0.31641852855682373,-0.15007463097572327,0.40871462225914,-0.26269763708114624,-0.26335787773132324,0.23261970281600952,-0.2921033501625061,-0.2040908932685852,0.2185409814119339,-0.35183772444725037,-0.14333505928516388,0.5917020440101624,0.0315786711871624,-0.19431015849113464,0.37132489681243896,0.0494614839553833,-0.2768360376358032,0.2440183460712433,0.019865645095705986,-0.24525001645088196,0.24924501776695251,-0.031139163300395012,-0.19940277934074402
G,G_session_001,298,0.0,0.0,0.0,-0.0698467493057251,-0.31570950150489807,-0.14642241597175598,-0.054575733840465546,-0.6975371241569519,-0.2597529888153076,0.04136405140161514,-0.9180718660354614,-0.36126238107681274,0.18724662065505981,-0.8815897107124329,-0.44652748107910156,0.4428679049015045,-0.9336740374565125,-0.15122178196907043,0.5575619339942932,-0.9708597660064697,-0.31529176235198975,0.6060927510261536,-1.0,-0.413530558347702,0.6142655611038208,-0.9517698884010315,-0.46943187713623047,0.5891112685203552,-0.6413437724113464,-0.1459226757287979,0.45681893825531006,-0.6613675951957703,-0.297850638628006,0.2544644773006439,-0.6051867008209229,-0.3083420991897583,0.21843957901000977,-0.5830133557319641,-0.2798505425453186,0.6236185431480408,-0.2924695611000061,-0.16600140929222107,0.3792712390422821,-0.26203322410583496,-0.288887619972229,0.22751444578170776,-0.2763574719429016,-0.221519336104393,0.2322128564119339,-0.3142834007740021,-0.1498604118824005,0.5855131149291992,0.04571930319070816,-0.20685938000679016,0.3338429033756256,0.04155862331390381,-0.3010447025299072,0.23260729014873505,0.03073306567966938,-0.2716532051563263,0.26471206545829773,0.001870516105554998,-0.22155611217021942
G,G_session_001,299,0.0,0.0,0.0,-0.06217488273978233,-0.3040655553340912,-0.13338813185691833,-0.04343237355351448,-0.6823740601539612,-0.2415417730808258,0.05106201767921448,-0.9072076082229614,-0.3421441614627838,0.19279156625270844,-0.8499329686164856,-0.4268990159034729,0.44326138496398926,-0.90447598695755,-0.12971651554107666,0.5463944673538208,-0.9710595011711121,-0.28050100803375244,0.5976613163948059,-1.0,-0.36844316124916077,0.6228694915771484,-0.9484056830406189,-0.41995325684547424,0.5903407335281372,-0.6232253909111023,-0.12842890620231628,0.43336811661720276,-0.6718105673789978,-0.2608242630958557,0.23832954466342926,-0.5963379740715027,-0.2604620158672333,0.22899746894836426,-0.5545410513877869,-0.22880394756793976,0.6223139762878418,-0.28107112646102905,-0.15187720954418182,0.3721650242805481,-0.2773773670196533,-0.26282453536987305,0.22517016530036926,-0.26820942759513855,-0.18959033489227295,0.24174797534942627,-0.2767089009284973,-0.11682723462581635,0.5830166339874268,0.058406244963407516,-0.19520556926727295,0.3323887884616852,0.03414669632911682,-0.2766655385494232,0.23461124300956726,0.03542188182473183,-0.2412785142660141,0.269324392080307,0.0305768009275198,-0.1898837834596634
