label,session_id,sample_index,x_0,y_0,z_0,x_1,y_1,z_1,x_2,y_2,z_2,x_3,y_3,z_3,x_4,y_4,z_4,x_5,y_5,z_5,x_6,y_6,z_6,x_7,y_7,z_7,x_8,y_8,z_8,x_9,y_9,z_9,x_10,y_10,z_10,x_11,y_11,z_11,x_12,y_12,z_12,x_13,y_13,z_13,x_14,y_14,z_14,x_15,y_15,z_15,x_16,y_16,z_16,x_17,y_17,z_17,x_18,y_18,z_18,x_19,y_19,z_19,x_20,y_20,z_20
K,K_session_002,0,0.0,0.0,0.0,-0.08948856592178345,-0.10546938329935074,-0.06750386208295822,-0.12742863595485687,-0.3069673180580139,-0.09573540091514587,-0.10388469696044922,-0.494581013917923,-0.11821047961711884,-0.0947459265589714,-0.6585450768470764,-0.13498170673847198,-0.13439138233661652,-0.43592679500579834,-0.06539970636367798,-0.16437381505966187,-0.6682505011558533,-0.12132055312395096,-0.18085704743862152,-0.814193606376648,-0.14671285450458527,-0.19022837281227112,-0.9547109603881836,-0.15998612344264984,-0.04706427827477455,-0.4197842478752136,-0.06783581525087357,-0.021170882508158684,-0.6925114989280701,-0.13339757919311523,-0.0024295467883348465,-0.8365167379379272,-0.1579570323228836,0.026668528094887733,-1.0,-0.1614595502614975,0.03365311771631241,-0.34565427899360657,-0.07753971219062805,0.06445988267660141,-0.4355836808681488,-0.16764625906944275,0.01813499629497528,-0.25224414467811584,-0.15775564312934875,-0.0034200323279947042,-0.17724813520908356,-0.12234733998775482,0.10289795696735382,-0.2350817620754242,-0.0915190652012825,0.11426526308059692,-0.28745967149734497,-0.1588241159915924,0.07644544541835785,-0.16401216387748718,-0.14226458966732025,0.052406810224056244,-0.11440405249595642,-0.11170624196529388
K,K_session_002,1,0.0,0.0,0.0,-0.09551927447319031,-0.13911056518554688,-0.04229956865310669,-0.12179733067750931,-0.35523244738578796,-0.05159946158528328,-0.09416651725769043,-0.5481208562850952,-0.0614883117377758,-0.08866159617900848,-0.6937934756278992,-0.06865905970335007,-0.1285446286201477,-0.45522111654281616,-0.010907797142863274,-0.15108662843704224,-0.675535261631012,-0.051981549710035324,-0.16541622579097748,-0.822304368019104,-0.07909552752971649,-0.17372313141822815,-0.9624212384223938,-0.0963628888130188,-0.050348710268735886,-0.4421728253364563,-0.020595112815499306,-0.022990671917796135,-0.7050641775131226,-0.07288646697998047,-0.009417664259672165,-0.844966471195221,-0.10505601763725281,0.01586260460317135,-1.0,-0.11742455512285233,0.025041045621037483,-0.3742690682411194,-0.036987435072660446,0.054165568202733994,-0.4918566644191742,-0.11072691529989243,0.011541493237018585,-0.32399502396583557,-0.1096944585442543,-0.0038920973893254995,-0.24778971076011658,-0.08591830730438232,0.09306351095438004,-0.2794593274593353,-0.05668915808200836,0.1097920835018158,-0.36849814653396606,-0.11247235536575317,0.07110517472028732,-0.25476452708244324,-0.09940016269683838,0.04838807135820389,-0.1986420899629593,-0.07497801631689072
K,K_session_002,2,0.0,0.0,0.0,-0.07784903049468994,-0.15065138041973114,-0.05792808532714844,-0.09947343170642853,-0.36538225412368774,-0.06972674280405045,-0.07940202951431274,-0.5606163740158081,-0.07874641567468643,-0.07333755493164062,-0.7250965237617493,-0.08316162973642349,-0.11153236776590347,-0.4810236096382141,-0.0030109533108770847,-0.1332833170890808,-0.6994099020957947,-0.032114818692207336,-0.14665226638317108,-0.8385197520256042,-0.04895899444818497,-0.15380381047725677,-0.9692234992980957,-0.058304235339164734,-0.03521181270480156,-0.4620012640953064,0.00047429659753106534,-0.011367054656147957,-0.7155663967132568,-0.03963610157370567,0.0027916880790144205,-0.8519502878189087,-0.06449324637651443,0.025492101907730103,-1.0,-0.07162703573703766,0.0349673293530941,-0.3928152024745941,-0.005966804921627045,0.06842546910047531,-0.5030802488327026,-0.072745680809021,0.03151146322488785,-0.35041236877441406,-0.07929377257823944,0.013328705914318562,-0.29193106293678284,-0.06115148961544037,0.09652374684810638,-0.3092500865459442,-0.01662524789571762,0.11598413437604904,-0.39235246181488037,-0.06840911507606506,0.08005441725254059,-0.28399741649627686,-0.06371566653251648,0.05451925843954086,-0.23448047041893005,-0.04615503177046776
K,K_session_002,3,0.0,0.0,0.0,-0.06862802803516388,-0.15356507897377014,-0.05590125545859337,-0.09085458517074585,-0.3572876751422882,-0.07273764163255692,-0.07187877595424652,-0.551612913608551,-0.08802480250597,-0.06227949634194374,-0.7201996445655823,-0.09774989634752274,-0.09963392466306686,-0.49643751978874207,-0.005370764993131161,-0.12111721932888031,-0.7072000503540039,-0.0388651005923748,-0.13267534971237183,-0.8452635407447815,-0.05809136852622032,-0.13859125971794128,-0.9709460735321045,-0.0690375417470932,-0.024143008515238762,-0.47436991333961487,-0.004409828223288059,-0.002807975746691227,-0.721563994884491,-0.04926455020904541,0.012660267762839794,-0.8537489175796509,-0.07608586549758911,0.03759874403476715,-1.0,-0.08453894406557083,0.04666190966963768,-0.40221166610717773,-0.012858790345489979,0.07203464210033417,-0.5084398984909058,-0.07946652173995972,0.03359638899564743,-0.36032310128211975,-0.08094610273838043,0.01746407523751259,-0.3072022795677185,-0.0599479079246521,0.10904471576213837,-0.3155517280101776,-0.02556871622800827,0.12069691717624664,-0.39722535014152527,-0.07315415889024734,0.08467207103967667,-0.29394465684890747,-0.06303436309099197,0.0628545731306076,-0.24988427758216858,-0.0421367809176445
K,K_session_002,4,0.0,0.0,0.0,-0.07395338267087936,-0.1737489104270935,-0.04156265780329704,-0.09195119142532349,-0.3867436647415161,-0.04794880747795105,-0.07064556330442429,-0.5759249925613403,-0.05532246083021164,-0.06115670129656792,-0.7321734428405762,-0.05760953947901726,-0.10130466520786285,-0.4969228506088257,0.012420233339071274,-0.12150231748819351,-0.7095423936843872,-0.014635596424341202,-0.1320006102323532,-0.8447383046150208,-0.03131631389260292,-0.13681112229824066,-0.9699942469596863,-0.04147496446967125,-0.027089085429906845,-0.4796939194202423,0.007638083305209875,-0.0038513457402586937,-0.7200390696525574,-0.03378811478614807,0.011946790851652622,-0.8564908504486084,-0.06283412128686905,0.03757181391119957,-1.0,-0.07361990213394165,0.04264666885137558,-0.4086693823337555,-0.005272225011140108,0.07203969359397888,-0.5093541145324707,-0.06957922875881195,0.03397264704108238,-0.3581477701663971,-0.07086018472909927,0.017233045771718025,-0.29492607712745667,-0.049553971737623215,0.10565267503261566,-0.31967687606811523,-0.021297376602888107,0.11782374233007431,-0.401187926530838,-0.06676480174064636,0.08390850573778152,-0.29589492082595825,-0.05505748838186264,0.06492720544338226,-0.2502113878726959,-0.03319278359413147
K,K_session_002,5,0.0,0.0,0.0,-0.07246000319719315,-0.16471417248249054,-0.04853473976254463,-0.0926566869020462,-0.37559372186660767,-0.05989202857017517,-0.07286552339792252,-0.5703623294830322,-0.07075382769107819,-0.06090182065963745,-0.7329086661338806,-0.07651911675930023,-0.09780816733837128,-0.5009722709655762,0.0034173675812780857,-0.11792934685945511,-0.711666464805603,-0.02706318534910679,-0.12974558770656586,-0.8449272513389587,-0.04595651105046272,-0.13559646904468536,-0.9687163233757019,-0.057468440383672714,-0.024147190153598785,-0.4802834093570709,0.001555655850097537,-0.0010180670069530606,-0.7248488664627075,-0.04184115678071976,0.014240000396966934,-0.8576486706733704,-0.07078239321708679,0.04068581759929657,-1.0,-0.08139342814683914,0.04475436359643936,-0.4081406593322754,-0.008900519460439682,0.0724041685461998,-0.5085411667823792,-0.07429859787225723,0.03104058839380741,-0.3601589500904083,-0.0756882056593895,0.01356542482972145,-0.3028362989425659,-0.05476706475019455,0.1072843074798584,-0.3211095929145813,-0.02307198941707611,0.11792173236608505,-0.4010108411312103,-0.07023543119430542,0.0818934291601181,-0.2964026629924774,-0.05932357534766197,0.06163524091243744,-0.25244536995887756,-0.03790264204144478
K,K_session_002,6,0.0,0.0,0.0,-0.07500874996185303,-0.17269696295261383,-0.040217410773038864,-0.09519295394420624,-0.3799726366996765,-0.04985415190458298,-0.07542861253023148,-0.5732525587081909,-0.061427947133779526,-0.05760696530342102,-0.7296180725097656,-0.06825478374958038,-0.09785590320825577,-0.5028741359710693,0.011340371333062649,-0.11928024142980576,-0.7134901285171509,-0.018715064972639084,-0.13178670406341553,-0.8469913005828857,-0.03801228478550911,-0.1375308632850647,-0.9710720181465149,-0.050002481788396835,-0.024532152339816093,-0.48146337270736694,0.004936303943395615,-0.0014685430796816945,-0.7253100872039795,-0.03808450326323509,0.01269451342523098,-0.8584308624267578,-0.06806863099336624,0.03916168585419655,-1.0,-0.08009757101535797,0.0439571775496006,-0.4080604910850525,-0.00938001461327076,0.07434850186109543,-0.5109610557556152,-0.07235786318778992,0.030228806659579277,-0.3640558123588562,-0.07215652614831924,0.011851748451590538,-0.3020789325237274,-0.0510084442794323,0.1060415655374527,-0.31693243980407715,-0.026963386684656143,0.11739469319581985,-0.400901734828949,-0.07004301249980927,0.08029696345329285,-0.2998824715614319,-0.05656631290912628,0.05976540222764015,-0.25288552045822144,-0.0341058149933815
K,K_session_002,7,0.0,0.0,0.0,-0.0753227099776268,-0.1722385734319687,-0.03806758299469948,-0.09396117925643921,-0.37988248467445374,-0.04934147745370865,-0.07274123281240463,-0.5710635781288147,-0.06301454454660416,-0.0566587932407856,-0.7268441915512085,-0.07219391316175461,-0.09595856070518494,-0.4952356219291687,0.0045294566079974174,-0.11654747277498245,-0.7105898857116699,-0.02872540056705475,-0.12982536852359772,-0.8467838764190674,-0.04920719191431999,-0.13597609102725983,-0.9725279211997986,-0.0617988258600235,-0.0217966940253973,-0.4764050841331482,-0.004067412577569485,0.000345976441167295,-0.7208740711212158,-0.05092605948448181,0.0133671248331666,-0.8571909070014954,-0.0822470486164093,0.03889448940753937,-1.0,-0.09516740590333939,0.047372255474328995,-0.40587782859802246,-0.01969723403453827,0.07713034749031067,-0.5092262625694275,-0.0844191461801529,0.03335116058588028,-0.36065974831581116,-0.08266685903072357,0.015064935199916363,-0.29449331760406494,-0.06048630177974701,0.10992966592311859,-0.31716257333755493,-0.0384349562227726,0.12022510915994644,-0.3972841501235962,-0.08220108598470688,0.08344320952892303,-0.2956349849700928,-0.0677492618560791,0.06284139305353165,-0.24832668900489807,-0.04465942084789276
K,K_session_002,8,0.0,0.0,0.0,-0.07805956900119781,-0.16417136788368225,-0.042756471782922745,-0.0994829311966896,-0.37409844994544983,-0.05383486673235893,-0.07908523082733154,-0.5697475671768188,-0.06620509177446365,-0.06265702098608017,-0.7299802899360657,-0.07420854270458221,-0.10197431594133377,-0.4929051399230957,0.003937520086765289,-0.12388547509908676,-0.7104668617248535,-0.02873104065656662,-0.13334815204143524,-0.8488395810127258,-0.04869283735752106,-0.13710568845272064,-0.9759513735771179,-0.06063054874539375,-0.028126699849963188,-0.4748145341873169,-0.00228834617882967,-0.005460516083985567,-0.7220413088798523,-0.047484107315540314,0.01062562596052885,-0.8585127592086792,-0.07717680931091309,0.035505738109350204,-1.0,-0.088511161506176,0.0408942848443985,-0.40619465708732605,-0.016456346958875656,0.07341581583023071,-0.511534571647644,-0.08331616222858429,0.03032178245484829,-0.3597562313079834,-0.08378180861473083,0.00880096759647131,-0.2924380302429199,-0.06205089017748833,0.10473813861608505,-0.31808122992515564,-0.03384513035416603,0.11966132372617722,-0.3984110951423645,-0.08123555034399033,0.08201039582490921,-0.2934988737106323,-0.06939784437417984,0.05782662332057953,-0.24430488049983978,-0.04736100882291794
K,K_session_002,9,0.0,0.0,0.0,-0.07471958547830582,-0.15678822994232178,-0.04776204749941826,-0.09691691398620605,-0.36672279238700867,-0.06274116039276123,-0.07942713797092438,-0.564887523651123,-0.07813630998134613,-0.05677376314997673,-0.7285438776016235,-0.08894594758749008,-0.09581515938043594,-0.4897546172142029,-0.002917649457231164,-0.11650402843952179,-0.7090629935264587,-0.037019651383161545,-0.12908835709095,-0.8470125794410706,-0.056779831647872925,-0.1344507336616516,-0.9745783805847168,-0.06866123527288437,-0.022734176367521286,-0.4714962840080261,-0.0062943147495388985,-0.000752800318878144,-0.720675528049469,-0.053073376417160034,0.012755057774484158,-0.8555830121040344,-0.08199112862348557,0.03795929625630379,-1.0,-0.09276428073644638,0.04536430910229683,-0.4032631814479828,-0.01792740263044834,0.0759044736623764,-0.5072166919708252,-0.08544909954071045,0.030430221930146217,-0.35649198293685913,-0.08689926564693451,0.010386534966528416,-0.29354527592658997,-0.06612013280391693,0.1083560511469841,-0.31944116950035095,-0.03319048136472702,0.12243615090847015,-0.3969454765319824,-0.08204901963472366,0.08312034606933594,-0.2933005392551422,-0.07305968552827835,0.05878760665655136,-0.2458743005990982,-0.05319686233997345
K,K_session_002,10,0.0,0.0,0.0,-0.07523428648710251,-0.16794747114181519,-0.044339124113321304,-0.09418376535177231,-0.3761780560016632,-0.05550163611769676,-0.0762908086180687,-0.5722134113311768,-0.06801361590623856,-0.05815891548991203,-0.7334900498390198,-0.07557006180286407,-0.09731562435626984,-0.4919302463531494,0.009035717695951462,-0.1166643425822258,-0.7098544836044312,-0.022463789209723473,-0.12675848603248596,-0.8490405082702637,-0.04269815981388092,-0.13004688918590546,-0.9766028523445129,-0.055573418736457825,-0.022757036611437798,-0.474260151386261,0.004758203402161598,-0.0016727070324122906,-0.7189993262290955,-0.04111051186919212,0.013288370333611965,-0.8571386933326721,-0.07283378392457962,0.03888186067342758,-1.0,-0.08587368577718735,0.04677128419280052,-0.40309539437294006,-0.007884025573730469,0.0759192705154419,-0.5129838585853577,-0.07479853183031082,0.03423616662621498,-0.3607069253921509,-0.07618682086467743,0.01591198332607746,-0.2908167243003845,-0.05506585165858269,0.10989256203174591,-0.3169417083263397,-0.023962795734405518,0.12276918441057205,-0.39890095591545105,-0.07215685397386551,0.08469454944133759,-0.29430922865867615,-0.06261136382818222,0.061576347798109055,-0.24392589926719666,-0.04214731603860855
K,K_session_002,11,0.0,0.0,0.0,-0.0739012211561203,-0.1697985827922821,-0.04191320016980171,-0.09268851578235626,-0.38049963116645813,-0.0534161776304245,-0.07072913646697998,-0.574648916721344,-0.0665215402841568,-0.0527072511613369,-0.7327606678009033,-0.0752892717719078,-0.0950714573264122,-0.49906840920448303,0.0052351984195411205,-0.11355876177549362,-0.7122544646263123,-0.0280033927410841,-0.12406616657972336,-0.8464416861534119,-0.048706404864788055,-0.12768688797950745,-0.9721329808235168,-0.06106259673833847,-0.020832238718867302,-0.47694697976112366,-0.0012525494676083326,0.0011929884785786271,-0.7209482192993164,-0.04666793346405029,0.014999710954725742,-0.8550286889076233,-0.07640015333890915,0.042190928012132645,-1.0,-0.08770105242729187,0.04802577197551727,-0.40501898527145386,-0.015708021819591522,0.07629041373729706,-0.5111042857170105,-0.0808236375451088,0.03133107349276543,-0.36243507266044617,-0.07997400313615799,0.01403140090405941,-0.29933875799179077,-0.0577283576130867,0.1114417240023613,-0.31559836864471436,-0.03352929651737213,0.12223608046770096,-0.4004667103290558,-0.07770193368196487,0.08424016088247299,-0.29885977506637573,-0.06368546187877655,0.06402413547039032,-0.2506410777568817,-0.04046615585684776
K,K_session_002,12,0.0,0.0,0.0,-0.07402944564819336,-0.17425188422203064,-0.03862069174647331,-0.09282181411981583,-0.386088490486145,-0.04826783761382103,-0.07260238379240036,-0.5764522552490234,-0.0600440576672554,-0.053537048399448395,-0.7292614579200745,-0.06758194416761398,-0.09590095281600952,-0.500687301158905,0.004996664356440306,-0.11357220262289047,-0.7160490155220032,-0.027428995817899704,-0.1233997642993927,-0.8488816022872925,-0.04753440245985985,-0.1290006935596466,-0.971357524394989,-0.05955713987350464,-0.02286442182958126,-0.4800243079662323,-0.0033050067722797394,0.0015106849605217576,-0.7214434742927551,-0.04819595813751221,0.016120808199048042,-0.8580688834190369,-0.07855605334043503,0.04170314222574234,-1.0,-0.09057576209306717,0.04521767422556877,-0.40804094076156616,-0.018859239295125008,0.075686514377594,-0.5020418167114258,-0.08235543966293335,0.03247161582112312,-0.35877886414527893,-0.08177302777767181,0.015497134998440742,-0.2963024973869324,-0.060324206948280334,0.10699190944433212,-0.3162635862827301,-0.03761922940611839,0.11963651329278946,-0.3885452151298523,-0.08068668097257614,0.08255261182785034,-0.2894802689552307,-0.06663253903388977,0.06334250420331955,-0.24330675601959229,-0.043682049959897995
K,K_session_002,13,0.0,0.0,0.0,-0.07036516070365906,-0.1725134551525116,-0.0387364998459816,-0.08932822197675705,-0.381772518157959,-0.04887803643941879,-0.06692582368850708,-0.5695124864578247,-0.06083393841981888,-0.047205012291669846,-0.720909833908081,-0.06820233911275864,-0.08949188143014908,-0.5015564560890198,0.0023654934484511614,-0.10881610959768295,-0.7169328927993774,-0.02990769036114216,-0.11928369104862213,-0.8507902026176453,-0.05004308000206947,-0.12532232701778412,-0.9721890091896057,-0.0623755045235157,-0.016185319051146507,-0.48154181241989136,-0.005425775423645973,0.006021367385983467,-0.723279595375061,-0.05043340101838112,0.020609453320503235,-0.861258864402771,-0.08169545233249664,0.04642126336693764,-1.0,-0.0946701243519783,0.052639592438936234,-0.40836238861083984,-0.019981306046247482,0.07800619304180145,-0.5011214017868042,-0.08239934593439102,0.03929987549781799,-0.3608097434043884,-0.08087745308876038,0.02560131810605526,-0.295065701007843,-0.059140995144844055,0.11377733945846558,-0.3153665363788605,-0.03771059960126877,0.11906571686267853,-0.3930760324001312,-0.07986391335725784,0.08647923916578293,-0.2967216968536377,-0.06446269154548645,0.0717020332813263,-0.2494121491909027,-0.040628232061862946
K,K_session_002,14,0.0,0.0,0.0,-0.07016836106777191,-0.17333531379699707,-0.04630317911505699,-0.08990935981273651,-0.3826286494731903,-0.05651336908340454,-0.06827659904956818,-0.5743686556816101,-0.06711988896131516,-0.05147818103432655,-0.7311958074569702,-0.07258138060569763,-0.0953444242477417,-0.5103209018707275,0.0059467884711921215,-0.11363223195075989,-0.7222369313240051,-0.02598215453326702,-0.12151489406824112,-0.8549801707267761,-0.046519022434949875,-0.12628909945487976,-0.9763815402984619,-0.05864565819501877,-0.021134229376912117,-0.4871230125427246,0.002098716562613845,0.0022263643331825733,-0.7268543243408203,-0.04177254065871239,0.018796803429722786,-0.862425684928894,-0.07181013375520706,0.0437048003077507,-1.0,-0.08300698548555374,0.04757241904735565,-0.41108259558677673,-0.01043989323079586,0.07537668943405151,-0.5033019185066223,-0.07535596936941147,0.03563655540347099,-0.3589281141757965,-0.0761546865105629,0.018507087603211403,-0.2970847189426422,-0.05450950935482979,0.10935478657484055,-0.3157321512699127,-0.026665732264518738,0.12279174476861954,-0.395696759223938,-0.07055237144231796,0.08758080005645752,-0.29669833183288574,-0.0569767951965332,0.06795920431613922,-0.2507045269012451,-0.03383420407772064
K,K_session_002,15,0.0,0.0,0.0,-0.06877109408378601,-0.18009398877620697,-0.03716886788606644,-0.0843217521905899,-0.3957216739654541,-0.04545304924249649,-0.060836855322122574,-0.5830211639404297,-0.0560067743062973,-0.04290727525949478,-0.7301440834999084,-0.06185728311538696,-0.08864221721887589,-0.5019649863243103,0.002964975778013468,-0.10627547651529312,-0.7218530774116516,-0.02947801724076271,-0.11418697237968445,-0.8573648929595947,-0.048994727432727814,-0.11908942461013794,-0.9790026545524597,-0.0605398528277874,-0.01653626561164856,-0.4782468378543854,-0.005759654566645622,0.007581068202853203,-0.7214221358299255,-0.05131677910685539,0.024828646332025528,-0.8608483076095581,-0.08148165792226791,0.05074131861329079,-1.0,-0.09334435313940048,0.051510900259017944,-0.4044874906539917,-0.02138468436896801,0.08275505155324936,-0.49976229667663574,-0.08469750732183456,0.044250670820474625,-0.36332082748413086,-0.08405990898609161,0.027228176593780518,-0.3006049692630768,-0.06274949014186859,0.11294590681791306,-0.3109307587146759,-0.04013895243406296,0.12822511792182922,-0.38948488235473633,-0.08264774084091187,0.0923663079738617,-0.29590079188346863,-0.06858990341424942,0.07096206396818161,-0.24943143129348755,-0.046005215495824814
K,K_session_002,16,0.0,0.0,0.0,-0.07367230951786041,-0.1942974179983139,-0.02828206680715084,-0.08856222778558731,-0.4137449264526367,-0.031148714944720268,-0.06125069037079811,-0.5987751483917236,-0.038327980786561966,-0.041052598506212234,-0.7379089593887329,-0.04127891734242439,-0.0932391956448555,-0.5076773762702942,0.015031612478196621,-0.11108771711587906,-0.7262919545173645,-0.014242627657949924,-0.11923611909151077,-0.8621132969856262,-0.03301728516817093,-0.12438228726387024,-0.9842001795768738,-0.044487860053777695,-0.021080879494547844,-0.4821244478225708,0.002247277181595564,0.003553324844688177,-0.7189388871192932,-0.03983015567064285,0.021266842260956764,-0.8598054051399231,-0.06937696039676666,0.0477604977786541,-1.0,-0.08136077970266342,0.04795415326952934,-0.40608611702919006,-0.0170400720089674,0.0791226327419281,-0.500037670135498,-0.07626354694366455,0.03990445286035538,-0.3643479347229004,-0.07371117919683456,0.02244967594742775,-0.2961372435092926,-0.05174526572227478,0.11053179204463959,-0.3060370981693268,-0.03908713534474373,0.12303351610898972,-0.38631001114845276,-0.07762076705694199,0.08777313679456711,-0.2952045500278473,-0.06085943430662155,0.06880883872509003,-0.24603448808193207,-0.03675355762243271
K,K_session_002,17,0.0,0.0,0.0,-0.06625667959451675,-0.19017741084098816,-0.03768620640039444,-0.08080961555242538,-0.4011915326118469,-0.043755028396844864,-0.055119749158620834,-0.5876515507698059,-0.05210116505622864,-0.038880717009305954,-0.7344974875450134,-0.0560002475976944,-0.08746912330389023,-0.5024794936180115,0.012443521991372108,-0.10262342542409897,-0.7222298979759216,-0.015560746192932129,-0.10961060971021652,-0.8575447201728821,-0.034019339829683304,-0.1134086549282074,-0.9788320064544678,-0.04490535333752632,-0.01332076359540224,-0.47691306471824646,0.006262744311243296,0.011824899353086948,-0.7172839641571045,-0.033180464059114456,0.03007226623594761,-0.8614595532417297,-0.06232009455561638,0.05600636079907417,-1.0,-0.0742696225643158,0.05641486868262291,-0.4002351462841034,-0.007555170450359583,0.08307725936174393,-0.501518189907074,-0.06801734864711761,0.044848743826150894,-0.36632975935935974,-0.07083208858966827,0.028951946645975113,-0.2921828031539917,-0.051860034465789795,0.1167268380522728,-0.30452877283096313,-0.024297982454299927,0.12584947049617767,-0.391884982585907,-0.06628607213497162,0.09148596972227097,-0.300033301115036,-0.0543874092400074,0.07510124891996384,-0.24687524139881134,-0.03311227634549141
K,K_session_002,18,0.0,0.0,0.0,-0.07014970481395721,-0.1894846111536026,-0.03415117785334587,-0.08299451321363449,-0.40874922275543213,-0.03971140459179878,-0.05558155104517937,-0.5964576601982117,-0.0479658767580986,-0.03971514105796814,-0.740380585193634,-0.05233384296298027,-0.08819647878408432,-0.5116124153137207,0.006303344387561083,-0.10311410576105118,-0.7274161577224731,-0.025193851441144943,-0.10916221141815186,-0.8618574738502502,-0.04529161751270294,-0.11272258311510086,-0.9833296537399292,-0.05679817497730255,-0.015574651770293713,-0.4844856262207031,-0.0038891942240297794,0.010409007780253887,-0.7224985957145691,-0.045689068734645844,0.028960518538951874,-0.8616609573364258,-0.0739966481924057,0.0554010234773159,-1.0,-0.0848202183842659,0.05304451659321785,-0.4082837700843811,-0.020918432623147964,0.08327767252922058,-0.5016534328460693,-0.08200935274362564,0.04335270822048187,-0.3656366765499115,-0.08085396885871887,0.025926465168595314,-0.2979952394962311,-0.059215642511844635,0.11399592459201813,-0.3085819482803345,-0.04086548835039139,0.12773162126541138,-0.39120787382125854,-0.0811745896935463,0.09275545179843903,-0.2977871596813202,-0.0648302286863327,0.0747479796409607,-0.2481907308101654,-0.040573395788669586
K,K_session_002,19,0.0,0.0,0.0,-0.06615040451288223,-0.194291353225708,-0.03515693172812462,-0.0804603099822998,-0.4076366424560547,-0.04054131731390953,-0.05388546735048294,-0.5873009562492371,-0.04816750809550285,-0.036577362567186356,-0.7276235222816467,-0.05103958398103714,-0.08501337468624115,-0.5124709606170654,0.007713027764111757,-0.099476657807827,-0.7326508164405823,-0.022628474980592728,-0.1072942391037941,-0.8684551119804382,-0.04200576990842819,-0.11232364922761917,-0.9898700714111328,-0.05328059569001198,-0.01309619564563036,-0.4817638099193573,-0.00032650353386998177,0.014764370396733284,-0.7193917036056519,-0.043619029223918915,0.033097703009843826,-0.8606869578361511,-0.07300054281949997,0.058717917650938034,-1.0,-0.08428822457790375,0.05526949465274811,-0.40340355038642883,-0.015215218998491764,0.08952338248491287,-0.4977976679801941,-0.07769046723842621,0.04962819814682007,-0.36448225378990173,-0.07805503904819489,0.0314725898206234,-0.29402002692222595,-0.05694745108485222,0.11521083116531372,-0.3034175634384155,-0.032919444143772125,0.12968382239341736,-0.3795858323574066,-0.07465842366218567,0.09354803711175919,-0.2883611023426056,-0.06039121001958847,0.0753604844212532,-0.2398606538772583,-0.03724456578493118
K,K_session_002,20,0.0,0.0,0.0,-0.06577947735786438,-0.18558014929294586,-0.03438917174935341,-0.08014505356550217,-0.4003640413284302,-0.04258425161242485,-0.05331842601299286,-0.5818470120429993,-0.05284182354807854,-0.03877953812479973,-0.7266157269477844,-0.05819287151098251,-0.08251545578241348,-0.5112205147743225,-0.002078960882499814,-0.09626562148332596,-0.7339849472045898,-0.034907784312963486,-0.10316421836614609,-0.8709837794303894,-0.05454884096980095,-0.10703068971633911,-0.993157148361206,-0.0658404603600502,-0.009584801271557808,-0.4812460243701935,-0.011773208156228065,0.017944421619176865,-0.7201419472694397,-0.05808895453810692,0.03539778292179108,-0.8620100021362305,-0.08814849704504013,0.06043701618909836,-1.0,-0.1000581607222557,0.05891751870512962,-0.403386652469635,-0.027234090492129326,0.09266123920679092,-0.49253422021865845,-0.08944839239120483,0.05420508235692978,-0.3591267466545105,-0.08598296344280243,0.03641882538795471,-0.2879130244255066,-0.06297317892313004,0.11912256479263306,-0.30432844161987305,-0.04549156874418259,0.12988023459911346,-0.3794286847114563,-0.08565337210893631,0.09676337242126465,-0.287337064743042,-0.06785367429256439,0.08079199492931366,-0.2395048290491104,-0.04260622709989548
K,K_session_002,21,0.0,0.0,0.0,-0.06649735569953918,-0.18896344304084778,-0.030857887119054794,-0.08221551775932312,-0.40551626682281494,-0.03792456537485123,-0.05413341894745827,-0.5824107527732849,-0.047815125435590744,-0.03707956150174141,-0.7215529084205627,-0.05292655900120735,-0.08177229017019272,-0.5138622522354126,-0.0005487719317898154,-0.09360805153846741,-0.7406439185142517,-0.032456591725349426,-0.0992562472820282,-0.8761897683143616,-0.05097878724336624,-0.10314681380987167,-0.9983137249946594,-0.0613793283700943,-0.008736214600503445,-0.4840501546859741,-0.0115897748619318,0.021691996604204178,-0.7265644073486328,-0.05720702186226845,0.042128995060920715,-0.8674885034561157,-0.08633841574192047,0.06676339358091354,-1.0,-0.0974763035774231,0.0597136914730072,-0.406293123960495,-0.02790933847427368,0.09414473921060562,-0.49588289856910706,-0.09087687730789185,0.05768930912017822,-0.3601084351539612,-0.08869101107120514,0.03851386904716492,-0.2772093713283539,-0.0660102367401123,0.11855016648769379,-0.30682119727134705,-0.046418964862823486,0.1286431849002838,-0.3805406391620636,-0.08782263845205307,0.09555492550134659,-0.2854791283607483,-0.07103698700666428,0.07764530926942825,-0.22843310236930847,-0.04610878974199295
K,K_session_002,22,0.0,0.0,0.0,-0.06386727094650269,-0.19571031630039215,-0.034977298229932785,-0.07833000272512436,-0.41618114709854126,-0.04267776012420654,-0.04793888330459595,-0.5985236167907715,-0.0529169924557209,-0.026317251846194267,-0.7393187284469604,-0.05872339382767677,-0.07582292705774307,-0.5193468928337097,0.0027127584908157587,-0.08686432987451553,-0.7402306795120239,-0.03066805750131607,-0.09038995951414108,-0.8768615126609802,-0.05195150151848793,-0.09056267887353897,-1.0,-0.06481162458658218,-0.003204637672752142,-0.485355943441391,-0.007236005738377571,0.027649762108922005,-0.7213996648788452,-0.0521974116563797,0.04868991672992706,-0.8564091920852661,-0.08121897280216217,0.07755082845687866,-0.9898098111152649,-0.0930434912443161,0.06442500650882721,-0.40385717153549194,-0.023960553109645844,0.10141623020172119,-0.5027918219566345,-0.08838753402233124,0.058214832097291946,-0.3670210838317871,-0.08707355707883835,0.03749742731451988,-0.2884928584098816,-0.065497487783432,0.12173384428024292,-0.30012258887290955,-0.04351181909441948,0.13831934332847595,-0.37983840703964233,-0.08840670436620712,0.09986966848373413,-0.28553444147109985,-0.07403302192687988,0.07942911237478256,-0.23151256144046783,-0.050920724868774414
K,K_session_002,23,0.0,0.0,0.0,-0.06483633816242218,-0.20565809309482574,-0.027692416682839394,-0.07325105369091034,-0.42667317390441895,-0.030513538047671318,-0.04030701145529747,-0.6029038429260254,-0.03771132230758667,-0.021154629066586494,-0.7336333990097046,-0.040950123220682144,-0.07358814775943756,-0.5159486532211304,0.009978561662137508,-0.08152387291193008,-0.7385076880455017,-0.0218889731913805,-0.08432385325431824,-0.8768768906593323,-0.04137079045176506,-0.08460336923599243,-1.0,-0.052910394966602325,-0.0016615879721939564,-0.4801570177078247,-0.0035120954271405935,0.03173506259918213,-0.7188087105751038,-0.049510080367326736,0.05476662516593933,-0.8575635552406311,-0.07911410927772522,0.0857517346739769,-0.9934012293815613,-0.09061625599861145,0.06487519294023514,-0.3964858055114746,-0.023180143907666206,0.1043347492814064,-0.489609956741333,-0.08790415525436401,0.06088513880968094,-0.35195645689964294,-0.08565142005681992,0.040362272411584854,-0.27517062425613403,-0.06261365115642548,0.12080337852239609,-0.2903154790401459,-0.04534833878278732,0.13891452550888062,-0.36100292205810547,-0.08936632424592972,0.09963912516832352,-0.26713916659355164,-0.07436063140630722,0.07855009287595749,-0.21550926566123962,-0.050643403083086014
K,K_session_002,24,0.0,0.0,0.0,-0.06494658440351486,-0.204912006855011,-0.029963267967104912,-0.07168325036764145,-0.43194857239723206,-0.02931174635887146,-0.03515840321779251,-0.6106096506118774,-0.03243572264909744,-0.014790927059948444,-0.7396852374076843,-0.03152848407626152,-0.07547551393508911,-0.5154941082000732,0.018101781606674194,-0.07937120646238327,-0.7380483746528625,-0.010694095864892006,-0.08041536808013916,-0.8760343194007874,-0.030027981847524643,-0.07963819801807404,-1.0,-0.041902028024196625,-0.0019720043055713177,-0.47663024067878723,0.007419794797897339,0.033033937215805054,-0.7081899046897888,-0.0352296344935894,0.058845002204179764,-0.8461295962333679,-0.06484492868185043,0.09157973527908325,-0.9852063655853271,-0.07677019387483597,0.0655224397778511,-0.3899427354335785,-0.010411280207335949,0.10478661954402924,-0.48201316595077515,-0.07215724885463715,0.06260541081428528,-0.3441551923751831,-0.07044321298599243,0.04250653460621834,-0.2709786295890808,-0.04825364425778389,0.12168895453214645,-0.2827950716018677,-0.031226137652993202,0.14081881940364838,-0.35463812947273254,-0.07302764803171158,0.10289908200502396,-0.26251423358917236,-0.05812305584549904,0.0840204507112503,-0.21616871654987335,-0.03492613881826401
K,K_session_002,25,0.0,0.0,0.0,-0.0586630254983902,-0.2120978832244873,-0.03063834086060524,-0.06152540072798729,-0.4352474510669708,-0.02921530418097973,-0.02641231380403042,-0.6117562651634216,-0.0316639207303524,-0.008166508749127388,-0.7443947196006775,-0.029757879674434662,-0.06853289157152176,-0.5198392271995544,0.022824615240097046,-0.07043931633234024,-0.7383541464805603,-0.004747285973280668,-0.06992201507091522,-0.8758537769317627,-0.025110917165875435,-0.06685144454240799,-1.0,-0.038225121796131134,0.0026700920425355434,-0.4791228175163269,0.01292963232845068,0.041546016931533813,-0.7064828872680664,-0.029326986521482468,0.0679689347743988,-0.8447935581207275,-0.061344970017671585,0.1024600937962532,-0.9860596060752869,-0.07555750757455826,0.06889007240533829,-0.39047056436538696,-0.004408415872603655,0.11655548959970474,-0.4887130856513977,-0.06748936325311661,0.06956855207681656,-0.35338035225868225,-0.06929686665534973,0.04552959278225899,-0.28003641963005066,-0.04935260862112045,0.1236288994550705,-0.2816915214061737,-0.024607067927718163,0.15143157541751862,-0.36320796608924866,-0.06922090798616409,0.1092657595872879,-0.2747375965118408,-0.05736176297068596,0.08501029759645462,-0.22454752027988434,-0.03585259988903999
K,K_session_002,26,0.0,0.0,0.0,-0.060045454651117325,-0.2078644335269928,-0.033723361790180206,-0.06201693043112755,-0.4340628981590271,-0.033508386462926865,-0.025628305971622467,-0.6152158975601196,-0.0365891307592392,0.0010475940071046352,-0.7504894137382507,-0.035126693546772,-0.06378163397312164,-0.5243796706199646,0.023100784048438072,-0.06327569484710693,-0.7421634197235107,-0.003705844283103943,-0.061348214745521545,-0.8767853379249573,-0.02281898632645607,-0.05632335692644119,-1.0,-0.03511990234255791,0.00794608797878027,-0.4854133129119873,0.014492684043943882,0.048868950456380844,-0.7146561741828918,-0.0260857455432415,0.0762593150138855,-0.84881192445755,-0.056925125420093536,0.1124299094080925,-0.9894105792045593,-0.07038973271846771,0.0724775642156601,-0.3975546061992645,-0.0021837742533534765,0.12134967744350433,-0.49224141240119934,-0.06403603404760361,0.07174408435821533,-0.35561689734458923,-0.06564875692129135,0.0468246191740036,-0.28905147314071655,-0.04592643305659294,0.1267414540052414,-0.2899644374847412,-0.022053174674510956,0.15703773498535156,-0.3644081950187683,-0.06561049818992615,0.11350178718566895,-0.2763228416442871,-0.05425719916820526,0.08733375370502472,-0.2332412749528885,-0.033504847437143326
K,K_session_002,27,0.0,0.0,0.0,-0.058624446392059326,-0.2126992642879486,-0.026589298620820045,-0.058398663997650146,-0.4403991103172302,-0.02515953592956066,-0.020923089236021042,-0.6155587434768677,-0.028824420645833015,0.010839799419045448,-0.7430442571640015,-0.028437267988920212,-0.05834346264600754,-0.5288268327713013,0.025909047573804855,-0.05526435375213623,-0.7443865537643433,-0.0010403869673609734,-0.05294548347592354,-0.8777420520782471,-0.019957207143306732,-0.0471864677965641,-1.0,-0.032483331859111786,0.013150149956345558,-0.4869854748249054,0.013046485371887684,0.05751151591539383,-0.7105335593223572,-0.029291877523064613,0.08522294461727142,-0.8423778414726257,-0.06120532378554344,0.12372110784053802,-0.9815727472305298,-0.07556230574846268,0.07761278003454208,-0.3963964879512787,-0.006923092529177666,0.12678956985473633,-0.48845747113227844,-0.0691346824169159,0.07419570535421371,-0.3496853709220886,-0.06912629306316376,0.04964343458414078,-0.2794434726238251,-0.048473063856363297,0.13242965936660767,-0.28543218970298767,-0.029536517336964607,0.15771234035491943,-0.35970422625541687,-0.07263684272766113,0.11344505101442337,-0.2695036232471466,-0.05959552526473999,0.08888035267591476,-0.2227025032043457,-0.037768080830574036
K,K_session_002,28,0.0,0.0,0.0,-0.05966019630432129,-0.20763875544071198,-0.0293588750064373,-0.05779023468494415,-0.4388607442378998,-0.030347978696227074,-0.019147148355841637,-0.6176158785820007,-0.03561265766620636,0.012000523507595062,-0.7479712963104248,-0.03649420663714409,-0.05419577658176422,-0.5285983681678772,0.019544579088687897,-0.051058411598205566,-0.7429917454719543,-0.010780250653624535,-0.04874498397111893,-0.8772539496421814,-0.03075193054974079,-0.041898488998413086,-1.0,-0.043658796697854996,0.01656491309404373,-0.4844929575920105,0.007013295777142048,0.058708492666482925,-0.7093054056167603,-0.03957432508468628,0.08517657220363617,-0.8384326696395874,-0.07249486446380615,0.12514016032218933,-0.9775413274765015,-0.08668892830610275,0.08070013672113419,-0.3930343985557556,-0.012577694840729237,0.1265845149755478,-0.4878752529621124,-0.07699600607156754,0.07372374832630157,-0.348095178604126,-0.0744001567363739,0.05239500850439072,-0.28270334005355835,-0.05146808922290802,0.13566569983959198,-0.2836654782295227,-0.03512338921427727,0.15730057656764984,-0.3556399643421173,-0.07823958992958069,0.11425361037254333,-0.26628848910331726,-0.063263438642025,0.09419333189725876,-0.2258000522851944,-0.0398750975728035
K,K_session_002,29,0.0,0.0,0.0,-0.05783812701702118,-0.20828230679035187,-0.03228349983692169,-0.05472927540540695,-0.44098329544067383,-0.03201678767800331,-0.018185796216130257,-0.6119832396507263,-0.03488873690366745,0.011734610423445702,-0.7400960922241211,-0.03369506821036339,-0.05515635386109352,-0.5290226340293884,0.01872532069683075,-0.05214015394449234,-0.7432326674461365,-0.006993989460170269,-0.04619158059358597,-0.878118634223938,-0.023646509274840355,-0.03895224258303642,-1.0,-0.03422606363892555,0.01408266182988882,-0.4890674352645874,0.0083411680534482,0.05959797650575638,-0.7139986157417297,-0.032165102660655975,0.09195714443922043,-0.8411189913749695,-0.0609331913292408,0.1319078952074051,-0.9723913669586182,-0.07213317602872849,0.07634247094392776,-0.4008403718471527,-0.009615312330424786,0.12713731825351715,-0.482866495847702,-0.07083241641521454,0.0777994766831398,-0.3461998403072357,-0.070395328104496,0.05172066390514374,-0.28605762124061584,-0.049174949526786804,0.13047417998313904,-0.29207712411880493,-0.0305925365537405,0.1588474065065384,-0.3582859933376312,-0.07279640436172485,0.11799660325050354,-0.26637139916419983,-0.059399429708719254,0.09263288229703903,-0.22578760981559753,-0.03744431585073471
K,K_session_002,30,0.0,0.0,0.0,-0.05655977502465248,-0.20960667729377747,-0.031973402947187424,-0.049152664840221405,-0.44254210591316223,-0.03110075555741787,-0.00799457635730505,-0.6123918294906616,-0.03314189985394478,0.017714347690343857,-0.7436491847038269,-0.030917540192604065,-0.051817700266838074,-0.5341638326644897,0.018820665776729584,-0.04536761716008186,-0.746861457824707,-0.007227570284157991,-0.038747988641262054,-0.8803659081459045,-0.02402864769101143,-0.030828174203634262,-1.0,-0.03434409201145172,0.017764130607247353,-0.4891526997089386,0.008648346178233624,0.06497935950756073,-0.713202953338623,-0.03275013342499733,0.09681452065706253,-0.8401513695716858,-0.06207352876663208,0.13854803144931793,-0.9717484712600708,-0.07340401411056519,0.08010042458772659,-0.3965283930301666,-0.008970292285084724,0.1296580731868744,-0.47497323155403137,-0.0700795128941536,0.07958470284938812,-0.34101563692092896,-0.06922856718301773,0.05663347244262695,-0.28542688488960266,-0.04758350923657417,0.13319438695907593,-0.28530800342559814,-0.029649976640939713,0.1585509479045868,-0.35359638929367065,-0.07070426642894745,0.11738310754299164,-0.2647544741630554,-0.05589006096124649,0.0960325300693512,-0.22686997056007385,-0.03288937360048294
K,K_session_002,31,0.0,0.0,0.0,-0.05638042092323303,-0.21416106820106506,-0.030692879110574722,-0.049143146723508835,-0.4392106235027313,-0.028923746198415756,-0.0045390320010483265,-0.6126214861869812,-0.030764169991016388,0.02446863241493702,-0.7416033744812012,-0.02862049825489521,-0.04705379903316498,-0.5340726375579834,0.024515803903341293,-0.04009954258799553,-0.7448567748069763,-0.001966729061678052,-0.032338906079530716,-0.8786033987998962,-0.020400270819664,-0.022793369367718697,-1.0,-0.031534343957901,0.022131798788905144,-0.48233839869499207,0.013844072818756104,0.07092300057411194,-0.7085007429122925,-0.026466161012649536,0.1025160551071167,-0.8372339010238647,-0.056513477116823196,0.14423640072345734,-0.9715417623519897,-0.0685277134180069,0.08394584059715271,-0.38561952114105225,-0.004587993957102299,0.1301204115152359,-0.46879735589027405,-0.06602436304092407,0.07765262573957443,-0.3371361494064331,-0.06703472137451172,0.054862648248672485,-0.28251153230667114,-0.04632388800382614,0.1369478851556778,-0.2708703875541687,-0.025910742580890656,0.16162703931331635,-0.34303295612335205,-0.06661363691091537,0.11833338439464569,-0.2570243775844574,-0.05220829322934151,0.09673745185136795,-0.22029054164886475,-0.029451018199324608
K,K_session_002,32,0.0,0.0,0.0,-0.053081586956977844,-0.2117117941379547,-0.030095668509602547,-0.045286547392606735,-0.43198105692863464,-0.0312105193734169,0.005133245140314102,-0.6030935645103455,-0.036061402410268784,0.03716897591948509,-0.7300214767456055,-0.036766279488801956,-0.03659758344292641,-0.5308263897895813,0.01657593622803688,-0.028156762942671776,-0.7434713840484619,-0.013278349302709103,-0.01917523518204689,-0.8784242272377014,-0.03379730135202408,-0.00786621868610382,-1.0,-0.046510450541973114,0.03156370297074318,-0.4766218364238739,0.004929626360535622,0.08113078027963638,-0.7015453577041626,-0.03774455934762955,0.11176808923482895,-0.8299443125724792,-0.06831951439380646,0.1540050208568573,-0.9630151391029358,-0.08129486441612244,0.09218951314687729,-0.3777180016040802,-0.013812283985316753,0.13717636466026306,-0.46065089106559753,-0.07428162544965744,0.08262713998556137,-0.3372698128223419,-0.07338631898164749,0.060433145612478256,-0.2852995991706848,-0.0525810569524765,0.14326079189777374,-0.2609063982963562,-0.03563253954052925,0.16670210659503937,-0.331291526556015,-0.07501165568828583,0.12114083766937256,-0.2547866404056549,-0.05972161516547203,0.09962420165538788,-0.22298762202262878,-0.03694067522883415
K,K_session_002,33,0.0,0.0,0.0,-0.04406481981277466,-0.21220749616622925,-0.035373397171497345,-0.03443945199251175,-0.42917656898498535,-0.04106537997722626,0.014686561189591885,-0.5958669781684875,-0.04914044961333275,0.04964197799563408,-0.7248415350914001,-0.052907995879650116,-0.025102874264121056,-0.5350452065467834,0.008004584349691868,-0.012927963398396969,-0.7493686079978943,-0.022285550832748413,-0.002457823371514678,-0.8815467357635498,-0.041683655232191086,0.01036018319427967,-1.0,-0.0531187430024147,0.041961655020713806,-0.4785313606262207,-0.0008998646517284214,0.0961398333311081,-0.6997538805007935,-0.04310312867164612,0.13047392666339874,-0.8220553994178772,-0.07181990891695023,0.1751154512166977,-0.9466010928153992,-0.08325455337762833,0.09962179511785507,-0.37609001994132996,-0.016942638903856277,0.1484898179769516,-0.4507976770401001,-0.07928461581468582,0.09173306822776794,-0.33170026540756226,-0.08033435046672821,0.0658741295337677,-0.2761068344116211,-0.060471899807453156,0.14595621824264526,-0.25693807005882263,-0.03592680022120476,0.17314189672470093,-0.320885568857193,-0.07870390266180038,0.12491200119256973,-0.2433459460735321,-0.0655912384390831,0.0984191745519638,-0.2087019830942154,-0.043760597705841064
K,K_session_002,34,0.0,0.0,0.0,-0.03152329474687576,-0.22563983500003815,-0.031018249690532684,-0.015004479326307774,-0.447615385055542,-0.036729082465171814,0.03793369233608246,-0.6070382595062256,-0.04566605016589165,0.07182774692773819,-0.7282590866088867,-0.05041024833917618,-0.006539449095726013,-0.5427533388137817,0.003960880450904369,0.012110481970012188,-0.752125084400177,-0.02989804372191429,0.024553263559937477,-0.8828144073486328,-0.05231897160410881,0.038639962673187256,-1.0,-0.0663992315530777,0.05837065726518631,-0.47902968525886536,-0.007960737682878971,0.1170356422662735,-0.6868515610694885,-0.05628248304128647,0.15659038722515106,-0.8079280853271484,-0.0877794697880745,0.2047031819820404,-0.9289875030517578,-0.10115812718868256,0.11512675881385803,-0.36944299936294556,-0.02587291970849037,0.16530174016952515,-0.4428088366985321,-0.08910132199525833,0.10884418338537216,-0.328370064496994,-0.08494541049003601,0.0798330083489418,-0.26668766140937805,-0.061973221600055695,0.15758992731571198,-0.24264778196811676,-0.046761009842157364,0.1848163604736328,-0.3158748745918274,-0.08781656622886658,0.13944530487060547,-0.2424985021352768,-0.06960472464561462,0.11486127227544785,-0.20450907945632935,-0.04440439119935036
K,K_session_002,35,0.0,0.0,0.0,-0.030062610283493996,-0.22840295732021332,-0.032000500708818436,-0.00842786580324173,-0.4505661427974701,-0.04083273559808731,0.04871486499905586,-0.6089659929275513,-0.052556660026311874,0.0885121077299118,-0.7253208756446838,-0.06018783524632454,0.005838344804942608,-0.5442671775817871,-0.006887993775308132,0.0317254364490509,-0.7527281045913696,-0.04435424879193306,0.05019383504986763,-0.8839663863182068,-0.06821487843990326,0.06941072642803192,-1.0,-0.08324182778596878,0.06992979347705841,-0.47821229696273804,-0.01926056295633316,0.13602246344089508,-0.6822320818901062,-0.06724192947149277,0.18144382536411285,-0.8016886115074158,-0.09715955704450607,0.23391368985176086,-0.9151371121406555,-0.11056394129991531,0.12390176951885223,-0.3671502470970154,-0.037598833441734314,0.17508640885353088,-0.42822280526161194,-0.09956495463848114,0.11370916664600372,-0.3260091245174408,-0.09633198380470276,0.08116000145673752,-0.26608985662460327,-0.07534157484769821,0.16353458166122437,-0.23679868876934052,-0.05911554396152496,0.18693000078201294,-0.2952112853527069,-0.1004939004778862,0.13921760022640228,-0.2328052520751953,-0.08560969680547714,0.11358677595853806,-0.19660988450050354,-0.06354879587888718
K,K_session_002,36,0.0,0.0,0.0,-0.026723340153694153,-0.22422485053539276,-0.04027477651834488,-0.0006141859921626747,-0.45261260867118835,-0.05149047076702118,0.06356360763311386,-0.6128878593444824,-0.06393034011125565,0.11083022505044937,-0.7316674590110779,-0.07243712246417999,0.014606022275984287,-0.5531594753265381,-0.012635180726647377,0.048623356968164444,-0.7592153549194336,-0.051236893981695175,0.07226719707250595,-0.8874759674072266,-0.07573000341653824,0.09547307342290878,-1.0,-0.09037452936172485,0.07779433578252792,-0.4781445264816284,-0.02075325883924961,0.1490665227174759,-0.678794264793396,-0.06871437281370163,0.20068992674350739,-0.7938234806060791,-0.09784528613090515,0.2562030553817749,-0.8993736505508423,-0.11014751344919205,0.13011156022548676,-0.36161720752716064,-0.035634659230709076,0.179323211312294,-0.4181360602378845,-0.09953451156616211,0.1183113306760788,-0.3143264651298523,-0.09660099446773529,0.08390584588050842,-0.25291430950164795,-0.07469148933887482,0.1671639382839203,-0.22965343296527863,-0.054131194949150085,0.19176137447357178,-0.2880362868309021,-0.09722788631916046,0.1432255059480667,-0.22247442603111267,-0.08171817660331726,0.11472655832767487,-0.18475036323070526,-0.05843829736113548
K,K_session_002,37,0.0,0.0,0.0,-0.02143399976193905,-0.23504789173603058,-0.03264632821083069,0.011885003186762333,-0.4627514183521271,-0.044205594807863235,0.08685548603534698,-0.6092445254325867,-0.058901965618133545,0.14620181918144226,-0.7121424674987793,-0.07030565291643143,0.03334734961390495,-0.5591244697570801,-0.01199370063841343,0.07693726569414139,-0.7646673917770386,-0.05038867145776749,0.10449329018592834,-0.8897862434387207,-0.07516742497682571,0.13330544531345367,-1.0,-0.09079474955797195,0.09449275583028793,-0.47733330726623535,-0.024478023871779442,0.17343932390213013,-0.6663427948951721,-0.07345012575387955,0.23004335165023804,-0.7775172591209412,-0.10410542041063309,0.29223284125328064,-0.8792440295219421,-0.11853723227977753,0.14407768845558167,-0.35534632205963135,-0.04224161431193352,0.19813911616802216,-0.4138807952404022,-0.10346747934818268,0.1322573721408844,-0.31529438495635986,-0.09769947826862335,0.09460959583520889,-0.2520453631877899,-0.07549063861370087,0.17785385251045227,-0.21932145953178406,-0.06332982331514359,0.20462164282798767,-0.2850496470928192,-0.10367653518915176,0.15483374893665314,-0.22350777685642242,-0.08546137064695358,0.1264493316411972,-0.1834440380334854,-0.06103573739528656
K,K_session_002,38,0.0,0.0,0.0,-0.018669234588742256,-0.2299703061580658,-0.03919222205877304,0.015492470934987068,-0.45195579528808594,-0.05141160264611244,0.09401872754096985,-0.6023844480514526,-0.06539103388786316,0.1571899801492691,-0.7123165130615234,-0.07589808106422424,0.04393094405531883,-0.5685290694236755,-0.007563937455415726,0.09475253522396088,-0.769335925579071,-0.044543612748384476,0.1268458515405655,-0.8913810849189758,-0.07007614523172379,0.1598624587059021,-1.0,-0.08650674670934677,0.1048031598329544,-0.4840906262397766,-0.015573840588331223,0.19351066648960114,-0.6711302399635315,-0.06256159394979477,0.2529669404029846,-0.7779824137687683,-0.09409148246049881,0.3186977505683899,-0.8748974204063416,-0.10916858166456223,0.15053273737430573,-0.3601525127887726,-0.030151866376399994,0.2061745524406433,-0.4168111979961395,-0.09333343058824539,0.13589879870414734,-0.3239397704601288,-0.09153281152248383,0.0974004864692688,-0.26642993092536926,-0.07118961215019226,0.18092040717601776,-0.2248079925775528,-0.04818043112754822,0.21324104070663452,-0.30019068717956543,-0.09275401383638382,0.16049405932426453,-0.2383676916360855,-0.07756338268518448,0.1295565366744995,-0.19793492555618286,-0.05442674458026886
K,K_session_002,39,0.0,0.0,0.0,-0.015143187716603279,-0.23652255535125732,-0.0381878986954689,0.02966458909213543,-0.46666428446769714,-0.04569031670689583,0.11481466144323349,-0.6113869547843933,-0.0553385466337204,0.17421451210975647,-0.7256125211715698,-0.06135392189025879,0.05398252233862877,-0.5710726380348206,0.0011583443265408278,0.10968172550201416,-0.7716894149780273,-0.03259900212287903,0.14556381106376648,-0.8920866250991821,-0.055478908121585846,0.18200302124023438,-1.0,-0.06961636990308762,0.11430809646844864,-0.4844585061073303,-0.006214231718331575,0.20789816975593567,-0.6622012853622437,-0.05082966014742851,0.2703304588794708,-0.7630699276924133,-0.08137768507003784,0.33974525332450867,-0.8588099479675293,-0.09504657983779907,0.15925854444503784,-0.3590576946735382,-0.020708274096250534,0.21809600293636322,-0.4017702043056488,-0.0825066864490509,0.14582884311676025,-0.30793336033821106,-0.08094374090433121,0.1077699363231659,-0.25899842381477356,-0.060416970402002335,0.1905413120985031,-0.22293439507484436,-0.038775667548179626,0.23013025522232056,-0.284140020608902,-0.08139476180076599,0.17437654733657837,-0.22328683733940125,-0.06596644222736359,0.14223608374595642,-0.19167812168598175,-0.04283272847533226
K,K_session_002,40,0.0,0.0,0.0,-0.006869391072541475,-0.24095863103866577,-0.03601314127445221,0.04655617102980614,-0.4703259766101837,-0.04367804899811745,0.13650119304656982,-0.6134849786758423,-0.05443393811583519,0.2005268931388855,-0.7216169834136963,-0.0616719089448452,0.0716439038515091,-0.5766294598579407,0.0023625600151717663,0.13578453660011292,-0.7763237953186035,-0.03275064006447792,0.1785171627998352,-0.895808219909668,-0.05706771835684776,0.22117184102535248,-1.0,-0.07258819043636322,0.1309117078781128,-0.4850254952907562,-0.007306711748242378,0.2358039915561676,-0.6585220098495483,-0.05436791852116585,0.3060983121395111,-0.7556780576705933,-0.08771435171365738,0.38018345832824707,-0.84348064661026,-0.10344372689723969,0.17445474863052368,-0.3521008789539337,-0.023545153439044952,0.24359524250030518,-0.3994632065296173,-0.08790740370750427,0.16766947507858276,-0.30742478370666504,-0.0863078236579895,0.12192351371049881,-0.2491200566291809,-0.06537524610757828,0.2012050598859787,-0.20915493369102478,-0.04310205951333046,0.24343989789485931,-0.2711099684238434,-0.08944788575172424,0.18714134395122528,-0.2114492803812027,-0.07464833557605743,0.1520596295595169,-0.17344491183757782,-0.05100385099649429
K,K_session_002,41,0.0,0.0,0.0,-0.006127642001956701,-0.24783079326152802,-0.03929583728313446,0.05457746237516403,-0.4792543649673462,-0.04837538301944733,0.15488259494304657,-0.6116758584976196,-0.06033637747168541,0.22879557311534882,-0.7077419757843018,-0.06847705692052841,0.08447534590959549,-0.5921649932861328,0.002016614191234112,0.15197885036468506,-0.7854702472686768,-0.03569108620285988,0.1978183537721634,-0.9001191854476929,-0.062443871051073074,0.24527430534362793,-1.0,-0.08008630573749542,0.14346198737621307,-0.4896092116832733,-0.007741675246506929,0.2531593441963196,-0.6573240756988525,-0.058751434087753296,0.32710710167884827,-0.7459332942962646,-0.09424330294132233,0.408044695854187,-0.8282055258750916,-0.1111423596739769,0.18403856456279755,-0.34681209921836853,-0.024654166772961617,0.25993612408638,-0.3925704061985016,-0.0937345027923584,0.17407189309597015,-0.29942530393600464,-0.090517558157444,0.12349874526262283,-0.24555495381355286,-0.06745398044586182,0.2081446796655655,-0.19448360800743103,-0.0453093945980072,0.25902068614959717,-0.24775905907154083,-0.0958297997713089,0.1952742487192154,-0.19075581431388855,-0.08029507100582123,0.15361163020133972,-0.15983322262763977,-0.055222928524017334
K,K_session_002,42,0.0,0.0,0.0,0.0008455876377411187,-0.25083139538764954,-0.04415680468082428,0.06488152593374252,-0.4757503569126129,-0.050120919942855835,0.1658443808555603,-0.615071177482605,-0.0576215423643589,0.23608314990997314,-0.7297804355621338,-0.06068401038646698,0.08989614993333817,-0.6056087017059326,0.013092811219394207,0.1646791398525238,-0.7911849021911621,-0.020438145846128464,0.2166193425655365,-0.9025809168815613,-0.04567493498325348,0.2687590718269348,-1.0,-0.062003400176763535,0.14907914400100708,-0.49683305621147156,0.007412075996398926,0.26337721943855286,-0.6527882814407349,-0.040427498519420624,0.34150999784469604,-0.7385843396186829,-0.07693721354007721,0.42363184690475464,-0.8197377324104309,-0.0941658765077591,0.18825790286064148,-0.3494401276111603,-0.006934864912182093,0.26701292395591736,-0.37647393345832825,-0.07821786403656006,0.18059778213500977,-0.28940916061401367,-0.08231407403945923,0.12775103747844696,-0.24626493453979492,-0.0628400444984436,0.21017727255821228,-0.19608739018440247,-0.024887830018997192,0.26251375675201416,-0.24027018249034882,-0.07850843667984009,0.1981087327003479,-0.18605926632881165,-0.06832639873027802,0.15573960542678833,-0.1633078157901764,-0.04635540023446083
K,K_session_002,43,0.0,0.0,0.0,-0.0025672840420156717,-0.25524723529815674,-0.04730423539876938,0.06856641173362732,-0.4796534776687622,-0.05491170659661293,0.18044935166835785,-0.6097850203514099,-0.06380542367696762,0.25883445143699646,-0.7192661762237549,-0.06876567006111145,0.10317803174257278,-0.610602855682373,0.011176913976669312,0.185627281665802,-0.797980010509491,-0.022927846759557724,0.24258483946323395,-0.9058781862258911,-0.047739021480083466,0.2998576760292053,-1.0,-0.06368958204984665,0.16020886600017548,-0.49473801255226135,0.00632379949092865,0.28803837299346924,-0.6500573754310608,-0.042905207723379135,0.37075039744377136,-0.7297195196151733,-0.07938390225172043,0.4573138356208801,-0.8038389682769775,-0.09626223891973495,0.1959344744682312,-0.3419940769672394,-0.007560172118246555,0.2817629277706146,-0.37492239475250244,-0.0835629403591156,0.1850701868534088,-0.28276804089546204,-0.08801408112049103,0.1274433732032776,-0.23671813309192657,-0.06745008379220963,0.21666468679904938,-0.18426211178302765,-0.02493794448673725,0.274158775806427,-0.2323714792728424,-0.08450115472078323,0.20196504890918732,-0.17446580529212952,-0.07544557750225067,0.15327070653438568,-0.14990635216236115,-0.05312336981296539
K,K_session_002,44,0.0,0.0,0.0,0.005397535860538483,-0.2539656162261963,-0.04907447099685669,0.08261393755674362,-0.47669920325279236,-0.06042588874697685,0.2021780014038086,-0.5991406440734863,-0.07218441367149353,0.2880893647670746,-0.7009159326553345,-0.07966440171003342,0.12963411211967468,-0.6127252578735352,-0.0018736043712124228,0.21860124170780182,-0.7985290884971619,-0.03641217574477196,0.2768068015575409,-0.9061909317970276,-0.06145082414150238,0.3357396423816681,-1.0,-0.07882685214281082,0.18502557277679443,-0.48778632283210754,-0.006428455468267202,0.31417322158813477,-0.633073091506958,-0.05567523464560509,0.3998495936393738,-0.7102615833282471,-0.09246823936700821,0.4898914396762848,-0.7777253985404968,-0.11150552332401276,0.21624073386192322,-0.3265432119369507,-0.018937252461910248,0.3005942404270172,-0.35829001665115356,-0.09209815412759781,0.20390945672988892,-0.2790640592575073,-0.09580972045660019,0.1460454910993576,-0.23302659392356873,-0.07713878899812698,0.23144833743572235,-0.16301225125789642,-0.03519386053085327,0.2861360013484955,-0.21867993474006653,-0.09417089819908142,0.21368497610092163,-0.17058835923671722,-0.08572053909301758,0.16497038304805756,-0.14551573991775513,-0.06494583934545517
K,K_session_002,45,0.0,0.0,0.0,0.01266040001064539,-0.25125110149383545,-0.05088157206773758,0.10172399133443832,-0.47885510325431824,-0.06484343111515045,0.22727245092391968,-0.5899890661239624,-0.07863088697195053,0.3186444938182831,-0.6936835050582886,-0.08767211437225342,0.14757493138313293,-0.6135913729667664,-0.010046364739537239,0.24750028550624847,-0.8023436069488525,-0.047219984233379364,0.31361669301986694,-0.9102503061294556,-0.0724860206246376,0.3779318630695343,-1.0,-0.08899331837892532,0.2042594701051712,-0.48283642530441284,-0.01422958355396986,0.3417271673679352,-0.6213274002075195,-0.0654628574848175,0.43653157353401184,-0.6951681971549988,-0.10210031270980835,0.5319502949714661,-0.754094123840332,-0.12031988054513931,0.23590122163295746,-0.3173397481441498,-0.025943560525774956,0.3110353648662567,-0.34504857659339905,-0.09636572748422623,0.2194083034992218,-0.2652663290500641,-0.0948670506477356,0.16510683298110962,-0.21537967026233673,-0.0730409324169159,0.25167274475097656,-0.15093140304088593,-0.04189690575003624,0.29909658432006836,-0.2137143462896347,-0.09388266503810883,0.2298840880393982,-0.1641487032175064,-0.07873575389385223,0.18794263899326324,-0.13418884575366974,-0.05413926765322685
K,K_session_002,46,0.0,0.0,0.0,0.026169633492827415,-0.2626214325428009,-0.047184184193611145,0.12642142176628113,-0.48462748527526855,-0.0610787570476532,0.256245493888855,-0.5790795087814331,-0.0761483758687973,0.35024186968803406,-0.6762948036193848,-0.08664297312498093,0.17561157047748566,-0.6230872869491577,-0.009975495748221874,0.2871112525463104,-0.8083628416061401,-0.04774010181427002,0.3609575629234314,-0.911465585231781,-0.07280770689249039,0.4317823052406311,-1.0,-0.08891962468624115,0.23268595337867737,-0.4815200865268707,-0.016966143622994423,0.38411492109298706,-0.5982934236526489,-0.06923914700746536,0.4868225157260895,-0.6566202640533447,-0.10483282804489136,0.5876663327217102,-0.7049963474273682,-0.12130352109670639,0.26207131147384644,-0.3061259984970093,-0.03108462505042553,0.3364504873752594,-0.31883370876312256,-0.10342587530612946,0.23613594472408295,-0.24553751945495605,-0.10071840137243271,0.17501501739025116,-0.19935712218284607,-0.07658425718545914,0.2739422619342804,-0.12836042046546936,-0.049059439450502396,0.32723313570022583,-0.18168798089027405,-0.10063129663467407,0.25127407908439636,-0.14094485342502594,-0.0828569307923317,0.20245185494422913,-0.11469569057226181,-0.055751074105501175
K,K_session_002,47,0.0,0.0,0.0,0.033490825444459915,-0.27237460017204285,-0.060928042978048325,0.14296498894691467,-0.49115511775016785,-0.07352578639984131,0.2817838490009308,-0.5864289402961731,-0.0844392329454422,0.382583886384964,-0.6915521025657654,-0.08931783586740494,0.19290564954280853,-0.6394591927528381,-0.0007629012106917799,0.31834256649017334,-0.8173949122428894,-0.03237003833055496,0.4000534415245056,-0.9127893447875977,-0.05384789779782295,0.4752667248249054,-1.0,-0.06726216524839401,0.24999427795410156,-0.4874236285686493,0.001892144326120615,0.4143330752849579,-0.5893540382385254,-0.04720183089375496,0.5284324288368225,-0.6349876523017883,-0.08304587751626968,0.6353963613510132,-0.6750831604003906,-0.0983034148812294,0.27656346559524536,-0.3074241578578949,-0.005313890986144543,0.3415842354297638,-0.3137744665145874,-0.08355811983346939,0.23804104328155518,-0.24690066277980804,-0.09096246212720871,0.17618584632873535,-0.2105623483657837,-0.06976255029439926,0.2892548739910126,-0.13350406289100647,-0.016666138544678688,0.34366026520729065,-0.19186988472938538,-0.07543911784887314,0.2666652202606201,-0.15109869837760925,-0.06484828144311905,0.2178342044353485,-0.12369741499423981,-0.04054107517004013
K,K_session_002,48,0.0,0.0,0.0,0.03989988565444946,-0.2801757752895355,-0.061447594314813614,0.1601511389017105,-0.4974074363708496,-0.07734424620866776,0.3054787218570709,-0.5736532807350159,-0.092203289270401,0.4118139147758484,-0.6755351424217224,-0.10147959738969803,0.2189132571220398,-0.6561515927314758,-0.010022983886301517,0.3545040488243103,-0.8279602527618408,-0.04770149663090706,0.443537175655365,-0.9174938797950745,-0.07211565226316452,0.5259826183319092,-1.0,-0.08674868196249008,0.27521800994873047,-0.4904728829860687,-0.01029209978878498,0.4517002999782562,-0.582184374332428,-0.06626877188682556,0.5732607245445251,-0.6160975694656372,-0.10462231189012527,0.6842078566551208,-0.6455878615379333,-0.11962521821260452,0.29961836338043213,-0.29915425181388855,-0.019810384139418602,0.3646392822265625,-0.2814350426197052,-0.1035408079624176,0.2513124942779541,-0.2063671201467514,-0.1079716682434082,0.18064580857753754,-0.1732078343629837,-0.08255305886268616,0.3077094256877899,-0.1156386286020279,-0.033574026077985764,0.3616330325603485,-0.15132509171962738,-0.09329959750175476,0.2794695496559143,-0.10909443348646164,-0.07847601920366287,0.22575759887695312,-0.08934113383293152,-0.0500054806470871
K,K_session_002,49,0.0,0.0,0.0,0.048727914690971375,-0.28704163432121277,-0.06694600731134415,0.1795164942741394,-0.5035669207572937,-0.08460092544555664,0.3335690200328827,-0.5806410908699036,-0.10051225125789642,0.44410526752471924,-0.6922593116760254,-0.11026329547166824,0.24812747538089752,-0.6671137809753418,-0.013562586158514023,0.39599451422691345,-0.8316202163696289,-0.05634991079568863,0.4914989769458771,-0.9191536903381348,-0.08522862195968628,0.5806761384010315,-1.0,-0.1034395769238472,0.30188173055648804,-0.48982053995132446,-0.0134683633223176,0.4910895824432373,-0.5676897168159485,-0.0746004730463028,0.6185525059700012,-0.5961073040962219,-0.11642314493656158,0.7398546934127808,-0.6212804317474365,-0.13438569009304047,0.3211095929145813,-0.28633707761764526,-0.023336773738265038,0.4020954370498657,-0.2610180377960205,-0.11080171167850494,0.28463053703308105,-0.19807200133800507,-0.11300937086343765,0.21522685885429382,-0.16852185130119324,-0.0864533856511116,0.32198816537857056,-0.09072984009981155,-0.03833022341132164,0.38395747542381287,-0.11614294350147247,-0.10190407186746597,0.2971418499946594,-0.08472704142332077,-0.08642800897359848,0.24315454065799713,-0.07241786271333694,-0.057373981922864914
K,K_session_002,50,0.0,0.0,0.0,0.06007923185825348,-0.29094311594963074,-0.06338557600975037,0.20244981348514557,-0.5069500803947449,-0.07607313990592957,0.3575013279914856,-0.5792092084884644,-0.08782915025949478,0.472328782081604,-0.6822953224182129,-0.09272140264511108,0.2724018692970276,-0.6780513525009155,-0.0029381837230175734,0.42989635467529297,-0.8392910957336426,-0.041324663907289505,0.5289608836174011,-0.9252641201019287,-0.06640300899744034,0.6198628544807434,-1.0,-0.08198735117912292,0.3226241171360016,-0.49042463302612305,-0.003921158611774445,0.5174930691719055,-0.5523858666419983,-0.0633910745382309,0.6532517075538635,-0.5712529420852661,-0.10785549134016037,0.7774884104728699,-0.5858132839202881,-0.1278490573167801,0.336994469165802,-0.2793040871620178,-0.014646884985268116,0.4170243740081787,-0.24133141338825226,-0.10157662630081177,0.3032185137271881,-0.1883026659488678,-0.10996108502149582,0.23077601194381714,-0.16804353892803192,-0.0884137749671936,0.3325452208518982,-0.08184702694416046,-0.03008296899497509,0.3878644108772278,-0.0947490781545639,-0.09645179659128189,0.29743635654449463,-0.06532078981399536,-0.08659784495830536,0.23923331499099731,-0.05814814567565918,-0.06154687702655792
K,K_session_002,51,0.0,0.0,0.0,0.07209648936986923,-0.29773223400115967,-0.06681549549102783,0.22228142619132996,-0.5116289854049683,-0.07895026355981827,0.38475915789604187,-0.5815059542655945,-0.0907965824007988,0.5026828646659851,-0.6875337362289429,-0.09533649682998657,0.29719969630241394,-0.689548134803772,0.0005575198447331786,0.46172040700912476,-0.8412039875984192,-0.04238621145486832,0.5657793283462524,-0.924854576587677,-0.07125671207904816,0.662990391254425,-1.0,-0.0898563414812088,0.34483617544174194,-0.49554872512817383,-0.0020935742650181055,0.5506279468536377,-0.5494939684867859,-0.0676187127828598,0.687438428401947,-0.564271867275238,-0.11537840962409973,0.821694016456604,-0.5775291919708252,-0.13663674890995026,0.3539375364780426,-0.2754315137863159,-0.015518208965659142,0.4439575672149658,-0.2209692746400833,-0.10953500866889954,0.3164321184158325,-0.17323501408100128,-0.11450222879648209,0.24485044181346893,-0.15787963569164276,-0.08848434686660767,0.3408142030239105,-0.06407654285430908,-0.03438565135002136,0.40488556027412415,-0.05739079415798187,-0.10532934218645096,0.3046628534793854,-0.04062303900718689,-0.09248572587966919,0.24404142796993256,-0.04568256810307503,-0.06404279917478561
K,K_session_002,52,0.0,0.0,0.0,0.06623628735542297,-0.3038918972015381,-0.08392757922410965,0.22169789671897888,-0.5130001902580261,-0.09523890167474747,0.38887181878089905,-0.5880343317985535,-0.10199681669473648,0.5108224153518677,-0.7044411301612854,-0.10055352747440338,0.30540210008621216,-0.7011128067970276,0.0017674085684120655,0.4738539457321167,-0.8440588116645813,-0.037791769951581955,0.579203724861145,-0.9271289706230164,-0.0663735419511795,0.6784101128578186,-1.0,-0.08667027950286865,0.3488207459449768,-0.49542149901390076,0.008049080148339272,0.5575499534606934,-0.5471463799476624,-0.05911567062139511,0.6941941976547241,-0.5630767941474915,-0.1104707196354866,0.8290938138961792,-0.5774244070053101,-0.13531096279621124,0.3501546382904053,-0.27011746168136597,0.0015139736933633685,0.46796107292175293,-0.22315923869609833,-0.1036660447716713,0.3253213167190552,-0.16938887536525726,-0.11044329404830933,0.24293352663516998,-0.15632028877735138,-0.08338311314582825,0.3307275176048279,-0.06132246553897858,-0.011212561279535294,0.41407498717308044,-0.0551782101392746,-0.10242200642824173,0.30497273802757263,-0.027449220418930054,-0.09699874371290207,0.237752765417099,-0.035158541053533554,-0.07043581455945969
K,K_session_002,53,0.0,0.0,0.0,0.07026954740285873,-0.30687642097473145,-0.08807991445064545,0.22510749101638794,-0.5166555047035217,-0.09867008030414581,0.3945995271205902,-0.5888927578926086,-0.10459461063146591,0.5209697484970093,-0.7009625434875488,-0.10209957510232925,0.3147093653678894,-0.7046226859092712,0.010602781549096107,0.47917884588241577,-0.8479636907577515,-0.029847919940948486,0.5850484371185303,-0.9310227632522583,-0.06042158231139183,0.684036374092102,-1.0,-0.0814262330532074,0.35453689098358154,-0.49574294686317444,0.018239695578813553,0.5628933906555176,-0.5488569736480713,-0.049183931201696396,0.6955694556236267,-0.5627562403678894,-0.10148414969444275,0.8299775719642639,-0.5723218321800232,-0.12598222494125366,0.3524533808231354,-0.2662692070007324,0.011149780824780464,0.4688105583190918,-0.21747925877571106,-0.09667891263961792,0.32603415846824646,-0.17639856040477753,-0.1075085923075676,0.2517004907131195,-0.17564402520656586,-0.08190654963254929,0.3305774927139282,-0.05660836398601532,-0.0023463426623493433,0.41618913412094116,-0.058380428701639175,-0.09191354364156723,0.3069678544998169,-0.04442668706178665,-0.08651977777481079,0.24477535486221313,-0.06638386845588684,-0.06023839861154556
K,K_session_002,54,0.0,0.0,0.0,0.07131601125001907,-0.296955943107605,-0.09228883683681488,0.22929377853870392,-0.5077183842658997,-0.10723967105150223,0.3982483148574829,-0.5889750123023987,-0.11613234132528305,0.5260003209114075,-0.6993098855018616,-0.11603596806526184,0.3154698312282562,-0.703174889087677,-0.005335853435099125,0.48311731219291687,-0.847200870513916,-0.05138202756643295,0.5923928618431091,-0.9313448667526245,-0.08402988314628601,0.6934139728546143,-1.0,-0.10599764436483383,0.35803353786468506,-0.4970581829547882,0.004157622344791889,0.567949116230011,-0.5494357943534851,-0.06804879754781723,0.7024160623550415,-0.5597050786018372,-0.11923834681510925,0.8383394479751587,-0.5680417418479919,-0.142564058303833,0.35830068588256836,-0.27114588022232056,-0.00047942233504727483,0.4794194996356964,-0.2171068787574768,-0.10965631157159805,0.335411012172699,-0.17477154731750488,-0.11515429615974426,0.25702664256095886,-0.17605021595954895,-0.0858234241604805,0.33719202876091003,-0.06384937465190887,-0.012078613042831421,0.4245186746120453,-0.05643955618143082,-0.10220343619585037,0.3166438937187195,-0.04129868373274803,-0.0946849137544632,0.252551406621933,-0.06803177297115326,-0.06646375358104706
K,K_session_002,55,0.0,0.0,0.0,0.07262448966503143,-0.29431742429733276,-0.08224412053823471,0.22846783697605133,-0.5094155073165894,-0.10363458842039108,0.3986988663673401,-0.586665153503418,-0.12193375080823898,0.5269662737846375,-0.688048243522644,-0.13147173821926117,0.31897085905075073,-0.6984237432479858,-0.019945072010159492,0.4913029968738556,-0.8423442840576172,-0.0767347440123558,0.6010019779205322,-0.9308388829231262,-0.11457037925720215,0.7038545608520508,-1.0,-0.13958461582660675,0.36237478256225586,-0.49706462025642395,-0.020151549950242043,0.5782392621040344,-0.5533218383789062,-0.10222107172012329,0.7133423686027527,-0.5665521621704102,-0.15551356971263885,0.852387011051178,-0.5759616494178772,-0.18067550659179688,0.3649144768714905,-0.27086809277534485,-0.03199778124690056,0.501663327217102,-0.21305090188980103,-0.1442154347896576,0.35026776790618896,-0.16991810500621796,-0.14050772786140442,0.2603996694087982,-0.15973098576068878,-0.10567358881235123,0.34201788902282715,-0.05764010548591614,-0.050578389316797256,0.43382760882377625,-0.04321639612317085,-0.14120590686798096,0.3249920606613159,-0.02749451994895935,-0.12781569361686707,0.2568598687648773,-0.04693162813782692,-0.09530674666166306
K,K_session_002,56,0.0,0.0,0.0,0.07163692265748978,-0.30230075120925903,-0.0798395648598671,0.22637690603733063,-0.5135447978973389,-0.10029076784849167,0.3976314961910248,-0.5882387757301331,-0.11814603954553604,0.5254318118095398,-0.6900391578674316,-0.12738746404647827,0.3266066908836365,-0.6919272541999817,-0.0152685372158885,0.49461042881011963,-0.8411468267440796,-0.07106372714042664,0.6043680310249329,-0.9311327934265137,-0.10959775745868683,0.7065308690071106,-1.0,-0.1356334388256073,0.36896488070487976,-0.4874599575996399,-0.016687775030732155,0.5859379768371582,-0.5499405264854431,-0.09629608690738678,0.7206966280937195,-0.5678385496139526,-0.1510956883430481,0.8580484390258789,-0.5742529034614563,-0.17853982746601105,0.36785396933555603,-0.2616094648838043,-0.029848435893654823,0.49971556663513184,-0.20504646003246307,-0.1377326399087906,0.355089008808136,-0.18589535355567932,-0.13888120651245117,0.2694656252861023,-0.18704283237457275,-0.10964543372392654,0.3412055969238281,-0.050159305334091187,-0.04967030510306358,0.42759162187576294,-0.03596311807632446,-0.1368359476327896,0.324554979801178,-0.03528926149010658,-0.12684467434883118,0.25886937975883484,-0.05997417867183685,-0.09847001731395721
K,K_session_002,57,0.0,0.0,0.0,0.07294832170009613,-0.29596996307373047,-0.07957200706005096,0.23017631471157074,-0.5124726891517639,-0.09819695353507996,0.4033433198928833,-0.5872036814689636,-0.11401814222335815,0.5339987277984619,-0.6704466342926025,-0.12078263610601425,0.31887590885162354,-0.6896116733551025,-0.015041688457131386,0.49039366841316223,-0.842068612575531,-0.07021398842334747,0.6027204990386963,-0.9317902326583862,-0.10581322759389877,0.705226480960846,-1.0,-0.12885929644107819,0.3655376434326172,-0.4876527190208435,-0.01639019511640072,0.5870985984802246,-0.5471311211585999,-0.09738034009933472,0.7254260182380676,-0.5575426816940308,-0.1508653312921524,0.8640425801277161,-0.5616711974143982,-0.17510336637496948,0.3678855299949646,-0.26181113719940186,-0.029308829456567764,0.4925693869590759,-0.19287893176078796,-0.139653742313385,0.34671634435653687,-0.16315390169620514,-0.13882483541965485,0.2615746557712555,-0.163670152425766,-0.1055186539888382,0.3432728350162506,-0.04971190169453621,-0.04862813279032707,0.4259946942329407,-0.03311445936560631,-0.1361774057149887,0.32112863659858704,-0.02216966263949871,-0.1230994313955307,0.25625506043434143,-0.043342798948287964,-0.09091094881296158
K,K_session_002,58,0.0,0.0,0.0,0.07351040095090866,-0.29760071635246277,-0.08980481326580048,0.22812917828559875,-0.507986307144165,-0.10588713735342026,0.39794811606407166,-0.5851444602012634,-0.11589875817298889,0.5272731184959412,-0.6893101334571838,-0.11689295619726181,0.31281009316444397,-0.6944571733474731,-0.007409058045595884,0.4786631464958191,-0.8427588939666748,-0.05305921286344528,0.5897027254104614,-0.9302550554275513,-0.0841718465089798,0.6906262636184692,-1.0,-0.10388260334730148,0.35673987865448,-0.4906625747680664,0.0013181244721636176,0.5710591673851013,-0.5439037680625916,-0.06841398030519485,0.7075130343437195,-0.550042450428009,-0.1183563843369484,0.840002715587616,-0.5516955256462097,-0.14003413915634155,0.3580518662929535,-0.26628682017326355,-0.0035241018049418926,0.46657705307006836,-0.1958303600549698,-0.10842815041542053,0.3307284414768219,-0.16862128674983978,-0.11747048795223236,0.2533799111843109,-0.17578034102916718,-0.09071752429008484,0.33674076199531555,-0.06334435194730759,-0.014902540482580662,0.4150945842266083,-0.05178523808717728,-0.09845411777496338,0.3128472864627838,-0.03801421448588371,-0.09062405675649643,0.25050294399261475,-0.05713440477848053,-0.06259898841381073
K,K_session_002,59,0.0,0.0,0.0,0.07416683435440063,-0.3029606342315674,-0.09639674425125122,0.22659970819950104,-0.5133870840072632,-0.1096976175904274,0.39129823446273804,-0.584134578704834,-0.11474211513996124,0.5204912424087524,-0.6904146671295166,-0.11039973050355911,0.31320422887802124,-0.7004714012145996,-0.0009273395407944918,0.47644978761672974,-0.8425641655921936,-0.03822677955031395,0.5856187343597412,-0.9281027913093567,-0.06528756767511368,0.6831484436988831,-1.0,-0.08260661363601685,0.3567124605178833,-0.495179682970047,0.015236089006066322,0.5670741200447083,-0.5415221452713013,-0.04407466575503349,0.7047269344329834,-0.550419807434082,-0.09000374376773834,0.8336226940155029,-0.5563907623291016,-0.10983391851186752,0.35612767934799194,-0.27064087986946106,0.016053879633545876,0.46179431676864624,-0.1984459012746811,-0.08457048237323761,0.33241328597068787,-0.17005358636379242,-0.10321669280529022,0.25684449076652527,-0.1840713620185852,-0.08358892798423767,0.33487728238105774,-0.06984870880842209,0.010452773422002792,0.4124579429626465,-0.05490732192993164,-0.07192341983318329,0.31242620944976807,-0.048261404037475586,-0.07232916355133057,0.24896644055843353,-0.07929002493619919,-0.05136953666806221
K,K_session_002,60,0.0,0.0,0.0,0.07713408768177032,-0.30032896995544434,-0.09628178179264069,0.22628705203533173,-0.5093311071395874,-0.11102613061666489,0.3920436501502991,-0.5837929248809814,-0.11846640706062317,0.5230399966239929,-0.6871760487556458,-0.1166880875825882,0.3205287456512451,-0.7028869986534119,0.003122299909591675,0.4829409122467041,-0.8457183241844177,-0.03532757610082626,0.5912790894508362,-0.9308858513832092,-0.06440888345241547,0.6896451711654663,-1.0,-0.08344573527574539,0.3610352873802185,-0.49379056692123413,0.017658239230513573,0.5681688189506531,-0.5450058579444885,-0.04475396126508713,0.7052993178367615,-0.5552040338516235,-0.09431654959917068,0.834859311580658,-0.5583701133728027,-0.1168607696890831,0.35898688435554504,-0.26465174555778503,0.016636207699775696,0.465415894985199,-0.1961330622434616,-0.0877891257405281,0.33616912364959717,-0.1734399050474167,-0.10951634496450424,0.25982019305229187,-0.18612897396087646,-0.0917026475071907,0.33581456542015076,-0.06112566590309143,0.009302759543061256,0.4152735769748688,-0.05282701551914215,-0.07663460075855255,0.3142004907131195,-0.04722657799720764,-0.07859951257705688,0.24914203584194183,-0.07500848919153214,-0.05839787423610687
K,K_session_002,61,0.0,0.0,0.0,0.07721703499555588,-0.29462936520576477,-0.09163106977939606,0.22911469638347626,-0.504668116569519,-0.10856796056032181,0.3944632411003113,-0.5847508907318115,-0.11979567259550095,0.5229360461235046,-0.6910642981529236,-0.1218397244811058,0.3262038826942444,-0.7024587392807007,-0.0031658210791647434,0.48943892121315,-0.8422943353652954,-0.04846426844596863,0.5964993834495544,-0.9280985593795776,-0.08158135414123535,0.6960005164146423,-1.0,-0.10357427597045898,0.36638352274894714,-0.49309372901916504,0.006338457111269236,0.5748403668403625,-0.54701167345047,-0.06293310970067978,0.7096326351165771,-0.5618938207626343,-0.11479842662811279,0.8432196378707886,-0.5743815898895264,-0.13923859596252441,0.3651280105113983,-0.2638733685016632,0.0013393400004133582,0.47696051001548767,-0.19179396331310272,-0.10521522164344788,0.3434629440307617,-0.17721256613731384,-0.12134847044944763,0.26508668065071106,-0.19375985860824585,-0.10041383653879166,0.34073811769485474,-0.05788063630461693,-0.01020831149071455,0.4190967082977295,-0.04159349203109741,-0.09642809629440308,0.31685250997543335,-0.04221945255994797,-0.09510791301727295,0.2523271441459656,-0.07527679949998856,-0.07283205538988113
K,K_session_002,62,0.0,0.0,0.0,0.07342775166034698,-0.29565438628196716,-0.09019474685192108,0.22296127676963806,-0.5029880404472351,-0.1071610376238823,0.39208683371543884,-0.5804055333137512,-0.11809705197811127,0.5215966701507568,-0.6858923435211182,-0.11899673938751221,0.32037627696990967,-0.6996405124664307,-0.0026689828373491764,0.48391443490982056,-0.8424475789070129,-0.047507550567388535,0.5905137658119202,-0.9286456108093262,-0.07991772145032883,0.6890367269515991,-1.0,-0.10166554898023605,0.36125442385673523,-0.49302026629447937,0.006336269434541464,0.5729135870933533,-0.55207759141922,-0.06385292857885361,0.7084700465202332,-0.5637245774269104,-0.11649879068136215,0.8396690487861633,-0.570335328578949,-0.14155547320842743,0.3596562147140503,-0.26650530099868774,0.0012460002908483148,0.4705827534198761,-0.19063256680965424,-0.10618837922811508,0.3398815393447876,-0.17352959513664246,-0.1230735257267952,0.2609451711177826,-0.18840686976909637,-0.1026400551199913,0.33641406893730164,-0.06224824860692024,-0.010136112570762634,0.41490283608436584,-0.03795468434691429,-0.09827165305614471,0.3130386173725128,-0.03706880658864975,-0.09825165569782257,0.2461216002702713,-0.06984155625104904,-0.07658611238002777
K,K_session_002,63,0.0,0.0,0.0,0.077518031001091,-0.2911924719810486,-0.09294883161783218,0.22713378071784973,-0.5025238394737244,-0.11039136350154877,0.391689658164978,-0.5806500315666199,-0.12139780074357986,0.5211786031723022,-0.6845782399177551,-0.12243377417325974,0.31611260771751404,-0.6948866248130798,-0.005116012878715992,0.4761865735054016,-0.841053307056427,-0.04964490979909897,0.5831794738769531,-0.9292981624603271,-0.08188635110855103,0.683042585849762,-1.0,-0.10287826508283615,0.357806533575058,-0.4957461655139923,0.00603478541597724,0.5648249983787537,-0.5518277883529663,-0.06268581748008728,0.7000429630279541,-0.5658797025680542,-0.11311504989862442,0.8329184651374817,-0.5721800327301025,-0.1360931098461151,0.3579670488834381,-0.2748379111289978,0.0025644709821790457,0.4704253375530243,-0.19481578469276428,-0.10262742638587952,0.3360625207424164,-0.16984735429286957,-0.1158013641834259,0.25609907507896423,-0.18085011839866638,-0.09216519445180893,0.33686497807502747,-0.07520420104265213,-0.007703792303800583,0.42244061827659607,-0.05486232787370682,-0.09134557843208313,0.3214731216430664,-0.04895424470305443,-0.08715914189815521,0.2551134526729584,-0.07834835350513458,-0.06259018182754517
K,K_session_002,64,0.0,0.0,0.0,0.07608147710561752,-0.2971342206001282,-0.08942718058824539,0.22287514805793762,-0.5029557943344116,-0.10331269353628159,0.3892655074596405,-0.577759861946106,-0.11139556765556335,0.5163743495941162,-0.6788244247436523,-0.10976766794919968,0.30569764971733093,-0.6964216828346252,0.004731731954962015,0.4639798700809479,-0.842389702796936,-0.03582678735256195,0.5691129565238953,-0.9301839470863342,-0.06721925735473633,0.6656845808029175,-1.0,-0.08831730484962463,0.3487755060195923,-0.4968888461589813,0.015904312953352928,0.5521000623703003,-0.55801922082901,-0.048630159348249435,0.6860643625259399,-0.5750039219856262,-0.1004410982131958,0.8134647011756897,-0.5797352194786072,-0.1257874071598053,0.349483460187912,-0.2765839099884033,0.012261875905096531,0.4600720703601837,-0.20743894577026367,-0.09032414108514786,0.3356023132801056,-0.18825657665729523,-0.11087848246097565,0.2582046687602997,-0.19483733177185059,-0.0938151404261589,0.3287346661090851,-0.07797761261463165,0.0023463936522603035,0.41416260600090027,-0.06223041191697121,-0.0821777954697609,0.3180801570415497,-0.05923232436180115,-0.0849604457616806,0.2517670691013336,-0.08245481550693512,-0.06610104441642761
K,K_session_002,65,0.0,0.0,0.0,0.07158173620700836,-0.29485735297203064,-0.07776020467281342,0.21548104286193848,-0.5058585405349731,-0.08878801017999649,0.375166118144989,-0.5895079374313354,-0.09621226787567139,0.49439066648483276,-0.6952358484268188,-0.09533922374248505,0.292288601398468,-0.682458221912384,0.0056307269260287285,0.44403743743896484,-0.8347238302230835,-0.03155667707324028,0.5452022552490234,-0.9254698753356934,-0.05977701395750046,0.6370229125022888,-1.0,-0.07844270020723343,0.33865636587142944,-0.4907301664352417,0.012498483061790466,0.5371283292770386,-0.5595985054969788,-0.04441499337553978,0.6698535084724426,-0.5844587087631226,-0.09110485762357712,0.7905638813972473,-0.5978160500526428,-0.11393171548843384,0.34405025839805603,-0.27784961462020874,0.006271140184253454,0.4470362663269043,-0.225234717130661,-0.08583392202854156,0.331501305103302,-0.20570440590381622,-0.10401252657175064,0.252686083316803,-0.20697356760501862,-0.08783674240112305,0.3288984000682831,-0.08306428790092468,-0.005484505090862513,0.4085566997528076,-0.08704175055027008,-0.0804767906665802,0.31870797276496887,-0.082404226064682,-0.08024361729621887,0.25174906849861145,-0.09513247013092041,-0.06091294810175896
K,K_session_002,66,0.0,0.0,0.0,0.057025209069252014,-0.28404298424720764,-0.07982446253299713,0.19483312964439392,-0.497778981924057,-0.0899832546710968,0.34814783930778503,-0.5903903245925903,-0.09459558874368668,0.46278780698776245,-0.6992851495742798,-0.09089721739292145,0.2652319371700287,-0.6802050471305847,0.003513116156682372,0.4091659486293793,-0.832657516002655,-0.03132360801100731,0.5062909722328186,-0.9238287806510925,-0.05672616511583328,0.5951390862464905,-1.0,-0.07328540086746216,0.3156110942363739,-0.4999282658100128,0.013468197546899319,0.5027809739112854,-0.5783141255378723,-0.04241807386279106,0.6296191215515137,-0.6049233078956604,-0.08682484924793243,0.7459602355957031,-0.6225044131278992,-0.10698296129703522,0.3282527029514313,-0.29948049783706665,0.010398016311228275,0.41899168491363525,-0.24370624125003815,-0.08167190849781036,0.3062075078487396,-0.2087474912405014,-0.09880022704601288,0.233261376619339,-0.2087762951850891,-0.08111163973808289,0.3229188323020935,-0.11782196164131165,0.0019176758360117674,0.3898748755455017,-0.11795326322317123,-0.07341305166482925,0.29921427369117737,-0.09506943076848984,-0.0730544775724411,0.23852519690990448,-0.10269192606210709,-0.05314675718545914
K,K_session_002,67,0.0,0.0,0.0,0.04373607039451599,-0.27052468061447144,-0.0840834304690361,0.16688945889472961,-0.49559202790260315,-0.09858298301696777,0.3120657205581665,-0.5941258668899536,-0.10619598627090454,0.4278644919395447,-0.6926258206367493,-0.10579072684049606,0.23267650604248047,-0.667183518409729,-0.007555363234132528,0.36494705080986023,-0.8300191760063171,-0.04349382594227791,0.45516008138656616,-0.92230224609375,-0.06757552176713943,0.5383509993553162,-1.0,-0.08248789608478546,0.2875823676586151,-0.49923568964004517,0.005086971912533045,0.46569180488586426,-0.5857160687446594,-0.05018366128206253,0.584270715713501,-0.6182843446731567,-0.09008865058422089,0.6953107714653015,-0.6447462439537048,-0.10654333978891373,0.3040270507335663,-0.3089525103569031,0.004691626410931349,0.3886355459690094,-0.26572325825691223,-0.08708290755748749,0.27735039591789246,-0.20605973899364471,-0.09920303523540497,0.21053779125213623,-0.18952977657318115,-0.07731109857559204,0.3028901517391205,-0.13345867395401,-0.0012235143221914768,0.36895930767059326,-0.14691445231437683,-0.0743163600564003,0.2816770672798157,-0.1061934158205986,-0.06959746032953262,0.22633449733257294,-0.10139794647693634,-0.04653920233249664
K,K_session_002,68,0.0,0.0,0.0,0.031508930027484894,-0.26232486963272095,-0.0800849050283432,0.14158529043197632,-0.48685625195503235,-0.09595710784196854,0.2796802222728729,-0.59066241979599,-0.10506689548492432,0.38397905230522156,-0.7061055898666382,-0.10635978728532791,0.20069870352745056,-0.6589539647102356,-0.014319231733679771,0.3221481144428253,-0.8270056247711182,-0.05260650813579559,0.4059894382953644,-0.9194352030754089,-0.07796763628721237,0.484167218208313,-1.0,-0.09358622133731842,0.26011672616004944,-0.5054842829704285,-0.003219243139028549,0.42375481128692627,-0.6019734740257263,-0.05997677147388458,0.5377734899520874,-0.6358184218406677,-0.09875490516424179,0.6461132764816284,-0.6669214367866516,-0.11428550630807877,0.28330591320991516,-0.3273879885673523,-0.004143307916820049,0.3567390739917755,-0.2897791564464569,-0.09206677228212357,0.2556748390197754,-0.21633712947368622,-0.10058847814798355,0.19637177884578705,-0.19364874064922333,-0.0776602253317833,0.28985220193862915,-0.15898112952709198,-0.010725769214332104,0.3465496003627777,-0.17110475897789001,-0.07842147350311279,0.2677754759788513,-0.12443733960390091,-0.0714632198214531,0.2191399186849594,-0.11741755157709122,-0.047930847853422165
K,K_session_002,69,0.0,0.0,0.0,0.028246285393834114,-0.26733142137527466,-0.0888432115316391,0.12820830941200256,-0.49224618077278137,-0.09618537873029709,0.25155067443847656,-0.5969387292861938,-0.0927237942814827,0.339907169342041,-0.7182918190956116,-0.08110665529966354,0.1660851538181305,-0.6466919183731079,0.00015364386490546167,0.2742467224597931,-0.8183075189590454,-0.025151824578642845,0.3489307761192322,-0.9137433767318726,-0.04337359964847565,0.4183497726917267,-1.0,-0.054129403084516525,0.2284054160118103,-0.5050150752067566,0.02310248650610447,0.3823634386062622,-0.6124404072761536,-0.020316557958722115,0.48815175890922546,-0.653306782245636,-0.05395554378628731,0.5857203006744385,-0.6912808418273926,-0.06529997289180756,0.2560488283634186,-0.3395023047924042,0.03182627260684967,0.32659047842025757,-0.3089146614074707,-0.05270582064986229,0.23009656369686127,-0.21446193754673004,-0.07007647305727005,0.17230677604675293,-0.18313078582286835,-0.051108330488204956,0.26863908767700195,-0.18524160981178284,0.035211604088544846,0.3187354803085327,-0.20229816436767578,-0.032508086413145065,0.2411661297082901,-0.13550366461277008,-0.032380398362874985,0.19420400261878967,-0.11711893230676651,-0.012861252762377262
K,K_session_002,70,0.0,0.0,0.0,0.01959380879998207,-0.2523356080055237,-0.06256955116987228,0.10669441521167755,-0.47446078062057495,-0.07199748605489731,0.22318200767040253,-0.5933327078819275,-0.0781426951289177,0.3045167326927185,-0.7087088823318481,-0.0777282640337944,0.14328205585479736,-0.6171477437019348,-0.001830941648222506,0.24200589954853058,-0.8010491132736206,-0.0354979932308197,0.30900466442108154,-0.9075930714607239,-0.05877213180065155,0.372762531042099,-1.0,-0.0732148289680481,0.2028452605009079,-0.4857095777988434,0.002913890639320016,0.3436122238636017,-0.6194287538528442,-0.046375904232263565,0.4408784806728363,-0.6759201884269714,-0.08092455565929413,0.534024178981781,-0.7242676615715027,-0.09503854066133499,0.23452775180339813,-0.32433536648750305,-0.002654601586982608,0.3088640570640564,-0.31097665429115295,-0.07844375818967819,0.22183957695960999,-0.23021946847438812,-0.08318036794662476,0.16849851608276367,-0.19700436294078827,-0.061466872692108154,0.2492179572582245,-0.16834013164043427,-0.01299364771693945,0.3034686744213104,-0.19172610342502594,-0.06912275403738022,0.23496799170970917,-0.13811522722244263,-0.058627065271139145,0.19107528030872345,-0.12262570858001709,-0.03531831130385399
K,K_session_002,71,0.0,0.0,0.0,0.01301342062652111,-0.24253246188163757,-0.062290240079164505,0.08477247506380081,-0.4616020917892456,-0.07419562339782715,0.1944197714328766,-0.5831303000450134,-0.08244207501411438,0.2739787995815277,-0.7051202058792114,-0.08453833311796188,0.13222405314445496,-0.6122038960456848,-0.0037033730186522007,0.2160441130399704,-0.7948206663131714,-0.03536444529891014,0.2759677469730377,-0.9030531644821167,-0.057740747928619385,0.33304405212402344,-1.0,-0.07197105884552002,0.19408448040485382,-0.48873674869537354,0.000581443018745631,0.3234199583530426,-0.6251366138458252,-0.043613165616989136,0.4133610129356384,-0.6918088793754578,-0.07456398755311966,0.5020408034324646,-0.7538893222808838,-0.08721611648797989,0.2272224873304367,-0.32935142517089844,-0.005622743628919125,0.29070180654525757,-0.3328448534011841,-0.07770402729511261,0.21036037802696228,-0.249648779630661,-0.08244264125823975,0.16608135402202606,-0.21470341086387634,-0.0618702694773674,0.24251164495944977,-0.17051216959953308,-0.01642368547618389,0.29396602511405945,-0.22065138816833496,-0.0705946534872055,0.23092585802078247,-0.16466358304023743,-0.05954408273100853,0.19375242292881012,-0.14275524020195007,-0.03651513531804085
K,K_session_002,72,0.0,0.0,0.0,0.010063281282782555,-0.24077974259853363,-0.050806961953639984,0.07428045570850372,-0.4569561779499054,-0.0637018084526062,0.17529429495334625,-0.5782008171081543,-0.07573828846216202,0.24686627089977264,-0.6923872828483582,-0.08210517466068268,0.12132451683282852,-0.6026163697242737,-0.008062201552093029,0.1959114670753479,-0.787060022354126,-0.044106077402830124,0.2473968267440796,-0.900337278842926,-0.06917843967676163,0.2980654239654541,-1.0,-0.08628365397453308,0.18378004431724548,-0.483276903629303,-0.0122267697006464,0.30179184675216675,-0.6285983920097351,-0.06220433861017227,0.3867492079734802,-0.7044461369514465,-0.0975102111697197,0.4737839102745056,-0.7719236612319946,-0.11456073075532913,0.21891139447689056,-0.32539793848991394,-0.024663010612130165,0.2753104865550995,-0.3384227752685547,-0.09449315816164017,0.19676238298416138,-0.2601602375507355,-0.09542670100927353,0.15437960624694824,-0.22276169061660767,-0.07517806440591812,0.23570473492145538,-0.16378526389598846,-0.04139662906527519,0.27456891536712646,-0.21766319870948792,-0.09296794980764389,0.21551324427127838,-0.16527053713798523,-0.08025708049535751,0.18362519145011902,-0.1402323693037033,-0.057664889842271805
K,K_session_002,73,0.0,0.0,0.0,0.0019510838901624084,-0.2342546284198761,-0.05625193566083908,0.05959339439868927,-0.4416966140270233,-0.06693939119577408,0.1567479819059372,-0.5648100972175598,-0.0753595307469368,0.2238982617855072,-0.6913704872131348,-0.07805036008358002,0.10480307787656784,-0.5915325284004211,-0.0030282228253781796,0.16637061536312103,-0.7818129658699036,-0.03307287395000458,0.21226772665977478,-0.8978051543235779,-0.054679978638887405,0.258415162563324,-1.0,-0.0694846510887146,0.16971445083618164,-0.4801148772239685,-0.002472266322001815,0.2779441177845001,-0.630921483039856,-0.0449732169508934,0.3547845482826233,-0.7157601714134216,-0.07595903426408768,0.4321763217449188,-0.7865660190582275,-0.08971930295228958,0.2052704244852066,-0.32770901918411255,-0.011568031273782253,0.2612331807613373,-0.3504694104194641,-0.08141609281301498,0.181961789727211,-0.2631389796733856,-0.08611022680997849,0.1370893269777298,-0.21422189474105835,-0.06653469055891037,0.22249315679073334,-0.16872625052928925,-0.02480487897992134,0.26218926906585693,-0.23246556520462036,-0.08101270347833633,0.20212648808956146,-0.1734527349472046,-0.07308238744735718,0.16698597371578217,-0.13933441042900085,-0.0520302839577198
K,K_session_002,74,0.0,0.0,0.0,1.0515170288272202e-05,-0.2315046191215515,-0.05132223293185234,0.05217789486050606,-0.4398273527622223,-0.06098761036992073,0.14301744103431702,-0.5706904530525208,-0.06975802034139633,0.20551152527332306,-0.6952673196792603,-0.07249512523412704,0.08578620105981827,-0.5900472402572632,0.00392700731754303,0.14165551960468292,-0.7792471647262573,-0.027303382754325867,0.18297205865383148,-0.8963363766670227,-0.04932350292801857,0.2248513549566269,-1.0,-0.06397704780101776,0.1490725576877594,-0.48795223236083984,0.0021424726583063602,0.2514120638370514,-0.6484250426292419,-0.0449218824505806,0.32491958141326904,-0.7393341660499573,-0.07857014238834381,0.40107104182243347,-0.8187089562416077,-0.09312571585178375,0.1874842792749405,-0.34508243203163147,-0.00886508822441101,0.2442605346441269,-0.36951541900634766,-0.07980268448591232,0.16705936193466187,-0.27547258138656616,-0.08177242428064346,0.1244591772556305,-0.22679321467876434,-0.05972100421786308,0.2093004286289215,-0.1933387964963913,-0.023884931579232216,0.24893836677074432,-0.2537757456302643,-0.07676590979099274,0.19039273262023926,-0.18798597157001495,-0.06511139124631882,0.15719613432884216,-0.15366768836975098,-0.041622765362262726
K,K_session_002,75,0.0,0.0,0.0,-0.0016106083057820797,-0.24208883941173553,-0.047064587473869324,0.04938136041164398,-0.4538205564022064,-0.05047548934817314,0.13378369808197021,-0.5875893831253052,-0.053567074239254,0.18810541927814484,-0.7094181776046753,-0.05124969780445099,0.06501719355583191,-0.5854944586753845,0.01531299576163292,0.11539451032876968,-0.7767010927200317,-0.010639920830726624,0.1537458449602127,-0.8947506546974182,-0.029909925535321236,0.19249236583709717,-1.0,-0.042444586753845215,0.12878210842609406,-0.4909512996673584,0.014065323397517204,0.22717539966106415,-0.6603997349739075,-0.026416249573230743,0.29679980874061584,-0.7549630999565125,-0.05843884125351906,0.36991697549819946,-0.84049391746521,-0.07210172712802887,0.17056086659431458,-0.35378217697143555,0.003534438321366906,0.23290811479091644,-0.38324832916259766,-0.0646878108382225,0.15861372649669647,-0.2870442271232605,-0.07171167433261871,0.11644058674573898,-0.2373485267162323,-0.052869658917188644,0.195041686296463,-0.20636367797851562,-0.010320344008505344,0.2358999401330948,-0.26797622442245483,-0.06238466128706932,0.18029682338237762,-0.2036067694425583,-0.05442415550351143,0.14737829566001892,-0.1670108288526535,-0.03348565846681595
K,K_session_002,76,0.0,0.0,0.0,-0.0069785770028829575,-0.2352205514907837,-0.045316990464925766,0.03754333779215813,-0.4531862735748291,-0.04936179518699646,0.1158074140548706,-0.596432626247406,-0.0529475137591362,0.17104807496070862,-0.7154384851455688,-0.05117256939411163,0.05425448715686798,-0.5758628249168396,0.010847593657672405,0.09990035742521286,-0.7719481587409973,-0.0151749262586236,0.13267169892787933,-0.8922774195671082,-0.03349039703607559,0.16618119180202484,-1.0,-0.04545101895928383,0.11927829682826996,-0.4887501895427704,0.008686225861310959,0.2093183398246765,-0.6708660125732422,-0.030441217124462128,0.2730118930339813,-0.7722519040107727,-0.06077728047966957,0.3418296277523041,-0.865691602230072,-0.07389838993549347,0.16347463428974152,-0.354984849691391,-0.002101454883813858,0.22089628875255585,-0.3886951208114624,-0.06818711012601852,0.14911574125289917,-0.2894122302532196,-0.07441821694374084,0.1090642586350441,-0.2380678355693817,-0.05623307451605797,0.19039097428321838,-0.20973308384418488,-0.016017606481909752,0.2236998826265335,-0.26845818758010864,-0.06698737293481827,0.16896294057369232,-0.20217972993850708,-0.058950673788785934,0.13707895576953888,-0.16589891910552979,-0.0387507900595665
K,K_session_002,77,0.0,0.0,0.0,-0.0114090945571661,-0.23869828879833221,-0.03737584874033928,0.03324657306075096,-0.46215420961380005,-0.03552573174238205,0.10669483244419098,-0.601671576499939,-0.03516455367207527,0.15341569483280182,-0.71536785364151,-0.0295827928930521,0.04306437820196152,-0.5718024373054504,0.021359285339713097,0.0859883725643158,-0.767462432384491,-0.001575241331011057,0.11524883657693863,-0.8889845609664917,-0.018388664349913597,0.14626024663448334,-1.0,-0.029676062986254692,0.10714109241962433,-0.48971959948539734,0.01623210310935974,0.1916193664073944,-0.6725916266441345,-0.022192470729351044,0.2510945200920105,-0.7801306843757629,-0.05338171496987343,0.3172391355037689,-0.8818010687828064,-0.06719398498535156,0.15293537080287933,-0.36179298162460327,0.0030106189660727978,0.21777978539466858,-0.39406684041023254,-0.05984829366207123,0.14678378403186798,-0.294126957654953,-0.06486846506595612,0.10552604496479034,-0.24396903812885284,-0.046589743345975876,0.18274079263210297,-0.22187650203704834,-0.013256264850497246,0.2263363152742386,-0.27107006311416626,-0.05994601920247078,0.17358030378818512,-0.20275665819644928,-0.0508752316236496,0.14131483435630798,-0.16750913858413696,-0.030772726982831955
K,K_session_002,78,0.0,0.0,0.0,-0.010567831806838512,-0.23255819082260132,-0.04810192063450813,0.02916632406413555,-0.45230740308761597,-0.05225203558802605,0.10067100822925568,-0.6053774356842041,-0.055995602160692215,0.14917220175266266,-0.7329561114311218,-0.054355449974536896,0.03442057594656944,-0.570083737373352,0.014037811197340488,0.07212318480014801,-0.7649911046028137,-0.01389967929571867,0.10029501467943192,-0.8864782452583313,-0.03412960097193718,0.12996117770671844,-1.0,-0.04711845889687538,0.09917628765106201,-0.48589184880256653,0.01208636537194252,0.1815011352300644,-0.6763283610343933,-0.02915806695818901,0.23651592433452606,-0.7792859673500061,-0.05994488298892975,0.2997620701789856,-0.8856322765350342,-0.07245958596467972,0.14703316986560822,-0.35713720321655273,0.0006711110472679138,0.2082909196615219,-0.40103211998939514,-0.06744454056024551,0.1368507742881775,-0.29670098423957825,-0.07234635949134827,0.09861865639686584,-0.25355401635169983,-0.05243387818336487,0.17896607518196106,-0.21864436566829681,-0.014460105448961258,0.22185474634170532,-0.2731993794441223,-0.06421014666557312,0.16684477031230927,-0.20517069101333618,-0.054034505039453506,0.1334231197834015,-0.17736117541790009,-0.032272934913635254
K,K_session_002,79,0.0,0.0,0.0,-0.01203158125281334,-0.2331995666027069,-0.041412610560655594,0.02208753675222397,-0.4444901943206787,-0.04551158845424652,0.08947078883647919,-0.5934029221534729,-0.051227323710918427,0.13466838002204895,-0.7159014940261841,-0.05190599709749222,0.02928593009710312,-0.5634022355079651,0.014823546633124352,0.06311669200658798,-0.7621869444847107,-0.01459706574678421,0.0891285240650177,-0.8868484497070312,-0.03582669794559479,0.11819086968898773,-1.0,-0.04939812794327736,0.09533697366714478,-0.48229682445526123,0.008827990852296352,0.17279751598834991,-0.6773372292518616,-0.034734953194856644,0.225152388215065,-0.7901338934898376,-0.06737539172172546,0.2860516607761383,-0.8999238610267639,-0.08137477189302444,0.14543098211288452,-0.3554479479789734,-0.005619691219180822,0.2062530517578125,-0.403283029794693,-0.07376375794410706,0.1360316276550293,-0.29987987875938416,-0.07782597839832306,0.09720245748758316,-0.24921652674674988,-0.05761660635471344,0.17800767719745636,-0.21538518369197845,-0.023384852334856987,0.2194301038980484,-0.27620336413383484,-0.07258675247430801,0.1660224348306656,-0.20929910242557526,-0.06159922480583191,0.13314051926136017,-0.17409908771514893,-0.03928028419613838
K,K_session_002,80,0.0,0.0,0.0,-0.016842657700181007,-0.2372429519891739,-0.037038713693618774,0.016074903309345245,-0.45587071776390076,-0.03945049270987511,0.08694266527891159,-0.6013514995574951,-0.044371798634529114,0.13312596082687378,-0.7202310562133789,-0.04453960061073303,0.02498306892812252,-0.5599994659423828,0.015994679182767868,0.05448407307267189,-0.7594364881515503,-0.01361988764256239,0.0776774138212204,-0.8852747082710266,-0.03477180004119873,0.10484699159860611,-1.0,-0.048564523458480835,0.09202086180448532,-0.480591356754303,0.007465061265975237,0.16118943691253662,-0.6746228933334351,-0.03590097278356552,0.20986470580101013,-0.7904767394065857,-0.06781414896249771,0.26916804909706116,-0.9025293588638306,-0.08168064057826996,0.14417096972465515,-0.3520515561103821,-0.009069797582924366,0.19737395644187927,-0.4016297161579132,-0.07423081994056702,0.13020768761634827,-0.29529044032096863,-0.07424841076135635,0.09633248299360275,-0.23936434090137482,-0.05212867632508278,0.17869463562965393,-0.20929642021656036,-0.02902631089091301,0.21265940368175507,-0.2721225321292877,-0.07481776177883148,0.16174383461475372,-0.2028704434633255,-0.06062879040837288,0.13487717509269714,-0.164969339966774,-0.0367644838988781
K,K_session_002,81,0.0,0.0,0.0,-0.021832942962646484,-0.22902634739875793,-0.036638952791690826,0.0036536934785544872,-0.4460802674293518,-0.04104685038328171,0.06634961068630219,-0.5984910130500793,-0.047701794654130936,0.11312571167945862,-0.7195572257041931,-0.04950033128261566,0.011202107183635235,-0.5445647835731506,0.010438249446451664,0.03720131516456604,-0.750662088394165,-0.01985776238143444,0.058398451656103134,-0.881015419960022,-0.040156397968530655,0.08388178050518036,-1.0,-0.053074438124895096,0.08070819824934006,-0.47283056378364563,0.0030425558798015118,0.1474038064479828,-0.6696273684501648,-0.040182940661907196,0.19276057183742523,-0.7889136075973511,-0.07028508186340332,0.24914197623729706,-0.9074000716209412,-0.08311709761619568,0.13562361896038055,-0.35458165407180786,-0.011892744340002537,0.18553559482097626,-0.40927374362945557,-0.07583127915859222,0.12228181958198547,-0.29827916622161865,-0.07393255829811096,0.09193557500839233,-0.2411562204360962,-0.05067120119929314,0.17552326619625092,-0.22074805200099945,-0.030003786087036133,0.2065807282924652,-0.2888670563697815,-0.07355905324220657,0.1579090654850006,-0.21627388894557953,-0.05837227776646614,0.13321802020072937,-0.17599287629127502,-0.03418782725930214
K,K_session_002,82,0.0,0.0,0.0,-0.029071534052491188,-0.21880756318569183,-0.037613850086927414,-0.008046681992709637,-0.44371530413627625,-0.041135866194963455,0.05197924003005028,-0.5943039655685425,-0.0457986481487751,0.09688369929790497,-0.7127013206481934,-0.04584020748734474,0.0007720264256931841,-0.5557525753974915,0.007861394435167313,0.01848180964589119,-0.7577613592147827,-0.020711524412035942,0.03505928814411163,-0.8842517733573914,-0.038548849523067474,0.05539357289671898,-1.0,-0.04896979406476021,0.07221116870641708,-0.48912614583969116,0.0012039239518344402,0.1348128318786621,-0.6872093677520752,-0.03809837996959686,0.17434638738632202,-0.8005611896514893,-0.06425445526838303,0.2253490835428238,-0.9192659854888916,-0.07330744713544846,0.12867280840873718,-0.37338486313819885,-0.013046756386756897,0.1722365766763687,-0.419038325548172,-0.07455740123987198,0.11294282227754593,-0.3051108419895172,-0.07376943528652191,0.08891131728887558,-0.25599291920661926,-0.051396314054727554,0.16929706931114197,-0.24013543128967285,-0.030326202511787415,0.19512976706027985,-0.29519736766815186,-0.07185325771570206,0.14784422516822815,-0.2174229472875595,-0.056293144822120667,0.12636059522628784,-0.18177390098571777,-0.0319228358566761
K,K_session_002,83,0.0,0.0,0.0,-0.03469119220972061,-0.23579880595207214,-0.03508634492754936,-0.015258826315402985,-0.4649317264556885,-0.03385714069008827,0.04561036080121994,-0.619969367980957,-0.03477003052830696,0.08578846603631973,-0.7395942807197571,-0.03171005845069885,-0.015319515019655228,-0.5521946549415588,0.020087825134396553,-0.0003968131204601377,-0.7535130977630615,-0.005278147757053375,0.013940006494522095,-0.880982518196106,-0.02330014482140541,0.031620170921087265,-1.0,-0.034230347722768784,0.0552988275885582,-0.487335741519928,0.013334191404283047,0.11166554689407349,-0.6942183375358582,-0.02296421304345131,0.14977730810642242,-0.8140279054641724,-0.04987655207514763,0.1972334384918213,-0.9354311227798462,-0.060076043009757996,0.11401238292455673,-0.3750574588775635,-0.0015065078623592854,0.16093476116657257,-0.43749308586120605,-0.06325323134660721,0.10548051446676254,-0.3154856860637665,-0.06428668648004532,0.07892496138811111,-0.2518327832221985,-0.04243529215455055,0.1582459658384323,-0.24563665688037872,-0.019134163856506348,0.1878194361925125,-0.317992240190506,-0.06188080087304115,0.1423921138048172,-0.2320629209280014,-0.04722370579838753,0.11930614709854126,-0.18313586711883545,-0.023122061043977737
K,K_session_002,84,0.0,0.0,0.0,-0.04219292849302292,-0.22394666075706482,-0.037077292799949646,-0.028229493647813797,-0.46725407242774963,-0.037213005125522614,0.027584148570895195,-0.6282610893249512,-0.03888754919171333,0.06478665769100189,-0.7463510036468506,-0.03648727387189865,-0.027448976412415504,-0.5584580302238464,0.010830720886588097,-0.018315162509679794,-0.7554081678390503,-0.017350023612380028,-0.009262334555387497,-0.8813511729240417,-0.03632507100701332,0.0021629524417221546,-1.0,-0.048554521054029465,0.04393608495593071,-0.4982122480869293,0.002532609272748232,0.09053414314985275,-0.7056479454040527,-0.03540749475359917,0.12386634200811386,-0.8223753571510315,-0.06118907034397125,0.16765081882476807,-0.9469007849693298,-0.07097727805376053,0.10546432435512543,-0.38517454266548157,-0.013739502988755703,0.1461239904165268,-0.44187062978744507,-0.07397163659334183,0.09258559346199036,-0.3198661804199219,-0.0715278759598732,0.06970978528261185,-0.26362550258636475,-0.04909856617450714,0.15149900317192078,-0.2528592646121979,-0.03361307829618454,0.1749415248632431,-0.31356003880500793,-0.07539448887109756,0.13214647769927979,-0.23092006146907806,-0.059479836374521255,0.11318264156579971,-0.19028465449810028,-0.0355708971619606
K,K_session_002,85,0.0,0.0,0.0,-0.04996039718389511,-0.21788960695266724,-0.03288475424051285,-0.04551500454545021,-0.45202651619911194,-0.032674290239810944,0.0003195142780896276,-0.6178427934646606,-0.03425794094800949,0.03408408537507057,-0.7415405511856079,-0.03181900829076767,-0.04281451925635338,-0.5435827374458313,0.009980805218219757,-0.0407433956861496,-0.7500646710395813,-0.01645357348024845,-0.03475486859679222,-0.879540741443634,-0.03290332481265068,-0.0264603178948164,-1.0,-0.042479537427425385,0.02931898459792137,-0.4925600588321686,0.0015081963501870632,0.07155798375606537,-0.7072744369506836,-0.03525584563612938,0.10160396248102188,-0.8296700716018677,-0.05949914827942848,0.13876426219940186,-0.9518689513206482,-0.06791189312934875,0.09300468862056732,-0.3911517560482025,-0.013966457918286324,0.13241302967071533,-0.4469697177410126,-0.07396087795495987,0.0865812674164772,-0.32066965103149414,-0.07321079820394516,0.0645572692155838,-0.252608984708786,-0.05133651942014694,0.1430974304676056,-0.26868703961372375,-0.031997572630643845,0.16396743059158325,-0.33325496315956116,-0.0733480304479599,0.12428178638219833,-0.24281743168830872,-0.058022379875183105,0.10407841950654984,-0.19185037910938263,-0.03423197194933891
K,K_session_002,86,0.0,0.0,0.0,-0.05087653547525406,-0.21211309731006622,-0.04511619359254837,-0.05382213741540909,-0.4337310791015625,-0.04856850206851959,-0.009798330254852772,-0.6096643805503845,-0.051916807889938354,0.01912396401166916,-0.7497684955596924,-0.05066349729895592,-0.05505288019776344,-0.54433673620224,0.011908716522157192,-0.05982668697834015,-0.7487998604774475,-0.015996698290109634,-0.058132100850343704,-0.8788753747940063,-0.03533443063497543,-0.05314438045024872,-1.0,-0.047289565205574036,0.021349890157580376,-0.49278613924980164,0.008202359080314636,0.05541655421257019,-0.7130764126777649,-0.029890064150094986,0.07917854189872742,-0.834000289440155,-0.05715593323111534,0.11362894624471664,-0.9635074734687805,-0.0671517625451088,0.08867400139570236,-0.3894835412502289,-0.004435431212186813,0.12132198363542557,-0.45778727531433105,-0.0696655735373497,0.07244585454463959,-0.327360063791275,-0.07165338099002838,0.052800778299570084,-0.2691059708595276,-0.05015721544623375,0.14052702486515045,-0.26573923230171204,-0.020541589707136154,0.15624843537807465,-0.3379664421081543,-0.06831837445497513,0.11438994854688644,-0.2464086264371872,-0.05501643568277359,0.09535552561283112,-0.19873489439487457,-0.03104536049067974
K,K_session_002,87,0.0,0.0,0.0,-0.05547845736145973,-0.19985806941986084,-0.04784885793924332,-0.06316035985946655,-0.4182736873626709,-0.05327477678656578,-0.024469923228025436,-0.6047250628471375,-0.05809395760297775,1.6839328964124434e-05,-0.7564020752906799,-0.058252088725566864,-0.07129989564418793,-0.5437760353088379,0.01114228181540966,-0.08029467612504959,-0.7472400665283203,-0.01714753918349743,-0.07953908294439316,-0.8775017857551575,-0.036482151597738266,-0.07579600065946579,-1.0,-0.047799333930015564,0.006219061557203531,-0.49739930033683777,0.008748376742005348,0.039434339851140976,-0.7226027846336365,-0.02863244339823723,0.06281901895999908,-0.8456510901451111,-0.05476190149784088,0.09421505779027939,-0.9779507517814636,-0.06372421234846115,0.0751529335975647,-0.4004576802253723,-0.003147296141833067,0.10742798447608948,-0.47078168392181396,-0.06915374845266342,0.06221894547343254,-0.33810698986053467,-0.07269760966300964,0.042852725833654404,-0.2816649079322815,-0.05194091796875,0.13066250085830688,-0.28220298886299133,-0.018511051312088966,0.14762365818023682,-0.35522446036338806,-0.0659947395324707,0.10838446021080017,-0.2589922547340393,-0.05344037339091301,0.08861707150936127,-0.2106124609708786,-0.0300709567964077
K,K_session_002,88,0.0,0.0,0.0,-0.053098056465387344,-0.1974295675754547,-0.04724828526377678,-0.0652603730559349,-0.41217130422592163,-0.055135201662778854,-0.03318475931882858,-0.5997624397277832,-0.06315872818231583,-0.010632498189806938,-0.7540476322174072,-0.06642638891935349,-0.07187896221876144,-0.5410546660423279,0.012254967354238033,-0.08607415109872818,-0.7439481616020203,-0.014986581169068813,-0.09083563089370728,-0.8769577145576477,-0.0333339162170887,-0.09088686108589172,-1.0,-0.044191163033246994,0.006332090590149164,-0.5007454752922058,0.009897270239889622,0.03034639172255993,-0.7249228954315186,-0.02564985677599907,0.04959901422262192,-0.8527233004570007,-0.05082569271326065,0.07908709347248077,-0.9903804659843445,-0.05961201712489128,0.07759235054254532,-0.4061887562274933,-0.0020551560446619987,0.10153866559267044,-0.47921568155288696,-0.06322838366031647,0.059819892048835754,-0.3473120927810669,-0.06530626118183136,0.04504206031560898,-0.29301565885543823,-0.045010097324848175,0.13533248007297516,-0.291055291891098,-0.017695046961307526,0.14292070269584656,-0.37105903029441833,-0.05971696600317955,0.10699018836021423,-0.2772214710712433,-0.04554643854498863,0.09262101352214813,-0.23003384470939636,-0.022278795018792152
K,K_session_002,89,0.0,0.0,0.0,-0.05774465948343277,-0.1823037713766098,-0.05432499200105667,-0.07959835231304169,-0.3939273953437805,-0.06821376830339432,-0.0558713860809803,-0.5873028635978699,-0.08107775449752808,-0.03302903473377228,-0.749333381652832,-0.08884245902299881,-0.08349791169166565,-0.5305171608924866,0.00328820594586432,-0.10313809663057327,-0.7364814281463623,-0.029376931488513947,-0.11053875833749771,-0.8706549406051636,-0.04891278222203255,-0.11305553466081619,-0.9953186511993408,-0.05951690301299095,-0.005332490894943476,-0.497389018535614,0.003481463994830847,0.015134881250560284,-0.7322334051132202,-0.03714204952120781,0.029649272561073303,-0.8558946847915649,-0.06155286356806755,0.05412299558520317,-1.0,-0.0682789534330368,0.06583642214536667,-0.41230103373527527,-0.006700781639665365,0.08841484040021896,-0.49073824286460876,-0.07297880947589874,0.04934176802635193,-0.3512560725212097,-0.07316625118255615,0.03619658946990967,-0.30265477299690247,-0.050005555152893066,0.12626640498638153,-0.3068322241306305,-0.02097785845398903,0.1350587010383606,-0.3883327543735504,-0.06405087560415268,0.09984742105007172,-0.2884275019168854,-0.04833322763442993,0.08355121314525604,-0.24229301512241364,-0.02361075021326542
K,K_session_002,90,0.0,0.0,0.0,-0.06256995350122452,-0.17765791714191437,-0.05057378485798836,-0.08839122951030731,-0.3940214216709137,-0.06388761848211288,-0.06672942638397217,-0.5917887687683105,-0.07702023535966873,-0.04577828571200371,-0.7568244934082031,-0.08526869863271713,-0.09271038323640823,-0.5307292342185974,0.002187166828662157,-0.11574973911046982,-0.7337536215782166,-0.03158636763691902,-0.1257358342409134,-0.8654581904411316,-0.05109041929244995,-0.1304129809141159,-0.987943708896637,-0.06171568110585213,-0.014335209503769875,-0.5013132691383362,-0.0008028915617614985,0.0023101847618818283,-0.7335371971130371,-0.042296554893255234,0.013091112487018108,-0.8565247654914856,-0.06653443723917007,0.035116031765937805,-1.0,-0.07338067889213562,0.0580516941845417,-0.4180178642272949,-0.01364249549806118,0.07563465088605881,-0.49171292781829834,-0.080144003033638,0.03936993330717087,-0.3495219349861145,-0.0783209577202797,0.03048580326139927,-0.3009077310562134,-0.05402166768908501,0.12076614052057266,-0.3128446340560913,-0.03036338835954666,0.12362001836299896,-0.39198487997055054,-0.07385769486427307,0.09094920754432678,-0.2892722189426422,-0.0563572496175766,0.07819163799285889,-0.24263326823711395,-0.030295386910438538
K,K_session_002,91,0.0,0.0,0.0,-0.069237619638443,-0.16835372149944305,-0.055176667869091034,-0.09943193197250366,-0.38605356216430664,-0.06726494431495667,-0.0876075029373169,-0.5886828899383545,-0.07809273153543472,-0.08096914738416672,-0.7563764452934265,-0.08369895815849304,-0.10813380032777786,-0.5161771178245544,0.001759520499035716,-0.13634474575519562,-0.7183499932289124,-0.03185328096151352,-0.15044599771499634,-0.8492034077644348,-0.05089715123176575,-0.15990738570690155,-0.9748513102531433,-0.06133298948407173,-0.030261099338531494,-0.49251097440719604,0.0014208187349140644,-0.020693838596343994,-0.7308633923530579,-0.04020220413804054,-0.013924084603786469,-0.8535213470458984,-0.06331802904605865,0.00397008890286088,-1.0,-0.0692107230424881,0.04189560189843178,-0.417004257440567,-0.00972458440810442,0.06445594877004623,-0.4967344403266907,-0.07739280164241791,0.029227182269096375,-0.34914329648017883,-0.07673891633749008,0.018803171813488007,-0.30032768845558167,-0.052920255810022354,0.10653716325759888,-0.32131025195121765,-0.025343606248497963,0.11602722853422165,-0.3931010365486145,-0.07069852203130722,0.08354628086090088,-0.2873035669326782,-0.056700561195611954,0.06839323788881302,-0.24148620665073395,-0.03319138288497925
K,K_session_002,92,0.0,0.0,0.0,-0.06979217380285263,-0.15884274244308472,-0.0554748997092247,-0.10578924417495728,-0.3675551414489746,-0.07169347256422043,-0.09609823673963547,-0.5686981678009033,-0.08708301186561584,-0.08843954652547836,-0.740057110786438,-0.09715192019939423,-0.11162053793668747,-0.5059385895729065,-0.0020764947403222322,-0.14544051885604858,-0.7048959136009216,-0.03665752336382866,-0.16473673284053802,-0.8370649218559265,-0.05531492456793785,-0.1774250715970993,-0.960314154624939,-0.06587515026330948,-0.034300342202186584,-0.49173688888549805,-0.0029686475172638893,-0.033449526876211166,-0.7258931994438171,-0.044680140912532806,-0.030727237462997437,-0.848344087600708,-0.06716654449701309,-0.015545222908258438,-1.0,-0.07311729341745377,0.040606703609228134,-0.4205177426338196,-0.014413146302103996,0.05334774777293205,-0.4975624978542328,-0.07865110039710999,0.02529323659837246,-0.35384026169776917,-0.07467752695083618,0.021413935348391533,-0.31413471698760986,-0.050412487238645554,0.1065930426120758,-0.3289545178413391,-0.03069273941218853,0.10342075675725937,-0.3981131315231323,-0.07307381927967072,0.07736603915691376,-0.2977835536003113,-0.057136040180921555,0.0704948827624321,-0.2621583044528961,-0.03337480500340462
K,K_session_002,93,0.0,0.0,0.0,-0.07910825312137604,-0.15000158548355103,-0.05987812206149101,-0.1199948713183403,-0.35673072934150696,-0.0733518972992897,-0.11671590059995651,-0.5571025013923645,-0.0844939723610878,-0.11550316214561462,-0.7275897264480591,-0.09084577858448029,-0.13257798552513123,-0.49910807609558105,-0.0015305726556107402,-0.17089861631393433,-0.6968802809715271,-0.035387784242630005,-0.19163596630096436,-0.8284919261932373,-0.055971451103687286,-0.20947515964508057,-0.9533457159996033,-0.06763315200805664,-0.054112959653139114,-0.4850575029850006,0.00020819102064706385,-0.05767767131328583,-0.7253458499908447,-0.03971410170197487,-0.05730912834405899,-0.849901556968689,-0.06360252946615219,-0.049912527203559875,-1.0,-0.0706254094839096,0.02084525115787983,-0.4189995229244232,-0.009271019138395786,0.0386684313416481,-0.5080604553222656,-0.07753726094961166,0.009981556795537472,-0.3621613085269928,-0.08022680878639221,-0.002838689833879471,-0.3179079592227936,-0.05910538509488106,0.08902183175086975,-0.3325154185295105,-0.02339860424399376,0.09538887441158295,-0.4101077914237976,-0.07134122401475906,0.06899488717317581,-0.3030552864074707,-0.05989351123571396,0.05381298437714577,-0.25746098160743713,-0.038120467215776443
K,K_session_002,94,0.0,0.0,0.0,-0.07568060606718063,-0.14825142920017242,-0.0623011477291584,-0.11897986382246017,-0.35177940130233765,-0.07656833529472351,-0.11936457455158234,-0.5540733933448792,-0.0877762883901596,-0.1221722662448883,-0.7240791916847229,-0.09325458854436874,-0.13929662108421326,-0.48506593704223633,-0.0019512622384354472,-0.18135246634483337,-0.6854731440544128,-0.03381401300430298,-0.20504605770111084,-0.8177504539489746,-0.05242718383669853,-0.2249826043844223,-0.9419394731521606,-0.06323947012424469,-0.061980850994586945,-0.4792328476905823,0.0023073966149240732,-0.06970459967851639,-0.7194595336914062,-0.03765375167131424,-0.0692777931690216,-0.846919059753418,-0.06195859983563423,-0.06399602442979813,-1.0,-0.06930697709321976,0.015381121076643467,-0.42040133476257324,-0.004601715132594109,0.03539147973060608,-0.5099234580993652,-0.07093138992786407,0.01117007341235876,-0.3594743609428406,-0.07249267399311066,-0.0024171089753508568,-0.31375211477279663,-0.05115994065999985,0.08429691940546036,-0.3418388366699219,-0.016457470133900642,0.09071852266788483,-0.415024995803833,-0.06321461498737335,0.06736521422863007,-0.308358371257782,-0.05207978934049606,0.05304933339357376,-0.26785778999328613,-0.030884822830557823
K,K_session_002,95,0.0,0.0,0.0,-0.07575896382331848,-0.14531168341636658,-0.0652579590678215,-0.12061169743537903,-0.3481060564517975,-0.07944702357053757,-0.12411409616470337,-0.5472071766853333,-0.08996129781007767,-0.13143318891525269,-0.7181504964828491,-0.09442969411611557,-0.14347106218338013,-0.4853686988353729,-0.001881872653029859,-0.18735408782958984,-0.6853535771369934,-0.03368203341960907,-0.2122873216867447,-0.8168628811836243,-0.05231323093175888,-0.23439840972423553,-0.9405364990234375,-0.06343523412942886,-0.06712412089109421,-0.48043325543403625,0.002665563253685832,-0.07904742658138275,-0.7214438915252686,-0.03968518599867821,-0.08016185462474823,-0.8468407988548279,-0.06558441370725632,-0.0775429904460907,-1.0,-0.07335901260375977,0.010424192063510418,-0.4228762090206146,-0.004335508216172457,0.03163064271211624,-0.514056921005249,-0.07472877204418182,0.009247852489352226,-0.3581487238407135,-0.0779246911406517,-0.006068816874176264,-0.3115583062171936,-0.05672915652394295,0.08036691695451736,-0.3451654016971588,-0.016458755359053612,0.0882461816072464,-0.41987067461013794,-0.06784296780824661,0.06611597537994385,-0.30689573287963867,-0.05834626033902168,0.04959200695157051,-0.2637439966201782,-0.03749353811144829
K,K_session_002,96,0.0,0.0,0.0,-0.078158438205719,-0.14088371396064758,-0.0658968836069107,-0.12555064260959625,-0.3367636799812317,-0.08210381120443344,-0.13108059763908386,-0.5415863990783691,-0.09489971399307251,-0.13881336152553558,-0.7167030572891235,-0.10130484402179718,-0.1484818458557129,-0.4802282750606537,-0.002467639511451125,-0.19340766966342926,-0.6816346645355225,-0.03519560769200325,-0.219463050365448,-0.8126380443572998,-0.05397595092654228,-0.2418375164270401,-0.9368169903755188,-0.06494808942079544,-0.07103747129440308,-0.4775086045265198,0.002653198316693306,-0.08503282070159912,-0.7183840870857239,-0.039851464331150055,-0.0868135541677475,-0.845340371131897,-0.06489991396665573,-0.08349787443876266,-1.0,-0.0721050351858139,0.007321344222873449,-0.42177459597587585,-0.0039678593166172504,0.02589981071650982,-0.5131120085716248,-0.07315853238105774,0.00284384423866868,-0.35895591974258423,-0.07611089199781418,-0.0114002525806427,-0.31243079900741577,-0.0551140196621418,0.0779823362827301,-0.3466726243495941,-0.015897506847977638,0.08460816740989685,-0.4190641939640045,-0.06588834524154663,0.060787592083215714,-0.3096882402896881,-0.057177964597940445,0.04387476295232773,-0.2683655321598053,-0.0370868444442749
K,K_session_002,97,0.0,0.0,0.0,-0.08161696791648865,-0.14583240449428558,-0.05388754606246948,-0.12708784639835358,-0.345743328332901,-0.06645426899194717,-0.13062982261180878,-0.546890377998352,-0.07855257391929626,-0.13897986710071564,-0.7126447558403015,-0.08511996269226074,-0.14618858695030212,-0.4777173697948456,0.002149469219148159,-0.1936848908662796,-0.6785336136817932,-0.03276485204696655,-0.22081835567951202,-0.8101090788841248,-0.05361233279109001,-0.24291114509105682,-0.9344852566719055,-0.06601427495479584,-0.06874643266201019,-0.4728448688983917,-0.00015116482973098755,-0.08444004505872726,-0.7117937803268433,-0.04638079181313515,-0.08915965259075165,-0.8414822220802307,-0.07481642067432404,-0.08623087406158447,-1.0,-0.08454682677984238,0.010352075099945068,-0.41629427671432495,-0.012611939571797848,0.026593444868922234,-0.5119603872299194,-0.08184625953435898,0.001772579038515687,-0.35918423533439636,-0.08209068328142166,-0.01100910734385252,-0.31130000948905945,-0.05983316898345947,0.08212348073720932,-0.33764079213142395,-0.029662013053894043,0.08406522125005722,-0.41546133160591125,-0.07754463702440262,0.060069166123867035,-0.30964839458465576,-0.0645497739315033,0.04641150310635567,-0.26860740780830383,-0.04177466407418251
K,K_session_002,98,0.0,0.0,0.0,-0.07740259915590286,-0.1420496106147766,-0.06018243730068207,-0.12224205583333969,-0.33907464146614075,-0.07660853117704391,-0.12632039189338684,-0.5383036136627197,-0.09086809307336807,-0.13518159091472626,-0.7076674103736877,-0.09920301288366318,-0.14047208428382874,-0.4764230251312256,-0.005068725440651178,-0.18614619970321655,-0.6751490831375122,-0.04001981019973755,-0.21223174035549164,-0.8047246932983398,-0.05971124395728111,-0.232893705368042,-0.9275912046432495,-0.07097288221120834,-0.06316421180963516,-0.47334370017051697,-0.0036677017342299223,-0.07684270292520523,-0.7141465544700623,-0.04826248064637184,-0.08026369661092758,-0.843802809715271,-0.07350261509418488,-0.07574425637722015,-1.0,-0.08072258532047272,0.015177539549767971,-0.41628506779670715,-0.012956657446920872,0.027363838627934456,-0.5133942365646362,-0.08098629117012024,0.004244685638695955,-0.35732796788215637,-0.07991547137498856,-0.004978552460670471,-0.30773070454597473,-0.05659038573503494,0.08631858974695206,-0.33773431181907654,-0.02722569741308689,0.08510369807481766,-0.4154059886932373,-0.0749824047088623,0.06219981238245964,-0.30610916018486023,-0.06221384182572365,0.05107184499502182,-0.2633977234363556,-0.039401423186063766
K,K_session_002,99,0.0,0.0,0.0,-0.07428458333015442,-0.14248791337013245,-0.0581076517701149,-0.11954651772975922,-0.3383217453956604,-0.07750234752893448,-0.123850978910923,-0.5376087427139282,-0.0956328958272934,-0.1242864578962326,-0.7098705768585205,-0.108136385679245,-0.13134178519248962,-0.4799250662326813,-0.008252453990280628,-0.17509222030639648,-0.6792526245117188,-0.04694066569209099,-0.20053106546401978,-0.8081076741218567,-0.06823370605707169,-0.21903623640537262,-0.931264340877533,-0.08031502366065979,-0.054233621805906296,-0.47547146677970886,-0.009223057888448238,-0.06583316624164581,-0.7151707410812378,-0.057137876749038696,-0.06923393160104752,-0.8435758948326111,-0.08328060060739517,-0.06235463172197342,-1.0,-0.0909164696931839,0.023447630926966667,-0.4157010316848755,-0.020486408844590187,0.03382554650306702,-0.5086414813995361,-0.08989741653203964,0.008117694407701492,-0.35457876324653625,-0.08785473555326462,0.001031768275424838,-0.30530789494514465,-0.06396213173866272,0.09421605616807938,-0.33315470814704895,-0.03653816506266594,0.09086266160011292,-0.40878725051879883,-0.08411317318677902,0.0665232241153717,-0.30095937848091125,-0.07000435888767242,0.0565187931060791,-0.25790268182754517,-0.04633693769574165
K,K_session_002,100,0.0,0.0,0.0,-0.07291321456432343,-0.1456141620874405,-0.05799989402294159,-0.11472653597593307,-0.3447872996330261,-0.07617371529340744,-0.11679545044898987,-0.5440343618392944,-0.09297419339418411,-0.11652730405330658,-0.7133821845054626,-0.10401152074337006,-0.1271660327911377,-0.48423370718955994,-0.006265724543482065,-0.1680513173341751,-0.6854078769683838,-0.042472049593925476,-0.19158491492271423,-0.8164379596710205,-0.062231555581092834,-0.2083636373281479,-0.9397379755973816,-0.07363921403884888,-0.050383321940898895,-0.4769039452075958,-0.006372377742081881,-0.05844594165682793,-0.7147902250289917,-0.0524025596678257,-0.058077871799468994,-0.8450567722320557,-0.0781317874789238,-0.04798203706741333,-1.0,-0.08592207729816437,0.026421891525387764,-0.4144303798675537,-0.01674680970609188,0.04133717715740204,-0.5078107714653015,-0.08488573133945465,0.013943205587565899,-0.3546031415462494,-0.08349581807851791,0.00429790373891592,-0.3014985918998718,-0.06021687388420105,0.09616973996162415,-0.32951539754867554,-0.031851623207330704,0.09584610164165497,-0.4039641320705414,-0.07951768487691879,0.07048088312149048,-0.29886195063591003,-0.06704443693161011,0.05833437293767929,-0.2557438015937805,-0.044592149555683136
K,K_session_002,101,0.0,0.0,0.0,-0.07164088636636734,-0.14964863657951355,-0.055013541132211685,-0.11190257966518402,-0.34592679142951965,-0.07408178597688675,-0.1114610806107521,-0.5443773865699768,-0.09276615083217621,-0.10664635896682739,-0.7134097814559937,-0.10599752515554428,-0.12102861702442169,-0.4814317524433136,-0.0045336950570344925,-0.1583910435438156,-0.6856237053871155,-0.04213250055909157,-0.17861013114452362,-0.8176130056381226,-0.06302583962678909,-0.1908341348171234,-0.9434428811073303,-0.07492901384830475,-0.04524637386202812,-0.47223347425460815,-0.006305009126663208,-0.04973169043660164,-0.7106228470802307,-0.05365176498889923,-0.04769952967762947,-0.8411868214607239,-0.08007663488388062,-0.03456263244152069,-1.0,-0.08806101977825165,0.0307918768376112,-0.40908128023147583,-0.01808379404246807,0.04641009867191315,-0.504785418510437,-0.08663836121559143,0.015522792935371399,-0.3498378098011017,-0.0849645659327507,0.0058071305975317955,-0.29613301157951355,-0.06137099862098694,0.0997929722070694,-0.32373207807540894,-0.034385230392217636,0.1001921221613884,-0.3979780673980713,-0.08134565502405167,0.0719350278377533,-0.2938099801540375,-0.06833674013614655,0.059904564172029495,-0.2515881657600403,-0.045501403510570526
K,K_session_002,102,0.0,0.0,0.0,-0.07443081587553024,-0.15197868645191193,-0.05690232291817665,-0.11122927814722061,-0.3507382869720459,-0.07361398637294769,-0.10724020004272461,-0.5477100014686584,-0.08865159004926682,-0.10317733138799667,-0.7144279479980469,-0.09805034101009369,-0.12149328738451004,-0.4853033125400543,-0.0059737456031143665,-0.155105322599411,-0.6933063864707947,-0.042877424508333206,-0.17227806150913239,-0.8261049389839172,-0.06463126093149185,-0.18342022597789764,-0.9529892802238464,-0.07741906493902206,-0.044990699738264084,-0.47330349683761597,-0.006112298928201199,-0.04489276558160782,-0.7130254507064819,-0.05345647409558296,-0.03959181532263756,-0.844316840171814,-0.08184877038002014,-0.024479156360030174,-1.0,-0.09145507961511612,0.02997271902859211,-0.40844234824180603,-0.016117317602038383,0.05044746398925781,-0.49784916639328003,-0.08543240278959274,0.017122723162174225,-0.3463252782821655,-0.08570682257413864,0.003134112572297454,-0.2943616509437561,-0.06342162191867828,0.09776905179023743,-0.3221452832221985,-0.0307304784655571,0.1024613156914711,-0.38715919852256775,-0.07998914271593094,0.07328779250383377,-0.2843285799026489,-0.06856663525104523,0.05775541067123413,-0.24453207850456238,-0.04646811634302139
K,K_session_002,103,0.0,0.0,0.0,-0.06636302918195724,-0.15994009375572205,-0.054074663668870926,-0.09556625783443451,-0.3602418899536133,-0.07061033695936203,-0.08655720949172974,-0.5554121732711792,-0.08571638911962509,-0.07694436609745026,-0.722790002822876,-0.09590739011764526,-0.1024240106344223,-0.49236321449279785,-0.008310878649353981,-0.13100206851959229,-0.7037033438682556,-0.043434228748083115,-0.14583607017993927,-0.8377296328544617,-0.06452509760856628,-0.1546408236026764,-0.9626885056495667,-0.07696391642093658,-0.027783216908574104,-0.4747428894042969,-0.009231051430106163,-0.020730631425976753,-0.7172531485557556,-0.05386233329772949,-0.012051096186041832,-0.8518962860107422,-0.08155359327793121,0.006914309225976467,-1.0,-0.0914771556854248,0.04483604058623314,-0.4042268991470337,-0.019230546429753304,0.07006920874118805,-0.4987454116344452,-0.08663671463727951,0.031818535178899765,-0.35316261649131775,-0.09032204747200012,0.013544691726565361,-0.29624295234680176,-0.07132287323474884,0.110291488468647,-0.31355321407318115,-0.03320687636733055,0.12022533267736435,-0.3864053189754486,-0.08276819437742233,0.08546992391347885,-0.28554755449295044,-0.07411834597587585,0.06378649920225143,-0.24073800444602966,-0.0544540211558342
K,K_session_002,104,0.0,0.0,0.0,-0.0651404932141304,-0.16221044957637787,-0.05367855727672577,-0.0895371213555336,-0.36605188250541687,-0.07048419117927551,-0.07338599115610123,-0.5616557002067566,-0.08615747094154358,-0.061102431267499924,-0.7267394661903381,-0.09651525318622589,-0.09312739223241806,-0.5005966424942017,-0.008287709206342697,-0.1162373423576355,-0.7133762240409851,-0.04511721059679985,-0.12805238366127014,-0.8483604788780212,-0.0678200051188469,-0.13393399119377136,-0.974071204662323,-0.08169320970773697,-0.018959036096930504,-0.47609561681747437,-0.009908610954880714,-0.005343585275113583,-0.7140837907791138,-0.05781952291727066,0.005506162531673908,-0.8491402268409729,-0.08778049796819687,0.027979550883173943,-1.0,-0.09937125444412231,0.05215708166360855,-0.3996572196483612,-0.020449163392186165,0.07782437652349472,-0.49208080768585205,-0.08845701068639755,0.035614483058452606,-0.3513995409011841,-0.08940301835536957,0.018232053145766258,-0.29796311259269714,-0.06873399019241333,0.11574941873550415,-0.30360549688339233,-0.035273581743240356,0.1236203983426094,-0.3776057958602905,-0.08405468612909317,0.08779850602149963,-0.2821621894836426,-0.07286280393600464,0.06976180523633957,-0.24145148694515228,-0.05140378326177597
K,K_session_002,105,0.0,0.0,0.0,-0.06292933970689774,-0.17361854016780853,-0.04738115146756172,-0.08040288835763931,-0.38026678562164307,-0.06043478474020958,-0.05637652054429054,-0.571562647819519,-0.07329168915748596,-0.03641335293650627,-0.7296295166015625,-0.0809357613325119,-0.08087246119976044,-0.5060425400733948,-0.0020040690433233976,-0.0998329445719719,-0.7241513729095459,-0.03494826331734657,-0.1092861145734787,-0.8613276481628418,-0.05540699139237404,-0.11368034780025482,-0.9882718920707703,-0.0678776428103447,-0.007429934572428465,-0.47661247849464417,-0.005188722163438797,0.012333597056567669,-0.717519223690033,-0.047887369990348816,0.025814251974225044,-0.8525511622428894,-0.07562260329723358,0.05145875737071037,-1.0,-0.08628235757350922,0.062214821577072144,-0.3945986032485962,-0.016769954934716225,0.08960002660751343,-0.4850221872329712,-0.0793602392077446,0.04417714104056358,-0.3493473529815674,-0.08023795485496521,0.02660602703690529,-0.2978135645389557,-0.06048968806862831,0.12400086224079132,-0.2938167452812195,-0.03218662366271019,0.13290643692016602,-0.3680269718170166,-0.07624998688697815,0.09542611241340637,-0.27759119868278503,-0.06432656943798065,0.07831216603517532,-0.23875495791435242,-0.04319170489907265
K,K_session_002,106,0.0,0.0,0.0,-0.05817766860127449,-0.1790662258863449,-0.04297051206231117,-0.0718320831656456,-0.38773733377456665,-0.057725369930267334,-0.04436443746089935,-0.5812824964523315,-0.07380180060863495,-0.020651089027523994,-0.7387804388999939,-0.08513334393501282,-0.06677627563476562,-0.5107117295265198,-0.004277702886611223,-0.08011400699615479,-0.7308798432350159,-0.040289297699928284,-0.08649168908596039,-0.8710439801216125,-0.06221700459718704,-0.08666955679655075,-1.0,-0.07593918591737747,0.005129982251673937,-0.47572240233421326,-0.01070791482925415,0.029932962730526924,-0.707122802734375,-0.05714188888669014,0.046863753348588943,-0.8418223261833191,-0.08597231656312943,0.0765366405248642,-0.9882333874702454,-0.09787297993898392,0.07240810245275497,-0.3895038664340973,-0.02486252598464489,0.10202456265687943,-0.4794400930404663,-0.08839341998100281,0.05192030966281891,-0.3504773676395416,-0.08796748518943787,0.03184860199689865,-0.29811611771583557,-0.06819786131381989,0.1315799355506897,-0.28468403220176697,-0.042643338441848755,0.14237461984157562,-0.3576638698577881,-0.0872112289071083,0.10215198993682861,-0.2747996151447296,-0.07569961249828339,0.08315403014421463,-0.23789726197719574,-0.055356450378894806
K,K_session_002,107,0.0,0.0,0.0,-0.05704452469944954,-0.182304248213768,-0.035320114344358444,-0.06592784076929092,-0.38720110058784485,-0.04806175082921982,-0.03443228453397751,-0.573131799697876,-0.06377406418323517,-0.00848354771733284,-0.7217716574668884,-0.07479020208120346,-0.05781833082437515,-0.5059448480606079,-0.0024261369835585356,-0.06638927757740021,-0.7293967604637146,-0.04007924348115921,-0.06893549114465714,-0.8699244856834412,-0.0628584548830986,-0.06670016795396805,-1.0,-0.07704287767410278,0.013282484374940395,-0.4684634208679199,-0.012669550254940987,0.04336615651845932,-0.6970572471618652,-0.06064382568001747,0.06232192739844322,-0.8284599781036377,-0.08964357525110245,0.09441649913787842,-0.9754246473312378,-0.10164904594421387,0.07929957658052444,-0.38219884037971497,-0.029750056564807892,0.10474614799022675,-0.46830734610557556,-0.09108085930347443,0.054082244634628296,-0.3405645489692688,-0.0860244482755661,0.03714199736714363,-0.29284292459487915,-0.0637611597776413,0.13782523572444916,-0.27623987197875977,-0.050282906740903854,0.1435401886701584,-0.3446579873561859,-0.09047713130712509,0.10279690474271774,-0.2635902762413025,-0.07485779374837875,0.08730299025774002,-0.23133738338947296,-0.05232013761997223
K,K_session_002,108,0.0,0.0,0.0,-0.051644470542669296,-0.18346261978149414,-0.03502439707517624,-0.056797996163368225,-0.3882024884223938,-0.04879394918680191,-0.023959655314683914,-0.5689182877540588,-0.06560205668210983,0.006441409699618816,-0.7152203321456909,-0.07745122909545898,-0.04340381175279617,-0.505811333656311,-0.004125356674194336,-0.04873695597052574,-0.7298532128334045,-0.04357757419347763,-0.05012201517820358,-0.8707400560379028,-0.06733071804046631,-0.046080026775598526,-1.0,-0.08201531320810318,0.02571723237633705,-0.46480897068977356,-0.014261960051953793,0.05709226056933403,-0.6896488666534424,-0.06374567747116089,0.07564634829759598,-0.8159007430076599,-0.09230019152164459,0.1096813976764679,-0.9596046209335327,-0.10352639108896255,0.08920922875404358,-0.3743657171726227,-0.031128134578466415,0.110740527510643,-0.4586408734321594,-0.09171614795923233,0.05935374274849892,-0.3312707245349884,-0.08396977186203003,0.046738799661397934,-0.2835168242454529,-0.059758685529232025,0.1440259963274002,-0.2661703824996948,-0.05160074681043625,0.1477842777967453,-0.3362075090408325,-0.0900353491306305,0.10590583086013794,-0.2562156319618225,-0.0724719688296318,0.09373874217271805,-0.22504624724388123,-0.04854251816868782
K,K_session_002,109,0.0,0.0,0.0,-0.052664633840322495,-0.18153728544712067,-0.03636549785733223,-0.05710297450423241,-0.39027535915374756,-0.04975515976548195,-0.021612945944070816,-0.5726583003997803,-0.06642910093069077,0.01158602349460125,-0.7171701788902283,-0.0782478079199791,-0.0440247505903244,-0.5085113048553467,-0.0021749655716121197,-0.04781471937894821,-0.7310476303100586,-0.04160922020673752,-0.046450525522232056,-0.8712121844291687,-0.06393558531999588,-0.04025454819202423,-1.0,-0.07733079791069031,0.02574939839541912,-0.4666106402873993,-0.012296081520617008,0.06011619791388512,-0.6882860660552979,-0.06270117312669754,0.0807545930147171,-0.8118488192558289,-0.09064167737960815,0.1153230145573616,-0.9515842199325562,-0.10065903514623642,0.088499516248703,-0.37553250789642334,-0.029692690819501877,0.11010702699422836,-0.45826414227485657,-0.09290652722120285,0.05888110026717186,-0.32714757323265076,-0.08463544398546219,0.04548177495598793,-0.2769429683685303,-0.05884077772498131,0.1424810290336609,-0.2654378116130829,-0.050772637128829956,0.14536099135875702,-0.333070307970047,-0.09071989357471466,0.10463684052228928,-0.2495536059141159,-0.07305578887462616,0.09298191964626312,-0.21736055612564087,-0.048524029552936554
K,K_session_002,110,0.0,0.0,0.0,-0.052365437150001526,-0.18584662675857544,-0.03378259763121605,-0.053894005715847015,-0.39875534176826477,-0.04568776860833168,-0.01579723320901394,-0.5806993246078491,-0.061126671731472015,0.017503179609775543,-0.7226332426071167,-0.07173191756010056,-0.04096280038356781,-0.509796679019928,-0.002785242162644863,-0.04458841308951378,-0.7323082089424133,-0.04078775271773338,-0.042856790125370026,-0.8721460103988647,-0.06245114654302597,-0.03663275018334389,-1.0,-0.07578127831220627,0.02815924771130085,-0.4670565128326416,-0.014005977660417557,0.06269586086273193,-0.6873066425323486,-0.06273999065160751,0.08429168909788132,-0.8128349184989929,-0.08990835398435593,0.12054727226495743,-0.9508564472198486,-0.10018431395292282,0.09062077850103378,-0.37403565645217896,-0.03198425471782684,0.11208533495664597,-0.4581861197948456,-0.09240571409463882,0.061706285923719406,-0.3293118178844452,-0.08241969347000122,0.04975109547376633,-0.2758040130138397,-0.05640057846903801,0.14429600536823273,-0.2619284391403198,-0.05362609773874283,0.1479230672121048,-0.33410635590553284,-0.09111674875020981,0.10712914168834686,-0.2533732056617737,-0.07194209098815918,0.09665388613939285,-0.21893495321273804,-0.04698687046766281
K,K_session_002,111,0.0,0.0,0.0,-0.053393974900245667,-0.18629784882068634,-0.032486241310834885,-0.05479143559932709,-0.39999884366989136,-0.04466082155704498,-0.01459574792534113,-0.5832685828208923,-0.06110210344195366,0.020749980583786964,-0.7222124934196472,-0.07306749373674393,-0.03788828104734421,-0.5074347257614136,-0.0013656130759045482,-0.040395479649305344,-0.7325435280799866,-0.04005216807126999,-0.037960074841976166,-0.8729530572891235,-0.06191623583436012,-0.03142185136675835,-1.0,-0.07510461658239365,0.030916748568415642,-0.4649235010147095,-0.01340576633810997,0.06338560581207275,-0.6853456497192383,-0.06315964460372925,0.08385221660137177,-0.8106110095977783,-0.09019424021244049,0.11865875869989395,-0.9468993544578552,-0.0999593585729599,0.09307023882865906,-0.3730917274951935,-0.032251860946416855,0.11286512762308121,-0.46133992075920105,-0.09283092617988586,0.06290606409311295,-0.3297865688800812,-0.08211361616849899,0.05157354101538658,-0.27293917536735535,-0.05533721297979355,0.14642252027988434,-0.26197558641433716,-0.054760247468948364,0.14930935204029083,-0.3349347710609436,-0.09133897721767426,0.1078750267624855,-0.2524595260620117,-0.07164188474416733,0.09733495861291885,-0.2166144847869873,-0.04636802524328232
K,K_session_002,112,0.0,0.0,0.0,-0.056378934532403946,-0.18677429854869843,-0.035174354910850525,-0.05570061504840851,-0.40545159578323364,-0.04451051726937294,-0.017178229987621307,-0.5911104083061218,-0.05739811807870865,0.01672239601612091,-0.7310596704483032,-0.06573515385389328,-0.03939419612288475,-0.5078131556510925,0.0032552345655858517,-0.04112368822097778,-0.7320142984390259,-0.03272542729973793,-0.03828015550971031,-0.8715429902076721,-0.05309833586215973,-0.03239760547876358,-1.0,-0.0654667392373085,0.02802278660237789,-0.46599555015563965,-0.006730438210070133,0.060354262590408325,-0.6841396689414978,-0.055178478360176086,0.08077225089073181,-0.8071527481079102,-0.08243735134601593,0.11378096044063568,-0.9428848028182983,-0.09220142662525177,0.08837668597698212,-0.3756411671638489,-0.024219026789069176,0.11568727344274521,-0.4602898359298706,-0.08670152723789215,0.06480209529399872,-0.3251241445541382,-0.07861600071191788,0.04874333739280701,-0.2687529921531677,-0.0526481494307518,0.14152473211288452,-0.26684486865997314,-0.04544553905725479,0.1518375426530838,-0.33773407340049744,-0.08476680517196655,0.1096675768494606,-0.2511714696884155,-0.06756345927715302,0.09447301924228668,-0.21436572074890137,-0.04351594299077988
K,K_session_002,113,0.0,0.0,0.0,-0.05341771990060806,-0.1892470270395279,-0.034207627177238464,-0.05410388484597206,-0.40653860569000244,-0.044317372143268585,-0.015627482905983925,-0.5903746485710144,-0.058486104011535645,0.019620351493358612,-0.730778157711029,-0.06790341436862946,-0.03663760796189308,-0.5098941922187805,0.00466123316437006,-0.03774989768862724,-0.7343496084213257,-0.031989794224500656,-0.03490402549505234,-0.8730111122131348,-0.05220292508602142,-0.029399998486042023,-1.0,-0.06414047628641129,0.031866442412137985,-0.46824172139167786,-0.006036011036485434,0.06352373212575912,-0.6861364245414734,-0.05534631758928299,0.0825602263212204,-0.8072474002838135,-0.08248532563447952,0.11415845155715942,-0.9458349943161011,-0.09173299372196198,0.09367967396974564,-0.37670066952705383,-0.02425476349890232,0.11752058565616608,-0.4636519253253937,-0.0866142213344574,0.06913115829229355,-0.3266265392303467,-0.07691752910614014,0.056837815791368484,-0.27267786860466003,-0.049838628619909286,0.14670470356941223,-0.2664393186569214,-0.04616212472319603,0.15368281304836273,-0.33893024921417236,-0.08440497517585754,0.11245013028383255,-0.2510824203491211,-0.0655556321144104,0.1001795083284378,-0.21506719291210175,-0.04036552086472511
K,K_session_002,114,0.0,0.0,0.0,-0.055140092968940735,-0.1873278170824051,-0.036946918815374374,-0.056329574435949326,-0.406910240650177,-0.04510331153869629,-0.020808760076761246,-0.5926591157913208,-0.05658000707626343,0.012704250402748585,-0.7355325818061829,-0.06315359473228455,-0.040894798934459686,-0.512728750705719,0.008701802231371403,-0.042367998510599136,-0.7342650890350342,-0.025671178475022316,-0.038203995674848557,-0.8726456761360168,-0.04515843465924263,-0.0316321887075901,-1.0,-0.056746307760477066,0.02661575935781002,-0.4696175158023834,-9.419587877346203e-05,0.058956701308488846,-0.685830295085907,-0.04771571606397629,0.07888691127300262,-0.806115448474884,-0.07534201443195343,0.11025388538837433,-0.9434728622436523,-0.08491358906030655,0.0871008113026619,-0.3798621892929077,-0.01711246371269226,0.11611022800207138,-0.4647558331489563,-0.0810287818312645,0.06698248535394669,-0.32749199867248535,-0.07468809932470322,0.05082443729043007,-0.2764934003353119,-0.049188077449798584,0.14067573845386505,-0.2733325660228729,-0.03787708654999733,0.15343132615089417,-0.3437621295452118,-0.07857512682676315,0.11121316254138947,-0.2535235583782196,-0.062479402869939804,0.09419216960668564,-0.21863402426242828,-0.038856640458106995
K,K_session_002,115,0.0,0.0,0.0,-0.054088909178972244,-0.1834251880645752,-0.03583502396941185,-0.056238479912281036,-0.40022045373916626,-0.04664506018161774,-0.019918061792850494,-0.586509644985199,-0.061078913509845734,0.012996514327824116,-0.7305421829223633,-0.070905402302742,-0.04043944180011749,-0.5110653638839722,0.0024799935054033995,-0.041863422840833664,-0.7352234721183777,-0.03456040471792221,-0.03813803568482399,-0.8735021948814392,-0.05503522604703903,-0.031602825969457626,-1.0,-0.06707167625427246,0.02870960161089897,-0.46944522857666016,-0.0076949503272771835,0.05918937176465988,-0.6851968169212341,-0.0569019578397274,0.0777241438627243,-0.8030678629875183,-0.08368400484323502,0.10836907476186752,-0.9403930902481079,-0.09277214854955673,0.0907721221446991,-0.3788844347000122,-0.025470323860645294,0.11581619083881378,-0.4648960828781128,-0.0889623612165451,0.06719090789556503,-0.3248526453971863,-0.07956252992153168,0.05285216495394707,-0.2709263265132904,-0.05256665498018265,0.14448127150535583,-0.26899683475494385,-0.04694652929902077,0.15246893465518951,-0.3404303193092346,-0.08738338947296143,0.11145956814289093,-0.2492205798625946,-0.0692097395658493,0.09749110043048859,-0.2127295285463333,-0.044133998453617096
K,K_session_002,116,0.0,0.0,0.0,-0.05509985238313675,-0.18452534079551697,-0.04040878638625145,-0.05926160886883736,-0.40585625171661377,-0.0505753755569458,-0.025307536125183105,-0.5970152020454407,-0.063605897128582,0.010578696615993977,-0.7428120374679565,-0.07178929448127747,-0.04560673609375954,-0.5137969851493835,0.00805018749088049,-0.04775412380695343,-0.7359603047370911,-0.027114128693938255,-0.04444620758295059,-0.8730021119117737,-0.0462556816637516,-0.0375421866774559,-1.0,-0.057256415486335754,0.023420926183462143,-0.4743191599845886,0.0010864813812077045,0.0525105744600296,-0.688186764717102,-0.04616960510611534,0.07146450132131577,-0.8039027452468872,-0.07210419327020645,0.10279154777526855,-0.9436740875244141,-0.0800328403711319,0.08522916585206985,-0.3863472044467926,-0.01479419693350792,0.11075755953788757,-0.4707477390766144,-0.0794605165719986,0.06336221098899841,-0.33075734972953796,-0.07372114807367325,0.05049566179513931,-0.2819982171058655,-0.048298340290784836,0.13928863406181335,-0.2808484137058258,-0.03458256646990776,0.14782682061195374,-0.3475158214569092,-0.0766005590558052,0.10716218501329422,-0.2552953362464905,-0.06171287223696709,0.09360240399837494,-0.22070972621440887,-0.038539014756679535
K,K_session_002,117,0.0,0.0,0.0,-0.05713125318288803,-0.19034342467784882,-0.03559756651520729,-0.06125876307487488,-0.4068993926048279,-0.04576963558793068,-0.025976525619626045,-0.5945059061050415,-0.05968228727579117,0.00635662442073226,-0.7394096255302429,-0.06924063712358475,-0.048481833189725876,-0.5120415687561035,0.005679909139871597,-0.05165298655629158,-0.7340234518051147,-0.029390783980488777,-0.04998968541622162,-0.87284255027771,-0.04865353927016258,-0.044332295656204224,-1.0,-0.060012441128492355,0.022148897871375084,-0.4725135862827301,-0.0043349373154342175,0.05315203219652176,-0.6902788281440735,-0.051409974694252014,0.07214060425758362,-0.8099375367164612,-0.07749824225902557,0.10365412384271622,-0.9476593136787415,-0.08643575012683868,0.0855628103017807,-0.3846917450428009,-0.022242845967411995,0.11260195821523666,-0.4701809883117676,-0.0859825536608696,0.0637921616435051,-0.3295673727989197,-0.07834213227033615,0.04856331646442413,-0.2744494080543518,-0.05243055894970894,0.14089366793632507,-0.27660050988197327,-0.04367342218756676,0.14902260899543762,-0.3485656678676605,-0.08491598069667816,0.10874074697494507,-0.2557060122489929,-0.06793304532766342,0.09493349492549896,-0.21748588979244232,-0.043782033026218414
K,K_session_002,118,0.0,0.0,0.0,-0.05918930843472481,-0.18643644452095032,-0.04455532878637314,-0.06647863239049911,-0.4057258367538452,-0.05359405279159546,-0.03317613899707794,-0.5973618626594543,-0.06445164978504181,-0.0037504099309444427,-0.7492469549179077,-0.07047710567712784,-0.06009628623723984,-0.5167702436447144,0.010254031978547573,-0.06660717725753784,-0.7338525652885437,-0.02288825251162052,-0.06529460102319717,-0.8707858324050903,-0.04067981243133545,-0.060728769749403,-1.0,-0.05075715854763985,0.011711401864886284,-0.4769752025604248,0.004964485298842192,0.04315031319856644,-0.6965176463127136,-0.040202926844358444,0.06128983944654465,-0.8114697933197021,-0.0650879293680191,0.09008289873600006,-0.9512043595314026,-0.0720553919672966,0.07584211230278015,-0.3897538483142853,-0.010171485133469105,0.10292083770036697,-0.47495946288108826,-0.07786442339420319,0.05479671061038971,-0.33269309997558594,-0.07505232095718384,0.038538526743650436,-0.28815218806266785,-0.05048597976565361,0.13277359306812286,-0.2846337854862213,-0.029175201430916786,0.1428006887435913,-0.35564857721328735,-0.07515878230333328,0.1014881357550621,-0.25933751463890076,-0.06214271858334541,0.08409187942743301,-0.2243027538061142,-0.03960912302136421
K,K_session_002,119,0.0,0.0,0.0,-0.060686372220516205,-0.18967518210411072,-0.042622122913599014,-0.07022412121295929,-0.4108896553516388,-0.053974129259586334,-0.0387277789413929,-0.6068357825279236,-0.06801426410675049,-0.006902037188410759,-0.7601092457771301,-0.07785182446241379,-0.06267891824245453,-0.5162089467048645,0.00755868386477232,-0.071784608066082,-0.7337589859962463,-0.026665983721613884,-0.0743820071220398,-0.8714630603790283,-0.04518243670463562,-0.07070696353912354,-1.0,-0.05592569336295128,0.01102347020059824,-0.4783354103565216,0.0010797128779813647,0.0407898873090744,-0.7017344236373901,-0.043780602514743805,0.05868135765194893,-0.8218407034873962,-0.0683601051568985,0.09058558940887451,-0.9626224637031555,-0.07612533867359161,0.07739529013633728,-0.39183852076530457,-0.014703279361128807,0.10433126240968704,-0.4831569194793701,-0.08018213510513306,0.05457145720720291,-0.3405701220035553,-0.07530215382575989,0.039849504828453064,-0.28579947352409363,-0.05048948526382446,0.13575060665607452,-0.2860293686389923,-0.03437172248959541,0.14372135698795319,-0.36209070682525635,-0.07837110012769699,0.10322050750255585,-0.2672484815120697,-0.0637393370270729,0.08902528882026672,-0.22691909968852997,-0.04067351669073105
K,K_session_002,120,0.0,0.0,0.0,-0.0621289499104023,-0.18094351887702942,-0.04513772204518318,-0.07514749467372894,-0.40146997570991516,-0.05493888258934021,-0.04576745629310608,-0.5943396091461182,-0.06601958721876144,-0.019124917685985565,-0.7485315203666687,-0.07202586531639099,-0.07579831033945084,-0.5224628448486328,0.0060310265980660915,-0.08926603198051453,-0.7344885468482971,-0.027772007510066032,-0.09139493107795715,-0.8707753419876099,-0.04594174772500992,-0.08880666643381119,-1.0,-0.05637415498495102,-0.0014079103711992502,-0.4880797863006592,0.0008217837894335389,0.0283285491168499,-0.7103227972984314,-0.043912649154663086,0.050894737243652344,-0.827625572681427,-0.06843786686658859,0.08322742581367493,-0.969946026802063,-0.075468048453331,0.06611031293869019,-0.40594401955604553,-0.014020086266100407,0.09478344023227692,-0.4850219786167145,-0.08060258626937866,0.05105656385421753,-0.34256842732429504,-0.07710518687963486,0.03567119687795639,-0.2986154854297638,-0.05269434675574303,0.1269652247428894,-0.30272331833839417,-0.032832689583301544,0.13787709176540375,-0.3694801926612854,-0.07755359262228012,0.10086074471473694,-0.27251988649368286,-0.06339442729949951,0.08476975560188293,-0.23899482190608978,-0.04037987440824509
K,K_session_002,121,0.0,0.0,0.0,-0.06479816883802414,-0.19154705107212067,-0.0465082973241806,-0.07662873715162277,-0.41196906566619873,-0.051914818584918976,-0.04538606107234955,-0.6076188683509827,-0.05805604159832001,-0.027107754722237587,-0.7663990259170532,-0.05925992503762245,-0.08686260133981705,-0.5270520448684692,0.01793665625154972,-0.10330481082201004,-0.737298846244812,-0.009731629863381386,-0.10907106101512909,-0.8720225095748901,-0.02576855570077896,-0.11025670915842056,-1.0,-0.035217102617025375,-0.009309763088822365,-0.49374765157699585,0.015101922675967216,0.02260436862707138,-0.7292797565460205,-0.024227716028690338,0.045154232531785965,-0.8497124314308167,-0.04889988526701927,0.07874095439910889,-0.9915874600410461,-0.055865440517663956,0.060109883546829224,-0.4086242616176605,0.0017821693327277899,0.08837641030550003,-0.4946925938129425,-0.06419146806001663,0.043406322598457336,-0.3493678867816925,-0.06568878144025803,0.028169823810458183,-0.30582284927368164,-0.04377879574894905,0.1222742572426796,-0.303384929895401,-0.015161802060902119,0.13138076663017273,-0.3799196183681488,-0.0609954297542572,0.091831736266613,-0.27912652492523193,-0.049247220158576965,0.07449248433113098,-0.24358372390270233,-0.027474818751215935
K,K_session_002,122,0.0,0.0,0.0,-0.06723619997501373,-0.18169191479682922,-0.05506511777639389,-0.08249783515930176,-0.40152645111083984,-0.06358963996171951,-0.05030534043908119,-0.6011009812355042,-0.07088790833950043,-0.03701411560177803,-0.7678783535957336,-0.07274995744228363,-0.09678289294242859,-0.5284519791603088,0.010312830097973347,-0.11750246584415436,-0.7366628050804138,-0.019206944853067398,-0.12558478116989136,-0.8708304166793823,-0.03553645685315132,-0.1293727308511734,-1.0,-0.04478049650788307,-0.017081264406442642,-0.4956405758857727,0.011141525581479073,0.012070360593497753,-0.7330315113067627,-0.027947235852479935,0.03341582417488098,-0.8491076827049255,-0.04963752254843712,0.06489347666501999,-0.990903377532959,-0.05393923446536064,0.054281629621982574,-0.4112190008163452,0.000302254717098549,0.07595179975032806,-0.49545034766197205,-0.0667467713356018,0.03303365409374237,-0.34900981187820435,-0.06770764291286469,0.019638873636722565,-0.3133341670036316,-0.04503791034221649,0.11756069213151932,-0.30794525146484375,-0.01488940417766571,0.12454694509506226,-0.38416486978530884,-0.06223072111606598,0.08642424643039703,-0.28250741958618164,-0.05070371553301811,0.0694383829832077,-0.2502847909927368,-0.028669249266386032
K,K_session_002,123,0.0,0.0,0.0,-0.06567572057247162,-0.1840975284576416,-0.05875370278954506,-0.08566877990961075,-0.4013884961605072,-0.07013696432113647,-0.05601001903414726,-0.6065448522567749,-0.07977130264043808,-0.04250509291887283,-0.7797116637229919,-0.08357996493577957,-0.10143665969371796,-0.5307958722114563,0.009067069739103317,-0.12724186480045319,-0.7365916967391968,-0.020514411851763725,-0.13836538791656494,-0.870919942855835,-0.03683581203222275,-0.14475396275520325,-1.0,-0.045987568795681,-0.021088041365146637,-0.5008054375648499,0.01208221260458231,0.005083048716187477,-0.7399635910987854,-0.026235051453113556,0.024339746683835983,-0.8553463220596313,-0.04713593050837517,0.05273366719484329,-0.9994027614593506,-0.05093599855899811,0.05263393372297287,-0.41801273822784424,0.002941013313829899,0.07255419343709946,-0.5056192874908447,-0.06346024572849274,0.031470995396375656,-0.3594111204147339,-0.06470294296741486,0.01895749382674694,-0.3268115222454071,-0.04250812530517578,0.11754750460386276,-0.3167361617088318,-0.010768587701022625,0.12378591299057007,-0.3973524868488312,-0.05696903169155121,0.08673548698425293,-0.2946578562259674,-0.04524684324860573,0.0716044157743454,-0.26257145404815674,-0.023308824747800827
K,K_session_002,124,0.0,0.0,0.0,-0.06570981442928314,-0.18113337457180023,-0.05985327064990997,-0.08668214827775955,-0.39221128821372986,-0.07179336994886398,-0.0574098639190197,-0.5959684252738953,-0.08149313926696777,-0.043950531631708145,-0.7703801393508911,-0.08574177324771881,-0.10327575355768204,-0.5298295021057129,0.007449111435562372,-0.13027693331241608,-0.7381818890571594,-0.02017069049179554,-0.14491821825504303,-0.8726450800895691,-0.036517202854156494,-0.15419241786003113,-1.0,-0.046589259058237076,-0.02217276580631733,-0.5040810108184814,0.011541983112692833,0.0006284172995947301,-0.7416884899139404,-0.02427222579717636,0.019150150939822197,-0.8586360216140747,-0.04522963985800743,0.04820425808429718,-0.9959571957588196,-0.05007186532020569,0.05186862871050835,-0.4209313690662384,0.00367099535651505,0.07229485362768173,-0.5093074440956116,-0.059770502150058746,0.030072377994656563,-0.3643818199634552,-0.062067821621894836,0.015800751745700836,-0.3267255425453186,-0.041857197880744934,0.11714990437030792,-0.31889814138412476,-0.008929110132157803,0.12389633804559708,-0.40105122327804565,-0.05520037189126015,0.08601561933755875,-0.29911842942237854,-0.045546285808086395,0.0680098831653595,-0.26409438252449036,-0.025487955659627914
K,K_session_002,125,0.0,0.0,0.0,-0.0658542662858963,-0.17360958456993103,-0.062285132706165314,-0.08851806074380875,-0.38408297300338745,-0.07683966308832169,-0.06021452695131302,-0.5881062150001526,-0.08900671452283859,-0.04865710437297821,-0.7672748565673828,-0.09539122134447098,-0.10493221879005432,-0.5278374552726746,0.004173732828348875,-0.13668759167194366,-0.7339877486228943,-0.025069547817111015,-0.15406909584999084,-0.8670123219490051,-0.04091046750545502,-0.1661376804113388,-0.9938903450965881,-0.05028962343931198,-0.02355162613093853,-0.5040278434753418,0.008867785334587097,-0.0028116917237639427,-0.7433009147644043,-0.028479132801294327,0.013957252725958824,-0.8584897518157959,-0.04800828918814659,0.04100903496146202,-1.0,-0.05140123888850212,0.05082084983587265,-0.42306065559387207,0.0011792551958933473,0.06744426488876343,-0.5143095850944519,-0.063454769551754,0.02792268432676792,-0.3646322786808014,-0.06328978389501572,0.016335396096110344,-0.3292900025844574,-0.04114873334765434,0.11701393127441406,-0.32443079352378845,-0.011534422636032104,0.12057191878557205,-0.4089510440826416,-0.05796358361840248,0.08481816202402115,-0.3026483654975891,-0.04696396365761757,0.06970351189374924,-0.26817774772644043,-0.025998273864388466
K,K_session_002,126,0.0,0.0,0.0,-0.0682685375213623,-0.16904401779174805,-0.059255823493003845,-0.09405934810638428,-0.3772842288017273,-0.07444290816783905,-0.06589163839817047,-0.5794889330863953,-0.08828193694353104,-0.05766778439283371,-0.7558788657188416,-0.09654797613620758,-0.11014946550130844,-0.5285559892654419,0.0023176067043095827,-0.1454019397497177,-0.7323267459869385,-0.030523262917995453,-0.16436626017093658,-0.8643136024475098,-0.048214785754680634,-0.1783522367477417,-0.991169810295105,-0.05834543704986572,-0.028109576553106308,-0.5067353844642639,0.003706373507156968,-0.01233796775341034,-0.7445789575576782,-0.036282069981098175,0.0025322483852505684,-0.856641948223114,-0.05585279315710068,0.027362577617168427,-1.0,-0.05900900438427925,0.047286614775657654,-0.42844441533088684,-0.007014600094407797,0.06146739795804024,-0.521122395992279,-0.07354924082756042,0.024572815746068954,-0.3665982484817505,-0.07082008570432663,0.01511495839804411,-0.326547771692276,-0.04649657756090164,0.11476050317287445,-0.32854723930358887,-0.022722778841853142,0.11635704338550568,-0.4117586314678192,-0.06959176063537598,0.08271807432174683,-0.3030705749988556,-0.056406378746032715,0.0692858174443245,-0.26504281163215637,-0.03355751931667328
K,K_session_002,127,0.0,0.0,0.0,-0.0739193707704544,-0.1677916944026947,-0.05821399390697479,-0.10397487878799438,-0.37687888741493225,-0.07160308212041855,-0.07991305738687515,-0.5823764801025391,-0.0836331695318222,-0.073741115629673,-0.7591350078582764,-0.09015512466430664,-0.12165352702140808,-0.5276435017585754,0.0021863000001758337,-0.16082680225372314,-0.736153244972229,-0.03050302341580391,-0.18235944211483002,-0.8686161637306213,-0.04916241765022278,-0.19973239302635193,-0.9959225654602051,-0.060412365943193436,-0.03890947625041008,-0.508869469165802,0.00310280523262918,-0.028387943282723427,-0.7468634843826294,-0.03738280013203621,-0.01617790013551712,-0.8608784675598145,-0.05887124687433243,0.00581348454579711,-1.0,-0.06369228661060333,0.03733618184924126,-0.4320653975009918,-0.007707721088081598,0.0512973889708519,-0.5192333459854126,-0.0740479826927185,0.01570732891559601,-0.3674565851688385,-0.07280440628528595,0.00559235829859972,-0.3268946707248688,-0.04989728331565857,0.10608721524477005,-0.3326975107192993,-0.023466750979423523,0.10908851772546768,-0.41347798705101013,-0.07111478596925735,0.07630908489227295,-0.30503344535827637,-0.05920175462961197,0.062355443835258484,-0.26607877016067505,-0.03732343018054962
K,K_session_002,128,0.0,0.0,0.0,-0.0743284747004509,-0.16012288630008698,-0.062375474721193314,-0.1083407774567604,-0.37114495038986206,-0.07892358303070068,-0.08645835518836975,-0.5792887806892395,-0.09327734261751175,-0.08131100982427597,-0.7599735856056213,-0.10159315913915634,-0.1253521591424942,-0.5246952176094055,-0.005189094692468643,-0.16778698563575745,-0.7327031493186951,-0.04033776372671127,-0.19194896519184113,-0.8661403059959412,-0.0578007809817791,-0.2105598896741867,-0.9952852129936218,-0.06757941097021103,-0.04259612038731575,-0.5080075860023499,-0.002493845531716943,-0.03423032537102699,-0.7428427338600159,-0.04536588490009308,-0.024563945829868317,-0.8534727096557617,-0.06451588124036789,-0.004863104782998562,-1.0,-0.06702832877635956,0.03465843200683594,-0.43565040826797485,-0.011942179873585701,0.04586529731750488,-0.521104633808136,-0.07997505366802216,0.012625754810869694,-0.3641839325428009,-0.0760958269238472,0.003939122427254915,-0.33196690678596497,-0.051303815096616745,0.10523250699043274,-0.34340032935142517,-0.026742612943053246,0.10442876070737839,-0.41997620463371277,-0.0750652402639389,0.07328309118747711,-0.3063238859176636,-0.06227712333202362,0.06113540008664131,-0.2727435827255249,-0.03987677022814751
K,K_session_002,129,0.0,0.0,0.0,-0.07677441090345383,-0.15668606758117676,-0.0634007602930069,-0.11083637923002243,-0.3691754639148712,-0.07922083884477615,-0.09195496141910553,-0.5764357447624207,-0.09240485727787018,-0.09138414263725281,-0.7553051114082336,-0.09957148134708405,-0.12767651677131653,-0.5227139592170715,-0.007630522828549147,-0.1714676171541214,-0.734684407711029,-0.042492348700761795,-0.19767634570598602,-0.8702985048294067,-0.06049858033657074,-0.21778258681297302,-1.0,-0.07098270952701569,-0.04473274201154709,-0.5082342624664307,-0.004035346210002899,-0.03882965072989464,-0.7413394451141357,-0.04673426225781441,-0.031423039734363556,-0.8537681698799133,-0.06695724278688431,-0.012659202329814434,-0.9989977478981018,-0.07072077691555023,0.03261442855000496,-0.4382268488407135,-0.01235151570290327,0.042497485876083374,-0.5223437547683716,-0.07950271666049957,0.009091847576200962,-0.3693678677082062,-0.07672764360904694,0.0008337756735272706,-0.33731532096862793,-0.05334712564945221,0.10323794186115265,-0.3488377332687378,-0.026214126497507095,0.10064002126455307,-0.4230002462863922,-0.07459098845720291,0.06955651938915253,-0.31147369742393494,-0.06306615471839905,0.0587741881608963,-0.27835941314697266,-0.041849538683891296
K,K_session_002,130,0.0,0.0,0.0,-0.07828152179718018,-0.15520985424518585,-0.06682262569665909,-0.11335013806819916,-0.3700222373008728,-0.0836162269115448,-0.09326548874378204,-0.5792841911315918,-0.09699305146932602,-0.09487246721982956,-0.7613136768341064,-0.10410001873970032,-0.13257545232772827,-0.5228569507598877,-0.009425211697816849,-0.176321879029274,-0.7327713370323181,-0.04424844682216644,-0.20191587507724762,-0.8694539666175842,-0.06033898517489433,-0.2219364494085312,-1.0,-0.06873810291290283,-0.0492786206305027,-0.507432758808136,-0.003954085987061262,-0.04389356076717377,-0.7406629920005798,-0.04563160985708237,-0.03665469214320183,-0.848019003868103,-0.062276337295770645,-0.019051851704716682,-0.9956986308097839,-0.06273643672466278,0.02798868715763092,-0.43844330310821533,-0.011162674985826015,0.03981715813279152,-0.5208463072776794,-0.07894546538591385,0.006712499540299177,-0.3641638457775116,-0.07548510283231735,-0.0023404890671372414,-0.3378533720970154,-0.051003992557525635,0.09895971417427063,-0.35241609811782837,-0.02417948469519615,0.09842714667320251,-0.4230634272098541,-0.07331513613462448,0.06819882988929749,-0.3085136413574219,-0.062476206570863724,0.05728274583816528,-0.2786291241645813,-0.041439831256866455
K,K_session_002,131,0.0,0.0,0.0,-0.07646708935499191,-0.1526901125907898,-0.06495769321918488,-0.11236880719661713,-0.36276739835739136,-0.0835038349032402,-0.0933532640337944,-0.567440927028656,-0.09881394356489182,-0.09459840506315231,-0.7452840805053711,-0.10780992358922958,-0.1307372748851776,-0.5235850214958191,-0.014461452141404152,-0.17247283458709717,-0.7335387468338013,-0.0519433468580246,-0.1977332979440689,-0.8699342012405396,-0.0706096962094307,-0.21842734515666962,-1.0,-0.0812876969575882,-0.0489363931119442,-0.5080183744430542,-0.011017665266990662,-0.04246104508638382,-0.7408742904663086,-0.055120229721069336,-0.03475151211023331,-0.8461865782737732,-0.07303844392299652,-0.01799890398979187,-0.9917563796043396,-0.07495396584272385,0.028388401493430138,-0.43815115094184875,-0.019577212631702423,0.03912267088890076,-0.5174239277839661,-0.08801154792308807,0.00663062883540988,-0.36373040080070496,-0.08421128243207932,-0.002568306867033243,-0.33832427859306335,-0.060341447591781616,0.0992080569267273,-0.34900474548339844,-0.033798664808273315,0.10017780214548111,-0.4175078570842743,-0.08366681635379791,0.06942961364984512,-0.3060855269432068,-0.07255078107118607,0.05652677267789841,-0.2779633104801178,-0.05175202712416649
K,K_session_002,132,0.0,0.0,0.0,-0.07376553863286972,-0.152940034866333,-0.06734877824783325,-0.10823492705821991,-0.3607252240180969,-0.08753325045108795,-0.08801183104515076,-0.5660897493362427,-0.10427577793598175,-0.08391105383634567,-0.7433868646621704,-0.11477812379598618,-0.12219192087650299,-0.5269119143486023,-0.015811491757631302,-0.16027577221393585,-0.7360392212867737,-0.05626184493303299,-0.18441544473171234,-0.8707334995269775,-0.07659780234098434,-0.20298068225383759,-1.0,-0.08790083229541779,-0.040749069303274155,-0.5048548579216003,-0.011289256624877453,-0.033585820347070694,-0.733579695224762,-0.058047596365213394,-0.028431257233023643,-0.8308980464935303,-0.07607132941484451,-0.012162690982222557,-0.9770694375038147,-0.07745308429002762,0.035016659647226334,-0.4314645230770111,-0.019271479919552803,0.04402441158890724,-0.5146980881690979,-0.09053728729486465,0.00853332132101059,-0.3578076660633087,-0.08647335320711136,0.0006884328322485089,-0.3321075141429901,-0.06153133884072304,0.10351458936929703,-0.33978500962257385,-0.03306715562939644,0.10372312366962433,-0.4109239876270294,-0.0850481241941452,0.07004614919424057,-0.2975909411907196,-0.07431624084711075,0.057294294238090515,-0.2672746181488037,-0.05308065563440323
K,K_session_002,133,0.0,0.0,0.0,-0.07142262160778046,-0.156060129404068,-0.05769476294517517,-0.10299166291952133,-0.35915297269821167,-0.07539628446102142,-0.08260490745306015,-0.5577508211135864,-0.09142187237739563,-0.07842247188091278,-0.7294781804084778,-0.10183820128440857,-0.11118617653846741,-0.5215643644332886,-0.01235534343868494,-0.1459241509437561,-0.7357785701751709,-0.05034389719367027,-0.1676185131072998,-0.8713498115539551,-0.07090656459331512,-0.18353135883808136,-1.0,-0.08307293057441711,-0.03108540177345276,-0.49718156456947327,-0.011853698641061783,-0.020194049924612045,-0.7217696905136108,-0.05764157697558403,-0.013187672942876816,-0.8279944062232971,-0.07879909127950668,0.00547642819583416,-0.9670571684837341,-0.08383088558912277,0.04307319596409798,-0.42083677649497986,-0.02194453962147236,0.05257941409945488,-0.50046306848526,-0.08911043405532837,0.016053926199674606,-0.35044312477111816,-0.08493348956108093,0.007796231657266617,-0.3143593668937683,-0.06147624924778938,0.1084742397069931,-0.3249107599258423,-0.03695913404226303,0.10704120993614197,-0.39760127663612366,-0.08441422134637833,0.07301537692546844,-0.2911081910133362,-0.07136479765176773,0.06066955626010895,-0.2582322955131531,-0.049582645297050476
K,K_session_002,134,0.0,0.0,0.0,-0.06578854471445084,-0.1634795218706131,-0.05694017931818962,-0.09115424752235413,-0.3682919144630432,-0.0744718387722969,-0.06586512923240662,-0.5635166764259338,-0.09021241217851639,-0.05856713652610779,-0.7316344976425171,-0.10048472881317139,-0.09766368567943573,-0.520753800868988,-0.01211571041494608,-0.1261051893234253,-0.7345763444900513,-0.04996968433260918,-0.1432931125164032,-0.8708066940307617,-0.07091955840587616,-0.15557803213596344,-1.0,-0.0832967758178711,-0.019932840019464493,-0.4917588233947754,-0.011005925945937634,-0.002424479927867651,-0.713987410068512,-0.05439489334821701,0.009415585547685623,-0.8155823349952698,-0.07344215363264084,0.03287787362933159,-0.9531884789466858,-0.07733902335166931,0.05169842019677162,-0.4142262041568756,-0.020515669137239456,0.062271371483802795,-0.4915482997894287,-0.08448104560375214,0.02284613810479641,-0.35017308592796326,-0.07973597943782806,0.014646731317043304,-0.31986626982688904,-0.05698561668395996,0.11477263271808624,-0.31900498270988464,-0.0351141132414341,0.1149904802441597,-0.3862245976924896,-0.08026126027107239,0.07841423153877258,-0.2859579920768738,-0.06720656901597977,0.06622349470853806,-0.2586500346660614,-0.04606775939464569
K,K_session_002,135,0.0,0.0,0.0,-0.06444453448057175,-0.1694769710302353,-0.050730977207422256,-0.0851936936378479,-0.3753771483898163,-0.06483541429042816,-0.05688353255391121,-0.5679133534431458,-0.07850785553455353,-0.04354716092348099,-0.7307236790657043,-0.08705351501703262,-0.08841833472251892,-0.5162352323532104,-0.005224516149610281,-0.1128232479095459,-0.7330452799797058,-0.04070357233285904,-0.1265069544315338,-0.8708727955818176,-0.06196098402142525,-0.13531038165092468,-1.0,-0.07525788992643356,-0.012173028662800789,-0.48582515120506287,-0.0065561640076339245,0.008397402241826057,-0.7011449337005615,-0.04955428093671799,0.021547645330429077,-0.8074766397476196,-0.07229606807231903,0.04700649529695511,-0.94066321849823,-0.07953198254108429,0.057056840509176254,-0.4059073030948639,-0.01750335283577442,0.07089075446128845,-0.48457443714141846,-0.07992967963218689,0.028231266885995865,-0.34628763794898987,-0.0762113705277443,0.018001655116677284,-0.30695733428001404,-0.05451039597392082,0.11774849891662598,-0.30739566683769226,-0.03302701562643051,0.11983922868967056,-0.373822957277298,-0.07707715779542923,0.08185964077711105,-0.2790409028530121,-0.06416205316781998,0.06876806914806366,-0.24920038878917694,-0.043075285851955414
K,K_session_002,136,0.0,0.0,0.0,-0.05929125100374222,-0.17591749131679535,-0.05111514776945114,-0.07616496831178665,-0.3831869959831238,-0.06479520350694656,-0.04866902530193329,-0.5744192004203796,-0.07810710370540619,-0.03462176397442818,-0.7370864748954773,-0.08613543957471848,-0.08215240389108658,-0.5214936137199402,-0.0013992059975862503,-0.10338858515024185,-0.7363312840461731,-0.03511999547481537,-0.11496224999427795,-0.8728205561637878,-0.05528363212943077,-0.12175840139389038,-1.0,-0.0675124078989029,-0.005938723683357239,-0.48698973655700684,-0.0016872823471203446,0.01984523795545101,-0.7026311159133911,-0.04316864162683487,0.03579825535416603,-0.8096104860305786,-0.06559184193611145,0.06327082961797714,-0.9414286613464355,-0.07228895276784897,0.06279196590185165,-0.4039703905582428,-0.01188470795750618,0.07870543748140335,-0.48523426055908203,-0.07407047599554062,0.03431222587823868,-0.348897248506546,-0.07190703600645065,0.022743597626686096,-0.3080103099346161,-0.050630562007427216,0.12241953611373901,-0.3038797378540039,-0.026457184925675392,0.12719057500362396,-0.3761337995529175,-0.06969310343265533,0.08775948733091354,-0.28338882327079773,-0.05716796964406967,0.07386285811662674,-0.2505802512168884,-0.03609653189778328
K,K_session_002,137,0.0,0.0,0.0,-0.05881895869970322,-0.1771719753742218,-0.04543117433786392,-0.07173767685890198,-0.38612470030784607,-0.05884931981563568,-0.040528323501348495,-0.5713474750518799,-0.07283994555473328,-0.02491375058889389,-0.7245417237281799,-0.08185955137014389,-0.07490027695894241,-0.5173662900924683,-0.008057097904384136,-0.0927482321858406,-0.7337158918380737,-0.04490450397133827,-0.10216186940670013,-0.8716296553611755,-0.06813137233257294,-0.10718309134244919,-1.0,-0.08317308872938156,-0.00011463737610029057,-0.4819152057170868,-0.01225318294018507,0.027981681749224663,-0.692690908908844,-0.05832235887646675,0.0474124476313591,-0.8053892254829407,-0.0845089927315712,0.07832121849060059,-0.9366975426673889,-0.09479797631502151,0.06710690259933472,-0.3989708721637726,-0.024558639153838158,0.0855235829949379,-0.4784008264541626,-0.08608624339103699,0.04086189344525337,-0.3491014838218689,-0.08036370575428009,0.02754274383187294,-0.3011714518070221,-0.0579744316637516,0.1254304051399231,-0.29766833782196045,-0.04120239242911339,0.13150565326213837,-0.3708192706108093,-0.08333680033683777,0.09324279427528381,-0.28345417976379395,-0.06800848245620728,0.07896250486373901,-0.2480868697166443,-0.04549175873398781
K,K_session_002,138,0.0,0.0,0.0,-0.05694357305765152,-0.17145214974880219,-0.04878804460167885,-0.06938745826482773,-0.3810912072658539,-0.06282428652048111,-0.03749420493841171,-0.5686199069023132,-0.07688059657812119,-0.019808990880846977,-0.7259947657585144,-0.08571286499500275,-0.07136405259370804,-0.5265548229217529,-0.006910011172294617,-0.08595453202724457,-0.7386714220046997,-0.04307513311505318,-0.09380485862493515,-0.8732600212097168,-0.06428787112236023,-0.09686156362295151,-1.0,-0.0777098760008812,0.0041737863793969154,-0.48544082045555115,-0.010069239884614944,0.03406655415892601,-0.6931713819503784,-0.05512739345431328,0.05335017293691635,-0.7983970046043396,-0.0791991800069809,0.08589032292366028,-0.9289297461509705,-0.08739524334669113,0.07025068998336792,-0.39554211497306824,-0.022193649783730507,0.08626851439476013,-0.4720902144908905,-0.08415134996175766,0.04122523218393326,-0.3414824306964874,-0.07762023061513901,0.03139954060316086,-0.30459707975387573,-0.054301001131534576,0.12674319744110107,-0.2887459099292755,-0.038916703313589096,0.13076254725456238,-0.3618171513080597,-0.08125314861536026,0.09308631718158722,-0.2730397582054138,-0.06547493487596512,0.08203688263893127,-0.24326816201210022,-0.042540062218904495
K,K_session_002,139,0.0,0.0,0.0,-0.05650341883301735,-0.18021875619888306,-0.04753159359097481,-0.06608045846223831,-0.3920230567455292,-0.05925436690449715,-0.03106285259127617,-0.578937828540802,-0.07108131796121597,-0.013181209564208984,-0.7355141639709473,-0.0778142586350441,-0.06749456375837326,-0.5302122831344604,-0.0014342491049319506,-0.07934755086898804,-0.7414032220840454,-0.035090185701847076,-0.08450521528720856,-0.8752941489219666,-0.05618815869092941,-0.08511538803577423,-1.0,-0.06965207308530807,0.007592359557747841,-0.4867825508117676,-0.003947013523429632,0.04054168611764908,-0.6912320852279663,-0.04588816687464714,0.06139480322599411,-0.7960080504417419,-0.07008957862854004,0.09484095871448517,-0.9229521751403809,-0.07903870195150375,0.0725911557674408,-0.39673230051994324,-0.015598161146044731,0.09051961451768875,-0.46976238489151,-0.07601291686296463,0.044615935534238815,-0.34453192353248596,-0.0722096785902977,0.033421870321035385,-0.3068122863769531,-0.05109357088804245,0.1276799440383911,-0.29109060764312744,-0.0316804014146328,0.13304844498634338,-0.36091092228889465,-0.07363424450159073,0.09378447383642197,-0.2751772701740265,-0.05964817479252815,0.08117823302745819,-0.24494528770446777,-0.03818673640489578
K,K_session_002,140,0.0,0.0,0.0,-0.05786249041557312,-0.17283932864665985,-0.048511192202568054,-0.06769385933876038,-0.3819897770881653,-0.06263766437768936,-0.03263644874095917,-0.5653344988822937,-0.07656843215227127,-0.012082637287676334,-0.7186751365661621,-0.08516033738851547,-0.06411707401275635,-0.5291275978088379,-0.00809337105602026,-0.07347297668457031,-0.7402408123016357,-0.045212533324956894,-0.07776673883199692,-0.8736990094184875,-0.0677371546626091,-0.0766867846250534,-1.0,-0.08211563527584076,0.010778066702187061,-0.4847901463508606,-0.01094880886375904,0.046487852931022644,-0.6927711963653564,-0.05638515576720238,0.06718724220991135,-0.7953712940216064,-0.08085597306489944,0.10352510213851929,-0.9238400459289551,-0.08977027982473373,0.07503173500299454,-0.3944762349128723,-0.02269342727959156,0.0926748663187027,-0.46734946966171265,-0.08434239774942398,0.04432811960577965,-0.3413754105567932,-0.07818035036325455,0.03535684198141098,-0.30693620443344116,-0.05567356199026108,0.1294640749692917,-0.2891668677330017,-0.039117973297834396,0.13275322318077087,-0.35502946376800537,-0.08144402503967285,0.09266148507595062,-0.2693682312965393,-0.06649843603372574,0.08233670145273209,-0.24227643013000488,-0.044564321637153625
K,K_session_002,141,0.0,0.0,0.0,-0.05614817887544632,-0.1717122346162796,-0.050707198679447174,-0.06459373235702515,-0.3784467279911041,-0.0652642771601677,-0.028596824035048485,-0.559585452079773,-0.07904504239559174,-0.008922652341425419,-0.7158174514770508,-0.08712946623563766,-0.06214737519621849,-0.5286300182342529,-0.00690365070477128,-0.0696173906326294,-0.7396534085273743,-0.04318708926439285,-0.07197702676057816,-0.8731852769851685,-0.06469188630580902,-0.06870391219854355,-1.0,-0.07810956239700317,0.01187985297292471,-0.48179593682289124,-0.008215188048779964,0.049086738377809525,-0.6890643239021301,-0.05362138897180557,0.07117456942796707,-0.7896668910980225,-0.07771548628807068,0.10787008702754974,-0.9165917038917542,-0.08585957437753677,0.0754791647195816,-0.3904363512992859,-0.018848257139325142,0.09501802176237106,-0.46761012077331543,-0.08108468353748322,0.046433910727500916,-0.3396660387516022,-0.07508252561092377,0.035725224763154984,-0.3056778907775879,-0.05219268426299095,0.12951946258544922,-0.2853154242038727,-0.034219834953546524,0.1341259777545929,-0.3551088571548462,-0.07670827955007553,0.09456119686365128,-0.2672949433326721,-0.06183657422661781,0.08360862731933594,-0.2406238466501236,-0.03970888629555702
K,K_session_002,142,0.0,0.0,0.0,-0.056900374591350555,-0.17484326660633087,-0.05088357999920845,-0.06617123633623123,-0.38066425919532776,-0.06493236869573593,-0.02999025769531727,-0.5626393556594849,-0.07828205823898315,-0.008547878824174404,-0.718526303768158,-0.08583400398492813,-0.061833884567022324,-0.5282727479934692,-0.0031186011619865894,-0.0690547525882721,-0.7395280599594116,-0.0389573760330677,-0.07124783098697662,-0.8729400038719177,-0.060754332691431046,-0.06835643947124481,-1.0,-0.07427215576171875,0.012287674471735954,-0.4803038537502289,-0.003914264030754566,0.04965326562523842,-0.6882843375205994,-0.04907903075218201,0.07207611948251724,-0.7894864082336426,-0.0735446959733963,0.10818607360124588,-0.9168859124183655,-0.08172342926263809,0.07569171488285065,-0.38862279057502747,-0.014367618598043919,0.09380555897951126,-0.4663526117801666,-0.07715115696191788,0.046481288969516754,-0.336567223072052,-0.07191773504018784,0.03674529492855072,-0.30107933282852173,-0.04899688437581062,0.12916716933250427,-0.2840825915336609,-0.029508158564567566,0.13348719477653503,-0.3528658449649811,-0.07192172855138779,0.09362275898456573,-0.2639698386192322,-0.057233795523643494,0.08233584463596344,-0.23675568401813507,-0.03506512939929962
K,K_session_002,143,0.0,0.0,0.0,-0.05552120506763458,-0.1744036227464676,-0.050961289554834366,-0.06367594748735428,-0.38179945945739746,-0.06527154892683029,-0.026296420022845268,-0.5634544491767883,-0.07880841940641403,-0.006914300844073296,-0.7203404903411865,-0.08645066618919373,-0.059682153165340424,-0.5281572341918945,-0.0051382542587816715,-0.0673094168305397,-0.7385563850402832,-0.04146183654665947,-0.06971362233161926,-0.8725576400756836,-0.06327783316373825,-0.06691555678844452,-1.0,-0.07682780921459198,0.014287959784269333,-0.4813661277294159,-0.006111067719757557,0.05087592452764511,-0.6884926557540894,-0.0514170341193676,0.07354690879583359,-0.7894874811172485,-0.07520975917577744,0.11032752692699432,-0.9177579283714294,-0.0829472541809082,0.07778278738260269,-0.38991665840148926,-0.016674010083079338,0.0953894779086113,-0.46698716282844543,-0.07863330096006393,0.04939864203333855,-0.3388875424861908,-0.07200571149587631,0.040946975350379944,-0.30460965633392334,-0.04847078397870064,0.13122518360614777,-0.28554925322532654,-0.03209954500198364,0.13551746308803558,-0.35435745120048523,-0.07336807250976562,0.0969766229391098,-0.26758450269699097,-0.057679183781147,0.08749480545520782,-0.2417469173669815,-0.035078227519989014
K,K_session_002,144,0.0,0.0,0.0,-0.0570409893989563,-0.1728389710187912,-0.04821743443608284,-0.06660662591457367,-0.37981781363487244,-0.06300438940525055,-0.0291020255535841,-0.5616796016693115,-0.07786548882722855,-0.009034482762217522,-0.7191939353942871,-0.08685176074504852,-0.061316363513469696,-0.5214946866035461,-0.005906654056161642,-0.07193174958229065,-0.7359657883644104,-0.042581114917993546,-0.07568643242120743,-0.8719176054000854,-0.06358970701694489,-0.07425543665885925,-1.0,-0.07656954228878021,0.012066952884197235,-0.47735822200775146,-0.008739263750612736,0.04807449132204056,-0.6868615746498108,-0.05473003536462784,0.07005084306001663,-0.7893927693367004,-0.07791345566511154,0.10625222325325012,-0.9187265038490295,-0.08516739308834076,0.07444649189710617,-0.3889244794845581,-0.02081451378762722,0.09368322789669037,-0.4679282009601593,-0.08261604607105255,0.046599049121141434,-0.3365101218223572,-0.07420307397842407,0.03702504560351372,-0.2996630370616913,-0.049520861357450485,0.12830021977424622,-0.2868458330631256,-0.03764785826206207,0.1336839199066162,-0.3548327088356018,-0.07900683581829071,0.0942033976316452,-0.2655046880245209,-0.0629153847694397,0.08294546604156494,-0.23826371133327484,-0.04002238065004349
K,K_session_002,145,0.0,0.0,0.0,-0.05909765884280205,-0.17397287487983704,-0.049502186477184296,-0.06881340593099594,-0.378808856010437,-0.06289242208003998,-0.03114992566406727,-0.5610237717628479,-0.0760953351855278,-0.012360543943941593,-0.7186553478240967,-0.08341307193040848,-0.06525539606809616,-0.5152403712272644,-0.00167824886739254,-0.07922227680683136,-0.7345575094223022,-0.03466091305017471,-0.08585688471794128,-0.8725048303604126,-0.05347149819135666,-0.08701412379741669,-1.0,-0.06504679471254349,0.009154858998954296,-0.47386759519577026,-0.0027077198028564453,0.04285228252410889,-0.686968982219696,-0.04605218768119812,0.06444594264030457,-0.7957509160041809,-0.06931690871715546,0.10012945532798767,-0.9233654141426086,-0.07659072428941727,0.07232093811035156,-0.3876793384552002,-0.013243306428194046,0.09160902351140976,-0.4672626852989197,-0.07401860505342484,0.044607095420360565,-0.335443913936615,-0.06805217266082764,0.03425482288002968,-0.29500722885131836,-0.04464602842926979,0.1267056167125702,-0.28855377435684204,-0.028484098613262177,0.13139589130878448,-0.3568897843360901,-0.06978410482406616,0.09275229275226593,-0.26642823219299316,-0.05529354512691498,0.08211738616228104,-0.2367822676897049,-0.033303190022706985
K,K_session_002,146,0.0,0.0,0.0,-0.06194736808538437,-0.17372465133666992,-0.04644780606031418,-0.07587385922670364,-0.37782496213912964,-0.059348590672016144,-0.03986859694123268,-0.5596659779548645,-0.07256725430488586,-0.02032206393778324,-0.7125297784805298,-0.07996144145727158,-0.07164415717124939,-0.5155406594276428,-0.0022829140070825815,-0.09121368080377579,-0.7365270853042603,-0.03440237045288086,-0.10122078657150269,-0.8734449148178101,-0.051619548350572586,-0.10608191788196564,-1.0,-0.06204914674162865,0.0038076352793723345,-0.47962695360183716,-0.004890860989689827,0.03632477670907974,-0.6963014602661133,-0.047460682690143585,0.056058209389448166,-0.8052436113357544,-0.06930886954069138,0.08890264481306076,-0.9335479140281677,-0.07536238431930542,0.06870629638433456,-0.3954438269138336,-0.016477810218930244,0.08616530150175095,-0.47201770544052124,-0.07736765593290329,0.039847735315561295,-0.3363786041736603,-0.07109536230564117,0.03001355193555355,-0.2947062849998474,-0.04710148647427559,0.12481401860713959,-0.2945810854434967,-0.03227762132883072,0.1277150958776474,-0.3623228371143341,-0.07318373024463654,0.08917070180177689,-0.2697697579860687,-0.05786289647221565,0.07896042615175247,-0.23920468986034393,-0.03515781834721565
K,K_session_002,147,0.0,0.0,0.0,-0.06354368478059769,-0.17188094556331635,-0.049927275627851486,-0.08051211386919022,-0.3738698363304138,-0.06340108811855316,-0.045357588678598404,-0.555684506893158,-0.0763060599565506,-0.030541332438588142,-0.7131948471069336,-0.08296096324920654,-0.07972077280282974,-0.5233525037765503,-0.003495349083095789,-0.10317248106002808,-0.7380178570747375,-0.03689636290073395,-0.11607116460800171,-0.8732760548591614,-0.05530794709920883,-0.12410628795623779,-1.0,-0.0665479302406311,-0.003793679177761078,-0.48749059438705444,-0.004652886651456356,0.02491619624197483,-0.7014080286026001,-0.04748424515128136,0.04290046915411949,-0.8065811991691589,-0.0690673217177391,0.07367923855781555,-0.9375426769256592,-0.07487314194440842,0.06243835762143135,-0.40246063470840454,-0.015522588975727558,0.08169487118721008,-0.475913941860199,-0.07766241580247879,0.03559041768312454,-0.33839794993400574,-0.07222897559404373,0.024483848363161087,-0.3020029067993164,-0.04875356703996658,0.12010529637336731,-0.30013352632522583,-0.030965454876422882,0.12638692557811737,-0.36529481410980225,-0.07403554767370224,0.08808352053165436,-0.27311405539512634,-0.0604165680706501,0.07646646350622177,-0.24697791039943695,-0.038657985627651215
K,K_session_002,148,0.0,0.0,0.0,-0.06408699601888657,-0.16891635954380035,-0.05245814099907875,-0.0824323296546936,-0.3747890293598175,-0.06757938861846924,-0.047808218747377396,-0.5601124167442322,-0.0819348692893982,-0.029548930004239082,-0.7168129682540894,-0.09001906216144562,-0.08225863426923752,-0.5249210596084595,-0.006593598984181881,-0.10793668776750565,-0.7393761873245239,-0.04149020090699196,-0.12236500531435013,-0.8741416335105896,-0.05961579829454422,-0.13137929141521454,-1.0,-0.0703531950712204,-0.005571689922362566,-0.4897179901599884,-0.007214126642793417,0.02169013023376465,-0.704950749874115,-0.05125153437256813,0.03780251368880272,-0.8085966110229492,-0.07157842814922333,0.06741486489772797,-0.9423161149024963,-0.07617490738630295,0.061983559280633926,-0.40505751967430115,-0.01800677180290222,0.07974366843700409,-0.4787940979003906,-0.08153436332941055,0.0353718139231205,-0.3413870334625244,-0.07593010365962982,0.02657700702548027,-0.3105286955833435,-0.05215782672166824,0.1210235208272934,-0.3033762574195862,-0.033591046929359436,0.12710757553577423,-0.36898699402809143,-0.07733295112848282,0.08918071538209915,-0.2769128978252411,-0.06404851377010345,0.0780138149857521,-0.25305789709091187,-0.0426686555147171
K,K_session_002,149,0.0,0.0,0.0,-0.06523546576499939,-0.16862674057483673,-0.05191468074917793,-0.08551633358001709,-0.37281692028045654,-0.0673481822013855,-0.05269169062376022,-0.5601718425750732,-0.08229070156812668,-0.0384741835296154,-0.7201033234596252,-0.09105604141950607,-0.08501920849084854,-0.5222367644309998,-0.0068749780766665936,-0.11458505690097809,-0.737040102481842,-0.0425003245472908,-0.13115772604942322,-0.872661828994751,-0.060835011303424835,-0.14161519706249237,-1.0,-0.07160812616348267,-0.008258359506726265,-0.4892970025539398,-0.008124597370624542,0.016061417758464813,-0.7069594264030457,-0.052949242293834686,0.030062446370720863,-0.8116894364356995,-0.07350284606218338,0.05868479982018471,-0.9469375610351562,-0.07797030359506607,0.05968692898750305,-0.4066780209541321,-0.019477035850286484,0.0736793801188469,-0.48078373074531555,-0.08327160775661469,0.02955673448741436,-0.3425557017326355,-0.07723064720630646,0.02166215144097805,-0.3135127127170563,-0.05303698778152466,0.11970742791891098,-0.306313157081604,-0.035580623894929886,0.12238971889019012,-0.3739895820617676,-0.079009510576725,0.0848415195941925,-0.28034234046936035,-0.06489954143762589,0.07444107532501221,-0.2563890218734741,-0.042944397777318954
K,K_session_002,150,0.0,0.0,0.0,-0.06482983380556107,-0.16915296018123627,-0.053413696587085724,-0.08560023456811905,-0.3741999566555023,-0.06938014924526215,-0.05576597526669502,-0.5626492500305176,-0.08478175848722458,-0.04771609231829643,-0.7256929874420166,-0.0940762385725975,-0.08816233277320862,-0.523695170879364,-0.007237397599965334,-0.12020035833120346,-0.7379226088523865,-0.041816312819719315,-0.138459712266922,-0.8740286827087402,-0.059154216200113297,-0.15038099884986877,-1.0,-0.06922129541635513,-0.010397964157164097,-0.4912111759185791,-0.00818579364567995,0.010962169617414474,-0.7125645279884338,-0.05142954736948013,0.024807291105389595,-0.8208369016647339,-0.07099689543247223,0.05303023010492325,-0.9557037353515625,-0.07483480870723724,0.05917782336473465,-0.40751051902770996,-0.019448550418019295,0.07224471867084503,-0.48546773195266724,-0.08233063668012619,0.029844217002391815,-0.3459121882915497,-0.07545818388462067,0.022062130272388458,-0.3128029704093933,-0.050780992954969406,0.1204194501042366,-0.3059552013874054,-0.035640835762023926,0.12182417511940002,-0.37946394085884094,-0.07862842082977295,0.0850604698061943,-0.2838273346424103,-0.06350678205490112,0.0750298947095871,-0.2556769847869873,-0.040817566215991974
K,K_session_002,151,0.0,0.0,0.0,-0.06491313874721527,-0.16846400499343872,-0.055014852434396744,-0.08679265528917313,-0.374682754278183,-0.0705827921628952,-0.057697683572769165,-0.5629693269729614,-0.0851588100194931,-0.04858735203742981,-0.7244573831558228,-0.09353314340114594,-0.09105418622493744,-0.5262389779090881,-0.0063794441521167755,-0.12446200847625732,-0.7386708855628967,-0.041102148592472076,-0.1430819183588028,-0.8738871812820435,-0.059081025421619415,-0.1563466340303421,-1.0,-0.06959359347820282,-0.012790038250386715,-0.49664029479026794,-0.006486772559583187,0.0045648664236068726,-0.7157323360443115,-0.04903312027454376,0.017977165058255196,-0.8232266902923584,-0.06891584396362305,0.04508061707019806,-0.9604524374008179,-0.0728248581290245,0.057092469185590744,-0.4137189984321594,-0.017292579635977745,0.06874170154333115,-0.484886109828949,-0.08024001121520996,0.027978096157312393,-0.3472478687763214,-0.0749150738120079,0.02134827896952629,-0.3179628849029541,-0.051049016416072845,0.11821203678846359,-0.31223344802856445,-0.033160075545310974,0.1183086708188057,-0.38063809275627136,-0.07678606361150742,0.08276283740997314,-0.28533706068992615,-0.06281544268131256,0.07392356544733047,-0.2581242620944977,-0.040649402886629105
K,K_session_002,152,0.0,0.0,0.0,-0.06553590297698975,-0.1615014523267746,-0.06187441572546959,-0.090664342045784,-0.36668074131011963,-0.08083159476518631,-0.06391603499650955,-0.5585271716117859,-0.09769637137651443,-0.055913180112838745,-0.727755069732666,-0.10791133344173431,-0.09685327857732773,-0.5293626189231873,-0.010556266643106937,-0.13080158829689026,-0.7395714521408081,-0.046146541833877563,-0.14974017441272736,-0.8751644492149353,-0.06323888897895813,-0.1627221554517746,-1.0,-0.07284954190254211,-0.017825979739427567,-0.5002294778823853,-0.007898453623056412,-0.0021922255400568247,-0.7215367555618286,-0.05110398307442665,0.01090980414301157,-0.8268056511878967,-0.06916457414627075,0.03794030100107193,-0.96455317735672,-0.07127898931503296,0.05319610983133316,-0.41745811700820923,-0.016907773911952972,0.06276986747980118,-0.490411639213562,-0.08151575922966003,0.02378133125603199,-0.34809815883636475,-0.07522767037153244,0.018692314624786377,-0.31986743211746216,-0.050192691385746,0.11571135371923447,-0.3169211447238922,-0.031576644629240036,0.11264390498399734,-0.38169407844543457,-0.07682392746210098,0.07776252925395966,-0.2845054864883423,-0.0635845810174942,0.06972865760326385,-0.25922179222106934,-0.0417051762342453
K,K_session_002,153,0.0,0.0,0.0,-0.0684167891740799,-0.16480159759521484,-0.05605914443731308,-0.09309480339288712,-0.3710220754146576,-0.07247302681207657,-0.06744340062141418,-0.5635471940040588,-0.08788333833217621,-0.06505760550498962,-0.7289990186691284,-0.09724095463752747,-0.10073897987604141,-0.5256640911102295,-0.008730602450668812,-0.1351034790277481,-0.7398936748504639,-0.04603058844804764,-0.15507906675338745,-0.8739291429519653,-0.06569529324769974,-0.16959241032600403,-1.0,-0.07693859189748764,-0.021272527053952217,-0.4972773790359497,-0.00919175986200571,-0.005888823885470629,-0.722848117351532,-0.054549042135477066,0.0064354510977864265,-0.8312773704528809,-0.07561512291431427,0.032204706221818924,-0.9697501063346863,-0.07988094538450241,0.05045861378312111,-0.41634050011634827,-0.020356623455882072,0.05957193300127983,-0.488321453332901,-0.08699892461299896,0.018582213670015335,-0.3457738161087036,-0.0825432762503624,0.011492895893752575,-0.3107644319534302,-0.058200348168611526,0.11340291053056717,-0.3155927360057831,-0.036531757563352585,0.1114647313952446,-0.3817053437232971,-0.0829595997929573,0.07462476938962936,-0.28386586904525757,-0.06924723833799362,0.06428716331720352,-0.25245869159698486,-0.04651065170764923
K,K_session_002,154,0.0,0.0,0.0,-0.06586944311857224,-0.16159088909626007,-0.06365019083023071,-0.0927317813038826,-0.36680078506469727,-0.08393324911594391,-0.06806453317403793,-0.5610172748565674,-0.10163544118404388,-0.06492270529270172,-0.7326577305793762,-0.11243737488985062,-0.10245359688997269,-0.5269110798835754,-0.012877927161753178,-0.1369069367647171,-0.7386735677719116,-0.050682760775089264,-0.15652289986610413,-0.8736395835876465,-0.06895711272954941,-0.17029732465744019,-1.0,-0.078997403383255,-0.023344093933701515,-0.4994796812534332,-0.00974118709564209,-0.007517836056649685,-0.7288280725479126,-0.055235203355550766,0.008042775094509125,-0.8331753015518188,-0.07365317642688751,0.036540936678647995,-0.9761760234832764,-0.07528043538331985,0.049077924340963364,-0.4195895791053772,-0.01838015764951706,0.061314038932323456,-0.4932851791381836,-0.0860927626490593,0.022601261734962463,-0.34643980860710144,-0.08041999489068985,0.015134086832404137,-0.3196268677711487,-0.054897479712963104,0.11289463937282562,-0.32205092906951904,-0.03266068175435066,0.11424684524536133,-0.38587361574172974,-0.0805639997124672,0.07847761362791061,-0.28558841347694397,-0.0674775019288063,0.06663189083337784,-0.2608015239238739,-0.044982317835092545
K,K_session_002,155,0.0,0.0,0.0,-0.06533227115869522,-0.16318415105342865,-0.06118377298116684,-0.0913265272974968,-0.368985652923584,-0.0821770429611206,-0.06575848907232285,-0.5623365640640259,-0.10100921243429184,-0.06050652265548706,-0.732982873916626,-0.11346215754747391,-0.09991639107465744,-0.5255647897720337,-0.016539791598916054,-0.13500787317752838,-0.737369179725647,-0.05612081661820412,-0.15627260506153107,-0.8726900815963745,-0.07592866569757462,-0.17048771679401398,-1.0,-0.08714407682418823,-0.020917285233736038,-0.4986802339553833,-0.01497095637023449,-0.0035474577452987432,-0.7311739921569824,-0.06281346827745438,0.011743666604161263,-0.8388012051582336,-0.08321621268987656,0.04135105013847351,-0.9817047715187073,-0.08636287599802017,0.05145551264286041,-0.4195399582386017,-0.02427729219198227,0.06385715305805206,-0.49723803997039795,-0.0925634503364563,0.023262852802872658,-0.3493240773677826,-0.08632035553455353,0.015601828694343567,-0.3177291452884674,-0.06062444671988487,0.11575634777545929,-0.32255980372428894,-0.038955479860305786,0.11606904864311218,-0.3904191851615906,-0.08669085800647736,0.08026448637247086,-0.2879507541656494,-0.07238054275512695,0.06897632777690887,-0.25988033413887024,-0.0491117462515831
K,K_session_002,156,0.0,0.0,0.0,-0.06478406488895416,-0.15945284068584442,-0.06488058716058731,-0.09083855897188187,-0.3666173815727234,-0.08590185642242432,-0.06518130749464035,-0.5585340261459351,-0.10368172824382782,-0.05847879499197006,-0.7327987551689148,-0.11513660848140717,-0.10194256901741028,-0.525638997554779,-0.017867228016257286,-0.13894201815128326,-0.7382304072380066,-0.05472274124622345,-0.1603383719921112,-0.87321937084198,-0.07331511378288269,-0.17412254214286804,-1.0,-0.0839175209403038,-0.021337108686566353,-0.5024013519287109,-0.013811692595481873,-0.0050572301261126995,-0.7335349321365356,-0.059065621346235275,0.011099252849817276,-0.8473767042160034,-0.07995076477527618,0.04114008694887161,-0.9877863526344299,-0.08373110741376877,0.05193020775914192,-0.4231293201446533,-0.020770622417330742,0.06214137375354767,-0.4989166855812073,-0.08815451711416245,0.024725476279854774,-0.3477599024772644,-0.08345405757427216,0.01958177611231804,-0.3102452754974365,-0.058535315096378326,0.11654681712388992,-0.32635441422462463,-0.03318241611123085,0.11335789412260056,-0.3948217034339905,-0.08056171238422394,0.08051807433366776,-0.28817474842071533,-0.06644351035356522,0.07247995585203171,-0.2563072741031647,-0.043151214718818665
K,K_session_002,157,0.0,0.0,0.0,-0.06736789643764496,-0.15884342789649963,-0.06378649920225143,-0.09308856725692749,-0.36638113856315613,-0.08393266797065735,-0.06645368039608002,-0.5590937733650208,-0.10092417895793915,-0.0635160356760025,-0.7331506013870239,-0.11176929622888565,-0.10456930100917816,-0.5270732641220093,-0.016402456909418106,-0.1413220465183258,-0.7390532493591309,-0.05273541808128357,-0.16247107088565826,-0.8724490404129028,-0.07102721184492111,-0.1774434894323349,-1.0,-0.08132295310497284,-0.024133753031492233,-0.5016660094261169,-0.012943475507199764,-0.0066465819254517555,-0.7360155582427979,-0.05678882077336311,0.010614518076181412,-0.848588764667511,-0.07628899067640305,0.040459293872117996,-0.9891023635864258,-0.07916249334812164,0.04917069151997566,-0.42238086462020874,-0.020648783072829247,0.05966417118906975,-0.49906590580940247,-0.08689907193183899,0.021261410787701607,-0.35043802857398987,-0.08259231597185135,0.014549342915415764,-0.3181253969669342,-0.058382220566272736,0.11451259255409241,-0.3258659243583679,-0.033788762986660004,0.11190016567707062,-0.39232659339904785,-0.08039245009422302,0.07836189866065979,-0.28735148906707764,-0.06662759184837341,0.06938157230615616,-0.2585931122303009,-0.043981391936540604
K,K_session_002,158,0.0,0.0,0.0,-0.07054047286510468,-0.16038253903388977,-0.06431587785482407,-0.0986277237534523,-0.3675120174884796,-0.08389509469270706,-0.07161297649145126,-0.5622564554214478,-0.10033296048641205,-0.06849014014005661,-0.7365278601646423,-0.11033604294061661,-0.11122482270002365,-0.5291123390197754,-0.014500091783702374,-0.14791575074195862,-0.7398229241371155,-0.05156369507312775,-0.16843824088573456,-0.8720942139625549,-0.07014594972133636,-0.1831425130367279,-1.0,-0.08060801029205322,-0.030238907784223557,-0.5029903054237366,-0.011205248534679413,-0.013312472961843014,-0.7377893924713135,-0.05618474632501602,0.004908869508653879,-0.8483748435974121,-0.07563741505146027,0.0358039066195488,-0.9943571090698242,-0.07800881564617157,0.04390242323279381,-0.42336851358413696,-0.01952802948653698,0.05433790013194084,-0.49763092398643494,-0.08739697188138962,0.016015607863664627,-0.3473125100135803,-0.08286754786968231,0.009074865840375423,-0.32177263498306274,-0.05805384740233421,0.11025235056877136,-0.3260294198989868,-0.033435720950365067,0.10823561251163483,-0.3891059160232544,-0.08180196583271027,0.07385137677192688,-0.28412899374961853,-0.06864995509386063,0.06438837200403214,-0.2592439353466034,-0.0460498072206974
K,K_session_002,159,0.0,0.0,0.0,-0.07328163087368011,-0.1570800393819809,-0.0641290619969368,-0.10401700437068939,-0.3606964647769928,-0.0852881371974945,-0.07711223512887955,-0.554032564163208,-0.10332420468330383,-0.07101082801818848,-0.7258336544036865,-0.11471656709909439,-0.11211595684289932,-0.5310159921646118,-0.018917469307780266,-0.1472253054380417,-0.7403122782707214,-0.059768132865428925,-0.1677723526954651,-0.8710029125213623,-0.08057572692632675,-0.18270762264728546,-1.0,-0.09259964525699615,-0.031235497444868088,-0.5043778419494629,-0.016857361420989037,-0.012303092516958714,-0.7429220080375671,-0.06558863818645477,0.003973945043981075,-0.84996497631073,-0.0861375480890274,0.03325807675719261,-0.9998853802680969,-0.0891515240073204,0.043079499155282974,-0.4249350130558014,-0.026224518194794655,0.0548640675842762,-0.4996599555015564,-0.09633038192987442,0.014869218692183495,-0.3486090302467346,-0.09062831103801727,0.007201383821666241,-0.32718685269355774,-0.06498340517282486,0.10988380014896393,-0.3272096514701843,-0.04128516465425491,0.10944918543100357,-0.3916984498500824,-0.09127786755561829,0.07385719567537308,-0.28632625937461853,-0.07760756462812424,0.06267266720533371,-0.26239076256752014,-0.05452892556786537
K,K_session_002,160,0.0,0.0,0.0,-0.06866910308599472,-0.1562289297580719,-0.06389657407999039,-0.0986311212182045,-0.3583156168460846,-0.086216039955616,-0.07291463762521744,-0.5523425340652466,-0.10555637627840042,-0.06347645819187164,-0.7243455648422241,-0.1184341236948967,-0.10782656818628311,-0.5258170962333679,-0.019635101780295372,-0.14224502444267273,-0.7334243059158325,-0.060408562421798706,-0.16358833014965057,-0.8638714551925659,-0.08122534304857254,-0.17766423523426056,-0.9909605383872986,-0.09338389337062836,-0.02791743166744709,-0.5002158880233765,-0.017740553244948387,-0.008218517526984215,-0.740138053894043,-0.06768596917390823,0.008745982311666012,-0.8508502840995789,-0.09002412110567093,0.040126752108335495,-1.0,-0.09422674775123596,0.045848675072193146,-0.42076170444488525,-0.02676968090236187,0.05759380757808685,-0.49713677167892456,-0.09707820415496826,0.01796906441450119,-0.3469030559062958,-0.09160178154706955,0.011693673208355904,-0.3229171335697174,-0.0660979375243187,0.111384816467762,-0.3236360549926758,-0.04133160784840584,0.10984914749860764,-0.3882736265659332,-0.09086272865533829,0.07561832666397095,-0.28312456607818604,-0.07662654668092728,0.0663759708404541,-0.25883665680885315,-0.05314871296286583
K,K_session_002,161,0.0,0.0,0.0,-0.06780105084180832,-0.15745609998703003,-0.0630868449807167,-0.09664036333560944,-0.35501110553741455,-0.08317158371210098,-0.0704728439450264,-0.5432731509208679,-0.09995675832033157,-0.06444774568080902,-0.7123637199401855,-0.11002758890390396,-0.10984331369400024,-0.5196588635444641,-0.014477995224297047,-0.14355067908763885,-0.7248307466506958,-0.05155126377940178,-0.1622188240289688,-0.852079451084137,-0.07077131420373917,-0.1748722791671753,-0.9766727089881897,-0.08177579939365387,-0.031230255961418152,-0.4957468807697296,-0.011600825935602188,-0.011324982158839703,-0.7329069972038269,-0.058362819254398346,0.007773935794830322,-0.8502830266952515,-0.08055177330970764,0.038803230971097946,-1.0,-0.08466684818267822,0.04163067042827606,-0.4179849624633789,-0.01980225369334221,0.05310073122382164,-0.48908647894859314,-0.08772242069244385,0.014806712046265602,-0.343095600605011,-0.08455250412225723,0.006609717383980751,-0.3205011785030365,-0.060606181621551514,0.10651347041130066,-0.3225623667240143,-0.03342975676059723,0.10536196827888489,-0.3832165598869324,-0.08133972436189651,0.07206191122531891,-0.28111833333969116,-0.06847205758094788,0.06204766035079956,-0.2592466175556183,-0.04606765881180763
K,K_session_002,162,0.0,0.0,0.0,-0.06994330137968063,-0.15483097732067108,-0.06046231836080551,-0.09941539913415909,-0.3514324128627777,-0.08087029308080673,-0.07093246281147003,-0.5373170971870422,-0.09877735376358032,-0.06011873483657837,-0.7006662487983704,-0.11040321737527847,-0.10621927678585052,-0.5189197063446045,-0.017296940088272095,-0.13789208233356476,-0.7232472896575928,-0.057787805795669556,-0.15675237774848938,-0.8477497696876526,-0.0790344700217247,-0.16900715231895447,-0.9711281657218933,-0.09137339890003204,-0.028625257313251495,-0.4917702078819275,-0.01741001196205616,-0.007735224440693855,-0.7309247255325317,-0.06793570518493652,0.008770821616053581,-0.8470178246498108,-0.09198522567749023,0.039808858186006546,-1.0,-0.09738479554653168,0.043471965938806534,-0.41217294335365295,-0.028074443340301514,0.05473829060792923,-0.4845537543296814,-0.09864000231027603,0.01448324229568243,-0.33678746223449707,-0.09447725862264633,0.007497006561607122,-0.3152462840080261,-0.06976056098937988,0.10793127864599228,-0.3141770660877228,-0.0440223328769207,0.10616003721952438,-0.37715014815330505,-0.09382427483797073,0.07090435177087784,-0.2739703953266144,-0.07981343567371368,0.060749415308237076,-0.2514089345932007,-0.05643042176961899
K,K_session_002,163,0.0,0.0,0.0,-0.06715231388807297,-0.1559201329946518,-0.055680714547634125,-0.09511621296405792,-0.3483797609806061,-0.07634811103343964,-0.06574153900146484,-0.529212474822998,-0.09529701620340347,-0.05343836918473244,-0.6857489943504333,-0.10788415372371674,-0.10121826827526093,-0.5070868730545044,-0.018328292295336723,-0.13130173087120056,-0.708781898021698,-0.058947645127773285,-0.1496119201183319,-0.8313036561012268,-0.0801193118095398,-0.16107334196567535,-0.9528335928916931,-0.09221361577510834,-0.02554819919168949,-0.482312947511673,-0.020595237612724304,-0.005414576735347509,-0.722819983959198,-0.07075997442007065,0.009385010227560997,-0.8444312810897827,-0.09495515376329422,0.0405149832367897,-1.0,-0.10085411369800568,0.045108601450920105,-0.4059101641178131,-0.03243793547153473,0.0577189140021801,-0.476449191570282,-0.10026321560144424,0.015843646600842476,-0.33350348472595215,-0.09524018317461014,0.009529144503176212,-0.30934998393058777,-0.0705261304974556,0.10875381529331207,-0.3102722465991974,-0.049331534653902054,0.10719732940196991,-0.36811575293540955,-0.0958181843161583,0.07162975519895554,-0.27165183424949646,-0.08108410239219666,0.06213328242301941,-0.25040826201438904,-0.05769256502389908
K,K_session_002,164,0.0,0.0,0.0,-0.06698659062385559,-0.15587542951107025,-0.05747002363204956,-0.09344514459371567,-0.34871047735214233,-0.07745766639709473,-0.06399525701999664,-0.5307680368423462,-0.09536875784397125,-0.05233428254723549,-0.687400221824646,-0.10700344294309616,-0.10049254447221756,-0.506127655506134,-0.014756893739104271,-0.1309966892004013,-0.7070619463920593,-0.05376113951206207,-0.14906705915927887,-0.8312162160873413,-0.07424329966306686,-0.16015534102916718,-0.9532625079154968,-0.08580223470926285,-0.025101004168391228,-0.4808700382709503,-0.015801871195435524,-0.005351810250431299,-0.7233202457427979,-0.06413550674915314,0.010303949937224388,-0.8454020023345947,-0.087543785572052,0.04135391488671303,-1.0,-0.09262249618768692,0.04525301232933998,-0.40458521246910095,-0.027081308886408806,0.058540958911180496,-0.47772157192230225,-0.09492310881614685,0.016508879140019417,-0.3352861702442169,-0.09136942028999329,0.008435155265033245,-0.3118489682674408,-0.06718645244836807,0.10877946019172668,-0.3092728555202484,-0.04346546530723572,0.10769900679588318,-0.37029197812080383,-0.09013064205646515,0.07282572239637375,-0.27232179045677185,-0.0762474313378334,0.06293121725320816,-0.25007468461990356,-0.053291503340005875
K,K_session_002,165,0.0,0.0,0.0,-0.06529880315065384,-0.15353471040725708,-0.05586278438568115,-0.09076260030269623,-0.3477066457271576,-0.0756017193198204,-0.061386704444885254,-0.5302059650421143,-0.09348344057798386,-0.050649743527173996,-0.6883569955825806,-0.10537872463464737,-0.09972619265317917,-0.5029263496398926,-0.01566380076110363,-0.1292710155248642,-0.7035438418388367,-0.05418160557746887,-0.14601130783557892,-0.8274396061897278,-0.07476747781038284,-0.15632307529449463,-0.9482995867729187,-0.08660577237606049,-0.025031281635165215,-0.479368656873703,-0.017630232498049736,-0.004518070258200169,-0.7218536138534546,-0.06514057517051697,0.011551707983016968,-0.846718966960907,-0.08889230340719223,0.04189945012331009,-1.0,-0.09470891952514648,0.04517948254942894,-0.4033786356449127,-0.029339617118239403,0.05859033390879631,-0.4777349829673767,-0.09621388465166092,0.017356181517243385,-0.334815114736557,-0.09225226938724518,0.00873532984405756,-0.30691733956336975,-0.0681253969669342,0.10859287530183792,-0.3070506155490875,-0.04596128314733505,0.10768818110227585,-0.37206462025642395,-0.09223026037216187,0.07323522120714188,-0.2733866572380066,-0.07767118513584137,0.06259047240018845,-0.24715229868888855,-0.05432584136724472
K,K_session_002,166,0.0,0.0,0.0,-0.06906187534332275,-0.1476902812719345,-0.055460575968027115,-0.09528131783008575,-0.3418678641319275,-0.07535820454359055,-0.06458436697721481,-0.5222844481468201,-0.0934283658862114,-0.053089361637830734,-0.6803006529808044,-0.10540898889303207,-0.09910538792610168,-0.5044515132904053,-0.01713455654680729,-0.12810367345809937,-0.7060394287109375,-0.05623316019773483,-0.14525415003299713,-0.830403208732605,-0.07695270329713821,-0.15614007413387299,-0.9515758752822876,-0.0889040157198906,-0.02437882125377655,-0.4805759787559509,-0.019650327041745186,-0.003916797693818808,-0.7219313979148865,-0.06829895079135895,0.011089474894106388,-0.8457621335983276,-0.09285556524991989,0.04118587449193001,-1.0,-0.09913484007120132,0.0452054888010025,-0.40478402376174927,-0.031646642833948135,0.05817733705043793,-0.4769071042537689,-0.09852413833141327,0.01613813266158104,-0.33313795924186707,-0.09374738484621048,0.0077266027219593525,-0.30761319398880005,-0.06924241036176682,0.1084212213754654,-0.309505820274353,-0.04866202175617218,0.1061035692691803,-0.36978423595428467,-0.0949920117855072,0.07179410010576248,-0.27079400420188904,-0.08007434010505676,0.061750367283821106,-0.24760201573371887,-0.056462470442056656
K,K_session_002,167,0.0,0.0,0.0,-0.06940798461437225,-0.15196368098258972,-0.0545477457344532,-0.09511729329824448,-0.344053715467453,-0.07397479563951492,-0.061236679553985596,-0.5242428779602051,-0.09209198504686356,-0.0487203486263752,-0.68084317445755,-0.10427708923816681,-0.09596771001815796,-0.5047433972358704,-0.013991245068609715,-0.12442156672477722,-0.7042880058288574,-0.05304444208741188,-0.14163462817668915,-0.827174723148346,-0.07402759790420532,-0.15148276090621948,-0.9471738934516907,-0.08605672419071198,-0.021311243996024132,-0.48056095838546753,-0.017157994210720062,-0.0004828192468266934,-0.7214879393577576,-0.06564397364854813,0.012888077646493912,-0.8449956774711609,-0.09037104994058609,0.04386520758271217,-1.0,-0.09663213789463043,0.04804025590419769,-0.4040279686450958,-0.02997894398868084,0.05967835709452629,-0.4781048893928528,-0.09700882434844971,0.016554394736886024,-0.33412647247314453,-0.09197993576526642,0.010976838879287243,-0.30603137612342834,-0.06693699210882187,0.11067236214876175,-0.30749520659446716,-0.04784317687153816,0.1073199212551117,-0.37063363194465637,-0.0938866063952446,0.07175488770008087,-0.2730369567871094,-0.07844973355531693,0.0637599527835846,-0.2485586255788803,-0.054247625172138214
K,K_session_002,168,0.0,0.0,0.0,-0.0645274817943573,-0.1524723470211029,-0.0512038990855217,-0.08993303030729294,-0.3420216143131256,-0.07168019562959671,-0.0572727806866169,-0.5199520587921143,-0.09165232628583908,-0.0421910285949707,-0.6759835481643677,-0.10592825710773468,-0.09000319242477417,-0.501412570476532,-0.015076790004968643,-0.11851982772350311,-0.7008864283561707,-0.055027130991220474,-0.13556227087974548,-0.8260440230369568,-0.07694175839424133,-0.1450040489435196,-0.9458146095275879,-0.08980610966682434,-0.016361059620976448,-0.47741037607192993,-0.02016863226890564,0.0055613466538488865,-0.7204605340957642,-0.06926987320184708,0.019736196845769882,-0.8464123606681824,-0.09449145942926407,0.05129444599151611,-1.0,-0.10153494030237198,0.052403878420591354,-0.40116262435913086,-0.034251727163791656,0.0663997009396553,-0.4806375801563263,-0.10042766481637955,0.021898040547966957,-0.3370630145072937,-0.09362264722585678,0.014242763631045818,-0.30186402797698975,-0.06779730319976807,0.11420132219791412,-0.3034350275993347,-0.05312400683760643,0.11311902105808258,-0.3731706440448761,-0.09787794947624207,0.07682130485773087,-0.27727293968200684,-0.08073373138904572,0.06680476665496826,-0.2478654533624649,-0.055559512227773666
K,K_session_002,169,0.0,0.0,0.0,-0.06686719506978989,-0.15457111597061157,-0.05380619317293167,-0.0908774882555008,-0.3457193076610565,-0.07218050956726074,-0.05843555927276611,-0.5249181389808655,-0.08885598182678223,-0.047927629202604294,-0.6834365725517273,-0.09960111975669861,-0.09522298723459244,-0.5063585042953491,-0.011980983428657055,-0.12340610474348068,-0.706627607345581,-0.04763242229819298,-0.13840080797672272,-0.833072304725647,-0.06801699846982956,-0.14722715318202972,-0.9529683589935303,-0.08019726723432541,-0.02097957767546177,-0.48251405358314514,-0.01426694169640541,0.0006760515971109271,-0.7241309881210327,-0.05913500860333443,0.01724838651716709,-0.8521920442581177,-0.08412128686904907,0.047929201275110245,-1.0,-0.09144247323274612,0.04763948917388916,-0.4055967926979065,-0.02588082291185856,0.0642010048031807,-0.48014456033706665,-0.09026072174310684,0.020357072353363037,-0.34043577313423157,-0.08721072226762772,0.008323144167661667,-0.30536043643951416,-0.06408977508544922,0.10966478288173676,-0.30829086899757385,-0.042248714715242386,0.11063019931316376,-0.37602895498275757,-0.08732123672962189,0.07515911757946014,-0.28002265095710754,-0.07300401479005814,0.06202494725584984,-0.25065362453460693,-0.0498189777135849
K,K_session_002,170,0.0,0.0,0.0,-0.06656138598918915,-0.15176483988761902,-0.05249829962849617,-0.09017633646726608,-0.34588709473609924,-0.07132108509540558,-0.05768076330423355,-0.5264441967010498,-0.08917577564716339,-0.044627465307712555,-0.6825875043869019,-0.10145310312509537,-0.09202885627746582,-0.5055630803108215,-0.012972084805369377,-0.11981111019849777,-0.7046358585357666,-0.05183267220854759,-0.136267751455307,-0.8294051289558411,-0.07384498417377472,-0.1460333615541458,-0.9493337869644165,-0.08685063570737839,-0.018165934830904007,-0.48006823658943176,-0.01702633872628212,0.003772663651034236,-0.7224622964859009,-0.06516747176647186,0.017957517877221107,-0.8487728238105774,-0.09112704545259476,0.04797583818435669,-1.0,-0.09876290708780289,0.050419971346855164,-0.4028283357620239,-0.030309537425637245,0.06441166996955872,-0.483601450920105,-0.09691038727760315,0.01998395100235939,-0.34199202060699463,-0.09259547293186188,0.010736607015132904,-0.30694445967674255,-0.0682695284485817,0.11231225728988647,-0.30474913120269775,-0.04833883047103882,0.11152072250843048,-0.3767454922199249,-0.09415389597415924,0.07499430328607559,-0.280307799577713,-0.07853665947914124,0.06330612301826477,-0.24984507262706757,-0.05425051227211952
K,K_session_002,171,0.0,0.0,0.0,-0.06640031933784485,-0.15474377572536469,-0.051283903419971466,-0.0896637812256813,-0.3486976623535156,-0.06886514276266098,-0.056983184069395065,-0.5288611650466919,-0.08572980761528015,-0.0425480380654335,-0.6856767535209656,-0.09704937040805817,-0.09233015775680542,-0.5116802453994751,-0.00969506986439228,-0.11819673329591751,-0.713607668876648,-0.04572420194745064,-0.1324954479932785,-0.8394243121147156,-0.06670468300580978,-0.141648069024086,-0.9574882984161377,-0.07944357395172119,-0.017819128930568695,-0.4871131181716919,-0.013762076385319233,0.00356890051625669,-0.7256367802619934,-0.05925649404525757,0.018995901569724083,-0.8541502356529236,-0.08546806871891022,0.048087261617183685,-1.0,-0.09378355741500854,0.05151278153061867,-0.4083350598812103,-0.026912130415439606,0.06336827576160431,-0.48347607254981995,-0.09069753438234329,0.021311558783054352,-0.34501180052757263,-0.08726847171783447,0.011722191236913204,-0.3090563416481018,-0.06424470245838165,0.11317229270935059,-0.3078920841217041,-0.044720593839883804,0.11003423482179642,-0.37631818652153015,-0.0884091928601265,0.07550462335348129,-0.282490074634552,-0.07294255495071411,0.06439054012298584,-0.25356417894363403,-0.04923354834318161
K,K_session_002,172,0.0,0.0,0.0,-0.06572410464286804,-0.1582317054271698,-0.05560237541794777,-0.08762122690677643,-0.355243444442749,-0.07385524362325668,-0.053759798407554626,-0.5364367961883545,-0.09012233465909958,-0.04185958206653595,-0.6958534121513367,-0.10017465054988861,-0.09258417040109634,-0.5157347917556763,-0.011292634531855583,-0.11841782927513123,-0.7165370583534241,-0.04722033068537712,-0.13202352821826935,-0.8396056294441223,-0.06653770804405212,-0.1403689980506897,-0.9580582976341248,-0.07742595672607422,-0.018060192465782166,-0.4893445372581482,-0.012504206039011478,0.004639689344912767,-0.7289285659790039,-0.0571783222258091,0.02101675420999527,-0.8507188558578491,-0.08010665327310562,0.05140816420316696,-1.0,-0.0852842926979065,0.050705187022686005,-0.41097739338874817,-0.02372298575937748,0.06689949333667755,-0.48005184531211853,-0.08872360736131668,0.022622447460889816,-0.3393755257129669,-0.08571039140224457,0.011721611954271793,-0.31152471899986267,-0.06228586658835411,0.11228227615356445,-0.31356436014175415,-0.03988482803106308,0.1140127032995224,-0.3731608986854553,-0.08525614440441132,0.07809378206729889,-0.277189165353775,-0.07152822613716125,0.06593943387269974,-0.2532368004322052,-0.04869478568434715
K,K_session_002,173,0.0,0.0,0.0,-0.06293858587741852,-0.15797843039035797,-0.05852413550019264,-0.08476521819829941,-0.35633596777915955,-0.07738988101482391,-0.05256325751543045,-0.5392975807189941,-0.09363747388124466,-0.04154147952795029,-0.7030830979347229,-0.10391590744256973,-0.09031879156827927,-0.5163153409957886,-0.012412121519446373,-0.11319433897733688,-0.7171867489814758,-0.04730137810111046,-0.12604494392871857,-0.84299236536026,-0.06720858067274094,-0.13347476720809937,-0.9608575701713562,-0.07894288748502731,-0.015711799263954163,-0.4880906939506531,-0.011819949373602867,0.0065752356313169,-0.7261581420898438,-0.05538884177803993,0.022711392492055893,-0.8523299694061279,-0.07943900674581528,0.05291864275932312,-1.0,-0.08630365878343582,0.05361906811594963,-0.4080001711845398,-0.02134283073246479,0.06782051920890808,-0.4844413101673126,-0.08537334948778152,0.024248121306300163,-0.34486085176467896,-0.08284725248813629,0.013302902691066265,-0.3133963942527771,-0.06035419553518295,0.11427842825651169,-0.3105302155017853,-0.03597528114914894,0.1123720034956932,-0.3808782696723938,-0.08077161759138107,0.07745024561882019,-0.28496676683425903,-0.06669167429208755,0.06681006401777267,-0.258575975894928,-0.044055741280317307
K,K_session_002,174,0.0,0.0,0.0,-0.063410684466362,-0.1568775475025177,-0.055820032954216,-0.08524097502231598,-0.35642996430397034,-0.07514385133981705,-0.051713645458221436,-0.537857174873352,-0.09258414059877396,-0.038156844675540924,-0.6985312104225159,-0.1040830910205841,-0.08728502690792084,-0.5135807394981384,-0.013046330772340298,-0.11029227823019028,-0.7158209085464478,-0.04903928562998772,-0.12308846414089203,-0.8429898619651794,-0.06891480833292007,-0.13060133159160614,-0.9611057043075562,-0.08025019615888596,-0.013432086445391178,-0.48585641384124756,-0.01418418437242508,0.007655825465917587,-0.7268238663673401,-0.05860031396150589,0.024313967674970627,-0.8537169694900513,-0.08209221810102463,0.05552036687731743,-1.0,-0.0883922278881073,0.05525756627321243,-0.40660950541496277,-0.02508012019097805,0.06822588294744492,-0.4828855097293854,-0.08857809752225876,0.026225492358207703,-0.3436295986175537,-0.08408831059932709,0.01719277910888195,-0.3090050220489502,-0.060281217098236084,0.11588998138904572,-0.3102743923664093,-0.04099655523896217,0.11290623247623444,-0.380492240190506,-0.08367907255887985,0.07900476455688477,-0.2848847508430481,-0.06737218052148819,0.0693342387676239,-0.25645503401756287,-0.043457552790641785
K,K_session_002,175,0.0,0.0,0.0,-0.06079956889152527,-0.16102051734924316,-0.0555509589612484,-0.08202745020389557,-0.36136478185653687,-0.075260691344738,-0.05033909156918526,-0.5434060096740723,-0.09324922412633896,-0.03681081160902977,-0.7035633325576782,-0.10530536621809006,-0.08412479609251022,-0.5188720226287842,-0.014338302426040173,-0.10681045800447464,-0.7213636636734009,-0.05094151943922043,-0.11910073459148407,-0.848517119884491,-0.0720517635345459,-0.12525716423988342,-0.9662885069847107,-0.08445901423692703,-0.009451878257095814,-0.48956814408302307,-0.015479226596653461,0.011906364001333714,-0.7265466451644897,-0.06016754359006882,0.02866622991859913,-0.8550394177436829,-0.08509348332881927,0.060679707676172256,-1.0,-0.09285585582256317,0.05944730341434479,-0.4081774353981018,-0.026079704985022545,0.075599804520607,-0.4822193682193756,-0.08864792436361313,0.031936660408973694,-0.3469078540802002,-0.08502396941184998,0.021758778020739555,-0.30835771560668945,-0.0622200071811676,0.11981956660747528,-0.30856892466545105,-0.041726939380168915,0.12082204222679138,-0.37537723779678345,-0.08370722830295563,0.08533883094787598,-0.28517720103263855,-0.06827442348003387,0.07363177090883255,-0.2555396556854248,-0.045030105859041214
K,K_session_002,176,0.0,0.0,0.0,-0.06228495389223099,-0.15943074226379395,-0.058109480887651443,-0.08129429817199707,-0.36233100295066833,-0.07875503599643707,-0.04734331741929054,-0.5455515384674072,-0.09696469455957413,-0.036429472267627716,-0.7077785134315491,-0.10882643610239029,-0.08378755301237106,-0.5224447846412659,-0.015743235126137733,-0.10432703047990799,-0.7250087261199951,-0.05297360569238663,-0.11409789323806763,-0.8522945046424866,-0.07268126308917999,-0.11806783825159073,-0.9720044732093811,-0.08383315056562424,-0.00790420826524496,-0.4919605851173401,-0.016115136444568634,0.016549307852983475,-0.7319642305374146,-0.061752814799547195,0.03418217971920967,-0.8533042073249817,-0.08429748564958572,0.06719113141298294,-1.0,-0.08937538415193558,0.06175398454070091,-0.40887174010276794,-0.026472484692931175,0.07866231352090836,-0.48211202025413513,-0.09105829894542694,0.03346220776438713,-0.34041208028793335,-0.08544884622097015,0.023286443203687668,-0.309248685836792,-0.06055120378732681,0.12313805520534515,-0.30777499079704285,-0.04204676300287247,0.1241152435541153,-0.36937370896339417,-0.08599259704351425,0.08832768350839615,-0.2741279900074005,-0.0702657401561737,0.07716083526611328,-0.25004491209983826,-0.04641284421086311
K,K_session_002,177,0.0,0.0,0.0,-0.05957930162549019,-0.16597294807434082,-0.05225430428981781,-0.07672662287950516,-0.3705543577671051,-0.06990745663642883,-0.040735915303230286,-0.5537068247795105,-0.08615244179964066,-0.027918584644794464,-0.7129610776901245,-0.09657055884599686,-0.08001291751861572,-0.5230588316917419,-0.013424916192889214,-0.09916727989912033,-0.7267173528671265,-0.05046231299638748,-0.10871519148349762,-0.8549200296401978,-0.07163333147764206,-0.11245837807655334,-0.9749385714530945,-0.08413122594356537,-0.005096977576613426,-0.49208196997642517,-0.016482030972838402,0.019896917045116425,-0.7273141741752625,-0.06183665245771408,0.03902332857251167,-0.8543922901153564,-0.08670606464147568,0.07423069328069687,-1.0,-0.09438932687044144,0.06407277286052704,-0.4077749252319336,-0.028471792116761208,0.08050619810819626,-0.4779096245765686,-0.0909414291381836,0.03542007505893707,-0.34201645851135254,-0.08533646166324615,0.026419762521982193,-0.30431193113327026,-0.061290442943573,0.12471158802509308,-0.3041139841079712,-0.04538055509328842,0.12466851621866226,-0.3680267930030823,-0.08772318810224533,0.08862120658159256,-0.2768729031085968,-0.07083155959844589,0.07872680574655533,-0.24935831129550934,-0.046387817710638046
K,K_session_002,178,0.0,0.0,0.0,-0.061265334486961365,-0.17090801894664764,-0.05005444958806038,-0.0792066678404808,-0.37094977498054504,-0.06721989810466766,-0.043041106313467026,-0.5494710803031921,-0.08345454186201096,-0.027301227673888206,-0.7050693035125732,-0.09445516020059586,-0.08206406980752945,-0.5254676342010498,-0.012106706388294697,-0.09718925505876541,-0.7301902174949646,-0.04965592548251152,-0.10306817293167114,-0.857988715171814,-0.07294739782810211,-0.1044202372431755,-0.9772627949714661,-0.08697309345006943,-0.007615403737872839,-0.49137091636657715,-0.016807297244668007,0.018159152939915657,-0.7282904982566833,-0.06303221732378006,0.03985920175909996,-0.8582742810249329,-0.09026564657688141,0.07540154457092285,-1.0,-0.09979397803544998,0.06151657924056053,-0.40537920594215393,-0.030062062665820122,0.08058113604784012,-0.47575870156288147,-0.09418495744466782,0.0355544351041317,-0.3402351140975952,-0.09048262983560562,0.02340933308005333,-0.2972317337989807,-0.06745745986700058,0.12118838727474213,-0.29908519983291626,-0.047881923615932465,0.12374760210514069,-0.36370810866355896,-0.09151336550712585,0.08831176161766052,-0.2712293863296509,-0.07490676641464233,0.07587629556655884,-0.24081951379776,-0.05052920803427696
K,K_session_002,179,0.0,0.0,0.0,-0.05472317710518837,-0.1728251427412033,-0.05189353600144386,-0.07056896388530731,-0.37125834822654724,-0.06952539086341858,-0.03490891680121422,-0.5497262477874756,-0.0859265848994255,-0.01794271171092987,-0.7060924172401428,-0.09688159823417664,-0.07482194155454636,-0.5263272523880005,-0.01065173652023077,-0.08402634412050247,-0.7267825603485107,-0.04893950745463371,-0.08864913135766983,-0.8516436219215393,-0.07279490679502487,-0.08784985542297363,-0.9702572226524353,-0.08727537840604782,-0.0019137612544000149,-0.4927971065044403,-0.01405245065689087,0.026147061958909035,-0.7263745069503784,-0.060569312423467636,0.0468725860118866,-0.8527597188949585,-0.08766424655914307,0.0836942195892334,-1.0,-0.09699471294879913,0.0666223019361496,-0.40546533465385437,-0.026450740173459053,0.08564268797636032,-0.4762040078639984,-0.09071458131074905,0.03904711455106735,-0.3426714241504669,-0.08748145401477814,0.028469182550907135,-0.3050595819950104,-0.06495512276887894,0.1246824786067009,-0.29791826009750366,-0.04365558922290802,0.1287182867527008,-0.3615163266658783,-0.08823497593402863,0.0904027596116066,-0.27218374609947205,-0.07280384004116058,0.07777901738882065,-0.24527770280838013,-0.04915622994303703
K,K_session_002,180,0.0,0.0,0.0,-0.06036603823304176,-0.1768674999475479,-0.04716731235384941,-0.07450331002473831,-0.3743981122970581,-0.06099887937307358,-0.03734222799539566,-0.5485796928405762,-0.07449515908956528,-0.021069170907139778,-0.695988655090332,-0.08285467326641083,-0.07680205255746841,-0.5257477760314941,-0.004820993635803461,-0.08779735863208771,-0.7279607653617859,-0.04017457738518715,-0.09144886583089828,-0.8546692728996277,-0.062434736639261246,-0.09039783477783203,-0.9717531800270081,-0.07575702667236328,-0.003481484716758132,-0.489679753780365,-0.01048519741743803,0.025797132402658463,-0.7276961207389832,-0.05516239255666733,0.04629867896437645,-0.8577585816383362,-0.08266835659742355,0.08112093806266785,-1.0,-0.09214667975902557,0.06370662897825241,-0.40157148241996765,-0.024917155504226685,0.08621948957443237,-0.4690210819244385,-0.08960863947868347,0.039495136588811874,-0.338136225938797,-0.08901619911193848,0.026095863431692123,-0.2984013259410858,-0.06741407513618469,0.12120329588651657,-0.2924736738204956,-0.04349598288536072,0.12726831436157227,-0.35763633251190186,-0.08786948770284653,0.08957544714212418,-0.2691795527935028,-0.07306700199842453,0.07509194314479828,-0.24044542014598846,-0.04969713091850281
K,K_session_002,181,0.0,0.0,0.0,-0.05925977975130081,-0.1749248206615448,-0.04700230062007904,-0.07397270947694778,-0.37249284982681274,-0.06163789704442024,-0.03607679158449173,-0.5465472340583801,-0.07602673023939133,-0.02117033675312996,-0.6933274865150452,-0.08510087430477142,-0.07647346705198288,-0.5212822556495667,-0.006974625401198864,-0.08648699522018433,-0.723344624042511,-0.04311823099851608,-0.08892049640417099,-0.8513421416282654,-0.06615986675024033,-0.08562953025102615,-0.9695541262626648,-0.0801253542304039,-0.00359762622974813,-0.48898786306381226,-0.012354959733784199,0.023753756657242775,-0.7248458862304688,-0.05763353779911995,0.04347975179553032,-0.8578014373779297,-0.08565685898065567,0.07858717441558838,-1.0,-0.09595149010419846,0.06417039781808853,-0.4042024612426758,-0.02603425271809101,0.08705933392047882,-0.4770376682281494,-0.08945180475711823,0.0403217151761055,-0.3454565405845642,-0.0873241275548935,0.027412153780460358,-0.2961826026439667,-0.06515682488679886,0.12214643508195877,-0.2969251871109009,-0.04403657466173172,0.12889719009399414,-0.3641413450241089,-0.08797267079353333,0.09026168286800385,-0.2768205404281616,-0.07311610877513885,0.07503893226385117,-0.24326518177986145,-0.04962382838129997
K,K_session_002,182,0.0,0.0,0.0,-0.06328600645065308,-0.1692480742931366,-0.04691177234053612,-0.07855270057916641,-0.365268737077713,-0.05901237204670906,-0.042493779212236404,-0.5456673502922058,-0.07101867347955704,-0.029089046642184258,-0.6957921385765076,-0.07784826308488846,-0.08082984387874603,-0.5114111304283142,0.0009577270830050111,-0.09231556951999664,-0.7135761380195618,-0.03220926970243454,-0.0943337231874466,-0.8411843180656433,-0.05341422185301781,-0.09153721481561661,-0.9596275091171265,-0.06591705977916718,-0.00861964002251625,-0.48070934414863586,-0.003766976296901703,0.018199047073721886,-0.7228357195854187,-0.04672688990831375,0.03616415336728096,-0.8563050627708435,-0.07432211190462112,0.06730613857507706,-1.0,-0.08395574986934662,0.05791666731238365,-0.39893555641174316,-0.017396075651049614,0.08281877636909485,-0.47921958565711975,-0.08185266703367233,0.03729437664151192,-0.343749463558197,-0.08188421279191971,0.02233084663748741,-0.29442930221557617,-0.06006325036287308,0.11525674909353256,-0.29606011509895325,-0.035043906420469284,0.12492207437753677,-0.3692290484905243,-0.07950719445943832,0.08718330413103104,-0.2784039080142975,-0.06567959487438202,0.07040999084711075,-0.24332042038440704,-0.04255780577659607
K,K_session_002,183,0.0,0.0,0.0,-0.062069736421108246,-0.16055928170681,-0.050421759486198425,-0.08111842721700668,-0.35283273458480835,-0.06682541966438293,-0.047755755484104156,-0.5316875576972961,-0.08273855596780777,-0.030049152672290802,-0.683217465877533,-0.09372106939554214,-0.07649583369493484,-0.5038304328918457,-0.00794245209544897,-0.08915839344263077,-0.7068512439727783,-0.04432925954461098,-0.09228241443634033,-0.8352013230323792,-0.06681584566831589,-0.08913534879684448,-0.9534448981285095,-0.07989081740379333,-0.005252278409898281,-0.4741767942905426,-0.012182028964161873,0.01939740590751171,-0.7198576927185059,-0.0569116584956646,0.033991843461990356,-0.8534344434738159,-0.08392640948295593,0.06422515958547592,-1.0,-0.09311345964670181,0.06070151552557945,-0.3931204378604889,-0.025374459102749825,0.08183993399143219,-0.4834144115447998,-0.09162870049476624,0.034966640174388885,-0.3450169861316681,-0.09092486649751663,0.021612493321299553,-0.2947722375392914,-0.06854341924190521,0.1177101880311966,-0.2903004586696625,-0.042784519493579865,0.12478979676961899,-0.3720781207084656,-0.08924521505832672,0.08628300577402115,-0.2787882387638092,-0.0754556879401207,0.0700419545173645,-0.2396792769432068,-0.05213751271367073
K,K_session_002,184,0.0,0.0,0.0,-0.06653601676225662,-0.16586217284202576,-0.04628460109233856,-0.08537005633115768,-0.35861918330192566,-0.057776451110839844,-0.050515737384557724,-0.5388144254684448,-0.06971026211977005,-0.034768082201480865,-0.6894308924674988,-0.07660173624753952,-0.08266879618167877,-0.5076929330825806,0.003653651336207986,-0.09667270630598068,-0.7101590633392334,-0.02929360792040825,-0.09894554316997528,-0.8393786549568176,-0.05090559273958206,-0.09650839865207672,-0.9572021961212158,-0.06365319341421127,-0.011096262373030186,-0.48007386922836304,-0.0017004937399178743,0.010850930586457253,-0.7245164513587952,-0.04481834918260574,0.02656641975045204,-0.85950767993927,-0.07336632907390594,0.054893456399440765,-1.0,-0.08355440199375153,0.054593876004219055,-0.4012005031108856,-0.016103027388453484,0.07861169427633286,-0.4859030842781067,-0.08266211301088333,0.0350690521299839,-0.34713295102119446,-0.08395818620920181,0.01923115737736225,-0.29273414611816406,-0.06220921128988266,0.11213086545467377,-0.2996409833431244,-0.03430955111980438,0.1223478615283966,-0.3776964843273163,-0.08154850453138351,0.08505291491746902,-0.2825242877006531,-0.06890534609556198,0.06596554815769196,-0.2417818158864975,-0.045950014144182205
K,K_session_002,185,0.0,0.0,0.0,-0.06650373339653015,-0.16655303537845612,-0.04772085323929787,-0.08614319562911987,-0.35723379254341125,-0.05948222428560257,-0.05359191447496414,-0.5357432961463928,-0.07104545086622238,-0.03894198685884476,-0.6846500635147095,-0.07750830799341202,-0.0871986374258995,-0.5005860328674316,0.003436090424656868,-0.10067392140626907,-0.7034008502960205,-0.0283026322722435,-0.10212314873933792,-0.8327305316925049,-0.048671234399080276,-0.09858904778957367,-0.9497082829475403,-0.060115501284599304,-0.01598736084997654,-0.4747808277606964,-0.00015017653640825301,0.006834795698523521,-0.7209726572036743,-0.04157642275094986,0.021923299878835678,-0.8572892546653748,-0.06874152272939682,0.049024760723114014,-1.0,-0.07754682749509811,0.050242990255355835,-0.3986263573169708,-0.013033204711973667,0.07440964132547379,-0.4810318350791931,-0.07907114923000336,0.03131169080734253,-0.3433647155761719,-0.08282016217708588,0.015196683816611767,-0.2916959226131439,-0.062457263469696045,0.10843289643526077,-0.3011447787284851,-0.029577242210507393,0.11814375966787338,-0.3760613799095154,-0.0765434056520462,0.08106373995542526,-0.2805335819721222,-0.06579029560089111,0.06160841882228851,-0.24165602028369904,-0.04418231174349785
K,K_session_002,186,0.0,0.0,0.0,-0.06682374328374863,-0.1675976663827896,-0.049486905336380005,-0.08533933758735657,-0.3578133285045624,-0.06229075416922569,-0.05191779509186745,-0.5369697213172913,-0.0744127482175827,-0.03906511142849922,-0.6892015337944031,-0.0813959464430809,-0.08986791223287582,-0.5006958842277527,0.0001237922697328031,-0.10161285847425461,-0.7043754458427429,-0.03220374509692192,-0.1031903326511383,-0.8338714838027954,-0.053315650671720505,-0.10029037296772003,-0.9516839385032654,-0.06567345559597015,-0.017647478729486465,-0.4739038348197937,-0.0026732166297733784,0.007050526328384876,-0.7209927439689636,-0.04470615088939667,0.02398761548101902,-0.8577509522438049,-0.07212319225072861,0.05224465951323509,-1.0,-0.08157223463058472,0.04948878288269043,-0.396079421043396,-0.014732197858393192,0.07375350594520569,-0.4807520806789398,-0.08081934601068497,0.030982686206698418,-0.3417692184448242,-0.08420456945896149,0.014249627478420734,-0.29025083780288696,-0.06416380405426025,0.10802814364433289,-0.2982221841812134,-0.030665159225463867,0.11783351004123688,-0.3728412389755249,-0.07882752269506454,0.08061693608760834,-0.2772653102874756,-0.06874980032444,0.05986011400818825,-0.2389584481716156,-0.04779161140322685
K,K_session_002,187,0.0,0.0,0.0,-0.06445938348770142,-0.17155821621418,-0.04695016145706177,-0.0845966562628746,-0.3606380522251129,-0.05855569988489151,-0.05371135473251343,-0.5400038957595825,-0.06988564878702164,-0.040113989263772964,-0.6907983422279358,-0.07624230533838272,-0.09019305557012558,-0.5022662281990051,0.0036188673693686724,-0.10166747868061066,-0.7042937874794006,-0.027655266225337982,-0.10273464024066925,-0.8322159051895142,-0.04840504005551338,-0.10021142661571503,-0.948863685131073,-0.06045308709144592,-0.019551437348127365,-0.4764518439769745,0.0001364416821161285,0.00606737844645977,-0.7214594483375549,-0.04042796045541763,0.025433942675590515,-0.8589525818824768,-0.06740774214267731,0.05410369485616684,-1.0,-0.07662505656480789,0.047147300094366074,-0.39849942922592163,-0.012506198137998581,0.07281751185655594,-0.48121199011802673,-0.07738011330366135,0.0320083424448967,-0.3458145260810852,-0.08227120339870453,0.014294606633484364,-0.2957463264465332,-0.06346569210290909,0.10553275048732758,-0.2996942102909088,-0.02866300940513611,0.11794482171535492,-0.3761024475097656,-0.07560673356056213,0.08043906837701797,-0.2814965546131134,-0.0660289078950882,0.05713186413049698,-0.2436676174402237,-0.04572154954075813
K,K_session_002,188,0.0,0.0,0.0,-0.062297411262989044,-0.16963165998458862,-0.04767916724085808,-0.0831323191523552,-0.358895868062973,-0.0605735145509243,-0.05225462466478348,-0.5398428440093994,-0.0730866938829422,-0.03728286921977997,-0.693058431148529,-0.08058159053325653,-0.0873488187789917,-0.5018435120582581,-0.0002866717695724219,-0.09918314963579178,-0.7024823427200317,-0.03377532958984375,-0.1004374697804451,-0.8310745358467102,-0.05585100129246712,-0.09768567979335785,-0.9486249685287476,-0.06891582906246185,-0.017188377678394318,-0.4784663915634155,-0.003924929071217775,0.008471929468214512,-0.7215452790260315,-0.04630272090435028,0.026883933693170547,-0.8567684888839722,-0.07359789311885834,0.0560426190495491,-1.0,-0.08321592211723328,0.04941315948963165,-0.40225863456726074,-0.016704009845852852,0.0763346403837204,-0.4863729774951935,-0.08228018879890442,0.03452885150909424,-0.3504294455051422,-0.08607309311628342,0.016875268891453743,-0.30263856053352356,-0.06685084849596024,0.10865715891122818,-0.3037586212158203,-0.033181872218847275,0.12149906158447266,-0.38313227891921997,-0.08061186224222183,0.08269558101892471,-0.2900658845901489,-0.07087554037570953,0.05879097431898117,-0.25356149673461914,-0.05059333145618439
K,K_session_002,189,0.0,0.0,0.0,-0.06347368657588959,-0.16996945440769196,-0.0454714410007,-0.08335281908512115,-0.3585093915462494,-0.058309540152549744,-0.05268195644021034,-0.5358486771583557,-0.07157854735851288,-0.03937273100018501,-0.6845879554748535,-0.07982626557350159,-0.08889841288328171,-0.49945804476737976,0.0018071136437356472,-0.10323917120695114,-0.6967740654945374,-0.033228568732738495,-0.10516959428787231,-0.8258152604103088,-0.056165143847465515,-0.10237962007522583,-0.944012463092804,-0.06946080178022385,-0.018509313464164734,-0.4757051467895508,-0.0037682638503611088,0.0060902247205376625,-0.7210959792137146,-0.04904557392001152,0.02414579503238201,-0.8555370569229126,-0.077678382396698,0.05289001390337944,-1.0,-0.0874636322259903,0.04782324284315109,-0.402973473072052,-0.018379943445324898,0.07558919489383698,-0.4880792498588562,-0.08713563531637192,0.032824985682964325,-0.3487997055053711,-0.09028127044439316,0.013734961859881878,-0.29894140362739563,-0.06945358216762543,0.10753194242715836,-0.30799221992492676,-0.03649468347430229,0.12103565782308578,-0.38573208451271057,-0.08488564938306808,0.08295319229364395,-0.2894710600376129,-0.07374255359172821,0.05905875563621521,-0.2514473497867584,-0.0519251748919487
K,K_session_002,190,0.0,0.0,0.0,-0.06286635994911194,-0.17415976524353027,-0.0404491052031517,-0.08356506377458572,-0.36099711060523987,-0.05161665380001068,-0.05452556163072586,-0.5377306938171387,-0.06453602015972137,-0.04497046396136284,-0.6836944818496704,-0.0726449191570282,-0.0873727947473526,-0.5013496279716492,0.004572647623717785,-0.10460355877876282,-0.6981797218322754,-0.029626859351992607,-0.10982034355401993,-0.8264793753623962,-0.052229393273591995,-0.11039463430643082,-0.943402111530304,-0.06595714390277863,-0.01719343475997448,-0.48017728328704834,-0.0035994690842926502,0.0023957430385053158,-0.7187643647193909,-0.049666598439216614,0.018357155844569206,-0.8555173277854919,-0.07991161942481995,0.046139173209667206,-1.0,-0.09157436341047287,0.049502674490213394,-0.40576884150505066,-0.020022721961140633,0.07329390943050385,-0.4914923906326294,-0.08746088296175003,0.03253169730305672,-0.35275161266326904,-0.08918368071317673,0.015482435934245586,-0.30100372433662415,-0.0682867169380188,0.10863339900970459,-0.3070595860481262,-0.039708130061626434,0.11941570043563843,-0.3874516189098358,-0.08693844825029373,0.08201475441455841,-0.2933769226074219,-0.07494179904460907,0.05988359823822975,-0.25510698556900024,-0.05300549790263176
K,K_session_002,191,0.0,0.0,0.0,-0.06650672107934952,-0.16895492374897003,-0.04660957679152489,-0.08793602138757706,-0.36136654019355774,-0.05712186172604561,-0.05911589413881302,-0.5456453561782837,-0.06798750162124634,-0.054355982691049576,-0.6990311145782471,-0.07385334372520447,-0.0902181938290596,-0.5031324028968811,0.006117701530456543,-0.11140310764312744,-0.6987168192863464,-0.02660064399242401,-0.12065830081701279,-0.8285397887229919,-0.047884777188301086,-0.12650234997272491,-0.9468342661857605,-0.06061408296227455,-0.019558703526854515,-0.48097705841064453,0.0012228218838572502,-0.00434020534157753,-0.7235512137413025,-0.042092807590961456,0.006292493082582951,-0.854938805103302,-0.06985407322645187,0.028815453872084618,-1.0,-0.07922632992267609,0.04735180363059044,-0.4072740375995636,-0.01315930113196373,0.06852062791585922,-0.49380865693092346,-0.07964246720075607,0.030092403292655945,-0.35536620020866394,-0.08028343319892883,0.015287208370864391,-0.3118687868118286,-0.05816103145480156,0.1071920171380043,-0.3121434450149536,-0.03146810084581375,0.11626842617988586,-0.39479929208755493,-0.07750270515680313,0.08079338073730469,-0.29859426617622375,-0.06441476196050644,0.06129854544997215,-0.26356056332588196,-0.04164846986532211
K,K_session_002,192,0.0,0.0,0.0,-0.06794819980859756,-0.16382797062397003,-0.04408331960439682,-0.09403147548437119,-0.3518587350845337,-0.05652196705341339,-0.06689517945051193,-0.5361932516098022,-0.06985930353403091,-0.060516711324453354,-0.685806155204773,-0.07880928367376328,-0.09756310284137726,-0.49011191725730896,0.0008144631283357739,-0.1241225078701973,-0.6864520907402039,-0.03557176515460014,-0.13548222184181213,-0.8168671131134033,-0.058532506227493286,-0.14413760602474213,-0.937111496925354,-0.07170272618532181,-0.02600027248263359,-0.47169575095176697,-0.005691079422831535,-0.01704765297472477,-0.7173133492469788,-0.050025902688503265,-0.008776681497693062,-0.8491198420524597,-0.07649097591638565,0.010201235301792622,-1.0,-0.08481452614068985,0.042203739285469055,-0.40305840969085693,-0.021053411066532135,0.05578415468335152,-0.48682495951652527,-0.08590605854988098,0.022092582657933235,-0.3543277680873871,-0.08348260074853897,0.012015599757432938,-0.31588172912597656,-0.05973365157842636,0.10317795723676682,-0.3128786087036133,-0.04030377417802811,0.10575176030397415,-0.3913901746273041,-0.0818835198879242,0.07629033923149109,-0.29774048924446106,-0.06440062820911407,0.06413360685110092,-0.26526883244514465,-0.03914489597082138
K,K_session_002,193,0.0,0.0,0.0,-0.06768754124641418,-0.15329135954380035,-0.04521478712558746,-0.09628687053918839,-0.3406035006046295,-0.060333285480737686,-0.0718846395611763,-0.5234795212745667,-0.0763515830039978,-0.06348834186792374,-0.6740236878395081,-0.08772838115692139,-0.09455476701259613,-0.48197218775749207,-0.006422325968742371,-0.12562346458435059,-0.6814454197883606,-0.04464123398065567,-0.14206992089748383,-0.809984564781189,-0.06715453416109085,-0.15416991710662842,-0.9289058446884155,-0.0800568163394928,-0.023333171382546425,-0.4695616066455841,-0.013455064035952091,-0.02101226896047592,-0.7147900462150574,-0.06069895252585411,-0.01826573722064495,-0.8481021523475647,-0.08762336522340775,-0.0012464177561923862,-1.0,-0.09611223638057709,0.046551663428545,-0.40354031324386597,-0.028824614360928535,0.051409874111413956,-0.4858347177505493,-0.09426864236593246,0.019610201939940453,-0.34663334488868713,-0.0884491503238678,0.016280118376016617,-0.30358055233955383,-0.06240932270884514,0.10973343998193741,-0.31428688764572144,-0.04835718497633934,0.10185118764638901,-0.39167335629463196,-0.08956750482320786,0.07299309223890305,-0.2951219379901886,-0.06973445415496826,0.06667135655879974,-0.2606142461299896,-0.042764585465192795
K,K_session_002,194,0.0,0.0,0.0,-0.06977404654026031,-0.14511923491954803,-0.05166524276137352,-0.1002020314335823,-0.3374031186103821,-0.06800777465105057,-0.07446429878473282,-0.5240112543106079,-0.08372052758932114,-0.07185208797454834,-0.684584379196167,-0.09454122930765152,-0.09844812750816345,-0.4850209653377533,-0.009648872539401054,-0.1335155963897705,-0.6840362548828125,-0.04574894160032272,-0.15220116078853607,-0.8141336441040039,-0.0645720586180687,-0.16625894606113434,-0.934020459651947,-0.07446411997079849,-0.025708328932523727,-0.47474750876426697,-0.012524683028459549,-0.02313164994120598,-0.7181965708732605,-0.0559651255607605,-0.02206471376121044,-0.8455085158348083,-0.077657051384449,-0.007194992620497942,-1.0,-0.08179944008588791,0.044928230345249176,-0.40952229499816895,-0.024772657081484795,0.04853789135813713,-0.48924216628074646,-0.08882616460323334,0.0175001323223114,-0.3473004698753357,-0.08292092382907867,0.014432165771722794,-0.3138083815574646,-0.05661379173398018,0.10914549231529236,-0.32274430990219116,-0.04157453775405884,0.100465789437294,-0.39992180466651917,-0.08295128494501114,0.07131284475326538,-0.29974374175071716,-0.0645243376493454,0.06479343771934509,-0.2682010531425476,-0.038447510451078415
K,K_session_002,195,0.0,0.0,0.0,-0.0748390480875969,-0.14063623547554016,-0.050459492951631546,-0.10641463845968246,-0.33557185530662537,-0.06586962193250656,-0.08358871191740036,-0.5226154327392578,-0.08063971251249313,-0.0780627653002739,-0.6788364052772522,-0.09035351872444153,-0.10477539896965027,-0.47785505652427673,-0.01124409306794405,-0.14104144275188446,-0.6789520978927612,-0.04711909964680672,-0.16253383457660675,-0.8070891499519348,-0.06584899872541428,-0.18058033287525177,-0.9262889623641968,-0.07604498416185379,-0.032476723194122314,-0.467941552400589,-0.015056614764034748,-0.029036978259682655,-0.7179250121116638,-0.059750501066446304,-0.0287435632199049,-0.8470346331596375,-0.08292883634567261,-0.015596162527799606,-1.0,-0.08842994272708893,0.036766357719898224,-0.4055755138397217,-0.027628911659121513,0.04406017065048218,-0.4851376414299011,-0.09278997778892517,0.011891782283782959,-0.3411959111690521,-0.08722038567066193,0.005838141310960054,-0.3041849136352539,-0.061222176998853683,0.10070355236530304,-0.321885347366333,-0.044662412256002426,0.09647025167942047,-0.3933362662792206,-0.0869707316160202,0.06657513231039047,-0.2908051609992981,-0.06882156431674957,0.05660652369260788,-0.25686681270599365,-0.04307165369391441
K,K_session_002,196,0.0,0.0,0.0,-0.07090887427330017,-0.14335107803344727,-0.05261852592229843,-0.10095671564340591,-0.3371336758136749,-0.07184647768735886,-0.08063583076000214,-0.52178555727005,-0.0904340147972107,-0.07818006724119186,-0.6780862212181091,-0.10395243018865585,-0.10360977798700333,-0.478156179189682,-0.015172119252383709,-0.1393541395664215,-0.6783698797225952,-0.05221490561962128,-0.16189320385456085,-0.807324230670929,-0.07101121544837952,-0.18040095269680023,-0.9257169365882874,-0.08129005879163742,-0.0308097954839468,-0.4664236605167389,-0.01873902603983879,-0.028641853481531143,-0.7170031070709229,-0.06455224007368088,-0.026774296537041664,-0.8457146883010864,-0.08721227943897247,-0.01191967073827982,-1.0,-0.09230085462331772,0.04018856957554817,-0.40136778354644775,-0.03121611848473549,0.04650836065411568,-0.4897679388523102,-0.09661992639303207,0.014178321696817875,-0.3405971825122833,-0.08950072526931763,0.0083054443821311,-0.30052027106285095,-0.06277844309806824,0.10438987612724304,-0.3159756660461426,-0.04832962155342102,0.09808473289012909,-0.3912152051925659,-0.09099802374839783,0.06957388669252396,-0.2880055904388428,-0.07233878970146179,0.06177379563450813,-0.2540820240974426,-0.04638448730111122
K,K_session_002,197,0.0,0.0,0.0,-0.0698254257440567,-0.14543698728084564,-0.0506417453289032,-0.09996189177036285,-0.3416440188884735,-0.0688125267624855,-0.08052174001932144,-0.5264447927474976,-0.08634611964225769,-0.07625719159841537,-0.6832810044288635,-0.09862812608480453,-0.10266973823308945,-0.4801313281059265,-0.01615416631102562,-0.13770030438899994,-0.6814920902252197,-0.05336984246969223,-0.15986840426921844,-0.8088135719299316,-0.07320285588502884,-0.1771039366722107,-0.9277791380882263,-0.0847117155790329,-0.029568228870630264,-0.4687114357948303,-0.020726973190903664,-0.026637772098183632,-0.7162389159202576,-0.06747182458639145,-0.024656469002366066,-0.8490971922874451,-0.09236779063940048,-0.00825039204210043,-1.0,-0.09963905811309814,0.041842907667160034,-0.40206632018089294,-0.033654820173978806,0.04880760982632637,-0.4840160012245178,-0.09907389432191849,0.0146147096529603,-0.3367142379283905,-0.09348487854003906,0.008343350142240524,-0.292612224817276,-0.06820311397314072,0.10706184059381485,-0.31331849098205566,-0.050966162234544754,0.10090579837560654,-0.38236600160598755,-0.09428642690181732,0.07033634930849075,-0.28192150592803955,-0.076995849609375,0.06080970540642738,-0.24726292490959167,-0.05212191492319107
K,K_session_002,198,0.0,0.0,0.0,-0.06987550109624863,-0.14727990329265594,-0.048498474061489105,-0.09905508905649185,-0.34492549300193787,-0.06501061469316483,-0.07953418046236038,-0.5310791730880737,-0.08134709298610687,-0.07654201984405518,-0.6873782873153687,-0.09260452538728714,-0.10249583423137665,-0.47802895307540894,-0.012631246820092201,-0.13906721770763397,-0.682811439037323,-0.049799807369709015,-0.16105802357196808,-0.8120974898338318,-0.06961511075496674,-0.1778641641139984,-0.9324392080307007,-0.08089975267648697,-0.028658214956521988,-0.4666398763656616,-0.01814235933125019,-0.02329687401652336,-0.718002438545227,-0.06490297615528107,-0.018367955461144447,-0.8500229120254517,-0.0895516648888588,0.00024714902974665165,-1.0,-0.0961477980017662,0.04297967627644539,-0.40019917488098145,-0.03203617408871651,0.04886994510889053,-0.48224419355392456,-0.0979623943567276,0.014577399007976055,-0.33597347140312195,-0.09269785135984421,0.008577794767916203,-0.2932632565498352,-0.06724246591329575,0.10864819586277008,-0.3110556900501251,-0.05009495094418526,0.10231636464595795,-0.3791362941265106,-0.09338578581809998,0.07099699229001999,-0.2774161994457245,-0.07565589249134064,0.06148052215576172,-0.24220271408557892,-0.05028199777007103
K,K_session_002,199,0.0,0.0,0.0,-0.06620966643095016,-0.14641347527503967,-0.056087903678417206,-0.09409014135599136,-0.34465113282203674,-0.07441969960927963,-0.07556218653917313,-0.5347400903701782,-0.09015031903982162,-0.07505985349416733,-0.6975768208503723,-0.10024109482765198,-0.10301344096660614,-0.4832751750946045,-0.01573430933058262,-0.13671502470970154,-0.6850193738937378,-0.05095629394054413,-0.15592187643051147,-0.8119077682495117,-0.06932522356510162,-0.17069397866725922,-0.932083785533905,-0.07930803298950195,-0.029064510017633438,-0.46930015087127686,-0.01568521186709404,-0.019544193521142006,-0.720009446144104,-0.059576570987701416,-0.010966651141643524,-0.8495187759399414,-0.08197877556085587,0.009244164451956749,-1.0,-0.08679687231779099,0.041968781501054764,-0.4021196663379669,-0.02484770677983761,0.05378861352801323,-0.479180246591568,-0.08994310349225998,0.017160695046186447,-0.3354315161705017,-0.08766891062259674,0.006930624600499868,-0.29846009612083435,-0.06415597349405289,0.10744607448577881,-0.315369188785553,-0.038467101752758026,0.10721322894096375,-0.37823644280433655,-0.08259844779968262,0.07479807734489441,-0.27770137786865234,-0.06827368587255478,0.06155260279774666,-0.2465328425168991,-0.04515436291694641
K,K_session_002,200,0.0,0.0,0.0,-0.06833034753799438,-0.14995963871479034,-0.05009722709655762,-0.0946565642952919,-0.3511454164981842,-0.06714086979627609,-0.07439485192298889,-0.5417737364768982,-0.08309482783079147,-0.06898441910743713,-0.7039036154747009,-0.09375506639480591,-0.10026277601718903,-0.4844221770763397,-0.015034526586532593,-0.13248182833194733,-0.6922994256019592,-0.04993307217955589,-0.15078485012054443,-0.8200513124465942,-0.06754738837480545,-0.16391704976558685,-0.9410948753356934,-0.07730354368686676,-0.02649594470858574,-0.46902334690093994,-0.018346816301345825,-0.0118950130417943,-0.7207238078117371,-0.06338126957416534,-0.0015572799602523446,-0.8517575263977051,-0.08661097288131714,0.020704694092273712,-1.0,-0.09243244677782059,0.044606342911720276,-0.4002199172973633,-0.02979651279747486,0.05989127978682518,-0.4849206209182739,-0.09496300667524338,0.021519865840673447,-0.3373582661151886,-0.09146898239850998,0.009806198067963123,-0.29210224747657776,-0.06746261566877365,0.11085139960050583,-0.3110010623931885,-0.04515494033694267,0.1127086877822876,-0.3791615068912506,-0.08940684050321579,0.07814763486385345,-0.27808424830436707,-0.07424712926149368,0.06222253665328026,-0.24274253845214844,-0.05060185119509697
K,K_session_002,201,0.0,0.0,0.0,-0.0669616088271141,-0.1545788198709488,-0.050516534596681595,-0.09151802211999893,-0.35739752650260925,-0.06748203188180923,-0.06982311606407166,-0.5496649742126465,-0.08373989909887314,-0.06378012150526047,-0.7138718962669373,-0.09449158608913422,-0.09729377180337906,-0.49230483174324036,-0.011140365153551102,-0.1272258758544922,-0.6985106468200684,-0.04652557894587517,-0.14474065601825714,-0.8259958028793335,-0.06460773199796677,-0.156215637922287,-0.9477319717407227,-0.07481659948825836,-0.02280878834426403,-0.47289609909057617,-0.014691069722175598,-0.006264421623200178,-0.7210500836372375,-0.060115206986665726,0.006206002086400986,-0.8495253324508667,-0.08344239741563797,0.03178858011960983,-1.0,-0.0892818421125412,0.048326555639505386,-0.40048742294311523,-0.02699686959385872,0.06229512020945549,-0.4848984479904175,-0.09234164655208588,0.02235172875225544,-0.3377789258956909,-0.08787068724632263,0.011471426114439964,-0.2970483899116516,-0.06333933770656586,0.11409632861614227,-0.3085503578186035,-0.04351399093866348,0.1149568185210228,-0.376712828874588,-0.08774376660585403,0.07944907993078232,-0.2765018045902252,-0.07212947309017181,0.06496680527925491,-0.2437524050474167,-0.048252593725919724
K,K_session_002,202,0.0,0.0,0.0,-0.06768646091222763,-0.14669674634933472,-0.06381276249885559,-0.0943451076745987,-0.351778507232666,-0.08523483574390411,-0.0726870447397232,-0.5494899749755859,-0.10305222868919373,-0.06757359206676483,-0.7271223068237305,-0.11465659737586975,-0.09914048761129379,-0.501025915145874,-0.014796028845012188,-0.12707285583019257,-0.7029901742935181,-0.04813389852643013,-0.1430552452802658,-0.8342324495315552,-0.06283704936504364,-0.15217988193035126,-0.9555985927581787,-0.07009521871805191,-0.02269943244755268,-0.4781716465950012,-0.010618278756737709,-0.004315146245062351,-0.726754367351532,-0.05184527114033699,0.009759352542459965,-0.8484439253807068,-0.06917011737823486,0.03735685721039772,-1.0,-0.06992807239294052,0.0483517087996006,-0.40308716893196106,-0.01740153320133686,0.0603279285132885,-0.48888933658599854,-0.08245683461427689,0.019571390002965927,-0.33777153491973877,-0.07855304330587387,0.008771915920078754,-0.305591344833374,-0.05376192927360535,0.11253955215215683,-0.31249573826789856,-0.029267989099025726,0.11121261119842529,-0.3804923892021179,-0.0752258449792862,0.07570793479681015,-0.2756328582763672,-0.06247730180621147,0.06113266572356224,-0.24572865664958954,-0.040248528122901917
K,K_session_002,203,0.0,0.0,0.0,-0.06977563351392746,-0.15258777141571045,-0.0590766966342926,-0.09533410519361496,-0.3583724796772003,-0.0770476907491684,-0.07241204380989075,-0.5553375482559204,-0.09208571910858154,-0.06220066174864769,-0.7276804447174072,-0.10116241872310638,-0.10039378702640533,-0.5038115382194519,-0.010905011557042599,-0.12679044902324677,-0.7121349573135376,-0.04323580861091614,-0.1411782205104828,-0.8419765830039978,-0.05911717191338539,-0.14957664906978607,-0.962820827960968,-0.06749625504016876,-0.02456357143819332,-0.479493111371994,-0.008737727999687195,-0.0038953141774982214,-0.7277828454971313,-0.049398455768823624,0.012180516496300697,-0.8527413010597229,-0.0698339194059372,0.040534988045692444,-1.0,-0.07345537841320038,0.04584519565105438,-0.4034918248653412,-0.01677006110548973,0.06263718754053116,-0.4842507243156433,-0.08075758069753647,0.021482184529304504,-0.3403986990451813,-0.08007144182920456,0.008519191294908524,-0.30797314643859863,-0.05811665579676628,0.10982251912355423,-0.31105777621269226,-0.029413577169179916,0.1127709150314331,-0.37449324131011963,-0.07495323568582535,0.07657190412282944,-0.2743893265724182,-0.06332409381866455,0.060040492564439774,-0.24547739326953888,-0.04208352416753769
K,K_session_002,204,0.0,0.0,0.0,-0.06422904133796692,-0.15711477398872375,-0.05417731776833534,-0.0883791372179985,-0.3612363636493683,-0.07446981221437454,-0.06285131722688675,-0.5557698607444763,-0.09386579692363739,-0.04854070395231247,-0.724914014339447,-0.10775604099035263,-0.08527804166078568,-0.5063822865486145,-0.016249382868409157,-0.10993209481239319,-0.714259147644043,-0.055270444601774216,-0.12653037905693054,-0.8429486155509949,-0.0752682164311409,-0.1351826786994934,-0.9657436013221741,-0.08669432997703552,-0.010818025097250938,-0.47991082072257996,-0.019090715795755386,0.009712869301438332,-0.7234680652618408,-0.06725583970546722,0.021686730906367302,-0.847671389579773,-0.09136416018009186,0.05180889368057251,-1.0,-0.09792838990688324,0.05897565931081772,-0.39997339248657227,-0.031088445335626602,0.07218344509601593,-0.48467889428138733,-0.09691530466079712,0.027049897238612175,-0.33937302231788635,-0.09156358987092972,0.019297510385513306,-0.3042793869972229,-0.06730354577302933,0.12175283581018448,-0.302519828081131,-0.047862738370895386,0.12003662437200546,-0.3703983426094055,-0.09258868545293808,0.08168301731348038,-0.27405011653900146,-0.0772886723279953,0.07067963480949402,-0.24587716162204742,-0.05402916669845581
K,K_session_002,205,0.0,0.0,0.0,-0.06791280210018158,-0.16551658511161804,-0.04372555390000343,-0.08985666185617447,-0.3733798861503601,-0.05918270722031593,-0.060717370361089706,-0.5662654042243958,-0.0756523534655571,-0.04245821386575699,-0.7274858355522156,-0.08699244260787964,-0.08646269142627716,-0.5069526433944702,-0.006469125393778086,-0.11144840717315674,-0.7187788486480713,-0.04295671358704567,-0.12489644438028336,-0.8511945009231567,-0.06267046183347702,-0.13214744627475739,-0.9743275046348572,-0.07392048090696335,-0.012643036432564259,-0.4781839847564697,-0.013586392626166344,0.010812580585479736,-0.7201347947120667,-0.059991490095853806,0.02794513665139675,-0.8509942293167114,-0.08569036424160004,0.05909720063209534,-1.0,-0.09361277520656586,0.05611962452530861,-0.3988736867904663,-0.028654025867581367,0.07167486101388931,-0.4813694953918457,-0.09250036627054214,0.027745382860302925,-0.3425719141960144,-0.08728388696908951,0.016489172354340553,-0.2987399697303772,-0.06293350458145142,0.11901701986789703,-0.2993682622909546,-0.04751824215054512,0.1183527484536171,-0.36580127477645874,-0.08896275609731674,0.0813819095492363,-0.27281704545021057,-0.07128474861383438,0.06820444017648697,-0.2409282624721527,-0.04633838310837746
K,K_session_002,206,0.0,0.0,0.0,-0.06541896611452103,-0.16088497638702393,-0.04874787479639053,-0.0847514420747757,-0.3696029484272003,-0.06658880412578583,-0.0555291548371315,-0.562538206577301,-0.08439668267965317,-0.03771873936057091,-0.7263585329055786,-0.09718440473079681,-0.07816319167613983,-0.5117848515510559,-0.013995079323649406,-0.09934937208890915,-0.7241016626358032,-0.052363067865371704,-0.11271324753761292,-0.8564422726631165,-0.07320072501897812,-0.11846625804901123,-0.9812015295028687,-0.08542589098215103,-0.004311494063585997,-0.48102840781211853,-0.019160332158207893,0.020875364542007446,-0.7211109399795532,-0.06669571250677109,0.03498488664627075,-0.8489640951156616,-0.09280160814523697,0.06784453243017197,-1.0,-0.10123047977685928,0.06363766640424728,-0.39838534593582153,-0.03241125866770744,0.07712337374687195,-0.4788716435432434,-0.09616948664188385,0.028388846665620804,-0.3412289619445801,-0.09079721570014954,0.019505180418491364,-0.3035053312778473,-0.06702388823032379,0.12488054484128952,-0.29810985922813416,-0.05002526193857193,0.12046314775943756,-0.3618416488170624,-0.09283039718866348,0.08128335326910019,-0.2700560986995697,-0.07628461718559265,0.07150106877088547,-0.24187886714935303,-0.052179694175720215
K,K_session_002,207,0.0,0.0,0.0,-0.06504911929368973,-0.17182566225528717,-0.035441890358924866,-0.07737912237644196,-0.387268602848053,-0.050015877932310104,-0.04332221671938896,-0.5776664018630981,-0.0678180530667305,-0.02281709760427475,-0.7330563068389893,-0.08134970813989639,-0.0627983957529068,-0.5071126222610474,-0.01093665137887001,-0.0838622972369194,-0.7242029309272766,-0.049862150102853775,-0.09697383642196655,-0.861723780632019,-0.06992199271917343,-0.10255586355924606,-0.98842853307724,-0.08199644833803177,0.009487699717283249,-0.47697627544403076,-0.02384536899626255,0.03484931215643883,-0.7154878973960876,-0.07385009527206421,0.046483151614665985,-0.8494486808776855,-0.10067456215620041,0.07853148132562637,-1.0,-0.11003484576940536,0.07573539763689041,-0.3938920795917511,-0.04309440031647682,0.08488018065690994,-0.4842507839202881,-0.10491137206554413,0.03622008115053177,-0.3481569290161133,-0.09449612349271774,0.03063569962978363,-0.301677405834198,-0.06819916516542435,0.13563929498195648,-0.29036945104599,-0.06605130434036255,0.12488286942243576,-0.3574046492576599,-0.10460366308689117,0.08606625348329544,-0.27084848284721375,-0.08431413769721985,0.08101347088813782,-0.2411791980266571,-0.058621883392333984
K,K_session_002,208,0.0,0.0,0.0,-0.06958416104316711,-0.1702408492565155,-0.03310759738087654,-0.07909220457077026,-0.388455331325531,-0.046943169087171555,-0.03891517594456673,-0.5758103728294373,-0.06485304236412048,-0.013254020363092422,-0.7256574630737305,-0.07937866449356079,-0.05784875154495239,-0.5055950284004211,-0.01101209782063961,-0.07984423637390137,-0.728303074836731,-0.05022014304995537,-0.09312883019447327,-0.8711077570915222,-0.07001706957817078,-0.09818565845489502,-1.0,-0.08192520588636398,0.015957500785589218,-0.47440698742866516,-0.025535469874739647,0.04203915223479271,-0.7141161561012268,-0.0755951851606369,0.0507563054561615,-0.8486291766166687,-0.10141577571630478,0.08250940591096878,-0.996605634689331,-0.10979431122541428,0.08128198981285095,-0.38795673847198486,-0.04625401273369789,0.08495171368122101,-0.4773968756198883,-0.10850983113050461,0.032634250819683075,-0.33896714448928833,-0.09691456705331802,0.029904061928391457,-0.28818321228027344,-0.06925641000270844,0.14017747342586517,-0.27841877937316895,-0.07053714245557785,0.12378916144371033,-0.3484331965446472,-0.1091608926653862,0.08235598355531693,-0.2592383921146393,-0.08807309716939926,0.07913714647293091,-0.22555355727672577,-0.06169253587722778
K,K_session_002,209,0.0,0.0,0.0,-0.0669173151254654,-0.1699472963809967,-0.028862277045845985,-0.07455150038003922,-0.3878394067287445,-0.041052162647247314,-0.03115120157599449,-0.5701159238815308,-0.058335043489933014,-0.0031591826118528843,-0.7135135531425476,-0.07229951024055481,-0.045408137142658234,-0.5036502480506897,-0.01008685864508152,-0.06683553010225296,-0.7277220487594604,-0.05068305879831314,-0.08000621944665909,-0.8701953291893005,-0.07078874856233597,-0.08594905585050583,-1.0,-0.08280012011528015,0.027035590261220932,-0.46949514746665955,-0.027068249881267548,0.05217262730002403,-0.70589679479599,-0.07899698615074158,0.058077141642570496,-0.841428279876709,-0.10523573309183121,0.08778746426105499,-0.9911453127861023,-0.11397450417280197,0.09179984033107758,-0.38101017475128174,-0.049789197742938995,0.08926886320114136,-0.47923728823661804,-0.11200092732906342,0.03621480613946915,-0.3450113832950592,-0.09799052774906158,0.03615429624915123,-0.29292622208595276,-0.06876406818628311,0.1491519659757614,-0.26748937368392944,-0.0759393647313118,0.1284703016281128,-0.3486691117286682,-0.11295635998249054,0.08474068343639374,-0.26391488313674927,-0.08951524645090103,0.08339662104845047,-0.2276228666305542,-0.061645664274692535
K,K_session_002,210,0.0,0.0,0.0,-0.06709766387939453,-0.17300717532634735,-0.02776169776916504,-0.07340303808450699,-0.39301055669784546,-0.03843933716416359,-0.027535509318113327,-0.5688132643699646,-0.05439382791519165,0.00045717571629211307,-0.7084444165229797,-0.06656844168901443,-0.03397144749760628,-0.5080511569976807,-0.0058748661540448666,-0.05410473421216011,-0.7300737500190735,-0.047980718314647675,-0.06798842549324036,-0.8690518736839294,-0.06818810850381851,-0.07433293014764786,-1.0,-0.07951351255178452,0.03797100484371185,-0.4717349410057068,-0.023484844714403152,0.06253432482481003,-0.7036746144294739,-0.07691926509141922,0.0655813068151474,-0.8340969681739807,-0.10205372422933578,0.09404104202985764,-0.9831932783126831,-0.10850970447063446,0.10081730037927628,-0.3804832100868225,-0.04751111939549446,0.08902034163475037,-0.47183990478515625,-0.11134161055088043,0.036680303514003754,-0.33639848232269287,-0.09695470333099365,0.042599815875291824,-0.2906699478626251,-0.06607598811388016,0.15457476675510406,-0.2645984888076782,-0.07487829774618149,0.1265403777360916,-0.3428594768047333,-0.10994402319192886,0.08253246545791626,-0.2578139901161194,-0.08502404391765594,0.08662071824073792,-0.2250562608242035,-0.055939774960279465
K,K_session_002,211,0.0,0.0,0.0,-0.0640818253159523,-0.18000920116901398,-0.023176902905106544,-0.06969629228115082,-0.3967226445674896,-0.03204253688454628,-0.022030340507626534,-0.5673618316650391,-0.04762678220868111,0.006322877947241068,-0.7093803882598877,-0.059569865465164185,-0.02125580608844757,-0.5092582702636719,0.001975792460143566,-0.03960729017853737,-0.7305382490158081,-0.041016723960638046,-0.05205085128545761,-0.8700945377349854,-0.06299055367708206,-0.058885592967271805,-1.0,-0.07543205469846725,0.048243388533592224,-0.4709807336330414,-0.017806291580200195,0.07290372252464294,-0.7025150656700134,-0.07309655845165253,0.07419139891862869,-0.8346934914588928,-0.10008473694324493,0.10046309977769852,-0.9812617897987366,-0.10736191272735596,0.11019524186849594,-0.3782425820827484,-0.04403087496757507,0.09193065017461777,-0.47585180401802063,-0.107390396296978,0.04047418013215065,-0.34415629506111145,-0.0918741300702095,0.04976513609290123,-0.29878735542297363,-0.060027264058589935,0.16223260760307312,-0.2604138255119324,-0.07345464825630188,0.13127872347831726,-0.3478185832500458,-0.10596804320812225,0.08584912866353989,-0.2649643123149872,-0.07895883917808533,0.09222228080034256,-0.2295694202184677,-0.04854898154735565
K,K_session_002,212,0.0,0.0,0.0,-0.06593319773674011,-0.18373675644397736,-0.020996689796447754,-0.06993147730827332,-0.4000183343887329,-0.027838554233312607,-0.018295617774128914,-0.5687790513038635,-0.04143909364938736,0.013188340701162815,-0.7063987255096436,-0.051017407327890396,-0.020563729107379913,-0.5054883360862732,0.004426854662597179,-0.03513066843152046,-0.7306967377662659,-0.03672826290130615,-0.04552869871258736,-0.870935320854187,-0.05828552693128586,-0.05211608484387398,-1.0,-0.07081882655620575,0.048258937895298004,-0.4655228853225708,-0.015075569972395897,0.07588864117860794,-0.6939032077789307,-0.07145598530769348,0.07948559522628784,-0.8302321434020996,-0.10046252608299255,0.10524001717567444,-0.9733017683029175,-0.1095169186592102,0.10925820469856262,-0.37257230281829834,-0.04043133556842804,0.09255921840667725,-0.4684530794620514,-0.10413103550672531,0.039963457733392715,-0.3388880789279938,-0.08859962224960327,0.04507453367114067,-0.28682592511177063,-0.056671883910894394,0.1604020893573761,-0.2567174732685089,-0.06877067685127258,0.13114625215530396,-0.3460657000541687,-0.10220576077699661,0.08481325954198837,-0.2643684446811676,-0.07564632594585419,0.08824320137500763,-0.22622834146022797,-0.04533481225371361
K,K_session_002,213,0.0,0.0,0.0,-0.06423685699701309,-0.1858951300382614,-0.020229397341609,-0.06294538825750351,-0.40718039870262146,-0.025920400395989418,-0.00868205912411213,-0.5730418562889099,-0.03857873007655144,0.02162965014576912,-0.708990752696991,-0.047313593327999115,-0.012846137396991253,-0.5094576478004456,0.006696068216115236,-0.027949633076786995,-0.7303512692451477,-0.03501611575484276,-0.03904494643211365,-0.8697774410247803,-0.05802113935351372,-0.04686620458960533,-1.0,-0.07194586098194122,0.0549197718501091,-0.4705312252044678,-0.013592514209449291,0.08281295746564865,-0.6994811296463013,-0.0702497586607933,0.08495870232582092,-0.8343773484230042,-0.10031598806381226,0.10974843055009842,-0.9782140851020813,-0.11001597344875336,0.11525207757949829,-0.3767116963863373,-0.03996345028281212,0.0945863202214241,-0.4712562561035156,-0.10344383120536804,0.04226474091410637,-0.3428936302661896,-0.08874160796403885,0.05020378530025482,-0.29475244879722595,-0.0575978085398674,0.16508762538433075,-0.26015526056289673,-0.06931480765342712,0.13161692023277283,-0.3486030697822571,-0.101662278175354,0.08482912182807922,-0.26557105779647827,-0.07473797351121902,0.09113476425409317,-0.22877493500709534,-0.044681012630462646
K,K_session_002,214,0.0,0.0,0.0,-0.063616082072258,-0.1851901113986969,-0.021465269848704338,-0.06349509209394455,-0.4029194414615631,-0.028554489836096764,-0.009917405433952808,-0.5642048120498657,-0.04230891540646553,0.02277211658656597,-0.7008116245269775,-0.05205781012773514,-0.011651239357888699,-0.5071660876274109,0.003918354865163565,-0.02416040562093258,-0.7298910617828369,-0.03707967698574066,-0.03276323154568672,-0.8705023527145386,-0.05918067693710327,-0.03865779936313629,-1.0,-0.07235005497932434,0.05569158121943474,-0.46751102805137634,-0.01559300534427166,0.08356451988220215,-0.6924198269844055,-0.0709637850522995,0.08793955296278,-0.8294757604598999,-0.10056804120540619,0.11366192251443863,-0.9732915163040161,-0.11047322303056717,0.11586318910121918,-0.3759159445762634,-0.04111190140247345,0.0947168618440628,-0.4687204360961914,-0.1041509360074997,0.04448602721095085,-0.3407772183418274,-0.08987535536289215,0.05214229226112366,-0.2900545001029968,-0.05939267948269844,0.16595955193042755,-0.2623474895954132,-0.06965687870979309,0.13167156279087067,-0.35361215472221375,-0.10252335667610168,0.08582979440689087,-0.2706211507320404,-0.07613268494606018,0.09162422269582748,-0.23048336803913116,-0.04641842469573021
K,K_session_002,215,0.0,0.0,0.0,-0.0644681379199028,-0.1831074059009552,-0.020837118849158287,-0.06161222234368324,-0.4068737328052521,-0.02684275060892105,-0.004431453067809343,-0.5679651498794556,-0.039885252714157104,0.0293060801923275,-0.7018417119979858,-0.04891277849674225,-0.006354181561619043,-0.5106147527694702,0.006224742159247398,-0.018002009019255638,-0.7299283146858215,-0.034958261996507645,-0.027724578976631165,-0.8706668615341187,-0.05722475051879883,-0.03426283225417137,-1.0,-0.07088707387447357,0.0611293725669384,-0.4711942970752716,-0.014263379387557507,0.08947516977787018,-0.6953518986701965,-0.07146018743515015,0.09201207756996155,-0.8310205936431885,-0.10190274566411972,0.11799998581409454,-0.9766017198562622,-0.1118609607219696,0.12100835889577866,-0.3787829875946045,-0.04091951996088028,0.09866882860660553,-0.47298604249954224,-0.10589014738798141,0.046414464712142944,-0.3398013114929199,-0.09095489233732224,0.055103957653045654,-0.28883907198905945,-0.05932874605059624,0.1704552173614502,-0.2636432647705078,-0.07061317563056946,0.13554587960243225,-0.3548285663127899,-0.10453276336193085,0.08856185525655746,-0.267782986164093,-0.07780300080776215,0.09620869904756546,-0.22787480056285858,-0.04758067429065704
K,K_session_002,216,0.0,0.0,0.0,-0.0642247423529625,-0.18376940488815308,-0.02108250930905342,-0.06257256865501404,-0.4041275978088379,-0.02683241292834282,-0.0076857865788042545,-0.5629390478134155,-0.039370425045490265,0.025673311203718185,-0.696499228477478,-0.04768649488687515,-0.007936535403132439,-0.5066395401954651,0.004985818639397621,-0.021152641624212265,-0.7313388586044312,-0.036158327013254166,-0.03079782798886299,-0.8716496229171753,-0.05804147198796272,-0.03697354719042778,-1.0,-0.07107832282781601,0.058653946965932846,-0.46661868691444397,-0.014946886338293552,0.0866134986281395,-0.693766713142395,-0.07212945073843002,0.08991693705320358,-0.8338450789451599,-0.10301575064659119,0.11554024368524551,-0.9788569211959839,-0.11333676427602768,0.11756403744220734,-0.37580451369285583,-0.04100624844431877,0.09503929316997528,-0.4686933755874634,-0.10647528618574142,0.04614097997546196,-0.34024426341056824,-0.09363199025392532,0.05585812032222748,-0.2889663577079773,-0.06340332329273224,0.16695450246334076,-0.2627030611038208,-0.06999536603689194,0.1331859976053238,-0.35699281096458435,-0.10524716228246689,0.08798740059137344,-0.2713456153869629,-0.0801471620798111,0.09516251087188721,-0.22889767587184906,-0.050914548337459564
K,K_session_002,217,0.0,0.0,0.0,-0.060276370495557785,-0.18837717175483704,-0.018362006172537804,-0.055823568254709244,-0.4089922606945038,-0.023281697183847427,-0.0005675227148458362,-0.5679971575737,-0.035627581179142,0.03289030119776726,-0.7008394598960876,-0.04425022378563881,-0.0032650050707161427,-0.5054067373275757,0.006572543177753687,-0.014760435558855534,-0.7302349209785461,-0.03322519361972809,-0.02400299906730652,-0.8717610239982605,-0.0549776665866375,-0.02976435236632824,-1.0,-0.0682947114109993,0.06263329833745956,-0.4635939598083496,-0.014661701396107674,0.09077870100736618,-0.6907594799995422,-0.07088316231966019,0.09516313672065735,-0.8325210213661194,-0.10253618657588959,0.12165261805057526,-0.9767507910728455,-0.11413074284791946,0.12153813987970352,-0.3711613118648529,-0.04138097167015076,0.10285528749227524,-0.4724394381046295,-0.10614421218633652,0.05084289610385895,-0.34486308693885803,-0.09256123006343842,0.05532512441277504,-0.28683924674987793,-0.06209618225693703,0.17019258439540863,-0.2559889853000641,-0.07077842950820923,0.13915683329105377,-0.356704443693161,-0.10610933601856232,0.0926222950220108,-0.27276813983917236,-0.08028896152973175,0.09632115066051483,-0.22617673873901367,-0.05049995332956314
K,K_session_002,218,0.0,0.0,0.0,-0.06413264572620392,-0.1868574619293213,-0.02048795111477375,-0.06147047504782677,-0.4083094000816345,-0.02605578675866127,-0.007010557223111391,-0.5708975195884705,-0.03863747790455818,0.024075832217931747,-0.7117224931716919,-0.04713836684823036,-0.008218743838369846,-0.503204345703125,0.006620996166020632,-0.02135234884917736,-0.7301254868507385,-0.03445645794272423,-0.0304171834141016,-0.8712536096572876,-0.05582549795508385,-0.034998346120119095,-1.0,-0.06826546043157578,0.05944875255227089,-0.46290895342826843,-0.013788632117211819,0.08810248970985413,-0.6959348917007446,-0.07145828008651733,0.09237328916788101,-0.8386350870132446,-0.10289303213357925,0.11850068718194962,-0.9834293723106384,-0.11354837566614151,0.11947952955961227,-0.3714734613895416,-0.040290072560310364,0.100527822971344,-0.46906399726867676,-0.10704676061868668,0.05097950994968414,-0.33959341049194336,-0.0945575162768364,0.05816677212715149,-0.2850772440433502,-0.06395273655653,0.17049665749073029,-0.2575739920139313,-0.0694740042090416,0.13890023529529572,-0.35575923323631287,-0.10563920438289642,0.09354855120182037,-0.26902827620506287,-0.08064781874418259,0.0976911187171936,-0.22453352808952332,-0.05121035501360893
K,K_session_002,219,0.0,0.0,0.0,-0.06408005952835083,-0.1874152570962906,-0.02090010792016983,-0.062251728028059006,-0.40820178389549255,-0.025395167991518974,-0.008744848892092705,-0.574528694152832,-0.0366409607231617,0.02200934663414955,-0.7173266410827637,-0.04380124807357788,-0.010813930071890354,-0.5040626525878906,0.008733164519071579,-0.02304731123149395,-0.7300465703010559,-0.029997358098626137,-0.031597722321748734,-0.8709244728088379,-0.05084489658474922,-0.03651814162731171,-1.0,-0.06344194710254669,0.057142455130815506,-0.4648230969905853,-0.010447299107909203,0.08631952106952667,-0.691764771938324,-0.06522037833929062,0.09048453718423843,-0.8345785737037659,-0.09645761549472809,0.11658608913421631,-0.9808164238929749,-0.10780251026153564,0.11768694967031479,-0.3738129138946533,-0.035683535039424896,0.10083246231079102,-0.46897873282432556,-0.0995463952422142,0.05048056319355965,-0.3433479368686676,-0.08735707402229309,0.05665915459394455,-0.2909858822822571,-0.05787622183561325,0.16888219118118286,-0.2609575390815735,-0.06377699226140976,0.1388484388589859,-0.35630664229393005,-0.09844694286584854,0.09357572346925735,-0.274252325296402,-0.0738447904586792,0.09774938225746155,-0.23196284472942352,-0.04510616883635521
K,K_session_002,220,0.0,0.0,0.0,-0.06453156471252441,-0.18846412003040314,-0.02174750342965126,-0.06398138403892517,-0.4056195914745331,-0.025483528152108192,-0.012595755979418755,-0.5731798410415649,-0.03570258244872093,0.0175793319940567,-0.7107591032981873,-0.0414547435939312,-0.01595914363861084,-0.5034830570220947,0.00947454385459423,-0.028827443718910217,-0.7292852401733398,-0.029335349798202515,-0.0368984080851078,-0.8708850741386414,-0.0505145788192749,-0.041571829468011856,-1.0,-0.06297113746404648,0.052325908094644547,-0.4634007513523102,-0.008763078600168228,0.0817536786198616,-0.6927787661552429,-0.0635187104344368,0.09043041616678238,-0.8347636461257935,-0.09499336034059525,0.11953313648700714,-0.9804050922393799,-0.10619964450597763,0.11274022608995438,-0.3722475469112396,-0.03306271508336067,0.10342154651880264,-0.4646510183811188,-0.0988144725561142,0.0498286709189415,-0.3404424488544464,-0.08771652728319168,0.04920072481036186,-0.28641894459724426,-0.05778001621365547,0.16371195018291473,-0.2584631145000458,-0.060123857110738754,0.14262986183166504,-0.3467140793800354,-0.09684590250253677,0.09530951827764511,-0.26819804310798645,-0.07339145988225937,0.09296181797981262,-0.2278650403022766,-0.04444212093949318
K,K_session_002,221,0.0,0.0,0.0,-0.05769675225019455,-0.19110356271266937,-0.02067144587635994,-0.05755816027522087,-0.4020755887031555,-0.026955697685480118,-0.0072267921641469,-0.5649173259735107,-0.039792098104953766,0.022666124626994133,-0.7018291354179382,-0.04848775267601013,-0.011604947037994862,-0.5050739049911499,0.004542249720543623,-0.023746302351355553,-0.7253194451332092,-0.035703640431165695,-0.030963221564888954,-0.8690874576568604,-0.06004998832941055,-0.03427107259631157,-1.0,-0.07566890120506287,0.05608554929494858,-0.4646461606025696,-0.01416720263659954,0.08545570075511932,-0.6881891489028931,-0.0694156363606453,0.09749329835176468,-0.8298070430755615,-0.1024681106209755,0.1316336840391159,-0.973840057849884,-0.11623013764619827,0.11583565920591354,-0.37146997451782227,-0.03806786984205246,0.11132986843585968,-0.47013625502586365,-0.100711889564991,0.05503104627132416,-0.3447551131248474,-0.08623357862234116,0.05221400409936905,-0.28608572483062744,-0.05569341406226158,0.16625283658504486,-0.25542840361595154,-0.06494463980197906,0.14816538989543915,-0.351626455783844,-0.10000922530889511,0.09992364794015884,-0.2733002305030823,-0.07453916221857071,0.0959916040301323,-0.23092110455036163,-0.044704679399728775
K,K_session_002,222,0.0,0.0,0.0,-0.05777374655008316,-0.1928778737783432,-0.02104758471250534,-0.058013807982206345,-0.4029420018196106,-0.0254728551954031,-0.010336368344724178,-0.5680091381072998,-0.036126669496297836,0.014259430579841137,-0.7057842016220093,-0.04217885434627533,-0.021005837246775627,-0.5111575126647949,0.007882758043706417,-0.03185310214757919,-0.7291811108589172,-0.031008107587695122,-0.03810930624604225,-0.8699541091918945,-0.05419120565056801,-0.04071202501654625,-1.0,-0.06850863248109818,0.047578103840351105,-0.4705214202404022,-0.010239191353321075,0.08038894087076187,-0.6978560090065002,-0.06493525952100754,0.09656868875026703,-0.8378708362579346,-0.09799586981534958,0.13221582770347595,-0.9819895625114441,-0.11111470311880112,0.10706774145364761,-0.37789812684059143,-0.033660899847745895,0.11402811110019684,-0.4699878692626953,-0.09978616237640381,0.05554893612861633,-0.34357133507728577,-0.08840922266244888,0.04407685995101929,-0.28231576085090637,-0.05814255028963089,0.15713050961494446,-0.2611715495586395,-0.0596715472638607,0.15140679478645325,-0.3536471128463745,-0.09878765791654587,0.10047555714845657,-0.27472159266471863,-0.07541679590940475,0.08550691604614258,-0.23141638934612274,-0.045640621334314346
K,K_session_002,223,0.0,0.0,0.0,-0.059341445565223694,-0.19010834395885468,-0.023659618571400642,-0.06255270540714264,-0.39858826994895935,-0.030231166630983353,-0.016593635082244873,-0.56699538230896,-0.04275956004858017,0.013381469063460827,-0.7019532918930054,-0.051170919090509415,-0.03191525116562843,-0.5082930326461792,0.003947658929973841,-0.04277649521827698,-0.7274945378303528,-0.03483648598194122,-0.04920082911849022,-0.8699705004692078,-0.058555152267217636,-0.052434828132390976,-1.0,-0.07328569144010544,0.03691600263118744,-0.4696149528026581,-0.01265352126210928,0.071697898209095,-0.6942480802536011,-0.06456375122070312,0.08976852148771286,-0.834507167339325,-0.09640347957611084,0.12509223818778992,-0.977550208568573,-0.10962136089801788,0.09724889695644379,-0.3817979395389557,-0.034727778285741806,0.11140242218971252,-0.4709414839744568,-0.09796386957168579,0.0553891621530056,-0.3425479233264923,-0.08659525215625763,0.04269079491496086,-0.27841177582740784,-0.057530418038368225,0.149030402302742,-0.2706921696662903,-0.05981045216321945,0.1493501216173172,-0.3574121594429016,-0.09699608385562897,0.10170511901378632,-0.2764889597892761,-0.07370937615633011,0.08691522479057312,-0.2322901487350464,-0.04476458206772804
K,K_session_002,224,0.0,0.0,0.0,-0.059283867478370667,-0.19116926193237305,-0.024112075567245483,-0.06039433926343918,-0.40694352984428406,-0.029722226783633232,-0.015965832397341728,-0.5827926993370056,-0.041179463267326355,0.01273870375007391,-0.7208908796310425,-0.048106998205184937,-0.03694053739309311,-0.5107976198196411,0.0067367288284003735,-0.04900072515010834,-0.731877863407135,-0.030265480279922485,-0.05554930120706558,-0.8715587854385376,-0.05145411565899849,-0.05797046050429344,-1.0,-0.06447059661149979,0.03257669135928154,-0.47581028938293457,-0.009644027799367905,0.06750991195440292,-0.7040688991546631,-0.05981801822781563,0.0861724466085434,-0.8433265686035156,-0.08914647996425629,0.12286967039108276,-0.9887624382972717,-0.10035082697868347,0.09411806613206863,-0.3868504464626312,-0.03201700374484062,0.10824929177761078,-0.47868043184280396,-0.0939234122633934,0.053212862461805344,-0.3422161042690277,-0.08115856349468231,0.04316868260502815,-0.27701348066329956,-0.05126021429896355,0.14707422256469727,-0.2731614410877228,-0.05756586417555809,0.14656388759613037,-0.35738539695739746,-0.09396534413099289,0.09855939447879791,-0.27372029423713684,-0.0706029161810875,0.08465193212032318,-0.23043519258499146,-0.041790738701820374
K,K_session_002,225,0.0,0.0,0.0,-0.059805549681186676,-0.18852582573890686,-0.02469082549214363,-0.0626545324921608,-0.4017765522003174,-0.031734075397253036,-0.01692429929971695,-0.5803523063659668,-0.044588737189769745,0.010529947467148304,-0.7205744981765747,-0.053301338106393814,-0.042855437844991684,-0.5148653388023376,0.0056261932477355,-0.05558088421821594,-0.7335547804832458,-0.03099381923675537,-0.06084822118282318,-0.8741034269332886,-0.052219171077013016,-0.061490435153245926,-1.0,-0.06545871496200562,0.027766356244683266,-0.4808376729488373,-0.011036291718482971,0.06434396654367447,-0.7125439643859863,-0.06071209907531738,0.08548693358898163,-0.8519601225852966,-0.09010563045740128,0.12369689345359802,-0.9951940178871155,-0.10142865777015686,0.08987428992986679,-0.3917014002799988,-0.03349348157644272,0.10812246054410934,-0.4847453236579895,-0.09511955827474594,0.054069411009550095,-0.34624090790748596,-0.08200889080762863,0.041597362607717514,-0.27680158615112305,-0.052042484283447266,0.1430475413799286,-0.27604228258132935,-0.05906826630234718,0.14342617988586426,-0.35831722617149353,-0.09618625044822693,0.09850122034549713,-0.2735043466091156,-0.0724799633026123,0.08508774638175964,-0.2299659550189972,-0.04314406216144562
K,K_session_002,226,0.0,0.0,0.0,-0.06133878231048584,-0.18771716952323914,-0.030055416747927666,-0.06712224334478378,-0.3980083465576172,-0.038371339440345764,-0.027373703196644783,-0.5796304941177368,-0.051316529512405396,-0.0027694206219166517,-0.7233875393867493,-0.0599236935377121,-0.05587746575474739,-0.5196060538291931,0.006005085539072752,-0.06824500113725662,-0.7361835837364197,-0.029432043433189392,-0.0724162831902504,-0.875171422958374,-0.05058393254876137,-0.07144784182310104,-1.0,-0.06372065097093582,0.014748049899935722,-0.48408350348472595,-0.008065485395491123,0.05307028815150261,-0.7192166447639465,-0.055720824748277664,0.07785114645957947,-0.8552604913711548,-0.08541541546583176,0.11836674064397812,-0.9981825947761536,-0.09694086015224457,0.07695785909891129,-0.396114706993103,-0.028746457770466805,0.10503276437520981,-0.4807009696960449,-0.09218145906925201,0.05035705119371414,-0.34711191058158875,-0.08475348353385925,0.03326515108346939,-0.2858079671859741,-0.05841218680143356,0.13133351504802704,-0.28229138255119324,-0.052605386823415756,0.14280155301094055,-0.3568289577960968,-0.09356652200222015,0.09708167612552643,-0.2729688882827759,-0.07437300682067871,0.07686884701251984,-0.23261819779872894,-0.04781372472643852
K,K_session_002,227,0.0,0.0,0.0,-0.06136937439441681,-0.18945148587226868,-0.03402973711490631,-0.0688839927315712,-0.40160855650901794,-0.0431700125336647,-0.027980897575616837,-0.5851483345031738,-0.0559406504034996,-0.0013041365891695023,-0.7299880385398865,-0.06430984288454056,-0.05991077423095703,-0.5243700742721558,0.005226556211709976,-0.072144515812397,-0.7367799878120422,-0.029187604784965515,-0.07660110294818878,-0.8714897632598877,-0.05040251091122627,-0.07489560544490814,-0.9943013191223145,-0.06387189030647278,0.012266670353710651,-0.4890612065792084,-0.007120681460946798,0.050035689026117325,-0.72249835729599,-0.05456952378153801,0.07441911101341248,-0.8583043217658997,-0.0856160894036293,0.11467213928699493,-1.0,-0.09810785949230194,0.07640314847230911,-0.4004814326763153,-0.026375114917755127,0.10312849283218384,-0.48458734154701233,-0.09013038873672485,0.05011755973100662,-0.3490764796733856,-0.0840269923210144,0.03385442495346069,-0.29008013010025024,-0.05856750160455704,0.1333514153957367,-0.287996381521225,-0.049032438546419144,0.14253859221935272,-0.3690217137336731,-0.0904976949095726,0.0998319461941719,-0.2806304395198822,-0.0711582824587822,0.08253557980060577,-0.2390177696943283,-0.04437239095568657
K,K_session_002,228,0.0,0.0,0.0,-0.06211995333433151,-0.19684213399887085,-0.031234364956617355,-0.06836238503456116,-0.4101717472076416,-0.03739097714424133,-0.027423743158578873,-0.5941682457923889,-0.04726690426468849,-0.0073664369992911816,-0.736641526222229,-0.05290907621383667,-0.06554579734802246,-0.5224962830543518,0.009534692391753197,-0.0765683576464653,-0.7334139943122864,-0.02313164621591568,-0.08003033697605133,-0.8675479292869568,-0.04411522299051285,-0.07814470678567886,-0.9901662468910217,-0.05749116465449333,0.006714841816574335,-0.48942092061042786,-0.0033220299519598484,0.04599648714065552,-0.7240523099899292,-0.049655504524707794,0.0731576532125473,-0.859835684299469,-0.08126652985811234,0.11354086548089981,-1.0,-0.09431351721286774,0.07176943868398666,-0.4025658965110779,-0.02275175414979458,0.10420723259449005,-0.48505663871765137,-0.08661837875843048,0.051153045147657394,-0.34979891777038574,-0.0824139341711998,0.03019252046942711,-0.28812092542648315,-0.058154165744781494,0.12920650839805603,-0.28999796509742737,-0.04513810947537422,0.1432427316904068,-0.3711789548397064,-0.0874711126089096,0.1011623814702034,-0.2824251651763916,-0.06929416954517365,0.08072645217180252,-0.23972715437412262,-0.04319975897669792
K,K_session_002,229,0.0,0.0,0.0,-0.06713651120662689,-0.19703754782676697,-0.029906582087278366,-0.07569629698991776,-0.40726369619369507,-0.03308568149805069,-0.036966320127248764,-0.5909397006034851,-0.040221910923719406,-0.018947072327136993,-0.7308381795883179,-0.043518804013729095,-0.07538241893053055,-0.5135456323623657,0.016974056139588356,-0.08687949180603027,-0.7272911667823792,-0.012491144239902496,-0.08971576392650604,-0.8615095615386963,-0.031713761389255524,-0.08761339634656906,-0.9852629899978638,-0.043821584433317184,-0.002750538755208254,-0.481853723526001,0.004524355288594961,0.038483623415231705,-0.7210453152656555,-0.03890451416373253,0.06630987673997879,-0.8580295443534851,-0.06947825849056244,0.10565011948347092,-1.0,-0.08167117089033127,0.06323184818029404,-0.3982371389865875,-0.0149076534435153,0.09973324090242386,-0.48457297682762146,-0.07904549688100815,0.046800367534160614,-0.3444807827472687,-0.07776665687561035,0.024461762979626656,-0.28031760454177856,-0.054993730038404465,0.12211085110902786,-0.2886943221092224,-0.03694725036621094,0.13710321485996246,-0.36635076999664307,-0.08084552735090256,0.09492523223161697,-0.2730392515659332,-0.0653383657336235,0.0742998719215393,-0.22923173010349274,-0.0409403033554554
K,K_session_002,230,0.0,0.0,0.0,-0.06388164311647415,-0.19091631472110748,-0.036815255880355835,-0.0747884064912796,-0.3992968201637268,-0.042514342814683914,-0.04093334823846817,-0.5840135812759399,-0.05029094219207764,-0.02837240695953369,-0.7315081357955933,-0.05353264883160591,-0.0812557265162468,-0.5110898017883301,0.01146168727427721,-0.0915832594037056,-0.7240733504295349,-0.020539231598377228,-0.09464138001203537,-0.8586509823799133,-0.04173721373081207,-0.0920485109090805,-0.9839611053466797,-0.05493353679776192,-0.008500833995640278,-0.47667646408081055,0.002345022512599826,0.032555434852838516,-0.7185865044593811,-0.04313194751739502,0.05983338877558708,-0.8524296879768372,-0.07481412589550018,0.09889717400074005,-1.0,-0.0873924046754837,0.05819910019636154,-0.392525851726532,-0.014253764413297176,0.0960998609662056,-0.48220908641815186,-0.08104821294546127,0.043355513364076614,-0.344226598739624,-0.0817263275384903,0.020559139549732208,-0.289869487285614,-0.060125771909952164,0.11742042750120163,-0.28538843989372253,-0.03386232256889343,0.1350088119506836,-0.3604755997657776,-0.08113008737564087,0.09231915324926376,-0.27000775933265686,-0.06778404861688614,0.06996158510446548,-0.23436102271080017,-0.04446464404463768
K,K_session_002,231,0.0,0.0,0.0,-0.06448803842067719,-0.1926964670419693,-0.035623811185359955,-0.0754508376121521,-0.399627685546875,-0.04045404866337776,-0.04526740685105324,-0.582222044467926,-0.047693852335214615,-0.037056732922792435,-0.7253478169441223,-0.05075393617153168,-0.08608061075210571,-0.5088497996330261,0.013002810999751091,-0.09648661315441132,-0.7227009534835815,-0.018349511548876762,-0.09954408556222916,-0.8568775653839111,-0.0392284020781517,-0.09810638427734375,-0.9806228876113892,-0.05189775675535202,-0.013717655092477798,-0.47369053959846497,0.0031624729745090008,0.027314409613609314,-0.7187660336494446,-0.041968777775764465,0.056088726967573166,-0.8548457622528076,-0.07338537275791168,0.09425250440835953,-1.0,-0.08540939539670944,0.05348554253578186,-0.3901018500328064,-0.014129355549812317,0.093714639544487,-0.4793042242527008,-0.0814923420548439,0.04296993091702461,-0.34043487906455994,-0.0833422914147377,0.018528547137975693,-0.28199514746665955,-0.06204315647482872,0.11276739090681076,-0.2823909819126129,-0.034206781536340714,0.13258706033229828,-0.3583700358867645,-0.08232523500919342,0.09085527062416077,-0.266218364238739,-0.06939113140106201,0.06675820052623749,-0.22625836730003357,-0.046034086495637894
K,K_session_002,232,0.0,0.0,0.0,-0.06361924111843109,-0.18873891234397888,-0.04191088303923607,-0.0743103176355362,-0.395526260137558,-0.048672083765268326,-0.043642617762088776,-0.5803175568580627,-0.05663709715008736,-0.03588972985744476,-0.7300412058830261,-0.06001103296875954,-0.08648889511823654,-0.5115992426872253,0.011045468039810658,-0.09680165350437164,-0.7215298414230347,-0.02047203853726387,-0.09969867020845413,-0.854732871055603,-0.04123331606388092,-0.09773528575897217,-0.9789323210716248,-0.05346936360001564,-0.013604778796434402,-0.4755076467990875,0.00461957510560751,0.02591864764690399,-0.7224629521369934,-0.039075110107660294,0.05461425706744194,-0.8548699617385864,-0.06847666949033737,0.09342893213033676,-1.0,-0.07892812788486481,0.05402737855911255,-0.3926983177661896,-0.010345974937081337,0.0919138640165329,-0.4849685728549957,-0.0776996836066246,0.04339597001671791,-0.34448185563087463,-0.08012942224740982,0.02195741795003414,-0.29169461131095886,-0.059128712862730026,0.11279383301734924,-0.2890532910823822,-0.02866208180785179,0.13261738419532776,-0.3669590353965759,-0.07711872458457947,0.09138919413089752,-0.27240243554115295,-0.06500095129013062,0.06796440482139587,-0.2339506447315216,-0.042192909866571426
K,K_session_002,233,0.0,0.0,0.0,-0.06236039847135544,-0.18891160190105438,-0.04551032930612564,-0.07433676719665527,-0.39736777544021606,-0.05215838551521301,-0.04473245143890381,-0.580399215221405,-0.05878755822777748,-0.03752981871366501,-0.7311273813247681,-0.06049276143312454,-0.08951079845428467,-0.5152474045753479,0.010888458229601383,-0.100443534553051,-0.7249748706817627,-0.018399678170681,-0.10241829603910446,-0.8562726378440857,-0.037766385823488235,-0.10020629316568375,-0.9786498546600342,-0.04890907183289528,-0.016736598685383797,-0.48129087686538696,0.007508294656872749,0.02358175255358219,-0.72654789686203,-0.03432120382785797,0.05421745777130127,-0.8584646582603455,-0.06316571682691574,0.09226512908935547,-1.0,-0.07280462980270386,0.05111194774508476,-0.40053555369377136,-0.004767890553921461,0.09176437556743622,-0.48624318838119507,-0.07183276861906052,0.04551508277654648,-0.34608229994773865,-0.07657453417778015,0.02225552499294281,-0.293246865272522,-0.05658644810318947,0.10971308499574661,-0.299893319606781,-0.020387114956974983,0.1326090395450592,-0.3741699457168579,-0.06910507380962372,0.09361854195594788,-0.2778948247432709,-0.058419764041900635,0.06930041313171387,-0.23973248898983002,-0.03624281287193298
K,K_session_002,234,0.0,0.0,0.0,-0.06134168058633804,-0.1962074190378189,-0.04353552684187889,-0.07293633371591568,-0.4038603901863098,-0.049386609345674515,-0.044977933168411255,-0.5869500041007996,-0.055611204355955124,-0.03963750973343849,-0.7365099787712097,-0.057143647223711014,-0.09156668931245804,-0.5148090124130249,0.013681347481906414,-0.10019628703594208,-0.7249876856803894,-0.01501129474490881,-0.10049986839294434,-0.8549187183380127,-0.03510064631700516,-0.09700434654951096,-0.9766594171524048,-0.04688284546136856,-0.01840761862695217,-0.4807818531990051,0.009899323806166649,0.022995207458734512,-0.7263873219490051,-0.03143085539340973,0.05532296746969223,-0.8600630164146423,-0.06107461079955101,0.09407638013362885,-1.0,-0.07174623012542725,0.0504438579082489,-0.399628609418869,-0.002614138415083289,0.09369158744812012,-0.4858120083808899,-0.06899654865264893,0.04793651029467583,-0.3460916578769684,-0.074406199157238,0.02378225326538086,-0.2870327830314636,-0.055206552147865295,0.10946077108383179,-0.29892924427986145,-0.018256355077028275,0.13304315507411957,-0.37559011578559875,-0.06648949533700943,0.09407061338424683,-0.2787683606147766,-0.05577462539076805,0.06888226419687271,-0.23614761233329773,-0.03383728489279747
K,K_session_002,235,0.0,0.0,0.0,-0.05927674472332001,-0.2004292905330658,-0.046444933861494064,-0.0694371685385704,-0.4072471559047699,-0.05172468349337578,-0.03976445272564888,-0.5912696719169617,-0.05672551691532135,-0.03368629887700081,-0.74345463514328,-0.05682167783379555,-0.09272308647632599,-0.5221827626228333,0.016909871250391006,-0.09947981685400009,-0.7297652363777161,-0.010856893844902515,-0.09846411645412445,-0.860120415687561,-0.030866948887705803,-0.09433497488498688,-0.9813963174819946,-0.04255129396915436,-0.01851191557943821,-0.48825904726982117,0.014947832562029362,0.023770153522491455,-0.7341516613960266,-0.025160595774650574,0.05789128690958023,-0.8642443418502808,-0.0544491782784462,0.09681491553783417,-1.0,-0.06439503282308578,0.050735779106616974,-0.40683919191360474,0.003426736919209361,0.09532327204942703,-0.4906989634037018,-0.06365398317575455,0.05155334994196892,-0.3496261239051819,-0.07089020311832428,0.0267768707126379,-0.2961551249027252,-0.05247446522116661,0.10904982686042786,-0.3063696324825287,-0.011345096863806248,0.13590367138385773,-0.38166049122810364,-0.06074636057019234,0.0973087027668953,-0.2814581096172333,-0.05144331231713295,0.06997890770435333,-0.24129867553710938,-0.030247220769524574
K,K_session_002,236,0.0,0.0,0.0,-0.05794144794344902,-0.20287875831127167,-0.04719405621290207,-0.0677570179104805,-0.4112491309642792,-0.05306415259838104,-0.036502446979284286,-0.5951821804046631,-0.058939628303050995,-0.029252007603645325,-0.7437133193016052,-0.06019490957260132,-0.09015866369009018,-0.5276288986206055,0.014466212131083012,-0.097161203622818,-0.7376641631126404,-0.01488411519676447,-0.09570691734552383,-0.8680797815322876,-0.036318667232990265,-0.09084699302911758,-0.9876408576965332,-0.048771876841783524,-0.01581890881061554,-0.49098530411720276,0.012445260770618916,0.027433834969997406,-0.7344385981559753,-0.02957824431359768,0.06229417026042938,-0.8682336211204529,-0.0609232634305954,0.10102500021457672,-1.0,-0.07244105637073517,0.05309237912297249,-0.4070735573768616,0.0010285871103405952,0.09966842830181122,-0.49162352085113525,-0.06820346415042877,0.05535532534122467,-0.35271596908569336,-0.07714835554361343,0.028841616585850716,-0.28934985399246216,-0.0593821220099926,0.10975795239210129,-0.3030625283718109,-0.013553230091929436,0.1367175281047821,-0.38181960582733154,-0.06506204605102539,0.09821595251560211,-0.28423407673835754,-0.05679069086909294,0.07079189270734787,-0.23683615028858185,-0.03571484982967377
K,K_session_002,237,0.0,0.0,0.0,-0.05896405875682831,-0.20340637862682343,-0.04679785296320915,-0.0687435045838356,-0.4139330983161926,-0.051642145961523056,-0.03784041106700897,-0.5959867238998413,-0.056427180767059326,-0.027881545946002007,-0.7437534332275391,-0.056162118911743164,-0.09196261316537857,-0.5274521708488464,0.015514648519456387,-0.09681544452905655,-0.7391966581344604,-0.012588388286530972,-0.0944460779428482,-0.8708383440971375,-0.03304104879498482,-0.08942822366952896,-0.9919480085372925,-0.04503870755434036,-0.017862753942608833,-0.49207380414009094,0.013950029388070107,0.02741076797246933,-0.7348950505256653,-0.02711728774011135,0.06316003203392029,-0.8678024411201477,-0.05804053694009781,0.10215866565704346,-1.0,-0.06952621042728424,0.050809841603040695,-0.410345196723938,0.00302332267165184,0.10125382244586945,-0.4915733337402344,-0.06488322466611862,0.05697134882211685,-0.3526894748210907,-0.07369425147771835,0.029367484152317047,-0.2920440435409546,-0.05622359365224838,0.10722727328538895,-0.3100496828556061,-0.011164862662553787,0.13769251108169556,-0.3829187750816345,-0.06164630502462387,0.09903670102357864,-0.28648269176483154,-0.05392875894904137,0.07039464265108109,-0.24247321486473083,-0.03356948867440224
K,K_session_002,238,0.0,0.0,0.0,-0.057620760053396225,-0.2046642154455185,-0.04500989243388176,-0.06792213767766953,-0.41214415431022644,-0.049928344786167145,-0.03731721639633179,-0.5952289700508118,-0.05539387837052345,-0.02786116674542427,-0.7438557744026184,-0.05594795197248459,-0.09022726118564606,-0.5309731364250183,0.017875850200653076,-0.09500163793563843,-0.7436224222183228,-0.009662100113928318,-0.09317932277917862,-0.8737255930900574,-0.02986065484583378,-0.08832018077373505,-0.9923244118690491,-0.04168751835823059,-0.01657973788678646,-0.4940604269504547,0.015428947284817696,0.028741123154759407,-0.7355203032493591,-0.025790460407733917,0.06422466039657593,-0.8703619241714478,-0.05737148970365524,0.10293512791395187,-1.0,-0.06952623277902603,0.05207878723740578,-0.4104803502559662,0.003771658753976226,0.10244528204202652,-0.4928172528743744,-0.06405232101678848,0.05797353386878967,-0.35403335094451904,-0.07306377589702606,0.03014320693910122,-0.2882899343967438,-0.05589950457215309,0.10877811163663864,-0.3080231845378876,-0.010931940749287605,0.13834057748317719,-0.3852697014808655,-0.061472997069358826,0.1000642254948616,-0.2880478799343109,-0.053557902574539185,0.07194298505783081,-0.24015839397907257,-0.0330699197947979
K,K_session_002,239,0.0,0.0,0.0,-0.056850843131542206,-0.21507909893989563,-0.044627055525779724,-0.06431446224451065,-0.4225846230983734,-0.046157412230968475,-0.031044812873005867,-0.6026381850242615,-0.04824817180633545,-0.021423889324069023,-0.7501427531242371,-0.04523005336523056,-0.09155171364545822,-0.5381752848625183,0.02758294902741909,-0.0949273481965065,-0.7488932013511658,0.00458475761115551,-0.09228719025850296,-0.8787106275558472,-0.013624537736177444,-0.08784347027540207,-0.9971458911895752,-0.024479646235704422,-0.017307188361883163,-0.5005312561988831,0.02644304744899273,0.02886439487338066,-0.7396361231803894,-0.010873446241021156,0.06538219004869461,-0.8736369013786316,-0.042403943836688995,0.10360603779554367,-1.0,-0.05460353568196297,0.050912342965602875,-0.4149046540260315,0.015481347218155861,0.1029902845621109,-0.4953952133655548,-0.05068439245223999,0.05951971188187599,-0.35877737402915955,-0.06319946050643921,0.030291462317109108,-0.2963508069515228,-0.04837643355131149,0.10670196264982224,-0.3110508918762207,0.0016526085091754794,0.13834664225578308,-0.38860586285591125,-0.048474881798028946,0.09913541376590729,-0.29109126329421997,-0.043213117867708206,0.06827298551797867,-0.2440940886735916,-0.024730877950787544
K,K_session_002,240,0.0,0.0,0.0,-0.057084329426288605,-0.21180400252342224,-0.04518214240670204,-0.06593987345695496,-0.4173123836517334,-0.048046477138996124,-0.03486212342977524,-0.5956329703330994,-0.05121190845966339,-0.026478519663214684,-0.7428210377693176,-0.04933537170290947,-0.09309360384941101,-0.5352904796600342,0.023576561361551285,-0.09684336930513382,-0.7463030219078064,-0.000491567887365818,-0.09439752250909805,-0.8760050535202026,-0.019117256626486778,-0.08995650708675385,-0.9950019717216492,-0.030113711953163147,-0.019182059913873672,-0.49786409735679626,0.022637516260147095,0.027033353224396706,-0.7391228079795837,-0.01544216088950634,0.06350141018629074,-0.8730919361114502,-0.046708833426237106,0.1012328565120697,-1.0,-0.0587841160595417,0.04855043813586235,-0.41442522406578064,0.012024047784507275,0.10202879458665848,-0.4969589412212372,-0.055212218314409256,0.05829436704516411,-0.3596743047237396,-0.06807489693164825,0.027591250836849213,-0.2966192364692688,-0.053434696048498154,0.10462673008441925,-0.31312066316604614,-0.0013644028222188354,0.13659250736236572,-0.391235888004303,-0.05244152247905731,0.0975668728351593,-0.29244402050971985,-0.04770605266094208,0.06582707166671753,-0.24400223791599274,-0.02957552671432495
K,K_session_002,241,0.0,0.0,0.0,-0.057629916816949844,-0.20981642603874207,-0.04570625722408295,-0.0657166838645935,-0.418565958738327,-0.04840061813592911,-0.03383298218250275,-0.5975400805473328,-0.05125472694635391,-0.024508848786354065,-0.745408833026886,-0.04930928349494934,-0.09108065068721771,-0.5369885563850403,0.0232058297842741,-0.09443114697933197,-0.7457178235054016,-0.0006420021527446806,-0.0914359837770462,-0.8745958805084229,-0.01917894184589386,-0.08658593147993088,-0.9928315281867981,-0.030231330543756485,-0.017278099432587624,-0.49999749660491943,0.022394603118300438,0.030163411051034927,-0.7405040264129639,-0.01472016517072916,0.06642483174800873,-0.8733624815940857,-0.045521728694438934,0.10463014245033264,-1.0,-0.0574757419526577,0.05057665333151817,-0.41604727506637573,0.011840444058179855,0.1032242625951767,-0.49661973118782043,-0.05377747491002083,0.05950921028852463,-0.3619519770145416,-0.06645916402339935,0.03050384484231472,-0.3022478520870209,-0.052274782210588455,0.10683102160692215,-0.31439971923828125,-0.0016705531161278486,0.13786157965660095,-0.3903173804283142,-0.05150755122303963,0.09863980859518051,-0.29399994015693665,-0.046729423105716705,0.06809307634830475,-0.24868322908878326,-0.028980068862438202
K,K_session_002,242,0.0,0.0,0.0,-0.057805851101875305,-0.20776095986366272,-0.045441821217536926,-0.06850161403417587,-0.41315823793411255,-0.04842335358262062,-0.03810431808233261,-0.5922895669937134,-0.05159753933548927,-0.030127326026558876,-0.7395004034042358,-0.04997978359460831,-0.09323965758085251,-0.5279192328453064,0.023831963539123535,-0.09858495742082596,-0.7331687211990356,-0.0004855400766246021,-0.0955817848443985,-0.8632466793060303,-0.01964375749230385,-0.09081720560789108,-0.9829074740409851,-0.03088868036866188,-0.019744807854294777,-0.493459016084671,0.022747253999114037,0.02445150539278984,-0.7379149794578552,-0.014536600559949875,0.06136534735560417,-0.8732929825782776,-0.04523095488548279,0.09871085733175278,-1.0,-0.0567459873855114,0.048287563025951385,-0.4120742678642273,0.011883655562996864,0.09764539450407028,-0.49660733342170715,-0.0549507737159729,0.05669835954904556,-0.36144936084747314,-0.06753993779420853,0.027635250240564346,-0.2961982786655426,-0.05239357054233551,0.10487551242113113,-0.3119325041770935,-0.001765441382303834,0.13434073328971863,-0.39710649847984314,-0.05182893946766853,0.09808133542537689,-0.2977278232574463,-0.045845381915569305,0.06838888674974442,-0.24485662579536438,-0.026820803061127663
K,K_session_002,243,0.0,0.0,0.0,-0.060516126453876495,-0.20263251662254333,-0.04136916249990463,-0.0720953494310379,-0.40903404355049133,-0.045185208320617676,-0.03975754231214523,-0.5897919535636902,-0.05048442259430885,-0.02813621610403061,-0.7351043820381165,-0.051478199660778046,-0.09201300889253616,-0.518095850944519,0.021215496584773064,-0.09903617948293686,-0.7247344851493835,-0.0070749870501458645,-0.0976281613111496,-0.8557338118553162,-0.02852158062160015,-0.09366917610168457,-0.9769467711448669,-0.04122330993413925,-0.0183935035020113,-0.48724865913391113,0.016838885843753815,0.022229935973882675,-0.7311428785324097,-0.023763401433825493,0.05606371536850929,-0.8674889802932739,-0.055389806628227234,0.09288747608661652,-1.0,-0.06780333817005157,0.04989110305905342,-0.4082048833370209,0.003459230065345764,0.09476519376039505,-0.4973815083503723,-0.0637243390083313,0.05544595420360565,-0.35778987407684326,-0.07163463532924652,0.031503841280937195,-0.285577654838562,-0.053537070751190186,0.10657793283462524,-0.30727314949035645,-0.012751208618283272,0.13244111835956573,-0.39286452531814575,-0.06172306090593338,0.09848692268133163,-0.2940036952495575,-0.05209466814994812,0.07366552948951721,-0.2389771193265915,-0.030504297465085983
K,K_session_002,244,0.0,0.0,0.0,-0.0617172010242939,-0.20825046300888062,-0.042125631123781204,-0.07378152757883072,-0.4162784516811371,-0.04300737380981445,-0.04198913648724556,-0.5992060899734497,-0.04534588009119034,-0.0287224929779768,-0.7429904937744141,-0.04353487864136696,-0.09747694432735443,-0.5166119933128357,0.02975122258067131,-0.10437537729740143,-0.7249653935432434,0.0039021519478410482,-0.10209314525127411,-0.8579121828079224,-0.01743300072848797,-0.09766732901334763,-0.9812206029891968,-0.02996235340833664,-0.02326544001698494,-0.48510122299194336,0.026824625208973885,0.016125787049531937,-0.7282258868217468,-0.011043287813663483,0.05052744224667549,-0.8663063049316406,-0.042691670358181,0.08702310919761658,-1.0,-0.054962728172540665,0.045639730989933014,-0.4074612557888031,0.014132496900856495,0.0920352190732956,-0.49927201867103577,-0.05308085307478905,0.052004337310791016,-0.3597269654273987,-0.0639079287648201,0.025493044406175613,-0.28659752011299133,-0.047039248049259186,0.10232246667146683,-0.30736494064331055,-0.0013757302658632398,0.13169056177139282,-0.39470264315605164,-0.05144302546977997,0.09738698601722717,-0.29528871178627014,-0.043749116361141205,0.07077040523290634,-0.23738814890384674,-0.022916728630661964
K,K_session_002,245,0.0,0.0,0.0,-0.060206618160009384,-0.20455791056156158,-0.04066379368305206,-0.07120827585458755,-0.4158543348312378,-0.041588567197322845,-0.03919130563735962,-0.596483051776886,-0.04403701424598694,-0.024857047945261,-0.739989161491394,-0.042165275663137436,-0.09613233804702759,-0.5139479041099548,0.028073206543922424,-0.10320723056793213,-0.7227545380592346,0.002508196048438549,-0.10208266973495483,-0.8547201752662659,-0.017807714641094208,-0.09909579157829285,-0.9761450290679932,-0.030081622302532196,-0.02235894836485386,-0.4844650626182556,0.024478474631905556,0.015580063685774803,-0.7273644804954529,-0.013867001980543137,0.04938926547765732,-0.8648017644882202,-0.045911092311143875,0.0857916921377182,-1.0,-0.058839716017246246,0.047157082706689835,-0.4063548445701599,0.011639195494353771,0.09169626235961914,-0.4975479245185852,-0.053197816014289856,0.054285116493701935,-0.3587176501750946,-0.06184358149766922,0.03089331090450287,-0.2892780005931854,-0.04477764293551445,0.10450654476881027,-0.30719923973083496,-0.0040815738029778,0.13108032941818237,-0.3913291394710541,-0.051437314599752426,0.09735491126775742,-0.29337701201438904,-0.042382799088954926,0.07200278341770172,-0.24135470390319824,-0.02161961793899536
K,K_session_002,246,0.0,0.0,0.0,-0.061720579862594604,-0.20550337433815002,-0.03835560753941536,-0.07553388178348541,-0.413316547870636,-0.03965767100453377,-0.04369431361556053,-0.5951235890388489,-0.04328237101435661,-0.02456917241215706,-0.7355971336364746,-0.04284961149096489,-0.09602192044258118,-0.5108199119567871,0.028614293783903122,-0.10399066656827927,-0.7210890650749207,0.003417965257540345,-0.10322271287441254,-0.8532418012619019,-0.016583388671278954,-0.09957843273878098,-0.9748257994651794,-0.02829381637275219,-0.023246921598911285,-0.4828461706638336,0.02414480596780777,0.015088611282408237,-0.724820077419281,-0.013514786958694458,0.04827830567955971,-0.865899920463562,-0.04500281438231468,0.08454862982034683,-1.0,-0.057518813759088516,0.04560880735516548,-0.40833690762519836,0.01073828898370266,0.09189474582672119,-0.5002005100250244,-0.05406257510185242,0.05319735407829285,-0.36222702264785767,-0.06359067559242249,0.028869181871414185,-0.2841777801513672,-0.04661096632480621,0.10332666337490082,-0.31192687153816223,-0.005243321880698204,0.1290157586336136,-0.4004034101963043,-0.05257384106516838,0.09524964541196823,-0.30190515518188477,-0.04384468123316765,0.07080061733722687,-0.2408951371908188,-0.022803450003266335
K,K_session_002,247,0.0,0.0,0.0,-0.0637354925274849,-0.2035163938999176,-0.03990713506937027,-0.07680310308933258,-0.4138776361942291,-0.04082708805799484,-0.043801628053188324,-0.5963464379310608,-0.04363041743636131,-0.02470916137099266,-0.7378556728363037,-0.042491573840379715,-0.09905652701854706,-0.5119743943214417,0.028712425380945206,-0.10710153728723526,-0.722008228302002,0.0035599903203547,-0.10639268904924393,-0.8538352847099304,-0.016523394733667374,-0.1029965952038765,-0.9756231307983398,-0.028490204364061356,-0.025960542261600494,-0.48259830474853516,0.024800540879368782,0.0121926199644804,-0.7260200381278992,-0.012546942569315434,0.044939346611499786,-0.8640475273132324,-0.0437619723379612,0.08198747783899307,-1.0,-0.05612948536872864,0.042768675833940506,-0.40674301981925964,0.011581780388951302,0.08960234373807907,-0.49837568402290344,-0.05312979966402054,0.04872109368443489,-0.358665406703949,-0.06260095536708832,0.024341117590665817,-0.28842025995254517,-0.04591543599963188,0.10097318142652512,-0.30984461307525635,-0.0044454410672187805,0.12811937928199768,-0.39520731568336487,-0.05203395336866379,0.09265018254518509,-0.29620361328125,-0.043646275997161865,0.06770570576190948,-0.2409004271030426,-0.023129504173994064
K,K_session_002,248,0.0,0.0,0.0,-0.06462636590003967,-0.20526070892810822,-0.04023025557398796,-0.07853087037801743,-0.41732698678970337,-0.041243016719818115,-0.0461350716650486,-0.6013230085372925,-0.0439421646296978,-0.025558611378073692,-0.7418001294136047,-0.042439255863428116,-0.10002348572015762,-0.5088543891906738,0.026971885934472084,-0.10887622088193893,-0.7223255634307861,0.0012781934347003698,-0.10772157460451126,-0.8563508987426758,-0.01924346201121807,-0.10342580825090408,-0.979717493057251,-0.03164342790842056,-0.02739746868610382,-0.4812825620174408,0.02367054671049118,0.009499680250883102,-0.7270605564117432,-0.014398746192455292,0.04250534251332283,-0.8657709360122681,-0.04619643837213516,0.07934432476758957,-1.0,-0.05904234200716019,0.041493386030197144,-0.40795108675956726,0.011305908672511578,0.08997756242752075,-0.5015796422958374,-0.053006649017333984,0.049551211297512054,-0.36313971877098083,-0.062370460480451584,0.023981692269444466,-0.29069527983665466,-0.04594474285840988,0.0995037853717804,-0.3142434358596802,-0.004004887770861387,0.12890934944152832,-0.3961944580078125,-0.05134690925478935,0.0931473970413208,-0.29856008291244507,-0.04367940500378609,0.06649339944124222,-0.24373804032802582,-0.023811016231775284
K,K_session_002,249,0.0,0.0,0.0,-0.0625813826918602,-0.2095802128314972,-0.036388546228408813,-0.07466236501932144,-0.4215686023235321,-0.03561018779873848,-0.04343293234705925,-0.6013121604919434,-0.037309423089027405,-0.022920651361346245,-0.740889310836792,-0.03468605875968933,-0.09716250747442245,-0.5085968375205994,0.03232893347740173,-0.10466049611568451,-0.7218544483184814,0.009142498485744,-0.10398094356060028,-0.8550485372543335,-0.009540969505906105,-0.1004737913608551,-0.9776551127433777,-0.02092147246003151,-0.025171374902129173,-0.48237475752830505,0.02764897048473358,0.012935292907059193,-0.7245689630508423,-0.008972045965492725,0.0455995574593544,-0.8642511367797852,-0.040761206299066544,0.0821039229631424,-1.0,-0.053829893469810486,0.04358475282788277,-0.40903615951538086,0.014171529561281204,0.09293903410434723,-0.5005900859832764,-0.047969162464141846,0.05351731926202774,-0.362211674451828,-0.05720897018909454,0.02849230356514454,-0.2905247211456299,-0.04120370373129845,0.10191717743873596,-0.315307080745697,-0.0019611006136983633,0.1298382431268692,-0.39800700545310974,-0.04675133526325226,0.09479091316461563,-0.30053994059562683,-0.03834425285458565,0.06930333375930786,-0.24582809209823608,-0.01853925921022892
K,K_session_002,250,0.0,0.0,0.0,-0.06670650094747543,-0.20928016304969788,-0.034817393869161606,-0.07898391038179398,-0.42404669523239136,-0.03323926404118538,-0.043857112526893616,-0.6076905727386475,-0.03454391658306122,-0.01959642767906189,-0.7437540888786316,-0.03188295289874077,-0.09757990390062332,-0.5119408965110779,0.033087920397520065,-0.10446084290742874,-0.7238293290138245,0.009381758980453014,-0.10376741737127304,-0.8570913672447205,-0.01000534649938345,-0.09994053095579147,-0.9797290563583374,-0.022066904231905937,-0.02543686144053936,-0.48442304134368896,0.02730061300098896,0.01202702708542347,-0.7264031767845154,-0.008975910022854805,0.044310081750154495,-0.86508709192276,-0.0401458777487278,0.08134471625089645,-1.0,-0.053121600300073624,0.042514197528362274,-0.4100870192050934,0.012650147080421448,0.09200364351272583,-0.5035085678100586,-0.049183838069438934,0.05042681843042374,-0.36563408374786377,-0.05770488083362579,0.024881310760974884,-0.2932947278022766,-0.04153994470834732,0.10023025423288345,-0.3148357570171356,-0.004709890112280846,0.1293228566646576,-0.3986133337020874,-0.04992339387536049,0.09331070631742477,-0.30267709493637085,-0.04183720052242279,0.06773560494184494,-0.2475632280111313,-0.022378062829375267
K,K_session_002,251,0.0,0.0,0.0,-0.06578481942415237,-0.2128375917673111,-0.033767566084861755,-0.07794239372015,-0.42804214358329773,-0.03249644488096237,-0.043205972760915756,-0.6096140742301941,-0.03460482135415077,-0.018021665513515472,-0.7451555132865906,-0.032921191304922104,-0.09625421464443207,-0.5150100588798523,0.033179089426994324,-0.10304398089647293,-0.7309475541114807,0.00858997367322445,-0.10235976427793503,-0.8656282424926758,-0.01114338543266058,-0.09890799969434738,-0.9890413284301758,-0.02320576086640358,-0.024120153859257698,-0.48413583636283875,0.026280151680111885,0.014893515966832638,-0.7264838814735413,-0.011877579614520073,0.047704048454761505,-0.8654510974884033,-0.04371725395321846,0.08417657017707825,-1.0,-0.056784652173519135,0.044547829777002335,-0.4082353115081787,0.010685001499950886,0.09535419195890427,-0.5048250555992126,-0.05288028344511986,0.05318411812186241,-0.3664550185203552,-0.06176551431417465,0.02599789761006832,-0.2933872938156128,-0.04548446834087372,0.10322298109531403,-0.31251418590545654,-0.007445037830621004,0.1316402703523636,-0.3967556357383728,-0.05336981639266014,0.09514210373163223,-0.2996841073036194,-0.04487868770956993,0.0687943771481514,-0.24432373046875,-0.024975815787911415
K,K_session_002,252,0.0,0.0,0.0,-0.06295323371887207,-0.21073676645755768,-0.036154553294181824,-0.0743507370352745,-0.42459970712661743,-0.0374462828040123,-0.038455698639154434,-0.6071832180023193,-0.04175060987472534,-0.01274256780743599,-0.747577428817749,-0.04242829605937004,-0.09272295981645584,-0.5179250836372375,0.02895253337919712,-0.0984276756644249,-0.7327948212623596,0.0033113237004727125,-0.09641800075769424,-0.8663907051086426,-0.01688133180141449,-0.0917862057685852,-0.9892352223396301,-0.029054654762148857,-0.01970553956925869,-0.4862736463546753,0.022720806300640106,0.020963795483112335,-0.7287965416908264,-0.015542893670499325,0.05429333448410034,-0.8661181926727295,-0.04733220115303993,0.09050130844116211,-1.0,-0.06050395593047142,0.049365926533937454,-0.4081555902957916,0.0077448999509215355,0.09949220716953278,-0.5017055869102478,-0.05654453486204147,0.0580928772687912,-0.3618606925010681,-0.06541909277439117,0.030904114246368408,-0.2890528440475464,-0.04896271973848343,0.1075511947274208,-0.31013453006744385,-0.009740153327584267,0.13614238798618317,-0.396481454372406,-0.05596340075135231,0.10027454048395157,-0.29907381534576416,-0.046794287860393524,0.0732327476143837,-0.2436244785785675,-0.02637818269431591
K,K_session_002,253,0.0,0.0,0.0,-0.06594353169202805,-0.20822006464004517,-0.037055227905511856,-0.0771060660481453,-0.4297642111778259,-0.038097772747278214,-0.03898428753018379,-0.6106135845184326,-0.041588194668293,-0.011122378520667553,-0.7462784647941589,-0.04184187948703766,-0.09190008789300919,-0.5170143246650696,0.023120887577533722,-0.09939860552549362,-0.7297605276107788,-0.003653003368526697,-0.09700966626405716,-0.8635715246200562,-0.024370402097702026,-0.09208042919635773,-0.9870756268501282,-0.0370844304561615,-0.020054379478096962,-0.48472145199775696,0.016827983781695366,0.021191678941249847,-0.7266788482666016,-0.02059541456401348,0.05389729514718056,-0.8637005686759949,-0.05077337473630905,0.09114523231983185,-1.0,-0.06323358416557312,0.04777609929442406,-0.40569329261779785,0.0018714970210567117,0.09747633337974548,-0.49799591302871704,-0.06007080152630806,0.05416000634431839,-0.36177289485931396,-0.06710822880268097,0.028741518035531044,-0.2945176661014557,-0.05046847462654114,0.10555493831634521,-0.3059181869029999,-0.01604587584733963,0.1341116577386856,-0.3855993151664734,-0.06090270355343819,0.09729226678609848,-0.2910650670528412,-0.051478900015354156,0.07198961079120636,-0.24093608558177948,-0.031544771045446396
K,K_session_002,254,0.0,0.0,0.0,-0.06630264222621918,-0.21504157781600952,-0.035308051854372025,-0.07608354091644287,-0.44182804226875305,-0.03282330557703972,-0.0355280339717865,-0.621090829372406,-0.033173128962516785,-0.007132191210985184,-0.7528232932090759,-0.03014259971678257,-0.09256953001022339,-0.5170257091522217,0.03114423342049122,-0.09854310005903244,-0.7299988865852356,0.008097700774669647,-0.09588246047496796,-0.8619440793991089,-0.010578411631286144,-0.09100935608148575,-0.9841364622116089,-0.02223064936697483,-0.020122740417718887,-0.4841269552707672,0.025512387976050377,0.022402888163924217,-0.7236620187759399,-0.009091401472687721,0.05564555525779724,-0.8624253869056702,-0.0387977696955204,0.09281355887651443,-1.0,-0.051215436309576035,0.047773636877536774,-0.40458396077156067,0.01087306160479784,0.09944166243076324,-0.497234970331192,-0.04949300363659859,0.05568545311689377,-0.3605550229549408,-0.05792488157749176,0.028596622869372368,-0.2922675311565399,-0.042235635221004486,0.10528864711523056,-0.30520176887512207,-0.006623733788728714,0.13550901412963867,-0.38855376839637756,-0.05103340372443199,0.09760986268520355,-0.2939915657043457,-0.04299947991967201,0.07077550143003464,-0.24228011071681976,-0.0241384394466877
K,K_session_002,255,0.0,0.0,0.0,-0.06677433848381042,-0.20851917564868927,-0.03411011025309563,-0.0778721496462822,-0.4335460662841797,-0.034682173281908035,-0.038763463497161865,-0.610293447971344,-0.03810959309339523,-0.0074358838610351086,-0.7397853136062622,-0.038008369505405426,-0.09282121807336807,-0.5155584812164307,0.021551256999373436,-0.09896544367074966,-0.7295976877212524,-0.005062942858785391,-0.09710918366909027,-0.8619807362556458,-0.02466178871691227,-0.0929354801774025,-0.984889805316925,-0.0368514358997345,-0.021273283287882805,-0.4827551543712616,0.013705599121749401,0.022120943292975426,-0.7234809398651123,-0.024766353890299797,0.05572282522916794,-0.8609169125556946,-0.05451219901442528,0.0939793735742569,-1.0,-0.06672961264848709,0.046729788184165955,-0.40310367941856384,-0.0021216003224253654,0.09946862608194351,-0.48854219913482666,-0.06299154460430145,0.055244289338588715,-0.35122519731521606,-0.06755876541137695,0.028647178784012794,-0.28480932116508484,-0.0496080107986927,0.10487759113311768,-0.301498144865036,-0.020875073969364166,0.1368313878774643,-0.37641003727912903,-0.06409373134374619,0.09799773246049881,-0.2836478054523468,-0.05303424596786499,0.06961903721094131,-0.23553189635276794,-0.03226415067911148
K,K_session_002,256,0.0,0.0,0.0,-0.06757214665412903,-0.20576733350753784,-0.035351891070604324,-0.07787539064884186,-0.43493592739105225,-0.03475521132349968,-0.03666484355926514,-0.6160672903060913,-0.03677917644381523,-0.005196717567741871,-0.7481951713562012,-0.03502189368009567,-0.09111815690994263,-0.5204240679740906,0.023830216377973557,-0.09836075454950333,-0.7344830632209778,-0.0022227114532142878,-0.09680107980966568,-0.8655087947845459,-0.021096566691994667,-0.09242619574069977,-0.9878912568092346,-0.032978225499391556,-0.018421676009893417,-0.48556506633758545,0.016545571386814117,0.023357760161161423,-0.7255308032035828,-0.02214992046356201,0.054949454963207245,-0.8597775101661682,-0.051743168383836746,0.09325403720140457,-1.0,-0.06361334025859833,0.04964379593729973,-0.40386587381362915,0.00077656633220613,0.0988902673125267,-0.4880877733230591,-0.06005408987402916,0.05312652513384819,-0.34982770681381226,-0.06378348916769028,0.028337720781564713,-0.2916300892829895,-0.045344263315200806,0.10830586403608322,-0.3017131984233856,-0.018252039328217506,0.13701747357845306,-0.3761041760444641,-0.06154729053378105,0.09711477905511856,-0.28209206461906433,-0.0503203459084034,0.07069692760705948,-0.2388281375169754,-0.029505422338843346
K,K_session_002,257,0.0,0.0,0.0,-0.06653148680925369,-0.19504764676094055,-0.04001055657863617,-0.0762481614947319,-0.4161835312843323,-0.04612297564744949,-0.03567800670862198,-0.6006383895874023,-0.05380760878324509,-0.0029674859251827,-0.7374441623687744,-0.05781680345535278,-0.08267759531736374,-0.5144405364990234,0.009192176163196564,-0.09097888320684433,-0.7297700047492981,-0.021374711766839027,-0.09136404097080231,-0.8620176315307617,-0.04136711359024048,-0.08688946813344955,-0.9848113059997559,-0.053306203335523605,-0.010603325441479683,-0.4791632294654846,0.0022445465438067913,0.030154312029480934,-0.7234634160995483,-0.04022987186908722,0.05897105112671852,-0.858063817024231,-0.06941493600606918,0.09748445451259613,-1.0,-0.08033943921327591,0.05626700446009636,-0.397550493478775,-0.012783115729689598,0.09982465207576752,-0.48338213562965393,-0.07756101340055466,0.05180669575929642,-0.34112992882728577,-0.0803380161523819,0.02948496863245964,-0.2828769385814667,-0.06043832376599312,0.11437548696994781,-0.2953852713108063,-0.031079141423106194,0.13731524348258972,-0.36521586775779724,-0.07770373672246933,0.09608444571495056,-0.268647700548172,-0.06634476035833359,0.07123985886573792,-0.22765664756298065,-0.04473448172211647
K,K_session_002,258,0.0,0.0,0.0,-0.06423522531986237,-0.18089567124843597,-0.042738039046525955,-0.07603788375854492,-0.38921117782592773,-0.05378952622413635,-0.037788014858961105,-0.5755088329315186,-0.06570824980735779,-0.008487304672598839,-0.7242883443832397,-0.07314121723175049,-0.07724510133266449,-0.5056486129760742,0.001259006792679429,-0.0879627987742424,-0.7233646512031555,-0.031321000307798386,-0.08940958976745605,-0.8588859438896179,-0.051322244107723236,-0.08608872443437576,-0.9821912050247192,-0.06299702078104019,-0.004537091590464115,-0.47214028239250183,-0.004966517444700003,0.03685474395751953,-0.7189141511917114,-0.048822250217199326,0.06496864557266235,-0.854931652545929,-0.07748926430940628,0.10230031609535217,-1.0,-0.08809439837932587,0.061629392206668854,-0.3918969929218292,-0.019066665321588516,0.09981564432382584,-0.47586050629615784,-0.0839616134762764,0.051744576543569565,-0.33784738183021545,-0.0843735858798027,0.030461594462394714,-0.2855958938598633,-0.06318501383066177,0.1198752224445343,-0.2910618484020233,-0.036588385701179504,0.13822363317012787,-0.359688937664032,-0.08280915766954422,0.09840452671051025,-0.2664245367050171,-0.0699281170964241,0.07518348842859268,-0.23007670044898987,-0.04732946306467056
K,K_session_002,259,0.0,0.0,0.0,-0.0638284683227539,-0.1799466758966446,-0.04195008426904678,-0.07599508762359619,-0.38886597752571106,-0.054013941437006,-0.0366985909640789,-0.5765717625617981,-0.06693863868713379,-0.009033470414578915,-0.7251057624816895,-0.07502783089876175,-0.07466675341129303,-0.506341278553009,-0.0036784112453460693,-0.08720377087593079,-0.7229371666908264,-0.03877483308315277,-0.09116187691688538,-0.8590300679206848,-0.059414900839328766,-0.09044024348258972,-0.9846151471138,-0.07184577733278275,-0.0014708904782310128,-0.4732040464878082,-0.011526612564921379,0.03617900609970093,-0.7148734331130981,-0.0576845183968544,0.06154901534318924,-0.8497807383537292,-0.08615782111883163,0.09800484776496887,-1.0,-0.09683406352996826,0.06479285657405853,-0.39171937108039856,-0.027013462036848068,0.09906924515962601,-0.47294121980667114,-0.09161598980426788,0.04902637004852295,-0.3388700783252716,-0.08922997862100601,0.028924383223056793,-0.2937275767326355,-0.06689681112766266,0.12444459646940231,-0.28862902522087097,-0.046211037784814835,0.13839466869831085,-0.3536832332611084,-0.09116785228252411,0.09880604594945908,-0.26512351632118225,-0.07687496393918991,0.07963584363460541,-0.23527967929840088,-0.053833261132240295
K,K_session_002,260,0.0,0.0,0.0,-0.06634582579135895,-0.1759810894727707,-0.03878090903162956,-0.07750393450260162,-0.38852742314338684,-0.0494556687772274,-0.03824145346879959,-0.5772420167922974,-0.061564162373542786,-0.012801889330148697,-0.7220527529716492,-0.06892390549182892,-0.07458000630140305,-0.49895650148391724,-0.0035834074951708317,-0.08937215805053711,-0.7135469317436218,-0.03920955955982208,-0.09637650102376938,-0.8508242964744568,-0.05937306210398674,-0.09891156107187271,-0.9783763885498047,-0.07167588174343109,-0.0031889535021036863,-0.4694381654262543,-0.013575182296335697,0.032417554408311844,-0.7137986421585083,-0.060619939118623734,0.05629148706793785,-0.8481215238571167,-0.0882544219493866,0.09175829589366913,-1.0,-0.09825553745031357,0.062126997858285904,-0.3897112011909485,-0.030821092426776886,0.09805898368358612,-0.4701831042766571,-0.09588352590799332,0.04702430218458176,-0.33342522382736206,-0.09150885045528412,0.026157047599554062,-0.2854270935058594,-0.06772613525390625,0.12174271792173386,-0.28609058260917664,-0.05165881663560867,0.13654537498950958,-0.3471272587776184,-0.09618692845106125,0.09697437286376953,-0.25912222266197205,-0.08089776337146759,0.07767607271671295,-0.22958621382713318,-0.057374466210603714
K,K_session_002,261,0.0,0.0,0.0,-0.0678040161728859,-0.17679017782211304,-0.04087343066930771,-0.07988399267196655,-0.3888436257839203,-0.05249673128128052,-0.03956947848200798,-0.5782883167266846,-0.06511508673429489,-0.014355956576764584,-0.7250882983207703,-0.07298018038272858,-0.07732883840799332,-0.5027123689651489,-0.005523322150111198,-0.09270770847797394,-0.717296838760376,-0.04180184379220009,-0.09951502829790115,-0.853752851486206,-0.06237038969993591,-0.10134242475032806,-0.9830714464187622,-0.0748489648103714,-0.004263860639184713,-0.47171056270599365,-0.014637741260230541,0.030789697542786598,-0.7123215794563293,-0.061992887407541275,0.054883528500795364,-0.8464540243148804,-0.08942216634750366,0.09051773697137833,-1.0,-0.09902621805667877,0.06249457970261574,-0.3897005021572113,-0.03121614083647728,0.09682315587997437,-0.46789753437042236,-0.09666124731302261,0.04605879262089729,-0.33003783226013184,-0.09223946928977966,0.02564575895667076,-0.28402772545814514,-0.06816286593675613,0.122894287109375,-0.2834418714046478,-0.0515352264046669,0.13719172775745392,-0.3429969549179077,-0.09640113264322281,0.09821200370788574,-0.25408390164375305,-0.08099061995744705,0.07968171685934067,-0.22546283900737762,-0.057105712592601776
K,K_session_002,262,0.0,0.0,0.0,-0.06595266610383987,-0.1730484664440155,-0.04496367648243904,-0.07823386043310165,-0.3810012638568878,-0.059886910021305084,-0.03945884108543396,-0.5675790905952454,-0.07490070164203644,-0.014849670231342316,-0.7173901200294495,-0.08480556309223175,-0.07657807320356369,-0.5034520030021667,-0.012050379067659378,-0.0924651250243187,-0.7217621803283691,-0.05021778494119644,-0.09938850998878479,-0.8591865301132202,-0.07098164409399033,-0.10093880444765091,-0.9885964393615723,-0.08318327367305756,-0.002736961469054222,-0.4720275402069092,-0.019360125064849854,0.034261129796504974,-0.7143656015396118,-0.06877550482749939,0.058490462601184845,-0.8465092778205872,-0.09606024622917175,0.09480659663677216,-1.0,-0.10505285859107971,0.06444188207387924,-0.39022043347358704,-0.03432847559452057,0.0988234132528305,-0.46573299169540405,-0.10176103562116623,0.04808665066957474,-0.32749229669570923,-0.09773425757884979,0.029359759762883186,-0.2840852439403534,-0.07352425158023834,0.12470722198486328,-0.28530341386795044,-0.05319088324904442,0.13845352828502655,-0.34240758419036865,-0.10007593035697937,0.09917529672384262,-0.2523266077041626,-0.08535580337047577,0.08094379305839539,-0.223826602101326,-0.06151679903268814
K,K_session_002,263,0.0,0.0,0.0,-0.06387630105018616,-0.1755303591489792,-0.04305150732398033,-0.07527343183755875,-0.38620725274086,-0.05921068415045738,-0.0349452942609787,-0.5734478831291199,-0.07591922581195831,-0.0081615149974823,-0.7245892286300659,-0.0874175876379013,-0.07038377225399017,-0.5032804012298584,-0.016047149896621704,-0.0863860622048378,-0.7244323492050171,-0.05518248677253723,-0.09388677775859833,-0.8639790415763855,-0.07628948986530304,-0.09559750556945801,-0.9939602613449097,-0.08886212855577469,0.002910791663452983,-0.4716089963912964,-0.024306053295731544,0.038645848631858826,-0.7117180824279785,-0.07477032393217087,0.06250099837779999,-0.8479735851287842,-0.10266739875078201,0.09873276948928833,-1.0,-0.11267875134944916,0.06992124766111374,-0.38977476954460144,-0.03953711688518524,0.1030028909444809,-0.4660983085632324,-0.10585298389196396,0.05321727693080902,-0.3281538486480713,-0.0999179556965828,0.034777864813804626,-0.2774038016796112,-0.0749562457203865,0.1300223022699356,-0.2855742275714874,-0.05859867110848427,0.14264903962612152,-0.34582430124282837,-0.10393492877483368,0.10398367792367935,-0.25740212202072144,-0.08799465745687485,0.0861346423625946,-0.22579577565193176,-0.06366010755300522
K,K_session_002,264,0.0,0.0,0.0,-0.06589595228433609,-0.16816657781600952,-0.04573027417063713,-0.0795416384935379,-0.37662649154663086,-0.06270626187324524,-0.040337592363357544,-0.5643643736839294,-0.07962103188037872,-0.011997278779745102,-0.7184258699417114,-0.09106294810771942,-0.07101371884346008,-0.5056599974632263,-0.015628524124622345,-0.08844248950481415,-0.7269138097763062,-0.0545133501291275,-0.09632314741611481,-0.8669565320014954,-0.07567542791366577,-0.09871292859315872,-0.998672604560852,-0.08855251967906952,0.003318280912935734,-0.47512224316596985,-0.022159762680530548,0.03778010979294777,-0.7155762910842896,-0.07188405841588974,0.06299225240945816,-0.8500687479972839,-0.09939776360988617,0.09956692159175873,-1.0,-0.10917831212282181,0.06959575414657593,-0.3935092091560364,-0.036274876445531845,0.10187304019927979,-0.46574369072914124,-0.10221908986568451,0.052252329885959625,-0.33273905515670776,-0.09779772907495499,0.03263060376048088,-0.28898850083351135,-0.07418377697467804,0.12969756126403809,-0.2898607850074768,-0.054377567023038864,0.1421140879392624,-0.34688708186149597,-0.09943006932735443,0.1036747619509697,-0.26026517152786255,-0.08492690324783325,0.08425135910511017,-0.23183707892894745,-0.06198611855506897
K,K_session_002,265,0.0,0.0,0.0,-0.06345673650503159,-0.16935189068317413,-0.04776144027709961,-0.07687234878540039,-0.37670326232910156,-0.06638113409280777,-0.037928372621536255,-0.5657878518104553,-0.08471217751502991,-0.010491566732525826,-0.7231439352035522,-0.09742222726345062,-0.06920190155506134,-0.5079188942909241,-0.017310477793216705,-0.0859450250864029,-0.7284006476402283,-0.057106539607048035,-0.09374628961086273,-0.8683951497077942,-0.07843548059463501,-0.09484385699033737,-1.0,-0.09141905605792999,0.005038340110331774,-0.4762478768825531,-0.02322039008140564,0.0409356951713562,-0.7166303992271423,-0.07453959435224533,0.06573159247636795,-0.8477112650871277,-0.10204906761646271,0.10359278321266174,-0.9966331720352173,-0.1113893985748291,0.07190549373626709,-0.39222344756126404,-0.03681919351220131,0.10417516529560089,-0.46784457564353943,-0.10457506775856018,0.05256955698132515,-0.33052244782447815,-0.09921672195196152,0.03363746404647827,-0.2847744822502136,-0.07441562414169312,0.13181819021701813,-0.28576573729515076,-0.05450433865189552,0.1446630358695984,-0.3442750871181488,-0.10150559991598129,0.10412950068712234,-0.25535157322883606,-0.08690085262060165,0.08427387475967407,-0.22591349482536316,-0.06330364942550659
K,K_session_002,266,0.0,0.0,0.0,-0.058105263859033585,-0.16612720489501953,-0.053115904331207275,-0.07349655032157898,-0.3703749179840088,-0.07516499608755112,-0.0366777740418911,-0.5594599843025208,-0.09595219045877457,-0.006027457769960165,-0.7205381393432617,-0.11068547517061234,-0.06749030202627182,-0.510319709777832,-0.02178620733320713,-0.0821477547287941,-0.7290870547294617,-0.06408946961164474,-0.08907720446586609,-0.8682989478111267,-0.08725466579198837,-0.0897059366106987,-1.0,-0.10154198855161667,0.007025058381259441,-0.47830796241760254,-0.0254956167191267,0.04304936155676842,-0.7164597511291504,-0.07923006266355515,0.06901022791862488,-0.8467952013015747,-0.10800904780626297,0.1082380935549736,-0.9981319308280945,-0.11817479133605957,0.07397869974374771,-0.3927200138568878,-0.03740566596388817,0.10653232783079147,-0.4698522388935089,-0.10661986470222473,0.055870845913887024,-0.33274680376052856,-0.100531205534935,0.038207750767469406,-0.29009494185447693,-0.07513512670993805,0.13366231322288513,-0.2863846719264984,-0.053953271359205246,0.14763782918453217,-0.34801995754241943,-0.10172829777002335,0.10806379467248917,-0.25819218158721924,-0.08682341873645782,0.08921875804662704,-0.22908802330493927,-0.06289037317037582
K,K_session_002,267,0.0,0.0,0.0,-0.06297552585601807,-0.1743527352809906,-0.04695652797818184,-0.07490038126707077,-0.3839128613471985,-0.06395221501588821,-0.036182504147291183,-0.5727372169494629,-0.081170454621315,-0.007327286060899496,-0.7290542125701904,-0.09272804111242294,-0.06857027113437653,-0.5075150728225708,-0.01225599180907011,-0.08362569659948349,-0.7290403842926025,-0.05131414532661438,-0.09045326709747314,-0.8685052990913391,-0.07268022745847702,-0.09098661690950394,-1.0,-0.0855461061000824,0.005415340885519981,-0.47428634762763977,-0.018066231161355972,0.0419674888253212,-0.7150737047195435,-0.06987395137548447,0.06815315783023834,-0.8491522669792175,-0.09892299771308899,0.10675965249538422,-0.9991315007209778,-0.10915324091911316,0.07128074765205383,-0.3912801444530487,-0.031776975840330124,0.10679684579372406,-0.4690704047679901,-0.10042666643857956,0.05600256100296974,-0.3308257758617401,-0.09565114974975586,0.03561271354556084,-0.28302040696144104,-0.07059772312641144,0.13108345866203308,-0.288144052028656,-0.04956531152129173,0.14739041030406952,-0.3514705300331116,-0.09636304527521133,0.10767816007137299,-0.2604730725288391,-0.08142253756523132,0.08704593032598495,-0.22812679409980774,-0.05739184096455574
K,K_session_002,268,0.0,0.0,0.0,-0.06104855239391327,-0.17235486209392548,-0.049041278660297394,-0.07283239811658859,-0.37841010093688965,-0.06594657152891159,-0.036067213863134384,-0.5642938613891602,-0.08204131573438644,-0.010978823527693748,-0.7213168740272522,-0.09220411628484726,-0.07000307738780975,-0.5090122818946838,-0.01377868838608265,-0.08497780561447144,-0.7293760776519775,-0.05142492428421974,-0.09128043800592422,-0.8685532212257385,-0.07221855223178864,-0.09199051558971405,-1.0,-0.08508065342903137,0.00336997932754457,-0.4772394299507141,-0.01809735782444477,0.04078659787774086,-0.7173120379447937,-0.06815893203020096,0.06823217123746872,-0.848452091217041,-0.09683563560247421,0.10675225406885147,-0.9961310029029846,-0.10707318037748337,0.06941866874694824,-0.3944903314113617,-0.030333852395415306,0.10729123651981354,-0.4703134596347809,-0.09761105477809906,0.056014712899923325,-0.3356364369392395,-0.09456466138362885,0.033537447452545166,-0.29280635714530945,-0.07141122221946716,0.1293056607246399,-0.2916293442249298,-0.046774253249168396,0.14756640791893005,-0.34921354055404663,-0.09416789561510086,0.10781513899564743,-0.2599695026874542,-0.0815143883228302,0.08617007732391357,-0.23210391402244568,-0.059345792979002
K,K_session_002,269,0.0,0.0,0.0,-0.06083714962005615,-0.1772993505001068,-0.04686165601015091,-0.07115942984819412,-0.3827033042907715,-0.06226366385817528,-0.03437456116080284,-0.5671868920326233,-0.07735618948936462,-0.009514011442661285,-0.7221418023109436,-0.08675723522901535,-0.06823711842298508,-0.5085986256599426,-0.010118266567587852,-0.08339042961597443,-0.7273531556129456,-0.04569706320762634,-0.09023097157478333,-0.8668010830879211,-0.06576412171125412,-0.09096187353134155,-0.9964544773101807,-0.07839445024728775,0.004719065502285957,-0.47767195105552673,-0.014809631742537022,0.04268881306052208,-0.7189913392066956,-0.06357264518737793,0.07029610872268677,-0.8539680242538452,-0.09287384897470474,0.1092839166522026,-1.0,-0.10390312969684601,0.07047390937805176,-0.3947509229183197,-0.02717401087284088,0.1111314445734024,-0.4747271239757538,-0.09426098316907883,0.05809784680604935,-0.33918073773384094,-0.09278055280447006,0.03316531702876091,-0.28883716464042664,-0.07062064111232758,0.1297886222600937,-0.2914959490299225,-0.043399520218372345,0.14846792817115784,-0.35242459177970886,-0.09155365824699402,0.10669972002506256,-0.2626050114631653,-0.08025744557380676,0.08269523829221725,-0.2301400899887085,-0.058953527361154556
K,K_session_002,270,0.0,0.0,0.0,-0.06239321827888489,-0.1787288933992386,-0.044895634055137634,-0.07350920885801315,-0.38520750403404236,-0.05796416848897934,-0.0380147285759449,-0.5718080401420593,-0.07119721919298172,-0.01540400367230177,-0.7248086929321289,-0.0789337083697319,-0.07387885451316833,-0.5032421946525574,-0.005271205212920904,-0.08673026412725449,-0.7233113050460815,-0.04073932766914368,-0.09154627472162247,-0.8627986907958984,-0.061371587216854095,-0.0914243534207344,-0.9939301013946533,-0.07424648851156235,-0.0009009797358885407,-0.47385886311531067,-0.010952572338283062,0.036393411457538605,-0.7174620032310486,-0.059880826622247696,0.06463377177715302,-0.8524779677391052,-0.08947931230068207,0.10350766777992249,-1.0,-0.10039984434843063,0.06570833176374435,-0.3937907814979553,-0.0244058296084404,0.10528881102800369,-0.4742385447025299,-0.09196098893880844,0.05350217968225479,-0.3366233706474304,-0.08975178003311157,0.028878742828965187,-0.28468582034111023,-0.06644118577241898,0.1262451410293579,-0.2919280230998993,-0.04169024899601936,0.14481353759765625,-0.35337772965431213,-0.08919362723827362,0.10369481891393661,-0.2633596658706665,-0.07654076814651489,0.08002030849456787,-0.23076753318309784,-0.05404486507177353
K,K_session_002,271,0.0,0.0,0.0,-0.062411803752183914,-0.1841360628604889,-0.040893200784921646,-0.07229874283075333,-0.3956817090511322,-0.05112879350781441,-0.036295849829912186,-0.5787312388420105,-0.06199872866272926,-0.01286051981151104,-0.7269321084022522,-0.0677964836359024,-0.07565842568874359,-0.5088042616844177,-0.0013768585631623864,-0.0881427749991417,-0.7234724760055542,-0.03344353288412094,-0.09174686670303345,-0.8601371645927429,-0.05178773030638695,-0.09049521386623383,-0.9868924617767334,-0.0628405213356018,-0.0020576082170009613,-0.47806963324546814,-0.008311971090734005,0.03519375994801521,-0.7182762026786804,-0.05214091017842293,0.06284888833761215,-0.8529288172721863,-0.07915140688419342,0.10099111497402191,-1.0,-0.08862432092428207,0.06637107580900192,-0.39556699991226196,-0.022592440247535706,0.10363837331533432,-0.47219932079315186,-0.08557070791721344,0.05481357127428055,-0.33697783946990967,-0.08296868205070496,0.03389149531722069,-0.28656870126724243,-0.06030521169304848,0.1267387717962265,-0.2904711961746216,-0.04036872088909149,0.14227503538131714,-0.34783586859703064,-0.08391966670751572,0.10424677282571793,-0.25951409339904785,-0.06964123249053955,0.08528146892786026,-0.22931347787380219,-0.04666455090045929
K,K_session_002,272,0.0,0.0,0.0,-0.07030638307332993,-0.1745791882276535,-0.04162320867180824,-0.08477815985679626,-0.38196343183517456,-0.0516621395945549,-0.04742761701345444,-0.5680234432220459,-0.06217911094427109,-0.021234646439552307,-0.7159929275512695,-0.06779026240110397,-0.08562330901622772,-0.4968613386154175,0.0015383826103061438,-0.09781334549188614,-0.7134300470352173,-0.03142821043729782,-0.09956299513578415,-0.851057767868042,-0.05031350627541542,-0.09846153855323792,-0.9781023263931274,-0.0610240176320076,-0.01209582481533289,-0.4682132303714752,-0.005393675062805414,0.025175154209136963,-0.7199144959449768,-0.05035731568932533,0.052900224924087524,-0.8535661697387695,-0.07768744975328445,0.08770549297332764,-1.0,-0.08629558235406876,0.055441051721572876,-0.3909412622451782,-0.020108290016651154,0.09206365793943405,-0.4821341633796692,-0.08754336833953857,0.04578108340501785,-0.3398318588733673,-0.08643011748790741,0.02353808283805847,-0.2884388864040375,-0.06293109804391861,0.11670097708702087,-0.2903621196746826,-0.03791898116469383,0.1341089904308319,-0.3591599464416504,-0.08535182476043701,0.09622672200202942,-0.26178503036499023,-0.07138589024543762,0.07365229725837708,-0.22744546830654144,-0.047385286539793015
K,K_session_002,273,0.0,0.0,0.0,-0.06707292050123215,-0.17764556407928467,-0.03933252394199371,-0.08160058408975601,-0.38069164752960205,-0.04881421476602554,-0.047963544726371765,-0.5634317398071289,-0.0594564788043499,-0.028149399906396866,-0.7118309736251831,-0.06545131653547287,-0.08499694615602493,-0.4987317621707916,0.0025232171174138784,-0.09730088710784912,-0.7106868624687195,-0.030056573450565338,-0.10017650574445724,-0.8447796702384949,-0.049348585307598114,-0.10003190487623215,-0.9677196145057678,-0.060446057468652725,-0.011865903623402119,-0.4708371162414551,-0.00583398574963212,0.022608712315559387,-0.7199260592460632,-0.05044809728860855,0.04742050915956497,-0.8542956709861755,-0.07866151630878448,0.08064990490674973,-1.0,-0.08845125138759613,0.05621719732880592,-0.3943268358707428,-0.021620826795697212,0.09180090576410294,-0.48410719633102417,-0.08774353563785553,0.04711730778217316,-0.3441290557384491,-0.08737803250551224,0.02577279321849346,-0.2944260835647583,-0.06522119790315628,0.11746686697006226,-0.2947775423526764,-0.04040036350488663,0.1359228640794754,-0.36678624153137207,-0.08680208027362823,0.09732189029455185,-0.2712319791316986,-0.07293335348367691,0.07277221232652664,-0.2365289330482483,-0.04958401992917061
K,K_session_002,274,0.0,0.0,0.0,-0.0694827288389206,-0.17717356979846954,-0.039683304727077484,-0.08646700531244278,-0.37789028882980347,-0.04930603876709938,-0.05423136055469513,-0.5618851184844971,-0.0602995790541172,-0.032311126589775085,-0.7118423581123352,-0.0668325424194336,-0.09037231653928757,-0.49269184470176697,0.005039840936660767,-0.10431352257728577,-0.7060679197311401,-0.025739062577486038,-0.10777036100625992,-0.8427015542984009,-0.04409738630056381,-0.10745466500520706,-0.9657449126243591,-0.05465979129076004,-0.017685089260339737,-0.467974454164505,-0.0027223241049796343,0.013757008127868176,-0.7181037664413452,-0.045168500393629074,0.037849631160497665,-0.8576292991638184,-0.07253928482532501,0.07032769918441772,-1.0,-0.0819721668958664,0.04959971830248833,-0.39286598563194275,-0.01826924830675125,0.0856999009847641,-0.48923832178115845,-0.08389880508184433,0.042737651616334915,-0.34908318519592285,-0.08480042219161987,0.02168167196214199,-0.29007619619369507,-0.0631648376584053,0.11093758046627045,-0.29401731491088867,-0.03668861836194992,0.13005587458610535,-0.3731980323791504,-0.08349278569221497,0.09268850833177567,-0.27567991614341736,-0.07110055536031723,0.06844602525234222,-0.23283666372299194,-0.04860411211848259
K,K_session_002,275,0.0,0.0,0.0,-0.07737328857183456,-0.18033425509929657,-0.040119677782058716,-0.0960565134882927,-0.37883156538009644,-0.046576693654060364,-0.06537298858165741,-0.5636482238769531,-0.053945932537317276,-0.047022782266139984,-0.7111246585845947,-0.05717533826828003,-0.102810800075531,-0.49241575598716736,0.014409183524549007,-0.11864866316318512,-0.7028999924659729,-0.012861259281635284,-0.12251929193735123,-0.8375080823898315,-0.030502112582325935,-0.12287852168083191,-0.9605718851089478,-0.04015146940946579,-0.02867722325026989,-0.4667032063007355,0.008801566436886787,0.0031137161422520876,-0.7222769856452942,-0.029057839885354042,0.025232715532183647,-0.8587315082550049,-0.05484040826559067,0.05586681514978409,-1.0,-0.06251182407140732,0.03923486918210983,-0.39298292994499207,-0.0054308827966451645,0.07395108044147491,-0.48860087990760803,-0.06958678364753723,0.030739840120077133,-0.34846749901771545,-0.07457135617733002,0.010438893921673298,-0.294664591550827,-0.05506359785795212,0.10141794383525848,-0.2972148358821869,-0.02230076678097248,0.11894655972719193,-0.3728174865245819,-0.0681513100862503,0.08174717426300049,-0.2735000550746918,-0.057845909148454666,0.058574844151735306,-0.2321678251028061,-0.03664423152804375
K,K_session_002,276,0.0,0.0,0.0,-0.07660749554634094,-0.18277941644191742,-0.037933699786663055,-0.09394308924674988,-0.38599666953086853,-0.04235713183879852,-0.060888804495334625,-0.5722612738609314,-0.04864487424492836,-0.040994998067617416,-0.7175118327140808,-0.05128437653183937,-0.10378757119178772,-0.487556129693985,0.019859764724969864,-0.11863935738801956,-0.6951462626457214,-0.007232501171529293,-0.12318075448274612,-0.8279010057449341,-0.025805236771702766,-0.12369825690984726,-0.9498710036277771,-0.03614620864391327,-0.030329637229442596,-0.46464747190475464,0.013277419842779636,-0.0005427405121736228,-0.7178232073783875,-0.024307861924171448,0.020461037755012512,-0.8576045632362366,-0.0518638975918293,0.05059361830353737,-1.0,-0.06120756268501282,0.03896969556808472,-0.3916678726673126,-0.0020034925546497107,0.073227658867836,-0.4872458875179291,-0.06524010002613068,0.03261953964829445,-0.3466358184814453,-0.07126639783382416,0.015776028856635094,-0.2879612147808075,-0.05280209705233574,0.10103137046098709,-0.29617375135421753,-0.019926652312278748,0.11776503920555115,-0.37367117404937744,-0.06421574205160141,0.08164375275373459,-0.27519428730010986,-0.053628094494342804,0.061361219733953476,-0.2311408370733261,-0.03256380185484886
K,K_session_002,277,0.0,0.0,0.0,-0.07838903367519379,-0.18732278048992157,-0.03420301526784897,-0.09526558220386505,-0.39414235949516296,-0.03537802770733833,-0.0631982758641243,-0.5797126889228821,-0.03903273493051529,-0.04553867504000664,-0.7207563519477844,-0.03915417939424515,-0.10648170113563538,-0.48171743750572205,0.026265006512403488,-0.12278393656015396,-0.6914857029914856,0.0007280351710505784,-0.1271308809518814,-0.8270249962806702,-0.01773114688694477,-0.12722590565681458,-0.9507572054862976,-0.02810981124639511,-0.03398890793323517,-0.4611140191555023,0.019055694341659546,-0.006473357789218426,-0.7155787348747253,-0.01763407327234745,0.013743585906922817,-0.8571152687072754,-0.04564860090613365,0.04260175675153732,-1.0,-0.055392250418663025,0.03497584909200668,-0.39251166582107544,0.0032522825058549643,0.07057847827672958,-0.5007148385047913,-0.06061050295829773,0.031237391754984856,-0.35921376943588257,-0.06844453513622284,0.013375397771596909,-0.2934747636318207,-0.05073549225926399,0.09807909280061722,-0.30096080899238586,-0.014657816849648952,0.11597506701946259,-0.38834527134895325,-0.060165710747241974,0.07956511527299881,-0.28827792406082153,-0.051301129162311554,0.05787186697125435,-0.23809637129306793,-0.03122449479997158
K,K_session_002,278,0.0,0.0,0.0,-0.08728861808776855,-0.1862146556377411,-0.030181609094142914,-0.10865489393472672,-0.39355847239494324,-0.0305340439081192,-0.07494484633207321,-0.5826606154441833,-0.03466504067182541,-0.055896226316690445,-0.7195560932159424,-0.03640274330973625,-0.11633174866437912,-0.48174622654914856,0.028819194063544273,-0.13417237997055054,-0.6910333037376404,0.0029150445479899645,-0.13894841074943542,-0.8246107697486877,-0.016060756519436836,-0.13881810009479523,-0.9496731162071228,-0.026582060381770134,-0.041519347578287125,-0.4596525728702545,0.019565513357520103,-0.014608798548579216,-0.7138799428939819,-0.015817947685718536,0.002587934723123908,-0.8542952537536621,-0.04199063032865524,0.029619166627526283,-1.0,-0.0506766177713871,0.02835835888981819,-0.3916248381137848,0.0017530453624203801,0.06369955092668533,-0.49845194816589355,-0.06076808273792267,0.02069171704351902,-0.35005074739456177,-0.06806305795907974,0.002903136657550931,-0.27992570400238037,-0.05020686611533165,0.09230177849531174,-0.3011149764060974,-0.017995834350585938,0.10708736628293991,-0.38080963492393494,-0.06158268451690674,0.06990199536085129,-0.27723827958106995,-0.05224497988820076,0.0512462742626667,-0.22659580409526825,-0.0322415754199028
K,K_session_002,279,0.0,0.0,0.0,-0.08810440450906754,-0.194785475730896,-0.03041558340191841,-0.10690999776124954,-0.4105876088142395,-0.025267893448472023,-0.07068471610546112,-0.5928397178649902,-0.023496277630329132,-0.04871872439980507,-0.7194720506668091,-0.018802547827363014,-0.11607589572668076,-0.4804553985595703,0.03988939896225929,-0.13329371809959412,-0.6881288290023804,0.018171655014157295,-0.13951951265335083,-0.820409893989563,-2.6522591724642552e-05,-0.1406632363796234,-0.9443181753158569,-0.010777846910059452,-0.041496578603982925,-0.45976629853248596,0.032802049070596695,-0.01803300529718399,-0.7100708484649658,0.0006517078727483749,-0.00040490832179784775,-0.8539104461669922,-0.027456361800432205,0.025676177814602852,-1.0,-0.037955451756715775,0.029193315654993057,-0.3926221430301666,0.01651214435696602,0.06352608650922775,-0.5096427798271179,-0.0445546917617321,0.02479439787566662,-0.35913410782814026,-0.05485061556100845,0.008072259835898876,-0.2833847999572754,-0.03894946724176407,0.09195180237293243,-0.30314067006111145,-0.0017645530169829726,0.10565920174121857,-0.3935052752494812,-0.04549611359834671,0.07075303047895432,-0.28644195199012756,-0.03804900124669075,0.05243255943059921,-0.2304304540157318,-0.01924140192568302
K,K_session_002,280,0.0,0.0,0.0,-0.09019558876752853,-0.1910085380077362,-0.028615854680538177,-0.11181555688381195,-0.40568938851356506,-0.025468610227108,-0.07614856213331223,-0.5942320227622986,-0.02650778740644455,-0.054760318249464035,-0.7217878699302673,-0.024905016645789146,-0.11754518002271652,-0.4810125529766083,0.0368926078081131,-0.13655097782611847,-0.6855978965759277,0.012418403290212154,-0.14331308007240295,-0.815314531326294,-0.007631225511431694,-0.1447969675064087,-0.9396628141403198,-0.01969326287508011,-0.04250381141901016,-0.4606360197067261,0.027643896639347076,-0.01990629732608795,-0.7093780636787415,-0.006468302570283413,-0.0033101150766015053,-0.8518027067184448,-0.03446551412343979,0.02234541065990925,-1.0,-0.04517431557178497,0.027515137568116188,-0.3938578963279724,0.009482517838478088,0.062407974153757095,-0.5100753903388977,-0.05217196047306061,0.0215118657797575,-0.3575475513935089,-0.06022808700799942,0.004145406652241945,-0.27809759974479675,-0.04304700344800949,0.09075568616390228,-0.30353304743766785,-0.010704964399337769,0.10641158372163773,-0.39146068692207336,-0.05393879488110542,0.07034731656312943,-0.2853643000125885,-0.04492790624499321,0.05104944109916687,-0.22771771252155304,-0.025115398690104485
K,K_session_002,281,0.0,0.0,0.0,-0.09080155938863754,-0.1904192566871643,-0.025656986981630325,-0.11255177855491638,-0.41211652755737305,-0.023324379697442055,-0.07757804542779922,-0.6018674373626709,-0.026136629283428192,-0.054560013115406036,-0.7249652743339539,-0.026794901117682457,-0.11328810453414917,-0.48003458976745605,0.03237716481089592,-0.13249388337135315,-0.6892033219337463,0.006854334846138954,-0.1400165557861328,-0.8205612301826477,-0.011894035153090954,-0.1417870670557022,-0.9436058402061462,-0.022876109927892685,-0.039524663239717484,-0.4614899456501007,0.020762981846928596,-0.018643153831362724,-0.709909975528717,-0.016419973224401474,-0.0033639927860349417,-0.8536669015884399,-0.044167954474687576,0.022655153647065163,-1.0,-0.05430658906698227,0.03071773052215576,-0.39484477043151855,0.001121658249758184,0.06495396047830582,-0.5111363530158997,-0.06107150763273239,0.024995731189846992,-0.3625233769416809,-0.06713775545358658,0.010359092615544796,-0.28107139468193054,-0.04869190603494644,0.09587457776069641,-0.3035379648208618,-0.0204202588647604,0.11040820926427841,-0.394011527299881,-0.06323673576116562,0.07413610816001892,-0.29134804010391235,-0.05317908525466919,0.056258656084537506,-0.2326524704694748,-0.03279193118214607
K,K_session_002,282,0.0,0.0,0.0,-0.09649740904569626,-0.18520528078079224,-0.024682611227035522,-0.12128295004367828,-0.4034132659435272,-0.023337887600064278,-0.08514261245727539,-0.5948194265365601,-0.02710334211587906,-0.06242489814758301,-0.7201647162437439,-0.028533799573779106,-0.11944490671157837,-0.47709858417510986,0.03246442228555679,-0.13927540183067322,-0.682823896408081,0.0063325162045657635,-0.14809387922286987,-0.8131565451622009,-0.012500089593231678,-0.14960023760795593,-0.938098132610321,-0.023571686819195747,-0.044399142265319824,-0.45909902453422546,0.02107956074178219,-0.022088050842285156,-0.7089776396751404,-0.017671650275588036,-0.011007645167410374,-0.8504098653793335,-0.04587266221642494,0.013261236250400543,-1.0,-0.056225620210170746,0.025551408529281616,-0.3952914774417877,0.0018623217474669218,0.06065644323825836,-0.515968918800354,-0.0614214725792408,0.01757115311920643,-0.36369460821151733,-0.06738919019699097,0.002613825025036931,-0.2816654145717621,-0.04855483025312424,0.0927664041519165,-0.3094621002674103,-0.018956154584884644,0.10479407757520676,-0.3966723382472992,-0.061901193112134933,0.06783038377761841,-0.2916361689567566,-0.05248912423849106,0.05104333907365799,-0.23442722856998444,-0.03254539892077446
K,K_session_002,283,0.0,0.0,0.0,-0.09426382184028625,-0.18521568179130554,-0.023593930527567863,-0.11768788844347,-0.40668919682502747,-0.02162172645330429,-0.08290080726146698,-0.5955017805099487,-0.02501458115875721,-0.059003520756959915,-0.7125698924064636,-0.026005862280726433,-0.1148756816983223,-0.4722164273262024,0.030728137120604515,-0.1341325342655182,-0.6838698387145996,0.004175957757979631,-0.14331534504890442,-0.8167961239814758,-0.016837239265441895,-0.14593948423862457,-0.9428235292434692,-0.030373113229870796,-0.04126695170998573,-0.455464631319046,0.018635284155607224,-0.022516928613185883,-0.7015480399131775,-0.021412283182144165,-0.009986386634409428,-0.849203884601593,-0.05329053848981857,0.013883781619369984,-1.0,-0.0673389658331871,0.029022544622421265,-0.3915121257305145,-0.0004617802915163338,0.06087557226419449,-0.5193899869918823,-0.06291491538286209,0.020506523549556732,-0.3638215959072113,-0.06791264563798904,0.005883628036826849,-0.2743919789791107,-0.04943563789129257,0.09536374360322952,-0.30633148550987244,-0.021368538960814476,0.10489990562200546,-0.40175947546958923,-0.06525803357362747,0.0702739730477333,-0.2949167788028717,-0.05536065995693207,0.05449514091014862,-0.2320103645324707,-0.03507194668054581
K,K_session_002,284,0.0,0.0,0.0,-0.09578176587820053,-0.1816101223230362,-0.021770212799310684,-0.12158823013305664,-0.4016033411026001,-0.02093776874244213,-0.08631763607263565,-0.5916353464126587,-0.026364559307694435,-0.061511777341365814,-0.7130070924758911,-0.03006066009402275,-0.11513958871364594,-0.4693123698234558,0.027822643518447876,-0.13545793294906616,-0.6819601058959961,0.00027838355163112283,-0.1439337581396103,-0.8152124881744385,-0.020454270765185356,-0.14656908810138702,-0.9420195817947388,-0.033617135137319565,-0.04236169159412384,-0.4534144699573517,0.013722202740609646,-0.021729063242673874,-0.7022987008094788,-0.027464767917990685,-0.00856432318687439,-0.8499237298965454,-0.05803811922669411,0.01541752740740776,-1.0,-0.07104538381099701,0.02729238010942936,-0.3911106288433075,-0.007006489206105471,0.060036372393369675,-0.5165857672691345,-0.07146209478378296,0.020617153495550156,-0.3597466051578522,-0.07505199313163757,0.006397250108420849,-0.2652999758720398,-0.05498959496617317,0.09473513811826706,-0.30513665080070496,-0.029324399307370186,0.10506434738636017,-0.39901840686798096,-0.07512638717889786,0.07037193328142166,-0.29207509756088257,-0.06452804803848267,0.05396055430173874,-0.2248583287000656,-0.04331143945455551
K,K_session_002,285,0.0,0.0,0.0,-0.08790162950754166,-0.1879507303237915,-0.019602056592702866,-0.11177245527505875,-0.4054664969444275,-0.018443025648593903,-0.07992743700742722,-0.591227650642395,-0.02390969544649124,-0.05657484382390976,-0.7127613425254822,-0.02729174681007862,-0.10712409019470215,-0.4677577316761017,0.029414381831884384,-0.1278563290834427,-0.6836051344871521,0.002184545388445258,-0.13551582396030426,-0.8176158666610718,-0.019105777144432068,-0.1376926600933075,-0.9441978931427002,-0.03275687247514725,-0.035884562879800797,-0.4523414969444275,0.014626544900238514,-0.015776626765727997,-0.7017985582351685,-0.024913687258958817,-0.0012999806785956025,-0.8502190709114075,-0.05584219470620155,0.021021058782935143,-1.0,-0.06936032325029373,0.03400125727057457,-0.39051222801208496,-0.0064361365512013435,0.06583117693662643,-0.5229412317276001,-0.06786943972110748,0.028391733765602112,-0.3667300343513489,-0.07038437575101852,0.012588831596076488,-0.2722504436969757,-0.050399910658597946,0.10065555572509766,-0.30506742000579834,-0.029032235965132713,0.11180264502763748,-0.40440553426742554,-0.07196377217769623,0.07728041708469391,-0.29791635274887085,-0.059932153671979904,0.05910461023449898,-0.2311738133430481,-0.03811639919877052
K,K_session_002,286,0.0,0.0,0.0,-0.08843746781349182,-0.18910439312458038,-0.01873066835105419,-0.10981124639511108,-0.4065437912940979,-0.017781099304556847,-0.07475698739290237,-0.586526095867157,-0.023187628015875816,-0.05063440650701523,-0.7081128358840942,-0.02656497433781624,-0.10456324368715286,-0.47167080640792847,0.02452254481613636,-0.12417484074831009,-0.6915879845619202,-0.0033780683297663927,-0.12956348061561584,-0.8270730972290039,-0.023918304592370987,-0.13077551126480103,-0.9536476135253906,-0.03653522953391075,-0.03515870124101639,-0.45409855246543884,0.008591904304921627,-0.011810505762696266,-0.706514298915863,-0.03051176108419895,0.005603425670415163,-0.8520873188972473,-0.058727774769067764,0.030515143647789955,-1.0,-0.06987400352954865,0.03330721706151962,-0.3906538486480713,-0.01323196291923523,0.06941673904657364,-0.5144299864768982,-0.07308686524629593,0.02987077459692955,-0.36028265953063965,-0.07204311341047287,0.011789065785706043,-0.2696613073348999,-0.05005766823887825,0.09996001422405243,-0.30027127265930176,-0.03684747591614723,0.1171087995171547,-0.39062926173210144,-0.07814835757017136,0.08180690556764603,-0.28731364011764526,-0.06347433477640152,0.06175687536597252,-0.22531305253505707,-0.039938170462846756
K,K_session_002,287,0.0,0.0,0.0,-0.08604548126459122,-0.1926344782114029,-0.021284792572259903,-0.10490788519382477,-0.41290217638015747,-0.019745059311389923,-0.06992047280073166,-0.5972344875335693,-0.02414153702557087,-0.04371530935168266,-0.7177215218544006,-0.026127541437745094,-0.10267756134271622,-0.4782956540584564,0.02545939013361931,-0.11759092658758163,-0.7001891136169434,-0.001740616513416171,-0.1210283637046814,-0.837196946144104,-0.022129077464342117,-0.12123709917068481,-0.963769257068634,-0.034879475831985474,-0.03170711174607277,-0.4569544196128845,0.010957533493638039,-0.004472846630960703,-0.7045121192932129,-0.028154466301202774,0.014787922613322735,-0.8509033918380737,-0.05763823166489601,0.04036766663193703,-1.0,-0.07005082070827484,0.03679356351494789,-0.3906383812427521,-0.009897413663566113,0.07765746861696243,-0.508590042591095,-0.0695151761174202,0.03496909886598587,-0.36140555143356323,-0.07093852758407593,0.012107837945222855,-0.2783847749233246,-0.0512191578745842,0.10204702615737915,-0.29861322045326233,-0.03278185799717903,0.12384747713804245,-0.3888658881187439,-0.0742265060544014,0.08680914342403412,-0.2902425229549408,-0.061536937952041626,0.06377223134040833,-0.23152464628219604,-0.03988078981637955
K,K_session_002,288,0.0,0.0,0.0,-0.07959505170583725,-0.19187623262405396,-0.026080641895532608,-0.09567658603191376,-0.408864825963974,-0.025856664404273033,-0.060945555567741394,-0.586924135684967,-0.030493171885609627,-0.03552967682480812,-0.7114338278770447,-0.032326579093933105,-0.09939480572938919,-0.4801989793777466,0.025684814900159836,-0.11227128654718399,-0.6995840668678284,-0.0021995319984853268,-0.11322934925556183,-0.8354321122169495,-0.023302767425775528,-0.11129382252693176,-0.9617105722427368,-0.036211058497428894,-0.029441306367516518,-0.4575521945953369,0.01376644428819418,0.0012109634699299932,-0.7043129205703735,-0.026306573301553726,0.023396767675876617,-0.8490095138549805,-0.0570497140288353,0.05115486681461334,-1.0,-0.0698559433221817,0.038233786821365356,-0.39150580763816833,-0.005373524967581034,0.08419299125671387,-0.5020579695701599,-0.06716703623533249,0.04033997654914856,-0.35699915885925293,-0.07171974331140518,0.014944072812795639,-0.280722439289093,-0.05349932610988617,0.10226764529943466,-0.3016875684261322,-0.026745053008198738,0.12809759378433228,-0.3839147686958313,-0.0701412633061409,0.08944547921419144,-0.28445637226104736,-0.059899065643548965,0.06319952756166458,-0.22996552288532257,-0.03975187614560127
K,K_session_002,289,0.0,0.0,0.0,-0.07399436831474304,-0.1979452520608902,-0.03273509442806244,-0.08437619358301163,-0.41866859793663025,-0.03198215737938881,-0.04769766330718994,-0.6030916571617126,-0.03463064134120941,-0.028040625154972076,-0.7381010055541992,-0.033950645476579666,-0.09329074621200562,-0.4954722821712494,0.02769954688847065,-0.10292471200227737,-0.7120639681816101,0.0008454385097138584,-0.10267554968595505,-0.8458592295646667,-0.019521910697221756,-0.10062232613563538,-0.9708229899406433,-0.03181111812591553,-0.022623656317591667,-0.4704364538192749,0.019032297655940056,0.009540028870105743,-0.7111217379570007,-0.020485887303948402,0.033631909638643265,-0.8522064089775085,-0.05115453153848648,0.06318200379610062,-1.0,-0.06339140981435776,0.04541971907019615,-0.3976174294948578,0.0018940421286970377,0.09171521663665771,-0.5038424730300903,-0.060723673552274704,0.048101283609867096,-0.3607558012008667,-0.06599485129117966,0.02240065298974514,-0.29263225197792053,-0.0477759912610054,0.10845279693603516,-0.30132588744163513,-0.018085626885294914,0.13722199201583862,-0.38565531373023987,-0.06273462623357773,0.09812691807746887,-0.28815996646881104,-0.05313599854707718,0.07055138796567917,-0.23871570825576782,-0.03301512077450752
K,K_session_002,290,0.0,0.0,0.0,-0.07018161565065384,-0.19942766427993774,-0.026981255039572716,-0.07947033643722534,-0.4153963625431061,-0.029208064079284668,-0.04185853525996208,-0.5979315638542175,-0.036288436502218246,-0.01587236113846302,-0.7288627624511719,-0.04050358757376671,-0.08352072536945343,-0.4908847212791443,0.021346265450119972,-0.09183799475431442,-0.7094748616218567,-0.008442932739853859,-0.091400645673275,-0.8448219299316406,-0.030382703989744186,-0.08727859705686569,-0.9705480933189392,-0.04379573091864586,-0.014719966799020767,-0.4653419852256775,0.008633364923298359,0.020179346203804016,-0.7081924676895142,-0.03253582864999771,0.04553220793604851,-0.8515709638595581,-0.06325197964906693,0.07820028811693192,-1.0,-0.07653559744358063,0.05229451507329941,-0.3948093056678772,-0.01113948505371809,0.1031026840209961,-0.5043010115623474,-0.07309147715568542,0.055846162140369415,-0.3630279004573822,-0.07565951347351074,0.02892959676682949,-0.2863306701183319,-0.05666545405983925,0.1146855428814888,-0.3001942038536072,-0.033479467034339905,0.1431909054517746,-0.38221946358680725,-0.07724477350711823,0.10257846862077713,-0.28806090354919434,-0.0659145638346672,0.07543971389532089,-0.23473525047302246,-0.04506566375494003
K,K_session_002,291,0.0,0.0,0.0,-0.07755688577890396,-0.19924265146255493,-0.030107131227850914,-0.08657019585371017,-0.42014944553375244,-0.03189080208539963,-0.04377833008766174,-0.6067067384719849,-0.0379360094666481,-0.01685601845383644,-0.7378799319267273,-0.041219085454940796,-0.08726781606674194,-0.49732646346092224,0.02039509080350399,-0.094973623752594,-0.7201481461524963,-0.009523113258183002,-0.09345825761556625,-0.8577855825424194,-0.030189907178282738,-0.09057947248220444,-0.9834829568862915,-0.04191543906927109,-0.015759844332933426,-0.46765920519828796,0.008897406049072742,0.019995106384158134,-0.7149104475975037,-0.03276236355304718,0.04512902349233627,-0.8543156385421753,-0.0621233768761158,0.07713519036769867,-1.0,-0.07288715988397598,0.051572639495134354,-0.3938028812408447,-0.010169649496674538,0.09696254879236221,-0.4974633753299713,-0.07446745783090591,0.05054105818271637,-0.3545187711715698,-0.07606767863035202,0.02531844563782215,-0.2857576906681061,-0.054520100355148315,0.11506648361682892,-0.2950131893157959,-0.0318387970328331,0.1413380354642868,-0.377346009016037,-0.07621785253286362,0.10140335559844971,-0.2800142168998718,-0.06258133053779602,0.07494592666625977,-0.2288842797279358,-0.03910544887185097
K,K_session_002,292,0.0,0.0,0.0,-0.0727139487862587,-0.20134718716144562,-0.03526965528726578,-0.08014871180057526,-0.42960312962532043,-0.03868071734905243,-0.03575626760721207,-0.6155617237091064,-0.04481913149356842,-0.00871646124869585,-0.7490617036819458,-0.04808608070015907,-0.09064889699220657,-0.5060110092163086,0.014795966446399689,-0.09647948294878006,-0.7233415246009827,-0.015190166421234608,-0.09326402842998505,-0.8569647669792175,-0.03638909012079239,-0.08744972944259644,-0.9811422228813171,-0.04866766557097435,-0.02048090659081936,-0.47518107295036316,0.006092654541134834,0.019833829253911972,-0.717799723148346,-0.0338367335498333,0.04899153113365173,-0.8569228053092957,-0.062271617352962494,0.08391103148460388,-1.0,-0.0731869786977768,0.04730227589607239,-0.39961305260658264,-0.010546577163040638,0.10153575986623764,-0.5007636547088623,-0.07487735897302628,0.05269636586308479,-0.35308143496513367,-0.0778583437204361,0.023866893723607063,-0.2752387821674347,-0.057532645761966705,0.10875821113586426,-0.2988314926624298,-0.030199674889445305,0.1410338431596756,-0.3745698630809784,-0.07728341966867447,0.10155893862247467,-0.2768665552139282,-0.06662297993898392,0.07485426217317581,-0.22469040751457214,-0.04494047164916992
K,K_session_002,293,0.0,0.0,0.0,-0.06366122514009476,-0.19839270412921906,-0.03439594432711601,-0.06990478932857513,-0.4288645088672638,-0.038819242268800735,-0.030347421765327454,-0.6076341271400452,-0.0461307093501091,-0.003855934366583824,-0.7394149303436279,-0.050152093172073364,-0.08346711844205856,-0.5157862901687622,0.009797105565667152,-0.08801785856485367,-0.7343499660491943,-0.02224854938685894,-0.08392848819494247,-0.8663040995597839,-0.044161681085824966,-0.0767335519194603,-0.988040030002594,-0.05699995160102844,-0.01361694373190403,-0.4835704565048218,-0.0001680286950431764,0.02660469524562359,-0.723486065864563,-0.04331652820110321,0.056811410933732986,-0.8581230640411377,-0.07345762103796005,0.09336617588996887,-1.0,-0.08545529097318649,0.0526740662753582,-0.4046798646450043,-0.017363693565130234,0.10599742829799652,-0.5005357265472412,-0.07994195073843002,0.060742247849702835,-0.3568190038204193,-0.08021793514490128,0.03457484021782875,-0.2872701585292816,-0.05936098471283913,0.11066402494907379,-0.3027915358543396,-0.037797391414642334,0.14530505239963531,-0.3777850568294525,-0.08190402388572693,0.10804902762174606,-0.28269514441490173,-0.06831791996955872,0.08104914426803589,-0.23448875546455383,-0.04530281573534012
K,K_session_002,294,0.0,0.0,0.0,-0.06128191202878952,-0.20857030153274536,-0.030559126287698746,-0.06576646864414215,-0.4351103603839874,-0.032930634915828705,-0.02690357156097889,-0.6137247681617737,-0.03885424882173538,-0.00195934996008873,-0.7473024129867554,-0.041805606335401535,-0.07987231761217117,-0.5190433859825134,0.017034105956554413,-0.08206435292959213,-0.7351358532905579,-0.011942976154386997,-0.0771157369017601,-0.8667698502540588,-0.03262525051832199,-0.06975524127483368,-0.9881817698478699,-0.044725824147462845,-0.009937647730112076,-0.48469358682632446,0.006320569198578596,0.03397982195019722,-0.7214138507843018,-0.032775331288576126,0.0659230425953865,-0.857387900352478,-0.061833858489990234,0.10327950119972229,-1.0,-0.07369530200958252,0.056145746260881424,-0.40461087226867676,-0.011635634116828442,0.11268434673547745,-0.49715229868888855,-0.07247596234083176,0.06436429172754288,-0.355415016412735,-0.07491376996040344,0.035272832959890366,-0.2850637137889862,-0.05576043576002121,0.1138821691274643,-0.3000364601612091,-0.0322355255484581,0.14536643028259277,-0.37254658341407776,-0.07519995421171188,0.10713795572519302,-0.27983254194259644,-0.06263130903244019,0.08130131661891937,-0.2329101264476776,-0.04069971293210983
K,K_session_002,295,0.0,0.0,0.0,-0.05936833843588829,-0.20807914435863495,-0.02966977097094059,-0.06232018396258354,-0.43839675188064575,-0.03157626837491989,-0.021932069212198257,-0.6116369962692261,-0.037856027483940125,0.006544644478708506,-0.7373696565628052,-0.04087616130709648,-0.07449442893266678,-0.5220018625259399,0.017101192846894264,-0.07614016532897949,-0.7401775121688843,-0.012777053751051426,-0.0709170252084732,-0.8747709393501282,-0.034124914556741714,-0.06268590688705444,-0.9949115514755249,-0.0468696728348732,-0.004864739719778299,-0.48431459069252014,0.005048368591815233,0.03808904439210892,-0.7183912992477417,-0.03718580678105354,0.06929982453584671,-0.8588056564331055,-0.06847590953111649,0.1064627394080162,-1.0,-0.08177576959133148,0.06129906326532364,-0.4023103415966034,-0.014064413495361805,0.12040005624294281,-0.5030773878097534,-0.07722169905900955,0.0709587037563324,-0.36291536688804626,-0.07925877720117569,0.04004736617207527,-0.2836904525756836,-0.0592808835208416,0.11852696537971497,-0.2968251705169678,-0.03592042997479439,0.1513679027557373,-0.374916136264801,-0.08104284852743149,0.11272746324539185,-0.285215824842453,-0.06889666616916656,0.086345374584198,-0.232513427734375,-0.046671077609062195
K,K_session_002,296,0.0,0.0,0.0,-0.059396665543317795,-0.1976245939731598,-0.030945951119065285,-0.06388487666845322,-0.43010324239730835,-0.03358576446771622,-0.026394981890916824,-0.6084791421890259,-0.03969494625926018,-0.0015141497133299708,-0.7412754893302917,-0.042566727846860886,-0.07658866792917252,-0.5220369696617126,0.012704169377684593,-0.07786796987056732,-0.7405257821083069,-0.016993766650557518,-0.07272061705589294,-0.8750127553939819,-0.03652001917362213,-0.06602351367473602,-0.9950426816940308,-0.047577615827322006,-0.006780904717743397,-0.4881594181060791,0.0011714898282662034,0.03516367822885513,-0.7259595990180969,-0.040101855993270874,0.06721638143062592,-0.8631334900856018,-0.06842353194952011,0.10388384759426117,-1.0,-0.07925652712583542,0.05910569801926613,-0.407693475484848,-0.01734250970184803,0.11624018102884293,-0.5017389059066772,-0.08101938664913177,0.07197465002536774,-0.3564182221889496,-0.08086812496185303,0.04459020122885704,-0.27617600560188293,-0.05891815945506096,0.11581210792064667,-0.30178302526474,-0.03837660700082779,0.14412501454353333,-0.3780937194824219,-0.08371414989233017,0.11115836352109909,-0.28054124116897583,-0.06936444342136383,0.0900983065366745,-0.2276040017604828,-0.04541223868727684
K,K_session_002,297,0.0,0.0,0.0,-0.0563884973526001,-0.19732020795345306,-0.029828883707523346,-0.059465985745191574,-0.43018266558647156,-0.03429577499628067,-0.02437257394194603,-0.6074797511100769,-0.04254613816738129,-0.001549875712953508,-0.740068793296814,-0.04747593775391579,-0.07297509163618088,-0.520260751247406,0.00582690816372633,-0.07270284742116928,-0.7420512437820435,-0.02610096149146557,-0.06644844263792038,-0.878212034702301,-0.04608446732163429,-0.05748765543103218,-0.9998960494995117,-0.057397760450839996,-0.0037063066847622395,-0.48754599690437317,-0.006722736172378063,0.03904139623045921,-0.7220671772956848,-0.05116691812872887,0.07291603833436966,-0.8632315397262573,-0.07983376830816269,0.1105630174279213,-1.0,-0.09109535068273544,0.06209973618388176,-0.41039803624153137,-0.025585953146219254,0.11983265727758408,-0.5055071711540222,-0.09043363481760025,0.07682327181100845,-0.3594360947608948,-0.08902034163475037,0.048837970942258835,-0.27152538299560547,-0.06639540940523148,0.11905328184366226,-0.30752211809158325,-0.04693074896931648,0.14687766134738922,-0.3845372796058655,-0.09292543679475784,0.1145377978682518,-0.2872580885887146,-0.07864272594451904,0.09291952848434448,-0.22964856028556824,-0.054827164858579636
K,K_session_002,298,0.0,0.0,0.0,-0.05560128390789032,-0.20195916295051575,-0.0279082041233778,-0.05742455646395683,-0.4291938841342926,-0.03283931314945221,-0.021654346957802773,-0.6081778407096863,-0.04185619577765465,0.0005480520776472986,-0.7402315735816956,-0.0474841371178627,-0.07130291312932968,-0.5208700895309448,0.007125429809093475,-0.07027815282344818,-0.734582245349884,-0.026322752237319946,-0.06546678394079208,-0.869361400604248,-0.04821445420384407,-0.058008093386888504,-0.9910097122192383,-0.061064086854457855,-0.000767535762861371,-0.4901675581932068,-0.006147752050310373,0.04120022431015968,-0.7228805422782898,-0.051878251135349274,0.07287909835577011,-0.8616635203361511,-0.08186903595924377,0.10994236916303635,-1.0,-0.09400031715631485,0.06567556411027908,-0.41031959652900696,-0.0253300778567791,0.1203639954328537,-0.5061339139938354,-0.09028041362762451,0.07508520036935806,-0.36319687962532043,-0.08780729025602341,0.047498974949121475,-0.2788199484348297,-0.06435797363519669,0.1226014494895935,-0.30399879813194275,-0.04682178050279617,0.15041673183441162,-0.38396748900413513,-0.09167511761188507,0.11507629603147507,-0.2907616198062897,-0.07586375623941422,0.09184914082288742,-0.23516598343849182,-0.05083199590444565
K,K_session_002,299,0.0,0.0,0.0,-0.05824550986289978,-0.20212982594966888,-0.029634639620780945,-0.0601942352950573,-0.43735748529434204,-0.031831979751586914,-0.024176251143217087,-0.6172413229942322,-0.037937767803668976,-0.004214860498905182,-0.7477776408195496,-0.040685173124074936,-0.0710364580154419,-0.5191457271575928,0.011310511268675327,-0.07114589959383011,-0.7324841618537903,-0.020192638039588928,-0.06647348403930664,-0.8697226643562317,-0.04168551415205002,-0.05783805996179581,-0.9943561553955078,-0.055156413465738297,-0.0007137477514334023,-0.49014562368392944,-0.0009754874627105892,0.03795032203197479,-0.721407413482666,-0.0458306223154068,0.06859946995973587,-0.8614336848258972,-0.07711035013198853,0.10710172355175018,-1.0,-0.09067878127098083,0.06604418158531189,-0.41054004430770874,-0.019597290083765984,0.12071322649717331,-0.5134025812149048,-0.08406299352645874,0.07432018965482712,-0.3697364032268524,-0.0815548226237297,0.04713108763098717,-0.2819119095802307,-0.05839269608259201,0.12285051494836807,-0.30541548132896423,-0.04095759615302086,0.14760884642601013,-0.39083540439605713,-0.0867367833852768,0.11382308602333069,-0.2959901988506317,-0.0717453882098198,0.09439742565155029,-0.23709236085414886,-0.04737479239702225
