label,session_id,sample_index,x_0,y_0,z_0,x_1,y_1,z_1,x_2,y_2,z_2,x_3,y_3,z_3,x_4,y_4,z_4,x_5,y_5,z_5,x_6,y_6,z_6,x_7,y_7,z_7,x_8,y_8,z_8,x_9,y_9,z_9,x_10,y_10,z_10,x_11,y_11,z_11,x_12,y_12,z_12,x_13,y_13,z_13,x_14,y_14,z_14,x_15,y_15,z_15,x_16,y_16,z_16,x_17,y_17,z_17,x_18,y_18,z_18,x_19,y_19,z_19,x_20,y_20,z_20
K,K_session_001,0,0.0,0.0,0.0,-0.05560193955898285,-0.23025622963905334,-0.019929513335227966,-0.06449050456285477,-0.4551469385623932,-0.023329704999923706,-0.02413676120340824,-0.6307513117790222,-0.03365742042660713,0.0008127098553813994,-0.7689041495323181,-0.04009824991226196,-0.06898291409015656,-0.5569046139717102,0.021931171417236328,-0.0676659345626831,-0.766896665096283,-0.009690034203231335,-0.05971478670835495,-0.886305570602417,-0.030699802562594414,-0.050229210406541824,-1.0,-0.04164132475852966,0.0023568780161440372,-0.5171630382537842,0.007511169649660587,0.054160457104444504,-0.7299593687057495,-0.038112808018922806,0.095782071352005,-0.8534417748451233,-0.06771580874919891,0.13601870834827423,-0.975929856300354,-0.07855018973350525,0.06971222907304764,-0.4432886838912964,-0.013217190280556679,0.11016904562711716,-0.5122187733650208,-0.07780797779560089,0.07470792531967163,-0.3795732855796814,-0.08049270510673523,0.051764026284217834,-0.29695630073547363,-0.05962001159787178,0.13098637759685516,-0.35173872113227844,-0.035369277000427246,0.15708506107330322,-0.4352196753025055,-0.07208150625228882,0.12111266702413559,-0.3433343470096588,-0.05500725284218788,0.09685412794351578,-0.28030169010162354,-0.03030269220471382
K,K_session_001,1,0.0,0.0,0.0,-0.05453440174460411,-0.22813870012760162,-0.021925318986177444,-0.05692620202898979,-0.45300787687301636,-0.01977536827325821,-0.01860852539539337,-0.6247033476829529,-0.024351004511117935,0.00607282156124711,-0.7532559037208557,-0.025525351986289024,-0.06489457190036774,-0.540790319442749,0.03283100947737694,-0.06209634989500046,-0.7545831203460693,0.009792624041438103,-0.05613497272133827,-0.8811820149421692,-0.007709515746682882,-0.047381024807691574,-1.0,-0.018207700923085213,0.0069854301400482655,-0.5015520453453064,0.021518969908356667,0.061212968081235886,-0.7081372737884521,-0.01760854199528694,0.10150958597660065,-0.8383476734161377,-0.048167236149311066,0.1428283005952835,-0.9573462605476379,-0.061007171869277954,0.07304687052965164,-0.4213038682937622,0.003361727111041546,0.12168809026479721,-0.5123289823532104,-0.056543197482824326,0.08579786866903305,-0.374360054731369,-0.0592174269258976,0.062361132353544235,-0.28278493881225586,-0.039269912987947464,0.13254451751708984,-0.32529857754707336,-0.01657085120677948,0.16179533302783966,-0.42458102107048035,-0.055478207767009735,0.12909650802612305,-0.32768863439559937,-0.04119187220931053,0.10788167268037796,-0.25618523359298706,-0.017882175743579865
K,K_session_001,2,0.0,0.0,0.0,-0.05316682904958725,-0.23533344268798828,-0.018115539103746414,-0.05677918344736099,-0.4583229422569275,-0.014054899103939533,-0.01914234086871147,-0.6265842318534851,-0.017296120524406433,0.013312390074133873,-0.751233696937561,-0.016845956444740295,-0.05947817862033844,-0.5422145128250122,0.039657603949308395,-0.05602077767252922,-0.7567083835601807,0.02184288576245308,-0.0498608760535717,-0.8835382461547852,0.007420429959893227,-0.041190799325704575,-1.0,-0.001472318428568542,0.011321576312184334,-0.5041534900665283,0.02834589220583439,0.06703206151723862,-0.71052485704422,-0.005423305556178093,0.10928084701299667,-0.8418257236480713,-0.034968700259923935,0.15118741989135742,-0.9559443593025208,-0.047690607607364655,0.07696141302585602,-0.42173728346824646,0.010729354806244373,0.12478417158126831,-0.5106284022331238,-0.042547132819890976,0.09156830608844757,-0.3827413022518158,-0.04637894034385681,0.06883697211742401,-0.2905111312866211,-0.028647571802139282,0.13587701320648193,-0.32292479276657104,-0.00835124310106039,0.16570302844047546,-0.420862078666687,-0.041959166526794434,0.13494867086410522,-0.3333148956298828,-0.02811313420534134,0.11472595483064651,-0.2619708776473999,-0.0060112145729362965
K,K_session_001,3,0.0,0.0,0.0,-0.054996173828840256,-0.23095381259918213,-0.023551950231194496,-0.05921199545264244,-0.45952361822128296,-0.020040137693285942,-0.02166089229285717,-0.6290363073348999,-0.02252492494881153,0.012161317281425,-0.7535075545310974,-0.021548086777329445,-0.06386683136224747,-0.5420308113098145,0.03522704914212227,-0.06018565595149994,-0.7563050389289856,0.01525095384567976,-0.052092719823122025,-0.883434534072876,-0.00037939296453259885,-0.04237344115972519,-1.0,-0.009535158984363079,0.007721508387476206,-0.5029324889183044,0.025987645611166954,0.06447353959083557,-0.7093992829322815,-0.00742529658600688,0.10803800821304321,-0.838577151298523,-0.03519219905138016,0.1499786674976349,-0.9532364010810852,-0.046350155025720596,0.07227256894111633,-0.42170432209968567,0.009287861175835133,0.12296566367149353,-0.5039482116699219,-0.04629785194993019,0.08844812214374542,-0.37622252106666565,-0.05191965773701668,0.06365998089313507,-0.2918854355812073,-0.03491098806262016,0.12965625524520874,-0.3233172297477722,-0.009268113411962986,0.16340775787830353,-0.4141559600830078,-0.045970719307661057,0.1310303658246994,-0.32402074337005615,-0.034426189959049225,0.10765918344259262,-0.25665971636772156,-0.013795783743262291
K,K_session_001,4,0.0,0.0,0.0,-0.05122764781117439,-0.24432124197483063,-0.023320700973272324,-0.0532546266913414,-0.4695976972579956,-0.01816098392009735,-0.014095497317612171,-0.6376526355743408,-0.019044112414121628,0.015728795900940895,-0.763285219669342,-0.016689365729689598,-0.059982314705848694,-0.5514156818389893,0.04115269333124161,-0.05390001833438873,-0.7594302296638489,0.02250855602324009,-0.04620062932372093,-0.8831315040588379,0.005900771357119083,-0.03656233102083206,-1.0,-0.004652364645153284,0.010696307756006718,-0.5070629715919495,0.03235623240470886,0.06845324486494064,-0.7043645977973938,-0.0008543354924768209,0.11410397291183472,-0.8284080028533936,-0.030448943376541138,0.15944147109985352,-0.9437304735183716,-0.04321540892124176,0.07581070065498352,-0.4195299744606018,0.016021791845560074,0.12818560004234314,-0.49807417392730713,-0.040047843009233475,0.0903334692120552,-0.37070637941360474,-0.04718262329697609,0.06352932751178741,-0.2887645661830902,-0.031089063733816147,0.13232606649398804,-0.3166493773460388,-0.002146913670003414,0.16727794706821442,-0.40949997305870056,-0.03961556404829025,0.13238796591758728,-0.32098841667175293,-0.028675785288214684,0.10801581293344498,-0.25626906752586365,-0.008270478807389736
K,K_session_001,5,0.0,0.0,0.0,-0.050137944519519806,-0.24035266041755676,-0.030545983463525772,-0.04877711087465286,-0.46989309787750244,-0.027043987065553665,-0.00462590716779232,-0.6373671293258667,-0.0273126307874918,0.026268163695931435,-0.7642449140548706,-0.023976419121026993,-0.05905561149120331,-0.5533297061920166,0.03457176312804222,-0.05058477073907852,-0.7599917650222778,0.016942070797085762,-0.04183446988463402,-0.8827122449874878,0.0015456787077710032,-0.03155751898884773,-1.0,-0.008240505121648312,0.012097989208996296,-0.5086362957954407,0.030571136623620987,0.07247816771268845,-0.7024271488189697,-0.0008813089807517827,0.11932990700006485,-0.824256420135498,-0.028740163892507553,0.164556086063385,-0.9367441534996033,-0.04058833047747612,0.07664445042610168,-0.42304158210754395,0.018386781215667725,0.13230350613594055,-0.49702972173690796,-0.03794731944799423,0.09348917007446289,-0.37003999948501587,-0.046998102217912674,0.06496690958738327,-0.2888171374797821,-0.03219669684767723,0.13266557455062866,-0.32534170150756836,0.0039831167086958885,0.1691373884677887,-0.4108136296272278,-0.03587176650762558,0.13460104167461395,-0.3197777271270752,-0.028318699449300766,0.11008642613887787,-0.2553827464580536,-0.010196831077337265
K,K_session_001,6,0.0,0.0,0.0,-0.05136209726333618,-0.23894473910331726,-0.02936992608010769,-0.04831400141119957,-0.46868884563446045,-0.025942135602235794,-0.0028972795698791742,-0.6389958262443542,-0.02710725925862789,0.027725020423531532,-0.7681457996368408,-0.02538517490029335,-0.05804626643657684,-0.555594265460968,0.03609304502606392,-0.049422189593315125,-0.7606380581855774,0.016320470720529556,-0.039048321545124054,-0.8834308385848999,-0.000904334126971662,-0.02736065909266472,-1.0,-0.011844250373542309,0.013409768231213093,-0.5107758045196533,0.029627546668052673,0.0730917900800705,-0.7033067345619202,-0.0038596144877374172,0.11998319625854492,-0.820510983467102,-0.032581813633441925,0.16533660888671875,-0.930513858795166,-0.044627416878938675,0.07814988493919373,-0.4237040579319,0.014835203997790813,0.129867821931839,-0.5040801763534546,-0.04416849464178085,0.09136392176151276,-0.3740230202674866,-0.05217713490128517,0.06430024653673172,-0.2955765426158905,-0.036322709172964096,0.13401132822036743,-0.32168400287628174,-0.002091898350045085,0.16730497777462006,-0.4140821397304535,-0.04381793737411499,0.13266946375370026,-0.3193293809890747,-0.03458138182759285,0.10873501002788544,-0.25527694821357727,-0.01496957615017891
K,K_session_001,7,0.0,0.0,0.0,-0.05042614787817001,-0.2408534437417984,-0.031991783529520035,-0.04556380212306976,-0.46989452838897705,-0.027836378663778305,0.0028353671077638865,-0.6373263597488403,-0.027914952486753464,0.03639218583703041,-0.7626020908355713,-0.024659505113959312,-0.057884059846401215,-0.5541184544563293,0.04061654210090637,-0.04910868778824806,-0.7604217529296875,0.0221314188092947,-0.03879040479660034,-0.882838249206543,0.004707740154117346,-0.026751821860671043,-1.0,-0.006667027715593576,0.01438755914568901,-0.5083886981010437,0.03609267249703407,0.07243601232767105,-0.6970962882041931,0.0030254987068474293,0.12149720638990402,-0.8132030963897705,-0.026761088520288467,0.16935493052005768,-0.9245105385780334,-0.03956622630357742,0.07829730957746506,-0.4200875759124756,0.022545797750353813,0.1274457424879074,-0.5021823644638062,-0.0365661084651947,0.09137826412916183,-0.37007665634155273,-0.04538461193442345,0.06691939383745193,-0.29319801926612854,-0.029870519414544106,0.13327214121818542,-0.31895533204078674,0.006536676548421383,0.16628654301166534,-0.41022154688835144,-0.03495785593986511,0.13138803839683533,-0.3132658004760742,-0.02614094503223896,0.10788798332214355,-0.2504800260066986,-0.006871786434203386
K,K_session_001,8,0.0,0.0,0.0,-0.05021677166223526,-0.24452713131904602,-0.031686797738075256,-0.046074964106082916,-0.47532907128334045,-0.025772783905267715,0.002768614562228322,-0.636655330657959,-0.023837005719542503,0.03579504415392876,-0.7587267756462097,-0.018522540107369423,-0.058948006480932236,-0.5606749057769775,0.04348141700029373,-0.049163252115249634,-0.7657607197761536,0.028948737308382988,-0.038653723895549774,-0.8861367702484131,0.014206347987055779,-0.027105171233415604,-1.0,0.00461104279384017,0.012876908294856548,-0.5137646198272705,0.03985528647899628,0.07116760313510895,-0.7005004286766052,0.01162793394178152,0.12099666893482208,-0.8149335980415344,-0.01566603034734726,0.16872893273830414,-0.9213541746139526,-0.027009867131710052,0.07697521895170212,-0.42365580797195435,0.026923228055238724,0.12603197991847992,-0.4997423589229584,-0.02844141237437725,0.09093154221773148,-0.37128445506095886,-0.039307545870542526,0.06644037365913391,-0.29690563678741455,-0.025802388787269592,0.13142754137516022,-0.32223543524742126,0.01163423340767622,0.16548429429531097,-0.4139555096626282,-0.027354886755347252,0.13131389021873474,-0.32039856910705566,-0.019817732274532318,0.10872045159339905,-0.25969141721725464,-0.002047434216365218
K,K_session_001,9,0.0,0.0,0.0,-0.05022866278886795,-0.2460942417383194,-0.03407759964466095,-0.046959590166807175,-0.48005807399749756,-0.02874676324427128,0.0020056485664099455,-0.6490230560302734,-0.02711033634841442,0.037993624806404114,-0.7763680815696716,-0.021503766998648643,-0.059698063880205154,-0.561751127243042,0.04473208636045456,-0.050843290984630585,-0.7654047608375549,0.030384212732315063,-0.04019230976700783,-0.8851361870765686,0.016175804659724236,-0.028044912964105606,-1.0,0.007197164464741945,0.012074429541826248,-0.5148327946662903,0.042804569005966187,0.07144472002983093,-0.7033467888832092,0.014805394224822521,0.12168998271226883,-0.8206525444984436,-0.012002372182905674,0.16931302845478058,-0.9304296374320984,-0.022815942764282227,0.07554249465465546,-0.42537471652030945,0.03104342706501484,0.12703362107276917,-0.49758443236351013,-0.025340957567095757,0.09194286912679672,-0.3672798275947571,-0.03644220530986786,0.06614625453948975,-0.2922371029853821,-0.022173641249537468,0.12963072955608368,-0.3256740868091583,0.016722848638892174,0.16772395372390747,-0.4164128005504608,-0.022655082866549492,0.13395358622074127,-0.32259729504585266,-0.015531332232058048,0.10946691036224365,-0.2610543668270111,0.002358169062063098
K,K_session_001,10,0.0,0.0,0.0,-0.04900157079100609,-0.24813200533390045,-0.03316543623805046,-0.04569566249847412,-0.47845056653022766,-0.02766244299709797,0.003642776980996132,-0.6457654237747192,-0.026053300127387047,0.037246908992528915,-0.7739602327346802,-0.02033594809472561,-0.062174078077077866,-0.5628829002380371,0.04870559275150299,-0.05257786810398102,-0.7652024030685425,0.03427739068865776,-0.040855277329683304,-0.8851238489151001,0.018798841163516045,-0.02770085074007511,-1.0,0.00867468025535345,0.009794093668460846,-0.5135732293128967,0.04643973708152771,0.06998155266046524,-0.6990710496902466,0.01738942787051201,0.12224198877811432,-0.8131197094917297,-0.01119322795420885,0.17173846065998077,-0.920883297920227,-0.02330903708934784,0.07446330040693283,-0.42362502217292786,0.034248147159814835,0.12766435742378235,-0.4944177567958832,-0.022732999175786972,0.09198030829429626,-0.36871376633644104,-0.035551588982343674,0.06555812805891037,-0.29534658789634705,-0.022827427834272385,0.12969394028186798,-0.3248264491558075,0.019585583359003067,0.16685162484645844,-0.4088752865791321,-0.020663540810346603,0.13159094750881195,-0.31662049889564514,-0.01495432574301958,0.10649698972702026,-0.25692832469940186,0.00185555056668818
K,K_session_001,11,0.0,0.0,0.0,-0.05238407477736473,-0.24116450548171997,-0.030620483681559563,-0.048868291079998016,-0.4717423915863037,-0.02729840949177742,0.001946834148839116,-0.6426308155059814,-0.028615159913897514,0.038125455379486084,-0.7665054798126221,-0.026375344023108482,-0.06222643703222275,-0.5496426820755005,0.03896253928542137,-0.05299454927444458,-0.7573354840278625,0.019028250128030777,-0.040563635528087616,-0.8815536499023438,0.001674190047197044,-0.02544359304010868,-1.0,-0.009183872491121292,0.009459985420107841,-0.5052639245986938,0.033616118133068085,0.07264548540115356,-0.6941970586776733,-0.002594111720100045,0.12603510916233063,-0.8120806217193604,-0.03222860023379326,0.17662252485752106,-0.9220322966575623,-0.04398854821920395,0.0743749663233757,-0.42124342918395996,0.01960671879351139,0.13051287829875946,-0.5007734298706055,-0.04223088175058365,0.09540815651416779,-0.36667153239250183,-0.050390735268592834,0.06911876797676086,-0.28334611654281616,-0.03326478600502014,0.13056580722332,-0.3246895372867584,0.0032524054404348135,0.16996532678604126,-0.4115447998046875,-0.03993579372763634,0.1364172399044037,-0.31358522176742554,-0.031028982251882553,0.111676886677742,-0.2470708191394806,-0.01082001905888319
K,K_session_001,12,0.0,0.0,0.0,-0.051172927021980286,-0.23920953273773193,-0.03615556284785271,-0.044829994440078735,-0.47062361240386963,-0.033271316438913345,0.008357403799891472,-0.6373639106750488,-0.033691465854644775,0.04144788905978203,-0.7615399360656738,-0.030451875180006027,-0.06014341488480568,-0.5556560158729553,0.037989869713783264,-0.04937172681093216,-0.7605161070823669,0.01821623183786869,-0.036756496876478195,-0.8832796812057495,-0.0002658580197021365,-0.021732058376073837,-1.0,-0.012161044403910637,0.012317857705056667,-0.5067793130874634,0.03528997302055359,0.07324079424142838,-0.6922965049743652,0.0008314764709211886,0.1251739263534546,-0.8064452409744263,-0.029172874987125397,0.17494507133960724,-0.913464367389679,-0.04157409816980362,0.07681334018707275,-0.4166787564754486,0.023071568459272385,0.1305486559867859,-0.4938240051269531,-0.03779960423707962,0.09465889632701874,-0.362369567155838,-0.04722853749990463,0.06853164732456207,-0.2853800356388092,-0.03146025910973549,0.13133187592029572,-0.31496119499206543,0.00802215188741684,0.1686776578426361,-0.40228748321533203,-0.035927947610616684,0.13465428352355957,-0.3058348000049591,-0.027981093153357506,0.11018246412277222,-0.24425040185451508,-0.008511693216860294
K,K_session_001,13,0.0,0.0,0.0,-0.04842544347047806,-0.24383796751499176,-0.032522108405828476,-0.04532504454255104,-0.47536471486091614,-0.02612190507352352,0.000673680508043617,-0.64174485206604,-0.02395136095583439,0.03349286690354347,-0.7642346024513245,-0.018238449469208717,-0.06506355851888657,-0.5400463342666626,0.04528965801000595,-0.053811606019735336,-0.7520127892494202,0.026625223457813263,-0.03911440446972847,-0.8795548677444458,0.008816822431981564,-0.022859567776322365,-1.0,-0.0024685359094291925,0.006563798990100622,-0.49632778763771057,0.041753824800252914,0.06823771446943283,-0.6921351552009583,0.007573404815047979,0.12318312376737595,-0.810873806476593,-0.0228484608232975,0.17432336509227753,-0.9215927720069885,-0.035270825028419495,0.07237614691257477,-0.4137529730796814,0.028674593195319176,0.12864072620868683,-0.5019494891166687,-0.03222131356596947,0.09519902616739273,-0.37170442938804626,-0.04284750670194626,0.0683145597577095,-0.291522741317749,-0.027452727779746056,0.1288529336452484,-0.3192038834095001,0.013039288111031055,0.16907332837581635,-0.4136463701725006,-0.030308758839964867,0.13661831617355347,-0.3187501132488251,-0.023212477564811707,0.11097017675638199,-0.2528931796550751,-0.004419713746756315
K,K_session_001,14,0.0,0.0,0.0,-0.05140409991145134,-0.23277443647384644,-0.03593050315976143,-0.04689708352088928,-0.46319669485092163,-0.03328866884112358,0.0016944935778155923,-0.63145512342453,-0.03381360322237015,0.031376924365758896,-0.7595446109771729,-0.030755765736103058,-0.061678286641836166,-0.5491029620170593,0.035986416041851044,-0.05000685527920723,-0.7583470344543457,0.01649954728782177,-0.03788246959447861,-0.8823381066322327,-0.0014884080737829208,-0.0236552394926548,-1.0,-0.012907451018691063,0.010337011888623238,-0.5025572776794434,0.033721745014190674,0.07191330939531326,-0.6907556056976318,-0.0010251746280118823,0.12272348999977112,-0.807685375213623,-0.03147699311375618,0.17181260883808136,-0.9180389642715454,-0.044361554086208344,0.0745902955532074,-0.4161258637905121,0.0224143099039793,0.13015025854110718,-0.4967210590839386,-0.0377088226377964,0.0943671390414238,-0.3648662269115448,-0.04675187170505524,0.0685049295425415,-0.28486067056655884,-0.03107774630188942,0.12931667268276215,-0.3185386061668396,0.008368412964046001,0.16640938818454742,-0.4077286422252655,-0.03490057215094566,0.13342562317848206,-0.30971285700798035,-0.026402758434414864,0.11040288209915161,-0.24542060494422913,-0.00666329450905323
K,K_session_001,15,0.0,0.0,0.0,-0.0514259897172451,-0.23172399401664734,-0.032821159809827805,-0.052938271313905716,-0.4632128179073334,-0.02986251562833786,-0.009692374616861343,-0.6359071731567383,-0.030834566801786423,0.020772472023963928,-0.7669680714607239,-0.028347590938210487,-0.06878707557916641,-0.5413655042648315,0.035822175443172455,-0.060935698449611664,-0.7512847185134888,0.01410093903541565,-0.047417979687452316,-0.8793026804924011,-0.004669783636927605,-0.03151145204901695,-1.0,-0.016123130917549133,0.004105641506612301,-0.49973899126052856,0.03174394369125366,0.06476898491382599,-0.6989732980728149,-0.004075855948030949,0.11683150380849838,-0.816716194152832,-0.033157944679260254,0.16569164395332336,-0.9258195161819458,-0.04456425830721855,0.07050836086273193,-0.41819411516189575,0.01882387138903141,0.12440916895866394,-0.5051255822181702,-0.04282690957188606,0.09066174179315567,-0.37011152505874634,-0.05019353702664375,0.06465121358633041,-0.28345972299575806,-0.03244699910283089,0.1270362287759781,-0.32300812005996704,0.003506626933813095,0.16370321810245514,-0.4174734950065613,-0.03956582769751549,0.1315920501947403,-0.3199252486228943,-0.029569780454039574,0.1071271151304245,-0.2504778206348419,-0.008435172028839588
K,K_session_001,16,0.0,0.0,0.0,-0.051536887884140015,-0.24415931105613708,-0.03355997055768967,-0.049303632229566574,-0.47595635056495667,-0.027464693412184715,-0.0034923397470265627,-0.6374870538711548,-0.02478518895804882,0.025607487186789513,-0.7583423852920532,-0.01786193624138832,-0.06996815651655197,-0.5457320213317871,0.04385393112897873,-0.05871233716607094,-0.7546958923339844,0.028629379346966743,-0.04832370579242706,-0.8805579543113708,0.011863728053867817,-0.03646048903465271,-1.0,0.00010317601845599711,0.002842762740328908,-0.5039723515510559,0.042084645479917526,0.059899140149354935,-0.6916633248329163,0.010933023877441883,0.10937206447124481,-0.8138864040374756,-0.020593104884028435,0.15645547211170197,-0.9281427264213562,-0.035592399537563324,0.06916730850934982,-0.41887563467025757,0.03115185908973217,0.12607508897781372,-0.5040409564971924,-0.02545735612511635,0.09329100698232651,-0.374699205160141,-0.03750700131058693,0.06697604060173035,-0.2902827560901642,-0.02501021884381771,0.12581396102905273,-0.32352352142333984,0.017567599192261696,0.16336308419704437,-0.4167746603488922,-0.02369040437042713,0.13213391602039337,-0.32367172837257385,-0.018475675955414772,0.1090279147028923,-0.25726914405822754,-0.002065432956442237
K,K_session_001,17,0.0,0.0,0.0,-0.053447868674993515,-0.23763081431388855,-0.02869093418121338,-0.05529214069247246,-0.46982401609420776,-0.02305934578180313,-0.013529842719435692,-0.635383665561676,-0.02218831516802311,0.014042460359632969,-0.7583575248718262,-0.017241794615983963,-0.07090304046869278,-0.5476974844932556,0.04092943295836449,-0.06581129133701324,-0.7549007534980774,0.02323252707719803,-0.058594439178705215,-0.881533145904541,0.006947529502213001,-0.04947022348642349,-1.0,-0.0034824360627681017,0.0023590042255818844,-0.5096387267112732,0.03585899621248245,0.0560925155878067,-0.7043958306312561,0.004606091883033514,0.10065680742263794,-0.8289931416511536,-0.023947296664118767,0.14362534880638123,-0.9423290491104126,-0.03632357344031334,0.06892719864845276,-0.42860281467437744,0.022111056372523308,0.11708039045333862,-0.5114726424217224,-0.0334780290722847,0.08461965620517731,-0.380450963973999,-0.04168042913079262,0.06176747754216194,-0.29132720828056335,-0.026226041838526726,0.1262088418006897,-0.33348938822746277,0.005989248398691416,0.1557592898607254,-0.4307856261730194,-0.031957920640707016,0.1248265951871872,-0.3382449150085449,-0.022793160751461983,0.10439689457416534,-0.26723164319992065,-0.0036273542791604996
K,K_session_001,18,0.0,0.0,0.0,-0.05526977777481079,-0.23455262184143066,-0.02133730985224247,-0.059927888214588165,-0.4675211012363434,-0.015497838146984577,-0.020018525421619415,-0.6342567205429077,-0.016177257522940636,0.005084313452243805,-0.7526430487632751,-0.012650076299905777,-0.0770430639386177,-0.5495753884315491,0.039521750062704086,-0.07604800909757614,-0.7560886144638062,0.01824161224067211,-0.07028502970933914,-0.8831809163093567,0.00029616907704621553,-0.0623813271522522,-1.0,-0.011599231511354446,-0.003845934057608247,-0.5178247094154358,0.028492461889982224,0.04115668311715126,-0.7134233713150024,-0.00866673979908228,0.0837758257985115,-0.8409634828567505,-0.03979369252920151,0.12759895622730255,-0.9570572376251221,-0.0538429319858551,0.06539720296859741,-0.43974268436431885,0.010011207312345505,0.11076150089502335,-0.5173313021659851,-0.04579734802246094,0.08073274046182632,-0.38637498021125793,-0.049027055501937866,0.05986958369612694,-0.2972831726074219,-0.031052855774760246,0.12557794153690338,-0.34173384308815,-0.010829942300915718,0.15017002820968628,-0.4322263300418854,-0.04710835590958595,0.12082945555448532,-0.34143126010894775,-0.034498732537031174,0.10246735066175461,-0.27332445979118347,-0.013419965282082558
K,K_session_001,19,0.0,0.0,0.0,-0.059049319475889206,-0.2358952909708023,-0.02041267417371273,-0.06735489517450333,-0.47178173065185547,-0.012460717931389809,-0.03322131931781769,-0.6386445760726929,-0.011080925352871418,-0.009729854762554169,-0.7604696750640869,-0.004950320348143578,-0.08454369753599167,-0.5436534881591797,0.045538876205682755,-0.08509737253189087,-0.7529000639915466,0.026395250111818314,-0.08225805312395096,-0.8809105157852173,0.009951061569154263,-0.07715803384780884,-1.0,-0.00122402876149863,-0.011358668096363544,-0.5173219442367554,0.0348832793533802,0.029841678217053413,-0.7162042260169983,-0.0023152227513492107,0.0695652887225151,-0.8477233648300171,-0.03464377671480179,0.11160872876644135,-0.9711641073226929,-0.049421053379774094,0.058641623705625534,-0.4431254267692566,0.016666211187839508,0.10496634989976883,-0.5174861550331116,-0.03883296996355057,0.07606501877307892,-0.381664514541626,-0.04226866737008095,0.05572783574461937,-0.2937162220478058,-0.02429310418665409,0.12110555917024612,-0.351168155670166,-0.0039038213435560465,0.14589300751686096,-0.4368237257003784,-0.03968062624335289,0.11793103814125061,-0.3420811891555786,-0.02747572585940361,0.10025772452354431,-0.27645018696784973,-0.006896385923027992
K,K_session_001,20,0.0,0.0,0.0,-0.06329807639122009,-0.23641909658908844,-0.0315667949616909,-0.07148333638906479,-0.4744075536727905,-0.023791100829839706,-0.0368407741189003,-0.6509677171707153,-0.02018927037715912,-0.01999782584607601,-0.7864223122596741,-0.01219314243644476,-0.08947602659463882,-0.5526301264762878,0.0491449236869812,-0.09405900537967682,-0.7559208869934082,0.03467998281121254,-0.09396582096815109,-0.8817786574363708,0.020297367125749588,-0.0915185958147049,-1.0,0.01103147678077221,-0.014627009630203247,-0.5182633996009827,0.0452406071126461,0.021537240594625473,-0.7209843397140503,0.015273155644536018,0.055745601654052734,-0.854073703289032,-0.014290799386799335,0.09293685108423233,-0.9771648645401001,-0.0270257405936718,0.05644182488322258,-0.43759122490882874,0.03178190812468529,0.10023203492164612,-0.5245524644851685,-0.025619622319936752,0.0684460774064064,-0.38584622740745544,-0.0357070229947567,0.047065455466508865,-0.296015202999115,-0.020360218361020088,0.11891759186983109,-0.3431907892227173,0.015933893620967865,0.1422034651041031,-0.4421673119068146,-0.024104734882712364,0.11401723325252533,-0.34493017196655273,-0.016017837449908257,0.09733405709266663,-0.27567872405052185,0.0030226402450352907
K,K_session_001,21,0.0,0.0,0.0,-0.06349018961191177,-0.2271699607372284,-0.02589462138712406,-0.0744897797703743,-0.46049702167510986,-0.020729947835206985,-0.04149121791124344,-0.6357229948043823,-0.02106560580432415,-0.024068955332040787,-0.7665379643440247,-0.017510810866951942,-0.09304241836071014,-0.5425539016723633,0.03994079306721687,-0.09802026301622391,-0.7499019503593445,0.019586941227316856,-0.09833353012800217,-0.8792088031768799,0.002726896433159709,-0.09625978767871857,-1.0,-0.007809882517904043,-0.016995204612612724,-0.5131722688674927,0.03121023252606392,0.02135918103158474,-0.7247835397720337,-0.004541720263659954,0.05486197769641876,-0.8622790575027466,-0.03503367304801941,0.09142343699932098,-0.9917553067207336,-0.048280976712703705,0.05577704310417175,-0.43860313296318054,0.014368291944265366,0.09977439790964127,-0.5328786373138428,-0.04529203847050667,0.06894338130950928,-0.3943360447883606,-0.051639121025800705,0.04851074144244194,-0.3027309477329254,-0.03403881564736366,0.12101761251688004,-0.34649142622947693,-0.004479105584323406,0.14055873453617096,-0.44802114367485046,-0.04487854242324829,0.11290333420038223,-0.3503062427043915,-0.03365077078342438,0.09702861309051514,-0.2797524034976959,-0.012569040060043335
K,K_session_001,22,0.0,0.0,0.0,-0.06645078212022781,-0.22233599424362183,-0.03170508146286011,-0.07822947204113007,-0.4519912302494049,-0.026171237230300903,-0.04883815348148346,-0.6329260468482971,-0.02451961115002632,-0.03656356781721115,-0.7728963494300842,-0.018962664529681206,-0.09796889871358871,-0.5337851643562317,0.04157102480530739,-0.10297542810440063,-0.7479753494262695,0.025092067196965218,-0.10282725095748901,-0.8779270648956299,0.010608324781060219,-0.10098613053560257,-1.0,0.0019705260638147593,-0.022080782800912857,-0.5027408599853516,0.03726379945874214,0.017599983140826225,-0.7242841720581055,0.0065867300145328045,0.05043863505125046,-0.8611528873443604,-0.021466923877596855,0.08553527295589447,-0.9906578660011292,-0.03285868838429451,0.04986213892698288,-0.4274335503578186,0.024098487570881844,0.09561826288700104,-0.5312634706497192,-0.03510131686925888,0.061609815806150436,-0.39067697525024414,-0.04417995363473892,0.03904855251312256,-0.3003985285758972,-0.0279312152415514,0.11515439301729202,-0.33649900555610657,0.008873646147549152,0.1372857540845871,-0.4432125687599182,-0.03313576430082321,0.1074957400560379,-0.3437921702861786,-0.023997550830245018,0.08940856158733368,-0.27187037467956543,-0.0038753976114094257
K,K_session_001,23,0.0,0.0,0.0,-0.06529052555561066,-0.2237814962863922,-0.028343766927719116,-0.08065828680992126,-0.4467895030975342,-0.026130173355340958,-0.05227382108569145,-0.6247861981391907,-0.028577864170074463,-0.03466708958148956,-0.7631139755249023,-0.026539405807852745,-0.10314944386482239,-0.5315547585487366,0.0367644764482975,-0.10835746675729752,-0.7454468607902527,0.018266936764121056,-0.10735923051834106,-0.8756271600723267,0.002918094163760543,-0.10387379676103592,-0.9994899034500122,-0.006208788137882948,-0.027071114629507065,-0.5062932968139648,0.03065347485244274,0.01732298731803894,-0.728194534778595,-0.0027400425169616938,0.05138430744409561,-0.8701732754707336,-0.03180263563990593,0.0859057754278183,-1.0,-0.0439915731549263,0.045789144933223724,-0.43624699115753174,0.016563408076763153,0.09822121262550354,-0.5244481563568115,-0.0422947071492672,0.06437477469444275,-0.3862563371658325,-0.05162980780005455,0.039515599608421326,-0.28986701369285583,-0.035705018788576126,0.11166728287935257,-0.3508114218711853,0.0005914809298701584,0.13861092925071716,-0.44645485281944275,-0.04013245180249214,0.1100204661488533,-0.35100024938583374,-0.031728360801935196,0.09086873382329941,-0.27672186493873596,-0.012263093143701553
K,K_session_001,24,0.0,0.0,0.0,-0.06569551676511765,-0.2266429364681244,-0.021674077957868576,-0.08141234517097473,-0.448883593082428,-0.020753242075443268,-0.0530749075114727,-0.6256601214408875,-0.026396283879876137,-0.03148107975721359,-0.758437991142273,-0.02838737703859806,-0.10001867264509201,-0.5269582867622375,0.03163105621933937,-0.10663371533155441,-0.7474331259727478,0.010257341898977757,-0.10707753151655197,-0.877095103263855,-0.005832449533045292,-0.1047302633523941,-1.0,-0.01489933766424656,-0.024950554594397545,-0.49950429797172546,0.0206049382686615,0.016459044069051743,-0.722918689250946,-0.014621881768107414,0.04863373190164566,-0.8671898245811462,-0.04276098683476448,0.08268983662128448,-0.9985764622688293,-0.054374463856220245,0.04764807969331741,-0.42951780557632446,0.002813115483149886,0.09338556975126266,-0.5227743983268738,-0.05439404398202896,0.060165517032146454,-0.3845536708831787,-0.059708621352910995,0.03858240321278572,-0.28476810455322266,-0.04175645858049393,0.1136358380317688,-0.3437194228172302,-0.016599686816334724,0.13606810569763184,-0.4473271369934082,-0.053286682814359665,0.1064986065030098,-0.35450226068496704,-0.040403902530670166,0.08908069133758545,-0.27777808904647827,-0.018499277532100677
K,K_session_001,25,0.0,0.0,0.0,-0.06676819920539856,-0.21868357062339783,-0.0242707971483469,-0.08388791233301163,-0.43902310729026794,-0.026595715433359146,-0.054291632026433945,-0.6172507405281067,-0.034217413514852524,-0.03367934748530388,-0.7518084049224854,-0.037350524216890335,-0.1007702574133873,-0.5221943855285645,0.022849809378385544,-0.10503105819225311,-0.7449629902839661,-0.001018642564304173,-0.10633368045091629,-0.8758705854415894,-0.018281269818544388,-0.10511305928230286,-1.0,-0.028553800657391548,-0.02541002817451954,-0.4969061613082886,0.01292868796736002,0.014668663032352924,-0.7208418250083923,-0.026904026046395302,0.046010542660951614,-0.8663339614868164,-0.05735190212726593,0.07866603136062622,-0.9997014403343201,-0.07067473232746124,0.047731027007102966,-0.42936405539512634,-0.003048693761229515,0.09459337592124939,-0.5263804197311401,-0.06380411982536316,0.06065821275115013,-0.3868480324745178,-0.0681554302573204,0.03568625450134277,-0.281740665435791,-0.04917381331324577,0.11357208341360092,-0.34591832756996155,-0.020676033571362495,0.1367747038602829,-0.4492082893848419,-0.061825986951589584,0.11054760217666626,-0.35624417662620544,-0.04991991072893143,0.09290486574172974,-0.2773541212081909,-0.02783793956041336
K,K_session_001,26,0.0,0.0,0.0,-0.06735008209943771,-0.226419135928154,-0.022925028577446938,-0.08431308716535568,-0.44792771339416504,-0.022598670795559883,-0.05648975446820259,-0.6270906925201416,-0.028224438428878784,-0.03964708000421524,-0.7585511803627014,-0.029886940494179726,-0.10070309787988663,-0.5222571492195129,0.028200780972838402,-0.10729081928730011,-0.742912769317627,0.004210206679999828,-0.10994083434343338,-0.8743079304695129,-0.013427162542939186,-0.10973157733678818,-0.9982735514640808,-0.023499323055148125,-0.025388069450855255,-0.4968670904636383,0.017357170581817627,0.01195468194782734,-0.7178945541381836,-0.02207867056131363,0.040024954825639725,-0.8637944459915161,-0.05208433046936989,0.0710555762052536,-1.0,-0.06441949307918549,0.04777083173394203,-0.4292300343513489,-5.801101724500768e-05,0.09341557323932648,-0.5320374369621277,-0.06274550408124924,0.059420663863420486,-0.3898147642612457,-0.06848084926605225,0.03719533234834671,-0.28539755940437317,-0.04925883188843727,0.1133473664522171,-0.34224987030029297,-0.018859200179576874,0.1343364268541336,-0.4456469416618347,-0.06148245930671692,0.10735619068145752,-0.3527195453643799,-0.05019154027104378,0.09181496500968933,-0.2758196294307709,-0.027867376804351807
K,K_session_001,27,0.0,0.0,0.0,-0.07341210544109344,-0.2095620334148407,-0.025257684290409088,-0.09556413441896439,-0.4238385260105133,-0.028399547562003136,-0.06732521206140518,-0.6100876331329346,-0.03731393441557884,-0.052821218967437744,-0.7487871050834656,-0.04243035987019539,-0.10810813307762146,-0.5109767317771912,0.020775968208909035,-0.11753084510564804,-0.7354446053504944,-0.008114432916045189,-0.12136497348546982,-0.8676337599754333,-0.027332728728652,-0.12185666710138321,-0.9915111660957336,-0.03764883056282997,-0.030916141346096992,-0.4872245490550995,0.009123694151639938,0.004544354975223541,-0.7191393375396729,-0.03487434610724449,0.03181148320436478,-0.8633899688720703,-0.0647924616932869,0.0635969489812851,-1.0,-0.07594458013772964,0.043520182371139526,-0.4219820201396942,-0.008990662172436714,0.08153102546930313,-0.5224012732505798,-0.07508595287799835,0.047185204923152924,-0.3734489977359772,-0.07680214941501617,0.02883468009531498,-0.2701541781425476,-0.05379472300410271,0.11076574772596359,-0.3336646556854248,-0.028734859079122543,0.12423711270093918,-0.434244841337204,-0.0724591314792633,0.09624233841896057,-0.3373284935951233,-0.0573982335627079,0.08209876716136932,-0.26290956139564514,-0.03179250285029411
K,K_session_001,28,0.0,0.0,0.0,-0.06638576090335846,-0.21824680268764496,-0.019403131678700447,-0.08363029360771179,-0.4341264069080353,-0.022134695202112198,-0.055635612457990646,-0.6094281077384949,-0.031045153737068176,-0.03610283508896828,-0.7404453158378601,-0.036470722407102585,-0.10183952748775482,-0.5078538060188293,0.01795378141105175,-0.11019100993871689,-0.7294026017189026,-0.008966334164142609,-0.11299718171358109,-0.8622454404830933,-0.027304310351610184,-0.11366813629865646,-0.9849107265472412,-0.03762344270944595,-0.027474021539092064,-0.4864218831062317,0.004175581969320774,0.008969860151410103,-0.7187118530273438,-0.03647850081324577,0.035433635115623474,-0.8647041320800781,-0.06564975529909134,0.06513199210166931,-1.0,-0.07758060842752457,0.045941438525915146,-0.4212566614151001,-0.014703558757901192,0.08905071020126343,-0.5271543860435486,-0.07300108671188354,0.053482022136449814,-0.39498597383499146,-0.07505299896001816,0.030022598803043365,-0.30064794421195984,-0.05541205406188965,0.11222518235445023,-0.3350963592529297,-0.03492075577378273,0.13284872472286224,-0.4446121156215668,-0.07254579663276672,0.10494296997785568,-0.3584301173686981,-0.05792305991053581,0.08703256398439407,-0.28723058104515076,-0.034604668617248535
K,K_session_001,29,0.0,0.0,0.0,-0.06635177135467529,-0.2136433869600296,-0.02283957600593567,-0.08454933017492294,-0.42837145924568176,-0.026168880984187126,-0.059268608689308167,-0.6077278256416321,-0.03507612273097038,-0.04413093626499176,-0.7453702092170715,-0.03957437351346016,-0.10237997025251389,-0.5184258818626404,0.01911677047610283,-0.11221984028816223,-0.7393089532852173,-0.007081248797476292,-0.11571115255355835,-0.8693051934242249,-0.024385418742895126,-0.11636439710855484,-0.9896066784858704,-0.03375858813524246,-0.027153849601745605,-0.4973689317703247,0.007582759018987417,0.007699405308812857,-0.722635805606842,-0.034676142036914825,0.03364906087517738,-0.8666842579841614,-0.0650021880865097,0.06286510825157166,-1.0,-0.07704441994428635,0.04578166827559471,-0.4332379996776581,-0.009518248029053211,0.08728744089603424,-0.5285282135009766,-0.06925370544195175,0.05532746762037277,-0.39200559258461,-0.07055315375328064,0.034530702978372574,-0.29909586906433105,-0.04943663254380226,0.11236397176980972,-0.34897521138191223,-0.028211181983351707,0.13291625678539276,-0.45561131834983826,-0.06541047245264053,0.10726144909858704,-0.364780068397522,-0.049527354538440704,0.0909658893942833,-0.29530659317970276,-0.024892183020710945
K,K_session_001,30,0.0,0.0,0.0,-0.06576190888881683,-0.22294297814369202,-0.02010142058134079,-0.08094538003206253,-0.44120362401008606,-0.01868237741291523,-0.05521956831216812,-0.618798017501831,-0.023793363943696022,-0.03992747887969017,-0.7539615631103516,-0.024726593866944313,-0.09626423567533493,-0.5189736485481262,0.03155669569969177,-0.10653060674667358,-0.7386817932128906,0.009478772059082985,-0.11086783558130264,-0.8712282180786133,-0.00615351228043437,-0.11094852536916733,-0.9942972660064697,-0.015185588039457798,-0.022133508697152138,-0.5006839632987976,0.019694846123456955,0.010913648642599583,-0.7230495810508728,-0.019102513790130615,0.03595905378460884,-0.8682169318199158,-0.049291711300611496,0.06520707160234451,-1.0,-0.06210177019238472,0.04975917935371399,-0.437492698431015,0.0014331397833302617,0.0930074155330658,-0.5420107841491699,-0.05950189381837845,0.06109960004687309,-0.4012472629547119,-0.06469674408435822,0.039537493139505386,-0.3018142282962799,-0.04606219753623009,0.11659476161003113,-0.3552723824977875,-0.018052712082862854,0.13628646731376648,-0.4649564027786255,-0.05880880355834961,0.10818973183631897,-0.3682769536972046,-0.04756706580519676,0.08978044986724854,-0.2922018766403198,-0.02626524306833744
K,K_session_001,31,0.0,0.0,0.0,-0.06643074750900269,-0.2235642671585083,-0.02580762840807438,-0.07781825959682465,-0.4470176696777344,-0.02568460814654827,-0.04991421476006508,-0.630136251449585,-0.030924007296562195,-0.031940147280693054,-0.7667459845542908,-0.03195558860898018,-0.09300412237644196,-0.5316459536552429,0.029664166271686554,-0.10100585967302322,-0.746459424495697,0.007770080119371414,-0.10509605705738068,-0.8760639429092407,-0.008367856964468956,-0.10528626292943954,-0.9984089732170105,-0.017919186502695084,-0.018753759562969208,-0.5085523128509521,0.021130749955773354,0.015578784048557281,-0.7243821024894714,-0.016189303249120712,0.04126985743641853,-0.8667253851890564,-0.046018391847610474,0.07193843275308609,-1.0,-0.05885613337159157,0.05180376023054123,-0.439578652381897,0.00558080617338419,0.09716920554637909,-0.538531482219696,-0.054146282374858856,0.060830067843198776,-0.3993518352508545,-0.05990815535187721,0.038240041583776474,-0.30282062292099,-0.04185638204216957,0.11605637520551682,-0.3515312373638153,-0.01175021380186081,0.13891072571277618,-0.4572935998439789,-0.05177922546863556,0.10847124457359314,-0.36441904306411743,-0.04103601351380348,0.08910875022411346,-0.2898733615875244,-0.020054690539836884
K,K_session_001,32,0.0,0.0,0.0,-0.0654439702630043,-0.2349138706922531,-0.017762817442417145,-0.07544857263565063,-0.4645719528198242,-0.014498647302389145,-0.04156684875488281,-0.6364968419075012,-0.018825944513082504,-0.015138751827180386,-0.7574318647384644,-0.019715119153261185,-0.08606113493442535,-0.5386409759521484,0.033542606979608536,-0.09379637986421585,-0.7492752075195312,0.011219208128750324,-0.09638340771198273,-0.878328263759613,-0.006031183525919914,-0.09529894590377808,-1.0,-0.016876546666026115,-0.0132487453520298,-0.51334148645401,0.019636282697319984,0.022178521379828453,-0.7269749045372009,-0.017064616084098816,0.04911299794912338,-0.8680004477500916,-0.04704613983631134,0.08177705854177475,-0.999355673789978,-0.060676105320453644,0.0569504052400589,-0.44116440415382385,-0.000691479304805398,0.1027039885520935,-0.5380050539970398,-0.058657608926296234,0.06469837576150894,-0.4007810950279236,-0.06378979980945587,0.04102693125605583,-0.3013804256916046,-0.046201977878808975,0.12129121273756027,-0.3471168577671051,-0.022569244727492332,0.1443452388048172,-0.45062658190727234,-0.061443131417036057,0.11246822029352188,-0.3607943058013916,-0.05035220459103584,0.09215021878480911,-0.28422772884368896,-0.029724925756454468
K,K_session_001,33,0.0,0.0,0.0,-0.0646534189581871,-0.23240062594413757,-0.016296569257974625,-0.06989405304193497,-0.46838635206222534,-0.014208734966814518,-0.028175480663776398,-0.6443897485733032,-0.019835524260997772,-0.00238198135048151,-0.7694693207740784,-0.02233627624809742,-0.07535573095083237,-0.5399972796440125,0.027262574061751366,-0.08203044533729553,-0.7502202391624451,0.0022407828364521265,-0.08266095072031021,-0.8783552050590515,-0.01622788794338703,-0.07927455008029938,-0.99821937084198,-0.027582848444581032,-0.0011510740732774138,-0.5115551352500916,0.011719192378222942,0.03726830706000328,-0.7303720712661743,-0.025556355714797974,0.06482260674238205,-0.8710833787918091,-0.05433453246951103,0.0990184023976326,-1.0,-0.06739230453968048,0.06902365386486053,-0.43382498621940613,-0.009663444943726063,0.10828857123851776,-0.5264559388160706,-0.06489624828100204,0.06717389822006226,-0.394440233707428,-0.06617056578397751,0.04480059817433357,-0.2972267270088196,-0.04724326357245445,0.1322191059589386,-0.3340373933315277,-0.032857682555913925,0.15106284618377686,-0.4351840913295746,-0.06826984137296677,0.11494890600442886,-0.35013261437416077,-0.053745463490486145,0.09279685467481613,-0.27717867493629456,-0.03157579153776169
K,K_session_001,34,0.0,0.0,0.0,-0.06286022812128067,-0.23886148631572723,-0.01709960773587227,-0.06394635885953903,-0.477007657289505,-0.014372157864272594,-0.01792999915778637,-0.6460304856300354,-0.019115693867206573,0.01579076610505581,-0.7607192993164062,-0.020788218826055527,-0.0653681606054306,-0.5338305830955505,0.02667306922376156,-0.06792371720075607,-0.7469058632850647,0.002568347379565239,-0.06646216660737991,-0.8778567314147949,-0.015479768626391888,-0.061660606414079666,-0.9990724921226501,-0.02677913010120392,0.007123031187802553,-0.5037142634391785,0.011984996497631073,0.05028656870126724,-0.7228953838348389,-0.02592306211590767,0.0806262269616127,-0.8705243468284607,-0.056026071310043335,0.1162605881690979,-1.0,-0.06988028436899185,0.07500738650560379,-0.4247904121875763,-0.008411051705479622,0.11633586883544922,-0.5209468007087708,-0.06433744728565216,0.07651329785585403,-0.3918275833129883,-0.0661967471241951,0.05348159372806549,-0.2891557514667511,-0.046878740191459656,0.13568997383117676,-0.3252527117729187,-0.030659815296530724,0.1576443761587143,-0.43559181690216064,-0.06697068363428116,0.12498151510953903,-0.350681334733963,-0.05287619307637215,0.10545304417610168,-0.2707040011882782,-0.030437853187322617
K,K_session_001,35,0.0,0.0,0.0,-0.05802636966109276,-0.24013493955135345,-0.015537279658019543,-0.05490743741393089,-0.4757048487663269,-0.013091550208628178,-0.004077128600329161,-0.6445533037185669,-0.018628200516104698,0.0327722392976284,-0.7548518180847168,-0.021793100982904434,-0.05106128007173538,-0.5342817306518555,0.026289986446499825,-0.051913872361183167,-0.7476633191108704,0.001200860715471208,-0.0499868243932724,-0.8800284266471863,-0.018407434225082397,-0.044074300676584244,-1.0,-0.031357407569885254,0.02149246074259281,-0.5020909905433655,0.010225084610283375,0.06255711615085602,-0.7222301363945007,-0.027382152155041695,0.09267856925725937,-0.8670830130577087,-0.05790615826845169,0.13118292391300201,-0.9933125972747803,-0.07271844148635864,0.08975107967853546,-0.41834425926208496,-0.011105937883257866,0.12418413162231445,-0.5237557291984558,-0.0651676282286644,0.07988680154085159,-0.39919063448905945,-0.06473011523485184,0.056027431041002274,-0.2968364953994751,-0.0450722798705101,0.14928150177001953,-0.3105759918689728,-0.03436781466007233,0.16578707098960876,-0.4288714528083801,-0.06982836127281189,0.12793688476085663,-0.3499678373336792,-0.05392024666070938,0.1055678054690361,-0.2720402479171753,-0.030699854716658592
K,K_session_001,36,0.0,0.0,0.0,-0.055061858147382736,-0.24244432151317596,-0.014468340203166008,-0.04842553660273552,-0.47588229179382324,-0.011231857351958752,-0.0010906427633017302,-0.6498161554336548,-0.01582322083413601,0.03362059220671654,-0.766776442527771,-0.016695111989974976,-0.04313332587480545,-0.5336253046989441,0.028929566964507103,-0.03986848145723343,-0.7490112781524658,0.00562329962849617,-0.03665225952863693,-0.881305456161499,-0.011412899941205978,-0.029938021674752235,-1.0,-0.022673070430755615,0.02907557599246502,-0.5008533596992493,0.01311182789504528,0.07381528615951538,-0.7163352370262146,-0.025821750983595848,0.10593727231025696,-0.861070454120636,-0.05726943910121918,0.14515350759029388,-0.9878596067428589,-0.07238772511482239,0.0952557921409607,-0.4162246882915497,-0.0075581008568406105,0.1353076696395874,-0.5164785981178284,-0.06057944521307945,0.0897679254412651,-0.3944246470928192,-0.057513896375894547,0.0626038908958435,-0.2995653450489044,-0.03595423325896263,0.15365619957447052,-0.30747875571250916,-0.03014826588332653,0.1780213564634323,-0.42108672857284546,-0.06348440796136856,0.13830123841762543,-0.3451247811317444,-0.0460079126060009,0.11056996881961823,-0.2734864056110382,-0.02165207639336586
K,K_session_001,37,0.0,0.0,0.0,-0.05508283153176308,-0.23762913048267365,-0.012291587889194489,-0.049826476722955704,-0.4681076109409332,-0.009729985147714615,-0.0032335964497178793,-0.6449743509292603,-0.01636042632162571,0.03657284006476402,-0.7660016417503357,-0.019771527498960495,-0.04105759039521217,-0.5337430834770203,0.036599453538656235,-0.039366044104099274,-0.7460769414901733,0.010377236641943455,-0.03417353704571724,-0.8784684538841248,-0.00797177478671074,-0.023793930187821388,-1.0,-0.0195591002702713,0.0314524807035923,-0.5007020831108093,0.018334241583943367,0.07761133462190628,-0.71894371509552,-0.02494259923696518,0.11049552261829376,-0.8556702733039856,-0.05764656886458397,0.15186870098114014,-0.9822970032691956,-0.07211693376302719,0.0984247550368309,-0.4162469804286957,-0.005304539110511541,0.1367921531200409,-0.5211308598518372,-0.06418748199939728,0.08962944149971008,-0.38392239809036255,-0.0590682290494442,0.06594623625278473,-0.2898062765598297,-0.03393184393644333,0.15859650075435638,-0.30618664622306824,-0.03037942573428154,0.1756107360124588,-0.41997942328453064,-0.06495017558336258,0.13560503721237183,-0.3302498757839203,-0.04385853558778763,0.11187514662742615,-0.2609247863292694,-0.016276095062494278
K,K_session_001,38,0.0,0.0,0.0,-0.05327881872653961,-0.2342371940612793,-0.01573963463306427,-0.04748200625181198,-0.45787107944488525,-0.01585228368639946,0.00013282295549288392,-0.6298338174819946,-0.024058513343334198,0.03384997695684433,-0.7548115849494934,-0.02822394296526909,-0.04279268905520439,-0.5290089845657349,0.02591693215072155,-0.039481669664382935,-0.743289053440094,-0.003106488846242428,-0.03324395790696144,-0.8775613903999329,-0.022952647879719734,-0.022232649847865105,-1.0,-0.03559284657239914,0.02930532954633236,-0.4959324300289154,0.009074682369828224,0.07456298172473907,-0.7072728276252747,-0.03817005828022957,0.10793804377317429,-0.84592604637146,-0.07243083417415619,0.14866118133068085,-0.9721992015838623,-0.08811169117689133,0.09600251913070679,-0.4111177921295166,-0.012632030993700027,0.13804088532924652,-0.5128441452980042,-0.07211831957101822,0.0907813310623169,-0.3824479281902313,-0.06584081053733826,0.06369023025035858,-0.28973960876464844,-0.04036366939544678,0.15542273223400116,-0.3003101944923401,-0.03626478835940361,0.17912942171096802,-0.41000840067863464,-0.07176634669303894,0.1404424011707306,-0.3298057019710541,-0.05152110382914543,0.11357910186052322,-0.26571184396743774,-0.024396449327468872
K,K_session_001,39,0.0,0.0,0.0,-0.05489758774638176,-0.2270067185163498,-0.019279180094599724,-0.05393778532743454,-0.44826871156692505,-0.022231226786971092,-0.010102860629558563,-0.6198006272315979,-0.03246430680155754,0.02782338298857212,-0.7435464262962341,-0.0387527234852314,-0.04362411051988602,-0.5283319354057312,0.0195714570581913,-0.04187323525547981,-0.7395975589752197,-0.013531271368265152,-0.0373476967215538,-0.8752429485321045,-0.036062683910131454,-0.026526127010583878,-1.0,-0.050043828785419464,0.02819511480629444,-0.4943538308143616,0.003887817030772567,0.06838870048522949,-0.7001655101776123,-0.047800302505493164,0.10006594657897949,-0.8351282477378845,-0.08326476812362671,0.13995806872844696,-0.9617793560028076,-0.09894054383039474,0.09496414661407471,-0.4134494364261627,-0.016918890178203583,0.1347639113664627,-0.5060504674911499,-0.08242736756801605,0.0885087251663208,-0.37291648983955383,-0.0784417912364006,0.06308998167514801,-0.28141069412231445,-0.05288054421544075,0.1529681384563446,-0.3096122741699219,-0.03952879086136818,0.1752513349056244,-0.40903130173683167,-0.079216368496418,0.13702325522899628,-0.3229963481426239,-0.06047195568680763,0.11168906837701797,-0.25886353850364685,-0.03344938904047012
K,K_session_001,40,0.0,0.0,0.0,-0.05480754375457764,-0.24175229668617249,-0.011271096765995026,-0.051254767924547195,-0.45991188287734985,-0.01001107320189476,-0.002856816165149212,-0.6217493414878845,-0.018154554069042206,0.0299589354544878,-0.7290988564491272,-0.022932671010494232,-0.040742967277765274,-0.5306512117385864,0.02637852169573307,-0.039595577865839005,-0.7387189269065857,-0.007632771972566843,-0.03455345332622528,-0.8750872611999512,-0.03246873989701271,-0.023716693744063377,-1.0,-0.04824196919798851,0.03088166005909443,-0.4967673718929291,0.006471662316471338,0.07064592838287354,-0.7010614275932312,-0.04614023491740227,0.10192342102527618,-0.841218888759613,-0.08367688208818436,0.14177575707435608,-0.9694357514381409,-0.10097378492355347,0.09902992844581604,-0.41357678174972534,-0.018021373078227043,0.1351071149110794,-0.505488932132721,-0.08298098295927048,0.08701253682374954,-0.3770672678947449,-0.08032697439193726,0.0613323338329792,-0.28060853481292725,-0.0556526742875576,0.15746761858463287,-0.3048565089702606,-0.04396819695830345,0.17653018236160278,-0.4065033197402954,-0.08223140984773636,0.1370605081319809,-0.33015045523643494,-0.06382311135530472,0.11280335485935211,-0.26534366607666016,-0.03716826066374779
K,K_session_001,41,0.0,0.0,0.0,-0.06016222760081291,-0.23627883195877075,-0.012543178163468838,-0.05767286568880081,-0.44977542757987976,-0.015298871323466301,-0.006661206483840942,-0.6190646290779114,-0.02753414958715439,0.030177148059010506,-0.7351521849632263,-0.03677418828010559,-0.03956746682524681,-0.5172294974327087,0.018992716446518898,-0.039716873317956924,-0.732043981552124,-0.018678292632102966,-0.0342462994158268,-0.8723888993263245,-0.04482784494757652,-0.022131312638521194,-1.0,-0.06081420183181763,0.03285665065050125,-0.4804498255252838,-0.0013736267574131489,0.07450675219297409,-0.6972675919532776,-0.05701529234647751,0.10341490060091019,-0.8428611159324646,-0.0937928855419159,0.1417197287082672,-0.9727076292037964,-0.11027061194181442,0.10156602412462234,-0.39742082357406616,-0.026035672053694725,0.13292048871517181,-0.5065498948097229,-0.09328845888376236,0.08170266449451447,-0.374390572309494,-0.08621414750814438,0.0551263652741909,-0.2715580463409424,-0.05779196694493294,0.16076327860355377,-0.2892906963825226,-0.0522565096616745,0.17593437433242798,-0.4052811563014984,-0.09125829488039017,0.13385476171970367,-0.32719480991363525,-0.0691629946231842,0.10753076523542404,-0.2569293677806854,-0.0393834263086319
K,K_session_001,42,0.0,0.0,0.0,-0.06128720939159393,-0.21933045983314514,-0.01445815246552229,-0.06124589219689369,-0.4359971582889557,-0.018214114010334015,-0.012222016230225563,-0.6094244718551636,-0.030861396342515945,0.026498761028051376,-0.7320243120193481,-0.04059397429227829,-0.036008238792419434,-0.5124960541725159,0.01617695949971676,-0.037045933306217194,-0.7279330492019653,-0.0242569949477911,-0.031255125999450684,-0.8697463870048523,-0.05286465957760811,-0.01962282508611679,-1.0,-0.07081005722284317,0.035948559641838074,-0.47948595881462097,-0.0036638465244323015,0.07578947395086288,-0.6967086791992188,-0.061175331473350525,0.10322301834821701,-0.8424535989761353,-0.0993376150727272,0.13913102447986603,-0.9785610437393188,-0.1167302057147026,0.10397742688655853,-0.3989514112472534,-0.027790667489171028,0.13168545067310333,-0.5170460343360901,-0.09614600986242294,0.08209960162639618,-0.3771696090698242,-0.08693469315767288,0.05764543265104294,-0.27537238597869873,-0.05707046017050743,0.1628759354352951,-0.2930082082748413,-0.05361112579703331,0.17498356103897095,-0.4064639210700989,-0.09388816356658936,0.13116039335727692,-0.3209061622619629,-0.0706179216504097,0.10473852604627609,-0.2531971335411072,-0.039784688502550125
K,K_session_001,43,0.0,0.0,0.0,-0.06151289865374565,-0.21486830711364746,-0.015035351738333702,-0.058746855705976486,-0.43347740173339844,-0.020639415830373764,-0.007277332246303558,-0.6063767075538635,-0.034906934946775436,0.029869362711906433,-0.7350324392318726,-0.0464017316699028,-0.03274599462747574,-0.5028942227363586,0.009727586060762405,-0.03261922672390938,-0.7250986695289612,-0.03187613934278488,-0.027246074751019478,-0.868308424949646,-0.05897988751530647,-0.016100618988275528,-1.0,-0.07537620514631271,0.03926234319806099,-0.47102418541908264,-0.009965582750737667,0.07771135121583939,-0.6943347454071045,-0.06926895678043365,0.10505564510822296,-0.8378056883811951,-0.1054832711815834,0.1413448452949524,-0.972604513168335,-0.12086084485054016,0.10650566965341568,-0.3911381959915161,-0.03355039656162262,0.13150723278522491,-0.5129281282424927,-0.10328978300094604,0.08056038618087769,-0.37027427554130554,-0.0922885537147522,0.05613727122545242,-0.2685690224170685,-0.060716357082128525,0.16432175040245056,-0.28579455614089966,-0.05872396007180214,0.17524945735931396,-0.40033605694770813,-0.10008224099874496,0.12965349853038788,-0.3128436207771301,-0.07642512023448944,0.10133903473615646,-0.24531592428684235,-0.04508873447775841
K,K_session_001,44,0.0,0.0,0.0,-0.06153891980648041,-0.21537549793720245,-0.014729938469827175,-0.05840660259127617,-0.4365990161895752,-0.019435353577136993,-0.0057637691497802734,-0.6117026209831238,-0.0334087535738945,0.03184739127755165,-0.7448710799217224,-0.04478957876563072,-0.028789743781089783,-0.5013384222984314,0.014675998128950596,-0.031378500163555145,-0.723702073097229,-0.025943055748939514,-0.027313189581036568,-0.867154061794281,-0.05200248956680298,-0.016423219814896584,-1.0,-0.06748215854167938,0.04480668157339096,-0.46906596422195435,-0.005379906389862299,0.08320953696966171,-0.6930772066116333,-0.063625268638134,0.10799141228199005,-0.8386457562446594,-0.09915977716445923,0.14289893209934235,-0.976740837097168,-0.11382736265659332,0.11277987062931061,-0.38926962018013,-0.029906516894698143,0.1320549100637436,-0.514805257320404,-0.10047107189893723,0.07947736978530884,-0.36658427119255066,-0.08938467502593994,0.056706998497247696,-0.2610759139060974,-0.05697180703282356,0.17167335748672485,-0.2833266854286194,-0.05595546215772629,0.17727592587471008,-0.40285271406173706,-0.09694880247116089,0.1302528828382492,-0.3116569221019745,-0.07240819931030273,0.10383151471614838,-0.24028699100017548,-0.04031767323613167
K,K_session_001,45,0.0,0.0,0.0,-0.059449631720781326,-0.2171510010957718,-0.013180549256503582,-0.055860161781311035,-0.4400692880153656,-0.016749028116464615,-0.004083122126758099,-0.6150425672531128,-0.030350934714078903,0.03727347403764725,-0.7446555495262146,-0.04130077362060547,-0.026544569060206413,-0.5044917464256287,0.018629182130098343,-0.029212454333901405,-0.7237749695777893,-0.02055325359106064,-0.024749264121055603,-0.867912232875824,-0.046376682817935944,-0.013028307817876339,-1.0,-0.06212633103132248,0.046704523265361786,-0.47010114789009094,-0.0020984001457691193,0.08442796021699905,-0.6884886622428894,-0.059439320117235184,0.10979243367910385,-0.8368821144104004,-0.09567955136299133,0.14511296153068542,-0.977122962474823,-0.11123713850975037,0.11352834850549698,-0.38913121819496155,-0.027314240112900734,0.1333792805671692,-0.5136227011680603,-0.09737970679998398,0.08073896169662476,-0.36835452914237976,-0.08660710602998734,0.05566775053739548,-0.2608514428138733,-0.05443388223648071,0.17234377562999725,-0.2830082178115845,-0.054064273834228516,0.18078067898750305,-0.4056519567966461,-0.0950913056731224,0.13249358534812927,-0.3174099922180176,-0.07112424075603485,0.10224007815122604,-0.24393431842327118,-0.039392441511154175
K,K_session_001,46,0.0,0.0,0.0,-0.05954548344016075,-0.21963045001029968,-0.013076265342533588,-0.05488055199384689,-0.44538527727127075,-0.01618562825024128,0.0004806966462638229,-0.6179118752479553,-0.02937728725373745,0.043996915221214294,-0.744188666343689,-0.04044439643621445,-0.01956252008676529,-0.4999678432941437,0.016781633719801903,-0.024003522470593452,-0.7224656343460083,-0.02249804511666298,-0.021580949425697327,-0.8671143054962158,-0.04770907014608383,-0.012321335263550282,-1.0,-0.06301183253526688,0.054029881954193115,-0.4675740599632263,-0.004688619635999203,0.09043435007333755,-0.6909341812133789,-0.0611736886203289,0.11280640214681625,-0.8402694463729858,-0.09562628716230392,0.14691753685474396,-0.9814825057983398,-0.1098145991563797,0.12194766104221344,-0.386236310005188,-0.030696449801325798,0.13592813909053802,-0.51200932264328,-0.10019870847463608,0.08141069114208221,-0.3637319505214691,-0.0877232551574707,0.058062922209501266,-0.2530478239059448,-0.05434586852788925,0.18145152926445007,-0.2766527533531189,-0.058363478630781174,0.18383191525936127,-0.4026733338832855,-0.09899714589118958,0.13442648947238922,-0.31467264890670776,-0.07361787557601929,0.10726598650217056,-0.23902763426303864,-0.04095132648944855
K,K_session_001,47,0.0,0.0,0.0,-0.060572780668735504,-0.22106610238552094,-0.012132135219871998,-0.05745238438248634,-0.4462776482105255,-0.014117627404630184,-0.0010761480079963803,-0.6217427253723145,-0.02612307108938694,0.04438474029302597,-0.7488162517547607,-0.035601451992988586,-0.01965426653623581,-0.500755786895752,0.020329739898443222,-0.023378264158964157,-0.722312331199646,-0.018798822537064552,-0.02190612629055977,-0.8660417199134827,-0.04460924491286278,-0.014906544238328934,-1.0,-0.0609256774187088,0.0529535710811615,-0.4672431945800781,-0.0009813333163037896,0.08922071754932404,-0.6918517351150513,-0.05695345252752304,0.11019721627235413,-0.8389846086502075,-0.09175297617912292,0.14374655485153198,-0.979561984539032,-0.10678739100694656,0.12017916142940521,-0.3842189610004425,-0.026973823085427284,0.1345386803150177,-0.517052412033081,-0.09623183310031891,0.07685209065675735,-0.3675813674926758,-0.08321839570999146,0.0526445098221302,-0.25615885853767395,-0.0499207004904747,0.18055017292499542,-0.272819459438324,-0.05463527515530586,0.18208058178424835,-0.3990561068058014,-0.09672967344522476,0.12873800098896027,-0.3103986382484436,-0.07270616292953491,0.09942177683115005,-0.23495948314666748,-0.0410410538315773
K,K_session_001,48,0.0,0.0,0.0,-0.05945967137813568,-0.21671226620674133,-0.01237886119633913,-0.05669591203331947,-0.4374832212924957,-0.015965277329087257,-0.001933994353748858,-0.6121602654457092,-0.029388846829533577,0.042071856558322906,-0.7402662634849548,-0.040149789303541183,-0.018873458728194237,-0.5017821788787842,0.016186755150556564,-0.021763233467936516,-0.7223975658416748,-0.02336130104959011,-0.019841765984892845,-0.866579532623291,-0.04900287464261055,-0.012333140708506107,-1.0,-0.06512173265218735,0.053093232214450836,-0.46754372119903564,-0.005278898868709803,0.08981463313102722,-0.692807674407959,-0.06277935951948166,0.11122337728738785,-0.8415350914001465,-0.09840578585863113,0.14541061222553253,-0.9815245866775513,-0.11401494592428207,0.1195918619632721,-0.3846997916698456,-0.03078581392765045,0.13576644659042358,-0.5166047811508179,-0.10073990374803543,0.07713822275400162,-0.37012210488319397,-0.0873093456029892,0.050998445600271225,-0.25866127014160156,-0.05368711054325104,0.17961879074573517,-0.27428749203681946,-0.05786612629890442,0.18258298933506012,-0.4013960063457489,-0.10001703351736069,0.130171999335289,-0.315265953540802,-0.07526858150959015,0.09956201165914536,-0.24042220413684845,-0.04292300343513489
K,K_session_001,49,0.0,0.0,0.0,-0.0572592131793499,-0.2167067974805832,-0.014765419997274876,-0.04990764334797859,-0.4411472678184509,-0.018108833581209183,0.006656302139163017,-0.614091157913208,-0.03132086619734764,0.04872780665755272,-0.7484406232833862,-0.041611429303884506,-0.013320988044142723,-0.5018835663795471,0.018851744011044502,-0.016586262732744217,-0.7212727069854736,-0.020268354564905167,-0.01457031350582838,-0.8669251799583435,-0.04590003192424774,-0.006174158770591021,-1.0,-0.061811547726392746,0.05881984904408455,-0.46507859230041504,-0.0013211786281317472,0.09382854402065277,-0.6892789006233215,-0.05736812949180603,0.11531244218349457,-0.8385388851165771,-0.09205908328294754,0.14925457537174225,-0.9775680303573608,-0.10698982328176498,0.12474144250154495,-0.38213685154914856,-0.026594525203108788,0.1383536159992218,-0.5160151720046997,-0.09677769243717194,0.08082947880029678,-0.36970189213752747,-0.08455617725849152,0.05523544177412987,-0.2571966052055359,-0.051469288766384125,0.18448664247989655,-0.2742097079753876,-0.053802236914634705,0.18730740249156952,-0.4014730751514435,-0.09620912373065948,0.13447317481040955,-0.3174761235713959,-0.07296271622180939,0.10347644239664078,-0.2428101748228073,-0.041690681129693985
K,K_session_001,50,0.0,0.0,0.0,-0.06132522225379944,-0.21856240928173065,-0.011799896135926247,-0.05552779510617256,-0.4443792700767517,-0.011607727967202663,0.002385956235229969,-0.6138862371444702,-0.021623678505420685,0.042608365416526794,-0.7448470592498779,-0.02848018705844879,-0.014272401109337807,-0.5037724375724792,0.02607126347720623,-0.018405281007289886,-0.7226049900054932,-0.013364327140152454,-0.017095835879445076,-0.8682676553726196,-0.04058527946472168,-0.009663935750722885,-1.0,-0.057135749608278275,0.05682435259222984,-0.4651159644126892,0.004954155068844557,0.09242820739746094,-0.697637140750885,-0.05139565467834473,0.11191429942846298,-0.8456140756607056,-0.0881720557808876,0.14554725587368011,-0.9840219616889954,-0.10397351533174515,0.1232091560959816,-0.382979154586792,-0.02132793515920639,0.137639582157135,-0.5234335660934448,-0.09257683157920837,0.07826433330774307,-0.3754848539829254,-0.0817440003156662,0.05343286693096161,-0.2646336257457733,-0.04887297749519348,0.18456239998340607,-0.2765863835811615,-0.049202293157577515,0.188385009765625,-0.4078442454338074,-0.09145643562078476,0.13247689604759216,-0.3212125301361084,-0.06735272705554962,0.10055499523878098,-0.24895595014095306,-0.03518889844417572
K,K_session_001,51,0.0,0.0,0.0,-0.0614711195230484,-0.21763917803764343,-0.014574994333088398,-0.05451960861682892,-0.44144701957702637,-0.01558656059205532,0.004502654541283846,-0.6115274429321289,-0.02593464031815529,0.04167995601892471,-0.748051106929779,-0.03324230760335922,-0.01399907749146223,-0.5064988136291504,0.02422444336116314,-0.017715726047754288,-0.7252028584480286,-0.014770538546144962,-0.01638302206993103,-0.8689348697662354,-0.04102017730474472,-0.009166650474071503,-1.0,-0.05678379535675049,0.05785985663533211,-0.4688093364238739,0.0042333961464464664,0.09307083487510681,-0.6983676552772522,-0.052739374339580536,0.11163300275802612,-0.8447642922401428,-0.0894567221403122,0.14407579600811005,-0.9843155145645142,-0.10487242043018341,0.12425833940505981,-0.38563892245292664,-0.02101639285683632,0.13635040819644928,-0.5205111503601074,-0.09389998018741608,0.07688851654529572,-0.37178587913513184,-0.08335470408201218,0.05219646915793419,-0.2649078965187073,-0.05032943934202194,0.1848408579826355,-0.2768310010433197,-0.04788589850068092,0.18503409624099731,-0.4067443311214447,-0.09205777198076248,0.13118672370910645,-0.3148054778575897,-0.06788071244955063,0.10266891121864319,-0.24134451150894165,-0.03525058925151825
K,K_session_001,52,0.0,0.0,0.0,-0.0616043396294117,-0.2142745703458786,-0.01639135740697384,-0.05347827449440956,-0.43999409675598145,-0.019477209076285362,0.0073308190330863,-0.6133652925491333,-0.0314536951482296,0.04588596522808075,-0.7546288967132568,-0.040452152490615845,-0.01342499814927578,-0.5066382884979248,0.019278397783637047,-0.01628391444683075,-0.7265227437019348,-0.020893152803182602,-0.013918984681367874,-0.8691281080245972,-0.046992622315883636,-0.005478646606206894,-1.0,-0.06275169551372528,0.05935705453157425,-0.4706692397594452,-0.0003404092858545482,0.0939629077911377,-0.7009998559951782,-0.05919894948601723,0.11169737577438354,-0.8469172716140747,-0.0956578478217125,0.14393940567970276,-0.9866624474525452,-0.1108604222536087,0.12591427564620972,-0.3871055245399475,-0.025081239640712738,0.1361318826675415,-0.5238561034202576,-0.09846194088459015,0.07611748576164246,-0.3728709816932678,-0.08563936501741409,0.05275290459394455,-0.26627999544143677,-0.05122166499495506,0.18579114973545074,-0.2771441638469696,-0.0515938326716423,0.18480540812015533,-0.4081560969352722,-0.09602618217468262,0.13022318482398987,-0.3137560784816742,-0.07076311111450195,0.10206221044063568,-0.23921403288841248,-0.03741956502199173
K,K_session_001,53,0.0,0.0,0.0,-0.06241681054234505,-0.21863725781440735,-0.013431388884782791,-0.05322651192545891,-0.44492843747138977,-0.015283376909792423,0.007926569320261478,-0.6158572435379028,-0.027066875249147415,0.047163017094135284,-0.7509655356407166,-0.03600618615746498,-0.009464791044592857,-0.5046328902244568,0.022063633427023888,-0.013691972941160202,-0.7266056537628174,-0.01849415712058544,-0.01189784612506628,-0.8700997233390808,-0.04512898996472359,-0.00451579550281167,-1.0,-0.06123218685388565,0.06213265657424927,-0.4672275483608246,0.0009579886682331562,0.0965544730424881,-0.6997383236885071,-0.058331336826086044,0.11296997219324112,-0.8470479846000671,-0.09515638649463654,0.14427316188812256,-0.9876910448074341,-0.11049039661884308,0.1280960887670517,-0.3846845030784607,-0.0252232663333416,0.1355562061071396,-0.5279124975204468,-0.09781545400619507,0.07494224607944489,-0.3773745596408844,-0.08401625603437424,0.052100859582424164,-0.2702445089817047,-0.04898577556014061,0.18779495358467102,-0.2763606011867523,-0.05317190662026405,0.1860305666923523,-0.412506103515625,-0.09567425400018692,0.13035036623477936,-0.3211498558521271,-0.06933040916919708,0.10255199670791626,-0.24649472534656525,-0.035514168441295624
K,K_session_001,54,0.0,0.0,0.0,-0.06158469244837761,-0.22187216579914093,-0.009953976608812809,-0.05150558799505234,-0.44594806432724,-0.009155698120594025,0.01058202050626278,-0.6121150851249695,-0.018435262143611908,0.04709149897098541,-0.7422507405281067,-0.02517339028418064,-0.00851253792643547,-0.5032473802566528,0.024364396929740906,-0.010088496841490269,-0.7268877625465393,-0.013129211030900478,-0.00815749540925026,-0.8712788224220276,-0.0372641384601593,-0.0016820300370454788,-1.0,-0.05102352797985077,0.06084606423974037,-0.46592655777931213,0.002675464143976569,0.09675484895706177,-0.7028318643569946,-0.0516645722091198,0.1138850748538971,-0.8550567626953125,-0.08607286959886551,0.1435714066028595,-0.9942020177841187,-0.09989827126264572,0.12596257030963898,-0.38453778624534607,-0.023668082430958748,0.13358880579471588,-0.5233150124549866,-0.0925733670592308,0.07347731292247772,-0.38520219922065735,-0.08234409987926483,0.04847520589828491,-0.2809060215950012,-0.05049403756856918,0.1852516531944275,-0.2768086791038513,-0.051301173865795135,0.1833854764699936,-0.41196438670158386,-0.09133600443601608,0.12866811454296112,-0.3263040781021118,-0.06649903953075409,0.10092806071043015,-0.2512056827545166,-0.03426235169172287
K,K_session_001,55,0.0,0.0,0.0,-0.06050613522529602,-0.22052447497844696,-0.008358179591596127,-0.048605386167764664,-0.44945964217185974,-0.007082137744873762,0.015584823675453663,-0.6162763237953186,-0.016173264011740685,0.055290356278419495,-0.74601811170578,-0.023204410448670387,-0.002363948617130518,-0.5080926418304443,0.025437945500016212,-0.00611145980656147,-0.7308316826820374,-0.010712110437452793,-0.0055976868607103825,-0.8722947239875793,-0.0331217423081398,-0.0009881533915176988,-1.0,-0.045658037066459656,0.06689796596765518,-0.47165656089782715,0.0026537321973592043,0.10108700394630432,-0.7108200192451477,-0.04929709807038307,0.1148826852440834,-0.8597279787063599,-0.0811542421579361,0.1420871466398239,-0.9982587695121765,-0.09308695793151855,0.1321331113576889,-0.3885725140571594,-0.02489079348742962,0.132229283452034,-0.5268122553825378,-0.0927668884396553,0.07406952232122421,-0.38282039761543274,-0.08183331787586212,0.054268728941679,-0.2775174379348755,-0.04953141137957573,0.19108405709266663,-0.2788371741771698,-0.05348986014723778,0.1818581521511078,-0.4192243218421936,-0.09272189438343048,0.12877878546714783,-0.3274780809879303,-0.06680959463119507,0.10807010531425476,-0.24910639226436615,-0.034024275839328766
K,K_session_001,56,0.0,0.0,0.0,-0.06352315843105316,-0.22332023084163666,-0.00860670767724514,-0.051985371857881546,-0.45349472761154175,-0.006459218915551901,0.012271711602807045,-0.6209244728088379,-0.01425106544047594,0.04939831420779228,-0.7518347501754761,-0.019647497683763504,-0.00853938702493906,-0.5105935335159302,0.02440686896443367,-0.012952238321304321,-0.734675407409668,-0.010098375380039215,-0.013290679082274437,-0.8744711875915527,-0.03138526901602745,-0.009097440168261528,-1.0,-0.04355162754654884,0.06038479134440422,-0.4758491516113281,0.0028171155136078596,0.09367719292640686,-0.7094649076461792,-0.04768042266368866,0.10610508918762207,-0.8558685183525085,-0.07877492159605026,0.1318674087524414,-0.991417407989502,-0.09095943719148636,0.12476544082164764,-0.3945843577384949,-0.02338843047618866,0.1291445791721344,-0.5321451425552368,-0.0884639173746109,0.06989539414644241,-0.39334341883659363,-0.07753770053386688,0.046816542744636536,-0.2896343767642975,-0.04683106020092964,0.18341811001300812,-0.286190003156662,-0.050937410444021225,0.1779649704694748,-0.42329859733581543,-0.08975624293088913,0.1227203980088234,-0.33734285831451416,-0.06583093106746674,0.09684253484010696,-0.2607883810997009,-0.035104379057884216
K,K_session_001,57,0.0,0.0,0.0,-0.06260598450899124,-0.2245175689458847,-0.007449802942574024,-0.04844370111823082,-0.4561825394630432,-0.003928828984498978,0.017002226784825325,-0.6228507161140442,-0.010749345645308495,0.05497383326292038,-0.7500788569450378,-0.015399363823235035,-0.006336786784231663,-0.5137010812759399,0.026477187871932983,-0.011057973839342594,-0.7342305183410645,-0.008183088153600693,-0.011198556050658226,-0.8738125562667847,-0.030381685122847557,-0.0069673978723585606,-1.0,-0.04325571656227112,0.06216050311923027,-0.4773288369178772,0.003975558560341597,0.09386196732521057,-0.7090706825256348,-0.04640340432524681,0.10551220923662186,-0.8553858399391174,-0.07842661440372467,0.13152922689914703,-0.9930136203765869,-0.09128934144973755,0.12632440030574799,-0.3944757282733917,-0.02323954924941063,0.1322275698184967,-0.5289913415908813,-0.08902806788682938,0.07172447443008423,-0.38908979296684265,-0.07874397933483124,0.04835168272256851,-0.28678926825523376,-0.04808038845658302,0.18398845195770264,-0.2855672836303711,-0.05171070247888565,0.17822439968585968,-0.423139363527298,-0.08990589529275894,0.12286150455474854,-0.3355763852596283,-0.06531119346618652,0.09801406413316727,-0.25837796926498413,-0.034150782972574234
K,K_session_001,58,0.0,0.0,0.0,-0.06368093192577362,-0.22096462547779083,-0.00688178651034832,-0.050116296857595444,-0.4524103105068207,-0.003363463096320629,0.01689765602350235,-0.6192895770072937,-0.01038786768913269,0.05604463070631027,-0.7453583478927612,-0.014869475737214088,-0.005124446004629135,-0.5150042772293091,0.030512358993291855,-0.011398748494684696,-0.7337535619735718,-0.004052459262311459,-0.012587393634021282,-0.8731075525283813,-0.026770297437906265,-0.008225291036069393,-1.0,-0.040170297026634216,0.0631239265203476,-0.477895587682724,0.007712429855018854,0.09354320168495178,-0.7123011350631714,-0.04399728402495384,0.10414835810661316,-0.8576486110687256,-0.07698798924684525,0.1300022155046463,-0.9944576025009155,-0.09025850892066956,0.12726497650146484,-0.3945314288139343,-0.01984024979174137,0.13048623502254486,-0.5315184593200684,-0.08703005313873291,0.06958812475204468,-0.38692140579223633,-0.07584996521472931,0.04768679663538933,-0.283557265996933,-0.04398959502577782,0.18583323061466217,-0.2844911217689514,-0.04858789220452309,0.1783730387687683,-0.42363685369491577,-0.08721436560153961,0.12157250195741653,-0.33058780431747437,-0.06149381026625633,0.09663117676973343,-0.2531808316707611,-0.029313204810023308
K,K_session_001,59,0.0,0.0,0.0,-0.06434287130832672,-0.21701499819755554,-0.008771340362727642,-0.05174926295876503,-0.4509923458099365,-0.005985906347632408,0.013711742125451565,-0.6226410865783691,-0.013359656557440758,0.053043611347675323,-0.7520893812179565,-0.018460415303707123,-0.006563960108906031,-0.5106745362281799,0.027216585353016853,-0.012514760717749596,-0.7326949238777161,-0.006687720771878958,-0.014275026507675648,-0.8732708096504211,-0.02813890390098095,-0.010276105254888535,-1.0,-0.04074366018176079,0.06129522621631622,-0.47481846809387207,0.005378101021051407,0.09244662523269653,-0.7093666195869446,-0.04563870280981064,0.10225240886211395,-0.8564273715019226,-0.07729992270469666,0.127995565533638,-0.9927063584327698,-0.0897567942738533,0.12522663176059723,-0.39333483576774597,-0.02128203958272934,0.12870720028877258,-0.5320188999176025,-0.08784317225217819,0.06864690780639648,-0.3883719742298126,-0.07605714350938797,0.04742120951414108,-0.28415191173553467,-0.04413789510726929,0.18409965932369232,-0.2854669988155365,-0.049341291189193726,0.17631763219833374,-0.4263165295124054,-0.08891531080007553,0.12042239308357239,-0.3329085409641266,-0.06390894949436188,0.09617398679256439,-0.25330546498298645,-0.032231446355581284
K,K_session_001,60,0.0,0.0,0.0,-0.06361012160778046,-0.21642418205738068,-0.008934706449508667,-0.05242603272199631,-0.4489728808403015,-0.008335782214999199,0.010704963468015194,-0.6175515651702881,-0.018089283257722855,0.05056815594434738,-0.7428218126296997,-0.025675861164927483,-0.006985361687839031,-0.5116022229194641,0.020639946684241295,-0.012688897550106049,-0.7315576672554016,-0.016503723338246346,-0.01376258209347725,-0.8729629516601562,-0.03995263949036598,-0.009605261497199535,-1.0,-0.05379815027117729,0.06109850853681564,-0.4738147556781769,-0.00201837788335979,0.09076628088951111,-0.7086753249168396,-0.0559641532599926,0.10165757685899734,-0.8569378852844238,-0.0885571837425232,0.1272796094417572,-0.9941863417625427,-0.10157626122236252,0.12559597194194794,-0.39140745997428894,-0.029024871066212654,0.12863288819789886,-0.5319540500640869,-0.09686413407325745,0.06893200427293777,-0.38847148418426514,-0.08414137363433838,0.04597549885511398,-0.282091349363327,-0.05141125246882439,0.18475891649723053,-0.2825559973716736,-0.05744728073477745,0.17795604467391968,-0.421951025724411,-0.09717058390378952,0.12206912785768509,-0.33234381675720215,-0.07146388292312622,0.09476016461849213,-0.2532799541950226,-0.03913682699203491
K,K_session_001,61,0.0,0.0,0.0,-0.06338497996330261,-0.21890389919281006,-0.01010578777641058,-0.05219227448105812,-0.4506193995475769,-0.010744594037532806,0.011000440455973148,-0.6185486912727356,-0.02178160473704338,0.05097534880042076,-0.7459356188774109,-0.030648445710539818,-0.007008477114140987,-0.5083721876144409,0.019824596121907234,-0.012401181273162365,-0.7323970198631287,-0.017647622153162956,-0.012765873223543167,-0.8736335039138794,-0.040782731026411057,-0.007565614767372608,-1.0,-0.05423528328537941,0.062038224190473557,-0.47118428349494934,-0.00260180258192122,0.09190036356449127,-0.7072762846946716,-0.05720449611544609,0.1030181497335434,-0.8567970395088196,-0.08985588699579239,0.12911860644817352,-0.9949567317962646,-0.10287242382764816,0.1268935352563858,-0.38917961716651917,-0.029575485736131668,0.12914100289344788,-0.5322251915931702,-0.09762202203273773,0.06996981799602509,-0.3901820778846741,-0.08461996167898178,0.04751022532582283,-0.2837197482585907,-0.05173671245574951,0.18598337471485138,-0.28077080845832825,-0.05812549218535423,0.17843317985534668,-0.42264169454574585,-0.09808932989835739,0.12270435690879822,-0.33428025245666504,-0.07244525849819183,0.09564296156167984,-0.2541949152946472,-0.0401468463242054
K,K_session_001,62,0.0,0.0,0.0,-0.06437831372022629,-0.21529936790466309,-0.010565416887402534,-0.05289324373006821,-0.4494062662124634,-0.009915374219417572,0.011216558516025543,-0.6178927421569824,-0.019076000899076462,0.04668477177619934,-0.7515819668769836,-0.025688016787171364,-0.008416200987994671,-0.5098117589950562,0.020654113963246346,-0.013480250723659992,-0.7343563437461853,-0.015533417463302612,-0.014440559782087803,-0.8739768266677856,-0.0380345955491066,-0.010197550989687443,-1.0,-0.05146188288927078,0.06061819568276405,-0.4741160273551941,-0.0010267732432112098,0.0904366597533226,-0.7100890278816223,-0.05404570698738098,0.10134131461381912,-0.8579189777374268,-0.08619663864374161,0.12820138037204742,-0.9971449375152588,-0.09934467822313309,0.12504026293754578,-0.3923177719116211,-0.027390101924538612,0.12811771035194397,-0.535582959651947,-0.09404034167528152,0.06688008457422256,-0.39076828956604004,-0.0803438127040863,0.04416295513510704,-0.2843237519264221,-0.04771469160914421,0.18366418778896332,-0.2840656042098999,-0.05553460121154785,0.17554239928722382,-0.42133453488349915,-0.09622307121753693,0.11994759738445282,-0.33258479833602905,-0.07159655541181564,0.09522964060306549,-0.2560226619243622,-0.04013734683394432
K,K_session_001,63,0.0,0.0,0.0,-0.06513968110084534,-0.21836422383785248,-0.008887102827429771,-0.05413557589054108,-0.45205214619636536,-0.00726037984713912,0.009463039226830006,-0.6219459176063538,-0.016217516735196114,0.04685334861278534,-0.7536290287971497,-0.022705480456352234,-0.010406559333205223,-0.5125515460968018,0.026380283758044243,-0.015628211200237274,-0.7345541715621948,-0.009161306545138359,-0.016145901754498482,-0.8741047978401184,-0.03196066617965698,-0.011471772566437721,-1.0,-0.045432087033987045,0.0589153878390789,-0.4769997000694275,0.0041729542426764965,0.0886218324303627,-0.7105934023857117,-0.04809878021478653,0.09899728745222092,-0.8589059114456177,-0.08053266257047653,0.12454074621200562,-0.9977428913116455,-0.09373177587985992,0.12362269312143326,-0.3971325755119324,-0.02297879010438919,0.12616221606731415,-0.5410503149032593,-0.0898507833480835,0.06635732203722,-0.3929288387298584,-0.07672891020774841,0.04413992911577225,-0.28417494893074036,-0.04392681643366814,0.18330824375152588,-0.29143932461738586,-0.05171959474682808,0.17532169818878174,-0.43113699555397034,-0.09135516732931137,0.11954992264509201,-0.33807113766670227,-0.06598029285669327,0.09431806206703186,-0.2575191557407379,-0.03390911594033241
K,K_session_001,64,0.0,0.0,0.0,-0.06486113369464874,-0.21418948471546173,-0.010753090493381023,-0.053452134132385254,-0.4487317204475403,-0.009597359225153923,0.010226861573755741,-0.6187471747398376,-0.018570424988865852,0.047857820987701416,-0.7506797313690186,-0.025000538676977158,-0.008241327479481697,-0.5134984850883484,0.024753449484705925,-0.015228094533085823,-0.7329911589622498,-0.011316440999507904,-0.017220212146639824,-0.8728951215744019,-0.034325819462537766,-0.013706163503229618,-1.0,-0.04814089089632034,0.06114610284566879,-0.4773082733154297,0.0030932133086025715,0.08967600762844086,-0.7095217108726501,-0.05073629692196846,0.09902028739452362,-0.8571736216545105,-0.08409859240055084,0.12350049614906311,-0.9956989884376526,-0.09780333191156387,0.1255202293395996,-0.3953823745250702,-0.0235582422465086,0.12623418867588043,-0.5359454154968262,-0.09252360463142395,0.0666072815656662,-0.386215478181839,-0.07994089275598526,0.0451510064303875,-0.2783103287220001,-0.04700394347310066,0.1843889206647873,-0.287977933883667,-0.0517963282763958,0.17421069741249084,-0.4258776903152466,-0.09310553967952728,0.11885038763284683,-0.33000990748405457,-0.0681438148021698,0.09429557621479034,-0.24991610646247864,-0.0361015647649765
K,K_session_001,65,0.0,0.0,0.0,-0.06689141690731049,-0.2165963500738144,-0.011343663558363914,-0.05599599704146385,-0.45202431082725525,-0.009753551334142685,0.007984479889273643,-0.6235397458076477,-0.018073029816150665,0.044089920818805695,-0.7570495009422302,-0.023894177749753,-0.012623240239918232,-0.5107394456863403,0.02420089766383171,-0.0185911376029253,-0.73305743932724,-0.011159108951687813,-0.02032424695789814,-0.8728280067443848,-0.03374481201171875,-0.01633155159652233,-1.0,-0.04745129868388176,0.057445816695690155,-0.4749515950679779,0.003289551241323352,0.08587941527366638,-0.7080962657928467,-0.049984999001026154,0.09547760337591171,-0.8555684685707092,-0.0828699916601181,0.12097164243459702,-0.9948024749755859,-0.09645641595125198,0.12243586033582687,-0.3944488763809204,-0.022626733407378197,0.12657038867473602,-0.5378358960151672,-0.09108752757310867,0.0653296709060669,-0.3892907500267029,-0.07811718434095383,0.04130640625953674,-0.2810172736644745,-0.04525044560432434,0.18209387362003326,-0.28792107105255127,-0.05028487369418144,0.17590557038784027,-0.4253137707710266,-0.09213867038488388,0.11872664093971252,-0.33377891778945923,-0.06780146807432175,0.09020116180181503,-0.2555830180644989,-0.03625117987394333
K,K_session_001,66,0.0,0.0,0.0,-0.06550512462854385,-0.21482080221176147,-0.010848538018763065,-0.05460711941123009,-0.4519900679588318,-0.009613585658371449,0.008724378421902657,-0.6232540607452393,-0.01827290467917919,0.04596410319209099,-0.756049633026123,-0.02476571500301361,-0.008634955622255802,-0.5118097066879272,0.02335510030388832,-0.015578579157590866,-0.7326189279556274,-0.012206229381263256,-0.019096294417977333,-0.8717900514602661,-0.034484006464481354,-0.016503222286701202,-0.9991455674171448,-0.04773738607764244,0.06022333353757858,-0.47617098689079285,0.0016151968156918883,0.08813122659921646,-0.7136135101318359,-0.05108669400215149,0.09721952676773071,-0.8601528406143188,-0.08341445028781891,0.12346650660037994,-1.0,-0.09639542549848557,0.12473125010728836,-0.394633948802948,-0.024986106902360916,0.1258953958749771,-0.5372539162635803,-0.0943392813205719,0.06530264019966125,-0.38633543252944946,-0.08182087540626526,0.04419177770614624,-0.2775571346282959,-0.04874326288700104,0.18349194526672363,-0.28665751218795776,-0.053045909851789474,0.17392116785049438,-0.4278874099254608,-0.09578597545623779,0.1186177209019661,-0.3297049403190613,-0.07085005939006805,0.09482783824205399,-0.24720202386379242,-0.03851133957505226
K,K_session_001,67,0.0,0.0,0.0,-0.06750219315290451,-0.2127702236175537,-0.01237883698195219,-0.05746457725763321,-0.4490819573402405,-0.011429879814386368,0.007254053372889757,-0.6222589612007141,-0.019707415252923965,0.04311404377222061,-0.7576165199279785,-0.025142427533864975,-0.015135297551751137,-0.5134279131889343,0.02285514399409294,-0.020987985655665398,-0.7343671321868896,-0.012062606401741505,-0.022862255573272705,-0.8733320832252502,-0.03396497666835785,-0.01918182149529457,-1.0,-0.04732152447104454,0.055440038442611694,-0.4778883755207062,0.0024710402358323336,0.08450573682785034,-0.7120661735534668,-0.05092815309762955,0.09535842388868332,-0.8586499691009521,-0.0837034285068512,0.12183154374361038,-0.996999979019165,-0.09727375954389572,0.12058062851428986,-0.3964623510837555,-0.022864511236548424,0.1233806237578392,-0.5366513133049011,-0.0916791558265686,0.06248940899968147,-0.3869953155517578,-0.07860547304153442,0.03978801518678665,-0.27957528829574585,-0.04572238400578499,0.18028885126113892,-0.28921887278556824,-0.04989960044622421,0.17179593443870544,-0.4247584342956543,-0.09265680611133575,0.11690384894609451,-0.329212486743927,-0.06858385354280472,0.09213373064994812,-0.25179174542427063,-0.037168458104133606
K,K_session_001,68,0.0,0.0,0.0,-0.06933744996786118,-0.21662965416908264,-0.01168602705001831,-0.05991363897919655,-0.45146334171295166,-0.010496797040104866,0.0045349691063165665,-0.6226354241371155,-0.01867019385099411,0.04144885763525963,-0.7537801861763,-0.024220217019319534,-0.01738930307328701,-0.5117815136909485,0.021940723061561584,-0.024404319003224373,-0.7311792969703674,-0.014445078559219837,-0.02625569887459278,-0.8716075420379639,-0.03812982514500618,-0.023068629205226898,-1.0,-0.0524783693253994,0.052680134773254395,-0.4764188826084137,0.0014261079486459494,0.08294709771871567,-0.7095086574554443,-0.051577355712652206,0.09383652359247208,-0.8556209802627563,-0.08421008288860321,0.11912863701581955,-0.9944615364074707,-0.09765969961881638,0.11801561713218689,-0.39610961079597473,-0.023997940123081207,0.12198752164840698,-0.5348091125488281,-0.09226475656032562,0.06159373000264168,-0.3873569369316101,-0.07995610684156418,0.03847990930080414,-0.2802387475967407,-0.04752068594098091,0.17760981619358063,-0.2898522615432739,-0.05105098709464073,0.17212164402008057,-0.4249792993068695,-0.09219691157341003,0.11662289500236511,-0.3321528434753418,-0.06756080687046051,0.09025859087705612,-0.2543606162071228,-0.035900313407182693
K,K_session_001,69,0.0,0.0,0.0,-0.06672943383455276,-0.21347284317016602,-0.011832773685455322,-0.057920828461647034,-0.44711196422576904,-0.011824133805930614,0.004740070551633835,-0.619590699672699,-0.021376803517341614,0.04198655113577843,-0.75509113073349,-0.02814006246626377,-0.01590988226234913,-0.5097746849060059,0.022223513573408127,-0.022236045449972153,-0.7319294214248657,-0.01454437617212534,-0.023376327008008957,-0.8714779615402222,-0.03814246132969856,-0.0201793871819973,-1.0,-0.05253167450428009,0.054754652082920074,-0.47702908515930176,0.0013073087902739644,0.08526502549648285,-0.7093933820724487,-0.052465200424194336,0.09534424543380737,-0.8521528840065002,-0.08505343645811081,0.1205039992928505,-0.9908164143562317,-0.0984685868024826,0.12071752548217773,-0.39752206206321716,-0.0245836079120636,0.12260561436414719,-0.5389882326126099,-0.09268026053905487,0.06316623091697693,-0.38528552651405334,-0.07817047834396362,0.042989760637283325,-0.27702516317367554,-0.044401392340660095,0.1803225576877594,-0.29155993461608887,-0.05222633481025696,0.17291328310966492,-0.42594102025032043,-0.0930253118276596,0.1180967316031456,-0.3306572139263153,-0.06721377372741699,0.09409802407026291,-0.2541590929031372,-0.034839969128370285
K,K_session_001,70,0.0,0.0,0.0,-0.06775990128517151,-0.21717005968093872,-0.011012135073542595,-0.058893006294965744,-0.4445159435272217,-0.010499133728444576,0.0027314401231706142,-0.6163207292556763,-0.01972595974802971,0.037531014531850815,-0.7533560991287231,-0.02574591338634491,-0.016950033605098724,-0.507297933101654,0.025398876518011093,-0.025996316224336624,-0.728207528591156,-0.012366870418190956,-0.02908269502222538,-0.8699238896369934,-0.03701075538992882,-0.02722827158868313,-1.0,-0.051793172955513,0.05365395173430443,-0.474687784910202,0.004250133875757456,0.08385760337114334,-0.7111064791679382,-0.051474880427122116,0.09397876262664795,-0.8565546870231628,-0.08601325750350952,0.11943252384662628,-0.9948946237564087,-0.10018239170312881,0.11956144124269485,-0.39627566933631897,-0.021869609132409096,0.11997178941965103,-0.5339044332504272,-0.09164275974035263,0.06172538921236992,-0.3812501132488251,-0.07807240635156631,0.043234724551439285,-0.27368655800819397,-0.044030576944351196,0.17943094670772552,-0.2923242449760437,-0.049651551991701126,0.16980241239070892,-0.4250921308994293,-0.09064942598342896,0.11511528491973877,-0.3273613452911377,-0.06448526680469513,0.09190252423286438,-0.2496030032634735,-0.031383268535137177
K,K_session_001,71,0.0,0.0,0.0,-0.06866229325532913,-0.2139499932527542,-0.013921757228672504,-0.0622614324092865,-0.44323012232780457,-0.014667322859168053,-0.0024214982986450195,-0.6185116171836853,-0.024586984887719154,0.03006579354405403,-0.7588424682617188,-0.03159922733902931,-0.02326016128063202,-0.5064675807952881,0.021564994007349014,-0.03216676414012909,-0.7268688678741455,-0.015909777954220772,-0.03459502384066582,-0.8694959282875061,-0.0396512933075428,-0.031075619161128998,-1.0,-0.053629349917173386,0.048597536981105804,-0.47434574365615845,0.0020463401451706886,0.0789041817188263,-0.7074530124664307,-0.053152237087488174,0.09197545051574707,-0.8536790609359741,-0.08638978004455566,0.11857921630144119,-0.9900147914886475,-0.09954655915498734,0.11571293324232101,-0.3973689377307892,-0.022701101377606392,0.11864975839853287,-0.5293552875518799,-0.09363674372434616,0.06098151579499245,-0.38110408186912537,-0.08261916786432266,0.038675807416439056,-0.2718634605407715,-0.05001525208353996,0.17665241658687592,-0.295720636844635,-0.04904317855834961,0.1680537313222885,-0.4239460229873657,-0.09150853008031845,0.11416182667016983,-0.3301427960395813,-0.06768772006034851,0.08773531764745712,-0.251801460981369,-0.036105867475271225
K,K_session_001,72,0.0,0.0,0.0,-0.06450465321540833,-0.21337997913360596,-0.012577560730278492,-0.060967739671468735,-0.43717971444129944,-0.01352058257907629,-0.00468007568269968,-0.615574836730957,-0.024473397061228752,0.02888493612408638,-0.7646859884262085,-0.03280061110854149,-0.02087075635790825,-0.5028496384620667,0.032888833433389664,-0.03127157315611839,-0.7240611910820007,-0.002487326040863991,-0.03520060330629349,-0.8674944639205933,-0.025248292833566666,-0.03296680375933647,-1.0,-0.03829055652022362,0.05074620246887207,-0.4732884168624878,0.012824547477066517,0.08277009427547455,-0.7076868414878845,-0.038793325424194336,0.0948677808046341,-0.8503500819206238,-0.07094895094633102,0.12153661251068115,-0.987288236618042,-0.08314666897058487,0.11752842366695404,-0.3968644440174103,-0.013356810435652733,0.11878503113985062,-0.5324784517288208,-0.0824899673461914,0.06327594816684723,-0.378009170293808,-0.0725259929895401,0.04682592675089836,-0.270171195268631,-0.040415409952402115,0.1784328818321228,-0.29588088393211365,-0.04090110957622528,0.169231578707695,-0.4261748790740967,-0.08083771169185638,0.11659736931324005,-0.32677125930786133,-0.05663609504699707,0.09555627405643463,-0.24895189702510834,-0.02511386014521122
K,K_session_001,73,0.0,0.0,0.0,-0.06201625615358353,-0.21226032078266144,-0.014727430418133736,-0.05991889908909798,-0.43664172291755676,-0.01711723767220974,-0.004521788563579321,-0.6150274872779846,-0.02904181182384491,0.028882572427392006,-0.7658069133758545,-0.03798577934503555,-0.022997712716460228,-0.5067424178123474,0.03091723844408989,-0.03523851931095123,-0.7261008024215698,-0.00430882815271616,-0.04105018824338913,-0.8682146072387695,-0.026358753442764282,-0.04039730876684189,-1.0,-0.038870327174663544,0.049623772501945496,-0.4771295487880707,0.01164809800684452,0.08192259818315506,-0.7104364037513733,-0.04032323136925697,0.0956025943160057,-0.8529563546180725,-0.07222688943147659,0.1219462901353836,-0.9882069826126099,-0.08407005667686462,0.11689062416553497,-0.4000716805458069,-0.013927322812378407,0.11665024608373642,-0.5307806730270386,-0.08396932482719421,0.06281788647174835,-0.3759837746620178,-0.07468368858098984,0.04605219140648842,-0.26772385835647583,-0.04271665960550308,0.17791925370693207,-0.29857221245765686,-0.04091064631938934,0.16703695058822632,-0.4272798001766205,-0.08134417235851288,0.1159878745675087,-0.3265248239040375,-0.05745190382003784,0.09540163725614548,-0.24858301877975464,-0.02603432536125183
K,K_session_001,74,0.0,0.0,0.0,-0.06283704936504364,-0.21878764033317566,-0.01707819476723671,-0.061302006244659424,-0.4354485273361206,-0.019250936806201935,-0.008877218700945377,-0.6164447069168091,-0.03029964677989483,0.024369649589061737,-0.7653491497039795,-0.03796392306685448,-0.03238464891910553,-0.5101258754730225,0.03214815631508827,-0.04387513920664787,-0.7254165410995483,-0.0014048884622752666,-0.04978964105248451,-0.8676325082778931,-0.0236972589045763,-0.049458425492048264,-1.0,-0.03657323867082596,0.040943045169115067,-0.4788566529750824,0.015046420507133007,0.07364050298929214,-0.7055535912513733,-0.03604412451386452,0.0904608964920044,-0.8489342331886292,-0.06965116411447525,0.11801037192344666,-0.9839465618133545,-0.08308356255292892,0.10849149525165558,-0.4019404649734497,-0.008300111629068851,0.11792341619729996,-0.5272064208984375,-0.07943972945213318,0.06504345685243607,-0.38104209303855896,-0.07368730008602142,0.04239606112241745,-0.27318933606147766,-0.04368504136800766,0.17096196115016937,-0.3020731508731842,-0.03300751373171806,0.1696101278066635,-0.4307796061038971,-0.0752878412604332,0.12017357349395752,-0.33738625049591064,-0.05361023172736168,0.09360098093748093,-0.2592727839946747,-0.023102035745978355
K,K_session_001,75,0.0,0.0,0.0,-0.06371461600065231,-0.211490660905838,-0.018238063901662827,-0.06419400870800018,-0.42655056715011597,-0.0227433443069458,-0.011218981817364693,-0.6075817942619324,-0.03625216335058212,0.022418370470404625,-0.7588011026382446,-0.04682282730937004,-0.03505098819732666,-0.5082657933235168,0.0294398944824934,-0.04808901622891426,-0.7229937314987183,-0.004981702193617821,-0.05486585572361946,-0.8651860952377319,-0.027629805728793144,-0.05348920822143555,-1.0,-0.040882889181375504,0.039098888635635376,-0.48034486174583435,0.012064464390277863,0.0710865780711174,-0.7056138515472412,-0.03788960725069046,0.08797584474086761,-0.8462249040603638,-0.06990320980548859,0.11697877943515778,-0.9820330142974854,-0.08262356370687485,0.1069837287068367,-0.4042283296585083,-0.011780410073697567,0.11767424643039703,-0.530729353427887,-0.08258261531591415,0.06397829949855804,-0.37456363439559937,-0.07567287236452103,0.0426739901304245,-0.26285356283187866,-0.045136306434869766,0.16870936751365662,-0.3032064139842987,-0.03711036592721939,0.1674535870552063,-0.4317980408668518,-0.08059896528720856,0.11831220984458923,-0.332063227891922,-0.059322260320186615,0.0928506851196289,-0.2513463497161865,-0.02903781458735466
K,K_session_001,76,0.0,0.0,0.0,-0.06232275441288948,-0.2138964831829071,-0.017833072692155838,-0.061991360038518906,-0.42923980951309204,-0.02278611622750759,-0.009637147188186646,-0.6102858185768127,-0.03679622337222099,0.0231156088411808,-0.7591443657875061,-0.047894664108753204,-0.03603506088256836,-0.5084782838821411,0.02511344663798809,-0.04884042963385582,-0.7237533330917358,-0.011130860075354576,-0.055583156645298004,-0.8653221130371094,-0.034237392246723175,-0.055583707988262177,-1.0,-0.047669172286987305,0.038700759410858154,-0.48326003551483154,0.007272360380738974,0.07069559395313263,-0.7067763805389404,-0.04544058442115784,0.08773071318864822,-0.8494638800621033,-0.07809677720069885,0.11603254079818726,-0.9856165647506714,-0.09088864177465439,0.10775870084762573,-0.40784814953804016,-0.016565462574362755,0.11695607006549835,-0.5356460809707642,-0.08776611089706421,0.06624742597341537,-0.37752097845077515,-0.0790305882692337,0.04773307964205742,-0.26479262113571167,-0.04713907092809677,0.17065021395683289,-0.3057461977005005,-0.0419456847012043,0.16821801662445068,-0.4342687129974365,-0.08453231304883957,0.12176471203565598,-0.33416521549224854,-0.06173562631011009,0.09978092461824417,-0.2539508044719696,-0.03038163110613823
K,K_session_001,77,0.0,0.0,0.0,-0.0642862617969513,-0.2113211303949356,-0.02190072275698185,-0.06664817780256271,-0.42684227228164673,-0.02578304149210453,-0.015924466773867607,-0.6120507717132568,-0.037418123334646225,0.009037630632519722,-0.7684791088104248,-0.045560527592897415,-0.04799303039908409,-0.5141865015029907,0.026705289259552956,-0.06139571592211723,-0.726402223110199,-0.007954558357596397,-0.06779517978429794,-0.8670363426208496,-0.02992749959230423,-0.06771542876958847,-1.0,-0.042316317558288574,0.028359441086649895,-0.4899487793445587,0.011697586625814438,0.05757538974285126,-0.7133995890617371,-0.04014401137828827,0.0743509978055954,-0.8532624840736389,-0.07249020785093307,0.10193479061126709,-0.9869723916053772,-0.08446477353572845,0.09918282926082611,-0.41458454728126526,-0.00995674915611744,0.10977897047996521,-0.5349746346473694,-0.0822177529335022,0.060931842774152756,-0.37794241309165955,-0.07565707713365555,0.04234108701348305,-0.26935261487960815,-0.04449091851711273,0.16347889602184296,-0.31387946009635925,-0.03332926705479622,0.1631719321012497,-0.4384612441062927,-0.07716149836778641,0.11986313760280609,-0.3385399580001831,-0.055971793830394745,0.09941671043634415,-0.2626188099384308,-0.02525637298822403
K,K_session_001,78,0.0,0.0,0.0,-0.06568463891744614,-0.21985988318920135,-0.026049572974443436,-0.06667285412549973,-0.4426186680793762,-0.029398467391729355,-0.016986161470413208,-0.6323473453521729,-0.039995551109313965,0.004473264794796705,-0.7836077213287354,-0.04744838550686836,-0.05743616819381714,-0.5245585441589355,0.03048873133957386,-0.07110723853111267,-0.7302541732788086,-0.0018057593842968345,-0.07891831547021866,-0.8691280484199524,-0.023130586370825768,-0.08030054718255997,-1.0,-0.03487512469291687,0.01936148665845394,-0.4979942739009857,0.017909113317728043,0.047049380838871,-0.7189426422119141,-0.030504586175084114,0.06419911980628967,-0.8589391112327576,-0.061837393790483475,0.09082893282175064,-0.9935979843139648,-0.07284782081842422,0.09103908389806747,-0.42213356494903564,-0.0023998641408979893,0.10784026235342026,-0.5334716439247131,-0.0752239003777504,0.059314191341400146,-0.37957999110221863,-0.07387957721948624,0.03761700540781021,-0.27099958062171936,-0.04553185775876045,0.154745414853096,-0.3240622282028198,-0.024543682113289833,0.15950563549995422,-0.4437905550003052,-0.07025591284036636,0.11855476349592209,-0.34398841857910156,-0.05273061990737915,0.09685400873422623,-0.2636646032333374,-0.024091126397252083
K,K_session_001,79,0.0,0.0,0.0,-0.06797599047422409,-0.2140609472990036,-0.025556718930602074,-0.07339344918727875,-0.433636873960495,-0.029834259301424026,-0.029080182313919067,-0.6258975267410278,-0.04238394647836685,-0.0026584723964333534,-0.7742208242416382,-0.05197548121213913,-0.06230195611715317,-0.5193719267845154,0.032674819231033325,-0.07669927179813385,-0.7264612913131714,-0.0010912449797615409,-0.08336060494184494,-0.8674523830413818,-0.024486560374498367,-0.08310084044933319,-1.0,-0.03785195201635361,0.014668186195194721,-0.49698713421821594,0.01948099583387375,0.03932950273156166,-0.7161442041397095,-0.029732247814536095,0.05586707219481468,-0.8599291443824768,-0.06299883127212524,0.08108632266521454,-0.9985435009002686,-0.07574465870857239,0.08598707616329193,-0.4252319037914276,-0.0017219226574525237,0.10240361094474792,-0.5410634279251099,-0.07478737831115723,0.058762721717357635,-0.38853827118873596,-0.07573982328176498,0.038805074989795685,-0.27761563658714294,-0.04917926341295242,0.1503031700849533,-0.33107852935791016,-0.024758534505963326,0.15582755208015442,-0.4508172869682312,-0.07046614587306976,0.11571498215198517,-0.3534996509552002,-0.054899293929338455,0.0920804962515831,-0.27132755517959595,-0.02788010612130165
K,K_session_001,80,0.0,0.0,0.0,-0.06893763691186905,-0.20562244951725006,-0.02992992475628853,-0.07779081165790558,-0.42856892943382263,-0.0374252125620842,-0.03337220475077629,-0.6226881742477417,-0.05169776827096939,-0.007731141522526741,-0.7772240042686462,-0.06320147216320038,-0.06478878855705261,-0.5176848769187927,0.021024854853749275,-0.08037836849689484,-0.7270407676696777,-0.015821173787117004,-0.08571023494005203,-0.867432713508606,-0.03961341455578804,-0.0844096690416336,-0.9991859197616577,-0.05243956297636032,0.013108113780617714,-0.49637269973754883,0.009156985208392143,0.03710110858082771,-0.7243438959121704,-0.041357431560754776,0.0526033379137516,-0.8628425598144531,-0.07174614071846008,0.07700997591018677,-1.0,-0.08173280954360962,0.08690471202135086,-0.4249541461467743,-0.010494372807443142,0.10134053230285645,-0.5445291996002197,-0.08295220881700516,0.058240462094545364,-0.38694146275520325,-0.07783257961273193,0.04074208065867424,-0.279001384973526,-0.04710938408970833,0.15252746641635895,-0.3271813988685608,-0.032485757023096085,0.15747837722301483,-0.4518866240978241,-0.07590119540691376,0.11804164201021194,-0.3509083092212677,-0.05476417392492294,0.09648425132036209,-0.27171942591667175,-0.023855196312069893
K,K_session_001,81,0.0,0.0,0.0,-0.07124966382980347,-0.20871037244796753,-0.02842441014945507,-0.08147282898426056,-0.43231430649757385,-0.03505782037973404,-0.03848061338067055,-0.6282348036766052,-0.0488630086183548,-0.011836442165076733,-0.7808123230934143,-0.05995979532599449,-0.07197320461273193,-0.5188066363334656,0.024076353758573532,-0.08601891994476318,-0.7289824485778809,-0.012360983528196812,-0.08967509120702744,-0.8685535192489624,-0.036535121500492096,-0.08723536878824234,-1.0,-0.05005905404686928,0.0063162813894450665,-0.49687492847442627,0.01188074890524149,0.03226837143301964,-0.7172907590866089,-0.03903142735362053,0.04731885716319084,-0.8558089137077332,-0.07071129232645035,0.07061254233121872,-0.9941807985305786,-0.08200042694807053,0.08011595904827118,-0.4244886040687561,-0.008182722143828869,0.09654586762189865,-0.5451159477233887,-0.08087953180074692,0.05323243886232376,-0.38823601603507996,-0.0782252848148346,0.034356553107500076,-0.28049975633621216,-0.04971667379140854,0.14591102302074432,-0.32740092277526855,-0.03037204220890999,0.1512685865163803,-0.4465618431568146,-0.07528073340654373,0.11186356097459793,-0.346474289894104,-0.057157330214977264,0.09001070261001587,-0.2675419747829437,-0.02852722257375717
K,K_session_001,82,0.0,0.0,0.0,-0.069627545773983,-0.21349741518497467,-0.02883618324995041,-0.07894531637430191,-0.43316540122032166,-0.03520837798714638,-0.03964682295918465,-0.6289657354354858,-0.04916198551654816,-0.011444688774645329,-0.7810646891593933,-0.060203053057193756,-0.07211107760667801,-0.520667552947998,0.03077613189816475,-0.08505764603614807,-0.7305704951286316,-0.0025455255527049303,-0.0892021507024765,-0.8696467876434326,-0.02589576691389084,-0.08644361048936844,-1.0,-0.039461586624383926,0.005529708229005337,-0.5000157356262207,0.01960933953523636,0.030267411842942238,-0.716905415058136,-0.029350172728300095,0.04511338844895363,-0.8575093746185303,-0.06295207142829895,0.06862327456474304,-0.997298002243042,-0.07630489021539688,0.0786520317196846,-0.4290648102760315,0.0002510666672606021,0.10013942420482635,-0.550994336605072,-0.07068486511707306,0.057097721844911575,-0.39681071043014526,-0.07135341316461563,0.03682476282119751,-0.28891175985336304,-0.045744363218545914,0.14419332146644592,-0.3368142247200012,-0.02126043662428856,0.15214002132415771,-0.4571472704410553,-0.06568848341703415,0.11422428488731384,-0.3607073128223419,-0.050622474402189255,0.09219102561473846,-0.28168603777885437,-0.024492459371685982
K,K_session_001,83,0.0,0.0,0.0,-0.06919030100107193,-0.21032948791980743,-0.03211616352200508,-0.07944610714912415,-0.42676037549972534,-0.03819999471306801,-0.04211200773715973,-0.6263168454170227,-0.05155371502041817,-0.016182735562324524,-0.780548632144928,-0.06181935966014862,-0.07327842712402344,-0.5190345048904419,0.03547483682632446,-0.08673089742660522,-0.7296428680419922,0.0036946411710232496,-0.09106864780187607,-0.8687167763710022,-0.01883080042898655,-0.08730002492666245,-1.0,-0.03183566778898239,0.004600790329277515,-0.4982234239578247,0.026397593319416046,0.02841745875775814,-0.7137891054153442,-0.022896595299243927,0.04390304163098335,-0.8555646538734436,-0.05759019777178764,0.0673169419169426,-0.9936372637748718,-0.07119888067245483,0.07702986896038055,-0.4278183877468109,0.00819102767854929,0.10050362348556519,-0.550448477268219,-0.06648951023817062,0.0581178143620491,-0.395233690738678,-0.07262594997882843,0.03696909546852112,-0.2874700129032135,-0.04942193627357483,0.14225950837135315,-0.3385099768638611,-0.011988718062639236,0.1519799828529358,-0.45909619331359863,-0.060494206845760345,0.11491609364748001,-0.36033546924591064,-0.05018805339932442,0.09325357526540756,-0.28001224994659424,-0.026744140312075615
K,K_session_001,84,0.0,0.0,0.0,-0.06973622739315033,-0.21081413328647614,-0.029977688565850258,-0.08135625720024109,-0.4270644783973694,-0.036932993680238724,-0.046440672129392624,-0.6281554698944092,-0.0515979528427124,-0.02078147977590561,-0.7847379446029663,-0.06355664879083633,-0.06968563795089722,-0.5167177319526672,0.033770851790905,-0.08259423077106476,-0.7283636331558228,0.0011123857693746686,-0.08789510279893875,-0.8684664964675903,-0.021640459075570107,-0.08590461313724518,-1.0,-0.03469669073820114,0.007714537438005209,-0.4974460005760193,0.023690175265073776,0.02884896844625473,-0.7162638306617737,-0.02414838783442974,0.04261785000562668,-0.8545619249343872,-0.05681673064827919,0.06543493270874023,-0.9931395053863525,-0.06944503635168076,0.07994727790355682,-0.42933204770088196,0.0047593251802027225,0.09909801185131073,-0.5578144788742065,-0.06680428236722946,0.058152999728918076,-0.4043951630592346,-0.0702180415391922,0.040058478713035583,-0.2989315688610077,-0.04620973765850067,0.14488770067691803,-0.3419201076030731,-0.01613769866526127,0.15063931047916412,-0.46816444396972656,-0.06123831123113632,0.11317209154367447,-0.3709295094013214,-0.04860571399331093,0.0931888073682785,-0.2893301546573639,-0.02429620362818241
K,K_session_001,85,0.0,0.0,0.0,-0.06983033567667007,-0.21028149127960205,-0.03371690586209297,-0.07976845651865005,-0.4298408627510071,-0.038865357637405396,-0.043218959122896194,-0.6323983669281006,-0.050669994205236435,-0.022873464971780777,-0.7943741083145142,-0.05948629230260849,-0.07210371643304825,-0.5201221108436584,0.03848133236169815,-0.08477538079023361,-0.7292672991752625,0.008574556559324265,-0.08941299468278885,-0.8678836822509766,-0.01240995991975069,-0.08661509305238724,-1.0,-0.02409316785633564,0.006243173498660326,-0.4996021091938019,0.03128941357135773,0.02818627655506134,-0.7139405012130737,-0.014324337244033813,0.04334445670247078,-0.8503559827804565,-0.04583803936839104,0.06655523926019669,-0.9895048141479492,-0.0572662279009819,0.07893520593643188,-0.43015244603157043,0.014170206151902676,0.09862537682056427,-0.5552055835723877,-0.059285104274749756,0.05754539743065834,-0.3976694643497467,-0.0660129189491272,0.03895575925707817,-0.2931995689868927,-0.04320729523897171,0.14397725462913513,-0.34286990761756897,-0.004895155783742666,0.15109948813915253,-0.46521374583244324,-0.05269725248217583,0.1122584417462349,-0.36382246017456055,-0.04305798560380936,0.0913594663143158,-0.2839534878730774,-0.020382588729262352
K,K_session_001,86,0.0,0.0,0.0,-0.06913348287343979,-0.21319803595542908,-0.029785703867673874,-0.07822930812835693,-0.43280351161956787,-0.034428369253873825,-0.04180162772536278,-0.6308175921440125,-0.0463215708732605,-0.017990266904234886,-0.7875697612762451,-0.05516382306814194,-0.07027961313724518,-0.5242090821266174,0.03830835223197937,-0.0834350511431694,-0.7318124771118164,0.00818325113505125,-0.08795072883367538,-0.8698945641517639,-0.01340326014906168,-0.0847979336977005,-1.0,-0.025759704411029816,0.00601982744410634,-0.5011517405509949,0.028852777555584908,0.030180487781763077,-0.7163071036338806,-0.016591625288128853,0.04554721340537071,-0.8514516353607178,-0.04876532033085823,0.06943556666374207,-0.9877026081085205,-0.06123855710029602,0.07766497135162354,-0.43004360795021057,0.010174866765737534,0.10165344923734665,-0.5541788935661316,-0.06128855049610138,0.05847661569714546,-0.40084975957870483,-0.06695452332496643,0.03771432861685753,-0.2971712648868561,-0.044575776904821396,0.142708882689476,-0.33996275067329407,-0.010247867554426193,0.1508248895406723,-0.461285263299942,-0.056332528591156006,0.11067645996809006,-0.36259499192237854,-0.04534163326025009,0.08742242306470871,-0.28427180647850037,-0.022274142131209373
K,K_session_001,87,0.0,0.0,0.0,-0.06397127360105515,-0.22040604054927826,-0.026967890560626984,-0.07491187751293182,-0.43259918689727783,-0.03300633281469345,-0.04362792149186134,-0.633790910243988,-0.04694871976971626,-0.02002926543354988,-0.7903620600700378,-0.05762535333633423,-0.0695396140217781,-0.5318447351455688,0.03613331541419029,-0.07986397296190262,-0.7358285784721375,0.004366912413388491,-0.08353585004806519,-0.8717673420906067,-0.01971708983182907,-0.07869817316532135,-1.0,-0.03465118259191513,0.007550425361841917,-0.5095134377479553,0.02390900067985058,0.0308171845972538,-0.7200889587402344,-0.025400342419743538,0.04772678762674332,-0.8584891557693481,-0.06261716783046722,0.07325922697782516,-0.9909263849258423,-0.07943369448184967,0.08017029613256454,-0.4369477331638336,0.003709803568199277,0.1045636460185051,-0.5577327609062195,-0.06695269793272018,0.06131232529878616,-0.4199275076389313,-0.07287506014108658,0.03738461807370186,-0.31788772344589233,-0.05212852358818054,0.14473488926887512,-0.3444577157497406,-0.01822228729724884,0.15562283992767334,-0.47165465354919434,-0.062410999089479446,0.11763220280408859,-0.384503573179245,-0.050437524914741516,0.09202493727207184,-0.30624091625213623,-0.02736874669790268
K,K_session_001,88,0.0,0.0,0.0,-0.06570782512426376,-0.2173784226179123,-0.03346696496009827,-0.07541234791278839,-0.43454793095588684,-0.038486357778310776,-0.04436952993273735,-0.6356916427612305,-0.05037151277065277,-0.018096476793289185,-0.7905354499816895,-0.05899239704012871,-0.0706963837146759,-0.5269142985343933,0.04039117693901062,-0.08128160238265991,-0.7338584661483765,0.011751780286431313,-0.0848764106631279,-0.8713295459747314,-0.009152672253549099,-0.08003745228052139,-1.0,-0.021492110565304756,0.0062684426084160805,-0.5029178261756897,0.03301158919930458,0.028049644082784653,-0.7128794193267822,-0.012816193513572216,0.04502496495842934,-0.8471561670303345,-0.04622146487236023,0.07030536234378815,-0.9780005812644958,-0.05967182666063309,0.07794645428657532,-0.43029940128326416,0.015851091593503952,0.10217013955116272,-0.5506721138954163,-0.05698150396347046,0.060879889875650406,-0.40655797719955444,-0.06639343500137329,0.03999762609601021,-0.30419301986694336,-0.046498194336891174,0.14088350534439087,-0.3401517868041992,-0.003211884992197156,0.15160882472991943,-0.4615364968776703,-0.05128467082977295,0.11420689523220062,-0.36937808990478516,-0.04407432675361633,0.09139938652515411,-0.290937215089798,-0.02368904836475849
K,K_session_001,89,0.0,0.0,0.0,-0.0672883540391922,-0.21753454208374023,-0.03228609263896942,-0.0756610557436943,-0.4415559470653534,-0.035282235592603683,-0.044080886989831924,-0.6392509937286377,-0.045043133199214935,-0.016874700784683228,-0.7870815992355347,-0.05139847844839096,-0.07357928901910782,-0.5293915271759033,0.03832707926630974,-0.08366289734840393,-0.7361129522323608,0.008805344812572002,-0.0862257182598114,-0.8724497556686401,-0.01370839774608612,-0.08087091892957687,-1.0,-0.027695203199982643,0.0028061161283403635,-0.5041395425796509,0.029486384242773056,0.02469034679234028,-0.7122493386268616,-0.017768962308764458,0.043504923582077026,-0.8500175476074219,-0.05348528176546097,0.07096701115369797,-0.9832373857498169,-0.06898724287748337,0.07409319281578064,-0.4306996762752533,0.01124587468802929,0.10280632972717285,-0.5453606843948364,-0.06258942931890488,0.06093572825193405,-0.40195178985595703,-0.07155942916870117,0.037135109305381775,-0.3006499409675598,-0.05173059180378914,0.13699476420879364,-0.3389010727405548,-0.008992617949843407,0.1489495038986206,-0.4559587240219116,-0.059567760676145554,0.1107398048043251,-0.3606012165546417,-0.05214101821184158,0.08536139130592346,-0.28075218200683594,-0.031381066888570786
K,K_session_001,90,0.0,0.0,0.0,-0.06605755537748337,-0.22492773830890656,-0.026433739811182022,-0.0728214830160141,-0.4448370635509491,-0.02921167202293873,-0.03808014467358589,-0.6427614688873291,-0.039766181260347366,-0.010291725397109985,-0.7904136180877686,-0.046858228743076324,-0.07075399160385132,-0.533035159111023,0.03558628633618355,-0.0798216462135315,-0.7379841208457947,0.0053432104177773,-0.08174605667591095,-0.8737472891807556,-0.018011726438999176,-0.07517322152853012,-1.0,-0.03280740603804588,0.00489056995138526,-0.5090151429176331,0.023440921679139137,0.029615096747875214,-0.7109819650650024,-0.024389723315835,0.049270350486040115,-0.852514386177063,-0.06138119474053383,0.07782197743654251,-0.9835010170936584,-0.07887902110815048,0.07626793533563614,-0.4362978935241699,0.0031940871849656105,0.10732028633356094,-0.5477671027183533,-0.06702164560556412,0.06577806919813156,-0.41484224796295166,-0.07449039816856384,0.04128921404480934,-0.31290197372436523,-0.05552653223276138,0.14024695754051208,-0.34283655881881714,-0.018951669335365295,0.15584895014762878,-0.46238499879837036,-0.06539206951856613,0.11968141049146652,-0.3789488673210144,-0.05625549331307411,0.09428740292787552,-0.30145761370658875,-0.03533834218978882
K,K_session_001,91,0.0,0.0,0.0,-0.0653955414891243,-0.2246682047843933,-0.024580538272857666,-0.07357276231050491,-0.4438997507095337,-0.028955260291695595,-0.039079055190086365,-0.6391214728355408,-0.041566621512174606,-0.010192886926233768,-0.7852240800857544,-0.0505840890109539,-0.06802709400653839,-0.5291764736175537,0.03539256006479263,-0.07843128591775894,-0.7364952564239502,0.004961557686328888,-0.08165515959262848,-0.8724068999290466,-0.017299847677350044,-0.07643841207027435,-1.0,-0.031373683363199234,0.007644664961844683,-0.5046193599700928,0.022713612765073776,0.032715778797864914,-0.7086209654808044,-0.026608889922499657,0.05187954753637314,-0.8468576669692993,-0.062004830688238144,0.0806666761636734,-0.979625940322876,-0.07781141996383667,0.07914582639932632,-0.43100231885910034,0.0022898451425135136,0.10858792066574097,-0.5491967797279358,-0.06724962592124939,0.0655907541513443,-0.40723615884780884,-0.07050327211618423,0.04285368695855141,-0.30293264985084534,-0.048505425453186035,0.1442471295595169,-0.3364819288253784,-0.01992664858698845,0.15686237812042236,-0.45619699358940125,-0.06468498706817627,0.11968480795621872,-0.3665127158164978,-0.053060382604599,0.09687935560941696,-0.28875669836997986,-0.030404765158891678
K,K_session_001,92,0.0,0.0,0.0,-0.0643446296453476,-0.22209838032722473,-0.026159778237342834,-0.07197966426610947,-0.4408886432647705,-0.03080482967197895,-0.03714334964752197,-0.6364092230796814,-0.04369775205850601,-0.006061109714210033,-0.7807160019874573,-0.0530407689511776,-0.0661197304725647,-0.5275388360023499,0.033479686826467514,-0.0766824260354042,-0.7351083755493164,0.0013126216363161802,-0.07975924760103226,-0.8725360631942749,-0.022160880267620087,-0.07451782375574112,-1.0,-0.03709433600306511,0.009067476727068424,-0.5011812448501587,0.02059965208172798,0.034681010991334915,-0.7035465836524963,-0.030741039663553238,0.054637715220451355,-0.8422836661338806,-0.06724798679351807,0.08366573601961136,-0.9723146557807922,-0.08370905369520187,0.07980627566576004,-0.4261917769908905,-0.00019694867660291493,0.10830063372850418,-0.5419894456863403,-0.07224877923727036,0.06507813185453415,-0.40064963698387146,-0.07525797188282013,0.041643399745225906,-0.2941252589225769,-0.052510377019643784,0.14340761303901672,-0.3294706642627716,-0.02297891303896904,0.1571120172739029,-0.4505091607570648,-0.07003702968358994,0.11925666779279709,-0.3609130382537842,-0.058306820690631866,0.09428486973047256,-0.2798902690410614,-0.035085178911685944
K,K_session_001,93,0.0,0.0,0.0,-0.0662304237484932,-0.22195111215114594,-0.021221227943897247,-0.07219241559505463,-0.4431585371494293,-0.02398129366338253,-0.03523464500904083,-0.6376777291297913,-0.03601493686437607,-0.0035239439457654953,-0.7782710194587708,-0.04470759257674217,-0.06231420859694481,-0.5193364024162292,0.03597484901547432,-0.07443749159574509,-0.7302430868148804,0.005513401702046394,-0.07854150235652924,-0.8700956106185913,-0.01639540307223797,-0.07394201308488846,-1.0,-0.030762337148189545,0.012347903102636337,-0.4945489168167114,0.021179303526878357,0.03731801360845566,-0.697536051273346,-0.029786843806505203,0.05475952848792076,-0.837907612323761,-0.06620855629444122,0.08223655074834824,-0.9681345224380493,-0.08301414549350739,0.08223137259483337,-0.42106708884239197,-0.0007174736238084733,0.10876328498125076,-0.5437605977058411,-0.06994912773370743,0.06649245321750641,-0.4012686610221863,-0.06950918585062027,0.044931963086128235,-0.29262393712997437,-0.04528450220823288,0.14629997313022614,-0.3254460394382477,-0.024457350373268127,0.15610529482364655,-0.45035240054130554,-0.0689283236861229,0.11915844678878784,-0.3580452501773834,-0.055027227848768234,0.09661238640546799,-0.27557373046875,-0.03081529401242733
K,K_session_001,94,0.0,0.0,0.0,-0.0676412582397461,-0.22818705439567566,-0.015108635649085045,-0.07078078389167786,-0.45082658529281616,-0.014608939178287983,-0.029012078419327736,-0.6391458511352539,-0.023983445018529892,0.0010797881986945868,-0.7744256258010864,-0.030174845829606056,-0.061099644750356674,-0.5199086666107178,0.03809933736920357,-0.07305935025215149,-0.7301552891731262,0.008488645777106285,-0.07881641387939453,-0.8686044216156006,-0.012888345867395401,-0.07773120701313019,-1.0,-0.027003685012459755,0.013814750127494335,-0.49453914165496826,0.021231582388281822,0.04140903800725937,-0.69756680727005,-0.026324931532144547,0.061233144253492355,-0.8313910961151123,-0.05946334823966026,0.09098004549741745,-0.9591719508171082,-0.07455796003341675,0.08369645476341248,-0.41889244318008423,-0.0022608297877013683,0.1098344475030899,-0.5396662354469299,-0.0677747130393982,0.06443652510643005,-0.3918083608150482,-0.06503744423389435,0.043757639825344086,-0.2828679382801056,-0.040232639759778976,0.1472567319869995,-0.31941667199134827,-0.02731543779373169,0.156887948513031,-0.43912944197654724,-0.06897422671318054,0.11483386158943176,-0.346919447183609,-0.05375450849533081,0.0904063880443573,-0.2682177722454071,-0.02937113493680954
K,K_session_001,95,0.0,0.0,0.0,-0.06635788828134537,-0.23419830203056335,-0.015459478832781315,-0.06764668226242065,-0.45761168003082275,-0.012901192530989647,-0.025760697200894356,-0.640202522277832,-0.0199007298797369,0.00044688943307846785,-0.7763841152191162,-0.023525038734078407,-0.06093104928731918,-0.5306531190872192,0.04603995010256767,-0.07096127420663834,-0.7379177808761597,0.023134060204029083,-0.07558482885360718,-0.8728641867637634,0.005232423543930054,-0.07273115962743759,-1.0,-0.00703320512548089,0.01405799575150013,-0.503217875957489,0.030182426795363426,0.04486281797289848,-0.7018613815307617,-0.010176964104175568,0.06852125376462936,-0.8334977626800537,-0.04183147847652435,0.10192421823740005,-0.9594905376434326,-0.056517865508794785,0.08351606130599976,-0.4246123731136322,0.007365729194134474,0.11288204044103622,-0.5386815667152405,-0.05238504335284233,0.06734351068735123,-0.3964990973472595,-0.050566818565130234,0.044476449489593506,-0.2926933467388153,-0.027744866907596588,0.1465795338153839,-0.3228539824485779,-0.01716538891196251,0.15812180936336517,-0.4433262050151825,-0.05568324774503708,0.1170421838760376,-0.3510791063308716,-0.039989128708839417,0.09225941449403763,-0.272906094789505,-0.015885168686509132
K,K_session_001,96,0.0,0.0,0.0,-0.06835070252418518,-0.23149682581424713,-0.015053225681185722,-0.06837157905101776,-0.45705461502075195,-0.01307191513478756,-0.022725801914930344,-0.6395936608314514,-0.01991189830005169,0.005522944964468479,-0.7731127142906189,-0.023412803187966347,-0.062164057046175,-0.5257662534713745,0.038372088223695755,-0.07199877500534058,-0.7409706115722656,0.014666968025267124,-0.07673756778240204,-0.8742468953132629,-0.002201930619776249,-0.07421565055847168,-1.0,-0.013391561806201935,0.013616063632071018,-0.5005340576171875,0.022917695343494415,0.04825596883893013,-0.706773042678833,-0.018109681084752083,0.07413273304700851,-0.8371171951293945,-0.04916246235370636,0.11024174839258194,-0.962213933467865,-0.06308124959468842,0.08323557674884796,-0.4241381287574768,0.0015614944277331233,0.11178802698850632,-0.5363150835037231,-0.05588153749704361,0.06600955128669739,-0.3910433351993561,-0.05041062459349632,0.04483538866043091,-0.2901403605937958,-0.02567777968943119,0.14728982746601105,-0.323977530002594,-0.021555645391345024,0.15568876266479492,-0.44310784339904785,-0.05655232071876526,0.11497996747493744,-0.3478972613811493,-0.03693491220474243,0.0927608460187912,-0.2733643352985382,-0.010461239144206047
K,K_session_001,97,0.0,0.0,0.0,-0.0664442628622055,-0.23214949667453766,-0.013803825713694096,-0.06725547462701797,-0.4560703933238983,-0.010724478401243687,-0.02441350929439068,-0.6365983486175537,-0.016458692029118538,0.0033848423045128584,-0.768683910369873,-0.018631501123309135,-0.06305138766765594,-0.5320189595222473,0.039374951273202896,-0.07245857268571854,-0.7440001964569092,0.01689049042761326,-0.0769556313753128,-0.8751367926597595,0.0004234616062603891,-0.07555580139160156,-1.0,-0.010761240497231483,0.011775808408856392,-0.5055625438690186,0.023629821836948395,0.04902150481939316,-0.7098979949951172,-0.016928156837821007,0.07874175906181335,-0.8398346304893494,-0.04823259264230728,0.1166519895195961,-0.9624131321907043,-0.06249724328517914,0.0806296169757843,-0.4282435476779938,0.002159882802516222,0.11209908872842789,-0.5323318243026733,-0.05545035004615784,0.06650488078594208,-0.3897097110748291,-0.05168576538562775,0.04342542216181755,-0.2902391254901886,-0.028267523273825645,0.14451192319393158,-0.32727062702178955,-0.020838268101215363,0.15524129569530487,-0.43994763493537903,-0.056408390402793884,0.11403055489063263,-0.34700196981430054,-0.0380939356982708,0.08951874822378159,-0.27420663833618164,-0.012649400159716606
K,K_session_001,98,0.0,0.0,0.0,-0.0677887573838234,-0.23007935285568237,-0.015386956743896008,-0.06760042160749435,-0.4624693989753723,-0.013846042566001415,-0.019911348819732666,-0.6437581181526184,-0.020998679101467133,0.009870157577097416,-0.772350549697876,-0.024818673729896545,-0.05842266231775284,-0.5336945652961731,0.03377995640039444,-0.06955347210168839,-0.7453768849372864,0.008184469304978848,-0.07491046190261841,-0.8763664960861206,-0.009767629206180573,-0.07343246787786484,-1.0,-0.021661169826984406,0.016200311481952667,-0.5059187412261963,0.017658334225416183,0.053218062967061996,-0.7154921889305115,-0.02602466568350792,0.08231120556592941,-0.8472564220428467,-0.05756993591785431,0.12144785374403,-0.9715830087661743,-0.07140907645225525,0.08494896441698074,-0.4282177686691284,-0.0041315872222185135,0.11430692672729492,-0.5393978357315063,-0.06330320239067078,0.06906631588935852,-0.39353662729263306,-0.05641676485538483,0.04872565343976021,-0.2918444573879242,-0.03032909519970417,0.1486932635307312,-0.32663896679878235,-0.027802277356386185,0.15891335904598236,-0.44441846013069153,-0.06326117366552353,0.11772182583808899,-0.34864309430122375,-0.04203285276889801,0.09536643326282501,-0.27372223138809204,-0.01424151286482811
K,K_session_001,99,0.0,0.0,0.0,-0.06606301665306091,-0.22807817161083221,-0.017794828861951828,-0.06527005136013031,-0.45318228006362915,-0.017673969268798828,-0.01818881370127201,-0.6341052055358887,-0.025130700320005417,0.009221830405294895,-0.7664862871170044,-0.02892647497355938,-0.059988636523485184,-0.5258749723434448,0.026987913995981216,-0.072306789457798,-0.7397240400314331,-6.819868758611847e-06,-0.07774977385997772,-0.8730455040931702,-0.018765583634376526,-0.07514197379350662,-1.0,-0.03130098804831505,0.014734824188053608,-0.5007184743881226,0.01259553711861372,0.05334599316120148,-0.7106120586395264,-0.03241785615682602,0.0835830494761467,-0.8419849872589111,-0.0646454393863678,0.1240096241235733,-0.9670118689537048,-0.07921791076660156,0.08322213590145111,-0.4259030818939209,-0.007067170925438404,0.11615989357233047,-0.5327968597412109,-0.06717037409543991,0.06809379160404205,-0.3910713195800781,-0.06051340699195862,0.043945807963609695,-0.29199424386024475,-0.034774910658597946,0.14627523720264435,-0.32550081610679626,-0.02872183732688427,0.1605137288570404,-0.44328710436820984,-0.06605573743581772,0.1185874342918396,-0.3507883846759796,-0.045849792659282684,0.09298571199178696,-0.2781250774860382,-0.018593493849039078
K,K_session_001,100,0.0,0.0,0.0,-0.06820584833621979,-0.22226755321025848,-0.01589912921190262,-0.06888768821954727,-0.44919532537460327,-0.01773742213845253,-0.021437522023916245,-0.6293635964393616,-0.027874156832695007,0.009970935992896557,-0.7600931525230408,-0.034658290445804596,-0.05937978997826576,-0.5249056220054626,0.023621585220098495,-0.07437588274478912,-0.7394986748695374,-0.005173404235392809,-0.08127269893884659,-0.8740803003311157,-0.023649949580430984,-0.08016052842140198,-1.0,-0.03573406860232353,0.015239755623042583,-0.4998089373111725,0.006712285336107016,0.055777035653591156,-0.7156776785850525,-0.04076651111245155,0.08612782508134842,-0.8462644219398499,-0.0725027546286583,0.12703844904899597,-0.9700129628181458,-0.08604571968317032,0.08360492438077927,-0.42420995235443115,-0.014915991574525833,0.11229099333286285,-0.5331627130508423,-0.0751064121723175,0.06378698348999023,-0.3857962191104889,-0.06433824449777603,0.04263061657547951,-0.28629130125045776,-0.03566655516624451,0.14677011966705322,-0.3228987753391266,-0.038507670164108276,0.15730604529380798,-0.43766066431999207,-0.07369853556156158,0.11550549417734146,-0.3416144847869873,-0.04957479238510132,0.09156514704227448,-0.27067095041275024,-0.019701775163412094
K,K_session_001,101,0.0,0.0,0.0,-0.06634370982646942,-0.222267284989357,-0.01596098765730858,-0.06547117978334427,-0.44824567437171936,-0.01657852903008461,-0.017717115581035614,-0.6282303333282471,-0.025388196110725403,0.009163418784737587,-0.7583919167518616,-0.030936283990740776,-0.05730930715799332,-0.5245683789253235,0.022609105333685875,-0.07195640355348587,-0.7351289987564087,-0.006365124136209488,-0.07857217639684677,-0.8719176054000854,-0.025747934356331825,-0.07701289653778076,-1.0,-0.03888696804642677,0.016291817650198936,-0.4994036555290222,0.005479154642671347,0.05890987813472748,-0.7147665619850159,-0.0420670323073864,0.09195529669523239,-0.8524544835090637,-0.07481387257575989,0.13433271646499634,-0.9776495695114136,-0.08957139402627945,0.08366268873214722,-0.42363619804382324,-0.016339171677827835,0.11631112545728683,-0.5312682390213013,-0.07807030528783798,0.06772275269031525,-0.3865583837032318,-0.06914965808391571,0.04329945892095566,-0.28355124592781067,-0.04153241589665413,0.14655010402202606,-0.32101133465766907,-0.04005097597837448,0.15898022055625916,-0.43619781732559204,-0.07848509401082993,0.11710911244153976,-0.34189021587371826,-0.05657411366701126,0.09062652289867401,-0.2667963206768036,-0.02783961407840252
K,K_session_001,102,0.0,0.0,0.0,-0.06668886542320251,-0.22251518070697784,-0.017633220180869102,-0.06771131604909897,-0.44635599851608276,-0.019890623167157173,-0.01683533936738968,-0.6283767819404602,-0.030280746519565582,0.011205450631678104,-0.7611982226371765,-0.037669163197278976,-0.05808401480317116,-0.5168312788009644,0.019800322130322456,-0.07199030369520187,-0.7319784760475159,-0.010261477902531624,-0.07990095764398575,-0.8698489665985107,-0.02958555892109871,-0.07909370958805084,-1.0,-0.042090144008398056,0.016168689355254173,-0.49374130368232727,0.003176900325343013,0.060603126883506775,-0.7136736512184143,-0.044834282249212265,0.09403105825185776,-0.854908287525177,-0.07690117508172989,0.13739272952079773,-0.9835230708122253,-0.09068585932254791,0.08392687141895294,-0.4199174642562866,-0.018205717206001282,0.11480431258678436,-0.533100962638855,-0.08156423270702362,0.06766501814126968,-0.38630321621894836,-0.07248491048812866,0.045683376491069794,-0.27886971831321716,-0.04358762502670288,0.14679832756519318,-0.319064199924469,-0.04148703068494797,0.1583431214094162,-0.4411046802997589,-0.08079785853624344,0.11847347021102905,-0.34592491388320923,-0.05807703360915184,0.09502442926168442,-0.2663418650627136,-0.027986256405711174
K,K_session_001,103,0.0,0.0,0.0,-0.0654955506324768,-0.2237733006477356,-0.01703866384923458,-0.0656479150056839,-0.44336768984794617,-0.0203242264688015,-0.012868309393525124,-0.6203332543373108,-0.031480398029088974,0.015434438362717628,-0.7523683905601501,-0.039265889674425125,-0.059009186923503876,-0.5216147303581238,0.018427355214953423,-0.07240323722362518,-0.7360133528709412,-0.012342387810349464,-0.07887572050094604,-0.8720301985740662,-0.03293309360742569,-0.07743487507104874,-1.0,-0.04647591710090637,0.015334578230977058,-0.49726229906082153,0.001140689942985773,0.06274929642677307,-0.7174714207649231,-0.04745474085211754,0.0984780490398407,-0.8554729223251343,-0.0808246061205864,0.14385466277599335,-0.9842642545700073,-0.09554585814476013,0.0833270251750946,-0.42067328095436096,-0.020433524623513222,0.11389423161745071,-0.5290143489837646,-0.08204825967550278,0.06504418700933456,-0.3820211887359619,-0.07100541889667511,0.04273610934615135,-0.2807396352291107,-0.04141579568386078,0.1461915820837021,-0.3155551850795746,-0.0440257228910923,0.15919455885887146,-0.43493983149528503,-0.08124660700559616,0.11709205061197281,-0.3411223292350769,-0.056149180978536606,0.09162457287311554,-0.26746636629104614,-0.02458699606359005
K,K_session_001,104,0.0,0.0,0.0,-0.06502353399991989,-0.22198458015918732,-0.014787985943257809,-0.0668543130159378,-0.44286230206489563,-0.017640750855207443,-0.013429202139377594,-0.6172668933868408,-0.028992418199777603,0.01697677932679653,-0.7432376146316528,-0.037422679364681244,-0.05860186368227005,-0.5232397317886353,0.01840774156153202,-0.07277035713195801,-0.7378243207931519,-0.01319282315671444,-0.07919677346944809,-0.8729482293128967,-0.03341614454984665,-0.07717765867710114,-1.0,-0.04637870565056801,0.015951860696077347,-0.4984484016895294,-0.0004651855560950935,0.06486858427524567,-0.7202457785606384,-0.051372330635786057,0.10040844976902008,-0.8586052656173706,-0.08535906672477722,0.1454915851354599,-0.984717071056366,-0.09957125782966614,0.08417627215385437,-0.4209475517272949,-0.023178964853286743,0.11163817346096039,-0.5290520191192627,-0.08677311986684799,0.06681714206933975,-0.3791333734989166,-0.07549485564231873,0.04911700263619423,-0.2769036293029785,-0.044776253402233124,0.146609827876091,-0.3140203356742859,-0.047513432800769806,0.15571801364421844,-0.43275630474090576,-0.08488718420267105,0.11776226758956909,-0.33312395215034485,-0.05840199813246727,0.09897235035896301,-0.2567576467990875,-0.02538760006427765
K,K_session_001,105,0.0,0.0,0.0,-0.05896896496415138,-0.2232479602098465,-0.01588565483689308,-0.06090010702610016,-0.4389849901199341,-0.018759090453386307,-0.012446851469576359,-0.6133970618247986,-0.029554082080721855,0.015364008955657482,-0.7408249378204346,-0.037587136030197144,-0.06141477823257446,-0.5220133066177368,0.016761133447289467,-0.0726683959364891,-0.738443911075592,-0.013399360701441765,-0.0776934027671814,-0.8739548921585083,-0.03277139738202095,-0.07605049014091492,-1.0,-0.04460551217198372,0.011823859065771103,-0.4954954981803894,-0.0008570782956667244,0.0600891076028347,-0.7174878716468811,-0.04844428598880768,0.09811162203550339,-0.8573874831199646,-0.08058424293994904,0.14297649264335632,-0.9819145798683167,-0.09359443187713623,0.08031253516674042,-0.4169492721557617,-0.0223753172904253,0.1088079884648323,-0.5188696980476379,-0.08415642380714417,0.0677204355597496,-0.37931200861930847,-0.0761619582772255,0.0492597371339798,-0.28064674139022827,-0.047964852303266525,0.14287081360816956,-0.3108323812484741,-0.04536045342683792,0.15599603950977325,-0.4334006607532501,-0.08221834152936935,0.1201053112745285,-0.3389989137649536,-0.057554397732019424,0.10089238733053207,-0.2607889473438263,-0.02595108188688755
K,K_session_001,106,0.0,0.0,0.0,-0.058579664677381516,-0.22550784051418304,-0.015057910233736038,-0.05924082174897194,-0.4444306492805481,-0.017735633999109268,-0.013919616118073463,-0.6216147541999817,-0.02842986024916172,0.008656159974634647,-0.755047619342804,-0.03600659593939781,-0.062392707914114,-0.5294361710548401,0.018872661516070366,-0.07404077798128128,-0.7443053126335144,-0.010794775560498238,-0.078328438103199,-0.876575231552124,-0.029515402391552925,-0.07670287042856216,-1.0,-0.04094897210597992,0.011438755318522453,-0.5000956654548645,0.00037360945134423673,0.05900000408291817,-0.7251561880111694,-0.04719550162553787,0.09537868946790695,-0.8626514673233032,-0.07910091429948807,0.1382017582654953,-0.9865927696228027,-0.09195558726787567,0.08090969175100327,-0.41800540685653687,-0.02205245941877365,0.10971257090568542,-0.5250906348228455,-0.08317778259515762,0.06858869642019272,-0.3827636241912842,-0.07381386309862137,0.04975403845310211,-0.28515779972076416,-0.04532924294471741,0.14434024691581726,-0.3085537552833557,-0.045902274549007416,0.1555408388376236,-0.42995765805244446,-0.08190598338842392,0.11897390335798264,-0.3331272304058075,-0.05613050237298012,0.09907787293195724,-0.25741761922836304,-0.024197081103920937
K,K_session_001,107,0.0,0.0,0.0,-0.05752560496330261,-0.22516047954559326,-0.013582805171608925,-0.05927687883377075,-0.43961644172668457,-0.01552276499569416,-0.0215410515666008,-0.6150634288787842,-0.02583581767976284,-0.005623619072139263,-0.749683678150177,-0.03233785927295685,-0.06494662910699844,-0.5267402529716492,0.02333146519958973,-0.07604912668466568,-0.7449218034744263,-0.005443167872726917,-0.08028379082679749,-0.8776088356971741,-0.024928420782089233,-0.07900708168745041,-1.0,-0.037150733172893524,0.008130352012813091,-0.4989926815032959,0.0056077721528708935,0.05239260941743851,-0.7142349481582642,-0.042237088084220886,0.0876484140753746,-0.851291298866272,-0.07611954212188721,0.12976139783859253,-0.9760032296180725,-0.0909547284245491,0.07655021548271179,-0.4205348789691925,-0.016100691631436348,0.10533785074949265,-0.5227963924407959,-0.07245475798845291,0.06612584739923477,-0.39095649123191833,-0.06377311050891876,0.048047758638858795,-0.3011177182197571,-0.037867285311222076,0.13943423330783844,-0.318642795085907,-0.03963989019393921,0.15216511487960815,-0.43383708596229553,-0.07028152793645859,0.11649787425994873,-0.34644994139671326,-0.04552769660949707,0.09728874266147614,-0.2786654531955719,-0.01598380319774151
K,K_session_001,108,0.0,0.0,0.0,-0.057472385466098785,-0.22418531775474548,-0.0168193057179451,-0.05923972278833389,-0.44349348545074463,-0.01931159757077694,-0.023811733350157738,-0.6190332174301147,-0.029187599197030067,-0.0091483686119318,-0.7485039234161377,-0.03526818007230759,-0.0682775154709816,-0.5342424511909485,0.01760796830058098,-0.07953514903783798,-0.748308539390564,-0.010896929539740086,-0.08352214097976685,-0.8799024820327759,-0.030025314539670944,-0.08278856426477432,-1.0,-0.04210062325000763,0.0051042367704212666,-0.5040218830108643,0.0014465447748079896,0.05024775490164757,-0.7151733040809631,-0.04439360648393631,0.08622732013463974,-0.8492437601089478,-0.07667578756809235,0.12848049402236938,-0.9719933271408081,-0.09079145640134811,0.07381069660186768,-0.4252597987651825,-0.018940262496471405,0.10490623861551285,-0.5204291939735413,-0.07469460368156433,0.06461687386035919,-0.39038488268852234,-0.06738114356994629,0.044701218605041504,-0.3009868860244751,-0.042829666286706924,0.13648749887943268,-0.32390883564949036,-0.041367825120687485,0.149992436170578,-0.4334254562854767,-0.0727764219045639,0.11374551802873611,-0.3473457992076874,-0.04983106255531311,0.09343710541725159,-0.27934491634368896,-0.021682804450392723
K,K_session_001,109,0.0,0.0,0.0,-0.05623047053813934,-0.2272014319896698,-0.01772638037800789,-0.0582813024520874,-0.44578874111175537,-0.019873859360814095,-0.02580135501921177,-0.6253699064254761,-0.029151221737265587,-0.01591620221734047,-0.7596102356910706,-0.03465840220451355,-0.0686686709523201,-0.5364798307418823,0.02076081931591034,-0.08235494792461395,-0.7486990094184875,-0.007718043401837349,-0.08806604892015457,-0.8786952495574951,-0.02685939148068428,-0.08869960159063339,-1.0,-0.03844817355275154,0.0041880421340465546,-0.5055016875267029,0.005269267130643129,0.052330661565065384,-0.7211827635765076,-0.03971603512763977,0.08750879764556885,-0.8526226878166199,-0.0708317682147026,0.12831930816173553,-0.9773779511451721,-0.08332832902669907,0.07216738164424896,-0.4266204535961151,-0.015013161115348339,0.10593999177217484,-0.5222342610359192,-0.07347138971090317,0.06509440392255783,-0.38954222202301025,-0.06844918429851532,0.04547334462404251,-0.3053666651248932,-0.04422536492347717,0.13495686650276184,-0.3253251910209656,-0.036958206444978714,0.15021675825119019,-0.4352480173110962,-0.07051900774240494,0.11336780339479446,-0.34241652488708496,-0.04808509349822998,0.09319378435611725,-0.2752567529678345,-0.019668951630592346
K,K_session_001,110,0.0,0.0,0.0,-0.0578613206744194,-0.2289833426475525,-0.016469350084662437,-0.06044904887676239,-0.44891873002052307,-0.018230406567454338,-0.03045722283422947,-0.625624418258667,-0.027703210711479187,-0.020906468853354454,-0.7507382035255432,-0.033632732927799225,-0.06965982168912888,-0.5297342538833618,0.02024773135781288,-0.08433181792497635,-0.7450814247131348,-0.009533984586596489,-0.0906851589679718,-0.8768780827522278,-0.029382288455963135,-0.0922364890575409,-1.0,-0.04157783463597298,0.0034230125602334738,-0.5011786222457886,0.003639780916273594,0.04921276867389679,-0.7157953977584839,-0.044030122458934784,0.0849127247929573,-0.8490183353424072,-0.07621587067842484,0.12553058564662933,-0.9745330214500427,-0.08927515894174576,0.07255145162343979,-0.42506715655326843,-0.017608018592000008,0.10571770370006561,-0.5229648947715759,-0.07753601670265198,0.0675773024559021,-0.38881489634513855,-0.0717170387506485,0.04914791136980057,-0.30162134766578674,-0.046640537679195404,0.1364825814962387,-0.32648611068725586,-0.040553979575634,0.1512742042541504,-0.4380282163619995,-0.07419371604919434,0.11647606641054153,-0.34367164969444275,-0.05132313072681427,0.09817077964544296,-0.27446338534355164,-0.022682448849081993
K,K_session_001,111,0.0,0.0,0.0,-0.0582963302731514,-0.22849130630493164,-0.016005689278244972,-0.06206459924578667,-0.4480556845664978,-0.018309133127331734,-0.03387107327580452,-0.6264414191246033,-0.028742335736751556,-0.023324424400925636,-0.7547565698623657,-0.035791199654340744,-0.06849918514490128,-0.5270822048187256,0.019371528178453445,-0.08403578400611877,-0.7441800832748413,-0.011762235313653946,-0.08946918696165085,-0.8757383227348328,-0.032411932945251465,-0.08940838277339935,-1.0,-0.045029718428850174,0.004940223880112171,-0.4982626140117645,0.002179159549996257,0.050995681434869766,-0.7149210572242737,-0.04554573446512222,0.08622036874294281,-0.8458316326141357,-0.07678082585334778,0.12757599353790283,-0.9725652933120728,-0.08913683891296387,0.074275441467762,-0.4229486584663391,-0.019807633012533188,0.10781942307949066,-0.5277007222175598,-0.08016514033079147,0.06791123747825623,-0.3909628391265869,-0.07376746833324432,0.04990029335021973,-0.3027947247028351,-0.048233404755592346,0.13842947781085968,-0.32468050718307495,-0.043507471680641174,0.15449023246765137,-0.437136709690094,-0.07752660661935806,0.11633762717247009,-0.34498000144958496,-0.05464845150709152,0.09567838907241821,-0.27627307176589966,-0.025926973670721054
K,K_session_001,112,0.0,0.0,0.0,-0.05757533386349678,-0.22951050102710724,-0.017421184107661247,-0.06046121567487717,-0.4555312693119049,-0.01844729669392109,-0.03359890729188919,-0.6349058151245117,-0.027252770960330963,-0.02173871360719204,-0.7576501965522766,-0.03185529261827469,-0.06770257651805878,-0.5305745005607605,0.0233298409730196,-0.08374442160129547,-0.7456775903701782,-0.00519898533821106,-0.09040424972772598,-0.8764920234680176,-0.02401023916900158,-0.09174526482820511,-1.0,-0.03603849932551384,0.006095940247178078,-0.5012390613555908,0.0076966965571045876,0.05223005264997482,-0.7153729796409607,-0.04056569188833237,0.08870170265436172,-0.8483450412750244,-0.07338489592075348,0.13030989468097687,-0.9755309224128723,-0.08695968240499496,0.07469803094863892,-0.42306989431381226,-0.012915967032313347,0.11017780750989914,-0.5299143195152283,-0.07366910576820374,0.07104834914207458,-0.3895852863788605,-0.06766718626022339,0.05200217291712761,-0.3005027174949646,-0.04210474342107773,0.13876987993717194,-0.3238324820995331,-0.03531704470515251,0.1574104130268097,-0.44015371799468994,-0.06983930617570877,0.12041298300027847,-0.34540602564811707,-0.048214755952358246,0.09857665747404099,-0.2766973078250885,-0.02036689966917038
K,K_session_001,113,0.0,0.0,0.0,-0.058902010321617126,-0.22785590589046478,-0.018849000334739685,-0.06015313044190407,-0.4556894600391388,-0.02158895693719387,-0.03048781119287014,-0.6342349648475647,-0.03178022801876068,-0.01749349571764469,-0.7536975145339966,-0.03807369992136955,-0.0679212287068367,-0.5292852520942688,0.017485860735177994,-0.08223788440227509,-0.7466663718223572,-0.012103860266506672,-0.08790306001901627,-0.8772251605987549,-0.031490977853536606,-0.08806560188531876,-1.0,-0.04390815645456314,0.00633808970451355,-0.49809861183166504,0.001985369948670268,0.053024306893348694,-0.7094532251358032,-0.04619613289833069,0.08910363167524338,-0.8433896899223328,-0.07865090668201447,0.13176044821739197,-0.9724462628364563,-0.09249882400035858,0.07501623034477234,-0.4200243055820465,-0.01832340657711029,0.10982339084148407,-0.5220027565956116,-0.07724541425704956,0.06968365609645844,-0.3833644986152649,-0.06920866668224335,0.051154766231775284,-0.2938382625579834,-0.04311630502343178,0.13952422142028809,-0.3219882547855377,-0.04088452085852623,0.15622642636299133,-0.43661338090896606,-0.07389640063047409,0.12036450952291489,-0.34273844957351685,-0.05082792416214943,0.1011345162987709,-0.27295953035354614,-0.02235502563416958
K,K_session_001,114,0.0,0.0,0.0,-0.058669790625572205,-0.23253415524959564,-0.016633346676826477,-0.06198400259017944,-0.455365926027298,-0.01698676496744156,-0.032633207738399506,-0.6294010877609253,-0.024982521310448647,-0.019957304000854492,-0.7504695653915405,-0.028972089290618896,-0.0699923187494278,-0.5327171683311462,0.02467764914035797,-0.08510764688253403,-0.7477812170982361,-0.0020974203944206238,-0.09093540161848068,-0.877442479133606,-0.020321223884820938,-0.09065942466259003,-1.0,-0.03207794204354286,0.004263866692781448,-0.5022084712982178,0.009092110209167004,0.05192925035953522,-0.7121145129203796,-0.03670797497034073,0.08831443637609482,-0.846115231513977,-0.0693894699215889,0.13039907813072205,-0.9728736877441406,-0.08346270769834518,0.07303807139396667,-0.4229908287525177,-0.011455702595412731,0.10887938737869263,-0.5198619961738586,-0.07021908462047577,0.06910549849271774,-0.3837502598762512,-0.06630980223417282,0.04980362206697464,-0.29610857367515564,-0.042991165071725845,0.13735313713550568,-0.3239613175392151,-0.0336899608373642,0.1544989049434662,-0.43132686614990234,-0.06767698377370834,0.1165204867720604,-0.3371383845806122,-0.04759161174297333,0.09487437456846237,-0.2693362236022949,-0.021242531016469002
K,K_session_001,115,0.0,0.0,0.0,-0.06050979718565941,-0.23319731652736664,-0.018636124208569527,-0.06161714717745781,-0.4594888985157013,-0.019353792071342468,-0.026026202365756035,-0.6348583698272705,-0.027261707931756973,-0.0108462730422616,-0.7566279172897339,-0.031503356993198395,-0.07032997906208038,-0.531072199344635,0.02374240569770336,-0.08446670323610306,-0.747018039226532,-0.002727063838392496,-0.09036968648433685,-0.877044677734375,-0.020601820200681686,-0.08983773738145828,-1.0,-0.03198496624827385,0.003981531597673893,-0.5008799433708191,0.009272914379835129,0.05344943329691887,-0.7136666178703308,-0.03594396263360977,0.08954467624425888,-0.8492729067802429,-0.06857740134000778,0.13168641924858093,-0.9766395688056946,-0.08244946599006653,0.07245251536369324,-0.42208465933799744,-0.01024321187287569,0.1097152978181839,-0.517902672290802,-0.06971282511949539,0.06787112355232239,-0.37792497873306274,-0.06579633802175522,0.0469193197786808,-0.2869059443473816,-0.04179411381483078,0.1362268030643463,-0.3235779106616974,-0.031495336443185806,0.15191291272640228,-0.4320428967475891,-0.06681857258081436,0.11452635377645493,-0.33382394909858704,-0.046303171664476395,0.09400210529565811,-0.2621276080608368,-0.018963534384965897
K,K_session_001,116,0.0,0.0,0.0,-0.06205262243747711,-0.23065562546253204,-0.016210030764341354,-0.06579679995775223,-0.455687552690506,-0.017166370525956154,-0.027604080736637115,-0.6260831356048584,-0.02574341371655464,-0.0029431278817355633,-0.7496336698532104,-0.030922720208764076,-0.06990385055541992,-0.5319241285324097,0.019286176189780235,-0.0834113359451294,-0.7500737309455872,-0.00811577308923006,-0.08868193626403809,-0.8794471621513367,-0.025848064571619034,-0.08795711398124695,-1.0,-0.0370941087603569,0.004219794645905495,-0.50116366147995,0.002999749267473817,0.05192342400550842,-0.7113704085350037,-0.04195650666952133,0.08830418437719345,-0.8445229530334473,-0.07358131557703018,0.13126741349697113,-0.969272792339325,-0.0870724767446518,0.07334386557340622,-0.42338916659355164,-0.017666127532720566,0.11068208515644073,-0.5151872038841248,-0.07441236823797226,0.06892042607069016,-0.3780216872692108,-0.0677911564707756,0.04823458567261696,-0.2913229763507843,-0.04322014003992081,0.13787171244621277,-0.32291609048843384,-0.04015686362981796,0.15430274605751038,-0.4254661500453949,-0.07329294830560684,0.11551150679588318,-0.3305843770503998,-0.05105529725551605,0.09372272342443466,-0.2621004283428192,-0.023033959791064262
K,K_session_001,117,0.0,0.0,0.0,-0.06530973315238953,-0.233026385307312,-0.017530905082821846,-0.06545621156692505,-0.4620065987110138,-0.01702025718986988,-0.01856025494635105,-0.6328241229057312,-0.023936167359352112,0.01270278450101614,-0.7494193315505981,-0.027746237814426422,-0.06661684811115265,-0.5327427387237549,0.02389013022184372,-0.0787176638841629,-0.7490701675415039,-0.0010718513512983918,-0.08430606126785278,-0.8784887194633484,-0.018293719738721848,-0.08368730545043945,-1.0,-0.02958979271352291,0.008158771321177483,-0.5016108751296997,0.009153063409030437,0.056240178644657135,-0.7132248878479004,-0.03165191039443016,0.09085562080144882,-0.8466585874557495,-0.062161535024642944,0.13246099650859833,-0.9701049327850342,-0.07553377002477646,0.0761493444442749,-0.42096027731895447,-0.010637476108968258,0.11086760461330414,-0.5181254744529724,-0.06617297232151031,0.06851640343666077,-0.380493700504303,-0.06137102469801903,0.04858037084341049,-0.2878624200820923,-0.03788875415921211,0.13874894380569458,-0.31932100653648376,-0.032349299639463425,0.15369778871536255,-0.43035730719566345,-0.0656227394938469,0.11568274348974228,-0.3371468186378479,-0.044666923582553864,0.09629828482866287,-0.264913946390152,-0.01748318411409855
K,K_session_001,118,0.0,0.0,0.0,-0.06448816508054733,-0.2295600175857544,-0.019529931247234344,-0.06510890275239944,-0.46025899052619934,-0.019805332645773888,-0.017037104815244675,-0.6321020722389221,-0.02724399045109749,0.014756584540009499,-0.7465823292732239,-0.031490400433540344,-0.0672057718038559,-0.5342801213264465,0.020435210317373276,-0.07832349836826324,-0.7492188215255737,-0.006300817243754864,-0.08275596052408218,-0.8789253234863281,-0.02465939335525036,-0.08112204819917679,-1.0,-0.03674967214465141,0.007100577000528574,-0.5027532577514648,0.005974266678094864,0.05428982898592949,-0.7121026515960693,-0.036704644560813904,0.09006772935390472,-0.8445436954498291,-0.06740700453519821,0.133356511592865,-0.9662338495254517,-0.08071203529834747,0.07500933855772018,-0.4222370386123657,-0.013687223196029663,0.11156800389289856,-0.5197827219963074,-0.0705668032169342,0.06824443489313126,-0.38047537207603455,-0.0643266960978508,0.04703332111239433,-0.28738245368003845,-0.0395730696618557,0.1375165581703186,-0.31822457909584045,-0.03565599396824837,0.155903622508049,-0.4283320903778076,-0.07066794484853745,0.11760330945253372,-0.3344833254814148,-0.04972601309418678,0.09666423499584198,-0.26137250661849976,-0.022103525698184967
K,K_session_001,119,0.0,0.0,0.0,-0.06355306506156921,-0.2266310453414917,-0.01923884078860283,-0.06482193619012833,-0.4581749439239502,-0.019878936931490898,-0.016789330169558525,-0.6316514611244202,-0.027759557589888573,0.018821991980075836,-0.7449195384979248,-0.03291044011712074,-0.0639788806438446,-0.5286746621131897,0.019016170874238014,-0.07494160532951355,-0.74563068151474,-0.00813374761492014,-0.07953626662492752,-0.8774968981742859,-0.0261494442820549,-0.07810400426387787,-1.0,-0.037683553993701935,0.00963024701923132,-0.49953919649124146,0.004370482638478279,0.0583544597029686,-0.7153974175453186,-0.038054026663303375,0.09299235045909882,-0.8493030071258545,-0.0677509531378746,0.1347290724515915,-0.9710052013397217,-0.08014730364084244,0.07732697576284409,-0.42130446434020996,-0.015376562252640724,0.11455073207616806,-0.5227551460266113,-0.07310739159584045,0.07121685892343521,-0.38172927498817444,-0.06678879261016846,0.05005669221282005,-0.2847074270248413,-0.041435714811086655,0.1390913426876068,-0.3187866806983948,-0.03718862682580948,0.15568257868289948,-0.43356814980506897,-0.07250881940126419,0.11897025257349014,-0.3380184471607208,-0.050859030336141586,0.10016560554504395,-0.261516809463501,-0.02251925691962242
K,K_session_001,120,0.0,0.0,0.0,-0.06481921672821045,-0.2263549268245697,-0.0207508597522974,-0.06550464779138565,-0.45342114567756653,-0.021473636850714684,-0.016454972326755524,-0.6269930005073547,-0.02899651601910591,0.018831560388207436,-0.7453305721282959,-0.03332456201314926,-0.06648281216621399,-0.5302446484565735,0.021585647016763687,-0.07623089849948883,-0.7463502287864685,-0.004751896485686302,-0.08007004857063293,-0.8775076270103455,-0.022799601778388023,-0.07774540036916733,-1.0,-0.034406013786792755,0.007410878781229258,-0.4992105960845947,0.008094129152595997,0.055872827768325806,-0.7128562927246094,-0.03445834666490555,0.09086362272500992,-0.8465238213539124,-0.06525278836488724,0.13267213106155396,-0.9681893587112427,-0.07838503271341324,0.07537950575351715,-0.42064905166625977,-0.01082470640540123,0.11441048234701157,-0.5189627408981323,-0.06988298147916794,0.06954239308834076,-0.37617984414100647,-0.06510765850543976,0.04640116170048714,-0.2796424329280853,-0.040353067219257355,0.13779081404209137,-0.31902486085891724,-0.031768798828125,0.15662913024425507,-0.42832285165786743,-0.06867293268442154,0.11809904128313065,-0.33073264360427856,-0.048443976789712906,0.09653326869010925,-0.2554337680339813,-0.020747488364577293
K,K_session_001,121,0.0,0.0,0.0,-0.06766418367624283,-0.2222672998905182,-0.021497391164302826,-0.06822799891233444,-0.45617222785949707,-0.021828826516866684,-0.01713508926331997,-0.6296230554580688,-0.028882546350359917,0.018964828923344612,-0.7455348372459412,-0.03295472264289856,-0.06572052091360092,-0.5286381244659424,0.02055070362985134,-0.07512704282999039,-0.7455220818519592,-0.006611360237002373,-0.07926376909017563,-0.8771740794181824,-0.02501487545669079,-0.07723916321992874,-1.0,-0.036871202290058136,0.00836677011102438,-0.4981934428215027,0.007029443047940731,0.05500609800219536,-0.7128828167915344,-0.036362919956445694,0.08853763341903687,-0.845737636089325,-0.06738313287496567,0.13037973642349243,-0.9698366522789001,-0.08065184950828552,0.07614375650882721,-0.420506089925766,-0.012050122953951359,0.11311272531747818,-0.5202194452285767,-0.07180427759885788,0.0677839145064354,-0.373759001493454,-0.06617078930139542,0.04600992798805237,-0.2772538959980011,-0.040768127888441086,0.13867305219173431,-0.32024481892585754,-0.03334324434399605,0.15443822741508484,-0.42883482575416565,-0.07069752365350723,0.11669237911701202,-0.32914018630981445,-0.05000493302941322,0.09739383310079575,-0.254353791475296,-0.02198649011552334
K,K_session_001,122,0.0,0.0,0.0,-0.06829728931188583,-0.21937447786331177,-0.020996570587158203,-0.06640652567148209,-0.4626440703868866,-0.020854981616139412,-0.013533107936382294,-0.6368464231491089,-0.027323896065354347,0.021810218691825867,-0.7480190396308899,-0.03083902969956398,-0.06018756330013275,-0.5333465933799744,0.01692274771630764,-0.0707857683300972,-0.7458546757698059,-0.01112543884664774,-0.0751132145524025,-0.8774498105049133,-0.030302293598651886,-0.07230567932128906,-1.0,-0.04333628714084625,0.013828598894178867,-0.5022938847541809,0.0024826889857649803,0.055760063230991364,-0.7156018018722534,-0.04190919175744057,0.08741985261440277,-0.8488349318504333,-0.07305341958999634,0.1294042468070984,-0.9735589623451233,-0.08709932118654251,0.081206314265728,-0.42247676849365234,-0.017218517139554024,0.11672880500555038,-0.5267734527587891,-0.07620247453451157,0.07074462622404099,-0.3797459602355957,-0.06802032887935638,0.049434687942266464,-0.282229483127594,-0.04173626750707626,0.1429455727338791,-0.3201794922351837,-0.03942155838012695,0.1575286090373993,-0.4336881935596466,-0.07620984315872192,0.11918137967586517,-0.3339473307132721,-0.054596781730651855,0.09993912279605865,-0.2588872015476227,-0.026581300422549248
K,K_session_001,123,0.0,0.0,0.0,-0.06927575916051865,-0.2225535809993744,-0.021885938942432404,-0.06826458871364594,-0.46142104268074036,-0.019535236060619354,-0.01809770055115223,-0.6384036540985107,-0.023625202476978302,0.01223216112703085,-0.7583686113357544,-0.02407197840511799,-0.06636674702167511,-0.5307031869888306,0.026420731097459793,-0.07527727633714676,-0.747181236743927,0.0009920521406456828,-0.07831719517707825,-0.8787339925765991,-0.016156580299139023,-0.07496344298124313,-1.0,-0.02703949064016342,0.007916441187262535,-0.5022294521331787,0.013507582247257233,0.047878775745630264,-0.7194223403930664,-0.028994280844926834,0.08016732335090637,-0.8535841703414917,-0.05966056138277054,0.12234940379858017,-0.9806094765663147,-0.07240136712789536,0.07621464133262634,-0.42437973618507385,-0.005546089261770248,0.1132764220237732,-0.5289544463157654,-0.06493769586086273,0.0685778558254242,-0.3810095489025116,-0.058670807629823685,0.04723721370100975,-0.28804925084114075,-0.032607302069664,0.13875755667686462,-0.32346224784851074,-0.02703244984149933,0.15637803077697754,-0.4354446530342102,-0.06429386883974075,0.11800194531679153,-0.33499500155448914,-0.043778158724308014,0.09775681048631668,-0.2643495202064514,-0.01599147357046604
K,K_session_001,124,0.0,0.0,0.0,-0.0687527060508728,-0.22366751730442047,-0.026413895189762115,-0.0675949677824974,-0.4631103277206421,-0.02291911654174328,-0.01667284034192562,-0.6433590650558472,-0.024830415844917297,0.012202140875160694,-0.7704214453697205,-0.023672953248023987,-0.06663443148136139,-0.5345607995986938,0.03195374086499214,-0.0742156133055687,-0.7475706338882446,0.008176249451935291,-0.07721147686243057,-0.878349781036377,-0.009357736445963383,-0.07419280707836151,-1.0,-0.020541338250041008,0.00765735050663352,-0.5047341585159302,0.021302467212080956,0.04679529741406441,-0.7245925068855286,-0.017759719863533974,0.07760907709598541,-0.8565170168876648,-0.048082564026117325,0.11809347569942474,-0.9848223328590393,-0.060625109821558,0.0767362043261528,-0.4237729012966156,0.0032027224078774452,0.115388885140419,-0.5288230180740356,-0.058702897280454636,0.06818147003650665,-0.37492361664772034,-0.05697660148143768,0.04426660016179085,-0.28398069739341736,-0.03308795392513275,0.13911239802837372,-0.31978079676628113,-0.01724494993686676,0.15594454109668732,-0.42946505546569824,-0.05907440930604935,0.11618371307849884,-0.3242797553539276,-0.04159535840153694,0.09494006633758545,-0.25488758087158203,-0.01517664734274149
K,K_session_001,125,0.0,0.0,0.0,-0.06797755509614944,-0.21714988350868225,-0.02542654238641262,-0.06665059179067612,-0.45691370964050293,-0.023661216720938683,-0.01848071627318859,-0.6406370401382446,-0.027622707188129425,0.006399646867066622,-0.7714813351631165,-0.02835709974169731,-0.06477301567792892,-0.5297627449035645,0.02717766724526882,-0.07242582738399506,-0.7434273958206177,0.0001986041315831244,-0.07510939985513687,-0.8756605982780457,-0.018712447956204414,-0.07142654061317444,-1.0,-0.030772365629673004,0.009455636143684387,-0.5010913610458374,0.015167992562055588,0.04710622504353523,-0.7223750352859497,-0.027706658467650414,0.07652205973863602,-0.8564650416374207,-0.05882461741566658,0.11663763970136642,-0.9886932969093323,-0.07180751115083694,0.07836414873600006,-0.42089492082595825,-0.003727631876245141,0.11500336974859238,-0.5312308669090271,-0.06665997207164764,0.06901176273822784,-0.37421566247940063,-0.06105957180261612,0.04759322106838226,-0.27943751215934753,-0.03446948155760765,0.14084281027317047,-0.3180481195449829,-0.025141088292002678,0.15554969012737274,-0.430583119392395,-0.06611180305480957,0.11708631366491318,-0.3246559798717499,-0.046026021242141724,0.09814030677080154,-0.2539476454257965,-0.017846478149294853
K,K_session_001,126,0.0,0.0,0.0,-0.06804706901311874,-0.2177809178829193,-0.02262887731194496,-0.06675654649734497,-0.45059677958488464,-0.020687853917479515,-0.019149910658597946,-0.6350175142288208,-0.025420330464839935,0.0055520255118608475,-0.7696476578712463,-0.026930898427963257,-0.06302832067012787,-0.5254763960838318,0.031510625034570694,-0.07194934785366058,-0.7411762475967407,0.0054664830677211285,-0.074732705950737,-0.8743739724159241,-0.012940061278641224,-0.07069065421819687,-1.0,-0.024637429043650627,0.01175016164779663,-0.4963255524635315,0.01825229451060295,0.04724816605448723,-0.7168080806732178,-0.024810926988720894,0.07485081255435944,-0.8516757488250732,-0.05686447396874428,0.11288541555404663,-0.982324481010437,-0.07040718197822571,0.0811721459031105,-0.4162324070930481,-0.001634639105759561,0.11414259672164917,-0.5275394320487976,-0.0644688606262207,0.06879075616598129,-0.3727789521217346,-0.05963356792926788,0.04829682037234306,-0.27635955810546875,-0.03336062282323837,0.14372879266738892,-0.31396183371543884,-0.023712778463959694,0.15686799585819244,-0.4293770492076874,-0.06387264281511307,0.11842311918735504,-0.3241882622241974,-0.04387037456035614,0.09949172288179398,-0.25218936800956726,-0.015764351934194565
K,K_session_001,127,0.0,0.0,0.0,-0.06656868755817413,-0.21386587619781494,-0.022018231451511383,-0.06678561866283417,-0.44403374195098877,-0.022414855659008026,-0.022545844316482544,-0.6287938356399536,-0.029848340898752213,0.0024442006833851337,-0.7643158435821533,-0.03400518745183945,-0.06167033687233925,-0.5214681625366211,0.025865891948342323,-0.06975888460874557,-0.7378053069114685,-0.003915452864021063,-0.0716450959444046,-0.8736627697944641,-0.02378936856985092,-0.0670083612203598,-1.0,-0.036125000566244125,0.012794396840035915,-0.4941062331199646,0.011328940279781818,0.04591017961502075,-0.7136282920837402,-0.03691886365413666,0.07343213260173798,-0.8529503345489502,-0.07072872668504715,0.11080169677734375,-0.9849676489830017,-0.0849652960896492,0.081932932138443,-0.4168000817298889,-0.009342579171061516,0.1137879267334938,-0.5260078310966492,-0.07445872575044632,0.07074077427387238,-0.3745242655277252,-0.0689944475889206,0.05066899210214615,-0.27912455797195435,-0.04196363687515259,0.1446366161108017,-0.31815722584724426,-0.03214357793331146,0.15746088325977325,-0.42875608801841736,-0.072904072701931,0.12014821916818619,-0.32439523935317993,-0.05280661582946777,0.10021410882472992,-0.25389450788497925,-0.024518195539712906
K,K_session_001,128,0.0,0.0,0.0,-0.06790878623723984,-0.221258744597435,-0.015718333423137665,-0.06727416068315506,-0.4528934359550476,-0.013257017359137535,-0.02227821759879589,-0.6341934204101562,-0.019034679979085922,0.007800471503287554,-0.7621375322341919,-0.022222785279154778,-0.05815649777650833,-0.510246992111206,0.03185364603996277,-0.06789840757846832,-0.7313483357429504,0.003596487222239375,-0.07156162708997726,-0.8701918721199036,-0.015093564987182617,-0.06962943077087402,-1.0,-0.026069996878504753,0.016998710110783577,-0.48655420541763306,0.015894263982772827,0.05220065638422966,-0.7115625739097595,-0.028805293142795563,0.07572001218795776,-0.8523684740066528,-0.059693798422813416,0.1084134578704834,-0.9856329560279846,-0.07176580280065536,0.08595464378595352,-0.41408318281173706,-0.006006586831063032,0.11223745346069336,-0.5183935761451721,-0.06832445412874222,0.06825941056013107,-0.37234267592430115,-0.0650586485862732,0.050730615854263306,-0.27483320236206055,-0.03962186723947525,0.14866411685943604,-0.3210878372192383,-0.029338650405406952,0.15639628469944,-0.42568710446357727,-0.06596232950687408,0.11857467144727707,-0.3258459270000458,-0.046351052820682526,0.1016850396990776,-0.2540986239910126,-0.01916031911969185
K,K_session_001,129,0.0,0.0,0.0,-0.06557176262140274,-0.2203860729932785,-0.01836574636399746,-0.06573645025491714,-0.44542089104652405,-0.018632685765624046,-0.023432308807969093,-0.6263343095779419,-0.0269080251455307,0.005059241782873869,-0.7651641964912415,-0.03232075273990631,-0.05577399954199791,-0.5113673806190491,0.028477830812335014,-0.0657825693488121,-0.7304562926292419,-0.0008736120071262121,-0.0701446607708931,-0.8704804182052612,-0.020049087703227997,-0.06977951526641846,-1.0,-0.030924784019589424,0.01844552904367447,-0.4854001998901367,0.013126310892403126,0.052408136427402496,-0.7071310877799988,-0.030640898272395134,0.07044938206672668,-0.8507815599441528,-0.06156589835882187,0.09994412213563919,-0.991225004196167,-0.07402987033128738,0.08757627010345459,-0.40937021374702454,-0.008359785191714764,0.10840291529893875,-0.5097792148590088,-0.06888794898986816,0.06079578772187233,-0.3756330907344818,-0.06593639403581619,0.043300561606884,-0.2899673879146576,-0.04132609814405441,0.14844940602779388,-0.3124648332595825,-0.03163895383477211,0.1543004810810089,-0.4212208390235901,-0.06639321893453598,0.11280547082424164,-0.3349617123603821,-0.0463641956448555,0.09387152642011642,-0.27012887597084045,-0.019218558445572853
K,K_session_001,130,0.0,0.0,0.0,-0.06696487218141556,-0.21443043649196625,-0.015305616892874241,-0.06729917973279953,-0.43014949560165405,-0.018562251701951027,-0.022593015804886818,-0.6136816740036011,-0.030477721244096756,0.00735261058434844,-0.7545080780982971,-0.03968498855829239,-0.04836405813694,-0.5042904019355774,0.02076617069542408,-0.05817582458257675,-0.7274821996688843,-0.011304769665002823,-0.06259912997484207,-0.8691467046737671,-0.03217516466975212,-0.0629248321056366,-1.0,-0.044833142310380936,0.024780280888080597,-0.4794822633266449,0.003053902415558696,0.05653383582830429,-0.7005552053451538,-0.04419739171862602,0.07313649356365204,-0.8484193682670593,-0.07618280500173569,0.09940440952777863,-0.9852707386016846,-0.0904279574751854,0.09291138499975204,-0.40425270795822144,-0.019437149167060852,0.1079307273030281,-0.509735107421875,-0.07856769114732742,0.05977427586913109,-0.37893348932266235,-0.07144643366336823,0.04063921049237251,-0.28503936529159546,-0.045555051416158676,0.1529226005077362,-0.3062174618244171,-0.04373430460691452,0.15198080241680145,-0.4145776033401489,-0.0770513117313385,0.108823761343956,-0.33176276087760925,-0.05524999648332596,0.08780153840780258,-0.26428064703941345,-0.0275920070707798
K,K_session_001,131,0.0,0.0,0.0,-0.06898283958435059,-0.20973962545394897,-0.015750644728541374,-0.06975699216127396,-0.4330665171146393,-0.017551084980368614,-0.019723428413271904,-0.6112886071205139,-0.02757006697356701,0.01091859582811594,-0.7463493943214417,-0.0353267602622509,-0.04727429896593094,-0.5088958144187927,0.016252396628260612,-0.05819251760840416,-0.7329838275909424,-0.018450215458869934,-0.060695428401231766,-0.8720544576644897,-0.03964805603027344,-0.05983632430434227,-1.0,-0.051584500819444656,0.025680653750896454,-0.482951819896698,-0.0026812523137778044,0.05657300725579262,-0.7119754552841187,-0.04967271164059639,0.07144694775342941,-0.8518953323364258,-0.07867637276649475,0.09744385629892349,-0.987442672252655,-0.08976349979639053,0.09473827481269836,-0.4052591025829315,-0.026695527136325836,0.10630689561367035,-0.5135712623596191,-0.08929946273565292,0.05441874638199806,-0.3766336441040039,-0.0811188668012619,0.03592285141348839,-0.2843664586544037,-0.053108006715774536,0.15447720885276794,-0.299902081489563,-0.05245686694979668,0.15404625236988068,-0.40957438945770264,-0.08908744901418686,0.10607088357210159,-0.3247063159942627,-0.06638992577791214,0.08399202674627304,-0.25858163833618164,-0.037219513207674026
K,K_session_001,132,0.0,0.0,0.0,-0.0715290904045105,-0.2114306539297104,-0.01542478334158659,-0.0721430853009224,-0.43823257088661194,-0.017404500395059586,-0.01583687961101532,-0.613881528377533,-0.028022561222314835,0.0214444138109684,-0.7489629983901978,-0.03677153214812279,-0.04322313889861107,-0.5090619921684265,0.020474961027503014,-0.0555090568959713,-0.7295680642127991,-0.014012787491083145,-0.06018698960542679,-0.8705084919929504,-0.035908836871385574,-0.060266125947237015,-1.0,-0.04851187765598297,0.029695389792323112,-0.4819971024990082,0.001454089884646237,0.05855696275830269,-0.7083932161331177,-0.04374843090772629,0.06876984238624573,-0.8476381301879883,-0.07221037894487381,0.09392686188220978,-0.98541259765625,-0.08301082998514175,0.0980510413646698,-0.40377992391586304,-0.02332320809364319,0.10222198814153671,-0.5160738825798035,-0.08379020541906357,0.048783157020807266,-0.37767869234085083,-0.07479161769151688,0.0344279520213604,-0.28770822286605835,-0.04657677561044693,0.15840564668178558,-0.30029308795928955,-0.050023648887872696,0.15094715356826782,-0.4183569848537445,-0.08367343246936798,0.10222946852445602,-0.33022382855415344,-0.05935223773121834,0.08519845455884933,-0.26287466287612915,-0.02962128259241581
K,K_session_001,133,0.0,0.0,0.0,-0.06929375976324081,-0.2137463390827179,-0.00982018280774355,-0.06855140626430511,-0.44000163674354553,-0.011271774768829346,-0.011145745404064655,-0.6106558442115784,-0.022719189524650574,0.022282319143414497,-0.7445124387741089,-0.032217249274253845,-0.030929414555430412,-0.505974292755127,0.019190309569239616,-0.044606566429138184,-0.7277990579605103,-0.019157636910676956,-0.050741348415613174,-0.8701290488243103,-0.044305793941020966,-0.05379348620772362,-1.0,-0.059273652732372284,0.039183810353279114,-0.47738009691238403,-0.0034462008625268936,0.06604620814323425,-0.7096423506736755,-0.052675530314445496,0.07470322400331497,-0.8509177565574646,-0.08244377374649048,0.09792330861091614,-0.9901360273361206,-0.09439904242753983,0.10642028599977493,-0.3994300663471222,-0.031198319047689438,0.10640044510364532,-0.5291191339492798,-0.092764712870121,0.05224083736538887,-0.3837246596813202,-0.07945246994495392,0.03760196268558502,-0.28590860962867737,-0.04844272881746292,0.16710157692432404,-0.2951217293739319,-0.06072873994708061,0.15806253254413605,-0.4246552288532257,-0.09381663054227829,0.10613689571619034,-0.33692923188209534,-0.0665179118514061,0.08749184012413025,-0.2662847936153412,-0.03494446352124214
K,K_session_001,134,0.0,0.0,0.0,-0.06843841820955276,-0.2185487002134323,-0.01259543839842081,-0.0656740739941597,-0.4420205354690552,-0.013681352138519287,-0.006673783529549837,-0.6173714399337769,-0.023959960788488388,0.02121892012655735,-0.761023998260498,-0.031711146235466,-0.027624890208244324,-0.5031518936157227,0.02022268995642662,-0.039418987929821014,-0.7293853163719177,-0.017447929829359055,-0.04513096809387207,-0.8702071905136108,-0.04094124957919121,-0.04786626249551773,-1.0,-0.05436093360185623,0.04291911795735359,-0.4743982255458832,-0.0009936130372807384,0.0703011229634285,-0.7120956778526306,-0.05188550427556038,0.07760573923587799,-0.8567346334457397,-0.08261930197477341,0.09918861091136932,-0.9985529780387878,-0.09453979134559631,0.10911382734775543,-0.3959468901157379,-0.027641069144010544,0.11215217411518097,-0.5268928408622742,-0.0931524708867073,0.054192207753658295,-0.3833148777484894,-0.0815509557723999,0.0354471430182457,-0.2873143255710602,-0.050373852252960205,0.16855135560035706,-0.29026439785957336,-0.05599424988031387,0.162196546792984,-0.419348806142807,-0.09307829290628433,0.10813122242689133,-0.3331509232521057,-0.06765441596508026,0.0861126109957695,-0.264400839805603,-0.0364261120557785
K,K_session_001,135,0.0,0.0,0.0,-0.0735892727971077,-0.21885108947753906,-0.014323411509394646,-0.06934189796447754,-0.4445970356464386,-0.013580229133367538,-0.00792083702981472,-0.6228528618812561,-0.021131323650479317,0.020442325621843338,-0.7657557129859924,-0.02564915083348751,-0.03161533921957016,-0.5029639005661011,0.021336738020181656,-0.04309798404574394,-0.729806125164032,-0.014871365390717983,-0.04986964911222458,-0.8702847957611084,-0.03751534968614578,-0.053303372114896774,-1.0,-0.05063216760754585,0.03868548944592476,-0.47204452753067017,0.0025637433864176273,0.06572983413934708,-0.711995542049408,-0.04830119013786316,0.07267379015684128,-0.8553465008735657,-0.07961959391832352,0.09515564888715744,-0.9991162419319153,-0.09210120886564255,0.10444460809230804,-0.3940807282924652,-0.02174498699605465,0.11167628318071365,-0.5262773633003235,-0.08753388375043869,0.05259626358747482,-0.3866076171398163,-0.07700362056493759,0.032370809465646744,-0.2956082820892334,-0.04673207551240921,0.16514910757541656,-0.2892310917377472,-0.047881633043289185,0.15975387394428253,-0.41701143980026245,-0.08574482798576355,0.10396835207939148,-0.33217111229896545,-0.06178964301943779,0.0797106921672821,-0.2662138342857361,-0.031696617603302
K,K_session_001,136,0.0,0.0,0.0,-0.07058701664209366,-0.21313416957855225,-0.013293431140482426,-0.06568670272827148,-0.4417613744735718,-0.01435212790966034,-0.0040797283872962,-0.6130949258804321,-0.024649634957313538,0.030104197561740875,-0.751664400100708,-0.032552555203437805,-0.021241487935185432,-0.5053730607032776,0.020436685532331467,-0.03352179750800133,-0.7283827662467957,-0.017600907012820244,-0.04101346805691719,-0.8703171610832214,-0.04208551347255707,-0.04445521533489227,-1.0,-0.05649331957101822,0.04786809906363487,-0.47388553619384766,-0.0006745181744918227,0.07394595444202423,-0.7103474140167236,-0.052405402064323425,0.07939634472131729,-0.8536307215690613,-0.08414233475923538,0.10149312764406204,-0.9955939054489136,-0.096722312271595,0.1131056472659111,-0.39428508281707764,-0.02727404423058033,0.11252029985189438,-0.5278069376945496,-0.09391558915376663,0.054860811680555344,-0.3804175555706024,-0.08184735476970673,0.03876902163028717,-0.28439992666244507,-0.050152745097875595,0.17287960648536682,-0.28894633054733276,-0.055717889219522476,0.16193486750125885,-0.41751164197921753,-0.0939905047416687,0.10665056109428406,-0.3263035714626312,-0.0682481899857521,0.08552244305610657,-0.25626832246780396,-0.036602217704057693
K,K_session_001,137,0.0,0.0,0.0,-0.07217951118946075,-0.21868163347244263,-0.010761917568743229,-0.06843280047178268,-0.4457889199256897,-0.01059428509324789,-0.006583055015653372,-0.6194057464599609,-0.020237307995557785,0.027045080438256264,-0.7578139901161194,-0.02734024077653885,-0.02554013393819332,-0.5036951899528503,0.02345138043165207,-0.03750557079911232,-0.7277526259422302,-0.013362095691263676,-0.045793525874614716,-0.8707261085510254,-0.036610621958971024,-0.05003238841891289,-1.0,-0.05009734630584717,0.04362703114748001,-0.47208172082901,0.0018230490386486053,0.06957348436117172,-0.7095704674720764,-0.050430506467819214,0.07536143809556961,-0.8565247654914856,-0.0826273262500763,0.09660215675830841,-0.998360812664032,-0.09548600763082504,0.10936778783798218,-0.39338499307632446,-0.024880724027752876,0.1127891018986702,-0.5308457612991333,-0.09133715182542801,0.05493016168475151,-0.3928528428077698,-0.08070137351751328,0.03476335480809212,-0.2950800061225891,-0.050079502165317535,0.17051373422145844,-0.2878169119358063,-0.053166668862104416,0.16304388642311096,-0.41844505071640015,-0.09132952988147736,0.10784794390201569,-0.33710721135139465,-0.06715097278356552,0.08185753226280212,-0.26864421367645264,-0.0366244837641716
K,K_session_001,138,0.0,0.0,0.0,-0.069036565721035,-0.2138950675725937,-0.01176037359982729,-0.06357729434967041,-0.4378342926502228,-0.012529442086815834,-0.0028893668204545975,-0.6127926707267761,-0.022932380437850952,0.027806976810097694,-0.7589740753173828,-0.030706046149134636,-0.022296082228422165,-0.49737903475761414,0.02399422973394394,-0.03279734402894974,-0.7263944745063782,-0.012806280516088009,-0.03886168450117111,-0.8699283599853516,-0.03555881604552269,-0.041379593312740326,-1.0,-0.04828280583024025,0.04575479403138161,-0.4669533371925354,0.003064910415560007,0.07195436209440231,-0.7058801054954529,-0.04838404431939125,0.07714018225669861,-0.8537007570266724,-0.07965973019599915,0.09729037433862686,-0.9973375797271729,-0.09171199798583984,0.11032544821500778,-0.38912877440452576,-0.023312533274292946,0.1096472442150116,-0.527418315410614,-0.08941800147294998,0.05297521874308586,-0.38268959522247314,-0.07781744748353958,0.035606469959020615,-0.2846628725528717,-0.04632358253002167,0.17015749216079712,-0.28540652990341187,-0.05132954940199852,0.1593693047761917,-0.41855961084365845,-0.08965948224067688,0.10516562312841415,-0.328843355178833,-0.06494513154029846,0.08372785896062851,-0.2570376992225647,-0.03387543931603432
K,K_session_001,139,0.0,0.0,0.0,-0.0692022442817688,-0.2177117019891739,-0.011265876702964306,-0.06217261403799057,-0.445986270904541,-0.01108256820589304,0.0014550132909789681,-0.620725691318512,-0.02069026418030262,0.03476100042462349,-0.7640650868415833,-0.027778496965765953,-0.02053193747997284,-0.499510258436203,0.02472379431128502,-0.030119074508547783,-0.7276429533958435,-0.01126886997371912,-0.03633115068078041,-0.8704050779342651,-0.0335959754884243,-0.03911649435758591,-1.0,-0.046388834714889526,0.047907229512929916,-0.4688009023666382,0.0033663895446807146,0.07234197854995728,-0.7069949507713318,-0.04667536914348602,0.0775608941912651,-0.8545613884925842,-0.07690832763910294,0.09778767824172974,-0.9966927170753479,-0.08875243365764618,0.11228613555431366,-0.39136600494384766,-0.023680731654167175,0.11081539839506149,-0.5295811891555786,-0.08930875360965729,0.053357724100351334,-0.38467034697532654,-0.07748736441135406,0.034017205238342285,-0.2832646071910858,-0.04617218300700188,0.17234325408935547,-0.2881162166595459,-0.05247098207473755,0.16122227907180786,-0.42243123054504395,-0.09141257405281067,0.10590706765651703,-0.3336404263973236,-0.06733522564172745,0.08222416043281555,-0.25915205478668213,-0.036839935928583145
K,K_session_001,140,0.0,0.0,0.0,-0.07076572626829147,-0.20970188081264496,-0.01153712160885334,-0.06448661535978317,-0.4385186731815338,-0.011053076013922691,-0.0037960808258503675,-0.6127327680587769,-0.020070970058441162,0.02628456987440586,-0.755393385887146,-0.026702379807829857,-0.01906687766313553,-0.4982942044734955,0.02275528572499752,-0.029198480769991875,-0.727213442325592,-0.014017048291862011,-0.03609162196516991,-0.870901346206665,-0.037226226180791855,-0.039285920560359955,-1.0,-0.05093255639076233,0.04782557114958763,-0.465974897146225,0.0013018033932894468,0.07137159258127213,-0.7048808336257935,-0.05048143118619919,0.0754731073975563,-0.8520168662071228,-0.08262774348258972,0.09508907049894333,-0.9929429292678833,-0.0958259329199791,0.11110694706439972,-0.388896107673645,-0.02549237199127674,0.10904403030872345,-0.5310720205307007,-0.0923212319612503,0.05265969783067703,-0.38746652007102966,-0.08085916191339493,0.034604884684085846,-0.2890857458114624,-0.05003815516829491,0.170437291264534,-0.2870215177536011,-0.053991351276636124,0.15596331655979156,-0.4215691089630127,-0.09498854726552963,0.10230713337659836,-0.32831525802612305,-0.0715557411313057,0.08176446706056595,-0.25324109196662903,-0.041348204016685486
K,K_session_001,141,0.0,0.0,0.0,-0.07048837840557098,-0.21153409779071808,-0.010777371004223824,-0.06436516344547272,-0.44245070219039917,-0.010325036942958832,-0.0013503492809832096,-0.617539644241333,-0.019885648041963577,0.03365335986018181,-0.7573257088661194,-0.027102986350655556,-0.02074066549539566,-0.498719722032547,0.02283954806625843,-0.03136857971549034,-0.7262877821922302,-0.014063275419175625,-0.037959013134241104,-0.8704285621643066,-0.03691067174077034,-0.04077010601758957,-1.0,-0.050339650362730026,0.04718621447682381,-0.46663376688957214,0.0005694492137990892,0.07037464529275894,-0.7048286199569702,-0.051756229251623154,0.07518189400434494,-0.8535205721855164,-0.08332029730081558,0.09472237527370453,-0.9954218864440918,-0.09595239162445068,0.1114329919219017,-0.38942450284957886,-0.027053313329815865,0.10926288366317749,-0.5298730731010437,-0.09470371901988983,0.052599504590034485,-0.38440796732902527,-0.08249753713607788,0.03302594646811485,-0.2821274697780609,-0.05064421519637108,0.17103569209575653,-0.28670984506607056,-0.05637553334236145,0.15796838700771332,-0.4216301143169403,-0.09703926742076874,0.1039213314652443,-0.3298320174217224,-0.07281024008989334,0.0808434784412384,-0.25291359424591064,-0.04193113371729851
K,K_session_001,142,0.0,0.0,0.0,-0.07215170562267303,-0.20758141577243805,-0.01375401858240366,-0.06668718159198761,-0.43652015924453735,-0.014957034960389137,-0.006250536069273949,-0.6123092770576477,-0.025633687153458595,0.026067791506648064,-0.7574744820594788,-0.03384917974472046,-0.0229913592338562,-0.5012142062187195,0.0216977521777153,-0.033678844571113586,-0.727007269859314,-0.016424885019659996,-0.040035590529441833,-0.8699641823768616,-0.04062866047024727,-0.04299077391624451,-1.0,-0.05494505539536476,0.04616060480475426,-0.46856775879859924,0.0008214936824515462,0.07060866802930832,-0.7020946145057678,-0.053079672157764435,0.07371257990598679,-0.8494256138801575,-0.08629755675792694,0.09128323197364807,-0.9927404522895813,-0.0999554693698883,0.11060990393161774,-0.3912048041820526,-0.025600675493478775,0.10689155757427216,-0.529147744178772,-0.09433890134096146,0.051172807812690735,-0.38252532482147217,-0.08286044001579285,0.033391404896974564,-0.282309889793396,-0.05137992277741432,0.17011180520057678,-0.2898368239402771,-0.053886692970991135,0.1551893949508667,-0.4197971522808075,-0.09514551609754562,0.10166656225919724,-0.32547369599342346,-0.07121367752552032,0.08001919090747833,-0.2500344514846802,-0.04043653607368469
K,K_session_001,143,0.0,0.0,0.0,-0.0695352703332901,-0.20663490891456604,-0.014988822862505913,-0.0639394223690033,-0.43320584297180176,-0.017214225605130196,-0.004869635682553053,-0.6105087399482727,-0.028595849871635437,0.026350336149334908,-0.7575176358222961,-0.037371549755334854,-0.02278732880949974,-0.4984835088253021,0.018347105011343956,-0.033480629324913025,-0.7241746187210083,-0.021194079890847206,-0.03931061550974846,-0.8684793710708618,-0.04596441239118576,-0.04152849689126015,-1.0,-0.06053987890481949,0.046710193157196045,-0.4665566682815552,-0.002054414479061961,0.07255524396896362,-0.7010839581489563,-0.057680971920490265,0.07742171734571457,-0.8481817245483398,-0.09118721634149551,0.09770384430885315,-0.9928864240646362,-0.10486722737550735,0.11174461245536804,-0.3886741101741791,-0.027878394350409508,0.11125494539737701,-0.5255211591720581,-0.09804631769657135,0.053638894110918045,-0.3763517141342163,-0.08568248152732849,0.035003911703825,-0.2759670913219452,-0.05317997559905052,0.17138829827308655,-0.2860660254955292,-0.05566250532865524,0.1604413390159607,-0.4156849980354309,-0.09851823002099991,0.1065601259469986,-0.3215787708759308,-0.074570432305336,0.08414027094841003,-0.24721048772335052,-0.043345287442207336
K,K_session_001,144,0.0,0.0,0.0,-0.06716752797365189,-0.20859377086162567,-0.014680077321827412,-0.061983875930309296,-0.4332749843597412,-0.016293490305542946,-0.005943626631051302,-0.6080566048622131,-0.027270566672086716,0.02422812208533287,-0.7555238008499146,-0.035513851791620255,-0.02267487533390522,-0.5013906359672546,0.023812249302864075,-0.0338117778301239,-0.7246088981628418,-0.014158991165459156,-0.039926525205373764,-0.8678358197212219,-0.038398828357458115,-0.04259457066655159,-1.0,-0.052625760436058044,0.04721897467970848,-0.4694640040397644,0.003727695904672146,0.07474876195192337,-0.7008602619171143,-0.05029968172311783,0.07931766659021378,-0.8470345139503479,-0.0836479663848877,0.09775996953248978,-0.9906050562858582,-0.09688985347747803,0.11218669265508652,-0.3911070227622986,-0.022167831659317017,0.1096307560801506,-0.5244930386543274,-0.09113968163728714,0.055248457938432693,-0.3771531581878662,-0.0803615003824234,0.03939317539334297,-0.27857252955436707,-0.04869630187749863,0.17064376175403595,-0.28980451822280884,-0.04989942908287048,0.15853247046470642,-0.4159981608390808,-0.09010174125432968,0.106145940721035,-0.3225789964199066,-0.06602495908737183,0.08549568802118301,-0.2508140802383423,-0.03501797094941139
K,K_session_001,145,0.0,0.0,0.0,-0.06255743652582169,-0.21658028662204742,-0.012210932560265064,-0.059277910739183426,-0.43380290269851685,-0.016375403851270676,-0.006040425971150398,-0.6046884655952454,-0.03066018410027027,0.028534648939967155,-0.7442376613616943,-0.04223278537392616,-0.025251219049096107,-0.5055355429649353,0.01981991156935692,-0.036508750170469284,-0.7249792814254761,-0.019959544762969017,-0.04224056750535965,-0.8685789108276367,-0.044780436903238297,-0.044585343450307846,-1.0,-0.059074364602565765,0.044959429651498795,-0.47252157330513,-0.002631034702062607,0.07683034241199493,-0.7001968026161194,-0.05944368243217468,0.08635732531547546,-0.8461988568305969,-0.09356918185949326,0.10826317220926285,-0.9850520491600037,-0.10689006000757217,0.1111488938331604,-0.3921678364276886,-0.029869968071579933,0.11541004478931427,-0.5199636220932007,-0.09940092265605927,0.06311233341693878,-0.37534087896347046,-0.08698934316635132,0.04584599658846855,-0.27279576659202576,-0.053679391741752625,0.1697368621826172,-0.2861063778400421,-0.0586443729698658,0.16335080564022064,-0.41238704323768616,-0.09683267027139664,0.11458486318588257,-0.32270127534866333,-0.06968072801828384,0.0925876796245575,-0.24861694872379303,-0.036202508956193924
K,K_session_001,146,0.0,0.0,0.0,-0.06041711941361427,-0.22035755217075348,-0.013441400602459908,-0.05651330575346947,-0.4337872862815857,-0.017538614571094513,-0.005986880976706743,-0.606563925743103,-0.03105422854423523,0.028138451278209686,-0.7418026924133301,-0.04154619202017784,-0.02938087098300457,-0.5087448358535767,0.018677525222301483,-0.03963717073202133,-0.7269816994667053,-0.0196961909532547,-0.04488985985517502,-0.8703234195709229,-0.04456726461648941,-0.046939555555582047,-1.0,-0.05964485555887222,0.04184030368924141,-0.47659221291542053,-0.0023236179258674383,0.07334674894809723,-0.6983657479286194,-0.057160601019859314,0.08803429454565048,-0.8405269384384155,-0.09124618768692017,0.11466856300830841,-0.9740409851074219,-0.1055205687880516,0.10919699817895889,-0.39445942640304565,-0.027913345023989677,0.11896184831857681,-0.5186994671821594,-0.0943634957075119,0.06499863415956497,-0.378574937582016,-0.08166872709989548,0.04394108057022095,-0.27677297592163086,-0.04952280968427658,0.1681876927614212,-0.2861405313014984,-0.055329013615846634,0.16508349776268005,-0.4052739143371582,-0.09333108365535736,0.11856641620397568,-0.3213065564632416,-0.06758395582437515,0.09647245705127716,-0.25071612000465393,-0.035321060568094254
K,K_session_001,147,0.0,0.0,0.0,-0.0663265511393547,-0.21645212173461914,-0.01380996499210596,-0.06408390402793884,-0.4392631947994232,-0.016383927315473557,-0.01256613340228796,-0.6123947501182556,-0.02816060744225979,0.02234545536339283,-0.7476718425750732,-0.03741252049803734,-0.037271346896886826,-0.505786657333374,0.01832416094839573,-0.04815774783492088,-0.7256297469139099,-0.017619561403989792,-0.05347127839922905,-0.8689916729927063,-0.03931456059217453,-0.055256132036447525,-1.0,-0.051760777831077576,0.035059623420238495,-0.4768470823764801,-0.0019226399017497897,0.06912141293287277,-0.6996846199035645,-0.052877988666296005,0.08357752859592438,-0.843157172203064,-0.0832405537366867,0.11090933531522751,-0.9777551889419556,-0.09471051394939423,0.10165581852197647,-0.3974516689777374,-0.027073614299297333,0.11195889115333557,-0.511445939540863,-0.09106099605560303,0.06090958043932915,-0.3686782717704773,-0.0785994604229927,0.0452558808028698,-0.2686549723148346,-0.0466981865465641,0.16121959686279297,-0.2916813790798187,-0.054042063653469086,0.1594429761171341,-0.40721261501312256,-0.0894351676106453,0.11315741389989853,-0.3175828754901886,-0.06296556442975998,0.09323767572641373,-0.24631813168525696,-0.030722422525286674
K,K_session_001,148,0.0,0.0,0.0,-0.06571365147829056,-0.22123600542545319,-0.014751344919204712,-0.062337443232536316,-0.4484560787677765,-0.016224132850766182,-0.013472301885485649,-0.6259576678276062,-0.02650371566414833,0.012542949989438057,-0.761389970779419,-0.03408029302954674,-0.048399243503808975,-0.5082665681838989,0.01790664903819561,-0.057071685791015625,-0.7283271551132202,-0.017272572964429855,-0.05920744314789772,-0.8689272403717041,-0.03943221643567085,-0.05759099870920181,-1.0,-0.05277088284492493,0.0253753699362278,-0.4800967276096344,-0.0015029580099508166,0.059550706297159195,-0.7007367014884949,-0.051398564130067825,0.08119945228099823,-0.8430730104446411,-0.08190927654504776,0.11336937546730042,-0.9795903563499451,-0.09410756081342697,0.09260145574808121,-0.3998900055885315,-0.025924524292349815,0.11388436704874039,-0.5100575089454651,-0.0885319784283638,0.06562638282775879,-0.3669293522834778,-0.07628463953733444,0.04637840762734413,-0.2685074508190155,-0.04535996541380882,0.15196537971496582,-0.29295650124549866,-0.052458107471466064,0.1617351472377777,-0.40845054388046265,-0.0892106294631958,0.11696377396583557,-0.3176056444644928,-0.06439506262540817,0.09262947738170624,-0.24596358835697174,-0.03346211835741997
K,K_session_001,149,0.0,0.0,0.0,-0.06748804450035095,-0.2236635386943817,-0.015938980504870415,-0.06475400924682617,-0.4541832208633423,-0.017264358699321747,-0.017275243997573853,-0.6295886039733887,-0.02631884254515171,0.00584746478125453,-0.7586143016815186,-0.03260599076747894,-0.057837195694446564,-0.5147657990455627,0.009949134662747383,-0.06412415951490402,-0.7362527847290039,-0.022998031228780746,-0.0643007829785347,-0.8740072250366211,-0.04351659491658211,-0.060167353600263596,-1.0,-0.056568413972854614,0.015863236039876938,-0.48471641540527344,-0.00900228414684534,0.051066573709249496,-0.7009824514389038,-0.05676699057221413,0.0781913623213768,-0.840916097164154,-0.08662799000740051,0.1157042607665062,-0.970069408416748,-0.09947339445352554,0.08436033874750137,-0.40160948038101196,-0.032211463898420334,0.11145173013210297,-0.5109182596206665,-0.09105000644922256,0.06561297923326492,-0.3735147714614868,-0.07798023521900177,0.04481931030750275,-0.27715617418289185,-0.04866247624158859,0.1444288045167923,-0.289712131023407,-0.05777817219495773,0.1578761786222458,-0.40764912962913513,-0.0939415767788887,0.11672148108482361,-0.32156068086624146,-0.06964157521724701,0.09355238825082779,-0.2510640025138855,-0.03979739546775818
K,K_session_001,150,0.0,0.0,0.0,-0.0607113242149353,-0.23434635996818542,-0.015247252769768238,-0.059208184480667114,-0.4641740322113037,-0.012244991026818752,-0.01728498935699463,-0.6353883743286133,-0.017150182276964188,0.0017609582282602787,-0.7637124061584473,-0.018746893852949142,-0.0638643205165863,-0.5302808284759521,0.027334017679095268,-0.06706664711236954,-0.7476430535316467,0.0016805593622848392,-0.06565383821725845,-0.8802008628845215,-0.01600675843656063,-0.060582228004932404,-1.0,-0.027014076709747314,0.009909702464938164,-0.5005708336830139,0.010464631952345371,0.04803869500756264,-0.7175832390785217,-0.02979215234518051,0.07915130257606506,-0.8581998348236084,-0.06054249405860901,0.11746355146169662,-0.9857643246650696,-0.07434795051813126,0.07928967475891113,-0.41950681805610657,-0.011607847176492214,0.10804370790719986,-0.5249592065811157,-0.06716601550579071,0.06766000390052795,-0.39396217465400696,-0.06306140124797821,0.047247059643268585,-0.2977924346923828,-0.04016454145312309,0.13992458581924438,-0.31320720911026,-0.03555554524064064,0.15033063292503357,-0.4293864965438843,-0.07073931396007538,0.1134653240442276,-0.34540247917175293,-0.05154656618833542,0.09256437420845032,-0.2722976505756378,-0.025431549176573753
K,K_session_001,151,0.0,0.0,0.0,-0.05714602395892143,-0.23206128180027008,-0.013110026717185974,-0.05933982506394386,-0.4566696882247925,-0.01135978288948536,-0.023723194375634193,-0.6327111124992371,-0.01743060164153576,-0.004450919106602669,-0.7649660706520081,-0.02018681913614273,-0.06396449357271194,-0.5270469188690186,0.026647135615348816,-0.06483815610408783,-0.745493471622467,0.0017490263562649488,-0.06402071565389633,-0.8793054819107056,-0.01668391190469265,-0.05973226577043533,-1.0,-0.02845699153840542,0.007847328670322895,-0.49826493859291077,0.009456546977162361,0.04838300496339798,-0.7196077704429626,-0.029300644993782043,0.07887827605009079,-0.8650342226028442,-0.060870010405778885,0.11695542931556702,-0.9960132241249084,-0.07625357061624527,0.07595126330852509,-0.4204639196395874,-0.012290517799556255,0.10833068192005157,-0.5273271203041077,-0.06384966522455215,0.06768566370010376,-0.40479546785354614,-0.060231007635593414,0.04594922438263893,-0.31303057074546814,-0.03934844210743904,0.13679207861423492,-0.3217746615409851,-0.0357733815908432,0.14686031639575958,-0.44011572003364563,-0.06691521406173706,0.11061636358499527,-0.3605167865753174,-0.04736896976828575,0.0903237834572792,-0.2902871072292328,-0.022230977192521095
K,K_session_001,152,0.0,0.0,0.0,-0.057537972927093506,-0.23107782006263733,-0.013391917571425438,-0.06048155575990677,-0.45506933331489563,-0.011155283078551292,-0.0271969772875309,-0.6369726657867432,-0.01653178595006466,-0.013148926198482513,-0.7731086015701294,-0.01822897046804428,-0.07257542759180069,-0.5265988111495972,0.028117850422859192,-0.07388635724782944,-0.7432120442390442,0.002285093069076538,-0.07235255837440491,-0.8775473237037659,-0.017177045345306396,-0.067490354180336,-0.9984048008918762,-0.029491815716028214,-0.0007769314106553793,-0.5033867955207825,0.011696483008563519,0.04047083109617233,-0.7249588966369629,-0.028136642649769783,0.07409007847309113,-0.869577944278717,-0.05980737879872322,0.11295579373836517,-1.0,-0.07502275705337524,0.06801851838827133,-0.43146100640296936,-0.009541464038193226,0.10288432240486145,-0.534216582775116,-0.06203009560704231,0.06696510314941406,-0.4101119935512543,-0.058194663375616074,0.04621027410030365,-0.3170153796672821,-0.036916542798280716,0.12909609079360962,-0.33791282773017883,-0.03265685588121414,0.14158444106578827,-0.451931893825531,-0.06414540857076645,0.10952690243721008,-0.3686220347881317,-0.04462098702788353,0.09132646024227142,-0.29645732045173645,-0.019357111304998398
K,K_session_001,153,0.0,0.0,0.0,-0.06368553638458252,-0.2276402711868286,-0.020333902910351753,-0.06766381859779358,-0.45872288942337036,-0.01700684055685997,-0.030120575800538063,-0.6373670697212219,-0.020337622612714767,-0.01897522434592247,-0.7700909972190857,-0.02017320692539215,-0.07931148260831833,-0.5413758754730225,0.03396077826619148,-0.08043375611305237,-0.7521534562110901,0.011457045562565327,-0.07832439243793488,-0.8801088333129883,-0.006890759337693453,-0.07135843485593796,-1.0,-0.01865534484386444,-0.00480728829279542,-0.5107066631317139,0.021503271535038948,0.03831610828638077,-0.7250947952270508,-0.01608244702219963,0.0716782957315445,-0.8679862022399902,-0.0482182614505291,0.1106065958738327,-0.9974932074546814,-0.06360936909914017,0.06495979428291321,-0.4341510832309723,0.0026278735604137182,0.10340388119220734,-0.5333641171455383,-0.054972123354673386,0.06267019361257553,-0.4003724455833435,-0.05765213444828987,0.039483439177274704,-0.2978232502937317,-0.03877298906445503,0.12567003071308136,-0.33989399671554565,-0.018144289031624794,0.13727743923664093,-0.45029762387275696,-0.05735394358634949,0.10538600385189056,-0.3585986793041229,-0.0432678647339344,0.08900140970945358,-0.278433620929718,-0.02025972492992878
K,K_session_001,154,0.0,0.0,0.0,-0.061438485980033875,-0.22418658435344696,-0.030257780104875565,-0.06737696379423141,-0.4563351273536682,-0.024797286838293076,-0.03148670867085457,-0.6376001834869385,-0.023239903151988983,-0.02222154103219509,-0.7799131870269775,-0.0177267175167799,-0.08767209202051163,-0.5403308272361755,0.038563236594200134,-0.08905347436666489,-0.7490490674972534,0.018971281126141548,-0.08353839814662933,-0.878158450126648,0.001698770560324192,-0.07559352368116379,-1.0,-0.009214982390403748,-0.013235218822956085,-0.5101356506347656,0.03230435401201248,0.03310217335820198,-0.7316939234733582,-0.0015993349952623248,0.07168107479810715,-0.8658531308174133,-0.032143011689186096,0.10993931442499161,-0.990423858165741,-0.04552009701728821,0.05601055175065994,-0.43373382091522217,0.017454294487833977,0.10328812897205353,-0.5243609547615051,-0.04203947260975838,0.06755857914686203,-0.3953847885131836,-0.051634158939123154,0.04112354665994644,-0.31264954805374146,-0.03670540079474449,0.11592548340559006,-0.3423224687576294,0.0003701781970448792,0.1424797624349594,-0.44444331526756287,-0.0409369133412838,0.11176959425210953,-0.3498285412788391,-0.031816355884075165,0.08902448415756226,-0.28112173080444336,-0.012602600269019604
K,K_session_001,155,0.0,0.0,0.0,-0.06149042025208473,-0.2281307876110077,-0.03407430276274681,-0.06991913914680481,-0.467183381319046,-0.02877141162753105,-0.03683599457144737,-0.6426276564598083,-0.02617012709379196,-0.031044533476233482,-0.7834214568138123,-0.01931505836546421,-0.09794900566339493,-0.5501666069030762,0.03720642253756523,-0.09644638746976852,-0.7568005323410034,0.01722714863717556,-0.0894613265991211,-0.8827608823776245,-0.0005352065782062709,-0.08261378109455109,-1.0,-0.01130471657961607,-0.02324661985039711,-0.5184690952301025,0.03307686373591423,0.024901719763875008,-0.7392677068710327,9.492044046055526e-05,0.06872757524251938,-0.8702656626701355,-0.029198165982961655,0.10809788107872009,-0.993309736251831,-0.04105013981461525,0.047600891441106796,-0.4421846270561218,0.01965606026351452,0.09576161205768585,-0.5200835466384888,-0.03853190317749977,0.06617294251918793,-0.388779878616333,-0.047607406973838806,0.04017096385359764,-0.31249484419822693,-0.03245502710342407,0.10754600167274475,-0.35143396258354187,0.0035050748847424984,0.1364084929227829,-0.4454611837863922,-0.036569744348526,0.10885252058506012,-0.34763583540916443,-0.026471415534615517,0.08606260269880295,-0.2846546173095703,-0.00671363715082407
K,K_session_001,156,0.0,0.0,0.0,-0.05974242091178894,-0.22237224876880646,-0.035041917115449905,-0.06939297914505005,-0.45772141218185425,-0.03269946947693825,-0.03718865290284157,-0.6347724795341492,-0.032636404037475586,-0.03127489611506462,-0.7768492102622986,-0.028092212975025177,-0.10084876418113708,-0.5522642731666565,0.02899186499416828,-0.09617863595485687,-0.7606602311134338,0.007257149554789066,-0.08992458134889603,-0.8839607238769531,-0.010815192013978958,-0.0832219198346138,-1.0,-0.02232726849615574,-0.02571643702685833,-0.5214109420776367,0.025022275745868683,0.022815195843577385,-0.7331295013427734,-0.01094527542591095,0.06544936448335648,-0.8645753860473633,-0.041297148913145065,0.10548778623342514,-0.9887713193893433,-0.05486365780234337,0.04521918296813965,-0.4463232457637787,0.012264123186469078,0.09755853563547134,-0.5169304013252258,-0.047201383858919144,0.06527310609817505,-0.3840102553367615,-0.05692499503493309,0.03806031867861748,-0.3055678904056549,-0.04334522411227226,0.10450003296136856,-0.35706037282943726,-0.003343676682561636,0.133522629737854,-0.431825190782547,-0.04702292010188103,0.10312439501285553,-0.33599165081977844,-0.04147160425782204,0.07837405055761337,-0.2786659598350525,-0.025263456627726555
K,K_session_001,157,0.0,0.0,0.0,-0.06097443401813507,-0.221474751830101,-0.039425309747457504,-0.06945051997900009,-0.4527398645877838,-0.03766820579767227,-0.035781919956207275,-0.6340552568435669,-0.03708382323384285,-0.03182069957256317,-0.781309962272644,-0.03203447535634041,-0.09881643950939178,-0.5498395562171936,0.028287028893828392,-0.09359157085418701,-0.7591865658760071,0.007330980617552996,-0.08708301931619644,-0.8824647068977356,-0.010073774494230747,-0.07883766293525696,-1.0,-0.021142514422535896,-0.02177010476589203,-0.5199863910675049,0.02710135467350483,0.028856972232460976,-0.7297471761703491,-0.008409333415329456,0.07170794904232025,-0.8608027696609497,-0.03955478593707085,0.11309663951396942,-0.9847128391265869,-0.053570471704006195,0.04988517239689827,-0.4439683258533478,0.016833052039146423,0.09980075806379318,-0.5127360820770264,-0.043530307710170746,0.06793999671936035,-0.37786898016929626,-0.05466250330209732,0.043806739151477814,-0.299589604139328,-0.0417248010635376,0.1088414341211319,-0.35510289669036865,0.0035098479129374027,0.13513734936714172,-0.42498427629470825,-0.04157910868525505,0.10676576942205429,-0.32757633924484253,-0.03733277693390846,0.08658464252948761,-0.2715016305446625,-0.021673638373613358
K,K_session_001,158,0.0,0.0,0.0,-0.060618892312049866,-0.22388502955436707,-0.042758990079164505,-0.07113494724035263,-0.4617258608341217,-0.03866565600037575,-0.038734398782253265,-0.6409110426902771,-0.03424439579248428,-0.030115554109215736,-0.7875776886940002,-0.02487722598016262,-0.10264816135168076,-0.5483629703521729,0.031342171132564545,-0.09728523343801498,-0.7582539916038513,0.015709377825260162,-0.08999619632959366,-0.8821157217025757,0.001691401470452547,-0.08331846445798874,-1.0,-0.007258508820086718,-0.027476800605654716,-0.5181804895401001,0.03493905067443848,0.022902974858880043,-0.7255936861038208,0.004981564357876778,0.06561654061079025,-0.8560855984687805,-0.02304808422923088,0.10413619130849838,-0.9790815711021423,-0.03521682322025299,0.042074088007211685,-0.4442293643951416,0.02873639576137066,0.09739535301923752,-0.5120893716812134,-0.02859705686569214,0.06790537387132645,-0.38231030106544495,-0.04293443262577057,0.04062648490071297,-0.31130412220954895,-0.03236181661486626,0.10024025291204453,-0.36054614186286926,0.01950725167989731,0.1335705667734146,-0.43111497163772583,-0.02403343841433525,0.10511259734630585,-0.335601270198822,-0.023064514622092247,0.080293208360672,-0.283875972032547,-0.010278278961777687
K,K_session_001,159,0.0,0.0,0.0,-0.05828648805618286,-0.2300194352865219,-0.04089430347084999,-0.0691259577870369,-0.45946264266967773,-0.03499557822942734,-0.039781615138053894,-0.6334106922149658,-0.02933325245976448,-0.036465469747781754,-0.7807407379150391,-0.018365247175097466,-0.10640884935855865,-0.5485767126083374,0.037955883890390396,-0.09974370151758194,-0.7618535161018372,0.025379393249750137,-0.09161791205406189,-0.8837131857872009,0.013644383288919926,-0.08364686369895935,-1.0,0.006526309065520763,-0.02982877567410469,-0.517594575881958,0.041514694690704346,0.022035423666238785,-0.7245581150054932,0.013235549442470074,0.06528664380311966,-0.8548611998558044,-0.01531775388866663,0.10403037071228027,-0.9749400019645691,-0.02745039388537407,0.04071376845240593,-0.44226109981536865,0.035220105201005936,0.09478169679641724,-0.5002970099449158,-0.021572593599557877,0.06795314699411392,-0.3681189715862274,-0.0381317213177681,0.04260524734854698,-0.29626062512397766,-0.028596166521310806,0.0981389582157135,-0.35838091373443604,0.02625739574432373,0.13078933954238892,-0.42157435417175293,-0.016190392896533012,0.10404156893491745,-0.324727326631546,-0.01593729853630066,0.08030722290277481,-0.27277299761772156,-0.0034860065206885338
K,K_session_001,160,0.0,0.0,0.0,-0.05838816985487938,-0.22835971415042877,-0.043311573565006256,-0.07005248218774796,-0.4558183550834656,-0.03778207302093506,-0.04186372831463814,-0.6314318776130676,-0.03185855597257614,-0.037776898592710495,-0.7798563838005066,-0.020605599507689476,-0.10816077142953873,-0.5457316637039185,0.03681342303752899,-0.10047784447669983,-0.7612033486366272,0.024872681125998497,-0.0920012891292572,-0.8838797211647034,0.014011001214385033,-0.08513721823692322,-1.0,0.007909352891147137,-0.030988505110144615,-0.515811026096344,0.042270757257938385,0.022538991644978523,-0.7283076047897339,0.015876946970820427,0.0671071857213974,-0.8578747510910034,-0.011617514304816723,0.10551292449235916,-0.9739263653755188,-0.02264217846095562,0.04003636911511421,-0.442532479763031,0.03770672157406807,0.09321414679288864,-0.5010123252868652,-0.017773887142539024,0.0684768408536911,-0.3724551498889923,-0.03575758635997772,0.04393899068236351,-0.30277687311172485,-0.027003029361367226,0.09665399044752121,-0.36037522554397583,0.03040606528520584,0.1281045526266098,-0.42393043637275696,-0.010843825526535511,0.10232988744974136,-0.32749077677726746,-0.011037527583539486,0.07913918793201447,-0.27431318163871765,0.0012600923655554652
K,K_session_001,161,0.0,0.0,0.0,-0.05683490261435509,-0.22729654610157013,-0.04336906969547272,-0.06750914454460144,-0.4540048837661743,-0.03889370337128639,-0.03947547823190689,-0.6309245824813843,-0.03418729826807976,-0.03799448534846306,-0.7807533144950867,-0.02427721954882145,-0.1063775047659874,-0.5484684705734253,0.036544959992170334,-0.09770887345075607,-0.7631040811538696,0.02319265715777874,-0.08863047510385513,-0.8845086693763733,0.010800246149301529,-0.08124259114265442,-1.0,0.0033777544740587473,-0.029931699857115746,-0.5174012184143066,0.04142975062131882,0.024157460778951645,-0.728563129901886,0.013342980295419693,0.06871265172958374,-0.8572251200675964,-0.01545700989663601,0.10838402062654495,-0.9749448299407959,-0.027742594480514526,0.040324095636606216,-0.44277840852737427,0.03626122698187828,0.09489353746175766,-0.504320502281189,-0.019947746768593788,0.06774919480085373,-0.37845584750175476,-0.03788461908698082,0.0433182455599308,-0.31132176518440247,-0.02964906394481659,0.09708049893379211,-0.35898831486701965,0.028220703825354576,0.1295727789402008,-0.42348477244377136,-0.01425815001130104,0.10271827131509781,-0.3289121687412262,-0.015043221414089203,0.07959568500518799,-0.2777591943740845,-0.003355508204549551
K,K_session_001,162,0.0,0.0,0.0,-0.05564504861831665,-0.2347126603126526,-0.0420566089451313,-0.06618797034025192,-0.45865267515182495,-0.035520054399967194,-0.03644983842968941,-0.6361075043678284,-0.028818653896450996,-0.03117837756872177,-0.7862282991409302,-0.016972163692116737,-0.10276636481285095,-0.5460837483406067,0.041276685893535614,-0.09246613085269928,-0.7628681659698486,0.030665140599012375,-0.0827598050236702,-0.8844454884529114,0.019417060539126396,-0.07555948197841644,-1.0,0.01251452136784792,-0.026559606194496155,-0.5167025923728943,0.04688725247979164,0.026863593608140945,-0.7268822193145752,0.021421346813440323,0.07166101038455963,-0.858851432800293,-0.007069675251841545,0.11055231094360352,-0.9767112135887146,-0.01944638229906559,0.0437280535697937,-0.44286680221557617,0.04237164184451103,0.09635414183139801,-0.5041394233703613,-0.010945938527584076,0.07113759964704514,-0.3864608705043793,-0.03041478991508484,0.04675079882144928,-0.323059618473053,-0.02377331629395485,0.09993293881416321,-0.3612416088581085,0.034994397312402725,0.1335904598236084,-0.428580641746521,-0.004979227669537067,0.10778161883354187,-0.33900654315948486,-0.0066229538060724735,0.08477304130792618,-0.28981950879096985,0.003935070242732763
K,K_session_001,163,0.0,0.0,0.0,-0.05525459721684456,-0.23063166439533234,-0.043321143835783005,-0.06596659868955612,-0.4571395516395569,-0.03629360720515251,-0.03782416507601738,-0.6334276795387268,-0.028419850394129753,-0.03239699825644493,-0.7863979935646057,-0.015432550571858883,-0.10536344349384308,-0.5507408380508423,0.04118175059556961,-0.09646976739168167,-0.7640007734298706,0.031081829220056534,-0.08557407557964325,-0.8851569294929504,0.020512675866484642,-0.07740921527147293,-1.0,0.01431943103671074,-0.030391545966267586,-0.5212039947509766,0.047508955001831055,0.02333643101155758,-0.7306484580039978,0.023800799623131752,0.0685402899980545,-0.857822597026825,-0.002350875874981284,0.1064150258898735,-0.9747787714004517,-0.012854577973484993,0.038797538727521896,-0.4469260573387146,0.04315285012125969,0.09199448674917221,-0.5019626617431641,-0.009870949201285839,0.06803815811872482,-0.37858283519744873,-0.02883080206811428,0.042726438492536545,-0.3225894868373871,-0.02177749201655388,0.09534792602062225,-0.3651275336742401,0.035918187350034714,0.13108986616134644,-0.4248785376548767,-0.0038722192402929068,0.10460789501667023,-0.33166593313217163,-0.005800639744848013,0.07925879210233688,-0.2891768515110016,0.0042388248257339
K,K_session_001,164,0.0,0.0,0.0,-0.053091417998075485,-0.2325104922056198,-0.04121138155460358,-0.0635206550359726,-0.4565826654434204,-0.035774532705545425,-0.03525892645120621,-0.631012499332428,-0.030526617541909218,-0.029163124039769173,-0.7810803651809692,-0.020617807283997536,-0.10336383432149887,-0.549324095249176,0.0379440039396286,-0.09545085579156876,-0.7627801895141602,0.024467241019010544,-0.08390066772699356,-0.8844914436340332,0.01232611108571291,-0.07458088546991348,-1.0,0.0053805094212293625,-0.02890062890946865,-0.5187897682189941,0.04142853245139122,0.02481064759194851,-0.7287870645523071,0.013941657729446888,0.07063338160514832,-0.8535526394844055,-0.013411140069365501,0.1086728647351265,-0.9682396054267883,-0.02405504137277603,0.04014825448393822,-0.4442363679409027,0.0347374826669693,0.09505504369735718,-0.5017616748809814,-0.022028353065252304,0.07131001353263855,-0.37858933210372925,-0.04088769108057022,0.04428962245583534,-0.3225732743740082,-0.0328645333647728,0.09665337949991226,-0.3591243624687195,0.025522449985146523,0.13478772342205048,-0.4258720576763153,-0.016718918457627296,0.10871508717536926,-0.33224251866340637,-0.01763603277504444,0.08086264878511429,-0.28712910413742065,-0.006197282113134861
K,K_session_001,165,0.0,0.0,0.0,-0.05508575960993767,-0.23326237499713898,-0.04472842440009117,-0.06354784220457077,-0.4571332633495331,-0.03789772838354111,-0.03458965942263603,-0.6333137154579163,-0.03034253790974617,-0.030454082414507866,-0.7855481505393982,-0.01758061721920967,-0.1037263572216034,-0.5485705733299255,0.04256000369787216,-0.09536241739988327,-0.7614061832427979,0.032295700162649155,-0.08443833142518997,-0.8838162422180176,0.020980753004550934,-0.07517438381910324,-1.0,0.01403769850730896,-0.02728317491710186,-0.5170479416847229,0.04951515421271324,0.02653719298541546,-0.7268276214599609,0.024384938180446625,0.07191088050603867,-0.8551970720291138,-0.0040690116584300995,0.1105239987373352,-0.9697360396385193,-0.016295313835144043,0.04285992309451103,-0.4412735402584076,0.045754626393318176,0.09533967077732086,-0.5057688355445862,-0.009974534623324871,0.06961347907781601,-0.3824544847011566,-0.030764855444431305,0.04324338957667351,-0.318930983543396,-0.024258453398942947,0.09909285604953766,-0.35745060443878174,0.039249200373888016,0.13290250301361084,-0.430793821811676,-0.0035868186969310045,0.10557599365711212,-0.33805978298187256,-0.006532339844852686,0.0794113427400589,-0.28778770565986633,0.0035419699270278215
K,K_session_001,166,0.0,0.0,0.0,-0.05609951540827751,-0.23556913435459137,-0.04123247042298317,-0.06640442460775375,-0.4611680507659912,-0.03416457399725914,-0.03641712665557861,-0.638390302658081,-0.027461711317300797,-0.026575306430459023,-0.786225438117981,-0.015895605087280273,-0.10047610849142075,-0.5512552857398987,0.04489109292626381,-0.09272309392690659,-0.7632512450218201,0.03376171737909317,-0.08281537145376205,-0.88425612449646,0.021419739350676537,-0.07421958446502686,-1.0,0.013537497259676456,-0.026130078360438347,-0.5214166045188904,0.049420226365327835,0.02670121379196644,-0.7289276123046875,0.023361777886748314,0.0726361945271492,-0.8572550415992737,-0.005941177252680063,0.11259550601243973,-0.9728873372077942,-0.018781060352921486,0.04284141957759857,-0.446816623210907,0.04350104555487633,0.09626027941703796,-0.5100094079971313,-0.011591858230531216,0.07009322941303253,-0.38872402906417847,-0.032001469284296036,0.043396301567554474,-0.32430750131607056,-0.025588802993297577,0.09885449707508087,-0.36313703656196594,0.03488679975271225,0.13314370810985565,-0.43265271186828613,-0.006645720452070236,0.1050691232085228,-0.3412795960903168,-0.008961735293269157,0.07847060263156891,-0.2918552756309509,0.0012455257819965482
K,K_session_001,167,0.0,0.0,0.0,-0.05806221067905426,-0.23106691241264343,-0.03649222478270531,-0.06686389446258545,-0.46489405632019043,-0.03155876696109772,-0.03148845583200455,-0.6405929327011108,-0.028556637465953827,-0.020227879285812378,-0.7849391102790833,-0.021058760583400726,-0.09329845756292343,-0.5514261722564697,0.037026699632406235,-0.08639076352119446,-0.7638498544692993,0.020512685179710388,-0.07778383046388626,-0.8841241002082825,0.005760455038398504,-0.06855425983667374,-1.0,-0.0036275768652558327,-0.019481977447867393,-0.5205869674682617,0.03654952719807625,0.0338468924164772,-0.7278118133544922,0.0059146699495613575,0.07977320998907089,-0.8572564125061035,-0.023618821054697037,0.12254812568426132,-0.9790292978286743,-0.0368775837123394,0.049198441207408905,-0.4446030259132385,0.02665283903479576,0.10075531154870987,-0.5065267086029053,-0.028921961784362793,0.07027756422758102,-0.3775429129600525,-0.04270573705434799,0.044520486146211624,-0.3052249252796173,-0.03243987262248993,0.10580124706029892,-0.3574981987476349,0.013842325657606125,0.1355837732553482,-0.4265451431274414,-0.0272409375756979,0.10527652502059937,-0.3333945572376251,-0.024896055459976196,0.08044037222862244,-0.28072091937065125,-0.01156818401068449
K,K_session_001,168,0.0,0.0,0.0,-0.059785641729831696,-0.22661522030830383,-0.03660024702548981,-0.06738288700580597,-0.45840024948120117,-0.031167471781373024,-0.029286274686455727,-0.6340607404708862,-0.027756329625844955,-0.01347044575959444,-0.7772523164749146,-0.020291026681661606,-0.08905351907014847,-0.5532611012458801,0.039302557706832886,-0.08212883025407791,-0.7631545662879944,0.024229303002357483,-0.073672354221344,-0.8840909600257874,0.010369454510509968,-0.06364495307207108,-1.0,0.0015492779202759266,-0.015219924040138721,-0.5195001363754272,0.03896377980709076,0.03891075402498245,-0.7259460687637329,0.00912450347095728,0.08365754783153534,-0.8542723059654236,-0.020422691479325294,0.12586146593093872,-0.9733699560165405,-0.03346367925405502,0.052548933774232864,-0.43935471773147583,0.02921501360833645,0.10531862080097198,-0.5066694617271423,-0.02809423953294754,0.07297652959823608,-0.3732929527759552,-0.04276825115084648,0.0464562363922596,-0.2973816394805908,-0.03218239173293114,0.10837479680776596,-0.3479904532432556,0.016948608681559563,0.13900457322597504,-0.4206046462059021,-0.026165813207626343,0.10796358436346054,-0.3240276277065277,-0.02414051815867424,0.08348079770803452,-0.2683245837688446,-0.010295362211763859
K,K_session_001,169,0.0,0.0,0.0,-0.06028120592236519,-0.23326139152050018,-0.03385063260793686,-0.0654701292514801,-0.4654029607772827,-0.02675746940076351,-0.02365177869796753,-0.6410972476005554,-0.022686680778861046,-0.003663919400423765,-0.7802464365959167,-0.014883896335959435,-0.08175680786371231,-0.5558382272720337,0.04597757011651993,-0.0747654065489769,-0.7651477456092834,0.033075787127017975,-0.06600046902894974,-0.8858215808868408,0.019856441766023636,-0.055401768535375595,-1.0,0.011230412870645523,-0.008609378710389137,-0.5196839570999146,0.04431893303990364,0.046048425137996674,-0.7257634997367859,0.01609548181295395,0.09097737818956375,-0.8546023368835449,-0.01380834449082613,0.13381879031658173,-0.970331609249115,-0.027243565768003464,0.058425549417734146,-0.4359722137451172,0.033204179257154465,0.11092092841863632,-0.5102480053901672,-0.024180930107831955,0.07669974863529205,-0.3781287372112274,-0.04043659567832947,0.05065111443400383,-0.2962304949760437,-0.030476441606879234,0.11460401862859726,-0.3406773805618286,0.019933240488171577,0.145137220621109,-0.42656949162483215,-0.02416273020207882,0.11422959715127945,-0.33005446195602417,-0.022750211879611015,0.0921950712800026,-0.2667042315006256,-0.008869110606610775
K,K_session_001,170,0.0,0.0,0.0,-0.05817711725831032,-0.2418551743030548,-0.03359958156943321,-0.06233403459191322,-0.4765649735927582,-0.024242106825113297,-0.019843515008687973,-0.6495973467826843,-0.017746008932590485,0.0018645968521013856,-0.7841174006462097,-0.007202997803688049,-0.07915189117193222,-0.5532395839691162,0.05004578456282616,-0.07285257428884506,-0.7604233026504517,0.03743845596909523,-0.06361954659223557,-0.8834943175315857,0.023357685655355453,-0.051346223801374435,-1.0,0.01375966239720583,-0.005628831684589386,-0.5158089399337769,0.049027200788259506,0.04793023690581322,-0.7226243615150452,0.02009548991918564,0.09573060274124146,-0.8501927256584167,-0.011060594581067562,0.14096428453922272,-0.9661440253257751,-0.025295289233326912,0.06158461794257164,-0.4325732886791229,0.03843405842781067,0.1168321743607521,-0.5095136165618896,-0.0199685487896204,0.08334240317344666,-0.377402663230896,-0.03592830151319504,0.055310413241386414,-0.2952363193035126,-0.025395674630999565,0.11759188026189804,-0.33878257870674133,0.02564992941915989,0.1528066247701645,-0.42538022994995117,-0.019541233777999878,0.12334877997636795,-0.3276948928833008,-0.017923593521118164,0.0999126210808754,-0.2630985379219055,-0.003650553058832884
K,K_session_001,171,0.0,0.0,0.0,-0.05301862955093384,-0.2338174730539322,-0.03474047780036926,-0.05376452952623367,-0.4663868844509125,-0.03129104524850845,-0.012066579423844814,-0.642835795879364,-0.030915897339582443,0.009182728826999664,-0.7786901593208313,-0.02654491737484932,-0.07368779927492142,-0.55889892578125,0.03968588262796402,-0.06780040264129639,-0.7590634226799011,0.020080989226698875,-0.05786198377609253,-0.8828498721122742,0.0012630237033590674,-0.043312519788742065,-1.0,-0.01161133497953415,-0.0003726771683432162,-0.5202085375785828,0.036074742674827576,0.0586991012096405,-0.7238172292709351,-0.0005971952341496944,0.10753630846738815,-0.8481740355491638,-0.03491969406604767,0.1564333736896515,-0.965135395526886,-0.0510508269071579,0.06760943681001663,-0.4335825741291046,0.023630497977137566,0.12398850917816162,-0.5135937333106995,-0.03841054067015648,0.08594479411840439,-0.38045766949653625,-0.04984125867486,0.05901682749390602,-0.29864951968193054,-0.036210790276527405,0.1245153397321701,-0.3334336280822754,0.008690977469086647,0.15730349719524384,-0.423056960105896,-0.03684663400053978,0.12408063560724258,-0.32485315203666687,-0.030682077631354332,0.10034409910440445,-0.26185330748558044,-0.01304116565734148
K,K_session_001,172,0.0,0.0,0.0,-0.05218910053372383,-0.23438452184200287,-0.03593284636735916,-0.052999574691057205,-0.46627292037010193,-0.030693475157022476,-0.01354975439608097,-0.6435386538505554,-0.02829214558005333,0.007990405894815922,-0.7798339128494263,-0.022140784189105034,-0.07546649873256683,-0.5512952208518982,0.04306786134839058,-0.07007414102554321,-0.7549394965171814,0.026242725551128387,-0.05802561715245247,-0.8808413147926331,0.00882460456341505,-0.04286372661590576,-1.0,-0.0027214563451707363,-0.0021026628091931343,-0.5127168297767639,0.041343413293361664,0.057101547718048096,-0.7165983319282532,0.010741056874394417,0.10862091928720474,-0.8392566442489624,-0.020232966169714928,0.15701235830783844,-0.954097330570221,-0.034189801663160324,0.06511244177818298,-0.4280990958213806,0.03009939007461071,0.1214822456240654,-0.5075311660766602,-0.02831064723432064,0.0873882994055748,-0.3774700164794922,-0.041384655982255936,0.06095151603221893,-0.2984558641910553,-0.02897028811275959,0.12175869196653366,-0.32959964871406555,0.01633913815021515,0.15743710100650787,-0.42045292258262634,-0.026526493951678276,0.12615706026554108,-0.3237287998199463,-0.02084420435130596,0.10283976048231125,-0.25891977548599243,-0.003708059433847666
K,K_session_001,173,0.0,0.0,0.0,-0.05026659369468689,-0.23449553549289703,-0.03544347733259201,-0.050203148275613785,-0.46494659781455994,-0.03151865676045418,-0.010451528243720531,-0.6422666311264038,-0.030822696164250374,0.011489440687000751,-0.7782779335975647,-0.026259711012244225,-0.0725448727607727,-0.5470097661018372,0.04077530279755592,-0.06715905666351318,-0.7514762878417969,0.020840371027588844,-0.05549056455492973,-0.8791688084602356,0.0013059088960289955,-0.039694443345069885,-1.0,-0.011720792390406132,0.00020844269602093846,-0.5086759924888611,0.03801814094185829,0.05970333144068718,-0.7127128839492798,0.0031396665144711733,0.11138994991779327,-0.8368580341339111,-0.029595255851745605,0.1608854979276657,-0.9539194703102112,-0.04459264501929283,0.06725870817899704,-0.42519712448120117,0.025951091200113297,0.12554971873760223,-0.5104441046714783,-0.03573063015937805,0.09005584567785263,-0.37591466307640076,-0.04712525010108948,0.062307700514793396,-0.2910648584365845,-0.03288848325610161,0.12394849210977554,-0.32758501172065735,0.011343114078044891,0.16160492599010468,-0.42208877205848694,-0.033856865018606186,0.12954166531562805,-0.325187087059021,-0.02741383947432041,0.10449359565973282,-0.2580769658088684,-0.009185087867081165
K,K_session_001,174,0.0,0.0,0.0,-0.051041703671216965,-0.2410213053226471,-0.03443403169512749,-0.049352653324604034,-0.4760083556175232,-0.02732026018202305,-0.006388960871845484,-0.6454110741615295,-0.02335415966808796,0.017765263095498085,-0.7776044011116028,-0.015395328402519226,-0.06958355754613876,-0.5489873290061951,0.04593518748879433,-0.06428682804107666,-0.7543522715568542,0.031112246215343475,-0.053565721958875656,-0.8809767365455627,0.014808980748057365,-0.03947187587618828,-1.0,0.0038576030638068914,0.0026484541594982147,-0.5083827376365662,0.044578783214092255,0.06374339014291763,-0.7099496126174927,0.016022780910134315,0.1147858127951622,-0.832639753818512,-0.014072188176214695,0.16372928023338318,-0.9463952779769897,-0.027747124433517456,0.06846990436315536,-0.423845499753952,0.0336989127099514,0.12687639892101288,-0.5059043765068054,-0.02175115793943405,0.08987177163362503,-0.37541264295578003,-0.033690448850393295,0.06193937361240387,-0.2940632104873657,-0.021025529131293297,0.12390927225351334,-0.32755783200263977,0.020174888893961906,0.1624167412519455,-0.42098817229270935,-0.020332790911197662,0.1292058229446411,-0.326724648475647,-0.014062835834920406,0.10456261783838272,-0.2618529498577118,0.0031041004694998264
K,K_session_001,175,0.0,0.0,0.0,-0.05203655734658241,-0.24065692722797394,-0.03580457717180252,-0.04997428506612778,-0.4781302511692047,-0.029106944799423218,-0.0066496036015450954,-0.6528866291046143,-0.02538328431546688,0.017975667491555214,-0.7861419916152954,-0.017411943525075912,-0.07213397324085236,-0.5500861406326294,0.045876484364271164,-0.067042775452137,-0.7520223259925842,0.029404545202851295,-0.055677950382232666,-0.8795663118362427,0.011816000565886497,-0.04054741933941841,-1.0,-0.00013556548219639808,0.0004799345915671438,-0.5114845633506775,0.0447087436914444,0.0610213540494442,-0.7118176817893982,0.0135652469471097,0.11366180330514908,-0.8353216052055359,-0.017581021413207054,0.16314561665058136,-0.9495078325271606,-0.031676530838012695,0.06698936969041824,-0.4280620217323303,0.03372731804847717,0.12675471603870392,-0.5106781125068665,-0.025727838277816772,0.09087446331977844,-0.3758411109447479,-0.0380181223154068,0.06182475760579109,-0.2899881899356842,-0.024419106543064117,0.12255800515413284,-0.3327866792678833,0.020082633942365646,0.16247688233852386,-0.42522990703582764,-0.02386893704533577,0.1296289563179016,-0.32812559604644775,-0.018431872129440308,0.10388556867837906,-0.26024940609931946,-0.001068980316631496
K,K_session_001,176,0.0,0.0,0.0,-0.05411236360669136,-0.23565585911273956,-0.035973452031612396,-0.05319501832127571,-0.4713827669620514,-0.031911641359329224,-0.007853715680539608,-0.6462451219558716,-0.030700234696269035,0.017038071528077126,-0.77877277135849,-0.025280777364969254,-0.0737694725394249,-0.547270655632019,0.03908892720937729,-0.06784316152334213,-0.7523452043533325,0.020247776061296463,-0.05659142881631851,-0.8798076510429382,0.0017971566412597895,-0.04129836708307266,-1.0,-0.010398110374808311,-0.0014954940415918827,-0.507943332195282,0.03753891959786415,0.0606578104197979,-0.7064108848571777,0.004010580945760012,0.11280141770839691,-0.8298715949058533,-0.027068039402365685,0.16254651546478271,-0.9439755082130432,-0.04092950373888016,0.06448577344417572,-0.4259054362773895,0.026756903156638145,0.12513498961925507,-0.5065536499023438,-0.032567061483860016,0.08767586946487427,-0.3714490532875061,-0.04247917979955673,0.058586135506629944,-0.28423479199409485,-0.027541235089302063,0.12007036060094833,-0.33186185359954834,0.013169154524803162,0.15924157202243805,-0.42173147201538086,-0.029988178983330727,0.1260741800069809,-0.3241090774536133,-0.02270991913974285,0.1008508950471878,-0.2560804784297943,-0.003976842854171991
K,K_session_001,177,0.0,0.0,0.0,-0.05206644535064697,-0.23277544975280762,-0.03986117243766785,-0.05054888874292374,-0.46767476201057434,-0.03615136072039604,-0.006780260242521763,-0.64671391248703,-0.03435077518224716,0.01532389409840107,-0.7870577573776245,-0.02816058322787285,-0.07618695497512817,-0.547799825668335,0.039618901908397675,-0.06932589411735535,-0.7521790862083435,0.02054307982325554,-0.056553710252046585,-0.8797075748443604,0.0018764291889965534,-0.040406182408332825,-1.0,-0.010238646529614925,-0.003272506408393383,-0.5093055367469788,0.03999778628349304,0.058534953743219376,-0.7130236625671387,0.006179706193506718,0.1125933900475502,-0.8352167010307312,-0.0252633448690176,0.16287370026111603,-0.9481750726699829,-0.03892267867922783,0.06341495364904404,-0.4270440638065338,0.030473969876766205,0.1246216669678688,-0.5081502795219421,-0.03166990727186203,0.08995836228132248,-0.3715289831161499,-0.04359794780611992,0.06073370575904846,-0.28715404868125916,-0.029054468497633934,0.1185104176402092,-0.3338726758956909,0.01810792274773121,0.1592683047056198,-0.42516693472862244,-0.028087317943572998,0.12783074378967285,-0.32536864280700684,-0.022457171231508255,0.10176751017570496,-0.25849056243896484,-0.004308695439249277
K,K_session_001,178,0.0,0.0,0.0,-0.05199239030480385,-0.22929851710796356,-0.04185716062784195,-0.04875122383236885,-0.4627237319946289,-0.040065206587314606,-0.00249470048584044,-0.6394513249397278,-0.03973326086997986,0.01966005191206932,-0.7821589708328247,-0.03527720272541046,-0.07151462882757187,-0.5479074120521545,0.034107450395822525,-0.06511875987052917,-0.7519658207893372,0.014237545430660248,-0.052709974348545074,-0.8796703219413757,-0.004507774021476507,-0.03580117225646973,-1.0,-0.016729488968849182,0.001644830103032291,-0.5091035962104797,0.03488622233271599,0.06432736665010452,-0.7104368209838867,6.832621875219047e-05,0.11613880097866058,-0.8324378728866577,-0.03165560960769653,0.16627545654773712,-0.9458252787590027,-0.04566340520977974,0.06799284368753433,-0.4252067506313324,0.02599666640162468,0.12875279784202576,-0.5096502304077148,-0.03643620386719704,0.09130268543958664,-0.37151551246643066,-0.04719451069831848,0.06266399472951889,-0.2868368923664093,-0.03213626891374588,0.1228395327925682,-0.33021578192710876,0.014122947119176388,0.16164636611938477,-0.42566388845443726,-0.03259611129760742,0.1292814016342163,-0.3252163827419281,-0.026295781135559082,0.10427377372980118,-0.2591366767883301,-0.0077164433896541595
K,K_session_001,179,0.0,0.0,0.0,-0.05097349360585213,-0.2316286414861679,-0.041391871869564056,-0.048840224742889404,-0.46464815735816956,-0.038511477410793304,-0.0030140362214297056,-0.6387856006622314,-0.03711823746562004,0.021959586068987846,-0.7790441513061523,-0.031333960592746735,-0.07132790982723236,-0.5490960478782654,0.03835003823041916,-0.06502598524093628,-0.751404345035553,0.020869672298431396,-0.05292009562253952,-0.879035234451294,0.0029908311553299427,-0.03677445277571678,-1.0,-0.00890740379691124,0.0016049898695200682,-0.5108373165130615,0.04005633294582367,0.06307689100503922,-0.7105931639671326,0.009007162414491177,0.11566410958766937,-0.8303811550140381,-0.02126828022301197,0.16553576290607452,-0.9428907632827759,-0.034861303865909576,0.06740422546863556,-0.42802828550338745,0.03174685686826706,0.12766124308109283,-0.5107654929161072,-0.027378220111131668,0.09212199598550797,-0.37448737025260925,-0.03863459825515747,0.06390256434679031,-0.2896480858325958,-0.024547310546040535,0.12170056253671646,-0.33442556858062744,0.02040516771376133,0.16054944694042206,-0.427620530128479,-0.023263946175575256,0.12953171133995056,-0.32994595170021057,-0.01719686947762966,0.10534471273422241,-0.26464128494262695,0.0005561637808568776
K,K_session_001,180,0.0,0.0,0.0,-0.04797951877117157,-0.22716964781284332,-0.04368423670530319,-0.045441195368766785,-0.4565475881099701,-0.04133588448166847,-0.0028895428404212,-0.6309346556663513,-0.03982867673039436,0.018101675435900688,-0.7756087779998779,-0.03349300101399422,-0.07166080176830292,-0.5533729195594788,0.03851504996418953,-0.06464230269193649,-0.7542136311531067,0.02116464078426361,-0.05192503333091736,-0.880370020866394,0.0031065710354596376,-0.03518174961209297,-1.0,-0.008909085765480995,0.0007640618132427335,-0.5125171542167664,0.041419487446546555,0.061777159571647644,-0.7087880969047546,0.010051621124148369,0.11413195729255676,-0.8259068131446838,-0.020988868549466133,0.1640050709247589,-0.93625408411026,-0.03514561429619789,0.06578536331653595,-0.4275144934654236,0.03397824242711067,0.1272253692150116,-0.5059809684753418,-0.02501588687300682,0.09151056408882141,-0.3732534646987915,-0.03744066506624222,0.06298095732927322,-0.2945185899734497,-0.024578044191002846,0.11955643445253372,-0.3331459164619446,0.023289894685149193,0.16020755469799042,-0.4195568561553955,-0.02049984782934189,0.1292053461074829,-0.3239857256412506,-0.01587815396487713,0.10453790426254272,-0.2645634412765503,0.0005826304550282657
K,K_session_001,181,0.0,0.0,0.0,-0.04932404309511185,-0.231477290391922,-0.04233181104063988,-0.04724464192986488,-0.46722933650016785,-0.03950199484825134,-0.00287717767059803,-0.6418927907943726,-0.03828423097729683,0.02263113111257553,-0.7820282578468323,-0.0325467512011528,-0.06897043436765671,-0.5502513647079468,0.03985832259058952,-0.06175006181001663,-0.7525405287742615,0.02073175460100174,-0.048345450311899185,-0.8800867199897766,0.0018991692923009396,-0.030713777989149094,-1.0,-0.010272979736328125,0.0036172429099678993,-0.5109305381774902,0.04162539169192314,0.06584114581346512,-0.7114589214324951,0.007669362239539623,0.11947550624608994,-0.8309342265129089,-0.024339694529771805,0.1706961691379547,-0.9442031383514404,-0.03827483952045441,0.06930169463157654,-0.4280725121498108,0.03309283033013344,0.130435511469841,-0.5111377835273743,-0.02926592156291008,0.09557561576366425,-0.3735623061656952,-0.041481129825115204,0.06758338958024979,-0.2887463867664337,-0.02692411094903946,0.12371614575386047,-0.33480215072631836,0.02153789810836315,0.1637152135372162,-0.42521607875823975,-0.02456803433597088,0.1329360455274582,-0.3268980085849762,-0.01932976208627224,0.10807346552610397,-0.26292988657951355,-0.0014099517138674855
K,K_session_001,182,0.0,0.0,0.0,-0.048793647438287735,-0.2237592488527298,-0.0443502701818943,-0.04528069123625755,-0.4584866464138031,-0.0441802442073822,0.0005039223469793797,-0.6351534128189087,-0.044772230088710785,0.026022443547844887,-0.7792272567749023,-0.040573038160800934,-0.0692213922739029,-0.5525012016296387,0.03210998699069023,-0.060787178575992584,-0.7536805868148804,0.011180046945810318,-0.04758584499359131,-0.8802657127380371,-0.008002263493835926,-0.029825400561094284,-1.0,-0.02044866420328617,0.0032660970464348793,-0.5118008852005005,0.03415390104055405,0.06773557513952255,-0.7088438868522644,-0.002083637285977602,0.12032394856214523,-0.8255483508110046,-0.03405886888504028,0.17104235291481018,-0.93706214427948,-0.048149872571229935,0.06839040666818619,-0.4274838864803314,0.026300065219402313,0.13134239614009857,-0.5069559216499329,-0.03663449361920357,0.09318804740905762,-0.36923885345458984,-0.0465598963201046,0.06342386454343796,-0.28746774792671204,-0.031016843393445015,0.12269479781389236,-0.33299046754837036,0.015212208963930607,0.16322053968906403,-0.42100808024406433,-0.031161583960056305,0.1313316524028778,-0.3220445215702057,-0.024690013378858566,0.10606124252080917,-0.2612634301185608,-0.006128233391791582
K,K_session_001,183,0.0,0.0,0.0,-0.050190117210149765,-0.22869820892810822,-0.03965948149561882,-0.04751819744706154,-0.4614959955215454,-0.03806309401988983,-0.00180132407695055,-0.6361197233200073,-0.03867126256227493,0.02453066036105156,-0.7751421332359314,-0.03546290099620819,-0.06379809975624084,-0.5498950481414795,0.03337909281253815,-0.05504699796438217,-0.7543891668319702,0.012133995071053505,-0.041789647191762924,-0.881186842918396,-0.00686284014955163,-0.02439701184630394,-1.0,-0.018681364133954048,0.008915973827242851,-0.5086207389831543,0.032584745436906815,0.0727882981300354,-0.7075811624526978,-0.003735207486897707,0.1251596361398697,-0.8264449834823608,-0.035162538290023804,0.17566505074501038,-0.9363598227500916,-0.04824841767549515,0.07435961812734604,-0.4244413673877716,0.022353827953338623,0.13144008815288544,-0.5060957074165344,-0.04126577079296112,0.09323703497648239,-0.36978763341903687,-0.05177688971161842,0.06457751244306564,-0.2849807143211365,-0.03584231808781624,0.12861935794353485,-0.3290605843067169,0.009447280317544937,0.1650833636522293,-0.42525842785835266,-0.036776989698410034,0.13246414065361023,-0.3261611759662628,-0.029179539531469345,0.10804946720600128,-0.2587684392929077,-0.009365926496684551
K,K_session_001,184,0.0,0.0,0.0,-0.04801039770245552,-0.22694982588291168,-0.04336400330066681,-0.04172377660870552,-0.45530566573143005,-0.04289183020591736,0.004182660952210426,-0.6278823018074036,-0.043508321046829224,0.028708957135677338,-0.7697736024856567,-0.0395813062787056,-0.060699462890625,-0.5457223057746887,0.03137178346514702,-0.05219181254506111,-0.7518740892410278,0.009453586302697659,-0.03822251036763191,-0.8801684379577637,-0.010286839678883553,-0.02010488137602806,-1.0,-0.023038091138005257,0.010981130413711071,-0.5033254623413086,0.03245478495955467,0.07521281391382217,-0.7037439942359924,-0.005676813889294863,0.1265622228384018,-0.8204241991043091,-0.038580331951379776,0.1766066700220108,-0.929426372051239,-0.052908774465322495,0.07449138909578323,-0.41788890957832336,0.023718804121017456,0.1361778974533081,-0.5013749003410339,-0.0412193164229393,0.09452315419912338,-0.3670618534088135,-0.05254801735281944,0.06221596524119377,-0.28865712881088257,-0.03758245334029198,0.12788979709148407,-0.3215074837207794,0.01193805132061243,0.17004179954528809,-0.4137507379055023,-0.036598097532987595,0.13509923219680786,-0.3164987862110138,-0.031570710241794586,0.1058545857667923,-0.255876362323761,-0.0138082941994071
K,K_session_001,185,0.0,0.0,0.0,-0.04731275513768196,-0.2290390133857727,-0.03557287156581879,-0.038984861224889755,-0.4578153192996979,-0.03781399875879288,0.011193331331014633,-0.6314606666564941,-0.04329102858901024,0.041478149592876434,-0.7666866183280945,-0.04490336403250694,-0.047992855310440063,-0.5405702590942383,0.023593254387378693,-0.038256652653217316,-0.7501915693283081,-0.003682833630591631,-0.025585805997252464,-0.8788000345230103,-0.026387035846710205,-0.00725292693823576,-1.0,-0.0415201410651207,0.02218976803123951,-0.4988340437412262,0.018799183890223503,0.08686862885951996,-0.6968478560447693,-0.02474009245634079,0.1357526034116745,-0.8163211345672607,-0.05919934809207916,0.18703241646289825,-0.9295172095298767,-0.07536159455776215,0.0849113017320633,-0.4131736159324646,0.005940135568380356,0.14677998423576355,-0.501767635345459,-0.05881020054221153,0.10045510530471802,-0.3685699999332428,-0.06467768549919128,0.0685611441731453,-0.2821178734302521,-0.0472383089363575,0.1386246681213379,-0.31341007351875305,-0.009848053567111492,0.1779194474220276,-0.40766969323158264,-0.05739431455731392,0.14027637243270874,-0.31625476479530334,-0.049168553203344345,0.11217134445905685,-0.25291821360588074,-0.029553476721048355
K,K_session_001,186,0.0,0.0,0.0,-0.04503275826573372,-0.23029354214668274,-0.03532622009515762,-0.03297608345746994,-0.4599354565143585,-0.03757286071777344,0.019602099433541298,-0.6325823664665222,-0.04279804974794388,0.050345975905656815,-0.7663116455078125,-0.04363745450973511,-0.043964844197034836,-0.5416414737701416,0.022802220657467842,-0.033261630684137344,-0.7497679591178894,-0.002897885860875249,-0.021972356364130974,-0.8790558576583862,-0.0243639275431633,-0.0040260180830955505,-1.0,-0.03934799134731293,0.02766820788383484,-0.5010198354721069,0.018325557932257652,0.09214150160551071,-0.6994273066520691,-0.024919219315052032,0.13984502851963043,-0.819894015789032,-0.060200221836566925,0.19151097536087036,-0.9319653511047363,-0.07747349143028259,0.09094318747520447,-0.4127018451690674,0.006464127451181412,0.15188638865947723,-0.5101918578147888,-0.05651092901825905,0.10246831178665161,-0.3769114017486572,-0.06013422831892967,0.06947121024131775,-0.2851030230522156,-0.04164285212755203,0.14451126754283905,-0.3091959059238434,-0.008330576121807098,0.18114657700061798,-0.41144564747810364,-0.05387214571237564,0.14284463226795197,-0.32366594672203064,-0.04390228912234306,0.11540354788303375,-0.25919675827026367,-0.02332029864192009
K,K_session_001,187,0.0,0.0,0.0,-0.04599794000387192,-0.2269459366798401,-0.03310804441571236,-0.0347478985786438,-0.45534026622772217,-0.03650249168276787,0.019345372915267944,-0.6317552328109741,-0.04353417083621025,0.05081429332494736,-0.7679572105407715,-0.04624021053314209,-0.039402157068252563,-0.5404787063598633,0.019038187339901924,-0.02977989986538887,-0.7507995367050171,-0.010705873370170593,-0.019716747105121613,-0.8794049024581909,-0.03319397568702698,-0.004114844836294651,-1.0,-0.048075202852487564,0.031584545969963074,-0.4978022277355194,0.011416126973927021,0.0955662727355957,-0.703223705291748,-0.03576767444610596,0.1409086287021637,-0.8233900666236877,-0.07094444334506989,0.1914057582616806,-0.9396997094154358,-0.08722474426031113,0.09406834095716476,-0.40931713581085205,-0.0031476833391934633,0.1525667905807495,-0.5036172866821289,-0.06829043477773666,0.09933297336101532,-0.36696216464042664,-0.06718070060014725,0.06563381850719452,-0.2806237041950226,-0.04482549428939819,0.14753341674804688,-0.30337628722190857,-0.020689737051725388,0.18307863175868988,-0.3990862965583801,-0.06555666029453278,0.14077769219875336,-0.3093979060649872,-0.05082773417234421,0.11042776703834534,-0.249863862991333,-0.02663590759038925
K,K_session_001,188,0.0,0.0,0.0,-0.04810208082199097,-0.2278287261724472,-0.03376783803105354,-0.03761908784508705,-0.45480263233184814,-0.03677355870604515,0.017602214589715004,-0.6348224878311157,-0.04348160699009895,0.04760631173849106,-0.7762522101402283,-0.045667048543691635,-0.044032011181116104,-0.5459722280502319,0.024678919464349747,-0.0363328792154789,-0.7500258684158325,-0.0036725453101098537,-0.02506343647837639,-0.8793784976005554,-0.02578076161444187,-0.007990175858139992,-1.0,-0.04047255590558052,0.02869340591132641,-0.5039823651313782,0.017641860991716385,0.09065530449151993,-0.708666205406189,-0.02775447443127632,0.13641507923603058,-0.8305889964103699,-0.06234036758542061,0.187729150056839,-0.9469645023345947,-0.07812106609344482,0.09275516867637634,-0.4137982130050659,0.002911841729655862,0.14976716041564941,-0.5123550295829773,-0.06237909570336342,0.09675270318984985,-0.37808114290237427,-0.06263842433691025,0.06436549872159958,-0.29182538390159607,-0.04063908010721207,0.1484842151403427,-0.30456021428108215,-0.014740844257175922,0.18329188227653503,-0.4050489664077759,-0.060024239122867584,0.140300914645195,-0.317426472902298,-0.04655890539288521,0.11058803647756577,-0.25758856534957886,-0.02294567972421646
K,K_session_001,189,0.0,0.0,0.0,-0.05152570456266403,-0.23380349576473236,-0.033877674490213394,-0.04143807664513588,-0.46468257904052734,-0.035723134875297546,0.013918143697082996,-0.6446341872215271,-0.04073819890618324,0.04870262369513512,-0.7780064940452576,-0.04138762503862381,-0.04545187950134277,-0.5421915650367737,0.022857356816530228,-0.038085080683231354,-0.7499011754989624,-0.0043135834857821465,-0.02798295207321644,-0.8796564936637878,-0.02546246163547039,-0.013097979128360748,-1.0,-0.03945208713412285,0.028125084936618805,-0.5025421380996704,0.016869449988007545,0.08475234359502792,-0.7087869048118591,-0.025310810655355453,0.12759433686733246,-0.8334444761276245,-0.057834990322589874,0.17726543545722961,-0.952217698097229,-0.07259130477905273,0.09357727319002151,-0.4137493371963501,0.003128841519355774,0.14599692821502686,-0.5078619718551636,-0.05901094526052475,0.09233904629945755,-0.37625381350517273,-0.05978270620107651,0.06140611320734024,-0.2934090197086334,-0.03872542083263397,0.1498432159423828,-0.3051690459251404,-0.013587932102382183,0.18225276470184326,-0.40568363666534424,-0.056761763989925385,0.13893017172813416,-0.3200618326663971,-0.04384307190775871,0.1108919158577919,-0.2606649696826935,-0.021121855825185776
K,K_session_001,190,0.0,0.0,0.0,-0.05903463810682297,-0.22862225770950317,-0.02504882775247097,-0.05070151016116142,-0.45625582337379456,-0.029175400733947754,0.007815873250365257,-0.6393198370933533,-0.0386822447180748,0.04810585081577301,-0.7689982056617737,-0.044288698583841324,-0.04363217204809189,-0.531683087348938,0.015365569852292538,-0.04014810174703598,-0.7452248930931091,-0.01483492087572813,-0.033702559769153595,-0.877693772315979,-0.03500998020172119,-0.02176336571574211,-1.0,-0.047814901918172836,0.03006797283887863,-0.49603551626205444,0.0035482768435031176,0.08450398594141006,-0.709608256816864,-0.04219277203083038,0.1238238587975502,-0.8394774198532104,-0.07334275543689728,0.17105050384998322,-0.9588353037834167,-0.08722835034132004,0.09549792110919952,-0.4125176668167114,-0.01410605013370514,0.14230464398860931,-0.5012261271476746,-0.07512414455413818,0.08678296953439713,-0.37105515599250793,-0.07087412476539612,0.05687287449836731,-0.2810184955596924,-0.046979885548353195,0.15298061072826385,-0.3061205744743347,-0.034288134425878525,0.17987273633480072,-0.4035250246524811,-0.07377583533525467,0.13572055101394653,-0.3215315043926239,-0.05701354146003723,0.10740086436271667,-0.2582360804080963,-0.03227561339735985
K,K_session_001,191,0.0,0.0,0.0,-0.055479370057582855,-0.22235806286334991,-0.028998984023928642,-0.045490067452192307,-0.4469646215438843,-0.03395375981926918,0.007925157435238361,-0.6272842288017273,-0.04364043474197388,0.036816686391830444,-0.7679511904716492,-0.049554355442523956,-0.039966482669115067,-0.5264248251914978,0.011807811446487904,-0.03878803178668022,-0.7409499883651733,-0.01872539333999157,-0.031896766275167465,-0.8753437399864197,-0.03845156729221344,-0.01766311749815941,-1.0,-0.05068816989660263,0.03291739895939827,-0.48738548159599304,0.0015378996031358838,0.0824856385588646,-0.6928465962409973,-0.04438406601548195,0.11921533197164536,-0.8198897838592529,-0.07409264892339706,0.16475769877433777,-0.9387805461883545,-0.08677922189235687,0.097897008061409,-0.4017496705055237,-0.015032091177999973,0.14439499378204346,-0.5015203356742859,-0.0788450837135315,0.08875562250614166,-0.36543604731559753,-0.07359163463115692,0.05806945264339447,-0.272085040807724,-0.04810173809528351,0.1543734073638916,-0.29217731952667236,-0.03425266593694687,0.18242190778255463,-0.3972202241420746,-0.07714032381772995,0.13734009861946106,-0.31235551834106445,-0.06049836054444313,0.10713736712932587,-0.24726459383964539,-0.03493446484208107
K,K_session_001,192,0.0,0.0,0.0,-0.051885876804590225,-0.22158637642860413,-0.03013727441430092,-0.04039847478270531,-0.4470619559288025,-0.036408018320798874,0.011042280122637749,-0.6272403001785278,-0.046927690505981445,0.04100288078188896,-0.7685661315917969,-0.05316292122006416,-0.0388314463198185,-0.5313599109649658,0.01019139401614666,-0.03702094778418541,-0.7430293560028076,-0.021818095818161964,-0.03067629225552082,-0.8765542507171631,-0.042230721563100815,-0.017585495486855507,-1.0,-0.05481315776705742,0.03504898399114609,-0.4938258230686188,0.0004803123010788113,0.08460704982280731,-0.7033536434173584,-0.04825206100940704,0.12101776897907257,-0.8287715911865234,-0.07980296015739441,0.16669373214244843,-0.9464872479438782,-0.0930948331952095,0.10116319358348846,-0.4069975018501282,-0.015237013809382915,0.14574579894542694,-0.5053615570068359,-0.0795866847038269,0.09084024280309677,-0.3696536123752594,-0.07314897328615189,0.06137695163488388,-0.27971509099006653,-0.04662853479385376,0.15831273794174194,-0.29755496978759766,-0.03365395963191986,0.1842574030160904,-0.4022729694843292,-0.07534164935350418,0.14129291474819183,-0.31489115953445435,-0.05692175775766373,0.11371813714504242,-0.2524975836277008,-0.030075494199991226
K,K_session_001,193,0.0,0.0,0.0,-0.05251292884349823,-0.22363972663879395,-0.029650412499904633,-0.04086063429713249,-0.4498918950557709,-0.03603338450193405,0.012305041775107384,-0.6288244128227234,-0.04751640185713768,0.04295065253973007,-0.7689710259437561,-0.05490035563707352,-0.03637360408902168,-0.530113697052002,0.011273461394011974,-0.03430287539958954,-0.7407566905021667,-0.02154913730919361,-0.02869349718093872,-0.8752313852310181,-0.042557492852211,-0.01604757085442543,-1.0,-0.05578808858990669,0.03714406490325928,-0.4928906559944153,0.0009688074933364987,0.08425997197628021,-0.6965106129646301,-0.048215337097644806,0.11962444335222244,-0.8221257328987122,-0.07919367402791977,0.1649675965309143,-0.939349889755249,-0.09248824417591095,0.1022818312048912,-0.40530925989151,-0.015824805945158005,0.1436409056186676,-0.5050547122955322,-0.08059003204107285,0.08834212273359299,-0.3696363568305969,-0.07504439353942871,0.06020421162247658,-0.2753870487213135,-0.04930315911769867,0.1583326905965805,-0.29591840505599976,-0.03549604117870331,0.18385563790798187,-0.400193452835083,-0.07791963219642639,0.1386619210243225,-0.3180307149887085,-0.0619056262075901,0.10891152173280716,-0.2543770968914032,-0.037047211080789566
K,K_session_001,194,0.0,0.0,0.0,-0.053019385784864426,-0.21913686394691467,-0.025222014635801315,-0.04375758022069931,-0.43866726756095886,-0.03461706265807152,0.010093694552779198,-0.6161412596702576,-0.050251688808202744,0.04485051706433296,-0.7550369501113892,-0.062162794172763824,-0.034499384462833405,-0.5261338949203491,0.0076148328371346,-0.033674534410238266,-0.7394453287124634,-0.027873234823346138,-0.028401752933859825,-0.8754467368125916,-0.04900582507252693,-0.015623554587364197,-1.0,-0.061738140881061554,0.03939846530556679,-0.49220010638237,-0.005633595399558544,0.08510325849056244,-0.6985345482826233,-0.056296780705451965,0.1177929937839508,-0.8235529661178589,-0.08586212247610092,0.1607017070055008,-0.93979412317276,-0.09772384166717529,0.10508772730827332,-0.40706849098205566,-0.024540448561310768,0.13887834548950195,-0.5065646171569824,-0.08805420249700546,0.08447464555501938,-0.37179553508758545,-0.07933880388736725,0.05884062126278877,-0.27547189593315125,-0.05169517919421196,0.16119834780693054,-0.29725733399391174,-0.04599054530262947,0.17753194272518158,-0.4005877673625946,-0.08541299402713776,0.13307678699493408,-0.3191823363304138,-0.06655274331569672,0.10627435892820358,-0.25546592473983765,-0.03996459022164345
K,K_session_001,195,0.0,0.0,0.0,-0.053469471633434296,-0.223852276802063,-0.02184176631271839,-0.04623379930853844,-0.44555822014808655,-0.02808026410639286,0.005827785469591618,-0.6167059540748596,-0.04108014702796936,0.03965771198272705,-0.7465290427207947,-0.05028766393661499,-0.03719957545399666,-0.5278823971748352,0.00991996843367815,-0.03808717057108879,-0.7402532696723938,-0.025462640449404716,-0.03333701938390732,-0.8752744793891907,-0.0470273494720459,-0.02238374948501587,-1.0,-0.05986868217587471,0.037166349589824677,-0.49230721592903137,-0.005348153878003359,0.08224382996559143,-0.6988194584846497,-0.05652035400271416,0.11412221938371658,-0.8245316743850708,-0.08675816655158997,0.15516553819179535,-0.9412856698036194,-0.09861456602811813,0.10442603379487991,-0.40634194016456604,-0.025883037596940994,0.13581132888793945,-0.5026620626449585,-0.09101545810699463,0.08413968980312347,-0.36472904682159424,-0.08200439065694809,0.06062518060207367,-0.26745468378067017,-0.053075674921274185,0.16144424676895142,-0.2929519712924957,-0.048579853028059006,0.17740799486637115,-0.39268773794174194,-0.08772054314613342,0.1345425546169281,-0.3106856048107147,-0.06681780517101288,0.10983265936374664,-0.24731749296188354,-0.03835184499621391
K,K_session_001,196,0.0,0.0,0.0,-0.058673541992902756,-0.21841654181480408,-0.019676150754094124,-0.05393389239907265,-0.44595012068748474,-0.025326445698738098,-0.0007159310043789446,-0.6185616254806519,-0.037946827709674835,0.037250641733407974,-0.7439047694206238,-0.0477738156914711,-0.039707839488983154,-0.5248349905014038,0.007485833019018173,-0.04259033128619194,-0.7381179332733154,-0.027822129428386688,-0.03918050229549408,-0.8745865225791931,-0.049372993409633636,-0.028993839398026466,-1.0,-0.0625239759683609,0.033338624984025955,-0.49101078510284424,-0.00970213022083044,0.07482326030731201,-0.7003251910209656,-0.059598226100206375,0.10498183220624924,-0.8272305130958557,-0.08860598504543304,0.14544332027435303,-0.9475530982017517,-0.10019729286432266,0.10017002373933792,-0.4070671796798706,-0.031644515693187714,0.13303470611572266,-0.514165461063385,-0.0967201441526413,0.08118628710508347,-0.37096360325813293,-0.08589521050453186,0.05696051940321922,-0.26867201924324036,-0.056193526834249496,0.15672656893730164,-0.29336389899253845,-0.055534470826387405,0.17204265296459198,-0.39778977632522583,-0.0964490994811058,0.12884517014026642,-0.30810999870300293,-0.07442457228899002,0.10409297794103622,-0.23745913803577423,-0.04503635689616203
K,K_session_001,197,0.0,0.0,0.0,-0.05893993750214577,-0.21747760474681854,-0.020936347544193268,-0.05822541564702988,-0.4447721838951111,-0.026796966791152954,-0.008369450457394123,-0.6213985085487366,-0.039191197603940964,0.028537284582853317,-0.751120924949646,-0.04825417324900627,-0.04500622674822807,-0.5237607955932617,0.008730340749025345,-0.04929317161440849,-0.7376325130462646,-0.02516419067978859,-0.04828617721796036,-0.8730453848838806,-0.04547308385372162,-0.04133698716759682,-1.0,-0.05788108706474304,0.02878253534436226,-0.49427327513694763,-0.007082040421664715,0.06969819962978363,-0.7062093019485474,-0.05561687797307968,0.0987287312746048,-0.8336784839630127,-0.08385825902223587,0.13609759509563446,-0.9567484855651855,-0.09493884444236755,0.09698031842708588,-0.41365134716033936,-0.027825070545077324,0.12806089222431183,-0.5138491988182068,-0.09204630553722382,0.078342005610466,-0.37068086862564087,-0.0821344181895256,0.05426443740725517,-0.2699209451675415,-0.05310124158859253,0.1547049880027771,-0.3033493459224701,-0.0505131259560585,0.16964678466320038,-0.40596237778663635,-0.09015070647001266,0.12792178988456726,-0.3171798288822174,-0.06834608316421509,0.10340844094753265,-0.24939604103565216,-0.03944709524512291
K,K_session_001,198,0.0,0.0,0.0,-0.062081173062324524,-0.21951162815093994,-0.018937475979328156,-0.06298328936100006,-0.44856274127960205,-0.023107560351490974,-0.01440045889467001,-0.6236811876296997,-0.03419527783989906,0.02171986736357212,-0.7522033452987671,-0.042503081262111664,-0.05144331976771355,-0.5225017070770264,0.011798245832324028,-0.05870681628584862,-0.736392617225647,-0.020997028797864914,-0.057706668972969055,-0.8731732964515686,-0.040672581642866135,-0.050735048949718475,-1.0,-0.051885202527046204,0.022870829328894615,-0.49413374066352844,-0.004471983760595322,0.0628964826464653,-0.710908830165863,-0.05010198429226875,0.09137480705976486,-0.8415169715881348,-0.07670287042856216,0.12813149392604828,-0.9656997323036194,-0.08619870990514755,0.09127181023359299,-0.4156486690044403,-0.025808556005358696,0.11910991370677948,-0.5164888501167297,-0.08925461769104004,0.07099699229001999,-0.37352174520492554,-0.08131954818964005,0.04986879229545593,-0.2726190388202667,-0.05300350859761238,0.15007205307483673,-0.3084026277065277,-0.048723530024290085,0.16158738732337952,-0.4131762683391571,-0.08743573725223541,0.12010583281517029,-0.3205842673778534,-0.0657198578119278,0.09802787750959396,-0.24821285903453827,-0.036655496805906296
K,K_session_001,199,0.0,0.0,0.0,-0.06450498849153519,-0.2181052267551422,-0.01690642721951008,-0.06829885393381119,-0.4483959972858429,-0.019766584038734436,-0.020072847604751587,-0.6246038675308228,-0.02990369312465191,0.015848711133003235,-0.7499976754188538,-0.03724685311317444,-0.05835515633225441,-0.5210506319999695,0.012850058265030384,-0.06698279827833176,-0.7381358742713928,-0.019484378397464752,-0.06709524989128113,-0.8745527267456055,-0.03847155719995499,-0.06230996176600456,-1.0,-0.04917587339878082,0.016369491815567017,-0.4970875084400177,-0.0044701676815748215,0.05322679877281189,-0.7205793857574463,-0.05008438229560852,0.07983051985502243,-0.8536832928657532,-0.07710478454828262,0.11439085751771927,-0.9789589643478394,-0.08678185939788818,0.08624377846717834,-0.4225250780582428,-0.02648846246302128,0.11249060183763504,-0.5272932052612305,-0.0886346772313118,0.06866054236888885,-0.3840908706188202,-0.0798550620675087,0.05007648468017578,-0.28363296389579773,-0.05120435729622841,0.14690254628658295,-0.3184514045715332,-0.050051335245370865,0.15707629919052124,-0.42768606543540955,-0.08699650317430496,0.11821864545345306,-0.333025723695755,-0.06396500021219254,0.09835134446620941,-0.25998544692993164,-0.034198861569166183
K,K_session_001,200,0.0,0.0,0.0,-0.0659206360578537,-0.21700994670391083,-0.012818749994039536,-0.07324414700269699,-0.44894737005233765,-0.013622998259961605,-0.03075517527759075,-0.6269294023513794,-0.0231152530759573,0.004514771047979593,-0.7519767880439758,-0.03035782091319561,-0.06255869567394257,-0.5162613391876221,0.01995052583515644,-0.07238597422838211,-0.735458254814148,-0.010226910933852196,-0.07475263625383377,-0.8731701970100403,-0.027695374563336372,-0.07129892706871033,-1.0,-0.03776804730296135,0.011261682026088238,-0.49631616473197937,0.0009257590863853693,0.04627345874905586,-0.7221461534500122,-0.045060332864522934,0.06866690516471863,-0.8577412962913513,-0.07351919263601303,0.10068418830633163,-0.9845660328865051,-0.0843210443854332,0.08104033023118973,-0.4261455833911896,-0.02253093756735325,0.10729160159826279,-0.5408952236175537,-0.08478900790214539,0.06564385443925858,-0.394570916891098,-0.07670031487941742,0.04942366108298302,-0.29156947135925293,-0.04863056540489197,0.14315786957740784,-0.3274628221988678,-0.047062668949365616,0.14819470047950745,-0.4448850154876709,-0.0835157185792923,0.1117967963218689,-0.3472592532634735,-0.060765497386455536,0.09502561390399933,-0.2708521783351898,-0.03158208355307579
K,K_session_001,201,0.0,0.0,0.0,-0.06815142929553986,-0.21383684873580933,-0.014621295966207981,-0.07651690393686295,-0.43958038091659546,-0.018071137368679047,-0.03679816424846649,-0.6206644773483276,-0.03004486672580242,-0.010487806051969528,-0.7511882781982422,-0.03958793729543686,-0.06582209467887878,-0.5156067609786987,0.015282411128282547,-0.079339899122715,-0.7339963912963867,-0.01906856894493103,-0.08336997777223587,-0.8713253736495972,-0.039468519389629364,-0.08218802511692047,-1.0,-0.05109965056180954,0.009012730792164803,-0.4973214566707611,-0.00428035669028759,0.03978712856769562,-0.7269207835197449,-0.05368005856871605,0.05934366583824158,-0.8638796806335449,-0.08360818773508072,0.09002140164375305,-0.9963247776031494,-0.0947284996509552,0.08019637316465378,-0.42819711565971375,-0.028229176998138428,0.09922431409358978,-0.5414119958877563,-0.09124402701854706,0.05647372826933861,-0.39058277010917664,-0.08005157858133316,0.041893746703863144,-0.2904452383518219,-0.04929143190383911,0.1446097493171692,-0.32830244302749634,-0.05374637618660927,0.14577487111091614,-0.44412076473236084,-0.08869714289903641,0.10939034074544907,-0.34601131081581116,-0.062383346259593964,0.09297025948762894,-0.27390056848526,-0.030291305854916573
K,K_session_001,202,0.0,0.0,0.0,-0.06696754693984985,-0.2170204520225525,-0.020158931612968445,-0.0743100717663765,-0.44012194871902466,-0.02306000329554081,-0.033384568989276886,-0.6234284043312073,-0.033536311239004135,-0.01701684109866619,-0.7600058913230896,-0.04125232249498367,-0.07364582270383835,-0.5228527784347534,0.020472023636102676,-0.08690807223320007,-0.7333438992500305,-0.014369169250130653,-0.09022893756628036,-0.8678531646728516,-0.03714025765657425,-0.08835449814796448,-0.9946050047874451,-0.04991511255502701,0.0014047198928892612,-0.5008997321128845,0.0037136792670935392,0.028912018984556198,-0.7282779812812805,-0.04580862075090408,0.04939202591776848,-0.8655333518981934,-0.0775652825832367,0.08046714216470718,-1.0,-0.08930785953998566,0.07350684702396393,-0.4285936951637268,-0.01877526566386223,0.09618612378835678,-0.5409500598907471,-0.08633997291326523,0.052648112177848816,-0.38994958996772766,-0.07935283333063126,0.03450062870979309,-0.2893826365470886,-0.04962744563817978,0.13750290870666504,-0.32639390230178833,-0.04303764924407005,0.14661429822444916,-0.44215860962867737,-0.08315027505159378,0.10840244591236115,-0.344179630279541,-0.059576235711574554,0.08738350868225098,-0.27076783776283264,-0.027885068207979202
K,K_session_001,203,0.0,0.0,0.0,-0.06887003779411316,-0.21640922129154205,-0.02002963051199913,-0.07557294517755508,-0.44290027022361755,-0.0223621167242527,-0.03514695167541504,-0.6290718913078308,-0.03232358396053314,-0.018944690003991127,-0.7629643082618713,-0.03977488726377487,-0.07361678779125214,-0.5199256539344788,0.022239690646529198,-0.08606383949518204,-0.7264035940170288,-0.011243674904108047,-0.08957404643297195,-0.8601102232933044,-0.03371785953640938,-0.08673566579818726,-0.9880985021591187,-0.04691998288035393,0.0006758571253158152,-0.4998319447040558,0.0062967026606202126,0.027843263000249863,-0.7251201868057251,-0.04344877228140831,0.047880567610263824,-0.8647321462631226,-0.0762062817811966,0.07867573946714401,-1.0,-0.08915875852108002,0.07143504172563553,-0.42931246757507324,-0.015348484739661217,0.09699401259422302,-0.5478864908218384,-0.08351151645183563,0.05512584373354912,-0.3961240351200104,-0.07821851968765259,0.03621429577469826,-0.29201751947402954,-0.049807216972112656,0.1356738805770874,-0.3315039873123169,-0.038642771542072296,0.14574068784713745,-0.4540395736694336,-0.08003168553113937,0.11055143922567368,-0.3539213538169861,-0.05858653783798218,0.09029989689588547,-0.2759886682033539,-0.028553888201713562
K,K_session_001,204,0.0,0.0,0.0,-0.06963285803794861,-0.2141178399324417,-0.02141137607395649,-0.07700672745704651,-0.4365104138851166,-0.023212572559714317,-0.036664169281721115,-0.6215286254882812,-0.03242059797048569,-0.022610623389482498,-0.7553609013557434,-0.0388011671602726,-0.07692553848028183,-0.5195068120956421,0.024304410442709923,-0.09118978679180145,-0.7262188196182251,-0.009119750931859016,-0.0954010859131813,-0.8603784441947937,-0.03193792328238487,-0.09387987852096558,-0.9874173998832703,-0.04518613591790199,-0.00218602130189538,-0.4987506568431854,0.008751560002565384,0.02458043023943901,-0.7230112552642822,-0.0413876548409462,0.044543396681547165,-0.8623473644256592,-0.07513029128313065,0.07500073313713074,-1.0,-0.08830461651086807,0.06947340816259384,-0.42793312668800354,-0.012762255035340786,0.0956961065530777,-0.5427302718162537,-0.08171329647302628,0.05286974832415581,-0.38977381587028503,-0.07666134834289551,0.0336182527244091,-0.2902815639972687,-0.04791967198252678,0.1339854598045349,-0.32855862379074097,-0.03611956164240837,0.14362600445747375,-0.44499510526657104,-0.07843794673681259,0.10811454802751541,-0.34419307112693787,-0.05686749890446663,0.0885024443268776,-0.26976531744003296,-0.026200901716947556
K,K_session_001,205,0.0,0.0,0.0,-0.06893351674079895,-0.2178393304347992,-0.021913234144449234,-0.0755217894911766,-0.4384777545928955,-0.02446196973323822,-0.03556691110134125,-0.6226087212562561,-0.03436358645558357,-0.023735612630844116,-0.7548992037773132,-0.04158438369631767,-0.07776190340518951,-0.5172601938247681,0.026205910369753838,-0.0914442241191864,-0.7216494679450989,-0.0059080240316689014,-0.09566304832696915,-0.8528361320495605,-0.028530053794384003,-0.09355372935533524,-0.9786664247512817,-0.041871532797813416,-0.003987855743616819,-0.49602997303009033,0.011195214465260506,0.023329636082053185,-0.7211666107177734,-0.03772452846169472,0.043222684413194656,-0.8621952533721924,-0.07193470746278763,0.07380174845457077,-1.0,-0.08581078797578812,0.06657029688358307,-0.4254533052444458,-0.009945918805897236,0.0960649847984314,-0.5442359447479248,-0.07827966660261154,0.0531051866710186,-0.3943350613117218,-0.0755363255739212,0.03225727379322052,-0.2943001985549927,-0.04871204122900963,0.13118280470371246,-0.3281026780605316,-0.03281104937195778,0.14202292263507843,-0.4485739767551422,-0.07475704699754715,0.1071314811706543,-0.34913918375968933,-0.05461684614419937,0.08696820586919785,-0.27358052134513855,-0.025335261598229408
K,K_session_001,206,0.0,0.0,0.0,-0.07004670798778534,-0.21528074145317078,-0.022072553634643555,-0.0779380351305008,-0.4361458122730255,-0.022206250578165054,-0.03913617879152298,-0.621321976184845,-0.029285242781043053,-0.026805561035871506,-0.7530578970909119,-0.03353537991642952,-0.08354699611663818,-0.5167182087898254,0.03208452835679054,-0.09749042242765427,-0.7215811610221863,0.003415983635932207,-0.10117251425981522,-0.8529610633850098,-0.017062244936823845,-0.09864164888858795,-0.9783243536949158,-0.028388332575559616,-0.009820561856031418,-0.4972783327102661,0.01909775286912918,0.018070491030812263,-0.722937285900116,-0.025423215702176094,0.03886886686086655,-0.863823652267456,-0.05739371106028557,0.06949784606695175,-1.0,-0.06927744299173355,0.06076113507151604,-0.42884716391563416,-0.0005410038866102695,0.09112317115068436,-0.5423234701156616,-0.06662648171186447,0.050489392131567,-0.3933306336402893,-0.06638036668300629,0.03162427246570587,-0.2939980626106262,-0.040818292647600174,0.12549887597560883,-0.3343605101108551,-0.021716777235269547,0.13770826160907745,-0.45301321148872375,-0.06203284114599228,0.10407678037881851,-0.3519745469093323,-0.043091122061014175,0.08550982922315598,-0.2753540575504303,-0.014477232471108437
K,K_session_001,207,0.0,0.0,0.0,-0.06718664616346359,-0.21247343719005585,-0.020541692152619362,-0.07510387152433395,-0.43297213315963745,-0.022786548361182213,-0.04085937514901161,-0.6182577013969421,-0.03204882889986038,-0.030367819592356682,-0.7440927028656006,-0.03860921412706375,-0.08116168528795242,-0.5074340105056763,0.02300596982240677,-0.0961218997836113,-0.7160024046897888,-0.00773903913795948,-0.10017263144254684,-0.8491882085800171,-0.028826279565691948,-0.09799422323703766,-0.9742665886878967,-0.04102211818099022,-0.00924212671816349,-0.48945698142051697,0.008183974772691727,0.018203996121883392,-0.7183955907821655,-0.03911192715167999,0.03888193145394325,-0.8631369471549988,-0.07163568586111069,0.069625124335289,-1.0,-0.084507055580616,0.06028806418180466,-0.42226141691207886,-0.01228662021458149,0.09376344829797745,-0.5416684746742249,-0.07833139598369598,0.05345204100012779,-0.3949982523918152,-0.07634556293487549,0.03382602334022522,-0.29492729902267456,-0.05075608566403389,0.12477707862854004,-0.32905375957489014,-0.03429113328456879,0.13805773854255676,-0.4486949145793915,-0.07539030909538269,0.1050228476524353,-0.35120755434036255,-0.056843288242816925,0.08595188707113266,-0.27502337098121643,-0.02911919355392456
K,K_session_001,208,0.0,0.0,0.0,-0.06732551008462906,-0.21398848295211792,-0.02259378507733345,-0.07489887624979019,-0.433320552110672,-0.02520999126136303,-0.04107930138707161,-0.6196906566619873,-0.03437244892120361,-0.03115343488752842,-0.7524259090423584,-0.040088944137096405,-0.08432327955961227,-0.5121634602546692,0.02343757264316082,-0.09846800565719604,-0.7188373804092407,-0.007450200617313385,-0.1023431271314621,-0.8523157835006714,-0.029346100986003876,-0.09955262392759323,-0.9771347641944885,-0.04236598685383797,-0.011991165578365326,-0.4945342242717743,0.009672561660408974,0.015153482556343079,-0.7184590101242065,-0.03880732133984566,0.037274930626153946,-0.8640187382698059,-0.07377070188522339,0.06948617845773697,-1.0,-0.08865037560462952,0.058535318821668625,-0.4273761212825775,-0.009790807962417603,0.09469152987003326,-0.538311779499054,-0.07536153495311737,0.054690100252628326,-0.3955928385257721,-0.07361207157373428,0.03384346514940262,-0.29639801383018494,-0.04869932681322098,0.1233387440443039,-0.33552050590515137,-0.031156357377767563,0.1384584903717041,-0.45044541358947754,-0.07196726649999619,0.10655450075864792,-0.3560742735862732,-0.053562674671411514,0.0870124027132988,-0.28225162625312805,-0.02603711187839508
K,K_session_001,209,0.0,0.0,0.0,-0.067202627658844,-0.2168947458267212,-0.02267186902463436,-0.07481571286916733,-0.43520814180374146,-0.025255613029003143,-0.039042577147483826,-0.6182883977890015,-0.03429361432790756,-0.029563510790467262,-0.7481344938278198,-0.04001766815781593,-0.08588872849941254,-0.5172572135925293,0.022476596757769585,-0.1001695767045021,-0.7206438779830933,-0.008787482045590878,-0.1041627749800682,-0.8527118563652039,-0.030632561072707176,-0.10224341601133347,-0.9747318625450134,-0.043070677667856216,-0.013302793726325035,-0.4973645508289337,0.008224911987781525,0.01329164206981659,-0.7218718528747559,-0.03949905186891556,0.03510422259569168,-0.8662352561950684,-0.07339590787887573,0.06640098989009857,-1.0,-0.08694927394390106,0.058074746280908585,-0.42794111371040344,-0.01181399542838335,0.09232249110937119,-0.5348343849182129,-0.07735224813222885,0.052765291184186935,-0.39441347122192383,-0.07630301266908646,0.032687246799468994,-0.29943597316741943,-0.05148599296808243,0.12322767078876495,-0.3321075141429901,-0.03363843634724617,0.1378810852766037,-0.44603875279426575,-0.07370531558990479,0.10532126575708389,-0.35140055418014526,-0.05467217415571213,0.08586186170578003,-0.27932795882225037,-0.026563748717308044
K,K_session_001,210,0.0,0.0,0.0,-0.06748521327972412,-0.2073812037706375,-0.0275422353297472,-0.07649567723274231,-0.42844071984291077,-0.030042225494980812,-0.04481345787644386,-0.6166477203369141,-0.03790106996893883,-0.0376349575817585,-0.7547875642776489,-0.04240172356367111,-0.08915158361196518,-0.5130154490470886,0.023973966017365456,-0.1033039465546608,-0.7195631265640259,-0.0054024276323616505,-0.10672755539417267,-0.8515613675117493,-0.02542535401880741,-0.10517434775829315,-0.9733471870422363,-0.03631254658102989,-0.01706220582127571,-0.49292442202568054,0.012741557322442532,0.009206123650074005,-0.723738968372345,-0.03168881684541702,0.03144263103604317,-0.8654309511184692,-0.06311745196580887,0.062274303287267685,-1.0,-0.07482758909463882,0.05323309451341629,-0.4249008893966675,-0.005415713880211115,0.08927146345376968,-0.5353099703788757,-0.07090999186038971,0.05085807666182518,-0.3944080173969269,-0.07229997962713242,0.031195905059576035,-0.3037272095680237,-0.049016695469617844,0.11799918860197067,-0.33189377188682556,-0.025541596114635468,0.1339842528104782,-0.44457387924194336,-0.06665092706680298,0.10161475092172623,-0.34928596019744873,-0.05011061951518059,0.08191926777362823,-0.2794466018676758,-0.02387355826795101
K,K_session_001,211,0.0,0.0,0.0,-0.06903941184282303,-0.2085077315568924,-0.027588695287704468,-0.07785489410161972,-0.4312353730201721,-0.029313920065760612,-0.045482438057661057,-0.6195161938667297,-0.03625109791755676,-0.03971654549241066,-0.7570620775222778,-0.040225304663181305,-0.09213157743215561,-0.5166342258453369,0.023204758763313293,-0.10597056895494461,-0.7224034667015076,-0.006008605007082224,-0.10949797183275223,-0.8539927005767822,-0.026290057227015495,-0.10778767615556717,-0.9758082628250122,-0.0374215766787529,-0.01993357203900814,-0.49552828073501587,0.011777838692069054,0.006499480456113815,-0.7248286604881287,-0.03212498500943184,0.02837401069700718,-0.8670188188552856,-0.06323730200529099,0.05898798629641533,-1.0,-0.07481465488672256,0.05095244571566582,-0.42530274391174316,-0.0065687564201653,0.08638528734445572,-0.5357468128204346,-0.07283896952867508,0.04768520966172218,-0.3933100998401642,-0.07521086931228638,0.02776995860040188,-0.2997646629810333,-0.05246070772409439,0.11567829549312592,-0.3294823467731476,-0.026769345626235008,0.13065779209136963,-0.4432288408279419,-0.06986115872859955,0.09833187609910965,-0.34716278314590454,-0.054322946816682816,0.07922440767288208,-0.27534914016723633,-0.02842552214860916
K,K_session_001,212,0.0,0.0,0.0,-0.06827906519174576,-0.2082356959581375,-0.024694176390767097,-0.07651247829198837,-0.4338809549808502,-0.02508569322526455,-0.044454049319028854,-0.6217641830444336,-0.031403884291648865,-0.03689571097493172,-0.7557575702667236,-0.035426948219537735,-0.08637045323848724,-0.507338285446167,0.02434944547712803,-0.10030565410852432,-0.7145711779594421,-0.004184552934020758,-0.10491620749235153,-0.8475905060768127,-0.024139825254678726,-0.10416597127914429,-0.9707024097442627,-0.03548630699515343,-0.015502617694437504,-0.4888034760951996,0.011669623665511608,0.009484952315688133,-0.7194461226463318,-0.031093180179595947,0.029998986050486565,-0.8642609119415283,-0.061625782400369644,0.059717386960983276,-1.0,-0.07350460439920425,0.0544939823448658,-0.42118382453918457,-0.0076945386826992035,0.08925163745880127,-0.5392335057258606,-0.07321641594171524,0.05102888122200966,-0.3962421119213104,-0.07559012621641159,0.0314737893640995,-0.30007410049438477,-0.05348355323076248,0.11895166337490082,-0.32871657609939575,-0.028699828311800957,0.13166534900665283,-0.4464494287967682,-0.07193490117788315,0.09928393363952637,-0.3497147858142853,-0.05699756368994713,0.08087028563022614,-0.2751556932926178,-0.032061122357845306
K,K_session_001,213,0.0,0.0,0.0,-0.06938161700963974,-0.21016550064086914,-0.022609539330005646,-0.07768779247999191,-0.42983412742614746,-0.025447022169828415,-0.04387360066175461,-0.6173014640808105,-0.034918468445539474,-0.04118093103170395,-0.750543475151062,-0.04168287664651871,-0.08640003949403763,-0.5122748613357544,0.022022180259227753,-0.0999765619635582,-0.7177149057388306,-0.009501413442194462,-0.10361361503601074,-0.8493170142173767,-0.03062690980732441,-0.1017741784453392,-0.9708880186080933,-0.042175497859716415,-0.013501319102942944,-0.49433329701423645,0.007628565654158592,0.011753587052226067,-0.7216953039169312,-0.039326827973127365,0.030826592817902565,-0.8646674752235413,-0.07123903185129166,0.05974863842129707,-1.0,-0.08343853056430817,0.057259004563093185,-0.42685824632644653,-0.012883744202554226,0.08838767558336258,-0.5398528575897217,-0.07942134141921997,0.05055878311395645,-0.39505720138549805,-0.07849275320768356,0.033173348754644394,-0.29817497730255127,-0.05351419001817703,0.12153296172618866,-0.3326760530471802,-0.03502396494150162,0.13257454335689545,-0.44933393597602844,-0.0763261467218399,0.10168816149234772,-0.3538096845149994,-0.05816115066409111,0.08479280024766922,-0.2805463373661041,-0.03064386174082756
K,K_session_001,214,0.0,0.0,0.0,-0.06850329041481018,-0.2147386372089386,-0.02310933731496334,-0.076653853058815,-0.43458613753318787,-0.024458574131131172,-0.043825142085552216,-0.6210198402404785,-0.031880933791399,-0.038533058017492294,-0.7515971660614014,-0.03598225116729736,-0.08809667825698853,-0.5111560225486755,0.024538032710552216,-0.10036931931972504,-0.7173982858657837,-0.004294493235647678,-0.1030535101890564,-0.8486326336860657,-0.024873657152056694,-0.10117505490779877,-0.9697946310043335,-0.0368533656001091,-0.016039958223700523,-0.49346593022346497,0.011646892875432968,0.008866497315466404,-0.7171197533607483,-0.033297136425971985,0.029616737738251686,-0.8637374639511108,-0.06616470217704773,0.05860130116343498,-1.0,-0.07996658235788345,0.05500699579715729,-0.42743420600891113,-0.0073375338688492775,0.08928875625133514,-0.5438560843467712,-0.07122233510017395,0.053882259875535965,-0.4047286808490753,-0.07075674831867218,0.03436388447880745,-0.30774250626564026,-0.04709504172205925,0.12015031278133392,-0.33572807908058167,-0.02813236229121685,0.13295677304267883,-0.45476460456848145,-0.06812047213315964,0.10444505512714386,-0.36328768730163574,-0.05069311708211899,0.08799301832914352,-0.29119008779525757,-0.024220330640673637
K,K_session_001,215,0.0,0.0,0.0,-0.06945653259754181,-0.21706268191337585,-0.017152749001979828,-0.07951013743877411,-0.42861008644104004,-0.017286496236920357,-0.045087914913892746,-0.6067525744438171,-0.024544810876250267,-0.038590218871831894,-0.7377602458000183,-0.028054755181074142,-0.0858372151851654,-0.5115184187889099,0.026062501594424248,-0.09775841236114502,-0.7248978614807129,-0.004493804648518562,-0.10109800100326538,-0.8588786721229553,-0.026115458458662033,-0.09921880066394806,-0.9802594780921936,-0.03823433816432953,-0.012612883001565933,-0.48969581723213196,0.010216728784143925,0.014682970009744167,-0.7185116410255432,-0.03672221302986145,0.033914051949977875,-0.8624172210693359,-0.07054420560598373,0.06201416999101639,-1.0,-0.0844535306096077,0.06000322848558426,-0.4207761883735657,-0.010869041085243225,0.09341224282979965,-0.5331398248672485,-0.07521370053291321,0.05421748757362366,-0.39430561661720276,-0.07528066635131836,0.03620874136686325,-0.3004542887210846,-0.051938388496637344,0.12547951936721802,-0.32522475719451904,-0.033167313784360886,0.1393311321735382,-0.4316145181655884,-0.07233849167823792,0.10543053597211838,-0.34570398926734924,-0.05484994128346443,0.08709566295146942,-0.28280022740364075,-0.028315510600805283
K,K_session_001,216,0.0,0.0,0.0,-0.07289069145917892,-0.2163933366537094,-0.019086772575974464,-0.08221594989299774,-0.43741467595100403,-0.020344926044344902,-0.04872632399201393,-0.6211971640586853,-0.028635676950216293,-0.03802046552300453,-0.7496728897094727,-0.033812958747148514,-0.08664906769990921,-0.5073180198669434,0.020040426403284073,-0.09854380786418915,-0.7229323387145996,-0.012269721366465092,-0.1000833734869957,-0.8588009476661682,-0.034363143146038055,-0.09684807062149048,-0.9851711392402649,-0.047222383320331573,-0.01399961393326521,-0.4854322075843811,0.0039666518568992615,0.012557212263345718,-0.7139544486999512,-0.04452746361494064,0.03412417694926262,-0.8607470989227295,-0.07721126079559326,0.06458324939012527,-1.0,-0.09070419520139694,0.05736081674695015,-0.41731804609298706,-0.017442261800169945,0.09380243718624115,-0.5361354947090149,-0.0829661637544632,0.0547565259039402,-0.39548563957214355,-0.08024081587791443,0.0343620628118515,-0.2990995943546295,-0.05534214898943901,0.12339074909687042,-0.3218840956687927,-0.040567029267549515,0.13888543844223022,-0.43328964710235596,-0.08232772350311279,0.10706587135791779,-0.341279536485672,-0.0644669309258461,0.0885668694972992,-0.27082765102386475,-0.03774578496813774
K,K_session_001,217,0.0,0.0,0.0,-0.07153573632240295,-0.2175687998533249,-0.018959810957312584,-0.07892805337905884,-0.4435630440711975,-0.019326969981193542,-0.04515578970313072,-0.6242588758468628,-0.026804054155945778,-0.03613857552409172,-0.7518855333328247,-0.03118475340306759,-0.08405568450689316,-0.5146201252937317,0.01902105286717415,-0.09362757205963135,-0.7301518321037292,-0.012177911587059498,-0.09488824009895325,-0.8657553195953369,-0.033537738025188446,-0.09164995700120926,-0.9906376600265503,-0.04626057669520378,-0.013038275763392448,-0.4892008304595947,0.0026405751705169678,0.016376150771975517,-0.7123282551765442,-0.044678207486867905,0.038402337580919266,-0.8609911203384399,-0.0769340991973877,0.069625623524189,-1.0,-0.09067948162555695,0.05751514062285423,-0.41748836636543274,-0.019050834700465202,0.09678500145673752,-0.5339732766151428,-0.08307722955942154,0.056282468140125275,-0.39527541399002075,-0.08028261363506317,0.03496747463941574,-0.2975997030735016,-0.05604759603738785,0.12232783436775208,-0.31861668825149536,-0.042647991329431534,0.14060723781585693,-0.43223515152931213,-0.08445913344621658,0.10709330439567566,-0.34408608078956604,-0.06733226031064987,0.08726281672716141,-0.27252477407455444,-0.04135270416736603
K,K_session_001,218,0.0,0.0,0.0,-0.07137366384267807,-0.22168736159801483,-0.017520824447274208,-0.07912334054708481,-0.45029452443122864,-0.016761144623160362,-0.047111622989177704,-0.6325668096542358,-0.023608002811670303,-0.0334012396633625,-0.7578290104866028,-0.027546856552362442,-0.0833924189209938,-0.5184822082519531,0.02111186273396015,-0.0930444598197937,-0.7319680452346802,-0.009924293495714664,-0.09453374892473221,-0.8662011027336121,-0.031927771866321564,-0.09095989912748337,-0.9900299906730652,-0.045733705163002014,-0.012250931933522224,-0.4927993416786194,0.0040506222285330296,0.01716935634613037,-0.7149719595909119,-0.04379237815737724,0.03893376886844635,-0.8623079657554626,-0.07721417397260666,0.07131156325340271,-1.0,-0.0922970324754715,0.05820148438215256,-0.4200206696987152,-0.01820150949060917,0.09884142875671387,-0.5380511283874512,-0.08145299553871155,0.05777741223573685,-0.39743945002555847,-0.07748106867074966,0.03623659908771515,-0.2980961799621582,-0.05316442996263504,0.12313517183065414,-0.32064327597618103,-0.04245062172412872,0.14110660552978516,-0.43487367033958435,-0.08363138884305954,0.10716287791728973,-0.346077024936676,-0.06593869626522064,0.08702016621828079,-0.27362099289894104,-0.040046919137239456
K,K_session_001,219,0.0,0.0,0.0,-0.0702413022518158,-0.22962068021297455,-0.015082408674061298,-0.0774947851896286,-0.45692408084869385,-0.014967766590416431,-0.04422625154256821,-0.6367682218551636,-0.023188980296254158,-0.024037929251790047,-0.7619494795799255,-0.028527293354272842,-0.07704528421163559,-0.5236325263977051,0.022154130041599274,-0.08546701818704605,-0.7395268678665161,-0.00767506193369627,-0.08730914443731308,-0.8751487731933594,-0.028832297772169113,-0.08405931293964386,-0.9997420907020569,-0.042437594383955,-0.004149210173636675,-0.4960293471813202,0.0036969378124922514,0.02713465876877308,-0.7168006896972656,-0.04381817951798439,0.05032411590218544,-0.8645289540290833,-0.07741770893335342,0.08270873129367828,-1.0,-0.09293719381093979,0.06738120317459106,-0.42000657320022583,-0.019489025697112083,0.10640349984169006,-0.5363426208496094,-0.08245844393968582,0.06415098160505295,-0.3989497721195221,-0.08005405962467194,0.04100583493709564,-0.2963240444660187,-0.057134006172418594,0.13175636529922485,-0.31786465644836426,-0.044216129928827286,0.14770819246768951,-0.43103066086769104,-0.08521920442581177,0.11195532977581024,-0.34554117918014526,-0.06846451759338379,0.08979666978120804,-0.27068591117858887,-0.043447159230709076
K,K_session_001,220,0.0,0.0,0.0,-0.07015922665596008,-0.23248255252838135,-0.01385836023837328,-0.07645091414451599,-0.46702051162719727,-0.010440874844789505,-0.04114620387554169,-0.6444457769393921,-0.01582280546426773,-0.017499540001153946,-0.7644311189651489,-0.01850491389632225,-0.07350672781467438,-0.5312778949737549,0.027667099609971046,-0.08062512427568436,-0.7441276907920837,0.0010634951759129763,-0.08246247470378876,-0.8773388862609863,-0.01863718591630459,-0.07873976975679398,-1.0,-0.03189695253968239,-0.001954164355993271,-0.49875423312187195,0.009611265733838081,0.031308818608522415,-0.7083225250244141,-0.03572596609592438,0.05600119009613991,-0.8533968925476074,-0.06927823275327682,0.08950436115264893,-0.9872310757637024,-0.08522853255271912,0.06713441014289856,-0.41938501596450806,-0.013408591039478779,0.10727840662002563,-0.5360748171806335,-0.07628290355205536,0.06541406363248825,-0.40067267417907715,-0.07543793320655823,0.04151277244091034,-0.2967194616794586,-0.053508635610342026,0.13017843663692474,-0.3152247667312622,-0.03784816339612007,0.15001745522022247,-0.43253350257873535,-0.08035361021757126,0.11293277144432068,-0.3466755449771881,-0.06547961384057999,0.08849652856588364,-0.26753243803977966,-0.04157736152410507
K,K_session_001,221,0.0,0.0,0.0,-0.06717871129512787,-0.22767040133476257,-0.01530319545418024,-0.07317312061786652,-0.46234288811683655,-0.014637341722846031,-0.03962554410099983,-0.6404022574424744,-0.02238023281097412,-0.014151683077216148,-0.7631787061691284,-0.027050405740737915,-0.06744392961263657,-0.5322477221488953,0.021941324695944786,-0.07587133347988129,-0.7451037764549255,-0.007659711875021458,-0.07710273563861847,-0.8782051205635071,-0.0288107767701149,-0.07183683663606644,-1.0,-0.04278168827295303,0.004171070177108049,-0.4992600381374359,0.004135264083743095,0.038585226982831955,-0.7106260657310486,-0.042673565447330475,0.06458745151758194,-0.8513452410697937,-0.07582643628120422,0.10008851438760757,-0.9838771820068359,-0.0915558710694313,0.0721418559551239,-0.4198412597179413,-0.018642133101820946,0.11176192760467529,-0.5283745527267456,-0.0803217738866806,0.06886906176805496,-0.39166539907455444,-0.07666803896427155,0.045818012207746506,-0.2911858558654785,-0.05353713780641556,0.1332167536020279,-0.3164741098880768,-0.043250225484371185,0.1535646766424179,-0.42678844928741455,-0.08340147137641907,0.1143556460738182,-0.34099912643432617,-0.06677490472793579,0.08877916634082794,-0.26581424474716187,-0.04224849492311478
K,K_session_001,222,0.0,0.0,0.0,-0.06861338019371033,-0.22784237563610077,-0.01672586239874363,-0.07361065596342087,-0.463235467672348,-0.014461304992437363,-0.03369220346212387,-0.6440442800521851,-0.02031644992530346,-0.0030052110087126493,-0.764776885509491,-0.022880498319864273,-0.06942009180784225,-0.5344485640525818,0.028133809566497803,-0.07346288859844208,-0.7478365898132324,0.0004801189643330872,-0.07320438325405121,-0.8791143894195557,-0.01988026313483715,-0.06710409373044968,-1.0,-0.03350009396672249,0.002618303056806326,-0.5032757520675659,0.011805406771600246,0.03943660482764244,-0.7077096104621887,-0.035000622272491455,0.0673009380698204,-0.8445948958396912,-0.06970299780368805,0.10375338047742844,-0.9741442799568176,-0.08615972846746445,0.07053400576114655,-0.42477571964263916,-0.00989470724016428,0.11367838084697723,-0.5303504467010498,-0.07307993620634079,0.07095061987638474,-0.3924444615840912,-0.07173700630664825,0.04653123393654823,-0.29518166184425354,-0.049451932311058044,0.1314816027879715,-0.32186779379844666,-0.03340182453393936,0.15641817450523376,-0.42842426896095276,-0.07556682080030441,0.11835098266601562,-0.34015753865242004,-0.0606977716088295,0.09251951426267624,-0.2675453722476959,-0.03676526993513107
K,K_session_001,223,0.0,0.0,0.0,-0.07141881436109543,-0.2240069955587387,-0.015716424211859703,-0.07641399651765823,-0.4576842188835144,-0.014307603240013123,-0.034377116709947586,-0.6360263824462891,-0.020974162966012955,0.0010865764925256371,-0.7495512962341309,-0.02440274879336357,-0.06541437655687332,-0.5315854549407959,0.024552583694458008,-0.06783109158277512,-0.7473763227462769,-0.0019510239362716675,-0.06703806668519974,-0.879615306854248,-0.021013882011175156,-0.06025107949972153,-1.0,-0.03397888317704201,0.005917760543525219,-0.49774545431137085,0.008572036400437355,0.04426320269703865,-0.7019160389900208,-0.03735308721661568,0.07332369685173035,-0.840304434299469,-0.07040926814079285,0.11011434346437454,-0.9651440978050232,-0.08616907894611359,0.07235300540924072,-0.41863036155700684,-0.012288413941860199,0.11472274363040924,-0.5224802494049072,-0.07327618449926376,0.07292456179857254,-0.3833209276199341,-0.0701756700873375,0.04884464666247368,-0.28007838129997253,-0.04731065407395363,0.13223789632320404,-0.31762629747390747,-0.0349523201584816,0.1547849178314209,-0.42150163650512695,-0.07549021393060684,0.11899098753929138,-0.3325936794281006,-0.06019619107246399,0.09638648480176926,-0.2580418884754181,-0.03632901981472969
K,K_session_001,224,0.0,0.0,0.0,-0.06805835664272308,-0.22943952679634094,-0.01701408065855503,-0.07090718299150467,-0.46225419640541077,-0.014565330930054188,-0.02722780592739582,-0.6384493112564087,-0.019959526136517525,0.00614958768710494,-0.7555624842643738,-0.02211550623178482,-0.06644692271947861,-0.5338163375854492,0.02927497960627079,-0.06600484251976013,-0.7485263347625732,0.004186767619103193,-0.06324432045221329,-0.8798944354057312,-0.014989943243563175,-0.05487557128071785,-1.0,-0.02814149670302868,0.00483578909188509,-0.4983413517475128,0.014422924257814884,0.0452958308160305,-0.6996170282363892,-0.029178084805607796,0.07664740830659866,-0.8350684642791748,-0.06196644902229309,0.11540566384792328,-0.9579986333847046,-0.07785318791866302,0.07156752049922943,-0.4175049066543579,-0.006000399123877287,0.11678118258714676,-0.5217651128768921,-0.06623905152082443,0.07307001948356628,-0.3837150037288666,-0.06464467942714691,0.046376317739486694,-0.28218647837638855,-0.043096210807561874,0.13169531524181366,-0.31579217314720154,-0.0283911544829607,0.15642547607421875,-0.42153406143188477,-0.0696408823132515,0.119007408618927,-0.3328319489955902,-0.05563247203826904,0.09419266879558563,-0.258938729763031,-0.032735325396060944
K,K_session_001,225,0.0,0.0,0.0,-0.0685272142291069,-0.22275149822235107,-0.019583268091082573,-0.07206004112958908,-0.45432326197624207,-0.01987745799124241,-0.03028567135334015,-0.6345239877700806,-0.02729601413011551,0.0026199156418442726,-0.7561830878257751,-0.03158659115433693,-0.06672574579715729,-0.532599151134491,0.021421868354082108,-0.06561689078807831,-0.7469300031661987,-0.007030092645436525,-0.061862293630838394,-0.8787746429443359,-0.027802852913737297,-0.0532691553235054,-1.0,-0.04155146703124046,0.0037162210792303085,-0.49632012844085693,0.007129688281565905,0.0452498160302639,-0.7002222537994385,-0.03799053654074669,0.07687496393918991,-0.8321124911308289,-0.06965340673923492,0.1151176169514656,-0.954211413860321,-0.0845564752817154,0.06939806044101715,-0.41752228140830994,-0.012791306711733341,0.11660967767238617,-0.5171611905097961,-0.07431857287883759,0.07266224920749664,-0.37999311089515686,-0.0720856711268425,0.04547527804970741,-0.2816593647003174,-0.05006550997495651,0.12902918457984924,-0.3177500069141388,-0.03488531336188316,0.1559925377368927,-0.4163743257522583,-0.07686073333024979,0.11829601228237152,-0.32837578654289246,-0.06277865171432495,0.09214334934949875,-0.25696465373039246,-0.039787642657756805
K,K_session_001,226,0.0,0.0,0.0,-0.06751371920108795,-0.22312068939208984,-0.01764746755361557,-0.07101001590490341,-0.45317965745925903,-0.01792430877685547,-0.02841169573366642,-0.6302328705787659,-0.025611402466893196,0.006093157455325127,-0.7498379349708557,-0.03002195432782173,-0.06405586004257202,-0.5346397757530212,0.02163630910217762,-0.06286665052175522,-0.7492048144340515,-0.0070563689805567265,-0.059644415974617004,-0.8796858787536621,-0.027835456654429436,-0.05090727284550667,-1.0,-0.04176139086484909,0.006569765508174896,-0.4982024133205414,0.006178263574838638,0.048915278166532516,-0.7008506059646606,-0.04094571992754936,0.08055807650089264,-0.8319464325904846,-0.0740283653140068,0.11940969526767731,-0.9540138840675354,-0.08966848999261856,0.0725850984454155,-0.4186365604400635,-0.014395340345799923,0.11975601315498352,-0.516123354434967,-0.07675595581531525,0.07473399490118027,-0.3771679401397705,-0.0741870105266571,0.04730582237243652,-0.2791013717651367,-0.051893144845962524,0.13195489346981049,-0.3185482621192932,-0.03695426508784294,0.15698450803756714,-0.4147305488586426,-0.07946281135082245,0.11875308305025101,-0.32359153032302856,-0.06505030393600464,0.09307722002267838,-0.2528306245803833,-0.04171721637248993
K,K_session_001,227,0.0,0.0,0.0,-0.06608571857213974,-0.22208794951438904,-0.01691538281738758,-0.06971179693937302,-0.45149537920951843,-0.01693963259458542,-0.027220871299505234,-0.6282429695129395,-0.024440033361315727,0.007999948225915432,-0.7493565082550049,-0.02892209030687809,-0.05997288599610329,-0.5342239141464233,0.022060200572013855,-0.05755383148789406,-0.7488800883293152,-0.007944224402308464,-0.05392330884933472,-0.879322350025177,-0.030220506712794304,-0.04492977261543274,-1.0,-0.04511218145489693,0.010199828073382378,-0.4963167607784271,0.006014666985720396,0.05315999314188957,-0.7024227380752563,-0.04147980362176895,0.0846370980143547,-0.8319591879844666,-0.07514963299036026,0.12447389215230942,-0.9537222385406494,-0.09122701734304428,0.07604768872261047,-0.41437819600105286,-0.015100219286978245,0.12018214911222458,-0.5128645300865173,-0.07698242366313934,0.07395027577877045,-0.37477943301200867,-0.07366742938756943,0.047934770584106445,-0.2802645266056061,-0.05115674063563347,0.13548271358013153,-0.31289371848106384,-0.03816350921988487,0.15812072157859802,-0.41115662455558777,-0.07904552668333054,0.11896365135908127,-0.32012036442756653,-0.0628780871629715,0.0949392020702362,-0.2530159056186676,-0.038719385862350464
K,K_session_001,228,0.0,0.0,0.0,-0.06389135122299194,-0.22761857509613037,-0.018946148455142975,-0.06474906951189041,-0.4590056538581848,-0.018388250842690468,-0.02043970488011837,-0.6362800002098083,-0.025298675522208214,0.01372111588716507,-0.7567068934440613,-0.02919887751340866,-0.05889631807804108,-0.5350890159606934,0.024486195296049118,-0.055632222443819046,-0.7481921911239624,-0.004881586413830519,-0.05124233663082123,-0.8793402910232544,-0.0274045392870903,-0.040452487766742706,-1.0,-0.04276785999536514,0.011735759675502777,-0.49554479122161865,0.009188532829284668,0.05487966537475586,-0.6990907788276672,-0.038540616631507874,0.0868091955780983,-0.830698549747467,-0.07373249530792236,0.1276332587003708,-0.9529192447662354,-0.09107508510351181,0.07746579498052597,-0.41123127937316895,-0.01158165279775858,0.1252909004688263,-0.5133235454559326,-0.07535239309072495,0.07635457813739777,-0.3764064610004425,-0.07347731292247772,0.04721258580684662,-0.27973154187202454,-0.051409851759672165,0.13573667407035828,-0.30740585923194885,-0.03443257510662079,0.16162249445915222,-0.4099556803703308,-0.07823139429092407,0.12089917063713074,-0.3209114968776703,-0.06363267451524734,0.09383533895015717,-0.2510780990123749,-0.04000956565141678
K,K_session_001,229,0.0,0.0,0.0,-0.06443477421998978,-0.22281832993030548,-0.02108505181968212,-0.06603600829839706,-0.45164328813552856,-0.02159735932946205,-0.021639825776219368,-0.6295264363288879,-0.02886895090341568,0.013390378095209599,-0.7539317607879639,-0.03268725052475929,-0.05888038128614426,-0.5330160856246948,0.022826358675956726,-0.055194128304719925,-0.7464752793312073,-0.007382845506072044,-0.0501214899122715,-0.8788784146308899,-0.02981634810566902,-0.03938371688127518,-1.0,-0.0446787066757679,0.011495661921799183,-0.4931865930557251,0.00831871759146452,0.05533459410071373,-0.7010070085525513,-0.03989679366350174,0.08792464435100555,-0.8312878608703613,-0.07454434037208557,0.12875325977802277,-0.954269289970398,-0.090874582529068,0.07695300877094269,-0.4094269871711731,-0.011976691894233227,0.1265089511871338,-0.5070664882659912,-0.07697003334760666,0.07758445292711258,-0.36955395340919495,-0.07533976435661316,0.04830189794301987,-0.2786378264427185,-0.05280252546072006,0.1355242133140564,-0.3061915934085846,-0.034392163157463074,0.16351932287216187,-0.40390250086784363,-0.07855734974145889,0.12240000069141388,-0.3137902021408081,-0.06388264894485474,0.09485342353582382,-0.24835076928138733,-0.03994769975543022
K,K_session_001,230,0.0,0.0,0.0,-0.06741652637720108,-0.22066189348697662,-0.020867276936769485,-0.06866661459207535,-0.45371976494789124,-0.021514590829610825,-0.022651856765151024,-0.629858672618866,-0.028655514121055603,0.012781661935150623,-0.7505294680595398,-0.03237326815724373,-0.05934670940041542,-0.5326179265975952,0.017851971089839935,-0.056650932878255844,-0.7467642426490784,-0.01199305709451437,-0.05216878652572632,-0.8787223100662231,-0.03334037959575653,-0.04273255914449692,-1.0,-0.047719862312078476,0.010598752647638321,-0.49329403042793274,0.003266348037868738,0.05333075672388077,-0.6998775005340576,-0.04456657916307449,0.08645619451999664,-0.8309053778648376,-0.07783439010381699,0.12762728333473206,-0.9544903039932251,-0.09350452572107315,0.07569999992847443,-0.4094676077365875,-0.01663191244006157,0.12346094101667404,-0.5046436190605164,-0.07977989315986633,0.07573779672384262,-0.3667389154434204,-0.07609187066555023,0.047217100858688354,-0.2747781574726105,-0.05283248424530029,0.13368970155715942,-0.30475765466690063,-0.03884825482964516,0.1604645848274231,-0.39985015988349915,-0.08192529529333115,0.12022058665752411,-0.3109164535999298,-0.06663547456264496,0.09299275279045105,-0.2456893026828766,-0.042589496821165085
K,K_session_001,231,0.0,0.0,0.0,-0.06295335292816162,-0.22245630621910095,-0.021785665303468704,-0.06415542215108871,-0.4532400369644165,-0.023448871448636055,-0.021589092910289764,-0.6308580636978149,-0.03157703951001167,0.01087549701333046,-0.7553445100784302,-0.036233801394701004,-0.059385452419519424,-0.5345332622528076,0.017621370032429695,-0.05801542475819588,-0.7465702295303345,-0.012832186184823513,-0.0540635846555233,-0.8782957196235657,-0.035154081881046295,-0.044080838561058044,-1.0,-0.050237417221069336,0.010308015160262585,-0.49549007415771484,0.00350444158539176,0.053843557834625244,-0.7026228904724121,-0.044794078916311264,0.08766277134418488,-0.8365704417228699,-0.07925103604793549,0.13006940484046936,-0.9625339508056641,-0.0959927886724472,0.07551882416009903,-0.41160842776298523,-0.015952862799167633,0.12512268126010895,-0.5109450221061707,-0.07978128641843796,0.07619045674800873,-0.37569090723991394,-0.07732290029525757,0.046646155416965485,-0.2818371653556824,-0.054874543100595474,0.1331615000963211,-0.3075728416442871,-0.03769344836473465,0.16054624319076538,-0.4067015051841736,-0.08151312917470932,0.11977843940258026,-0.31989774107933044,-0.06694171577692032,0.09211517125368118,-0.25245532393455505,-0.04329876974225044
K,K_session_001,232,0.0,0.0,0.0,-0.06225156411528587,-0.2218591272830963,-0.02245270274579525,-0.06271179765462875,-0.4533942639827728,-0.023310711607336998,-0.019667554646730423,-0.6327570080757141,-0.030383078381419182,0.013286653906106949,-0.7592993378639221,-0.03379322960972786,-0.05871621146798134,-0.5387865304946899,0.02140726149082184,-0.059221550822257996,-0.7493041157722473,-0.006989361718297005,-0.05671050399541855,-0.879560112953186,-0.02727387100458145,-0.04875117540359497,-1.0,-0.040615059435367584,0.01181573886424303,-0.5014090538024902,0.007886793464422226,0.05490453541278839,-0.7126352787017822,-0.03845314681529999,0.08804817497730255,-0.8450892567634583,-0.07187602669000626,0.12966476380825043,-0.9701349139213562,-0.08722011744976044,0.07748225331306458,-0.41763463616371155,-0.011318313889205456,0.12553423643112183,-0.5105668306350708,-0.0745328813791275,0.07767076790332794,-0.3719712793827057,-0.07222897559404373,0.050123415887355804,-0.28138184547424316,-0.0491567924618721,0.1354503035545349,-0.31367239356040955,-0.03267890587449074,0.16195127367973328,-0.4108310639858246,-0.07472851127386093,0.12238769978284836,-0.3187420070171356,-0.05873287841677666,0.0971766859292984,-0.2522142827510834,-0.03396693617105484
K,K_session_001,233,0.0,0.0,0.0,-0.06336881965398788,-0.23105379939079285,-0.02128746174275875,-0.06306809931993484,-0.46575185656547546,-0.020415974780917168,-0.014935591258108616,-0.6404582262039185,-0.026288330554962158,0.020980289205908775,-0.757824718952179,-0.0286827702075243,-0.06019766628742218,-0.5419604182243347,0.025351034477353096,-0.06170273944735527,-0.7512486577033997,-0.0013555011246353388,-0.060564298182725906,-0.880561351776123,-0.020759206265211105,-0.05355611816048622,-1.0,-0.033874865621328354,0.01103008259087801,-0.5050795674324036,0.01129295863211155,0.054799940437078476,-0.7111091613769531,-0.033986158668994904,0.08945510536432266,-0.8438400626182556,-0.06754941493272781,0.13263435661792755,-0.9665038585662842,-0.08301597088575363,0.07749643176794052,-0.4199424982070923,-0.008595331571996212,0.12566253542900085,-0.5136897563934326,-0.07123472541570663,0.0772337093949318,-0.3736846148967743,-0.06933173537254333,0.04969246685504913,-0.27961277961730957,-0.04635755345225334,0.1356031894683838,-0.31307074427604675,-0.030655963346362114,0.16104820370674133,-0.41207823157310486,-0.07271386682987213,0.12201294302940369,-0.3204081058502197,-0.05707775056362152,0.09863662719726562,-0.25120463967323303,-0.032343216240406036
K,K_session_001,234,0.0,0.0,0.0,-0.060065992176532745,-0.2339073121547699,-0.020811986178159714,-0.05965718999505043,-0.4697273373603821,-0.018838606774806976,-0.01361869741231203,-0.6453046798706055,-0.023939525708556175,0.019916582852602005,-0.7641569972038269,-0.02585812844336033,-0.05997214838862419,-0.5464571118354797,0.030685126781463623,-0.06308647245168686,-0.7536579966545105,0.005255563650280237,-0.06313422322273254,-0.8816452026367188,-0.014244954101741314,-0.057756051421165466,-1.0,-0.02725435048341751,0.011083051562309265,-0.5105592012405396,0.016681546345353127,0.05405643582344055,-0.720454752445221,-0.02434583380818367,0.08893951773643494,-0.8505793213844299,-0.05625256150960922,0.1326785385608673,-0.9745381474494934,-0.07073602080345154,0.07796978205442429,-0.42506492137908936,-0.0036876918748021126,0.12149833887815475,-0.5186296701431274,-0.06294490396976471,0.07416034489870071,-0.3820522427558899,-0.06179670989513397,0.04903252795338631,-0.2907901108264923,-0.03989136591553688,0.13582132756710052,-0.31754598021507263,-0.02629350870847702,0.1588316708803177,-0.41844695806503296,-0.06438647210597992,0.11838345974683762,-0.330064058303833,-0.047570906579494476,0.09559258073568344,-0.26173990964889526,-0.022690368816256523
K,K_session_001,235,0.0,0.0,0.0,-0.05919152870774269,-0.23180989921092987,-0.01922805979847908,-0.06016629934310913,-0.46541106700897217,-0.01627994328737259,-0.015977324917912483,-0.636599063873291,-0.020479168742895126,0.01617549918591976,-0.753560483455658,-0.02134864404797554,-0.06221794709563255,-0.5525941252708435,0.031922347843647,-0.06638401001691818,-0.7563531994819641,0.008278950117528439,-0.06693041324615479,-0.883162796497345,-0.00974882859736681,-0.06261301785707474,-1.0,-0.021571438759565353,0.00912482850253582,-0.5168880224227905,0.017569854855537415,0.05279485136270523,-0.7246327996253967,-0.021920112892985344,0.08782276511192322,-0.8544836640357971,-0.05352916568517685,0.12920509278774261,-0.9746955633163452,-0.06770774722099304,0.07601571828126907,-0.43158775568008423,-0.002783417934551835,0.12038621306419373,-0.5182017087936401,-0.060823168605566025,0.07567297667264938,-0.38195109367370605,-0.060469601303339005,0.05041675269603729,-0.2895781695842743,-0.03915397450327873,0.13321451842784882,-0.32417532801628113,-0.025049595162272453,0.1575748324394226,-0.4211326241493225,-0.06215166300535202,0.12050094455480576,-0.3303072154521942,-0.04520107060670853,0.09812913835048676,-0.26086750626564026,-0.02024674043059349
K,K_session_001,236,0.0,0.0,0.0,-0.060382816940546036,-0.23222492635250092,-0.019749227911233902,-0.0591859333217144,-0.4754806160926819,-0.013975552283227444,-0.012058855965733528,-0.6481518745422363,-0.015194866806268692,0.022068167105317116,-0.7611531615257263,-0.012782957404851913,-0.06174997612833977,-0.5504244565963745,0.03839833661913872,-0.0661725401878357,-0.7549340128898621,0.01804746687412262,-0.06685749441385269,-0.8823429346084595,0.0020106802694499493,-0.06317812204360962,-1.0,-0.00902809202671051,0.009569203481078148,-0.516059935092926,0.025347253307700157,0.054398760199546814,-0.7273058891296387,-0.011483185924589634,0.09056779742240906,-0.8583520650863647,-0.04250083863735199,0.13287904858589172,-0.9804447293281555,-0.056548357009887695,0.07614970207214355,-0.4304651618003845,0.005621220916509628,0.12091221660375595,-0.5169364213943481,-0.05110732465982437,0.07593020051717758,-0.3783690631389618,-0.0520850233733654,0.050684116780757904,-0.28796330094337463,-0.03187116980552673,0.13406381011009216,-0.3246830105781555,-0.016160136088728905,0.15738947689533234,-0.42038458585739136,-0.052889496088027954,0.11954597383737564,-0.3273203372955322,-0.03774258866906166,0.09771329164505005,-0.2599349319934845,-0.014564543031156063
K,K_session_001,237,0.0,0.0,0.0,-0.060029324144124985,-0.23855799436569214,-0.016936862841248512,-0.05779963731765747,-0.4791657328605652,-0.010582405142486095,-0.008692446164786816,-0.6464927792549133,-0.012212383560836315,0.023275915533304214,-0.7577413320541382,-0.010796251706779003,-0.06071116030216217,-0.5496304631233215,0.04052721709012985,-0.06662065535783768,-0.7546611428260803,0.019215354695916176,-0.06851579993963242,-0.8827728629112244,0.002236579544842243,-0.06612133234739304,-1.0,-0.00892268493771553,0.0107739781960845,-0.5146676301956177,0.02533787675201893,0.053837746381759644,-0.7255810499191284,-0.010915289632976055,0.08986609429121017,-0.8556117415428162,-0.04160671308636665,0.13258737325668335,-0.9772320985794067,-0.05508022382855415,0.07832807302474976,-0.4289267063140869,0.003581677796319127,0.12066049873828888,-0.5166724920272827,-0.051972318440675735,0.07697049528360367,-0.38142630457878113,-0.05236271396279335,0.053369827568531036,-0.2912297248840332,-0.03180721402168274,0.1362130492925644,-0.3212259113788605,-0.020137213170528412,0.15860798954963684,-0.42195817828178406,-0.05427897721529007,0.12095587700605392,-0.3319644331932068,-0.036664146929979324,0.09994031488895416,-0.26285767555236816,-0.011892902664840221
K,K_session_001,238,0.0,0.0,0.0,-0.05780687555670738,-0.23817798495292664,-0.01792522892355919,-0.05567358806729317,-0.47176408767700195,-0.01226749923080206,-0.011262076906859875,-0.640783429145813,-0.01414407603442669,0.014442170038819313,-0.7589478492736816,-0.01287168264389038,-0.06446599215269089,-0.5439481735229492,0.03821378946304321,-0.06905695796012878,-0.7507887482643127,0.015385872684419155,-0.07005541771650314,-0.8805931806564331,-0.002142691984772682,-0.0671904981136322,-1.0,-0.013209396041929722,0.0071973735466599464,-0.5089837312698364,0.02349255047738552,0.05139853060245514,-0.7224605679512024,-0.015264029614627361,0.08830100297927856,-0.8531147241592407,-0.046507950872182846,0.13123595714569092,-0.9763044714927673,-0.05977107957005501,0.07540810108184814,-0.42515838146209717,0.0023018531501293182,0.11965151131153107,-0.515194833278656,-0.05659758299589157,0.07680181413888931,-0.3785248398780823,-0.05698052793741226,0.05226154997944832,-0.28916501998901367,-0.0354020856320858,0.13410253822803497,-0.3195718824863434,-0.020653244107961655,0.15810583531856537,-0.42470020055770874,-0.05712784826755524,0.12164788693189621,-0.33261314034461975,-0.03917255252599716,0.09990353137254715,-0.26280054450035095,-0.013524367474019527
K,K_session_001,239,0.0,0.0,0.0,-0.05572545528411865,-0.23728284239768982,-0.017668748274445534,-0.05457795783877373,-0.4634687304496765,-0.013390022329986095,-0.01623355969786644,-0.6329694390296936,-0.016699524596333504,0.005030411295592785,-0.7580684423446655,-0.016686776652932167,-0.0646088644862175,-0.5444647669792175,0.03657696396112442,-0.06933458149433136,-0.7517714500427246,0.013594813644886017,-0.0698409304022789,-0.8811806440353394,-0.0038041560910642147,-0.06579329818487167,-1.0,-0.014717746526002884,0.00732097402215004,-0.5082918405532837,0.021590126678347588,0.053644854575395584,-0.7197554111480713,-0.018402747809886932,0.08960617333650589,-0.8513670563697815,-0.050806764513254166,0.1318046748638153,-0.9759210348129272,-0.06497281044721603,0.07520299404859543,-0.42371201515197754,0.00047143406118266284,0.12155070155858994,-0.5119402408599854,-0.05875309556722641,0.0785490944981575,-0.37808191776275635,-0.060021549463272095,0.05356397107243538,-0.2934536933898926,-0.03945222124457359,0.13438645005226135,-0.31854113936424255,-0.022213077172636986,0.1607227623462677,-0.42455464601516724,-0.058880243450403214,0.1236351802945137,-0.3331145644187927,-0.04153035208582878,0.10020972043275833,-0.2662107050418854,-0.016528841108083725
K,K_session_001,240,0.0,0.0,0.0,-0.055356986820697784,-0.2369856834411621,-0.019420182332396507,-0.051861610263586044,-0.4652652144432068,-0.015058618038892746,-0.013416321016848087,-0.6372761726379395,-0.01797572523355484,0.0025383818428963423,-0.76290363073349,-0.0177216324955225,-0.06183531880378723,-0.5450341105461121,0.035316821187734604,-0.06599149107933044,-0.7525951266288757,0.011918064206838608,-0.06633145362138748,-0.8815364837646484,-0.00578648317605257,-0.0627686008810997,-1.0,-0.016851210966706276,0.010079063475131989,-0.5071372985839844,0.020990202203392982,0.05695381760597229,-0.7164248824119568,-0.01895001530647278,0.09220139682292938,-0.8469260931015015,-0.051252689212560654,0.133612722158432,-0.9708698391914368,-0.06534820795059204,0.07745079696178436,-0.4209233224391937,0.00022981257643550634,0.12186696380376816,-0.5061773657798767,-0.05899801477789879,0.07827872782945633,-0.37502339482307434,-0.060959212481975555,0.05344777554273605,-0.29311269521713257,-0.04103178530931473,0.13507570326328278,-0.31528186798095703,-0.022350337356328964,0.16116462647914886,-0.42088010907173157,-0.05928558483719826,0.12355591356754303,-0.33216434717178345,-0.042710598558187485,0.09999654442071915,-0.2672480642795563,-0.018387887626886368
K,K_session_001,241,0.0,0.0,0.0,-0.0474061593413353,-0.24218417704105377,-0.01943815127015114,-0.04172416776418686,-0.4638006091117859,-0.015214960090816021,-0.007456663530319929,-0.6366161704063416,-0.017538726329803467,-0.000863009481690824,-0.7657775282859802,-0.01631048135459423,-0.05743333697319031,-0.5476857423782349,0.03536476194858551,-0.061362624168395996,-0.7540526390075684,0.013779858127236366,-0.06125497445464134,-0.8824747800827026,-0.0032670048531144857,-0.05682901293039322,-1.0,-0.013970278203487396,0.013945209793746471,-0.5090036988258362,0.02240103855729103,0.06408236175775528,-0.7182137966156006,-0.01584615930914879,0.10111824423074722,-0.8486747145652771,-0.04805151745676994,0.14326266944408417,-0.9690514802932739,-0.06224711239337921,0.08009777218103409,-0.420406699180603,0.0034376694820821285,0.1235928013920784,-0.5079820156097412,-0.053076568990945816,0.08120930194854736,-0.3827810287475586,-0.054760441184043884,0.05717628449201584,-0.302687406539917,-0.035178042948246,0.13657425343990326,-0.31314247846603394,-0.017198016867041588,0.16292326152324677,-0.4241628050804138,-0.05143606662750244,0.12557640671730042,-0.3388760983943939,-0.03370410203933716,0.10255308449268341,-0.27456027269363403,-0.008792969398200512
K,K_session_001,242,0.0,0.0,0.0,-0.05053895339369774,-0.23914144933223724,-0.021667208522558212,-0.044849250465631485,-0.46482768654823303,-0.017256855964660645,-0.010664056055247784,-0.638751208782196,-0.019495874643325806,0.0005444337148219347,-0.764108419418335,-0.018231302499771118,-0.05532017722725868,-0.5451541543006897,0.03800610080361366,-0.0598330982029438,-0.753654956817627,0.017032062634825706,-0.06016583740711212,-0.8824858665466309,0.00033587843063287437,-0.05591284856200218,-1.0,-0.010213225148618221,0.015428533777594566,-0.504145622253418,0.02611854486167431,0.06484021246433258,-0.7103119492530823,-0.011799009516835213,0.10207649320363998,-0.8399501442909241,-0.0441153384745121,0.14444857835769653,-0.9597642421722412,-0.05840901657938957,0.08039652556180954,-0.4164530038833618,0.0074131423607468605,0.12524959444999695,-0.5022159814834595,-0.050683408975601196,0.08165941387414932,-0.37430790066719055,-0.05422201752662659,0.05656285583972931,-0.29092562198638916,-0.0354655459523201,0.1363355815410614,-0.31114739179611206,-0.013104470446705818,0.1620209962129593,-0.4190439283847809,-0.04956744611263275,0.12486771494150162,-0.3303181529045105,-0.034141432493925095,0.10262365639209747,-0.26215165853500366,-0.010654649697244167
K,K_session_001,243,0.0,0.0,0.0,-0.04785498231649399,-0.23860427737236023,-0.019508905708789825,-0.04174794629216194,-0.46026477217674255,-0.018483206629753113,-0.006504896562546492,-0.6377431750297546,-0.02469484694302082,0.004862830508500338,-0.765906035900116,-0.027644488960504532,-0.049682777374982834,-0.5415847301483154,0.030314892530441284,-0.054383184760808945,-0.7511174082756042,0.00474740331992507,-0.055034149438142776,-0.8807463049888611,-0.014726866036653519,-0.05033282935619354,-1.0,-0.02720019407570362,0.020948629826307297,-0.502820611000061,0.015800585970282555,0.07174140959978104,-0.7116022109985352,-0.026457861065864563,0.11005427688360214,-0.8408418297767639,-0.06023455783724785,0.1542937308549881,-0.9608433246612549,-0.07571697235107422,0.08580439537763596,-0.4153982102870941,-0.00447219330817461,0.12925468385219574,-0.5039805173873901,-0.062431346625089645,0.08487338572740555,-0.37978842854499817,-0.06206074729561806,0.0600765161216259,-0.29945212602615356,-0.04142477363348007,0.1414237767457962,-0.3097391426563263,-0.026672586798667908,0.1685333400964737,-0.42089560627937317,-0.06075861677527428,0.13030605018138885,-0.33593428134918213,-0.04165429249405861,0.1066829264163971,-0.2704707086086273,-0.016110535711050034
K,K_session_001,244,0.0,0.0,0.0,-0.050197992473840714,-0.24017931520938873,-0.020050598308444023,-0.04328494518995285,-0.4663095474243164,-0.017203103750944138,-0.009190218523144722,-0.641061544418335,-0.021552039310336113,0.0014772932045161724,-0.7595915794372559,-0.02253483049571514,-0.054422955960035324,-0.5441358089447021,0.03356136754155159,-0.05880420282483101,-0.75300532579422,0.01014240924268961,-0.0582423135638237,-0.8819877505302429,-0.00776085676625371,-0.0522492378950119,-1.0,-0.019529011100530624,0.016734065487980843,-0.5048846006393433,0.019440578296780586,0.06629631668329239,-0.7092389464378357,-0.02217048592865467,0.10603664070367813,-0.8395298719406128,-0.056047648191452026,0.15136845409870148,-0.9598620533943176,-0.07155688107013702,0.08198758214712143,-0.41771242022514343,-0.0007834433345124125,0.12773779034614563,-0.5054848790168762,-0.0604291595518589,0.08352080732584,-0.377924382686615,-0.06177844479680061,0.057950399816036224,-0.2926334738731384,-0.04156191647052765,0.1378519982099533,-0.31140032410621643,-0.022854072973132133,0.16345073282718658,-0.42001646757125854,-0.05994449183344841,0.12579329311847687,-0.33263370394706726,-0.04313348978757858,0.10258377343416214,-0.2630702257156372,-0.01862945966422558
K,K_session_001,245,0.0,0.0,0.0,-0.04312848299741745,-0.2432059943675995,-0.023445099592208862,-0.034360066056251526,-0.46642759442329407,-0.02156638167798519,-0.0008071083575487137,-0.6439095139503479,-0.025994770228862762,0.007174818776547909,-0.7713664174079895,-0.026844674721360207,-0.046236295253038406,-0.5452115535736084,0.03535160794854164,-0.05041235312819481,-0.7510145902633667,0.013158004730939865,-0.05070369318127632,-0.8805603384971619,-0.00568263977766037,-0.044795505702495575,-1.0,-0.018431752920150757,0.023800021037459373,-0.5043414235115051,0.024254562333226204,0.0750923603773117,-0.7087315320968628,-0.013808688148856163,0.11457357555627823,-0.8386953473091125,-0.047563351690769196,0.15980637073516846,-0.9582222700119019,-0.06401427090167999,0.08743064850568771,-0.414307177066803,0.006368697155267,0.13455362617969513,-0.50664883852005,-0.049722347408533096,0.08883146941661835,-0.38979679346084595,-0.05444293096661568,0.0617789626121521,-0.3109571635723114,-0.03808344528079033,0.1414235383272171,-0.30874958634376526,-0.013624020852148533,0.1704380214214325,-0.42078882455825806,-0.048441607505083084,0.13113711774349213,-0.3414393663406372,-0.0344974659383297,0.10587640851736069,-0.27696293592453003,-0.01311922911554575
K,K_session_001,246,0.0,0.0,0.0,-0.04814014956355095,-0.23764653503894806,-0.025083787739276886,-0.03928779438138008,-0.4675384759902954,-0.021490629762411118,-0.005634175147861242,-0.6432708501815796,-0.02333662658929825,0.0009772197809070349,-0.7679907083511353,-0.021032504737377167,-0.05423370376229286,-0.5506826043128967,0.03530048206448555,-0.05744970217347145,-0.7561958432197571,0.014143013395369053,-0.0562250018119812,-0.8831833600997925,-0.0027417324017733335,-0.04994352161884308,-1.0,-0.014003434218466282,0.017258042469620705,-0.5098598003387451,0.02521507255733013,0.06775917112827301,-0.7100130319595337,-0.01344712357968092,0.1077541932463646,-0.8358653783798218,-0.04610569775104523,0.1535438895225525,-0.9579472541809082,-0.06092124432325363,0.08191505819559097,-0.4207630455493927,0.008102907799184322,0.12785910069942474,-0.5035538077354431,-0.04994765296578407,0.08146712183952332,-0.3764108419418335,-0.052555035799741745,0.05538450554013252,-0.2988874614238739,-0.03355840966105461,0.13668276369571686,-0.31353557109832764,-0.011244488880038261,0.16206414997577667,-0.4128987789154053,-0.04840024560689926,0.12317345291376114,-0.32676962018013,-0.03363793343305588,0.0998699739575386,-0.26521384716033936,-0.010740095749497414
K,K_session_001,247,0.0,0.0,0.0,-0.04608289152383804,-0.23756958544254303,-0.027065573260188103,-0.03822597861289978,-0.46544769406318665,-0.024791935458779335,-0.0032732286490499973,-0.6446956396102905,-0.027898268774151802,0.004179781302809715,-0.7767537832260132,-0.027190089225769043,-0.05258497595787048,-0.5531226992607117,0.03790832310914993,-0.05640013515949249,-0.7574964761734009,0.018343189731240273,-0.055738359689712524,-0.8832676410675049,0.00255917408503592,-0.04983367398381233,-1.0,-0.00738811120390892,0.017887188121676445,-0.5090264081954956,0.029484691098332405,0.07139090448617935,-0.7125551104545593,-0.005546873435378075,0.11272498220205307,-0.8354750871658325,-0.0356743223965168,0.1577347368001938,-0.9517312049865723,-0.048544563353061676,0.08204185217618942,-0.41842588782310486,0.013247184455394745,0.12887908518314362,-0.5006108283996582,-0.04444693773984909,0.08425213396549225,-0.37517449259757996,-0.050690241158008575,0.05779333412647247,-0.2980598509311676,-0.033882539719343185,0.13665834069252014,-0.31352707743644714,-0.004932629410177469,0.1646416336297989,-0.4160321056842804,-0.04163019731640816,0.12513139843940735,-0.32951876521110535,-0.02867862582206726,0.09978737682104111,-0.2673283517360687,-0.007197537925094366
K,K_session_001,248,0.0,0.0,0.0,-0.0436803363263607,-0.238633930683136,-0.024609658867120743,-0.036406997591257095,-0.4600842595100403,-0.023587336763739586,-0.00168499699793756,-0.6371855139732361,-0.027944954112172127,0.00415547052398324,-0.7700615525245667,-0.028205497190356255,-0.05019295588135719,-0.5480677485466003,0.033248282968997955,-0.051216643303632736,-0.7554728984832764,0.011579299345612526,-0.049514297395944595,-0.8830456733703613,-0.0057067242451012135,-0.042573511600494385,-1.0,-0.016786256805062294,0.02064143866300583,-0.5058374404907227,0.023088959977030754,0.07395099848508835,-0.713228702545166,-0.014462864026427269,0.1146676316857338,-0.8393898606300354,-0.04660741612315178,0.16018550097942352,-0.9572017192840576,-0.06127407029271126,0.08503641188144684,-0.414488285779953,0.006245288997888565,0.12950077652931213,-0.4965291917324066,-0.04894283413887024,0.08592653274536133,-0.3779743015766144,-0.05243159830570221,0.06156862899661064,-0.3045915365219116,-0.03513626381754875,0.1390412598848343,-0.30750012397766113,-0.012678577564656734,0.16719858348369598,-0.40905195474624634,-0.04573535919189453,0.12903086841106415,-0.3279438316822052,-0.030159693211317062,0.1053212583065033,-0.27020859718322754,-0.007723171263933182
K,K_session_001,249,0.0,0.0,0.0,-0.04404532164335251,-0.23791269958019257,-0.026399189606308937,-0.03522690758109093,-0.4641927480697632,-0.023030929267406464,-0.0008355691097676754,-0.6414041519165039,-0.024913305416703224,0.004079670645296574,-0.7736918926239014,-0.022861985489726067,-0.050186119973659515,-0.5526706576347351,0.03837495297193527,-0.05094914138317108,-0.7568637132644653,0.018576674163341522,-0.04744047299027443,-0.8836997151374817,0.0023928885348141193,-0.03978734835982323,-1.0,-0.007744671311229467,0.019982734695076942,-0.5083122253417969,0.02923882007598877,0.07108563929796219,-0.7120656967163086,-0.006264442577958107,0.11204783618450165,-0.8364124298095703,-0.03751475363969803,0.15663617849349976,-0.9554108381271362,-0.05131399258971214,0.0838288739323616,-0.4166046679019928,0.012468184344470501,0.129984050989151,-0.49387115240097046,-0.04489036276936531,0.08706720173358917,-0.37413156032562256,-0.05152434483170509,0.0610819086432457,-0.3033633828163147,-0.03528193384408951,0.1372264325618744,-0.3093341886997223,-0.0063103847205638885,0.16786348819732666,-0.40996161103248596,-0.042223382741212845,0.12969855964183807,-0.3258560597896576,-0.029122861102223396,0.10419564694166183,-0.26676273345947266,-0.00792134553194046
K,K_session_001,250,0.0,0.0,0.0,-0.045553747564554214,-0.238564133644104,-0.026562374085187912,-0.03643564134836197,-0.4690547585487366,-0.022803686559200287,-0.0007755180122330785,-0.6477763056755066,-0.024306904524564743,0.00645465450361371,-0.7757382392883301,-0.021800560876727104,-0.05116939917206764,-0.5534266233444214,0.03789832815527916,-0.05184680595993996,-0.7569299340248108,0.016845744103193283,-0.04777136817574501,-0.8835428953170776,-2.2890500986250117e-05,-0.04025154933333397,-1.0,-0.010659636929631233,0.018848514184355736,-0.5109841227531433,0.02858334220945835,0.0707169622182846,-0.7173415422439575,-0.008836030960083008,0.11198876798152924,-0.8416837453842163,-0.04047413542866707,0.15627968311309814,-0.9604146480560303,-0.05415645241737366,0.0824747160077095,-0.4199262261390686,0.011566318571567535,0.131839320063591,-0.49511846899986267,-0.048025164753198624,0.08903181552886963,-0.37052446603775024,-0.053892526775598526,0.06180066987872124,-0.29531005024909973,-0.03629124164581299,0.13536955416202545,-0.3123873174190521,-0.007513424847275019,0.16876335442066193,-0.4098894000053406,-0.045653097331523895,0.13215963542461395,-0.3233579993247986,-0.03265823423862457,0.10663751512765884,-0.262505441904068,-0.010899005457758904
K,K_session_001,251,0.0,0.0,0.0,-0.04636310413479805,-0.23611463606357574,-0.025413217023015022,-0.03736361488699913,-0.4626532196998596,-0.023048393428325653,-0.0011273636482656002,-0.6415027976036072,-0.026492677628993988,0.009497476741671562,-0.7689041495323181,-0.026079021394252777,-0.04902580380439758,-0.5493279099464417,0.033821459859609604,-0.04959837719798088,-0.7547003030776978,0.010361555963754654,-0.04610249772667885,-0.8824000358581543,-0.007636739872395992,-0.03915901109576225,-1.0,-0.01889236830174923,0.021043699234724045,-0.5060781240463257,0.022849449887871742,0.07388260960578918,-0.7166368961334229,-0.017338937148451805,0.11381037533283234,-0.8435901999473572,-0.049854300916194916,0.15821747481822968,-0.9629849195480347,-0.0638827383518219,0.08424121886491776,-0.4151422381401062,0.004724582191556692,0.13228973746299744,-0.49464043974876404,-0.055886346846818924,0.08694910258054733,-0.36788153648376465,-0.059239085763692856,0.060232654213905334,-0.28984534740448,-0.039776816964149475,0.13761840760707855,-0.30590084195137024,-0.015491792932152748,0.1692657172679901,-0.40707412362098694,-0.05368391424417496,0.13053172826766968,-0.3184766173362732,-0.038430191576480865,0.10448712110519409,-0.2541472017765045,-0.014793561771512032
K,K_session_001,252,0.0,0.0,0.0,-0.04263153299689293,-0.23444440960884094,-0.026082918047904968,-0.03337303549051285,-0.45899420976638794,-0.026651106774806976,0.0016562201781198382,-0.6357465982437134,-0.03310638666152954,0.012661809101700783,-0.7655287384986877,-0.03580901026725769,-0.044643841683864594,-0.5454526543617249,0.026479890570044518,-0.04293118789792061,-0.7523788809776306,-0.0006033469690009952,-0.038624946027994156,-0.8814225196838379,-0.020687108859419823,-0.03028867207467556,-1.0,-0.033314481377601624,0.02487936243414879,-0.5020946860313416,0.014424513094127178,0.07745704799890518,-0.7108871936798096,-0.03026670590043068,0.11668238788843155,-0.8418924808502197,-0.06481049209833145,0.1614684909582138,-0.9640517830848694,-0.08027072995901108,0.0876716673374176,-0.41118595004081726,-0.004253297578543425,0.13737991452217102,-0.4950958788394928,-0.06717928498983383,0.09165824949741364,-0.368826687335968,-0.0689072236418724,0.06464722007513046,-0.2875997722148895,-0.04825299233198166,0.14086958765983582,-0.3016000986099243,-0.025156598538160324,0.17361265420913696,-0.40535852313041687,-0.06523800641298294,0.13610321283340454,-0.3188149929046631,-0.049381405115127563,0.11026719212532043,-0.2535856068134308,-0.025017326697707176
K,K_session_001,253,0.0,0.0,0.0,-0.04153525084257126,-0.23987042903900146,-0.023516595363616943,-0.03070397861301899,-0.4643213748931885,-0.021944977343082428,0.0049329111352562904,-0.6377359628677368,-0.02645251713693142,0.013363252393901348,-0.7598830461502075,-0.027179649099707603,-0.04324892535805702,-0.5469231009483337,0.030285995453596115,-0.04090234637260437,-0.751729428768158,0.004326243419200182,-0.03639315813779831,-0.8807911276817322,-0.015974849462509155,-0.027643324807286263,-1.0,-0.02913801185786724,0.02636142261326313,-0.5066288113594055,0.017693843692541122,0.07714854180812836,-0.7101793885231018,-0.02567821927368641,0.11659806221723557,-0.8417438864707947,-0.06091376394033432,0.1615063101053238,-0.9660109877586365,-0.07731110602617264,0.08940295875072479,-0.4174536168575287,-0.0013283657608553767,0.1384613811969757,-0.49770984053611755,-0.062224891036748886,0.09286677837371826,-0.3766063451766968,-0.06472286581993103,0.06535092741250992,-0.29898902773857117,-0.04515322670340538,0.1423548310995102,-0.3087627589702606,-0.02251460961997509,0.17435894906520844,-0.410578191280365,-0.0601327158510685,0.13596266508102417,-0.32798755168914795,-0.044273920357227325,0.10967614501714706,-0.265569269657135,-0.02049177512526512
K,K_session_001,254,0.0,0.0,0.0,-0.041730061173439026,-0.2413315623998642,-0.02707146853208542,-0.029864735901355743,-0.4686976671218872,-0.023373469710350037,0.005298215430229902,-0.6420161724090576,-0.024962643161416054,0.013386684469878674,-0.7646893262863159,-0.022233692929148674,-0.045121293514966965,-0.5521156787872314,0.039340946823358536,-0.042894382029771805,-0.7549546957015991,0.017733953893184662,-0.037730567157268524,-0.8825110793113708,-0.00012114187120459974,-0.02890866994857788,-1.0,-0.01161634549498558,0.024574685841798782,-0.5109031796455383,0.02981368638575077,0.07427036017179489,-0.7146725058555603,-0.01001319382339716,0.11417972296476364,-0.8426900506019592,-0.04481220990419388,0.15835578739643097,-0.9657447338104248,-0.06034580618143082,0.08727958798408508,-0.4204404354095459,0.012732760980725288,0.13658945262432098,-0.4982208013534546,-0.04785426706075668,0.09126860648393631,-0.3722670078277588,-0.05319828540086746,0.06315620988607407,-0.29762789607048035,-0.03462684899568558,0.13948161900043488,-0.31324949860572815,-0.00659246975556016,0.17142626643180847,-0.41122332215309143,-0.043980181217193604,0.13397622108459473,-0.32483428716659546,-0.0297856368124485,0.10864520072937012,-0.2649991810321808,-0.0068395789712667465
K,K_session_001,255,0.0,0.0,0.0,-0.04074642434716225,-0.23887570202350616,-0.02523251436650753,-0.02977706864476204,-0.4648567736148834,-0.02250749059021473,0.005483163986355066,-0.6407499313354492,-0.02544458955526352,0.0159654151648283,-0.76479172706604,-0.02435143105685711,-0.04319387301802635,-0.5503590106964111,0.03524034470319748,-0.04159863293170929,-0.7530590295791626,0.011268160305917263,-0.03726831078529358,-0.8817651271820068,-0.007627558428794146,-0.029056476429104805,-1.0,-0.01983615756034851,0.025337927043437958,-0.5093828439712524,0.023888491094112396,0.07523655146360397,-0.7154790759086609,-0.018572522327303886,0.11556141078472137,-0.8433131575584412,-0.05376730114221573,0.16087859869003296,-0.9651331305503845,-0.06957576423883438,0.08793988823890686,-0.4192117154598236,0.005586322862654924,0.13852205872535706,-0.4967854619026184,-0.05663672462105751,0.09240645915269852,-0.3721158504486084,-0.060810454189777374,0.06397190690040588,-0.2963515818119049,-0.04156539961695671,0.14011356234550476,-0.3107931911945343,-0.01477817352861166,0.17198455333709717,-0.4077381491661072,-0.053518857806921005,0.13359367847442627,-0.32057905197143555,-0.03859556466341019,0.10740354657173157,-0.25960224866867065,-0.015085073187947273
K,K_session_001,256,0.0,0.0,0.0,-0.04176465421915054,-0.24164491891860962,-0.027650883421301842,-0.02964353747665882,-0.46665674448013306,-0.023748356848955154,0.010851052589714527,-0.6383689045906067,-0.02520105242729187,0.027539754286408424,-0.7664709687232971,-0.022533588111400604,-0.04363766312599182,-0.5542101860046387,0.041956234723329544,-0.04110987111926079,-0.7576993703842163,0.022114090621471405,-0.036295779049396515,-0.883959174156189,0.005249376874417067,-0.02772136963903904,-1.0,-0.005423151887953281,0.0258841123431921,-0.5097999572753906,0.03324347361922264,0.07760514318943024,-0.7152958512306213,-0.004470582120120525,0.11741455644369125,-0.8447816967964172,-0.03868590667843819,0.16202984750270844,-0.9671116471290588,-0.05373454466462135,0.08854325115680695,-0.4173199534416199,0.016739312559366226,0.13869890570640564,-0.4983997642993927,-0.043799154460430145,0.09231054037809372,-0.3693188428878784,-0.04977696016430855,0.06418893486261368,-0.2909523844718933,-0.03112933598458767,0.14102041721343994,-0.30853092670440674,-0.0018394998041912913,0.17208096385002136,-0.411429226398468,-0.04015776515007019,0.1333431899547577,-0.321818083524704,-0.025924086570739746,0.1086789146065712,-0.2579299807548523,-0.0023714290000498295
K,K_session_001,257,0.0,0.0,0.0,-0.04217947646975517,-0.23621034622192383,-0.022769032046198845,-0.03076428547501564,-0.45847824215888977,-0.01982205919921398,0.009777097031474113,-0.6314494013786316,-0.023242054507136345,0.027965648099780083,-0.7603021264076233,-0.02283569984138012,-0.041926320642232895,-0.5436949133872986,0.03654217720031738,-0.0397862084209919,-0.7508939504623413,0.01350253727287054,-0.035070598125457764,-0.8811669945716858,-0.004142120014876127,-0.026295578107237816,-1.0,-0.015190238133072853,0.02683994174003601,-0.50417560338974,0.024543125182390213,0.07951077818870544,-0.7153406143188477,-0.016302991658449173,0.11978685855865479,-0.845443606376648,-0.050191182643175125,0.1648726910352707,-0.9651889801025391,-0.06495530903339386,0.08958479762077332,-0.4161885380744934,0.0058654434978961945,0.1406027227640152,-0.5012092590332031,-0.05490890145301819,0.09598048776388168,-0.3732326328754425,-0.05758097395300865,0.06861529499292374,-0.2912803590297699,-0.03715715557336807,0.14270280301570892,-0.3096386194229126,-0.014631791971623898,0.17256203293800354,-0.4136587679386139,-0.05247749760746956,0.1358288675546646,-0.32437142729759216,-0.03618748486042023,0.11197389662265778,-0.2588454484939575,-0.011394954286515713
K,K_session_001,258,0.0,0.0,0.0,-0.04451929032802582,-0.23579265177249908,-0.02732926234602928,-0.03359042853116989,-0.46106767654418945,-0.02454500086605549,0.011029924266040325,-0.6314359307289124,-0.0268182922154665,0.03258948028087616,-0.761194109916687,-0.02514670602977276,-0.043220169842243195,-0.5468277931213379,0.03619963675737381,-0.04029656574130058,-0.7545967698097229,0.016216294839978218,-0.03545602411031723,-0.8826661109924316,0.0005760247586295009,-0.026797538623213768,-1.0,-0.008931674063205719,0.026830628514289856,-0.5042687058448792,0.027622569352388382,0.08004257082939148,-0.714329719543457,-0.009365151636302471,0.1198400929570198,-0.8446124792098999,-0.0418221540749073,0.16354982554912567,-0.9639996886253357,-0.055567897856235504,0.0899125337600708,-0.41391721367836,0.01190894190222025,0.1370912343263626,-0.4966154396533966,-0.047213636338710785,0.09038617461919785,-0.3681526482105255,-0.05184488371014595,0.06160176545381546,-0.28716152906417847,-0.03244447335600853,0.14253492653369904,-0.3074641823768616,-0.00576692633330822,0.16906648874282837,-0.41424474120140076,-0.043079689145088196,0.13161267340183258,-0.32480868697166443,-0.027718862518668175,0.10831273347139359,-0.2590436041355133,-0.003359750844538212
K,K_session_001,259,0.0,0.0,0.0,-0.041975416243076324,-0.23498597741127014,-0.024877609685063362,-0.030662965029478073,-0.45631909370422363,-0.02396147884428501,0.01546761579811573,-0.629505455493927,-0.028681546449661255,0.03682247921824455,-0.7642461061477661,-0.029369527474045753,-0.04005247727036476,-0.5439003109931946,0.03342411294579506,-0.03720041736960411,-0.7539197206497192,0.011210527271032333,-0.0332459919154644,-0.882804811000824,-0.005602942779660225,-0.024941053241491318,-1.0,-0.015933791175484657,0.030494393780827522,-0.4996991455554962,0.022796710953116417,0.08552530407905579,-0.7132957577705383,-0.016148654744029045,0.12520954012870789,-0.8434923887252808,-0.04914996027946472,0.1702616661787033,-0.9624451994895935,-0.06371933221817017,0.09373247623443604,-0.4071878492832184,0.005648273974657059,0.14034433662891388,-0.49749496579170227,-0.052400387823581696,0.0929340124130249,-0.37085238099098206,-0.05377950519323349,0.06594421714544296,-0.290751576423645,-0.03327835351228714,0.14673316478729248,-0.29852113127708435,-0.013472837395966053,0.17340216040611267,-0.4073294401168823,-0.04911618307232857,0.13450632989406586,-0.3204428255558014,-0.03153270110487938,0.11086783558130264,-0.2577226758003235,-0.006269239820539951
K,K_session_001,260,0.0,0.0,0.0,-0.04455680400133133,-0.23244716227054596,-0.024807080626487732,-0.03282470256090164,-0.4535976052284241,-0.025027962401509285,0.017055125907063484,-0.624201238155365,-0.031062038615345955,0.04127279296517372,-0.7564546465873718,-0.03347756713628769,-0.039532117545604706,-0.5432510375976562,0.029004544019699097,-0.03687240183353424,-0.75332111120224,0.005890505388379097,-0.031749945133924484,-0.8824729323387146,-0.01134969387203455,-0.022176865488290787,-1.0,-0.022100679576396942,0.031269703060388565,-0.4988580048084259,0.018128829076886177,0.08680228143930435,-0.7105218768119812,-0.02025831677019596,0.1278906613588333,-0.8410513997077942,-0.05178122967481613,0.1738542765378952,-0.9568943977355957,-0.06569486111402512,0.0946718230843544,-0.40577277541160583,0.0009056337876245379,0.13861437141895294,-0.49973347783088684,-0.05644409358501434,0.0914936512708664,-0.3734051585197449,-0.056737061589956284,0.06477592885494232,-0.28564921021461487,-0.03580431640148163,0.14803479611873627,-0.2949492633342743,-0.018394513055682182,0.17180199921131134,-0.407169908285141,-0.05503445863723755,0.13265037536621094,-0.32207438349723816,-0.03790007159113884,0.10911853611469269,-0.25437304377555847,-0.012772506102919579
K,K_session_001,261,0.0,0.0,0.0,-0.04348933696746826,-0.2354445904493332,-0.02822602540254593,-0.030959732830524445,-0.4597461521625519,-0.027141815051436424,0.018184823915362358,-0.6286887526512146,-0.03073311224579811,0.040887873619794846,-0.759398877620697,-0.030411049723625183,-0.04088447242975235,-0.5493381023406982,0.03281586244702339,-0.03681960701942444,-0.756575345993042,0.012693510390818119,-0.03167809545993805,-0.8834884762763977,-0.0032772377599030733,-0.022794906049966812,-1.0,-0.013295604847371578,0.02991298772394657,-0.5030625462532043,0.024891752749681473,0.08684331178665161,-0.7124316096305847,-0.00956436526030302,0.1287396103143692,-0.8399022817611694,-0.03973499685525894,0.17440731823444366,-0.9555647373199463,-0.052868328988552094,0.09247078001499176,-0.40893909335136414,0.009747511707246304,0.14002570509910583,-0.4974508285522461,-0.04659898206591606,0.09222386032342911,-0.3722645044326782,-0.04983937740325928,0.0639372169971466,-0.28881460428237915,-0.03082290291786194,0.1451416015625,-0.29887741804122925,-0.007569377776235342,0.17248643934726715,-0.4046769142150879,-0.04449954628944397,0.13301827013492584,-0.319286972284317,-0.02962452918291092,0.10862836241722107,-0.25413092970848083,-0.006100422702729702
K,K_session_001,262,0.0,0.0,0.0,-0.04387260973453522,-0.23434311151504517,-0.027409812435507774,-0.03038819506764412,-0.46003472805023193,-0.028085120022296906,0.023063015192747116,-0.6320911049842834,-0.03370672091841698,0.05024050548672676,-0.763860821723938,-0.03576606139540672,-0.035197965800762177,-0.5437310338020325,0.02480546198785305,-0.031688280403614044,-0.7531419992446899,0.00016286586469504982,-0.027451515197753906,-0.8822917938232422,-0.017924826592206955,-0.018788721412420273,-1.0,-0.02916548401117325,0.03539944440126419,-0.49646058678627014,0.014986603520810604,0.09105774015188217,-0.7091623544692993,-0.02415231242775917,0.13165266811847687,-0.83602374792099,-0.05512620508670807,0.1787085086107254,-0.9527247548103333,-0.06854456663131714,0.09809991717338562,-0.4010132849216461,-0.0013928583357483149,0.14201760292053223,-0.4918244779109955,-0.05937260389328003,0.09302223473787308,-0.3673217296600342,-0.05878457799553871,0.06634789705276489,-0.2882274389266968,-0.037445563822984695,0.150237575173378,-0.2883121967315674,-0.020123638212680817,0.17742709815502167,-0.39998093247413635,-0.05663846433162689,0.13688747584819794,-0.3147387206554413,-0.038352809846401215,0.11266390979290009,-0.25161033868789673,-0.012726422399282455
K,K_session_001,263,0.0,0.0,0.0,-0.04028677940368652,-0.23560486733913422,-0.027108678594231606,-0.025801580399274826,-0.46050718426704407,-0.026717882603406906,0.024859055876731873,-0.6261371970176697,-0.03118370845913887,0.050525963306427,-0.7575939297676086,-0.03142049163579941,-0.03544612601399422,-0.5533724427223206,0.028374135494232178,-0.03197048231959343,-0.7586621642112732,0.006629913579672575,-0.02719707414507866,-0.8850239515304565,-0.009581473655998707,-0.017763949930667877,-1.0,-0.01989324763417244,0.03533153980970383,-0.5068531036376953,0.018648404628038406,0.09316690266132355,-0.7138879895210266,-0.017700795084238052,0.13474337756633759,-0.8386120200157166,-0.04817323759198189,0.18333372473716736,-0.9538556337356567,-0.06147021800279617,0.09755081683397293,-0.40892642736434937,0.0022178301587700844,0.14398354291915894,-0.4916299879550934,-0.05273458734154701,0.09377875179052353,-0.36528486013412476,-0.05155396834015846,0.0676325112581253,-0.28826871514320374,-0.030309375375509262,0.14929205179214478,-0.2917732298374176,-0.016705045476555824,0.1782488375902176,-0.39522647857666016,-0.05123354494571686,0.1370905339717865,-0.3120217025279999,-0.03294617310166359,0.112846739590168,-0.25316959619522095,-0.007496790960431099
K,K_session_001,264,0.0,0.0,0.0,-0.040983207523822784,-0.2356041669845581,-0.03092011995613575,-0.026703566312789917,-0.46312636137008667,-0.0287986658513546,0.023760126903653145,-0.6343947649002075,-0.030763594433665276,0.049262966960668564,-0.7700139284133911,-0.02855592779815197,-0.03860246390104294,-0.5490989685058594,0.0329018160700798,-0.03485693410038948,-0.7552250027656555,0.011749370954930782,-0.029568277299404144,-0.8828355669975281,-0.00493254279717803,-0.02065780572593212,-1.0,-0.015591911971569061,0.031101765111088753,-0.5028765201568604,0.025853723287582397,0.08677735179662704,-0.7093924880027771,-0.00983982253819704,0.13008970022201538,-0.8298867344856262,-0.039984531700611115,0.17904740571975708,-0.945720911026001,-0.052857980132102966,0.09307482093572617,-0.40778300166130066,0.010862495750188828,0.141397163271904,-0.4886900782585144,-0.04653700813651085,0.09347131848335266,-0.36393794417381287,-0.04872514680027962,0.06620951741933823,-0.2927773594856262,-0.02923780307173729,0.14489759504795074,-0.29585951566696167,-0.00678627472370863,0.1770710051059723,-0.39639949798583984,-0.043935611844062805,0.1357957422733307,-0.31178009510040283,-0.028505198657512665,0.10943564772605896,-0.25553610920906067,-0.005047031678259373
K,K_session_001,265,0.0,0.0,0.0,-0.04000438004732132,-0.23272092640399933,-0.02878185361623764,-0.02817949466407299,-0.4564126431941986,-0.026618534699082375,0.020378384739160538,-0.6269768476486206,-0.028728552162647247,0.047354668378829956,-0.7622217535972595,-0.026502981781959534,-0.038918931037187576,-0.5396205186843872,0.03198942914605141,-0.03399064019322395,-0.7494844794273376,0.00965311098843813,-0.027771802619099617,-0.8801265358924866,-0.007548839785158634,-0.01753813587129116,-1.0,-0.018551748245954514,0.031161310151219368,-0.49633756279945374,0.024216098710894585,0.09116984903812408,-0.7062609791755676,-0.014493914321064949,0.13451577723026276,-0.8296242356300354,-0.046783771365880966,0.18253979086875916,-0.9470985531806946,-0.060893915593624115,0.09383989870548248,-0.4043356776237488,0.009274210780858994,0.1442488580942154,-0.4824332296848297,-0.04908492788672447,0.09690350294113159,-0.35698404908180237,-0.05090826004743576,0.06890673190355301,-0.2847817838191986,-0.031104855239391327,0.14604982733726501,-0.296446293592453,-0.008115477859973907,0.1776324361562729,-0.39102572202682495,-0.04534032568335533,0.13753999769687653,-0.30459192395210266,-0.0295035932213068,0.1116824597120285,-0.24965950846672058,-0.0057447729632258415
K,K_session_001,266,0.0,0.0,0.0,-0.041312120854854584,-0.23261480033397675,-0.030634230002760887,-0.028794823214411736,-0.46074867248535156,-0.029049664735794067,0.019960016012191772,-0.6350212693214417,-0.03172840178012848,0.045409753918647766,-0.7725380659103394,-0.03010697476565838,-0.039661262184381485,-0.5377559661865234,0.03127676621079445,-0.03434627130627632,-0.7480942606925964,0.007639595307409763,-0.027726642787456512,-0.8790052533149719,-0.010616830550134182,-0.016543671488761902,-1.0,-0.022127490490674973,0.031450700014829636,-0.49373722076416016,0.023824336007237434,0.09124527126550674,-0.706291913986206,-0.015364766120910645,0.1345447599887848,-0.8326416015625,-0.04765792563557625,0.1829008311033249,-0.9528910517692566,-0.06168707087635994,0.09485667943954468,-0.4009510278701782,0.008852982893586159,0.1455247402191162,-0.48881953954696655,-0.05106725916266441,0.09682299196720123,-0.3574703335762024,-0.05160880461335182,0.0683043897151947,-0.27805495262145996,-0.03014235384762287,0.1482439637184143,-0.2913636863231659,-0.008763378486037254,0.18016019463539124,-0.393405556678772,-0.047592975199222565,0.13990923762321472,-0.3048955202102661,-0.030881548300385475,0.11432759463787079,-0.24460700154304504,-0.0058027710765600204
K,K_session_001,267,0.0,0.0,0.0,-0.04337827116250992,-0.227868914604187,-0.03532727435231209,-0.031184114515781403,-0.45719802379608154,-0.03464425727725029,0.01838085986673832,-0.630013108253479,-0.037180345505476,0.0442478209733963,-0.7703661918640137,-0.03526214137673378,-0.04095711186528206,-0.5395123362541199,0.027425378561019897,-0.034395232796669006,-0.7509173154830933,0.004554457496851683,-0.026781504973769188,-0.8809263110160828,-0.012544533237814903,-0.015627728775143623,-1.0,-0.023130320012569427,0.02983936481177807,-0.4946041703224182,0.022153910249471664,0.08939441293478012,-0.7035931944847107,-0.01618347316980362,0.13262371718883514,-0.8278506994247437,-0.04725118353962898,0.18050426244735718,-0.9458745121955872,-0.06016986444592476,0.09307051450014114,-0.4013972282409668,0.008857027627527714,0.14619256556034088,-0.48580074310302734,-0.05118892341852188,0.09738044440746307,-0.35432690382003784,-0.052254222333431244,0.0680958703160286,-0.27941229939460754,-0.031041616573929787,0.14621926844120026,-0.2916985750198364,-0.007452123798429966,0.18184560537338257,-0.3907010853290558,-0.04765333980321884,0.1419849842786789,-0.30291905999183655,-0.03223656862974167,0.1155533716082573,-0.24668481945991516,-0.007846993394196033
K,K_session_001,268,0.0,0.0,0.0,-0.04492004215717316,-0.22626087069511414,-0.033513911068439484,-0.03306984528899193,-0.4576511085033417,-0.03279610350728035,0.016463391482830048,-0.6330426931381226,-0.03611919656395912,0.042650289833545685,-0.7708497047424316,-0.03553423285484314,-0.0398586131632328,-0.5383011102676392,0.02752668410539627,-0.03376969322562218,-0.7492605447769165,0.002814466366544366,-0.025495674461126328,-0.8799037933349609,-0.015588094480335712,-0.013057773932814598,-1.0,-0.026961803436279297,0.030155235901474953,-0.49269938468933105,0.02093643508851528,0.09022271633148193,-0.701696515083313,-0.01888859085738659,0.13343393802642822,-0.8265039920806885,-0.050152603536844254,0.181389719247818,-0.9454014897346497,-0.06323458254337311,0.09235336631536484,-0.4018140137195587,0.006235894747078419,0.14672839641571045,-0.48862066864967346,-0.05604321137070656,0.09686016291379929,-0.35717108845710754,-0.05809788405895233,0.06645061075687408,-0.27865517139434814,-0.03712444752454758,0.1449764370918274,-0.2946920692920685,-0.011262846179306507,0.17941489815711975,-0.396159291267395,-0.053022392094135284,0.13924750685691833,-0.3080623745918274,-0.03855205699801445,0.11294738948345184,-0.24757720530033112,-0.014680017717182636
K,K_session_001,269,0.0,0.0,0.0,-0.04313091188669205,-0.23039934039115906,-0.035833608359098434,-0.030456744134426117,-0.45973852276802063,-0.03504819795489311,0.02032971754670143,-0.6333443522453308,-0.0374329499900341,0.04729219153523445,-0.7722310423851013,-0.03543735668063164,-0.03971695527434349,-0.5451099276542664,0.03039848431944847,-0.03222936764359474,-0.7535630464553833,0.008019047789275646,-0.024204982444643974,-0.8821233510971069,-0.009668874554336071,-0.012355237267911434,-1.0,-0.02081446535885334,0.030837025493383408,-0.4995468854904175,0.02577871084213257,0.09079337120056152,-0.7070661187171936,-0.011843472719192505,0.13379226624965668,-0.8311193585395813,-0.04374586045742035,0.18160605430603027,-0.9487782716751099,-0.05742306634783745,0.09311244636774063,-0.4056577682495117,0.012897534295916557,0.14604823291301727,-0.4906402826309204,-0.047211140394210815,0.0956912487745285,-0.35887429118156433,-0.049755241721868515,0.06550101935863495,-0.2818794846534729,-0.029385782778263092,0.14521504938602448,-0.295963317155838,-0.0029637913685292006,0.17874357104301453,-0.39622780680656433,-0.043773312121629715,0.1387547254562378,-0.307854026556015,-0.029287325218319893,0.11299891769886017,-0.24903245270252228,-0.005264766048640013
K,K_session_001,270,0.0,0.0,0.0,-0.04516894370317459,-0.22710539400577545,-0.034287769347429276,-0.03242926672101021,-0.46101221442222595,-0.03268812596797943,0.016490137204527855,-0.6372401714324951,-0.034617483615875244,0.04268539696931839,-0.7746795415878296,-0.03270062431693077,-0.039964403957128525,-0.538952648639679,0.028692932799458504,-0.033573709428310394,-0.7484803795814514,0.0045793126337230206,-0.025080053135752678,-0.8789831399917603,-0.014173113740980625,-0.013219383545219898,-1.0,-0.02583843655884266,0.02968723699450493,-0.49452102184295654,0.022973189130425453,0.09008386731147766,-0.7022724747657776,-0.014860444702208042,0.13379302620887756,-0.8232395648956299,-0.045355550944805145,0.18109023571014404,-0.9413875937461853,-0.05803627893328667,0.09157681465148926,-0.4047742486000061,0.008935539983212948,0.14558559656143188,-0.4867890775203705,-0.05142989382147789,0.09680648893117905,-0.35647109150886536,-0.05368611216545105,0.06656200438737869,-0.28115516901016235,-0.03332075849175453,0.14387480914592743,-0.2990136444568634,-0.008024127222597599,0.1779831349849701,-0.39540818333625793,-0.0478554293513298,0.13832604885101318,-0.30599245429039,-0.03278104215860367,0.11219923943281174,-0.2465723305940628,-0.008857876062393188
K,K_session_001,271,0.0,0.0,0.0,-0.042180392891168594,-0.22926324605941772,-0.03397037833929062,-0.02923544868826866,-0.4573260247707367,-0.03298693522810936,0.018789825960993767,-0.6307247877120972,-0.03573266416788101,0.042943768203258514,-0.7716351747512817,-0.034502509981393814,-0.03883376717567444,-0.5427142381668091,0.03104417212307453,-0.03208010643720627,-0.7512066960334778,0.007905971258878708,-0.02328365296125412,-0.8800793886184692,-0.010294132865965366,-0.010656602680683136,-1.0,-0.021339761093258858,0.0306246355175972,-0.49718597531318665,0.025386763736605644,0.0920749083161354,-0.7027443647384644,-0.012885328382253647,0.13535279035568237,-0.8249445557594299,-0.044605232775211334,0.18258367478847504,-0.9439544677734375,-0.05775786563754082,0.09256885200738907,-0.406375527381897,0.011514577083289623,0.1464758962392807,-0.4870709180831909,-0.04986581578850746,0.0962611734867096,-0.35565492510795593,-0.053659722208976746,0.0652509331703186,-0.2806636691093445,-0.033702485263347626,0.14520128071308136,-0.3001824617385864,-0.005010876804590225,0.17826858162879944,-0.39894813299179077,-0.045216552913188934,0.1384342610836029,-0.3085753321647644,-0.03044191561639309,0.1129985824227333,-0.24905414879322052,-0.006336928345263004
K,K_session_001,272,0.0,0.0,0.0,-0.04427468404173851,-0.22870880365371704,-0.033904705196619034,-0.030656877905130386,-0.458556205034256,-0.032378919422626495,0.019112342968583107,-0.6311650276184082,-0.034518029540777206,0.042235661298036575,-0.7709167003631592,-0.03272298723459244,-0.040443867444992065,-0.5425153970718384,0.030519193038344383,-0.03242209181189537,-0.7517351508140564,0.007282468490302563,-0.023038411512970924,-0.8803088068962097,-0.010789206251502037,-0.009956983849406242,-1.0,-0.021764272823929787,0.029547911137342453,-0.49700045585632324,0.024674084037542343,0.09036042541265488,-0.7032443284988403,-0.0132593410089612,0.13443373143672943,-0.8254342675209045,-0.04447266831994057,0.18239010870456696,-0.9435135722160339,-0.0573723241686821,0.09166882187128067,-0.40624868869781494,0.01053390372544527,0.14440372586250305,-0.48613446950912476,-0.05069291591644287,0.09521155804395676,-0.35587456822395325,-0.054611533880233765,0.06530814617872238,-0.2809574604034424,-0.034912917762994766,0.14404769241809845,-0.3004445731639862,-0.006332330871373415,0.1760743260383606,-0.39715540409088135,-0.04682738333940506,0.13670125603675842,-0.3070942759513855,-0.032515380531549454,0.11207849532365799,-0.24733275175094604,-0.008829047903418541
K,K_session_001,273,0.0,0.0,0.0,-0.041957270354032516,-0.2273545116186142,-0.03341098129749298,-0.02834467776119709,-0.45645689964294434,-0.033291224390268326,0.021739928051829338,-0.6278446316719055,-0.037100061774253845,0.046067703515291214,-0.7671928405761719,-0.037007443606853485,-0.0384051613509655,-0.5459178686141968,0.027956120669841766,-0.030378645285964012,-0.753705620765686,0.002950535621494055,-0.021149955689907074,-0.8813674449920654,-0.016301946714520454,-0.008340173400938511,-1.0,-0.027954503893852234,0.031354643404483795,-0.4998149573802948,0.020782291889190674,0.09263558685779572,-0.7053048610687256,-0.01946873962879181,0.13638678193092346,-0.8264572620391846,-0.05159695819020271,0.18418048322200775,-0.9437417387962341,-0.06477121263742447,0.09391297399997711,-0.4081219434738159,0.005648248363286257,0.14726127684116364,-0.48676440119743347,-0.056604690849781036,0.09734239429235458,-0.3555051386356354,-0.05900365114212036,0.06673508137464523,-0.2799270451068878,-0.03807950019836426,0.14654096961021423,-0.3003072440624237,-0.012238283641636372,0.18028876185417175,-0.3968839943408966,-0.052658990025520325,0.1406487077474594,-0.3066506087779999,-0.03657488897442818,0.1149967834353447,-0.24720947444438934,-0.011433131992816925
K,K_session_001,274,0.0,0.0,0.0,-0.04301564395427704,-0.22525572776794434,-0.031596843153238297,-0.029604360461235046,-0.45162612199783325,-0.031765397638082504,0.020472539588809013,-0.6266860365867615,-0.03625226765871048,0.043527550995349884,-0.7668035626411438,-0.037108249962329865,-0.038407593965530396,-0.5419978499412537,0.026792291551828384,-0.03003714419901371,-0.7505918145179749,-0.0003210450813639909,-0.02062225341796875,-0.8802838325500488,-0.02042411081492901,-0.007051654625684023,-1.0,-0.03245355933904648,0.03152894601225853,-0.49571627378463745,0.0181550532579422,0.0917661041021347,-0.7033262252807617,-0.025372983887791634,0.13548089563846588,-0.8242745995521545,-0.05826788395643234,0.18428663909435272,-0.93961501121521,-0.07140906900167465,0.0945735052227974,-0.4042293131351471,0.0019879222381860018,0.14736907184123993,-0.4867458939552307,-0.06303372234106064,0.09676266461610794,-0.35341665148735046,-0.06430483609437943,0.06670667231082916,-0.2756973206996918,-0.04188092052936554,0.14764663577079773,-0.2958032190799713,-0.01665964163839817,0.17989195883274078,-0.39318981766700745,-0.05882414057850838,0.1397724449634552,-0.3003728687763214,-0.04188399389386177,0.11497350037097931,-0.2402089536190033,-0.015618780627846718
K,K_session_001,275,0.0,0.0,0.0,-0.04491123557090759,-0.2249280959367752,-0.03455892950296402,-0.03350177779793739,-0.45033252239227295,-0.035312213003635406,0.018782753497362137,-0.6215675473213196,-0.03956987336277962,0.0474417470395565,-0.7590126395225525,-0.04018084704875946,-0.043320391327142715,-0.5410196185112,0.026510264724493027,-0.03661498427391052,-0.7496662735939026,0.0019914032891392708,-0.027493076398968697,-0.8801852464675903,-0.015632057562470436,-0.014752821065485477,-1.0,-0.02571374922990799,0.025896187871694565,-0.49537643790245056,0.02039017714560032,0.08768255263566971,-0.707170307636261,-0.0182866882532835,0.13257867097854614,-0.8263474106788635,-0.047446418553590775,0.18126903474330902,-0.9400054812431335,-0.057917430996894836,0.08828836679458618,-0.40679654479026794,0.0059887622483074665,0.14561311900615692,-0.4851168990135193,-0.05659785121679306,0.0942365974187851,-0.35166987776756287,-0.059457823634147644,0.06255225837230682,-0.27652889490127563,-0.038098108023405075,0.14146792888641357,-0.30054929852485657,-0.010962721891701221,0.17761920392513275,-0.39525705575942993,-0.05176548287272453,0.1372281163930893,-0.3021109700202942,-0.03632631525397301,0.11074692010879517,-0.2431139200925827,-0.011295517906546593
K,K_session_001,276,0.0,0.0,0.0,-0.044342041015625,-0.232173353433609,-0.02890653908252716,-0.03358737751841545,-0.455640584230423,-0.029404330998659134,0.017219947651028633,-0.626561164855957,-0.034579675644636154,0.04479854926466942,-0.7542371153831482,-0.03597436845302582,-0.043676525354385376,-0.545640766620636,0.025018326938152313,-0.04060107842087746,-0.7506269216537476,0.00030933399102650583,-0.035058215260505676,-0.8794465065002441,-0.017253205180168152,-0.025736775249242783,-1.0,-0.027906065806746483,0.025945601984858513,-0.5037443041801453,0.0162353515625,0.08221719413995743,-0.7108689546585083,-0.023628409951925278,0.12523052096366882,-0.83505779504776,-0.053146135061979294,0.1725502461194992,-0.9488862752914429,-0.06456901878118515,0.08912142366170883,-0.414638876914978,0.0002408039872534573,0.14096561074256897,-0.48685598373413086,-0.06165540590882301,0.09108354896306992,-0.3571773171424866,-0.06453844159841537,0.06118106096982956,-0.2722439467906952,-0.04368830472230911,0.1418566256761551,-0.3039284646511078,-0.01794930174946785,0.17331546545028687,-0.3967810869216919,-0.05904193967580795,0.13403689861297607,-0.3072480261325836,-0.045092351734638214,0.10912318527698517,-0.2421634942293167,-0.02119877003133297
K,K_session_001,277,0.0,0.0,0.0,-0.047057487070560455,-0.2338990867137909,-0.02963504008948803,-0.03632470965385437,-0.4556885361671448,-0.02743932604789734,0.014692735858261585,-0.6311925649642944,-0.03009629249572754,0.039632584899663925,-0.7602702379226685,-0.028956368565559387,-0.04836535453796387,-0.551546573638916,0.03411879017949104,-0.04927597567439079,-0.7538854479789734,0.010375027544796467,-0.044501930475234985,-0.8811647295951843,-0.007934303022921085,-0.03632276877760887,-1.0,-0.019371725618839264,0.022514708340168,-0.5080665946006775,0.025406815111637115,0.06948290020227432,-0.7110060453414917,-0.013646772131323814,0.10880012065172195,-0.8302175998687744,-0.04433446750044823,0.1541563719511032,-0.9445903301239014,-0.056598734110593796,0.08669554442167282,-0.41598376631736755,0.00851378869265318,0.13292887806892395,-0.4882015287876129,-0.05400548130273819,0.08337213844060898,-0.3612816631793976,-0.05864821746945381,0.05482228100299835,-0.28557655215263367,-0.038923587650060654,0.1400163620710373,-0.3023608922958374,-0.010786266066133976,0.17080076038837433,-0.3967813551425934,-0.05297492444515228,0.12887097895145416,-0.30956536531448364,-0.040461018681526184,0.10140804201364517,-0.25035059452056885,-0.017582228407263756
K,K_session_001,278,0.0,0.0,0.0,-0.04642743989825249,-0.23128844797611237,-0.024266984313726425,-0.041084785014390945,-0.4455747604370117,-0.025603661313652992,0.005528539884835482,-0.6165473461151123,-0.033216629177331924,0.03397064656019211,-0.7415235042572021,-0.03713419288396835,-0.047457486391067505,-0.5450981855392456,0.02436676435172558,-0.05160975083708763,-0.7500040531158447,-0.003210880793631077,-0.04976567253470421,-0.8800085783004761,-0.022591009736061096,-0.04362625628709793,-1.0,-0.034480392932891846,0.02460647001862526,-0.504492998123169,0.01230806577950716,0.0677194595336914,-0.7053194046020508,-0.029951583594083786,0.10117261856794357,-0.8323396444320679,-0.06011814996600151,0.141543447971344,-0.9494521021842957,-0.07272687554359436,0.09013403952121735,-0.4162636399269104,-0.00649983948096633,0.12788763642311096,-0.49120137095451355,-0.06755033135414124,0.0820571556687355,-0.3647606670856476,-0.06722640246152878,0.058216795325279236,-0.27893516421318054,-0.04511680454015732,0.14461897313594818,-0.30423444509506226,-0.027541130781173706,0.16594941914081573,-0.40091103315353394,-0.06636752933263779,0.12644124031066895,-0.3162098824977875,-0.05037645250558853,0.10359303653240204,-0.2523168921470642,-0.025844503194093704
K,K_session_001,279,0.0,0.0,0.0,-0.05247005447745323,-0.2241264134645462,-0.027485374361276627,-0.04942477121949196,-0.44843414425849915,-0.029222875833511353,0.002771439729258418,-0.6203304529190063,-0.036150988191366196,0.03760156407952309,-0.7461128830909729,-0.03963678330183029,-0.052302587777376175,-0.5471696257591248,0.02104360982775688,-0.05608198419213295,-0.7530209422111511,-0.006093704141676426,-0.05551059916615486,-0.8809337615966797,-0.024737782776355743,-0.0518224835395813,-1.0,-0.03605269268155098,0.02128170058131218,-0.5061681270599365,0.010219359770417213,0.062334224581718445,-0.7120867371559143,-0.029636118561029434,0.09281075745820999,-0.8359531760215759,-0.05768248811364174,0.1296452134847641,-0.9542794823646545,-0.06860387325286865,0.08797074109315872,-0.4152242839336395,-0.0075738392770290375,0.12047968804836273,-0.49106284976005554,-0.06733951717615128,0.07497299462556839,-0.3551829755306244,-0.06421703845262527,0.05189954489469528,-0.27130812406539917,-0.04001441225409508,0.1428239345550537,-0.3002839684486389,-0.027851823717355728,0.16248224675655365,-0.4011653661727905,-0.06564661115407944,0.12364978343248367,-0.30886369943618774,-0.046441201120615005,0.1019739955663681,-0.2454809695482254,-0.019409622997045517
K,K_session_001,280,0.0,0.0,0.0,-0.0502757802605629,-0.21789108216762543,-0.027241889387369156,-0.04618273675441742,-0.4406263828277588,-0.0272961538285017,-0.0025731134228408337,-0.6104932427406311,-0.03202035278081894,0.020609160885214806,-0.7426727414131165,-0.03280313313007355,-0.05384257808327675,-0.5432441830635071,0.022173859179019928,-0.057058144360780716,-0.7509911060333252,-0.004124645609408617,-0.05662140995264053,-0.8806650638580322,-0.02166442945599556,-0.05494374781847,-1.0,-0.03200681135058403,0.0182785801589489,-0.5041182637214661,0.011503222398459911,0.05850827693939209,-0.7174949049949646,-0.028860896825790405,0.08950114995241165,-0.8385978937149048,-0.05713933706283569,0.12646415829658508,-0.9572681784629822,-0.0675353854894638,0.0848497599363327,-0.41610056161880493,-0.006020575296133757,0.11982399970293045,-0.48683178424835205,-0.06488210707902908,0.07872188836336136,-0.35524532198905945,-0.06160781532526016,0.05786408483982086,-0.28274673223495483,-0.03768392279744148,0.1401847004890442,-0.30631062388420105,-0.02609730325639248,0.16210335493087769,-0.4016236364841461,-0.06158912926912308,0.12598520517349243,-0.3107611835002899,-0.04119521379470825,0.10543780773878098,-0.256027489900589,-0.014022871851921082
K,K_session_001,281,0.0,0.0,0.0,-0.05303306132555008,-0.21492649614810944,-0.030567115172743797,-0.04804907739162445,-0.43458008766174316,-0.0334172286093235,-0.0033515673130750656,-0.6164729595184326,-0.04119240120053291,0.018482709303498268,-0.7584517598152161,-0.045294683426618576,-0.04802635312080383,-0.5397778749465942,0.022842902690172195,-0.05131460726261139,-0.749255359172821,-0.004813905339688063,-0.05022580921649933,-0.8797345757484436,-0.023379968479275703,-0.04618526250123978,-1.0,-0.03455650433897972,0.02458602376282215,-0.5011076927185059,0.012492978014051914,0.06228066235780716,-0.7147493958473206,-0.029158171266317368,0.09119031578302383,-0.8400101065635681,-0.0585305355489254,0.12736615538597107,-0.9619019627571106,-0.0701872929930687,0.09089474380016327,-0.41168493032455444,-0.005433817394077778,0.12273324280977249,-0.4951903522014618,-0.0676625519990921,0.07743018865585327,-0.361192524433136,-0.06641718000173569,0.05500580742955208,-0.28257569670677185,-0.04351329058408737,0.14627088606357574,-0.30018678307533264,-0.026026543229818344,0.16453659534454346,-0.39991819858551025,-0.06611792743206024,0.1250489205121994,-0.3094343841075897,-0.04907212406396866,0.10262644290924072,-0.25131428241729736,-0.023793304339051247
K,K_session_001,282,0.0,0.0,0.0,-0.05349257215857506,-0.20912683010101318,-0.027600381523370743,-0.046623725444078445,-0.4307463467121124,-0.03328271582722664,0.0021086186170578003,-0.6107316613197327,-0.04478597640991211,0.03111155517399311,-0.7517054080963135,-0.05280051752924919,-0.034519847482442856,-0.5239460468292236,0.014408577233552933,-0.03866787254810333,-0.7387048602104187,-0.018602438271045685,-0.038037847727537155,-0.8751469850540161,-0.03967979550361633,-0.033686332404613495,-1.0,-0.05231567099690437,0.036583129316568375,-0.48991623520851135,0.0015909743960946798,0.07266878336668015,-0.7075554132461548,-0.04405934736132622,0.0981045812368393,-0.8379829525947571,-0.07305288314819336,0.1343691498041153,-0.962651789188385,-0.08449532091617584,0.10168816149234772,-0.40469834208488464,-0.018145104870200157,0.12392053753137589,-0.4939761757850647,-0.07889530807733536,0.07723555713891983,-0.3593912422657013,-0.07156873494386673,0.0598701648414135,-0.2769862413406372,-0.0452125109732151,0.15762712061405182,-0.296846479177475,-0.040906570851802826,0.1667982041835785,-0.39712247252464294,-0.07644235342741013,0.12570852041244507,-0.3093945384025574,-0.055031683295965195,0.10832548141479492,-0.250773161649704,-0.027622263878583908
K,K_session_001,283,0.0,0.0,0.0,-0.050961047410964966,-0.2070789337158203,-0.02782333455979824,-0.0417918935418129,-0.42081937193870544,-0.036140915006399155,0.007010890170931816,-0.5978943109512329,-0.050175175070762634,0.03399220481514931,-0.7433422803878784,-0.0600825659930706,-0.025313712656497955,-0.5208770632743835,0.009031464345753193,-0.02829369157552719,-0.7340918183326721,-0.02722296305000782,-0.029770653694868088,-0.8728369474411011,-0.05073583871126175,-0.026615118607878685,-1.0,-0.06521302461624146,0.0443233847618103,-0.4834577441215515,-0.0038754430133849382,0.081218421459198,-0.691533088684082,-0.054322779178619385,0.10443010181188583,-0.82146155834198,-0.08689708262681961,0.1397375911474228,-0.948052167892456,-0.10104632377624512,0.10668402910232544,-0.39741653203964233,-0.02306031994521618,0.13316233456134796,-0.4884583353996277,-0.08644592016935349,0.07894065976142883,-0.3587055802345276,-0.07967599481344223,0.055311866104602814,-0.279114305973053,-0.05368470773100853,0.161232128739357,-0.2919478416442871,-0.04516183212399483,0.174809530377388,-0.38779252767562866,-0.0829932913184166,0.12846949696540833,-0.3072255849838257,-0.06333866715431213,0.10331196337938309,-0.25338590145111084,-0.03674869239330292
K,K_session_001,284,0.0,0.0,0.0,-0.053485967218875885,-0.2019631564617157,-0.026977691799402237,-0.04539135843515396,-0.4122564196586609,-0.03755586966872215,0.0038598955143243074,-0.5887330174446106,-0.05448261648416519,0.03483940288424492,-0.7344552874565125,-0.06749943643808365,-0.020783748477697372,-0.5088865756988525,0.004126806277781725,-0.023106960579752922,-0.727920651435852,-0.03569425642490387,-0.02472381293773651,-0.8706240057945251,-0.06020338088274002,-0.022139400243759155,-1.0,-0.07478150725364685,0.04979123920202255,-0.4712410271167755,-0.010096780955791473,0.0875684916973114,-0.6812412142753601,-0.06405157595872879,0.10808742046356201,-0.8165829181671143,-0.09649262577295303,0.14017757773399353,-0.9469800591468811,-0.10995811223983765,0.11220575869083405,-0.38585835695266724,-0.030312933027744293,0.12956924736499786,-0.47834792733192444,-0.09507765620946884,0.07630948722362518,-0.34895503520965576,-0.0859081894159317,0.056891217827796936,-0.26831358671188354,-0.05777397379279137,0.16581153869628906,-0.28051015734672546,-0.053492117673158646,0.17147673666477203,-0.3751484751701355,-0.09069014340639114,0.12517781555652618,-0.29529786109924316,-0.06931228935718536,0.10382184386253357,-0.2404317706823349,-0.04139769822359085
K,K_session_001,285,0.0,0.0,0.0,-0.052180055528879166,-0.2000245749950409,-0.026093697175383568,-0.04298641160130501,-0.4111051857471466,-0.03615803271532059,0.00846701581031084,-0.585522472858429,-0.0525561198592186,0.03948013484477997,-0.7317378520965576,-0.06550636142492294,-0.01493945624679327,-0.5057030320167542,0.0030641965568065643,-0.016644548624753952,-0.7250335216522217,-0.03575849533081055,-0.018505899235606194,-0.8690657019615173,-0.05892065912485123,-0.016000261530280113,-1.0,-0.07236863672733307,0.05483662337064743,-0.46760737895965576,-0.011340601369738579,0.09398086369037628,-0.6797598004341125,-0.06265450268983841,0.11359449476003647,-0.8163770437240601,-0.09290237724781036,0.14486391842365265,-0.9477214217185974,-0.10506495088338852,0.11625072360038757,-0.3818782866001129,-0.03148578107357025,0.13704325258731842,-0.4834190607070923,-0.09541153907775879,0.08020775765180588,-0.35740381479263306,-0.08688794821500778,0.05696149915456772,-0.2740791141986847,-0.05927063897252083,0.16898567974567413,-0.27393147349357605,-0.0543300099670887,0.17605547606945038,-0.37256982922554016,-0.09211961925029755,0.12777690589427948,-0.29693102836608887,-0.07171104103326797,0.10313926637172699,-0.2408795803785324,-0.044320281594991684
K,K_session_001,286,0.0,0.0,0.0,-0.055948466062545776,-0.20046129822731018,-0.023670092225074768,-0.04500221088528633,-0.41351625323295593,-0.032150283455848694,0.007994535379111767,-0.5834805369377136,-0.047416187822818756,0.038125332444906235,-0.7282336354255676,-0.05914895609021187,-0.012180695310235023,-0.5033938884735107,0.0049967579543590546,-0.01399992499500513,-0.7227600812911987,-0.03435162082314491,-0.01678655855357647,-0.8678485751152039,-0.05803057178854942,-0.015986483544111252,-1.0,-0.07197801023721695,0.0572751984000206,-0.4638095200061798,-0.01129453256726265,0.09651921689510345,-0.6768710613250732,-0.06414918601512909,0.11475705355405807,-0.8144566416740417,-0.09590794146060944,0.14591717720031738,-0.9489963054656982,-0.10892664641141891,0.11812692135572433,-0.3774544298648834,-0.033151574432849884,0.13375632464885712,-0.4781704843044281,-0.0982031300663948,0.07677024602890015,-0.34787771105766296,-0.08835426717996597,0.05649754777550697,-0.266528844833374,-0.059463825076818466,0.17070724070072174,-0.2703208327293396,-0.057619355618953705,0.1723698377609253,-0.36875107884407043,-0.09501828253269196,0.12418010085821152,-0.289343923330307,-0.07262928038835526,0.10336004942655563,-0.2347356379032135,-0.04387067258358002
K,K_session_001,287,0.0,0.0,0.0,-0.05463830381631851,-0.20094621181488037,-0.02499149739742279,-0.04290139675140381,-0.4108082354068756,-0.034404195845127106,0.00939018465578556,-0.5797560214996338,-0.050426848232746124,0.03895404934883118,-0.7246429324150085,-0.06287506967782974,-0.011035315692424774,-0.504496693611145,0.0036981464363634586,-0.012461707927286625,-0.7208665013313293,-0.03818114101886749,-0.014845667406916618,-0.8672187328338623,-0.06465397775173187,-0.012908191420137882,-1.0,-0.0807042121887207,0.05810452625155449,-0.4637911915779114,-0.012141125276684761,0.09610377997159958,-0.6735108494758606,-0.06797348707914352,0.11462938785552979,-0.808995246887207,-0.10197591781616211,0.14653772115707397,-0.9424527883529663,-0.11662735790014267,0.1196245327591896,-0.37667596340179443,-0.03352716192603111,0.13910770416259766,-0.47975218296051025,-0.10065712779760361,0.0797731801867485,-0.3484763205051422,-0.09029202163219452,0.05601620301604271,-0.2650159001350403,-0.0609109103679657,0.1722295880317688,-0.26899027824401855,-0.057728592306375504,0.17663449048995972,-0.36689209938049316,-0.09765714406967163,0.12637339532375336,-0.2873780131340027,-0.07589153200387955,0.10191413015127182,-0.23175807297229767,-0.04707539826631546
K,K_session_001,288,0.0,0.0,0.0,-0.05224250629544258,-0.1974976807832718,-0.024351829662919044,-0.039495594799518585,-0.409128874540329,-0.03425613045692444,0.013720300979912281,-0.5749111771583557,-0.05080745741724968,0.04294239729642868,-0.7202126979827881,-0.06384942680597305,-0.004989530425518751,-0.5038455724716187,0.0016592462779954076,-0.008045594207942486,-0.7208008766174316,-0.04074576497077942,-0.01044673752039671,-0.867138147354126,-0.06692541390657425,-0.008136017248034477,-1.0,-0.08259021490812302,0.06423784792423248,-0.46351680159568787,-0.01505943015217781,0.10086202621459961,-0.6739548444747925,-0.07090398669242859,0.11809828877449036,-0.8075399398803711,-0.10364041477441788,0.14989978075027466,-0.9404708743095398,-0.11714575439691544,0.1257685273885727,-0.37526458501815796,-0.03717273473739624,0.1418764889240265,-0.4790644347667694,-0.10460614413022995,0.0809730663895607,-0.34324249625205994,-0.09243983030319214,0.05790649354457855,-0.25670310854911804,-0.06155944988131523,0.17802296578884125,-0.26489514112472534,-0.06204566732048988,0.18097253143787384,-0.36462506651878357,-0.10206976532936096,0.12928345799446106,-0.28270819783210754,-0.07882958650588989,0.1047939732670784,-0.2258257418870926,-0.048789132386446
K,K_session_001,289,0.0,0.0,0.0,-0.05326129123568535,-0.19676963984966278,-0.025749286636710167,-0.043876755982637405,-0.4087349772453308,-0.035971127450466156,0.007584770210087299,-0.5804917216300964,-0.05275513604283333,0.0365934744477272,-0.7321098446846008,-0.06582937389612198,-0.009733332321047783,-0.504848301410675,0.005651270039379597,-0.013261999003589153,-0.7221486568450928,-0.035296451300382614,-0.015677398070693016,-0.8681885004043579,-0.05937805399298668,-0.01297367550432682,-1.0,-0.0731680765748024,0.060088519006967545,-0.4645998477935791,-0.009963227435946465,0.09771867841482162,-0.6768753528594971,-0.06510496884584427,0.1150418072938919,-0.811129093170166,-0.09651140123605728,0.1468687653541565,-0.9444568753242493,-0.10822664201259613,0.12190385907888412,-0.37681668996810913,-0.03157246485352516,0.13757778704166412,-0.48074907064437866,-0.1001734659075737,0.07845456898212433,-0.34268057346343994,-0.0892346203327179,0.05704120174050331,-0.25551652908325195,-0.05808967724442482,0.1754472404718399,-0.2668202221393585,-0.05583740025758743,0.1777040958404541,-0.366709440946579,-0.09671884030103683,0.1275540590286255,-0.28224098682403564,-0.07450613379478455,0.10486073791980743,-0.2244063764810562,-0.044625211507081985
K,K_session_001,290,0.0,0.0,0.0,-0.052548330277204514,-0.19248871505260468,-0.02771039865911007,-0.04240952432155609,-0.4042639434337616,-0.03881330415606499,0.007980920374393463,-0.5752410292625427,-0.055768005549907684,0.03749139606952667,-0.7261592745780945,-0.06884219497442245,-0.0072054811753332615,-0.5036070346832275,0.0004988719010725617,-0.011323687620460987,-0.7212451100349426,-0.04090946167707443,-0.01425839215517044,-0.8675157427787781,-0.06577405333518982,-0.011761574074625969,-1.0,-0.08074241876602173,0.06255646049976349,-0.46453890204429626,-0.014370651915669441,0.09944412857294083,-0.674895167350769,-0.07024219632148743,0.11645258218050003,-0.8095040321350098,-0.10291925072669983,0.14891742169857025,-0.9436075687408447,-0.11627405881881714,0.12396182864904404,-0.3770461678504944,-0.03491484001278877,0.14006830751895905,-0.4807921051979065,-0.10299427062273026,0.07983868569135666,-0.34415775537490845,-0.09124765545129776,0.057577650994062424,-0.25854483246803284,-0.06043992191553116,0.1771169900894165,-0.2675044536590576,-0.058386173099279404,0.17955553531646729,-0.3690921366214752,-0.09991896897554398,0.12880392372608185,-0.2855917513370514,-0.07771863788366318,0.10513389855623245,-0.228044793009758,-0.04808175191283226
K,K_session_001,291,0.0,0.0,0.0,-0.05217035487294197,-0.19512708485126495,-0.02722739800810814,-0.04244020953774452,-0.40619122982025146,-0.03821020945906639,0.00846023391932249,-0.5777414441108704,-0.055409181863069534,0.038647331297397614,-0.728858470916748,-0.06878785043954849,-0.011320463381707668,-0.504833996295929,0.004974671173840761,-0.01490065362304449,-0.7224352955818176,-0.03473874554038048,-0.017235882580280304,-0.8682917356491089,-0.05786238983273506,-0.013833273202180862,-1.0,-0.0711447075009346,0.0595986545085907,-0.46696171164512634,-0.009380389004945755,0.09768158197402954,-0.6779596209526062,-0.06360558420419693,0.11622419953346252,-0.8136626482009888,-0.0945378839969635,0.14818333089351654,-0.9453096985816956,-0.10609306395053864,0.12173386663198471,-0.3802246153354645,-0.029784664511680603,0.13907815515995026,-0.48352426290512085,-0.09751725941896439,0.07942822575569153,-0.34348833560943604,-0.08692260831594467,0.05566089227795601,-0.25104522705078125,-0.056136034429073334,0.175546333193779,-0.2715780735015869,-0.05290932580828667,0.17850446701049805,-0.37183406949043274,-0.09369820356369019,0.129232719540596,-0.2871806025505066,-0.07251115143299103,0.10598281770944595,-0.22806084156036377,-0.04334855079650879
K,K_session_001,292,0.0,0.0,0.0,-0.0497315376996994,-0.19393470883369446,-0.02686794474720955,-0.042018990963697433,-0.40152406692504883,-0.037547312676906586,0.005760928150266409,-0.5738741755485535,-0.054258935153484344,0.036291204392910004,-0.7242717146873474,-0.06711408495903015,-0.012509944848716259,-0.5058221220970154,0.004219487775117159,-0.015135573223233223,-0.7226597666740417,-0.036697134375572205,-0.017143862321972847,-0.8684142827987671,-0.06140435114502907,-0.0140676349401474,-1.0,-0.07572110742330551,0.05760224163532257,-0.46668002009391785,-0.010435951873660088,0.09575353562831879,-0.6754180192947388,-0.06492684036493301,0.11350753158330917,-0.8087412118911743,-0.09689908474683762,0.14593103528022766,-0.9421364068984985,-0.10937456786632538,0.11937784403562546,-0.37975606322288513,-0.031001325696706772,0.1371634304523468,-0.47656500339508057,-0.09823375940322876,0.0784551277756691,-0.3393392562866211,-0.08743420243263245,0.057833895087242126,-0.255711168050766,-0.05692315101623535,0.17280003428459167,-0.2719727158546448,-0.054350197315216064,0.17720727622509003,-0.37001875042915344,-0.09403283894062042,0.1282043606042862,-0.28439611196517944,-0.07148746401071548,0.10687734186649323,-0.22783486545085907,-0.04168280214071274
K,K_session_001,293,0.0,0.0,0.0,-0.05180085450410843,-0.1997832953929901,-0.026301981881260872,-0.04178793728351593,-0.4132128357887268,-0.03439832106232643,0.008009198121726513,-0.5822873115539551,-0.04835788160562515,0.038265518844127655,-0.7264609336853027,-0.05838966742157936,-0.017930958420038223,-0.5084166526794434,0.0041252183727920055,-0.020512918010354042,-0.7267780900001526,-0.03462439402937889,-0.021004989743232727,-0.8700428605079651,-0.057886503636837006,-0.01686098985373974,-1.0,-0.07144614309072495,0.052823349833488464,-0.46986904740333557,-0.010364989750087261,0.09149012714624405,-0.6754686236381531,-0.06346303224563599,0.1113436296582222,-0.811618983745575,-0.09482664614915848,0.14270740747451782,-0.9419589638710022,-0.10724258422851562,0.11502376198768616,-0.383281946182251,-0.030659982934594154,0.13451968133449554,-0.4762599766254425,-0.09742864221334457,0.07841247320175171,-0.33809128403663635,-0.08684631437063217,0.05559622123837471,-0.24854570627212524,-0.05649477243423462,0.16819608211517334,-0.2744872570037842,-0.053670454770326614,0.17422771453857422,-0.36946263909339905,-0.09377692639827728,0.1266833394765854,-0.28375527262687683,-0.07176680117845535,0.1037822961807251,-0.22569455206394196,-0.042350366711616516
K,K_session_001,294,0.0,0.0,0.0,-0.051312949508428574,-0.20593461394309998,-0.025883974507451057,-0.041379448026418686,-0.42046698927879333,-0.033750537782907486,0.006660639774054289,-0.5924341082572937,-0.04794330149888992,0.03439226374030113,-0.7369795441627502,-0.058253660798072815,-0.023339293897151947,-0.50960773229599,0.005244331434369087,-0.024086179211735725,-0.7266294956207275,-0.03396807610988617,-0.02302030473947525,-0.869551956653595,-0.05808241292834282,-0.017703989520668983,-1.0,-0.0723850205540657,0.04728341102600098,-0.47093117237091064,-0.009413238614797592,0.08615921437740326,-0.6749542355537415,-0.06386882811784744,0.10996676981449127,-0.8145236372947693,-0.09639851003885269,0.1427716463804245,-0.9455749988555908,-0.10983923077583313,0.1096036359667778,-0.3856382369995117,-0.029932886362075806,0.13324284553527832,-0.4787183403968811,-0.09704118221998215,0.08151558041572571,-0.3417101502418518,-0.08673866838216782,0.057872068136930466,-0.249863401055336,-0.05654221773147583,0.16305434703826904,-0.2786698341369629,-0.053242944180965424,0.17503388226032257,-0.3772630989551544,-0.09325516223907471,0.1301223635673523,-0.291169136762619,-0.07142749428749084,0.10554610192775726,-0.22976037859916687,-0.042233407497406006
K,K_session_001,295,0.0,0.0,0.0,-0.049302320927381516,-0.21011172235012054,-0.026278050616383553,-0.040745314210653305,-0.42377567291259766,-0.03300226852297783,0.002579285064712167,-0.5970776677131653,-0.04584752768278122,0.028243429958820343,-0.7407495379447937,-0.0545680932700634,-0.03133118152618408,-0.5168944001197815,0.010134398937225342,-0.03141280636191368,-0.7326858639717102,-0.026296764612197876,-0.029412614181637764,-0.8718671798706055,-0.049452368170022964,-0.02235575206577778,-1.0,-0.06347203999757767,0.03889548033475876,-0.47869521379470825,-0.0035416625905781984,0.07753681391477585,-0.6819100379943848,-0.05605502426624298,0.10373279452323914,-0.8164021372795105,-0.08949977904558182,0.1386861503124237,-0.9463581442832947,-0.10389064252376556,0.10134940594434738,-0.3948914706707001,-0.02332393079996109,0.13441769778728485,-0.4842998683452606,-0.09030228853225708,0.08399516344070435,-0.3474484384059906,-0.08334898948669434,0.058080654591321945,-0.25902432203292847,-0.05569680407643318,0.155344620347023,-0.29098907113075256,-0.04575584828853607,0.1741926521062851,-0.38632604479789734,-0.08707165718078613,0.1305413842201233,-0.29870733618736267,-0.06792694330215454,0.10347022861242294,-0.23862752318382263,-0.04066057130694389
K,K_session_001,296,0.0,0.0,0.0,-0.049905724823474884,-0.2105066180229187,-0.02642863057553768,-0.04105308651924133,-0.4284560978412628,-0.03240830823779106,0.0026218798011541367,-0.5959208607673645,-0.04414719343185425,0.02575092948973179,-0.7312853336334229,-0.0516425222158432,-0.03904205933213234,-0.5203000903129578,0.005693027749657631,-0.038110263645648956,-0.7355174422264099,-0.03177906945347786,-0.03580572456121445,-0.8733835816383362,-0.055349696427583694,-0.028198108077049255,-1.0,-0.06991196423768997,0.03029811568558216,-0.48247575759887695,-0.008221844211220741,0.06866434216499329,-0.6857214570045471,-0.06353998184204102,0.09806924313306808,-0.8166494369506836,-0.09769276529550552,0.13601988554000854,-0.9416536092758179,-0.11239360272884369,0.09373258799314499,-0.3998526930809021,-0.02778513915836811,0.1312323361635208,-0.4850594103336334,-0.09573616087436676,0.08433527499437332,-0.34489575028419495,-0.08646083623170853,0.05912010744214058,-0.25454315543174744,-0.05745534971356392,0.14817863702774048,-0.29604387283325195,-0.050282008945941925,0.17064368724822998,-0.3883356750011444,-0.09276486933231354,0.13008487224578857,-0.296002060174942,-0.07239704579114914,0.10394134372472763,-0.2343418449163437,-0.04419732466340065
K,K_session_001,297,0.0,0.0,0.0,-0.04625058174133301,-0.2120872139930725,-0.02833348512649536,-0.03809697926044464,-0.4295022189617157,-0.03492160141468048,0.004436710849404335,-0.598828136920929,-0.046685751527547836,0.022842932492494583,-0.7386577129364014,-0.05431930348277092,-0.04167035222053528,-0.5288956165313721,0.007940668612718582,-0.039906393736600876,-0.742272138595581,-0.026486605405807495,-0.03606504574418068,-0.8771847486495972,-0.0481204092502594,-0.026245715096592903,-1.0,-0.061200499534606934,0.02823355235159397,-0.489896297454834,-0.004891810938715935,0.07052020728588104,-0.6992421746253967,-0.05651067569851875,0.10330471396446228,-0.827889084815979,-0.0898406058549881,0.14579157531261444,-0.9490848183631897,-0.10368471592664719,0.09260791540145874,-0.4043055772781372,-0.023550359532237053,0.1321869194507599,-0.4869678318500519,-0.08832544833421707,0.08472193777561188,-0.35037946701049805,-0.08041684329509735,0.06006908044219017,-0.26624709367752075,-0.05285953730344772,0.14774367213249207,-0.2980941832065582,-0.04514526203274727,0.17092369496822357,-0.3987072706222534,-0.08420637995004654,0.1323089897632599,-0.3071986436843872,-0.06243808940052986,0.10904945433139801,-0.2469242513179779,-0.033706579357385635
K,K_session_001,298,0.0,0.0,0.0,-0.04511093720793724,-0.21709218621253967,-0.02894468978047371,-0.03854072839021683,-0.4376929700374603,-0.03312420845031738,0.0011842390522360802,-0.6102843880653381,-0.04200618341565132,0.019327856600284576,-0.749133288860321,-0.04634987562894821,-0.04436524957418442,-0.5341031551361084,0.0151937585324049,-0.04375918209552765,-0.7458931803703308,-0.014736753888428211,-0.04097679629921913,-0.8787473440170288,-0.033982522785663605,-0.03327042981982231,-1.0,-0.04556241258978844,0.02523878589272499,-0.49454209208488464,0.0040039862506091595,0.06915641576051712,-0.7093327045440674,-0.041387032717466354,0.10479377955198288,-0.8380709886550903,-0.07245960086584091,0.14810055494308472,-0.9594407081604004,-0.08515138924121857,0.08984749019145966,-0.40903764963150024,-0.0137327304109931,0.13001734018325806,-0.4875943958759308,-0.07559971511363983,0.08522757142782211,-0.3556411564350128,-0.07131190598011017,0.06138451397418976,-0.2724548876285553,-0.04650978744029999,0.14502453804016113,-0.30423703789711,-0.03424491733312607,0.16679547727108002,-0.4031188488006592,-0.07176022976636887,0.1289951354265213,-0.31423401832580566,-0.052024271339178085,0.10656782984733582,-0.2538980543613434,-0.025192372500896454
K,K_session_001,299,0.0,0.0,0.0,-0.04458276182413101,-0.2137698531150818,-0.035619840025901794,-0.038644518703222275,-0.43461281061172485,-0.03717778995633125,-0.00021748189465142787,-0.6071420311927795,-0.04162629321217537,0.015988674014806747,-0.7508867979049683,-0.04122518002986908,-0.0498637817800045,-0.5408061146736145,0.02387881651520729,-0.049511101096868515,-0.7515559792518616,0.0011608111672103405,-0.04581015184521675,-0.8818612694740295,-0.014228847809135914,-0.03852297365665436,-1.0,-0.02331826649606228,0.019645921885967255,-0.4989754855632782,0.018304770812392235,0.06522715836763382,-0.7132296562194824,-0.01975855976343155,0.10202717036008835,-0.8398087024688721,-0.04917890205979347,0.14396481215953827,-0.9589017033576965,-0.060672394931316376,0.08354292064905167,-0.41000473499298096,0.004675552248954773,0.12427724152803421,-0.487014502286911,-0.05548214912414551,0.08110947906970978,-0.35563358664512634,-0.05793986842036247,0.05715574324131012,-0.27922695875167847,-0.037442732602357864,0.13732582330703735,-0.30430275201797485,-0.01169649325311184,0.15823736786842346,-0.4011799991130829,-0.050529591739177704,0.12138135731220245,-0.3106481432914734,-0.03593216463923454,0.099861741065979,-0.2536677122116089,-0.012579098343849182
