label,session_id,sample_index,x_0,y_0,z_0,x_1,y_1,z_1,x_2,y_2,z_2,x_3,y_3,z_3,x_4,y_4,z_4,x_5,y_5,z_5,x_6,y_6,z_6,x_7,y_7,z_7,x_8,y_8,z_8,x_9,y_9,z_9,x_10,y_10,z_10,x_11,y_11,z_11,x_12,y_12,z_12,x_13,y_13,z_13,x_14,y_14,z_14,x_15,y_15,z_15,x_16,y_16,z_16,x_17,y_17,z_17,x_18,y_18,z_18,x_19,y_19,z_19,x_20,y_20,z_20
Love,Love_session_002,0,0.0,0.0,0.0,-0.15212170779705048,-0.018039733171463013,-0.04041462391614914,-0.29386651515960693,-0.1849980354309082,-0.057631466537714005,-0.3726607859134674,-0.36295121908187866,-0.07671760022640228,-0.43423616886138916,-0.48579108715057373,-0.09302518516778946,-0.2362794727087021,-0.4633714258670807,-0.031282804906368256,-0.2701683044433594,-0.7076371908187866,-0.07556559890508652,-0.27556318044662476,-0.8586850166320801,-0.10112830251455307,-0.27915164828300476,-1.0,-0.11907218396663666,-0.14771778881549835,-0.5052943229675293,-0.038967315107584,-0.13537420332431793,-0.6432603597640991,-0.14220193028450012,-0.10991280525922775,-0.43580591678619385,-0.17532262206077576,-0.10634319484233856,-0.26934298872947693,-0.17116016149520874,-0.060251764953136444,-0.5132326483726501,-0.051330383867025375,-0.040253620594739914,-0.6276981830596924,-0.1514803022146225,-0.02494383044540882,-0.43778717517852783,-0.14816519618034363,-0.026647383347153664,-0.2873029112815857,-0.1151914894580841,0.030362026765942574,-0.49867284297943115,-0.06562785804271698,0.03424299135804176,-0.6925327181816101,-0.13125400245189667,0.04195605218410492,-0.8147162795066833,-0.1371290683746338,0.04629002511501312,-0.9336348176002502,-0.12443702667951584
Love,Love_session_002,1,0.0,0.0,0.0,-0.16071577370166779,-0.04109775274991989,-0.039102908223867416,-0.29972386360168457,-0.19632871448993683,-0.056220944970846176,-0.38271990418434143,-0.36290067434310913,-0.0774700865149498,-0.44474342465400696,-0.4925674498081207,-0.09640739858150482,-0.23888441920280457,-0.46674227714538574,-0.018999096006155014,-0.27202680706977844,-0.7120361328125,-0.06604473292827606,-0.28077784180641174,-0.86103755235672,-0.0930820032954216,-0.2857656478881836,-1.0,-0.11006751656532288,-0.15175050497055054,-0.49827250838279724,-0.027900246903300285,-0.13856537640094757,-0.6404765248298645,-0.13356247544288635,-0.11535784602165222,-0.44941505789756775,-0.16915567219257355,-0.10912522673606873,-0.2921988070011139,-0.16460362076759338,-0.06610976904630661,-0.5093420743942261,-0.04281368851661682,-0.05098144710063934,-0.6204594373703003,-0.14456447958946228,-0.03547335043549538,-0.43423622846603394,-0.14417938888072968,-0.03724105656147003,-0.2918004095554352,-0.11104055494070053,0.01974434405565262,-0.49934181571006775,-0.05975135415792465,0.030508125200867653,-0.6946027874946594,-0.12339905649423599,0.035380732268095016,-0.8143470883369446,-0.12888407707214355,0.03441556170582771,-0.9339879751205444,-0.11485107988119125
Love,Love_session_002,2,0.0,0.0,0.0,-0.16071251034736633,-0.04074229672551155,-0.03937242552638054,-0.3031405806541443,-0.18674558401107788,-0.05635204166173935,-0.3884236514568329,-0.350681871175766,-0.07748356461524963,-0.450582891702652,-0.4792046546936035,-0.0963815376162529,-0.24077819287776947,-0.47565174102783203,-0.017861399799585342,-0.2749677300453186,-0.7166078686714172,-0.06492660194635391,-0.2847665846347809,-0.8622307777404785,-0.09275773912668228,-0.29065176844596863,-1.0,-0.1106182411313057,-0.1527773141860962,-0.5073838829994202,-0.02785990945994854,-0.1409178525209427,-0.6517136096954346,-0.13545604050159454,-0.12102063000202179,-0.45866596698760986,-0.1739155650138855,-0.11691731214523315,-0.3006953299045563,-0.17087069153785706,-0.06771218031644821,-0.5165567398071289,-0.04390406981110573,-0.05347225069999695,-0.6246058344841003,-0.14763018488883972,-0.042030345648527145,-0.4381898045539856,-0.15048523247241974,-0.04754108190536499,-0.2980263829231262,-0.1191982701420784,0.017129475250840187,-0.5032817125320435,-0.06183677166700363,0.027051229029893875,-0.7001785039901733,-0.12707626819610596,0.03233538940548897,-0.8183509111404419,-0.13376012444496155,0.03170960023999214,-0.9374074935913086,-0.12032254785299301
Love,Love_session_002,3,0.0,0.0,0.0,-0.15781323611736298,-0.03044123947620392,-0.04583408311009407,-0.3005247414112091,-0.17123261094093323,-0.06747796386480331,-0.3863010108470917,-0.3357715904712677,-0.09243160486221313,-0.4474043846130371,-0.47191309928894043,-0.11462008208036423,-0.23744893074035645,-0.4761388897895813,-0.024478614330291748,-0.2719954252243042,-0.7165353298187256,-0.07361289113759995,-0.2828908860683441,-0.8620638847351074,-0.10145276039838791,-0.2889743149280548,-1.0,-0.11903854459524155,-0.1484377384185791,-0.5062300562858582,-0.03271929919719696,-0.13745874166488647,-0.6497699618339539,-0.14293672144412994,-0.11840751022100449,-0.4565201997756958,-0.18104521930217743,-0.11312972009181976,-0.2974039316177368,-0.17742128670215607,-0.0629650130867958,-0.5145974159240723,-0.04778569936752319,-0.050106216222047806,-0.6250354647636414,-0.1549634039402008,-0.03941481187939644,-0.4365091323852539,-0.157876655459404,-0.04382781684398651,-0.2960849106311798,-0.12598374485969543,0.022020483389496803,-0.5024598240852356,-0.06513732671737671,0.032941874116659164,-0.696973443031311,-0.13301420211791992,0.036804500967264175,-0.8155719041824341,-0.14109651744365692,0.03409736230969429,-0.9373350143432617,-0.12847472727298737
Love,Love_session_002,4,0.0,0.0,0.0,-0.16153690218925476,-0.030328484252095222,-0.0453585609793663,-0.30221641063690186,-0.16860605776309967,-0.06596516817808151,-0.38826650381088257,-0.33253321051597595,-0.0900520607829094,-0.4529884159564972,-0.4645593762397766,-0.11142241954803467,-0.2376447319984436,-0.4756159484386444,-0.018411785364151,-0.27051764726638794,-0.7145982980728149,-0.06609703600406647,-0.28239065408706665,-0.8618006110191345,-0.09453988075256348,-0.2901184856891632,-1.0,-0.11293407529592514,-0.14854414761066437,-0.5065874457359314,-0.026744702830910683,-0.1386968046426773,-0.6496327519416809,-0.1366305649280548,-0.12034660577774048,-0.4612262547016144,-0.17710649967193604,-0.1138458251953125,-0.3000814914703369,-0.17503288388252258,-0.06282602995634079,-0.515731155872345,-0.04201366752386093,-0.050832320004701614,-0.6261685490608215,-0.14910702407360077,-0.041461046785116196,-0.43956276774406433,-0.15413762629032135,-0.04523387551307678,-0.298366904258728,-0.12351718544960022,0.0223893690854311,-0.5037253499031067,-0.0595199353992939,0.03182629495859146,-0.6931172609329224,-0.12696613371372223,0.035136498510837555,-0.8122119903564453,-0.1358698606491089,0.03379884734749794,-0.9354444146156311,-0.12388040125370026
Love,Love_session_002,5,0.0,0.0,0.0,-0.15952901542186737,-0.02504299022257328,-0.047196418046951294,-0.29988130927085876,-0.1638192981481552,-0.07001832872629166,-0.38645094633102417,-0.3268568813800812,-0.09582364559173584,-0.450654000043869,-0.45932266116142273,-0.11857891827821732,-0.23616325855255127,-0.48101457953453064,-0.024481922388076782,-0.2690819501876831,-0.7197690010070801,-0.07200665026903152,-0.2808975279331207,-0.8647071719169617,-0.09876222908496857,-0.28835099935531616,-1.0,-0.11596725881099701,-0.1473817527294159,-0.5106174349784851,-0.03209041804075241,-0.13625980913639069,-0.6521538496017456,-0.14145544171333313,-0.11848019808530807,-0.4605211019515991,-0.1793086677789688,-0.11415071040391922,-0.30034318566322327,-0.17557203769683838,-0.061463650315999985,-0.5176028609275818,-0.046577900648117065,-0.0490146204829216,-0.6262375116348267,-0.15341264009475708,-0.03953297436237335,-0.4375399947166443,-0.1567174345254898,-0.045307379215955734,-0.2978859543800354,-0.12526950240135193,0.02385643497109413,-0.5034326910972595,-0.06338807195425034,0.035767361521720886,-0.6928328275680542,-0.1316624879837036,0.04008208587765694,-0.8112370371818542,-0.14077433943748474,0.037157878279685974,-0.9363378882408142,-0.12893331050872803
Love,Love_session_002,6,0.0,0.0,0.0,-0.15921320021152496,-0.02422858402132988,-0.0478830561041832,-0.2990061342716217,-0.1626548171043396,-0.07057706266641617,-0.385776549577713,-0.3265869617462158,-0.0960431694984436,-0.44834017753601074,-0.4598252475261688,-0.11810847371816635,-0.23440787196159363,-0.48140430450439453,-0.023676233366131783,-0.26606854796409607,-0.721109926700592,-0.07055052369832993,-0.2783434987068176,-0.8649697303771973,-0.0973605290055275,-0.2865183651447296,-1.0,-0.11507239192724228,-0.14506252110004425,-0.5127454400062561,-0.03068663738667965,-0.13525575399398804,-0.6510593891143799,-0.1400015652179718,-0.11854466050863266,-0.4620971381664276,-0.178930401802063,-0.11280541867017746,-0.3002969026565552,-0.17642156779766083,-0.0586957223713398,-0.5206597447395325,-0.04465549811720848,-0.04654599726200104,-0.6264034509658813,-0.15131407976150513,-0.03895324468612671,-0.4352760314941406,-0.155412957072258,-0.04433419555425644,-0.29168033599853516,-0.1248004287481308,0.027089402079582214,-0.5070420503616333,-0.061043307185173035,0.040553003549575806,-0.692351222038269,-0.1298174411058426,0.044769953936338425,-0.8103048801422119,-0.14023999869823456,0.04210478439927101,-0.9339913725852966,-0.12951065599918365
Love,Love_session_002,7,0.0,0.0,0.0,-0.15740974247455597,-0.020891644060611725,-0.049757447093725204,-0.2989996373653412,-0.16198991239070892,-0.07355979084968567,-0.38587403297424316,-0.328542023897171,-0.09966392070055008,-0.4501879811286926,-0.4619212746620178,-0.12235809117555618,-0.23576995730400085,-0.48244667053222656,-0.028754359111189842,-0.26668527722358704,-0.7230343818664551,-0.07541639357805252,-0.2789616882801056,-0.8656503558158875,-0.10088071972131729,-0.28743159770965576,-1.0,-0.11758557707071304,-0.14673684537410736,-0.5137080550193787,-0.034828972071409225,-0.1334572732448578,-0.6496354937553406,-0.14304335415363312,-0.11682754755020142,-0.45957517623901367,-0.18015992641448975,-0.11244332790374756,-0.3016608953475952,-0.17678456008434296,-0.06113651767373085,-0.5213361382484436,-0.04774383082985878,-0.04488597810268402,-0.6252584457397461,-0.15386323630809784,-0.037354789674282074,-0.4338151514530182,-0.15686805546283722,-0.04400794953107834,-0.29245737195014954,-0.12588034570217133,0.024132633581757545,-0.5083138942718506,-0.06316196173429489,0.0369795560836792,-0.6930676698684692,-0.13151852786540985,0.04292936995625496,-0.8106350302696228,-0.14106957614421844,0.04263633117079735,-0.9336939454078674,-0.129787415266037
Love,Love_session_002,8,0.0,0.0,0.0,-0.15638603270053864,-0.02022392861545086,-0.05061601102352142,-0.2967606484889984,-0.15746663510799408,-0.07528351247310638,-0.38366127014160156,-0.3203914761543274,-0.10242274403572083,-0.4471074342727661,-0.4558131694793701,-0.1262466013431549,-0.2311130315065384,-0.48022758960723877,-0.02930535189807415,-0.26189565658569336,-0.7205172777175903,-0.07623821496963501,-0.2739101052284241,-0.8643917441368103,-0.10163027793169022,-0.28188708424568176,-1.0,-0.11819429695606232,-0.14265139400959015,-0.51011061668396,-0.035433586686849594,-0.12844163179397583,-0.6480122804641724,-0.1450696438550949,-0.11436308175325394,-0.4609818756580353,-0.18315300345420837,-0.11138242483139038,-0.3002595901489258,-0.1803950071334839,-0.05762198939919472,-0.5163490772247314,-0.0486484169960022,-0.0407886803150177,-0.6155776977539062,-0.15767709910869598,-0.0344911590218544,-0.4225829243659973,-0.16322211921215057,-0.04117375612258911,-0.2789808213710785,-0.13336601853370667,0.027625160291790962,-0.5029775500297546,-0.064238540828228,0.04249587655067444,-0.688727855682373,-0.13528597354888916,0.05014700070023537,-0.8079127669334412,-0.14708979427814484,0.0519096814095974,-0.9314717650413513,-0.1373034566640854
Love,Love_session_002,9,0.0,0.0,0.0,-0.15593121945858002,-0.02527269907295704,-0.045407913625240326,-0.29548048973083496,-0.17023330926895142,-0.06605400890111923,-0.3804178535938263,-0.33815959095954895,-0.08993171900510788,-0.444091796875,-0.46717631816864014,-0.11104490607976913,-0.2298024296760559,-0.4812377393245697,-0.024041758850216866,-0.2573629915714264,-0.7216734886169434,-0.06802865117788315,-0.2668445408344269,-0.8650129437446594,-0.09154856950044632,-0.2724062204360962,-1.0,-0.10698053240776062,-0.14309467375278473,-0.5114345550537109,-0.031112520024180412,-0.12622269988059998,-0.6443354487419128,-0.13513405621051788,-0.1096780076622963,-0.4619003236293793,-0.1712905615568161,-0.10601598769426346,-0.307294100522995,-0.16837750375270844,-0.05920768529176712,-0.5182602405548096,-0.04470038041472435,-0.039530396461486816,-0.6176241636276245,-0.1489245891571045,-0.02910640463232994,-0.43100807070732117,-0.1534278243780136,-0.03336595743894577,-0.2910662293434143,-0.12401837110519409,0.0250683706253767,-0.5035693049430847,-0.06031205505132675,0.040619928389787674,-0.6885499358177185,-0.12875881791114807,0.049476753920316696,-0.8071706891059875,-0.1397876888513565,0.05241764336824417,-0.9300835728645325,-0.12979188561439514
Love,Love_session_002,10,0.0,0.0,0.0,-0.15377293527126312,-0.028050411492586136,-0.04621147736907005,-0.29133737087249756,-0.1742885708808899,-0.06707480549812317,-0.3754603862762451,-0.3407913148403168,-0.09096313267946243,-0.43966057896614075,-0.470840722322464,-0.11194366216659546,-0.2243262082338333,-0.483869343996048,-0.02584042027592659,-0.24988551437854767,-0.7230077981948853,-0.07029716670513153,-0.258250892162323,-0.8650862574577332,-0.09305336326360703,-0.26225247979164124,-1.0,-0.1074543222784996,-0.1389194279909134,-0.5129168629646301,-0.03202494606375694,-0.1197090744972229,-0.6427191495895386,-0.13597433269023895,-0.10155992209911346,-0.45683494210243225,-0.17031241953372955,-0.09671558439731598,-0.30024823546409607,-0.16590625047683716,-0.05616488307714462,-0.5183277726173401,-0.044913653284311295,-0.034179821610450745,-0.6086555123329163,-0.15007074177265167,-0.02193446457386017,-0.4201694428920746,-0.15420015156269073,-0.025447903200984,-0.2816213369369507,-0.12397346645593643,0.027233939617872238,-0.5035997629165649,-0.0597260482609272,0.04756520688533783,-0.6899830102920532,-0.12811045348644257,0.05808468163013458,-0.8055784106254578,-0.1386837214231491,0.06058100238442421,-0.9250946640968323,-0.12818372249603271
Love,Love_session_002,11,0.0,0.0,0.0,-0.15332862734794617,-0.027129102498292923,-0.048591289669275284,-0.2911623418331146,-0.1753234565258026,-0.07038398832082748,-0.3745729923248291,-0.3424733877182007,-0.09458930045366287,-0.4360698163509369,-0.4770936071872711,-0.11582375317811966,-0.2215438038110733,-0.4813863933086395,-0.028117988258600235,-0.24731093645095825,-0.7195228934288025,-0.07314757257699966,-0.2558431625366211,-0.8634544014930725,-0.0969298854470253,-0.25994884967803955,-1.0,-0.1123061403632164,-0.13560913503170013,-0.511141836643219,-0.03293614834547043,-0.11472843587398529,-0.6372320652008057,-0.13618125021457672,-0.09947482496500015,-0.453255295753479,-0.17089401185512543,-0.09740247577428818,-0.29970476031303406,-0.16771210730075836,-0.05264775827527046,-0.517601728439331,-0.04461926221847534,-0.029294220730662346,-0.6095768213272095,-0.14969083666801453,-0.022251376882195473,-0.4170190691947937,-0.1536518782377243,-0.029945585876703262,-0.2758331596851349,-0.12391147762537003,0.03052639216184616,-0.5033183097839355,-0.05845212936401367,0.04886239394545555,-0.6859914660453796,-0.12738215923309326,0.061083924025297165,-0.8024260401725769,-0.1380624771118164,0.06687303632497787,-0.9238618612289429,-0.1278856098651886
Love,Love_session_002,12,0.0,0.0,0.0,-0.15076647698879242,-0.029888655990362167,-0.04744957759976387,-0.28571730852127075,-0.18403543531894684,-0.0684114545583725,-0.3663770854473114,-0.35127413272857666,-0.09150254726409912,-0.42898115515708923,-0.4821797311306,-0.11172467470169067,-0.21972008049488068,-0.48226478695869446,-0.02965773269534111,-0.2445565015077591,-0.7204104661941528,-0.07366430759429932,-0.2510097026824951,-0.8643534183502197,-0.09665390849113464,-0.25377219915390015,-1.0,-0.1115412712097168,-0.13452455401420593,-0.508335292339325,-0.034537747502326965,-0.11190032213926315,-0.6357305645942688,-0.13602861762046814,-0.09677380323410034,-0.4512341618537903,-0.16940297186374664,-0.09635159373283386,-0.29970720410346985,-0.16565413773059845,-0.05211101472377777,-0.5118691921234131,-0.04594651609659195,-0.028669992461800575,-0.6061923503875732,-0.14858166873455048,-0.023415105417370796,-0.41648605465888977,-0.15166053175926208,-0.03302817791700363,-0.2778121829032898,-0.12214817851781845,0.030117008835077286,-0.49561354517936707,-0.05946313962340355,0.047893352806568146,-0.680335521697998,-0.1269437074661255,0.059478696435689926,-0.7978559732437134,-0.13717809319496155,0.06490153074264526,-0.9206644296646118,-0.12717007100582123
Love,Love_session_002,13,0.0,0.0,0.0,-0.14795184135437012,-0.0377626046538353,-0.050380025058984756,-0.28139936923980713,-0.1975465565919876,-0.07160813361406326,-0.3639838993549347,-0.3654398024082184,-0.09467707574367523,-0.42740920186042786,-0.4987061321735382,-0.1147516593337059,-0.2178199142217636,-0.4817332327365875,-0.027836987748742104,-0.24216081202030182,-0.7189214825630188,-0.07254575937986374,-0.24754442274570465,-0.8629492521286011,-0.09644106775522232,-0.2491919845342636,-1.0,-0.11157325655221939,-0.13346843421459198,-0.5049567818641663,-0.031040092930197716,-0.11063288897275925,-0.6329535841941833,-0.13405248522758484,-0.09475284069776535,-0.45340409874916077,-0.16932755708694458,-0.09335940331220627,-0.3028774857521057,-0.1665554642677307,-0.052066072821617126,-0.5075317621231079,-0.041343968361616135,-0.02725464478135109,-0.6098330020904541,-0.1454780399799347,-0.022324934601783752,-0.42438822984695435,-0.1509183943271637,-0.03259539231657982,-0.2850963771343231,-0.12244930863380432,0.0290838573127985,-0.4922512173652649,-0.05388166755437851,0.04749367758631706,-0.6760428547859192,-0.12105753272771835,0.05972958356142044,-0.7938623428344727,-0.13202548027038574,0.0653468444943428,-0.9141702055931091,-0.1224990114569664
Love,Love_session_002,14,0.0,0.0,0.0,-0.14620180428028107,-0.036553822457790375,-0.049717146903276443,-0.27898889780044556,-0.19811829924583435,-0.07153668999671936,-0.357492595911026,-0.3709726333618164,-0.09520401060581207,-0.42295336723327637,-0.5032722353935242,-0.11598562449216843,-0.2158365249633789,-0.4818771779537201,-0.03217471018433571,-0.2416263222694397,-0.717140257358551,-0.07892842590808868,-0.2459581047296524,-0.8607189655303955,-0.1038670614361763,-0.24619969725608826,-1.0,-0.11963414400815964,-0.1308211386203766,-0.5061919093132019,-0.03679930046200752,-0.10805041342973709,-0.6329603791236877,-0.14124278724193573,-0.0924547091126442,-0.44591471552848816,-0.1754152476787567,-0.09189141541719437,-0.29381290078163147,-0.17171846330165863,-0.04885673150420189,-0.5070912837982178,-0.048337433487176895,-0.02564501203596592,-0.6064580082893372,-0.15336227416992188,-0.01995854265987873,-0.4179544150829315,-0.15675288438796997,-0.02953130193054676,-0.2797712981700897,-0.1268077790737152,0.03259064257144928,-0.4892653226852417,-0.062207743525505066,0.052244193851947784,-0.6769515872001648,-0.13028976321220398,0.0664408802986145,-0.7936128377914429,-0.14031027257442474,0.07383457571268082,-0.9126688838005066,-0.12992219626903534
Love,Love_session_002,15,0.0,0.0,0.0,-0.14469273388385773,-0.04557814076542854,-0.04775206744670868,-0.2734944224357605,-0.21426759660243988,-0.06706724315881729,-0.3492709696292877,-0.387661874294281,-0.08850620687007904,-0.4126271605491638,-0.5187214612960815,-0.1070568785071373,-0.2118535339832306,-0.4889163076877594,-0.025290267542004585,-0.23402804136276245,-0.7219434976577759,-0.07010871917009354,-0.2368500679731369,-0.8641446232795715,-0.09437888115644455,-0.2358037233352661,-1.0,-0.10963162034749985,-0.12834885716438293,-0.5105176568031311,-0.029577553272247314,-0.1056835800409317,-0.6353822350502014,-0.13120786845684052,-0.09004516899585724,-0.4526599943637848,-0.16538439691066742,-0.08796800673007965,-0.30301567912101746,-0.16178329288959503,-0.04767626151442528,-0.5081329345703125,-0.04084248095750809,-0.025973672047257423,-0.603657603263855,-0.14352793991565704,-0.018469244241714478,-0.42364922165870667,-0.14857575297355652,-0.024228593334555626,-0.2901271879673004,-0.11990391463041306,0.032505977898836136,-0.4867607653141022,-0.05430753529071808,0.05258025974035263,-0.6714886426925659,-0.12194731831550598,0.06985914707183838,-0.7842881679534912,-0.13315777480602264,0.08224786818027496,-0.8989357948303223,-0.12331224232912064
Love,Love_session_002,16,0.0,0.0,0.0,-0.1442890167236328,-0.05085786059498787,-0.048661354929208755,-0.2704370617866516,-0.22509542107582092,-0.06764911860227585,-0.34283044934272766,-0.4052971303462982,-0.08882840722799301,-0.4019998610019684,-0.5426644086837769,-0.1071367934346199,-0.2070358395576477,-0.48454421758651733,-0.023963432759046555,-0.22976994514465332,-0.7171741724014282,-0.06872400641441345,-0.23096667230129242,-0.8616514801979065,-0.09330180287361145,-0.2285485416650772,-1.0,-0.10872986167669296,-0.12363849580287933,-0.5069760084152222,-0.027543898671865463,-0.1020808070898056,-0.6342368721961975,-0.12970998883247375,-0.08802667260169983,-0.45288407802581787,-0.16496241092681885,-0.08797185868024826,-0.2995767891407013,-0.1620659977197647,-0.04322061687707901,-0.5060474872589111,-0.03822717443108559,-0.0223114974796772,-0.6104079484939575,-0.1413673758506775,-0.01646556332707405,-0.42857518792152405,-0.14694899320602417,-0.023940039798617363,-0.2886035740375519,-0.11843552440404892,0.035955145955085754,-0.48475679755210876,-0.0512639619410038,0.058018721640110016,-0.6698353290557861,-0.11890719085931778,0.07674863934516907,-0.7825568914413452,-0.1307535022497177,0.0895424485206604,-0.894210934638977,-0.12143490463495255
Love,Love_session_002,17,0.0,0.0,0.0,-0.1415843516588211,-0.05406836420297623,-0.04743236303329468,-0.26533445715904236,-0.23095306754112244,-0.0666201114654541,-0.33781540393829346,-0.4073694050312042,-0.08745372295379639,-0.3999209702014923,-0.5382524132728577,-0.10556063801050186,-0.2006435990333557,-0.49321573972702026,-0.03019079379737377,-0.22150707244873047,-0.7258612513542175,-0.07370727509260178,-0.22175230085849762,-0.8666103482246399,-0.09613607823848724,-0.21848724782466888,-1.0,-0.11017259955406189,-0.11843197047710419,-0.5119912624359131,-0.03330570086836815,-0.09395552426576614,-0.6263116598129272,-0.13119930028915405,-0.081814244389534,-0.44241243600845337,-0.16278545558452606,-0.08367510139942169,-0.2938030958175659,-0.15897490084171295,-0.0386493019759655,-0.506592333316803,-0.04299762099981308,-0.013347409665584564,-0.6007333993911743,-0.1434912532567978,-0.009382132440805435,-0.42354756593704224,-0.14857274293899536,-0.019858112558722496,-0.29049503803253174,-0.12127651274204254,0.04067274183034897,-0.4816511273384094,-0.05468401685357094,0.06354796141386032,-0.6654017567634583,-0.12309099733829498,0.08729183673858643,-0.7724911570549011,-0.13549543917179108,0.10528971999883652,-0.8798230886459351,-0.12663401663303375
Love,Love_session_002,18,0.0,0.0,0.0,-0.13676519691944122,-0.06701799482107162,-0.04547771066427231,-0.25645187497138977,-0.24937328696250916,-0.06274700909852982,-0.325865775346756,-0.4203793406486511,-0.08169426023960114,-0.382809579372406,-0.5525363087654114,-0.09772831201553345,-0.1921122819185257,-0.4965595304965973,-0.02658173255622387,-0.20921669900417328,-0.7274935841560364,-0.06723394244909286,-0.20811542868614197,-0.8685135841369629,-0.08830904960632324,-0.20492403209209442,-1.0,-0.10174261778593063,-0.1122652068734169,-0.5112335681915283,-0.029069824144244194,-0.08692076057195663,-0.621071457862854,-0.12194965034723282,-0.077975794672966,-0.44306331872940063,-0.15192094445228577,-0.08249794691801071,-0.300895631313324,-0.14844875037670135,-0.033848006278276443,-0.5026853680610657,-0.03812485933303833,-0.006097867153584957,-0.5966216921806335,-0.13381484150886536,-0.005968749988824129,-0.4188101589679718,-0.13811230659484863,-0.019648002460598946,-0.28676271438598633,-0.11171133816242218,0.0457179881632328,-0.4754096567630768,-0.04925431311130524,0.07052026689052582,-0.6591238379478455,-0.11496534198522568,0.0940232127904892,-0.7699430584907532,-0.12788408994674683,0.11333445459604263,-0.8808375597000122,-0.12029187381267548
Love,Love_session_002,19,0.0,0.0,0.0,-0.13623254001140594,-0.06776949763298035,-0.04878818616271019,-0.2546010911464691,-0.24961572885513306,-0.06881052255630493,-0.32371971011161804,-0.42096656560897827,-0.08995348960161209,-0.3821457028388977,-0.5541119575500488,-0.10798808187246323,-0.19273822009563446,-0.5023044347763062,-0.03193030506372452,-0.20919543504714966,-0.7300876379013062,-0.0742095559835434,-0.20625603199005127,-0.867642879486084,-0.0961969643831253,-0.2008683830499649,-1.0,-0.11005769670009613,-0.1114407554268837,-0.5154412388801575,-0.03352067619562149,-0.08307284116744995,-0.622802734375,-0.1286180019378662,-0.07456676661968231,-0.4379180371761322,-0.1591782569885254,-0.08102811872959137,-0.29378730058670044,-0.15563103556632996,-0.03276810795068741,-0.5048521161079407,-0.04163907468318939,-0.002804844407364726,-0.6024054288864136,-0.1392926573753357,-0.004490714520215988,-0.4230717718601227,-0.14346982538700104,-0.020920945331454277,-0.29018357396125793,-0.11635976284742355,0.04470174014568329,-0.47478026151657104,-0.05194716900587082,0.0692625492811203,-0.6575976610183716,-0.11801812052726746,0.09454308450222015,-0.7641592621803284,-0.12976649403572083,0.11426813155412674,-0.870040237903595,-0.1209326907992363
Love,Love_session_002,20,0.0,0.0,0.0,-0.13506421446800232,-0.06881127506494522,-0.04907051473855972,-0.25220850110054016,-0.25271815061569214,-0.06903593987226486,-0.3210147023200989,-0.4238375425338745,-0.08970527350902557,-0.37890586256980896,-0.557650089263916,-0.1070207729935646,-0.1902666836977005,-0.502557098865509,-0.03421977162361145,-0.20576752722263336,-0.7321293354034424,-0.0760503038764,-0.20340651273727417,-0.8687252402305603,-0.0965610146522522,-0.19855214655399323,-1.0,-0.10928740352392197,-0.10945549607276917,-0.5165294408798218,-0.03480873629450798,-0.08412569761276245,-0.6224150061607361,-0.12834623456001282,-0.07554148882627487,-0.4362556040287018,-0.1565607488155365,-0.08081138879060745,-0.2933265268802643,-0.15155282616615295,-0.030865857377648354,-0.5073698163032532,-0.04193737730383873,-0.0019112668232992291,-0.6028485298156738,-0.13832269608974457,-0.0026947588194161654,-0.42169514298439026,-0.14121916890144348,-0.017967285588383675,-0.2901516854763031,-0.11347844451665878,0.04709937795996666,-0.4793112277984619,-0.051290057599544525,0.07244274020195007,-0.6601962447166443,-0.11644604057073593,0.09665326774120331,-0.7648939490318298,-0.12827783823013306,0.11495532095432281,-0.8707689642906189,-0.11978859454393387
Love,Love_session_002,21,0.0,0.0,0.0,-0.13573475182056427,-0.06938035041093826,-0.04889306426048279,-0.2533215582370758,-0.254538357257843,-0.06877893954515457,-0.3209908902645111,-0.42662540078163147,-0.08963979780673981,-0.3790198266506195,-0.5597691535949707,-0.10718382149934769,-0.1897699385881424,-0.5026957988739014,-0.03274985030293465,-0.20572106540203094,-0.7328687906265259,-0.07397594302892685,-0.20351019501686096,-0.8693128824234009,-0.0941205620765686,-0.19888360798358917,-1.0,-0.10653157532215118,-0.10841631144285202,-0.515205979347229,-0.033625658601522446,-0.08136563003063202,-0.6202617883682251,-0.12773725390434265,-0.0740930587053299,-0.434345543384552,-0.1566256731748581,-0.08083806186914444,-0.28941628336906433,-0.151741161942482,-0.029634779319167137,-0.504481315612793,-0.041014958173036575,0.0004850149271078408,-0.6022942662239075,-0.1378415822982788,-0.0007875892915762961,-0.4219082295894623,-0.14125984907150269,-0.016402138397097588,-0.2898361384868622,-0.11351288855075836,0.048671308904886246,-0.47515684366226196,-0.05055089667439461,0.07371575385332108,-0.656673789024353,-0.11555135995149612,0.09813163429498672,-0.7616118788719177,-0.12722791731357574,0.11709771305322647,-0.8675767779350281,-0.1184343546628952
Love,Love_session_002,22,0.0,0.0,0.0,-0.13661158084869385,-0.06993428617715836,-0.04668952152132988,-0.25249698758125305,-0.2573429346084595,-0.06509814411401749,-0.31708282232284546,-0.43263164162635803,-0.08488905429840088,-0.37494274973869324,-0.564380407333374,-0.101573646068573,-0.1877368837594986,-0.5029261112213135,-0.030207203701138496,-0.20247763395309448,-0.733299970626831,-0.0707186609506607,-0.20015838742256165,-0.8698621392250061,-0.09081567823886871,-0.19579952955245972,-1.0,-0.10336409509181976,-0.1058771014213562,-0.5145434737205505,-0.032072726637125015,-0.07814255356788635,-0.6168792843818665,-0.12611927092075348,-0.0712679922580719,-0.4305967092514038,-0.1556740403175354,-0.0781392976641655,-0.2850654721260071,-0.15140490233898163,-0.02715006098151207,-0.5032891035079956,-0.040244750678539276,0.0037243375554680824,-0.5985864400863647,-0.13708816468715668,0.0009991629049181938,-0.416945219039917,-0.14074188470840454,-0.015487127006053925,-0.2836626172065735,-0.113315150141716,0.05041695013642311,-0.4738011062145233,-0.050411779433488846,0.07595529407262802,-0.6547380685806274,-0.11538080871105194,0.099797323346138,-0.7606039643287659,-0.12700815498828888,0.1188129410147667,-0.8668801188468933,-0.11830014735460281
Love,Love_session_002,23,0.0,0.0,0.0,-0.13649491965770721,-0.07089885324239731,-0.04377979785203934,-0.2520098388195038,-0.26292333006858826,-0.06070638820528984,-0.3135990500450134,-0.4393291473388672,-0.07926767319440842,-0.36905890703201294,-0.5681115984916687,-0.09489545971155167,-0.18669536709785461,-0.5021939873695374,-0.030123326927423477,-0.2015482783317566,-0.7332757115364075,-0.07006952911615372,-0.19795244932174683,-0.8694193363189697,-0.08971767127513885,-0.19249285757541656,-1.0,-0.1020948514342308,-0.10504446178674698,-0.5146517753601074,-0.032997015863657,-0.07734238356351852,-0.615482747554779,-0.12523259222507477,-0.06951603293418884,-0.4287373721599579,-0.15329992771148682,-0.0760788768529892,-0.28508460521698,-0.1485782265663147,-0.025575174018740654,-0.5038228034973145,-0.04178245738148689,0.005755963735282421,-0.6002976298332214,-0.13630311191082,0.0043609836138784885,-0.4197842478752136,-0.1383710354566574,-0.011422183364629745,-0.2880994379520416,-0.11064061522483826,0.05293671414256096,-0.47414430975914,-0.05241025984287262,0.07789948582649231,-0.6537734270095825,-0.11564503610134125,0.10088586062192917,-0.7588375210762024,-0.12618179619312286,0.11884313821792603,-0.8655778765678406,-0.11717113852500916
Love,Love_session_002,24,0.0,0.0,0.0,-0.13593097031116486,-0.07392582297325134,-0.044117338955402374,-0.2495819479227066,-0.2648082375526428,-0.061173904687166214,-0.31014305353164673,-0.4423314034938812,-0.07982970029115677,-0.3648677170276642,-0.5722402334213257,-0.09571730345487595,-0.18306989967823029,-0.49723249673843384,-0.031213734298944473,-0.19830328226089478,-0.730423092842102,-0.07265441119670868,-0.19523577392101288,-0.8681082129478455,-0.09395977109670639,-0.19071976840496063,-1.0,-0.10746484994888306,-0.10167547315359116,-0.5071240663528442,-0.0343359112739563,-0.07678598165512085,-0.6163029670715332,-0.12875311076641083,-0.06836149096488953,-0.4335223436355591,-0.1584743708372116,-0.0743599683046341,-0.2884855568408966,-0.1544969528913498,-0.02259659394621849,-0.49644413590431213,-0.04326450452208519,0.006687921937555075,-0.6016283631324768,-0.13866809010505676,0.006281293462961912,-0.4228650629520416,-0.14068739116191864,-0.008963421918451786,-0.2883684039115906,-0.11262435466051102,0.05530669912695885,-0.46833863854408264,-0.05422971770167351,0.07999449968338013,-0.6499302983283997,-0.11776544153690338,0.10249358415603638,-0.7570276856422424,-0.12832465767860413,0.11966098099946976,-0.8640894889831543,-0.11930608004331589
Love,Love_session_002,25,0.0,0.0,0.0,-0.13641196489334106,-0.07296407967805862,-0.04624895006418228,-0.24930919706821442,-0.2655152678489685,-0.06378268450498581,-0.30886927247047424,-0.44457224011421204,-0.0825607106089592,-0.3635718524456024,-0.5762261748313904,-0.0983671247959137,-0.18452276289463043,-0.4995051622390747,-0.029411308467388153,-0.19973023235797882,-0.7311188578605652,-0.07012909650802612,-0.1948692947626114,-0.8678274154663086,-0.09103699028491974,-0.18781623244285583,-1.0,-0.1040617823600769,-0.10245058685541153,-0.5106739401817322,-0.031147325411438942,-0.07681912928819656,-0.618827760219574,-0.12504222989082336,-0.06831872463226318,-0.4335276186466217,-0.1546718329191208,-0.0738435685634613,-0.28684696555137634,-0.1501300185918808,-0.02330220304429531,-0.5009979605674744,-0.039055828005075455,0.0057404134422540665,-0.6050127744674683,-0.13436150550842285,0.00534081319347024,-0.4242306351661682,-0.13681016862392426,-0.00905329454690218,-0.2885822653770447,-0.10856149345636368,0.05449044704437256,-0.47328561544418335,-0.04912762716412544,0.0789356380701065,-0.6523644328117371,-0.11216742545366287,0.10220912843942642,-0.7577325701713562,-0.12274061888456345,0.12050479650497437,-0.8632836937904358,-0.1135188415646553
Love,Love_session_002,26,0.0,0.0,0.0,-0.1365530788898468,-0.07045640796422958,-0.0471547394990921,-0.24890920519828796,-0.26215431094169617,-0.06535591185092926,-0.3069462776184082,-0.4427698850631714,-0.08448530733585358,-0.36105677485466003,-0.5765573382377625,-0.10068090260028839,-0.18365874886512756,-0.4968651831150055,-0.03310733661055565,-0.19938424229621887,-0.731503427028656,-0.07419684529304504,-0.19484466314315796,-0.8681382536888123,-0.09472101181745529,-0.18844331800937653,-1.0,-0.10745725780725479,-0.10101040452718735,-0.5073280930519104,-0.034574244171381,-0.07578253000974655,-0.616540253162384,-0.1286361962556839,-0.06812512129545212,-0.4307367503643036,-0.1577267199754715,-0.07435126602649689,-0.2850033640861511,-0.15302161872386932,-0.021663770079612732,-0.4968024790287018,-0.042145200073719025,0.007005606312304735,-0.6008794903755188,-0.13757790625095367,0.005419381428509951,-0.42065417766571045,-0.13988804817199707,-0.010121007449924946,-0.2870006561279297,-0.11183582246303558,0.05596109852194786,-0.46886682510375977,-0.05190974846482277,0.07978905737400055,-0.6495184302330017,-0.11525946855545044,0.10235811769962311,-0.7560659050941467,-0.1260191947221756,0.12007847428321838,-0.8635667562484741,-0.11711994558572769
Love,Love_session_002,27,0.0,0.0,0.0,-0.13730014860630035,-0.0730547308921814,-0.04695550724864006,-0.2489587366580963,-0.26338890194892883,-0.06632331758737564,-0.30790436267852783,-0.44439268112182617,-0.08699789643287659,-0.36117103695869446,-0.5802168846130371,-0.10509514808654785,-0.1862681806087494,-0.48982635140419006,-0.034762367606163025,-0.2056993842124939,-0.7269457578659058,-0.07796704024076462,-0.2015196830034256,-0.865788459777832,-0.09968698024749756,-0.19451004266738892,-1.0,-0.11270905286073685,-0.1051722839474678,-0.5030850172042847,-0.03681700676679611,-0.07739666849374771,-0.6154578924179077,-0.13205407559871674,-0.06949851661920547,-0.42932140827178955,-0.1610453575849533,-0.07676488906145096,-0.285586953163147,-0.1560620665550232,-0.02640625648200512,-0.4964852035045624,-0.04506229609251022,0.006462433375418186,-0.6033153533935547,-0.14103367924690247,0.003425119910389185,-0.42404040694236755,-0.14332814514636993,-0.014646833762526512,-0.2901730537414551,-0.11520776897668839,0.051364459097385406,-0.472189337015152,-0.05552956834435463,0.07412994652986526,-0.6544800996780396,-0.11829280853271484,0.09658025205135345,-0.7602018713951111,-0.1280752271413803,0.11416203528642654,-0.865023672580719,-0.11853044480085373
Love,Love_session_002,28,0.0,0.0,0.0,-0.13707925379276276,-0.07766804844141006,-0.04751317575573921,-0.25003498792648315,-0.26585495471954346,-0.06699124723672867,-0.3118903338909149,-0.4455791115760803,-0.08737877756357193,-0.36411038041114807,-0.581052839756012,-0.1048266813158989,-0.1936720311641693,-0.48807084560394287,-0.03453916311264038,-0.21245793998241425,-0.7252445220947266,-0.07811089605093002,-0.20778799057006836,-0.8650195598602295,-0.09942546486854553,-0.2008625864982605,-1.0,-0.11178956925868988,-0.11291497200727463,-0.5069685578346252,-0.03590123727917671,-0.0839390978217125,-0.6189877986907959,-0.131106898188591,-0.06935057044029236,-0.43340304493904114,-0.15884678065776825,-0.07341013848781586,-0.2900729179382324,-0.15211544930934906,-0.03398924320936203,-0.5037594437599182,-0.04356487840414047,-0.0016913001891225576,-0.6057721972465515,-0.13922135531902313,0.003836801741272211,-0.4334692060947418,-0.14123181998729706,-0.008926643058657646,-0.305667906999588,-0.11225733906030655,0.04382126033306122,-0.48103487491607666,-0.05339335277676582,0.06647564470767975,-0.662450909614563,-0.11496083438396454,0.08736144751310349,-0.7671624422073364,-0.12384109944105148,0.10113842040300369,-0.871164858341217,-0.1133555993437767
Love,Love_session_002,29,0.0,0.0,0.0,-0.1423129141330719,-0.07659802585840225,-0.048608191311359406,-0.25956112146377563,-0.2625383138656616,-0.06724493950605392,-0.32316163182258606,-0.44266456365585327,-0.08647296577692032,-0.37254321575164795,-0.5812336206436157,-0.10231155157089233,-0.20444434881210327,-0.4821043312549591,-0.03215225040912628,-0.22409935295581818,-0.7230169177055359,-0.07408216595649719,-0.2204088419675827,-0.8633829355239868,-0.09374774247407913,-0.21577639877796173,-1.0,-0.10523952543735504,-0.12238267809152603,-0.5035524964332581,-0.032416343688964844,-0.09327949583530426,-0.6279477477073669,-0.1279292106628418,-0.07421907782554626,-0.4425695538520813,-0.15596400201320648,-0.07554064691066742,-0.293499231338501,-0.14897684752941132,-0.043011147528886795,-0.5023026466369629,-0.03911864012479782,-0.011343489401042461,-0.6145434379577637,-0.13501040637493134,-0.0020412029698491096,-0.4478781223297119,-0.1385727822780609,-0.011922340840101242,-0.31995028257369995,-0.11034135520458221,0.03467000275850296,-0.4804374575614929,-0.04787737503647804,0.0576949380338192,-0.6648256778717041,-0.1094444990158081,0.07843061536550522,-0.7684943079948425,-0.11958485096693039,0.09110262244939804,-0.8704262971878052,-0.1100105419754982
Love,Love_session_002,30,0.0,0.0,0.0,-0.142213374376297,-0.07682841271162033,-0.04758613184094429,-0.2628769278526306,-0.26086193323135376,-0.0663473978638649,-0.3288896679878235,-0.43982213735580444,-0.08563749492168427,-0.3752444386482239,-0.5812872052192688,-0.10196302086114883,-0.2068471759557724,-0.4820548892021179,-0.03546195849776268,-0.2291586846113205,-0.7226258516311646,-0.07842429727315903,-0.22756041586399078,-0.8640838265419006,-0.09882760047912598,-0.2254364937543869,-1.0,-0.11100485920906067,-0.12539850175380707,-0.5040550827980042,-0.036399804055690765,-0.10072746127843857,-0.6290927529335022,-0.132058784365654,-0.08304816484451294,-0.44528988003730774,-0.1602117121219635,-0.08549166470766068,-0.29916802048683167,-0.15399569272994995,-0.046137113124132156,-0.5008530020713806,-0.04337640106678009,-0.017658457159996033,-0.607478141784668,-0.1395799219608307,-0.007875161245465279,-0.4382958710193634,-0.14237555861473083,-0.01744348555803299,-0.30872830748558044,-0.11405893415212631,0.03227842226624489,-0.475938081741333,-0.052393000572919846,0.054128631949424744,-0.6625956296920776,-0.11581654101610184,0.07382416725158691,-0.7745092511177063,-0.12670445442199707,0.08588261902332306,-0.8832470774650574,-0.11760707944631577
Love,Love_session_002,31,0.0,0.0,0.0,-0.1407715529203415,-0.07389917969703674,-0.0463072843849659,-0.2623559832572937,-0.26312384009361267,-0.06245013698935509,-0.3270690441131592,-0.4418403208255768,-0.07951060682535172,-0.3718261420726776,-0.5810178518295288,-0.09372860193252563,-0.20487043261528015,-0.4878358244895935,-0.03052695095539093,-0.22922967374324799,-0.7262578010559082,-0.07137058675289154,-0.22797459363937378,-0.8663856983184814,-0.09091022610664368,-0.22665418684482574,-1.0,-0.10285001248121262,-0.12407837063074112,-0.5068128108978271,-0.03191939741373062,-0.10308894515037537,-0.6305452585220337,-0.12768441438674927,-0.08418282866477966,-0.446837842464447,-0.15669214725494385,-0.08378905057907104,-0.29862719774246216,-0.15057724714279175,-0.04512682184576988,-0.5009940266609192,-0.039416082203388214,-0.019075991585850716,-0.6075350046157837,-0.13584275543689728,-0.007812106050550938,-0.43645724654197693,-0.13966551423072815,-0.014710940420627594,-0.30534467101097107,-0.11171359568834305,0.03280012309551239,-0.47544506192207336,-0.048917505890131,0.05429856479167938,-0.6584205627441406,-0.11281317472457886,0.0727463960647583,-0.7715717554092407,-0.1250000298023224,0.08489705622196198,-0.8828445076942444,-0.11677274852991104
Love,Love_session_002,32,0.0,0.0,0.0,-0.14093075692653656,-0.07942032068967819,-0.047289662063121796,-0.26339155435562134,-0.26719754934310913,-0.0647476315498352,-0.33069467544555664,-0.4448467195034027,-0.08313706517219543,-0.37680238485336304,-0.5857316851615906,-0.09836571663618088,-0.21029852330684662,-0.4889562129974365,-0.02932911366224289,-0.23507755994796753,-0.7259697318077087,-0.07026474177837372,-0.23560486733913422,-0.8664231896400452,-0.08942662179470062,-0.23488818109035492,-1.0,-0.10105036944150925,-0.13041506707668304,-0.5112794637680054,-0.030284099280834198,-0.10765817761421204,-0.6382928490638733,-0.12546013295650482,-0.08866645395755768,-0.45728597044944763,-0.1542622148990631,-0.08898559957742691,-0.3117561638355255,-0.1481054127216339,-0.05106034129858017,-0.5089319944381714,-0.03766798600554466,-0.022068055346608162,-0.6196409463882446,-0.13366933166980743,-0.012455740012228489,-0.44980061054229736,-0.13765478134155273,-0.021629255264997482,-0.3196203112602234,-0.110000379383564,0.027692396193742752,-0.484626829624176,-0.04714816063642502,0.05097575858235359,-0.6697818040847778,-0.11073275655508041,0.07106664031744003,-0.7845554351806641,-0.12328822910785675,0.08385472744703293,-0.8969828486442566,-0.11551163345575333
Love,Love_session_002,33,0.0,0.0,0.0,-0.14298543334007263,-0.0707545280456543,-0.04798932000994682,-0.2694324553012848,-0.25651004910469055,-0.06535343825817108,-0.3400956988334656,-0.43011409044265747,-0.08365067839622498,-0.38401687145233154,-0.5734766721725464,-0.09873360395431519,-0.21581631898880005,-0.4883056581020355,-0.029063062742352486,-0.24321025609970093,-0.7238319516181946,-0.07010496407747269,-0.24439547955989838,-0.864283561706543,-0.08931667357683182,-0.2427707016468048,-1.0,-0.1008404865860939,-0.13363704085350037,-0.5124228000640869,-0.029927385970950127,-0.11516394466161728,-0.641281008720398,-0.1273195743560791,-0.09361182898283005,-0.45536673069000244,-0.15666687488555908,-0.08898412436246872,-0.3015748858451843,-0.14954300224781036,-0.05158593878149986,-0.5121636986732483,-0.037230946123600006,-0.026515239849686623,-0.6229712963104248,-0.1359984576702118,-0.011994175612926483,-0.4457177221775055,-0.14016076922416687,-0.015428010374307632,-0.310177206993103,-0.11110951006412506,0.030039092525839806,-0.4899146258831024,-0.04643877595663071,0.04941575974225998,-0.6731472611427307,-0.11032173037528992,0.06770860403776169,-0.786879301071167,-0.12214063853025436,0.07978668063879013,-0.9003968834877014,-0.1134185716509819
Love,Love_session_002,34,0.0,0.0,0.0,-0.14554722607135773,-0.06650971621274948,-0.04727466031908989,-0.2729303538799286,-0.2505463659763336,-0.06510768085718155,-0.3452090919017792,-0.42613109946250916,-0.08427971601486206,-0.3904708921909332,-0.5694378018379211,-0.10044581443071365,-0.21906478703022003,-0.47719109058380127,-0.028532646596431732,-0.2483900487422943,-0.7159010171890259,-0.07254546135663986,-0.2512454092502594,-0.8614016771316528,-0.09489092975854874,-0.2508447468280792,-1.0,-0.1084093526005745,-0.13651685416698456,-0.5035437941551208,-0.03032822161912918,-0.11849162727594376,-0.6404173374176025,-0.1306721419095993,-0.0967288538813591,-0.45922985672950745,-0.1616797000169754,-0.09240368753671646,-0.30384132266044617,-0.1551200896501541,-0.05380304530262947,-0.5071454644203186,-0.038475435227155685,-0.032419897615909576,-0.6243959069252014,-0.13752436637878418,-0.017630720511078835,-0.44916802644729614,-0.13985863327980042,-0.020418033003807068,-0.3107536733150482,-0.10923666507005692,0.027642374858260155,-0.4887905716896057,-0.04883919283747673,0.047465771436691284,-0.6739966869354248,-0.11232782900333405,0.06515263766050339,-0.788424015045166,-0.12257365137338638,0.07618236541748047,-0.9002695679664612,-0.1123252585530281
Love,Love_session_002,35,0.0,0.0,0.0,-0.14641037583351135,-0.06277152895927429,-0.047559890896081924,-0.27562281489372253,-0.24605073034763336,-0.06478671729564667,-0.3476647138595581,-0.4213745892047882,-0.08327063918113708,-0.39310744404792786,-0.5659579038619995,-0.09863995015621185,-0.21961168944835663,-0.48147669434547424,-0.02662993036210537,-0.2511741518974304,-0.7165348529815674,-0.06944476813077927,-0.25451013445854187,-0.8626802563667297,-0.09146171808242798,-0.2546975910663605,-1.0,-0.10507901757955551,-0.13545630872249603,-0.507681131362915,-0.028630366548895836,-0.12034302204847336,-0.6434887051582336,-0.12964561581611633,-0.10068312287330627,-0.4595958888530731,-0.16148380935192108,-0.09659644216299057,-0.298822283744812,-0.1552320122718811,-0.051693279296159744,-0.5101478099822998,-0.03718317300081253,-0.033413827419281006,-0.6263869404792786,-0.1377418339252472,-0.02101839892566204,-0.4464583694934845,-0.1412341296672821,-0.024115480482578278,-0.3024817407131195,-0.11102078855037689,0.03092367947101593,-0.49006566405296326,-0.04791035130620003,0.048992425203323364,-0.6734309792518616,-0.11397764831781387,0.06553049385547638,-0.7911049723625183,-0.12632444500923157,0.07642214745283127,-0.9067236185073853,-0.11734865605831146
Love,Love_session_002,36,0.0,0.0,0.0,-0.14791226387023926,-0.0639236643910408,-0.046544600278139114,-0.27657997608184814,-0.24586905539035797,-0.06460295617580414,-0.3493591845035553,-0.42159008979797363,-0.08462630212306976,-0.3955644369125366,-0.5670584440231323,-0.10172030329704285,-0.2206191122531891,-0.47973939776420593,-0.024820029735565186,-0.2530066967010498,-0.7142671346664429,-0.07000754773616791,-0.25666406750679016,-0.8612421751022339,-0.09438718110322952,-0.25638094544410706,-1.0,-0.10953237861394882,-0.13614678382873535,-0.5055897235870361,-0.028439603745937347,-0.1184547170996666,-0.6434433460235596,-0.13221873342990875,-0.09738603234291077,-0.4593401849269867,-0.1661709100008011,-0.09363948553800583,-0.3002493679523468,-0.16098237037658691,-0.05201716348528862,-0.5079057812690735,-0.038668736815452576,-0.03262210264801979,-0.6239145994186401,-0.14073339104652405,-0.021385053172707558,-0.445590078830719,-0.14401613175868988,-0.026465103030204773,-0.30386701226234436,-0.11336822807788849,0.02978946454823017,-0.48769593238830566,-0.051092728972435,0.050135575234889984,-0.6746501326560974,-0.11678746342658997,0.06619072705507278,-0.7926314473152161,-0.12744908034801483,0.07513026148080826,-0.9074303507804871,-0.11717905104160309
Love,Love_session_002,37,0.0,0.0,0.0,-0.14826679229736328,-0.061585281044244766,-0.04454735666513443,-0.2775179445743561,-0.2428339570760727,-0.061550188809633255,-0.35046008229255676,-0.4187780022621155,-0.08069034665822983,-0.3977488577365875,-0.563235342502594,-0.09705162048339844,-0.21968579292297363,-0.4760465621948242,-0.024939076974987984,-0.25157618522644043,-0.7126625180244446,-0.06874540448188782,-0.25505778193473816,-0.8607392907142639,-0.0918479785323143,-0.25504347681999207,-1.0,-0.10618778318166733,-0.13524705171585083,-0.5010099411010742,-0.029223119840025902,-0.11691638827323914,-0.640997588634491,-0.1316632777452469,-0.09660862386226654,-0.4583659768104553,-0.16426697373390198,-0.09353180974721909,-0.29721421003341675,-0.15845583379268646,-0.05117754265666008,-0.50372314453125,-0.03977924957871437,-0.033718205988407135,-0.61844402551651,-0.1408597230911255,-0.021332066506147385,-0.4392222762107849,-0.14318673312664032,-0.024707267060875893,-0.29636672139167786,-0.11214330792427063,0.030950825661420822,-0.48480722308158875,-0.05233309417963028,0.05229264497756958,-0.6732439994812012,-0.1176566332578659,0.06818681210279465,-0.7931414246559143,-0.12811411917209625,0.07629956305027008,-0.9100027680397034,-0.1179436594247818
Love,Love_session_002,38,0.0,0.0,0.0,-0.14747823774814606,-0.06354444473981857,-0.045613646507263184,-0.2750411629676819,-0.24445703625679016,-0.062629833817482,-0.3474470376968384,-0.42329704761505127,-0.08185333758592606,-0.39607131481170654,-0.5660567879676819,-0.098002590239048,-0.2184479981660843,-0.47589388489723206,-0.022786809131503105,-0.2484581023454666,-0.7147048711776733,-0.0663534551858902,-0.25125694274902344,-0.8622263073921204,-0.08987433463335037,-0.2517031133174896,-1.0,-0.10471862554550171,-0.13484829664230347,-0.5004821419715881,-0.026277175173163414,-0.11725973337888718,-0.6398629546165466,-0.1288013458251953,-0.09794629365205765,-0.4620910882949829,-0.1629369705915451,-0.09546341001987457,-0.30229344964027405,-0.15862707793712616,-0.05227915570139885,-0.5032766461372375,-0.03622747212648392,-0.03570257127285004,-0.6230466961860657,-0.1372968554496765,-0.023168953135609627,-0.44863682985305786,-0.14113947749137878,-0.02579587884247303,-0.30464375019073486,-0.11146072298288345,0.02841956540942192,-0.48404914140701294,-0.04838692024350166,0.052081987261772156,-0.6678310036659241,-0.11492975801229477,0.06908487528562546,-0.7851187586784363,-0.1272982805967331,0.07800398766994476,-0.8984863758087158,-0.11837781965732574
Love,Love_session_002,39,0.0,0.0,0.0,-0.14678716659545898,-0.06386769562959671,-0.043858304619789124,-0.27469196915626526,-0.24660378694534302,-0.05926795303821564,-0.34720051288604736,-0.42605769634246826,-0.07725603878498077,-0.3998875617980957,-0.5654308199882507,-0.0923926904797554,-0.21713869273662567,-0.47783467173576355,-0.021485494449734688,-0.24550481140613556,-0.715274453163147,-0.06404794007539749,-0.24741074442863464,-0.8626348376274109,-0.08621498942375183,-0.24660205841064453,-1.0,-0.09998410195112228,-0.13157305121421814,-0.5006827116012573,-0.025774944573640823,-0.11579567939043045,-0.63625568151474,-0.12708018720149994,-0.09701274335384369,-0.4601210355758667,-0.16044273972511292,-0.09326780587434769,-0.3005724549293518,-0.1554945707321167,-0.0479196198284626,-0.5011436939239502,-0.03638128936290741,-0.03154044225811958,-0.6127122044563293,-0.13742616772651672,-0.016471028327941895,-0.4385914206504822,-0.1414310336112976,-0.01637657731771469,-0.2973337769508362,-0.11161121726036072,0.034328293055295944,-0.4808748960494995,-0.04891296848654747,0.059652671217918396,-0.6639186143875122,-0.11534634977579117,0.0763435810804367,-0.7801317572593689,-0.12771256268024445,0.08498311787843704,-0.8940474987030029,-0.11875259131193161
Love,Love_session_002,40,0.0,0.0,0.0,-0.1462424248456955,-0.06937265396118164,-0.043987397104501724,-0.2715308666229248,-0.2542477250099182,-0.06078099086880684,-0.3430311381816864,-0.43332499265670776,-0.07965108752250671,-0.3945866823196411,-0.5716829895973206,-0.095611073076725,-0.21331213414669037,-0.4786117672920227,-0.025706099346280098,-0.239861398935318,-0.7154771089553833,-0.07030794024467468,-0.24084670841693878,-0.8625396490097046,-0.09390682727098465,-0.23961792886257172,-1.0,-0.10881508886814117,-0.12892259657382965,-0.5015434622764587,-0.030036520212888718,-0.11396222561597824,-0.636807918548584,-0.13176240026950836,-0.0956432968378067,-0.45884472131729126,-0.16437150537967682,-0.09214046597480774,-0.300670325756073,-0.1593257486820221,-0.0452210009098053,-0.4999981224536896,-0.040595971047878265,-0.029044780880212784,-0.6109811067581177,-0.1414523720741272,-0.014066287316381931,-0.438479483127594,-0.14426866173744202,-0.013442408293485641,-0.2987443506717682,-0.11405468732118607,0.037589531391859055,-0.47602352499961853,-0.05319713428616524,0.06483836472034454,-0.6600100994110107,-0.12108404189348221,0.0835394337773323,-0.7780763506889343,-0.13420914113521576,0.09428317844867706,-0.8945996761322021,-0.125763937830925
Love,Love_session_002,41,0.0,0.0,0.0,-0.14491860568523407,-0.07013577222824097,-0.04481329023838043,-0.27185508608818054,-0.25486329197883606,-0.06166110187768936,-0.3442288935184479,-0.4336724579334259,-0.0802592858672142,-0.39355790615081787,-0.574596107006073,-0.09569069743156433,-0.21404510736465454,-0.4781125485897064,-0.028989965096116066,-0.23922723531723022,-0.7164596319198608,-0.073379285633564,-0.23928137123584747,-0.8615480065345764,-0.09589658677577972,-0.23717884719371796,-1.0,-0.11015457659959793,-0.12940926849842072,-0.5020216703414917,-0.03197162598371506,-0.11325150728225708,-0.6330727338790894,-0.13208861649036407,-0.09532327204942703,-0.45078107714653015,-0.16261190176010132,-0.09319798648357391,-0.29430943727493286,-0.15692178905010223,-0.04600178450345993,-0.501182496547699,-0.04121684655547142,-0.029646631330251694,-0.6106984615325928,-0.1417686492204666,-0.01501726545393467,-0.4344422519207001,-0.1443425565958023,-0.015307009220123291,-0.29481998085975647,-0.1143576130270958,0.03574585169553757,-0.47794392704963684,-0.052453331649303436,0.06492447108030319,-0.661588728427887,-0.12104833871126175,0.08555661886930466,-0.7764876484870911,-0.13536061346530914,0.09759590029716492,-0.8912287950515747,-0.12790799140930176
Love,Love_session_002,42,0.0,0.0,0.0,-0.14279243350028992,-0.07188905775547028,-0.04271019995212555,-0.26592034101486206,-0.25973787903785706,-0.058477018028497696,-0.3365117609500885,-0.4390774965286255,-0.07666759192943573,-0.3889484703540802,-0.575148344039917,-0.09224846214056015,-0.20481055974960327,-0.48532959818840027,-0.025124115869402885,-0.228920578956604,-0.7196095585823059,-0.06849197298288345,-0.22814279794692993,-0.8636451959609985,-0.09121551364660263,-0.22521311044692993,-1.0,-0.10568495839834213,-0.12017684429883957,-0.504547119140625,-0.02997027337551117,-0.10148903727531433,-0.633715808391571,-0.13128714263439178,-0.08759994059801102,-0.45310142636299133,-0.16441412270069122,-0.08787750452756882,-0.29583826661109924,-0.15995290875434875,-0.03730510547757149,-0.4992657005786896,-0.04082190617918968,-0.018543791025877,-0.6040369868278503,-0.1420997530221939,-0.007791875395923853,-0.4285014271736145,-0.14644570648670197,-0.011164950206875801,-0.28955110907554626,-0.11741657555103302,0.04384313523769379,-0.472330242395401,-0.05345037579536438,0.07387260347604752,-0.6551156044006348,-0.12190725654363632,0.09389010816812515,-0.7712937593460083,-0.13585415482521057,0.10606852173805237,-0.8874374628067017,-0.12803876399993896
Love,Love_session_002,43,0.0,0.0,0.0,-0.14419977366924286,-0.07329131662845612,-0.04217085614800453,-0.2664792239665985,-0.26620855927467346,-0.056731827557086945,-0.3341878652572632,-0.44875842332839966,-0.07374709099531174,-0.38498392701148987,-0.5851725935935974,-0.08782871812582016,-0.20145881175994873,-0.48234811425209045,-0.022105732932686806,-0.22426022589206696,-0.7184906005859375,-0.06392445415258408,-0.22425194084644318,-0.8643679618835449,-0.0850062370300293,-0.2219054102897644,-1.0,-0.0981888696551323,-0.11774128675460815,-0.5025545954704285,-0.026426151394844055,-0.10058354586362839,-0.6318526268005371,-0.1253151297569275,-0.08483853191137314,-0.4546513259410858,-0.1559363454580307,-0.08231903612613678,-0.2938252091407776,-0.14973178505897522,-0.035420972853899,-0.4993811249732971,-0.03696882352232933,-0.01848696358501911,-0.6045710444450378,-0.13601154088974,-0.005326032172888517,-0.4305742383003235,-0.13828901946544647,-0.004804201424121857,-0.2885913848876953,-0.1078592911362648,0.04572458192706108,-0.47542768716812134,-0.0494411326944828,0.0763530358672142,-0.6540226340293884,-0.11560971289873123,0.09747486561536789,-0.7685317397117615,-0.12837433815002441,0.11090797930955887,-0.8815013766288757,-0.12000599503517151
Love,Love_session_002,44,0.0,0.0,0.0,-0.14211206138134003,-0.0732915997505188,-0.04233914613723755,-0.25879278779029846,-0.2642824053764343,-0.05844710394740105,-0.3234124481678009,-0.44474565982818604,-0.07724380493164062,-0.3742462992668152,-0.5830640196800232,-0.09334716945886612,-0.19118013978004456,-0.4871947467327118,-0.02423674613237381,-0.21316640079021454,-0.7192970514297485,-0.06820253282785416,-0.21216917037963867,-0.864209771156311,-0.09237412363290787,-0.20896519720554352,-1.0,-0.10787524282932281,-0.10730798542499542,-0.5025081634521484,-0.029735125601291656,-0.0899127870798111,-0.6317487955093384,-0.12959881126880646,-0.07862616330385208,-0.45589613914489746,-0.1630462408065796,-0.08002649992704391,-0.3018294870853424,-0.1595056653022766,-0.024842260405421257,-0.49531126022338867,-0.04124955087900162,-0.005735564045608044,-0.600889265537262,-0.1409042626619339,-0.000938745797611773,-0.4208269715309143,-0.14405260980129242,-0.0088587561622262,-0.2772645354270935,-0.11472639441490173,0.05643730238080025,-0.46717917919158936,-0.054810795933008194,0.08346884697675705,-0.6434736251831055,-0.12189184874296188,0.10496364533901215,-0.7569383978843689,-0.1341920644044876,0.12075190991163254,-0.8701199293136597,-0.12542904913425446
Love,Love_session_002,45,0.0,0.0,0.0,-0.1417878270149231,-0.07466048747301102,-0.043638795614242554,-0.2568977177143097,-0.26658591628074646,-0.06118790805339813,-0.32130110263824463,-0.44575920701026917,-0.08112024515867233,-0.3700336813926697,-0.5865476131439209,-0.09806079417467117,-0.18909941613674164,-0.4873078465461731,-0.025973539799451828,-0.20976221561431885,-0.7208259701728821,-0.07018109411001205,-0.2077033817768097,-0.8650498390197754,-0.09457714110612869,-0.20299981534481049,-1.0,-0.11051976680755615,-0.10465995967388153,-0.5002285242080688,-0.03087499924004078,-0.08504858613014221,-0.6231258511543274,-0.1310608685016632,-0.0780564546585083,-0.44300803542137146,-0.16438254714012146,-0.08262627571821213,-0.2876126170158386,-0.16138127446174622,-0.02139708586037159,-0.4907027781009674,-0.042014241218566895,-0.000395543611375615,-0.5985342264175415,-0.14108820259571075,-0.0022772580850869417,-0.41884151101112366,-0.143851637840271,-0.01371553260833025,-0.27405011653900146,-0.11506808549165726,0.06009705737233162,-0.4594801962375641,-0.05536821484565735,0.09072412550449371,-0.6357463598251343,-0.12230783700942993,0.11296742409467697,-0.7507686614990234,-0.13518673181533813,0.13022734224796295,-0.8644282221794128,-0.12732765078544617
Love,Love_session_002,46,0.0,0.0,0.0,-0.14015009999275208,-0.07865992933511734,-0.0408342108130455,-0.2534431517124176,-0.2719649076461792,-0.056637395173311234,-0.31889402866363525,-0.44944342970848083,-0.07541995495557785,-0.3680934011936188,-0.5896350741386414,-0.09135038405656815,-0.18604803085327148,-0.49047157168388367,-0.021630888804793358,-0.20437273383140564,-0.7232447862625122,-0.06469841301441193,-0.2010360062122345,-0.8669908046722412,-0.08887780457735062,-0.19535906612873077,-1.0,-0.10449577122926712,-0.10130561888217926,-0.5016309022903442,-0.027479570358991623,-0.0798659548163414,-0.6219044923782349,-0.1270979791879654,-0.07510952651500702,-0.446401983499527,-0.16248583793640137,-0.0817057341337204,-0.2926101088523865,-0.16093912720680237,-0.018078431487083435,-0.49183353781700134,-0.03924332186579704,0.004868356045335531,-0.5947968363761902,-0.13795970380306244,0.00012209825217723846,-0.4199465215206146,-0.14354228973388672,-0.014836805872619152,-0.2774346172809601,-0.1167660504579544,0.06326807290315628,-0.461259126663208,-0.05275995284318924,0.09273196011781693,-0.6360371708869934,-0.11842834204435349,0.11507613956928253,-0.7501627206802368,-0.13133226335048676,0.13289979100227356,-0.860787034034729,-0.12359020859003067
Love,Love_session_002,47,0.0,0.0,0.0,-0.1388343870639801,-0.08199863135814667,-0.03985591605305672,-0.24869202077388763,-0.2770942747592926,-0.05528522655367851,-0.31301137804985046,-0.4547364413738251,-0.073795847594738,-0.36220675706863403,-0.5925636887550354,-0.0897771492600441,-0.1805334836244583,-0.4880962073802948,-0.021638888865709305,-0.1987314671278,-0.7214619517326355,-0.06556659191846848,-0.1936478316783905,-0.8655110597610474,-0.09071534872055054,-0.18563959002494812,-1.0,-0.10679934173822403,-0.09680215269327164,-0.4976975619792938,-0.027890661731362343,-0.07687453925609589,-0.6188526749610901,-0.1284194141626358,-0.07386653870344162,-0.4419417381286621,-0.1642092764377594,-0.08076012134552002,-0.2874806225299835,-0.1625983566045761,-0.014438296668231487,-0.4868204891681671,-0.03989940509200096,0.007546353153884411,-0.5899815559387207,-0.13810326159000397,0.00032475232728756964,-0.41736334562301636,-0.14380280673503876,-0.016129501163959503,-0.27587905526161194,-0.11717499047517776,0.06549165397882462,-0.4558964669704437,-0.05364721640944481,0.09743142127990723,-0.6307612061500549,-0.11841318756341934,0.1198442354798317,-0.7433989644050598,-0.13095231354236603,0.1366150677204132,-0.8517100214958191,-0.12308049201965332
Love,Love_session_002,48,0.0,0.0,0.0,-0.13416577875614166,-0.08405785262584686,-0.03986864537000656,-0.24186182022094727,-0.28099745512008667,-0.05518682673573494,-0.30430787801742554,-0.45848411321640015,-0.07312077283859253,-0.35384494066238403,-0.5933957099914551,-0.08832014352083206,-0.17626002430915833,-0.49895164370536804,-0.02317619137465954,-0.18752913177013397,-0.7288598418235779,-0.06587379425764084,-0.18005433678627014,-0.8686566948890686,-0.09006930142641068,-0.1707371324300766,-1.0,-0.10586816817522049,-0.09383567422628403,-0.5059810280799866,-0.028251009061932564,-0.06971730291843414,-0.6157935261726379,-0.12465111166238785,-0.06587684154510498,-0.43520545959472656,-0.15795202553272247,-0.07471048086881638,-0.28721585869789124,-0.15627892315387726,-0.013083366677165031,-0.49103763699531555,-0.03897935152053833,0.012183125130832195,-0.5865755081176758,-0.13476957380771637,0.0074570057913661,-0.4143175482749939,-0.13868577778339386,-0.009607239626348019,-0.27917081117630005,-0.11220213025808334,0.0644095316529274,-0.45544901490211487,-0.05148753896355629,0.09864827990531921,-0.6291225552558899,-0.11647512018680573,0.12485795468091965,-0.7375640273094177,-0.12883035838603973,0.14497347176074982,-0.8445898294448853,-0.12104465067386627
Love,Love_session_002,49,0.0,0.0,0.0,-0.13254034519195557,-0.08604737371206284,-0.04090355709195137,-0.240467369556427,-0.2824159264564514,-0.057976312935352325,-0.30216532945632935,-0.4601511061191559,-0.07737203687429428,-0.35264143347740173,-0.5940186977386475,-0.09402360767126083,-0.17221571505069733,-0.5017088651657104,-0.028505029156804085,-0.18426749110221863,-0.7338742017745972,-0.07105010002851486,-0.17786821722984314,-0.8705196380615234,-0.09391643106937408,-0.1697205901145935,-1.0,-0.10900549590587616,-0.09191586822271347,-0.5060536861419678,-0.03350161015987396,-0.06693152338266373,-0.6143369078636169,-0.12831059098243713,-0.06456844508647919,-0.43658071756362915,-0.15938934683799744,-0.0741785392165184,-0.2971956431865692,-0.15740036964416504,-0.013127783313393593,-0.4888511002063751,-0.044180020689964294,0.014847428537905216,-0.5885705351829529,-0.13875897228717804,0.006661000661551952,-0.4170243740081787,-0.14166419208049774,-0.013145205564796925,-0.2856695055961609,-0.11563780903816223,0.06382206827402115,-0.45106565952301025,-0.05678743124008179,0.09878375381231308,-0.6260908842086792,-0.12210123986005783,0.12617374956607819,-0.7351677417755127,-0.13504286110401154,0.14770078659057617,-0.8439279794692993,-0.12816311419010162
Love,Love_session_002,50,0.0,0.0,0.0,-0.13100671768188477,-0.08570428937673569,-0.041628073900938034,-0.23832282423973083,-0.2854236662387848,-0.05893724411725998,-0.2997403144836426,-0.46130937337875366,-0.07816143333911896,-0.35176730155944824,-0.5928652882575989,-0.09441764652729034,-0.17030887305736542,-0.5057092905044556,-0.03148432448506355,-0.18176046013832092,-0.7371646761894226,-0.07295816391706467,-0.17507445812225342,-0.8720242977142334,-0.09407136589288712,-0.16640017926692963,-1.0,-0.10800771415233612,-0.08930465579032898,-0.5083911418914795,-0.03594502806663513,-0.06552766263484955,-0.6138631701469421,-0.12944631278514862,-0.06389275938272476,-0.43503135442733765,-0.15902037918567657,-0.07278603315353394,-0.2959156334400177,-0.1563841998577118,-0.009987867437303066,-0.48886755108833313,-0.045973923057317734,0.017428839579224586,-0.5878830552101135,-0.14028020203113556,0.008795879781246185,-0.4143880009651184,-0.142732635140419,-0.010495318099856377,-0.28327345848083496,-0.11664091795682907,0.06726015359163284,-0.4490581452846527,-0.05785791948437691,0.09985722601413727,-0.6243540048599243,-0.12299926578998566,0.1268979161977768,-0.7316785454750061,-0.13584141433238983,0.1491645723581314,-0.8390692472457886,-0.12916673719882965
Love,Love_session_002,51,0.0,0.0,0.0,-0.1306581050157547,-0.08878317475318909,-0.041989583522081375,-0.23661470413208008,-0.2895704209804535,-0.059666670858860016,-0.2964828312397003,-0.4643954336643219,-0.07936009019613266,-0.3480781018733978,-0.5956514477729797,-0.09624955803155899,-0.16749504208564758,-0.5075026750564575,-0.03092702478170395,-0.17870086431503296,-0.7372025847434998,-0.07280432432889938,-0.17219336330890656,-0.8724142909049988,-0.09478841722011566,-0.16397406160831451,-1.0,-0.10928966104984283,-0.08729983866214752,-0.5104239583015442,-0.03549965098500252,-0.061511747539043427,-0.6155763268470764,-0.12930308282375336,-0.06071379408240318,-0.43781349062919617,-0.15947239100933075,-0.07131662219762802,-0.2996465861797333,-0.1571103036403656,-0.00875333696603775,-0.49122124910354614,-0.04573814198374748,0.02207021787762642,-0.5908742547035217,-0.13967610895633698,0.011447913944721222,-0.41819965839385986,-0.14205923676490784,-0.01067722775042057,-0.2873348891735077,-0.11593255400657654,0.06761705875396729,-0.45153743028640747,-0.05800078064203262,0.09865738451480865,-0.6241828203201294,-0.12240342795848846,0.12588420510292053,-0.7307301759719849,-0.13454626500606537,0.14902213215827942,-0.8366788625717163,-0.12736116349697113
Love,Love_session_002,52,0.0,0.0,0.0,-0.131126269698143,-0.08908574283123016,-0.04170265793800354,-0.23809556663036346,-0.2878180146217346,-0.05834248289465904,-0.2985548675060272,-0.4632556736469269,-0.07729539275169373,-0.3499737083911896,-0.5950988531112671,-0.09367785602807999,-0.1702079176902771,-0.505172848701477,-0.028541812673211098,-0.18051846325397491,-0.7357348203659058,-0.07046046108007431,-0.17360110580921173,-0.8708692789077759,-0.09275486320257187,-0.1648028939962387,-1.0,-0.10725720226764679,-0.08801102638244629,-0.5079749822616577,-0.03326746076345444,-0.06074368953704834,-0.6142064929008484,-0.12902522087097168,-0.05974489822983742,-0.43405458331108093,-0.16103000938892365,-0.07109073549509048,-0.2927333116531372,-0.15902920067310333,-0.0087012043222785,-0.49003151059150696,-0.04366040974855423,0.023034045472741127,-0.5908999443054199,-0.13900575041770935,0.011861339211463928,-0.4193325340747833,-0.14332856237888336,-0.011550790630280972,-0.28868329524993896,-0.11770227551460266,0.06721445173025131,-0.45228108763694763,-0.05588746443390846,0.0990818440914154,-0.6265608668327332,-0.11978375166654587,0.12702317535877228,-0.7323033809661865,-0.131845161318779,0.1496221423149109,-0.83670574426651,-0.12438855320215225
Love,Love_session_002,53,0.0,0.0,0.0,-0.1298428624868393,-0.08669824153184891,-0.04257906973361969,-0.23755714297294617,-0.28703731298446655,-0.05964815989136696,-0.29738694429397583,-0.4626527428627014,-0.07849510759115219,-0.35029417276382446,-0.5918542742729187,-0.09467574208974838,-0.17189106345176697,-0.5062583088874817,-0.030850671231746674,-0.1828952431678772,-0.7369415163993835,-0.07183685898780823,-0.17545898258686066,-0.8713927865028381,-0.09333021193742752,-0.16598163545131683,-1.0,-0.10746772587299347,-0.09022277593612671,-0.5083836317062378,-0.035080887377262115,-0.06057852506637573,-0.61442631483078,-0.12988348305225372,-0.058732204139232635,-0.43384748697280884,-0.16101214289665222,-0.06982841342687607,-0.29204410314559937,-0.1587514728307724,-0.011252259835600853,-0.48915186524391174,-0.04489032179117203,0.02243817038834095,-0.5904817581176758,-0.13916034996509552,0.011797458864748478,-0.42057573795318604,-0.14296063780784607,-0.011484581977128983,-0.2903122007846832,-0.11753986775875092,0.06436067074537277,-0.45015111565589905,-0.05660311132669449,0.09670250117778778,-0.6252666711807251,-0.12023303657770157,0.12434516102075577,-0.7325361371040344,-0.13232217729091644,0.14632277190685272,-0.8382550477981567,-0.12515133619308472
Love,Love_session_002,54,0.0,0.0,0.0,-0.12911559641361237,-0.08532549440860748,-0.043680742383003235,-0.23772291839122772,-0.2851637899875641,-0.061744123697280884,-0.29810577630996704,-0.46081164479255676,-0.08147450536489487,-0.35131990909576416,-0.5923603773117065,-0.09839607030153275,-0.1710432916879654,-0.5092310905456543,-0.03285977244377136,-0.1824669986963272,-0.7387109994888306,-0.07474927604198456,-0.17658278346061707,-0.8717116713523865,-0.09657755494117737,-0.1684473603963852,-1.0,-0.11099792271852493,-0.08963468670845032,-0.5116987228393555,-0.03682355955243111,-0.06180228665471077,-0.617156982421875,-0.13238216936588287,-0.060073815286159515,-0.4349822402000427,-0.16342148184776306,-0.07053453475236893,-0.29474085569381714,-0.16104118525981903,-0.01115152146667242,-0.4925330579280853,-0.0464242622256279,0.022030269727110863,-0.5946254134178162,-0.14176803827285767,0.011789876036345959,-0.4210503399372101,-0.14515691995620728,-0.011094978079199791,-0.2895749509334564,-0.11915826797485352,0.06469516456127167,-0.4533752202987671,-0.058011140674352646,0.09437672048807144,-0.6283435821533203,-0.12288764119148254,0.12236295640468597,-0.7341432571411133,-0.1352035403251648,0.1454382985830307,-0.8391708731651306,-0.12783139944076538
Love,Love_session_002,55,0.0,0.0,0.0,-0.12996214628219604,-0.08332575112581253,-0.04469525068998337,-0.24007681012153625,-0.28255343437194824,-0.06294875591993332,-0.300876647233963,-0.4594942331314087,-0.08239323645830154,-0.35489603877067566,-0.5909420251846313,-0.09892731159925461,-0.17393749952316284,-0.5079901218414307,-0.034972257912158966,-0.18503421545028687,-0.7386939525604248,-0.07597452402114868,-0.17908751964569092,-0.8719654679298401,-0.0963350459933281,-0.17065946757793427,-1.0,-0.10961604118347168,-0.09252647310495377,-0.5116886496543884,-0.03792354837059975,-0.06428156793117523,-0.6153992414474487,-0.1317000538110733,-0.06268879771232605,-0.43186864256858826,-0.16098260879516602,-0.07337283343076706,-0.2926187515258789,-0.15774594247341156,-0.014102940447628498,-0.4935767650604248,-0.04659118503332138,0.019662322476506233,-0.5945334434509277,-0.14117959141731262,0.008938873186707497,-0.42217114567756653,-0.14473283290863037,-0.014308597892522812,-0.29347336292266846,-0.1191256046295166,0.061608415096998215,-0.4561627507209778,-0.0571880117058754,0.09263008087873459,-0.6333577632904053,-0.12176382541656494,0.1211879625916481,-0.7391579151153564,-0.13449645042419434,0.14454470574855804,-0.844500720500946,-0.1276235431432724
Love,Love_session_002,56,0.0,0.0,0.0,-0.12924842536449432,-0.08378342539072037,-0.04401209205389023,-0.23919469118118286,-0.2824955880641937,-0.06238171458244324,-0.30068886280059814,-0.4563938081264496,-0.08225268125534058,-0.3554318845272064,-0.5846856236457825,-0.09946393221616745,-0.17396536469459534,-0.5048128962516785,-0.035889457911252975,-0.18597333133220673,-0.7358798384666443,-0.07777088135480881,-0.17996710538864136,-0.870111882686615,-0.09903358668088913,-0.17172259092330933,-1.0,-0.11303893476724625,-0.09243076294660568,-0.5097904801368713,-0.03958887606859207,-0.0630730539560318,-0.6136664748191833,-0.13415049016475677,-0.06107963249087334,-0.430501788854599,-0.16411463916301727,-0.07241669297218323,-0.2914707660675049,-0.16159747540950775,-0.013457592576742172,-0.49250635504722595,-0.04882759600877762,0.02139144204556942,-0.594153642654419,-0.1442950814962387,0.011246846057474613,-0.4206686317920685,-0.1477579027414322,-0.0127546526491642,-0.29036617279052734,-0.12215859442949295,0.0628654956817627,-0.45543742179870605,-0.05994909629225731,0.09281893819570541,-0.6332363486289978,-0.12526647746562958,0.12143953889608383,-0.7387794852256775,-0.13766109943389893,0.14454244077205658,-0.8433564305305481,-0.13053859770298004
Love,Love_session_002,57,0.0,0.0,0.0,-0.12993116676807404,-0.08111561834812164,-0.04491060972213745,-0.24050404131412506,-0.2776241898536682,-0.06390687823295593,-0.302315354347229,-0.4517170786857605,-0.08403114229440689,-0.3569042384624481,-0.5816813707351685,-0.10127581655979156,-0.1767236441373825,-0.5016211271286011,-0.03768899291753769,-0.19041189551353455,-0.7338820695877075,-0.08013896644115448,-0.1848219484090805,-0.8692629933357239,-0.10118391364812851,-0.17612627148628235,-1.0,-0.11474110931158066,-0.09584034979343414,-0.5084007382392883,-0.04061933234333992,-0.06835022568702698,-0.6136035323143005,-0.13460440933704376,-0.06448632478713989,-0.42945730686187744,-0.16320668160915375,-0.07349598407745361,-0.2903919219970703,-0.15969276428222656,-0.01684407703578472,-0.4933522939682007,-0.04925470054149628,0.016387034207582474,-0.5942029356956482,-0.14422796666622162,0.007691356353461742,-0.4192368984222412,-0.14703503251075745,-0.014238841831684113,-0.28917691111564636,-0.12096679210662842,0.060072023421525955,-0.4588106572628021,-0.059851422905921936,0.09058622270822525,-0.6376197338104248,-0.1243629902601242,0.11892689019441605,-0.743329644203186,-0.13663513958454132,0.14156457781791687,-0.8487980961799622,-0.12959730625152588
Love,Love_session_002,58,0.0,0.0,0.0,-0.1295642852783203,-0.08082820475101471,-0.04563427343964577,-0.24003125727176666,-0.27695631980895996,-0.06540022045373917,-0.30308154225349426,-0.4503823518753052,-0.08612149953842163,-0.35840722918510437,-0.5800825953483582,-0.10404020547866821,-0.17469635605812073,-0.5019161105155945,-0.03939744830131531,-0.18986614048480988,-0.7344142198562622,-0.08230648934841156,-0.18497100472450256,-0.8693351149559021,-0.10389724373817444,-0.17727743089199066,-1.0,-0.11799601465463638,-0.09281794726848602,-0.507997989654541,-0.042332664132118225,-0.06413932144641876,-0.6136422157287598,-0.13761365413665771,-0.060889832675457,-0.42968490719795227,-0.16709712147712708,-0.07087765634059906,-0.2896652817726135,-0.16409702599048615,-0.013434483669698238,-0.49125924706459045,-0.05079396814107895,0.020845551043748856,-0.5936065316200256,-0.14633210003376007,0.012002887204289436,-0.41809266805648804,-0.14870479702949524,-0.010719413869082928,-0.2871495485305786,-0.12230723351240158,0.06337281316518784,-0.4544958472251892,-0.06128859519958496,0.09264706075191498,-0.6322241425514221,-0.12637507915496826,0.12051287293434143,-0.738247811794281,-0.13823115825653076,0.14308468997478485,-0.8445063233375549,-0.13067364692687988
Love,Love_session_002,59,0.0,0.0,0.0,-0.13034404814243317,-0.08049798756837845,-0.04428175091743469,-0.24144232273101807,-0.27628037333488464,-0.06355028599500656,-0.3051901161670685,-0.4510584771633148,-0.0843435600399971,-0.3602789044380188,-0.5810922384262085,-0.10255704820156097,-0.17693665623664856,-0.49869805574417114,-0.0359809547662735,-0.1919352412223816,-0.7316176891326904,-0.07993246614933014,-0.1865004301071167,-0.8676816821098328,-0.10306693613529205,-0.1783512830734253,-1.0,-0.11814333498477936,-0.09478071331977844,-0.5050443410873413,-0.04011086747050285,-0.06623314321041107,-0.6136255860328674,-0.1369391828775406,-0.0633312314748764,-0.4284985661506653,-0.16798019409179688,-0.07445751130580902,-0.28640231490135193,-0.1655152291059494,-0.014938676729798317,-0.4897892475128174,-0.049823861569166183,0.018573135137557983,-0.5951200127601624,-0.14632529020309448,0.010058100335299969,-0.41935622692108154,-0.14898228645324707,-0.012828427366912365,-0.2868257462978363,-0.12233960628509521,0.06270886212587357,-0.4548838436603546,-0.061553653329610825,0.09139115363359451,-0.6349670886993408,-0.12626756727695465,0.11895715445280075,-0.7430538535118103,-0.13737963140010834,0.14146895706653595,-0.8502247929573059,-0.12933214008808136
Love,Love_session_002,60,0.0,0.0,0.0,-0.13007815182209015,-0.07820946723222733,-0.04591823369264603,-0.24193447828292847,-0.2739722728729248,-0.06483425199985504,-0.30608391761779785,-0.44872820377349854,-0.08483891189098358,-0.3613227307796478,-0.5797048211097717,-0.10222466289997101,-0.17813192307949066,-0.498501718044281,-0.037017304450273514,-0.19553521275520325,-0.7328090667724609,-0.07961916923522949,-0.1914578229188919,-0.868594229221344,-0.1015309989452362,-0.184623584151268,-1.0,-0.11577371507883072,-0.09597139805555344,-0.5056878924369812,-0.04008825868368149,-0.06817865371704102,-0.6149501800537109,-0.13668157160282135,-0.06446655839681625,-0.4327508509159088,-0.16796179115772247,-0.07452341914176941,-0.29021191596984863,-0.16549816727638245,-0.01632935181260109,-0.49083736538887024,-0.048828206956386566,0.017877887934446335,-0.5948665738105774,-0.14508667588233948,0.008123445324599743,-0.42211008071899414,-0.14925158023834229,-0.01611526869237423,-0.29082441329956055,-0.12361639738082886,0.06099400296807289,-0.45690298080444336,-0.0596139021217823,0.08868490159511566,-0.6384426355361938,-0.12417921423912048,0.1148846447467804,-0.7491151094436646,-0.13624607026576996,0.13596518337726593,-0.8565919995307922,-0.12891606986522675
Love,Love_session_002,61,0.0,0.0,0.0,-0.13141968846321106,-0.07664981484413147,-0.047014012932777405,-0.24263514578342438,-0.2699103057384491,-0.06731177121400833,-0.30771100521087646,-0.4444352984428406,-0.08869292587041855,-0.3643820583820343,-0.5747713446617126,-0.10728180408477783,-0.17852818965911865,-0.49450430274009705,-0.03771686553955078,-0.19637230038642883,-0.7290937304496765,-0.08202571421861649,-0.19263795018196106,-0.8669866919517517,-0.10479667782783508,-0.18580402433872223,-1.0,-0.11943159997463226,-0.09578784555196762,-0.5031547546386719,-0.04104968160390854,-0.07022735476493835,-0.6152036190032959,-0.13877227902412415,-0.06571934372186661,-0.434347927570343,-0.1696469634771347,-0.07415062189102173,-0.29116612672805786,-0.16669198870658875,-0.015532842837274075,-0.4894113540649414,-0.05038822814822197,0.015889305621385574,-0.5939081907272339,-0.14765754342079163,0.00826234370470047,-0.42104464769363403,-0.15048404037952423,-0.013116925954818726,-0.2892940044403076,-0.12367422133684158,0.06272897124290466,-0.4562203288078308,-0.06199721619486809,0.0907026082277298,-0.636690080165863,-0.12662199139595032,0.11561307311058044,-0.7477043271064758,-0.1378404051065445,0.13482607901096344,-0.8565016984939575,-0.12997178733348846
Love,Love_session_002,62,0.0,0.0,0.0,-0.13180793821811676,-0.08124003559350967,-0.04336461052298546,-0.24270394444465637,-0.2786030173301697,-0.06127186119556427,-0.30983027815818787,-0.45158958435058594,-0.08105451613664627,-0.3654122054576874,-0.5824177265167236,-0.09837909787893295,-0.1786108762025833,-0.4967452883720398,-0.03157829865813255,-0.1972358524799347,-0.7289891839027405,-0.07521670311689377,-0.1938706338405609,-0.8672745227813721,-0.09854518622159958,-0.1870555728673935,-1.0,-0.1137579008936882,-0.09580329805612564,-0.5059084296226501,-0.03608517348766327,-0.07184896618127823,-0.6186485290527344,-0.13350512087345123,-0.06582805514335632,-0.4363496005535126,-0.16505135595798492,-0.07251955568790436,-0.29032832384109497,-0.16215546429157257,-0.01402413658797741,-0.4926398694515228,-0.04638959467411041,0.01497961301356554,-0.5985354781150818,-0.142619326710701,0.008346829563379288,-0.427030473947525,-0.14570802450180054,-0.01110314205288887,-0.2942773401737213,-0.11891036480665207,0.06451830267906189,-0.4599223732948303,-0.05867493525147438,0.09163561463356018,-0.6378037333488464,-0.12255801260471344,0.11501563340425491,-0.7484368085861206,-0.1338237226009369,0.13345280289649963,-0.856543242931366,-0.12589074671268463
Love,Love_session_002,63,0.0,0.0,0.0,-0.13385041058063507,-0.08327000588178635,-0.042828094214200974,-0.2451651692390442,-0.2796492576599121,-0.06013603135943413,-0.3101048767566681,-0.45451420545578003,-0.07913672178983688,-0.3661753535270691,-0.5841578841209412,-0.09550797939300537,-0.18071167171001434,-0.5012162923812866,-0.03175187110900879,-0.19686174392700195,-0.7323664426803589,-0.07360319048166275,-0.19407598674297333,-0.8684945106506348,-0.09521351754665375,-0.1889820247888565,-1.0,-0.10946165770292282,-0.10005666315555573,-0.5106017589569092,-0.03574388101696968,-0.07407237589359283,-0.6176110506057739,-0.13035213947296143,-0.06892992556095123,-0.43408340215682983,-0.16025410592556,-0.0766855999827385,-0.29258567094802856,-0.15692512691020966,-0.020036261528730392,-0.4969031512737274,-0.04540766775608063,0.011797316372394562,-0.5949066281318665,-0.1398811638355255,0.0032337065786123276,-0.4193909764289856,-0.14242175221443176,-0.018174828961491585,-0.289362370967865,-0.11575653403997421,0.0580514520406723,-0.463479220867157,-0.05702776834368706,0.08725256472826004,-0.6402866840362549,-0.12034875154495239,0.11116715520620346,-0.7487510442733765,-0.13169297575950623,0.12957575917243958,-0.8575693964958191,-0.123943991959095
Love,Love_session_002,64,0.0,0.0,0.0,-0.1317419856786728,-0.09148409962654114,-0.04134788364171982,-0.24061687290668488,-0.2890563905239105,-0.058452852070331573,-0.306040495634079,-0.4600146412849426,-0.07764045149087906,-0.36105915904045105,-0.5891801714897156,-0.09439894556999207,-0.1743530035018921,-0.5015296936035156,-0.03116856887936592,-0.18821939826011658,-0.7328944802284241,-0.07419051975011826,-0.18545134365558624,-0.8689682483673096,-0.09668600559234619,-0.180972158908844,-1.0,-0.11144332587718964,-0.09294500201940536,-0.5085245370864868,-0.03633296117186546,-0.07222218811511993,-0.6216489672660828,-0.13352766633033752,-0.06777379661798477,-0.43867844343185425,-0.16463646292686462,-0.07453648746013641,-0.2943423092365265,-0.16128532588481903,-0.012878665700554848,-0.493367075920105,-0.046908970922231674,0.014381921850144863,-0.5955996513366699,-0.1424485594034195,0.006460903212428093,-0.42241695523262024,-0.14466547966003418,-0.01386423408985138,-0.29023393988609314,-0.11716189235448837,0.06464217603206635,-0.45789074897766113,-0.05935421213507652,0.09141232818365097,-0.6338603496551514,-0.12318796664476395,0.11459612846374512,-0.7429531216621399,-0.1342884749174118,0.13235674798488617,-0.8510528206825256,-0.12599848210811615
Love,Love_session_002,65,0.0,0.0,0.0,-0.13486936688423157,-0.09682334959506989,-0.037629634141922,-0.2436378449201584,-0.29670450091362,-0.0520225390791893,-0.3069349527359009,-0.4690336287021637,-0.06918223947286606,-0.35975921154022217,-0.5974949598312378,-0.08395876735448837,-0.17514322698116302,-0.5100013017654419,-0.022763941437005997,-0.18500551581382751,-0.7368229627609253,-0.062723308801651,-0.18213047087192535,-0.8715220093727112,-0.08361750096082687,-0.17807939648628235,-1.0,-0.09730588644742966,-0.09281498938798904,-0.5160419940948486,-0.02893848717212677,-0.07548736035823822,-0.6271670460700989,-0.12350786477327347,-0.07243519276380539,-0.4455851912498474,-0.15429265797138214,-0.07911520451307297,-0.29863685369491577,-0.15020646154880524,-0.012081512250006199,-0.49941620230674744,-0.04034138098359108,0.009884623810648918,-0.5971333980560303,-0.13360445201396942,0.0019929136615246534,-0.42461836338043213,-0.13584254682064056,-0.016458045691251755,-0.29211339354515076,-0.10792254656553268,0.06583335995674133,-0.4620067775249481,-0.053311787545681,0.09201887995004654,-0.6348516345024109,-0.11434781551361084,0.11352122575044632,-0.7429165244102478,-0.12439454346895218,0.12988482415676117,-0.8498349189758301,-0.11539514362812042
Love,Love_session_002,66,0.0,0.0,0.0,-0.13460132479667664,-0.09744977205991745,-0.036454543471336365,-0.24272550642490387,-0.29702627658843994,-0.05007830634713173,-0.30412113666534424,-0.4693058133125305,-0.06661964952945709,-0.3523590862751007,-0.6015986204147339,-0.08064683526754379,-0.16825255751609802,-0.5095703601837158,-0.022212570533156395,-0.17584805190563202,-0.7373393177986145,-0.06186985224485397,-0.17356926202774048,-0.872195839881897,-0.08294443786144257,-0.1703869253396988,-1.0,-0.09721703827381134,-0.08525040000677109,-0.5126760601997375,-0.028895922005176544,-0.0718730166554451,-0.6222649216651917,-0.12364507466554642,-0.07249128073453903,-0.4393562972545624,-0.15465404093265533,-0.079652339220047,-0.2911015450954437,-0.1511763334274292,-0.00414047297090292,-0.49442508816719055,-0.04067480191588402,0.01330566592514515,-0.596444845199585,-0.1334000676870346,0.002922860672697425,-0.4226062595844269,-0.13485179841518402,-0.014350290410220623,-0.2880317270755768,-0.10700969398021698,0.07394512742757797,-0.4563189446926117,-0.05407676473259926,0.10035509616136551,-0.6276097893714905,-0.11557923257350922,0.11952894926071167,-0.7362675070762634,-0.12626704573631287,0.1346801370382309,-0.8446770906448364,-0.11809612065553665
Love,Love_session_002,67,0.0,0.0,0.0,-0.13464753329753876,-0.10140407085418701,-0.03192620351910591,-0.24090684950351715,-0.3026879131793976,-0.04371890053153038,-0.2981818914413452,-0.47567543387413025,-0.05897904559969902,-0.3439445197582245,-0.6054601073265076,-0.07185819000005722,-0.1636757105588913,-0.5122807025909424,-0.018056124448776245,-0.16776546835899353,-0.7398489713668823,-0.05611685290932655,-0.16468188166618347,-0.8748899102210999,-0.07688518613576889,-0.1611872911453247,-1.0,-0.09112782776355743,-0.0809212401509285,-0.5136642456054688,-0.026502903550863266,-0.0691835880279541,-0.6219554543495178,-0.11849287152290344,-0.07178424298763275,-0.44633540511131287,-0.14939919114112854,-0.07960185408592224,-0.3009270429611206,-0.1464463323354721,-0.0002015845529967919,-0.4937306344509125,-0.03953509405255318,0.01468614861369133,-0.5918970704078674,-0.12845391035079956,0.002246954245492816,-0.4223653972148895,-0.1287459284067154,-0.015321599319577217,-0.29028764367103577,-0.1010582372546196,0.07688838243484497,-0.45322465896606445,-0.05400018393993378,0.1057003065943718,-0.6230654120445251,-0.11214492470026016,0.12335919588804245,-0.7337204813957214,-0.12108832597732544,0.13704504072666168,-0.8433669209480286,-0.11229055374860764
Love,Love_session_002,68,0.0,0.0,0.0,-0.13451428711414337,-0.0982070043683052,-0.03437235951423645,-0.24209775030612946,-0.2974890470504761,-0.047440528869628906,-0.299803227186203,-0.4716460704803467,-0.06327235698699951,-0.34350329637527466,-0.6057358980178833,-0.07675579190254211,-0.16080909967422485,-0.5107993483543396,-0.021736392751336098,-0.16524048149585724,-0.7386600375175476,-0.05944225192070007,-0.1628037989139557,-0.8741773366928101,-0.07969560474157333,-0.15925797820091248,-1.0,-0.09378792345523834,-0.0781574472784996,-0.5117264986038208,-0.029095754027366638,-0.06747410446405411,-0.6227283477783203,-0.12064407020807266,-0.0735054537653923,-0.44737786054611206,-0.15107111632823944,-0.0831267461180687,-0.3013232350349426,-0.1480792760848999,0.0025432491675019264,-0.4915112853050232,-0.04111948609352112,0.017383400350809097,-0.5919806361198425,-0.12986543774604797,0.001972042489796877,-0.4218066930770874,-0.13025745749473572,-0.01756598986685276,-0.2901783883571625,-0.10309199243783951,0.08048264682292938,-0.45153310894966125,-0.05469333380460739,0.10851117968559265,-0.6198779940605164,-0.11258550733327866,0.1256905198097229,-0.7305595874786377,-0.1216660812497139,0.13905104994773865,-0.8422005772590637,-0.11348049342632294
Love,Love_session_002,69,0.0,0.0,0.0,-0.13369202613830566,-0.09773436188697815,-0.033557530492544174,-0.23897314071655273,-0.2986837327480316,-0.04657081514596939,-0.29476723074913025,-0.4731020927429199,-0.06255007535219193,-0.33988964557647705,-0.6064207553863525,-0.07624942064285278,-0.1571260392665863,-0.514207124710083,-0.020906193181872368,-0.16169022023677826,-0.7395315170288086,-0.058910828083753586,-0.1594245433807373,-0.875450611114502,-0.07984814047813416,-0.15644297003746033,-1.0,-0.09442339092493057,-0.07472623139619827,-0.511937141418457,-0.02899852581322193,-0.06439197063446045,-0.6214993000030518,-0.1206304281949997,-0.07183176279067993,-0.44757699966430664,-0.15171337127685547,-0.08245053142309189,-0.3023322522640228,-0.14916731417179108,0.00568985054269433,-0.48878350853919983,-0.04169311746954918,0.019523002207279205,-0.5864332914352417,-0.13030381500720978,0.001380483852699399,-0.41672345995903015,-0.13064920902252197,-0.019714118912816048,-0.28599119186401367,-0.10346001386642456,0.08367077261209488,-0.44668158888816833,-0.055890727788209915,0.1127035990357399,-0.616205632686615,-0.1135808601975441,0.129458948969841,-0.7276710867881775,-0.12214694172143936,0.14254237711429596,-0.8398267030715942,-0.11352220922708511
Love,Love_session_002,70,0.0,0.0,0.0,-0.13138072192668915,-0.09987421333789825,-0.03632299229502678,-0.23542508482933044,-0.30152416229248047,-0.05047200992703438,-0.2915550172328949,-0.4776843190193176,-0.06725620478391647,-0.33670365810394287,-0.6112772822380066,-0.08167165517807007,-0.15443769097328186,-0.5170251727104187,-0.02163529023528099,-0.15971650183200836,-0.7400082349777222,-0.061232294887304306,-0.15708783268928528,-0.8751745223999023,-0.08336935937404633,-0.15373942255973816,-1.0,-0.0984792709350586,-0.07312632352113724,-0.5159533619880676,-0.028780855238437653,-0.06495102494955063,-0.6264092326164246,-0.12160565704107285,-0.0721951574087143,-0.45406287908554077,-0.15355528891086578,-0.08266501128673553,-0.30899396538734436,-0.1512366533279419,0.006774452049285173,-0.4931497573852539,-0.04101605340838432,0.019568515941500664,-0.591170608997345,-0.13123689591884613,0.001762270461767912,-0.42405998706817627,-0.1331256479024887,-0.01912536472082138,-0.29291802644729614,-0.10631715506315231,0.08494982123374939,-0.4514940679073334,-0.054950542747974396,0.11288653314113617,-0.6215327978134155,-0.11323962360620499,0.12938126921653748,-0.7318788170814514,-0.12249056994915009,0.14175967872142792,-0.8406277298927307,-0.114141084253788
Love,Love_session_002,71,0.0,0.0,0.0,-0.1316327601671219,-0.10268555581569672,-0.0367618091404438,-0.2354113608598709,-0.30643430352211,-0.05046620965003967,-0.2902308702468872,-0.48121893405914307,-0.06670035421848297,-0.33497732877731323,-0.613064706325531,-0.08059336245059967,-0.1546015739440918,-0.5224882364273071,-0.021115852519869804,-0.1587492972612381,-0.7428916692733765,-0.05927306041121483,-0.15585064888000488,-0.8759928941726685,-0.07997916638851166,-0.1524355113506317,-1.0,-0.09405722469091415,-0.07297875732183456,-0.520643413066864,-0.027737649157643318,-0.06343287229537964,-0.6277220845222473,-0.11929506808519363,-0.07042794674634933,-0.4547891318798065,-0.15050634741783142,-0.08155849575996399,-0.31009602546691895,-0.14759759604930878,0.006501501426100731,-0.49608585238456726,-0.03947595879435539,0.021406685933470726,-0.5899942517280579,-0.12922734022140503,0.004535583313554525,-0.4226453900337219,-0.1317681074142456,-0.01679084822535515,-0.29293209314346313,-0.10529358685016632,0.08422551304101944,-0.4519534409046173,-0.052856091409921646,0.11095224320888519,-0.618247926235199,-0.11035344004631042,0.1286734938621521,-0.725863516330719,-0.11957506835460663,0.14249612390995026,-0.8326975703239441,-0.11126837879419327
Love,Love_session_002,72,0.0,0.0,0.0,-0.13277579843997955,-0.10591711103916168,-0.034705761820077896,-0.2357565462589264,-0.3096451759338379,-0.04773178696632385,-0.2900613844394684,-0.4843761622905731,-0.06380334496498108,-0.33276695013046265,-0.6165269613265991,-0.07765679061412811,-0.1519729197025299,-0.5182504653930664,-0.019730109721422195,-0.15595805644989014,-0.7409549951553345,-0.05808176472783089,-0.15330278873443604,-0.8759005069732666,-0.07903838902711868,-0.15013936161994934,-1.0,-0.09327621757984161,-0.07026291638612747,-0.5153329372406006,-0.0273128654807806,-0.06103993579745293,-0.6256813406944275,-0.11953694373369217,-0.06948649138212204,-0.45591017603874207,-0.1510336995124817,-0.08173760026693344,-0.31052714586257935,-0.1482982486486435,0.009387440048158169,-0.49068647623062134,-0.039820596575737,0.02281659096479416,-0.588751494884491,-0.12935100495815277,0.00552224088460207,-0.42394447326660156,-0.1312057077884674,-0.015188446268439293,-0.2933192849159241,-0.10434967279434204,0.08687260001897812,-0.44592010974884033,-0.05391350015997887,0.11588813364505768,-0.61353600025177,-0.11124412715435028,0.13234968483448029,-0.7250958681106567,-0.12040547281503677,0.14458173513412476,-0.8345741033554077,-0.11213673651218414
Love,Love_session_002,73,0.0,0.0,0.0,-0.13196425139904022,-0.10419584065675735,-0.03571315482258797,-0.23518267273902893,-0.30849558115005493,-0.049330513924360275,-0.2894044518470764,-0.4832354187965393,-0.06566545367240906,-0.3328593671321869,-0.6146200299263,-0.07971464842557907,-0.1516895443201065,-0.5182902812957764,-0.021901823580265045,-0.1561603844165802,-0.7407681941986084,-0.060822296887636185,-0.15290217101573944,-0.8754992485046387,-0.08207450062036514,-0.14842373132705688,-1.0,-0.09646424651145935,-0.06975407153367996,-0.5152413845062256,-0.02903381548821926,-0.060828156769275665,-0.6265732049942017,-0.12134970724582672,-0.06889016181230545,-0.4564633071422577,-0.15227171778678894,-0.07983381301164627,-0.31069496273994446,-0.14914578199386597,0.010359536856412888,-0.4905458390712738,-0.0411071814596653,0.023758437484502792,-0.5889830589294434,-0.13046276569366455,0.006543879862874746,-0.4228525459766388,-0.13135476410388947,-0.013446019031107426,-0.2909194529056549,-0.10392960160970688,0.08840205520391464,-0.4458553194999695,-0.054928600788116455,0.11766892671585083,-0.6123814582824707,-0.11231672763824463,0.13468468189239502,-0.7228801846504211,-0.1210743710398674,0.14749887585639954,-0.8318458795547485,-0.11254305392503738
Love,Love_session_002,74,0.0,0.0,0.0,-0.13230931758880615,-0.10366019606590271,-0.03532009944319725,-0.23461483418941498,-0.3091653883457184,-0.04872738569974899,-0.2883132994174957,-0.48515552282333374,-0.0648982897400856,-0.33244216442108154,-0.6146246194839478,-0.0788951888680458,-0.14969421923160553,-0.51612788438797,-0.022386372089385986,-0.15442302823066711,-0.7394270896911621,-0.061542101204395294,-0.15073753893375397,-0.8744552731513977,-0.0830264687538147,-0.14569348096847534,-1.0,-0.09775973111391068,-0.06756200641393661,-0.513018786907196,-0.029978571459650993,-0.05850377306342125,-0.6273175477981567,-0.12274748831987381,-0.06765781342983246,-0.45659130811691284,-0.15374021232128143,-0.07926533371210098,-0.3105778992176056,-0.15073291957378387,0.013012824580073357,-0.48813748359680176,-0.042470160871744156,0.026171885430812836,-0.5878615975379944,-0.13242457807064056,0.007219481281936169,-0.4199810028076172,-0.1334172785282135,-0.013970463536679745,-0.2868419587612152,-0.10600949078798294,0.09148194640874863,-0.4434671103954315,-0.05668410658836365,0.12105035036802292,-0.6102340817451477,-0.11481209099292755,0.13819067180156708,-0.7206446528434753,-0.12406682223081589,0.15131664276123047,-0.8299488425254822,-0.11593261361122131
Love,Love_session_002,75,0.0,0.0,0.0,-0.13218815624713898,-0.10504935681819916,-0.03321663662791252,-0.23365330696105957,-0.31071123480796814,-0.04592101648449898,-0.28754734992980957,-0.48479846119880676,-0.061800289899110794,-0.3300565779209137,-0.6146215200424194,-0.07568132877349854,-0.1500152200460434,-0.5169041156768799,-0.02135731466114521,-0.15404950082302094,-0.7395539879798889,-0.06018165498971939,-0.14999911189079285,-0.8744585514068604,-0.08113909512758255,-0.14497794210910797,-1.0,-0.09521268308162689,-0.06767422705888748,-0.5144121646881104,-0.029393836855888367,-0.05923395976424217,-0.6228978633880615,-0.12023518979549408,-0.06794951111078262,-0.4530658721923828,-0.15014326572418213,-0.0795392170548439,-0.30972880125045776,-0.14664006233215332,0.013068967498838902,-0.49007514119148254,-0.04211125895380974,0.024973727762699127,-0.5842292904853821,-0.13047155737876892,0.007183906622231007,-0.4192856252193451,-0.13118132948875427,-0.01337374560534954,-0.2897813022136688,-0.10378095507621765,0.0916534960269928,-0.4458911120891571,-0.05629449710249901,0.12219392508268356,-0.614311695098877,-0.11278098076581955,0.14033256471157074,-0.7237032055854797,-0.12092938274145126,0.1539379507303238,-0.8311033248901367,-0.11201740056276321
Love,Love_session_002,76,0.0,0.0,0.0,-0.13155558705329895,-0.10817728191614151,-0.033609453588724136,-0.23253008723258972,-0.3158983886241913,-0.04602563753724098,-0.2868591248989105,-0.48958274722099304,-0.061772506684064865,-0.3299722373485565,-0.6202428936958313,-0.0753856971859932,-0.1492954045534134,-0.5177772641181946,-0.01920171082019806,-0.15290191769599915,-0.7406771779060364,-0.057218678295612335,-0.1477895826101303,-0.8754872679710388,-0.07782300561666489,-0.14152522385120392,-1.0,-0.09176034480333328,-0.0672617256641388,-0.5143721699714661,-0.026965726166963577,-0.05679169297218323,-0.6213985681533813,-0.11827761679887772,-0.06683202087879181,-0.45345497131347656,-0.1492362916469574,-0.07906929403543472,-0.3094301223754883,-0.1465349942445755,0.013105790130794048,-0.4895668625831604,-0.03960404545068741,0.027396326884627342,-0.5835314393043518,-0.12852565944194794,0.008107511326670647,-0.4203152060508728,-0.1306886076927185,-0.012902071699500084,-0.2895291745662689,-0.1043383926153183,0.09109548479318619,-0.44496384263038635,-0.053766995668411255,0.12234252691268921,-0.6109225749969482,-0.11115068197250366,0.14185616374015808,-0.7211792469024658,-0.12072289735078812,0.15815387666225433,-0.8276023268699646,-0.11284841597080231
Love,Love_session_002,77,0.0,0.0,0.0,-0.1315123587846756,-0.10744073241949081,-0.03490446135401726,-0.23243758082389832,-0.3145063519477844,-0.04818281903862953,-0.28526800870895386,-0.4914895296096802,-0.06466671079397202,-0.3277234137058258,-0.6260990500450134,-0.07881419360637665,-0.15003375709056854,-0.5159283876419067,-0.020692527294158936,-0.1528082937002182,-0.7400254011154175,-0.059855278581380844,-0.14578348398208618,-0.8746453523635864,-0.08116935193538666,-0.13734181225299835,-1.0,-0.09542813152074814,-0.06815274059772491,-0.5127910375595093,-0.028106145560741425,-0.05568329989910126,-0.6197294592857361,-0.1201028972864151,-0.06406554579734802,-0.4510422646999359,-0.1509772539138794,-0.075429767370224,-0.3082149028778076,-0.14816822111606598,0.012074406258761883,-0.4879502058029175,-0.040536195039749146,0.028542084619402885,-0.5827615261077881,-0.1303313672542572,0.01095317117869854,-0.41677919030189514,-0.1315349042415619,-0.0089727733284235,-0.28503891825675964,-0.10423263162374496,0.0896393433213234,-0.4426453709602356,-0.054683368653059006,0.12201987206935883,-0.609076201915741,-0.11331397294998169,0.1429755836725235,-0.7189788222312927,-0.1228288859128952,0.16096802055835724,-0.8256109356880188,-0.11446217447519302
Love,Love_session_002,78,0.0,0.0,0.0,-0.13149599730968475,-0.11081326007843018,-0.0349031537771225,-0.23103752732276917,-0.31666430830955505,-0.04840962588787079,-0.2850732207298279,-0.49265486001968384,-0.06537279486656189,-0.3294927179813385,-0.6253591179847717,-0.0803486704826355,-0.15209369361400604,-0.5155110359191895,-0.021068479865789413,-0.15438885986804962,-0.7393208146095276,-0.061550747603178024,-0.14578931033611298,-0.8734433054924011,-0.0841144472360611,-0.13640901446342468,-1.0,-0.0989997535943985,-0.07033640146255493,-0.51236492395401,-0.02865530550479889,-0.05175551027059555,-0.6144440174102783,-0.12165050953626633,-0.05731929838657379,-0.4436011016368866,-0.15372751653194427,-0.07009202986955643,-0.3039702773094177,-0.1514827460050583,0.009853101335465908,-0.4872759282588959,-0.04122312366962433,0.03260774165391922,-0.5791547298431396,-0.13147616386413574,0.017341166734695435,-0.4177784323692322,-0.13404059410095215,-0.004520443733781576,-0.2916736304759979,-0.10751645267009735,0.08700951933860779,-0.4412038028240204,-0.055450692772865295,0.12005341053009033,-0.6090192198753357,-0.1144203171133995,0.14273299276828766,-0.7180598974227905,-0.12405531853437424,0.16136763989925385,-0.82419353723526,-0.11534007638692856
Love,Love_session_002,79,0.0,0.0,0.0,-0.1288657933473587,-0.10952287912368774,-0.03787453472614288,-0.22869178652763367,-0.3137887418270111,-0.053161825984716415,-0.2840777039527893,-0.4872489273548126,-0.0712248682975769,-0.3279763460159302,-0.6222050786018372,-0.0867166593670845,-0.1560184508562088,-0.5145677924156189,-0.023213839158415794,-0.15993888676166534,-0.7410194873809814,-0.06426089257001877,-0.14975160360336304,-0.8746923208236694,-0.08670470118522644,-0.1377510130405426,-1.0,-0.10136129707098007,-0.07409439235925674,-0.5122866630554199,-0.029446043074131012,-0.056274253875017166,-0.6131145358085632,-0.12275789678096771,-0.05793101713061333,-0.43933266401290894,-0.15333041548728943,-0.06603092700242996,-0.2987860441207886,-0.15017971396446228,0.006389250513166189,-0.48711302876472473,-0.04125429689884186,0.02887754514813423,-0.579879879951477,-0.1314331293106079,0.017060458660125732,-0.4191029369831085,-0.13244090974330902,-0.0010777483694255352,-0.2934580445289612,-0.10523241013288498,0.08325060456991196,-0.4417775869369507,-0.05514347553253174,0.11625373363494873,-0.6086435317993164,-0.11467695236206055,0.13965106010437012,-0.7167928218841553,-0.1243995651602745,0.15938700735569,-0.8218579292297363,-0.11588343977928162
Love,Love_session_002,80,0.0,0.0,0.0,-0.12806738913059235,-0.10197616368532181,-0.041707899421453476,-0.23062731325626373,-0.3030187487602234,-0.05914314463734627,-0.29007217288017273,-0.47521835565567017,-0.07861927151679993,-0.33735963702201843,-0.6068293452262878,-0.09550994634628296,-0.16627724468708038,-0.5065182447433472,-0.028983665630221367,-0.17228981852531433,-0.7371357083320618,-0.06943874061107635,-0.16189619898796082,-0.8716859221458435,-0.09016116708517075,-0.15039180219173431,-1.0,-0.10334070026874542,-0.0851418673992157,-0.5091686248779297,-0.032971445471048355,-0.05840256065130234,-0.6134414076805115,-0.12435372918844223,-0.05664295703172684,-0.43829312920570374,-0.1527492254972458,-0.06853798031806946,-0.30066972970962524,-0.14863786101341248,-0.005101002287119627,-0.4893052279949188,-0.04260154068470001,0.025469448417425156,-0.5874952673912048,-0.1333533525466919,0.017509229481220245,-0.42177414894104004,-0.13453389704227448,-0.0032973214983940125,-0.29663825035095215,-0.10740970075130463,0.07176228612661362,-0.44883278012275696,-0.054286666214466095,0.10378078371286392,-0.6179043650627136,-0.11385665833950043,0.12975871562957764,-0.7241724729537964,-0.1232718676328659,0.15000590682029724,-0.8284085392951965,-0.11459190398454666
Love,Love_session_002,81,0.0,0.0,0.0,-0.12916313111782074,-0.09973816573619843,-0.04533200338482857,-0.2332802265882492,-0.2996852397918701,-0.06326940655708313,-0.2930036783218384,-0.47486427426338196,-0.08229076862335205,-0.34353089332580566,-0.6062264442443848,-0.0983804389834404,-0.1754295527935028,-0.501855194568634,-0.03152085095643997,-0.18228058516979218,-0.7327964901924133,-0.07314377278089523,-0.17053915560245514,-0.8692319393157959,-0.09384167939424515,-0.15809841454029083,-1.0,-0.10665196925401688,-0.09370459616184235,-0.5076795220375061,-0.03337617218494415,-0.060919445008039474,-0.6181895732879639,-0.12757562100887299,-0.05449352785944939,-0.43836575746536255,-0.1564975529909134,-0.0650240033864975,-0.29540780186653137,-0.15182769298553467,-0.013896343298256397,-0.4912448227405548,-0.041291896253824234,0.020692460238933563,-0.5927254557609558,-0.13485166430473328,0.014771942049264908,-0.42927348613739014,-0.1381606012582779,-0.006280300673097372,-0.3033692240715027,-0.11164979636669159,0.06241178885102272,-0.4533899426460266,-0.05131432041525841,0.09568075835704803,-0.62602698802948,-0.11363740265369415,0.12329430878162384,-0.7313855290412903,-0.12555022537708282,0.1431153416633606,-0.8339425325393677,-0.1180361732840538
Love,Love_session_002,82,0.0,0.0,0.0,-0.12673978507518768,-0.09676327556371689,-0.04629901424050331,-0.23079097270965576,-0.2967914044857025,-0.06551553308963776,-0.29235655069351196,-0.47107699513435364,-0.08540172874927521,-0.34622567892074585,-0.6005982160568237,-0.10257912427186966,-0.1748562455177307,-0.49816492199897766,-0.0383823961019516,-0.18232941627502441,-0.7314457893371582,-0.08116159588098526,-0.17124953866004944,-0.868178129196167,-0.10178174078464508,-0.15927140414714813,-1.0,-0.11452692747116089,-0.09397463500499725,-0.5033214688301086,-0.03967862203717232,-0.054541636258363724,-0.612554669380188,-0.1340458244085312,-0.04952569305896759,-0.4315223693847656,-0.16191434860229492,-0.06257995218038559,-0.2938632667064667,-0.15729129314422607,-0.014796234667301178,-0.48592206835746765,-0.04674055799841881,0.02559506893157959,-0.5852358937263489,-0.1413372904062271,0.01867486909031868,-0.4224278926849365,-0.1443987786769867,-0.004783350508660078,-0.30088475346565247,-0.11823313683271408,0.0617191344499588,-0.44751331210136414,-0.05579546093940735,0.09571775048971176,-0.6249029636383057,-0.12068506330251694,0.12486878782510757,-0.731295108795166,-0.13330936431884766,0.14621904492378235,-0.8359432816505432,-0.1259826421737671
Love,Love_session_002,83,0.0,0.0,0.0,-0.1274101436138153,-0.09034212678670883,-0.0482291541993618,-0.23364657163619995,-0.2879643738269806,-0.0680827796459198,-0.29586032032966614,-0.46318355202674866,-0.088228739798069,-0.3500959873199463,-0.5934618711471558,-0.10537493973970413,-0.1793133020401001,-0.4964376986026764,-0.03983209654688835,-0.18744519352912903,-0.7294643521308899,-0.08303475379943848,-0.1765274554491043,-0.8669019341468811,-0.10399167984724045,-0.1642702966928482,-1.0,-0.11696527153253555,-0.09812746942043304,-0.505544900894165,-0.040149301290512085,-0.056223493069410324,-0.6111149787902832,-0.13463592529296875,-0.049101464450359344,-0.42654234170913696,-0.16205912828445435,-0.061215922236442566,-0.28873276710510254,-0.1572437882423401,-0.018851526081562042,-0.49098026752471924,-0.046422965824604034,0.023040413856506348,-0.5866474509239197,-0.14180895686149597,0.017724541947245598,-0.41907966136932373,-0.14410986006259918,-0.0051208133809268475,-0.2965106666088104,-0.11732485890388489,0.05757743865251541,-0.45425745844841003,-0.054874781519174576,0.09290043264627457,-0.6320316791534424,-0.12044204771518707,0.12334982305765152,-0.7373272180557251,-0.13250531256198883,0.1454886943101883,-0.8420695066452026,-0.1246144101023674
Love,Love_session_002,84,0.0,0.0,0.0,-0.12576143443584442,-0.08439213037490845,-0.05020209401845932,-0.23376528918743134,-0.2797531485557556,-0.07136674225330353,-0.2965882122516632,-0.4574783146381378,-0.09241731464862823,-0.35184192657470703,-0.5904465913772583,-0.11042673885822296,-0.17901386320590973,-0.48979052901268005,-0.0440843291580677,-0.18849118053913116,-0.7264940142631531,-0.0883910208940506,-0.17854070663452148,-0.8656492829322815,-0.10920380800962448,-0.1670425534248352,-1.0,-0.12188059091567993,-0.09830721467733383,-0.49894461035728455,-0.04336032643914223,-0.06051143631339073,-0.6055148243904114,-0.13779601454734802,-0.05266406014561653,-0.42081132531166077,-0.16399627923965454,-0.06264864653348923,-0.28669294714927673,-0.1585790067911148,-0.019333653151988983,-0.4864800274372101,-0.04873410984873772,0.02075999602675438,-0.5869541764259338,-0.14494657516479492,0.01793299987912178,-0.41651907563209534,-0.14625389873981476,-0.0018260636134073138,-0.29362279176712036,-0.1187460646033287,0.05824155732989311,-0.4536486566066742,-0.05642243102192879,0.08988335728645325,-0.6322296261787415,-0.12327996641397476,0.12022343277931213,-0.7374032139778137,-0.1357526183128357,0.14387694001197815,-0.8434424996376038,-0.12798063457012177
Love,Love_session_002,85,0.0,0.0,0.0,-0.12581385672092438,-0.08443522453308105,-0.04889007657766342,-0.2333163619041443,-0.28077366948127747,-0.0694713145494461,-0.2953616976737976,-0.45723724365234375,-0.09015949070453644,-0.35068491101264954,-0.5883071422576904,-0.1079903170466423,-0.17804281413555145,-0.4915767312049866,-0.043954260647296906,-0.18809419870376587,-0.7273980975151062,-0.088840551674366,-0.17786645889282227,-0.8661991357803345,-0.11027894914150238,-0.16590192914009094,-1.0,-0.12326833605766296,-0.09780820459127426,-0.5000153183937073,-0.04424583911895752,-0.0601799301803112,-0.6074631810188293,-0.13988858461380005,-0.051539670675992966,-0.42268234491348267,-0.1669168919324875,-0.06077854335308075,-0.28612953424453735,-0.16168925166130066,-0.01913442835211754,-0.48640504479408264,-0.05046786367893219,0.020978176966309547,-0.5845937132835388,-0.14746904373168945,0.01926860399544239,-0.41460543870925903,-0.14919430017471313,0.00033620288013480604,-0.29089638590812683,-0.12163837999105453,0.05796432867646217,-0.45241522789001465,-0.05887944996356964,0.09007994830608368,-0.6325814127922058,-0.1262158304452896,0.12099431455135345,-0.7379279136657715,-0.13854651153087616,0.14483864605426788,-0.843146800994873,-0.1304728388786316
Love,Love_session_002,86,0.0,0.0,0.0,-0.12557481229305267,-0.08283446729183197,-0.05155385658144951,-0.23432323336601257,-0.2769412398338318,-0.07354196161031723,-0.29765844345092773,-0.4532746374607086,-0.09511987864971161,-0.35365059971809387,-0.5865691304206848,-0.11371002346277237,-0.17947420477867126,-0.4899328351020813,-0.04623227193951607,-0.19115199148654938,-0.7266806364059448,-0.09086863696575165,-0.1811065375804901,-0.8660242557525635,-0.11144131422042847,-0.169275164604187,-1.0,-0.12358499318361282,-0.09989310055971146,-0.4993255138397217,-0.044938426464796066,-0.06158127635717392,-0.6075605750083923,-0.13964679837226868,-0.05212322250008583,-0.4213546812534332,-0.16510480642318726,-0.06138471141457558,-0.2847103774547577,-0.1586942821741104,-0.021810857579112053,-0.48703962564468384,-0.04989807680249214,0.01931920275092125,-0.5868027210235596,-0.1470940113067627,0.019169239327311516,-0.41433170437812805,-0.1484811007976532,0.0012081452878192067,-0.2900826036930084,-0.12034525722265244,0.05540209263563156,-0.4550471603870392,-0.05717815086245537,0.0869937464594841,-0.6348916888237,-0.12481711059808731,0.11866690963506699,-0.7403638958930969,-0.13751593232154846,0.14352594316005707,-0.8469964265823364,-0.12952320277690887
Love,Love_session_002,87,0.0,0.0,0.0,-0.12730903923511505,-0.08056225627660751,-0.05193004757165909,-0.23598018288612366,-0.271284818649292,-0.0747065618634224,-0.29786157608032227,-0.44775116443634033,-0.09694323688745499,-0.35367777943611145,-0.581283688545227,-0.11619076132774353,-0.18205474317073822,-0.48860523104667664,-0.04880141466856003,-0.19510231912136078,-0.7257852554321289,-0.09507620334625244,-0.18338099122047424,-0.865693211555481,-0.11705527454614639,-0.16958087682724,-1.0,-0.129704087972641,-0.10281355679035187,-0.4991430938243866,-0.047147322446107864,-0.06334368139505386,-0.604973316192627,-0.14247898757457733,-0.05362054705619812,-0.41688042879104614,-0.16822108626365662,-0.06253300607204437,-0.28073471784591675,-0.16200490295886993,-0.0249333418905735,-0.48971986770629883,-0.051737669855356216,0.01783757098019123,-0.5870361328125,-0.14917680621147156,0.017294753342866898,-0.41264188289642334,-0.15079821646213531,-0.0007049528649076819,-0.28740376234054565,-0.12277018278837204,0.05228528380393982,-0.4612809419631958,-0.058688532561063766,0.08454330265522003,-0.6438360810279846,-0.12676335871219635,0.11799229681491852,-0.7468269467353821,-0.13940627872943878,0.14446505904197693,-0.8503519892692566,-0.13102710247039795
Love,Love_session_002,88,0.0,0.0,0.0,-0.12815415859222412,-0.07518506795167923,-0.05199363827705383,-0.23641785979270935,-0.26701784133911133,-0.07439740747213364,-0.29850125312805176,-0.4425089955329895,-0.09676329791545868,-0.3552495539188385,-0.5748558044433594,-0.11633817106485367,-0.182966411113739,-0.4840635359287262,-0.047682397067546844,-0.19743044674396515,-0.7229927182197571,-0.09428267925977707,-0.1851314902305603,-0.8647245764732361,-0.11623955518007278,-0.1707296371459961,-1.0,-0.12845537066459656,-0.10254862159490585,-0.49483543634414673,-0.046617016196250916,-0.06277585029602051,-0.6031590104103088,-0.14390623569488525,-0.05214433744549751,-0.4155867099761963,-0.1707850694656372,-0.06001350283622742,-0.2754531800746918,-0.16456785798072815,-0.02420186437666416,-0.48691415786743164,-0.05181301385164261,0.020006302744150162,-0.58510422706604,-0.1516338586807251,0.02121223509311676,-0.4078071415424347,-0.15387767553329468,0.004420527257025242,-0.2785138785839081,-0.12512755393981934,0.053360696882009506,-0.4610566198825836,-0.05929097905755043,0.08409950137138367,-0.6460251212120056,-0.12787142395973206,0.11757072806358337,-0.7490572929382324,-0.1397981345653534,0.1443493664264679,-0.8505978584289551,-0.1303870528936386
Love,Love_session_002,89,0.0,0.0,0.0,-0.1283605545759201,-0.0812816321849823,-0.05150667577981949,-0.23562635481357574,-0.26758480072021484,-0.07495559006929398,-0.30016347765922546,-0.43724918365478516,-0.09850956499576569,-0.3556421995162964,-0.5684999227523804,-0.11894942820072174,-0.18311579525470734,-0.4853729009628296,-0.04834359139204025,-0.1982923448085785,-0.724897027015686,-0.09635729342699051,-0.18608221411705017,-0.8660929203033447,-0.11990863084793091,-0.1714712232351303,-1.0,-0.13327273726463318,-0.10342485457658768,-0.49893391132354736,-0.047787487506866455,-0.06195767596364021,-0.5982535481452942,-0.14526960253715515,-0.05091390013694763,-0.4160292148590088,-0.17350633442401886,-0.05828990042209625,-0.28075554966926575,-0.1690920740365982,-0.02505243755877018,-0.49103763699531555,-0.05354853719472885,0.020132407546043396,-0.5713382363319397,-0.1528090387582779,0.02050301805138588,-0.40193983912467957,-0.15667998790740967,0.003286762395873666,-0.2781454622745514,-0.1300172209739685,0.05197083577513695,-0.46443629264831543,-0.06161168962717056,0.08806011080741882,-0.6451321244239807,-0.1295897513628006,0.12107721716165543,-0.7474942803382874,-0.1418616622686386,0.14604085683822632,-0.8457887768745422,-0.13320165872573853
Love,Love_session_002,90,0.0,0.0,0.0,-0.1261695921421051,-0.08822980523109436,-0.04686010628938675,-0.23246358335018158,-0.2818354368209839,-0.06736378371715546,-0.2976710796356201,-0.45053330063819885,-0.08849278092384338,-0.35049986839294434,-0.5805490016937256,-0.10680229216814041,-0.17462672293186188,-0.4940507113933563,-0.043758291751146317,-0.18493066728115082,-0.7316345572471619,-0.08935079723596573,-0.17618146538734436,-0.8687362670898438,-0.11195558309555054,-0.16531629860401154,-1.0,-0.12589561939239502,-0.09647037833929062,-0.5048674941062927,-0.04489266127347946,-0.05930103361606598,-0.6038663983345032,-0.13876572251319885,-0.05339038744568825,-0.42070460319519043,-0.16663095355033875,-0.06357643008232117,-0.2916632294654846,-0.16340582072734833,-0.018423959612846375,-0.4922068119049072,-0.051728613674640656,0.021458640694618225,-0.5698420405387878,-0.1467377245426178,0.0146004194393754,-0.40048953890800476,-0.14978593587875366,-0.00923580676317215,-0.28124478459358215,-0.12454557418823242,0.05818561837077141,-0.45948052406311035,-0.06065978854894638,0.09480210393667221,-0.638502836227417,-0.1274331957101822,0.1273133009672165,-0.7392457723617554,-0.1397322565317154,0.15154461562633514,-0.8397652506828308,-0.13186077773571014
Love,Love_session_002,91,0.0,0.0,0.0,-0.12584440410137177,-0.09481551498174667,-0.04345076158642769,-0.22923947870731354,-0.2926781177520752,-0.06252919882535934,-0.29099035263061523,-0.4626942574977875,-0.08258935064077377,-0.34119412302970886,-0.5931397080421448,-0.0999176874756813,-0.1665501892566681,-0.4994066059589386,-0.04215570539236069,-0.17392608523368835,-0.7346249222755432,-0.08541607111692429,-0.16602064669132233,-0.8702948689460754,-0.10610534250736237,-0.15757286548614502,-1.0,-0.11908827722072601,-0.08708783984184265,-0.5078380107879639,-0.04416220635175705,-0.056589990854263306,-0.6022793054580688,-0.13315171003341675,-0.05428825691342354,-0.42262378334999084,-0.15845060348510742,-0.066539466381073,-0.30074283480644226,-0.1546754390001297,-0.008513768203556538,-0.4930907189846039,-0.05138491466641426,0.02653023973107338,-0.5752602815628052,-0.14289651811122894,0.018831219524145126,-0.40805670619010925,-0.14405257999897003,-0.004501478746533394,-0.29244565963745117,-0.11842801421880722,0.06807810068130493,-0.4577069878578186,-0.06039608269929886,0.10209566354751587,-0.6360301375389099,-0.12457217276096344,0.13400188088417053,-0.7361454963684082,-0.13548177480697632,0.15842267870903015,-0.837643563747406,-0.12724669277668
Love,Love_session_002,92,0.0,0.0,0.0,-0.1258053481578827,-0.09815742075443268,-0.039391059428453445,-0.22888712584972382,-0.30074945092201233,-0.05554037168622017,-0.2864409387111664,-0.46902385354042053,-0.07388195395469666,-0.33451518416404724,-0.5951489210128784,-0.0898815467953682,-0.16050687432289124,-0.5088362693786621,-0.034193940460681915,-0.1666671335697174,-0.7398236393928528,-0.07622561603784561,-0.15768052637577057,-0.8720837235450745,-0.09773258119821548,-0.14808101952075958,-1.0,-0.11146966367959976,-0.07899770140647888,-0.5120458006858826,-0.038562268018722534,-0.05138944089412689,-0.5983004570007324,-0.13018356263637543,-0.05347173288464546,-0.41801702976226807,-0.1595567762851715,-0.06634453684091568,-0.2910272181034088,-0.1574828028678894,0.0001311489613726735,-0.4934491813182831,-0.04788010194897652,0.033255334943532944,-0.5749003887176514,-0.14095956087112427,0.020974479615688324,-0.40647366642951965,-0.1450340747833252,-0.003978808876127005,-0.2869335412979126,-0.12034200131893158,0.0761449784040451,-0.45513761043548584,-0.05853801593184471,0.1089230477809906,-0.6283833384513855,-0.12206600606441498,0.13957692682743073,-0.7247961759567261,-0.13316461443901062,0.16466884315013885,-0.821933925151825,-0.12477719783782959
Love,Love_session_002,93,0.0,0.0,0.0,-0.12802943587303162,-0.0937478095293045,-0.0388481542468071,-0.23060262203216553,-0.30061075091362,-0.05399804189801216,-0.2859979271888733,-0.47596898674964905,-0.07168234884738922,-0.33379051089286804,-0.6052106022834778,-0.08706986904144287,-0.15721504390239716,-0.5119760036468506,-0.029334433376789093,-0.16211333870887756,-0.7410150170326233,-0.06916312128305435,-0.15320032835006714,-0.8731882572174072,-0.08902431279420853,-0.1430712342262268,-1.0,-0.10170556604862213,-0.07665427774190903,-0.5128648281097412,-0.034030549228191376,-0.04797850549221039,-0.60027015209198,-0.12323600053787231,-0.053717292845249176,-0.42458635568618774,-0.15208987891674042,-0.06882312893867493,-0.29577428102493286,-0.1497570127248764,0.0010374753037467599,-0.49201980233192444,-0.04387371987104416,0.03395077586174011,-0.5750243663787842,-0.1349610835313797,0.02037428505718708,-0.4094509184360504,-0.13897816836833954,-0.0034239867236465216,-0.2905033826828003,-0.11455284804105759,0.07717947661876678,-0.4520323574542999,-0.05513050779700279,0.11037344485521317,-0.6238772869110107,-0.11657524108886719,0.1411496251821518,-0.7213782668113708,-0.12715557217597961,0.16785025596618652,-0.8191241025924683,-0.11887110769748688
Love,Love_session_002,94,0.0,0.0,0.0,-0.12910346686840057,-0.09744273871183395,-0.03356395289301872,-0.2291889786720276,-0.3058179020881653,-0.046164438128471375,-0.2832041084766388,-0.4783370792865753,-0.06244431808590889,-0.3297615647315979,-0.6059131622314453,-0.07653442025184631,-0.15237011015415192,-0.515557050704956,-0.02379588596522808,-0.15513455867767334,-0.7426919937133789,-0.06191643327474594,-0.14532458782196045,-0.8752684593200684,-0.08127480745315552,-0.13449259102344513,-1.0,-0.09382189065217972,-0.07057014107704163,-0.5134896636009216,-0.03058646433055401,-0.04242312163114548,-0.5924229025840759,-0.11899092048406601,-0.05028090998530388,-0.41655319929122925,-0.1486431360244751,-0.0663548931479454,-0.28555601835250854,-0.14708086848258972,0.008190353401005268,-0.4903118312358856,-0.04201640188694,0.039582084864377975,-0.5670462250709534,-0.13242696225643158,0.023793693631887436,-0.4010136127471924,-0.1371350735425949,-0.0002120260032825172,-0.28088539838790894,-0.11335824429988861,0.08379723876714706,-0.4479700028896332,-0.054361674934625626,0.12046434730291367,-0.6178173422813416,-0.11611904203891754,0.15227974951267242,-0.7155154943466187,-0.1274099200963974,0.18027134239673615,-0.8131340742111206,-0.1195506826043129
Love,Love_session_002,95,0.0,0.0,0.0,-0.1284884512424469,-0.10115595906972885,-0.03401339799165726,-0.2270609587430954,-0.3151971101760864,-0.045829467475414276,-0.2809658646583557,-0.4883776903152466,-0.06135708838701248,-0.32659631967544556,-0.6169890761375427,-0.07469281554222107,-0.1486734002828598,-0.5190522074699402,-0.02034619264304638,-0.1475106179714203,-0.7436165809631348,-0.05759524181485176,-0.1368163675069809,-0.8757364749908447,-0.07657767087221146,-0.12562917172908783,-1.0,-0.08905220776796341,-0.0665494054555893,-0.5162971615791321,-0.026557384058833122,-0.03836450353264809,-0.5935553312301636,-0.11302188783884048,-0.046142447739839554,-0.41859951615333557,-0.1419011354446411,-0.06263400614261627,-0.28957468271255493,-0.14025373756885529,0.01238018274307251,-0.4919551610946655,-0.037792135030031204,0.04310588166117668,-0.5648861527442932,-0.12807229161262512,0.025868777185678482,-0.3939029574394226,-0.1324821263551712,-4.700976933236234e-05,-0.2727793753147125,-0.10848918557167053,0.08838062733411789,-0.448490172624588,-0.049977414309978485,0.12652763724327087,-0.6141998171806335,-0.11187305301427841,0.15998575091362,-0.710882306098938,-0.12338022887706757,0.1888924241065979,-0.8089624047279358,-0.11585630476474762
Love,Love_session_002,96,0.0,0.0,0.0,-0.12948256731033325,-0.10565806925296783,-0.03298019990324974,-0.2274482250213623,-0.3250561058521271,-0.043997664004564285,-0.2802661061286926,-0.4994018077850342,-0.05925143510103226,-0.3283138573169708,-0.6235456466674805,-0.07258635759353638,-0.14677327871322632,-0.5256924033164978,-0.018114296719431877,-0.14266613125801086,-0.7464929223060608,-0.05567376688122749,-0.12800471484661102,-0.8773975372314453,-0.07450401037931442,-0.1108490601181984,-1.0,-0.086385078728199,-0.06295526772737503,-0.5224021673202515,-0.025348752737045288,-0.034432392567396164,-0.5991849303245544,-0.1144455298781395,-0.04242495447397232,-0.4209245443344116,-0.14376096427440643,-0.05581042543053627,-0.28671717643737793,-0.14079102873802185,0.01677882857620716,-0.4964914321899414,-0.03772676736116409,0.04663637652993202,-0.5595245361328125,-0.1305038183927536,0.02936474233865738,-0.39008232951164246,-0.13619312644004822,0.0060349381528794765,-0.26852113008499146,-0.11167363822460175,0.09223330765962601,-0.45117026567459106,-0.05085277557373047,0.135643869638443,-0.6154422163963318,-0.11420972645282745,0.17295962572097778,-0.7114387154579163,-0.12647099792957306,0.20582273602485657,-0.8066683411598206,-0.11875047534704208
Love,Love_session_002,97,0.0,0.0,0.0,-0.130185067653656,-0.10878089815378189,-0.03030368499457836,-0.22677814960479736,-0.33240899443626404,-0.03916264697909355,-0.27857986092567444,-0.5065546631813049,-0.05280863866209984,-0.3259163200855255,-0.6260865330696106,-0.06479177623987198,-0.1456223726272583,-0.5220173597335815,-0.016023555770516396,-0.1385488212108612,-0.7428296208381653,-0.05300166830420494,-0.1214541345834732,-0.8755122423171997,-0.07185198366641998,-0.10214854031801224,-1.0,-0.08381255716085434,-0.061194926500320435,-0.5226295590400696,-0.023828987032175064,-0.02797049656510353,-0.5922176241874695,-0.11145377904176712,-0.034915585070848465,-0.412738561630249,-0.14025717973709106,-0.04900747910141945,-0.27784568071365356,-0.1373305767774582,0.019416797906160355,-0.4994797706604004,-0.03645152226090431,0.05340919271111488,-0.558761715888977,-0.12750554084777832,0.037580788135528564,-0.38823366165161133,-0.13279469311237335,0.014727596193552017,-0.2649580240249634,-0.10843930393457413,0.09500742703676224,-0.4549100697040558,-0.049691904336214066,0.14092406630516052,-0.6143110394477844,-0.11187847703695297,0.18005767464637756,-0.705777108669281,-0.12367110699415207,0.21401174366474152,-0.795346736907959,-0.11577892303466797
Love,Love_session_002,98,0.0,0.0,0.0,-0.12805016338825226,-0.11021903157234192,-0.030298950150609016,-0.22455033659934998,-0.335714191198349,-0.04027390852570534,-0.2767688035964966,-0.5098702311515808,-0.05477939918637276,-0.32348597049713135,-0.6306514143943787,-0.06755723059177399,-0.14258448779582977,-0.5247097611427307,-0.019299617037177086,-0.13461697101593018,-0.7449721693992615,-0.05780678614974022,-0.11712199449539185,-0.8759617209434509,-0.07826680690050125,-0.09762535989284515,-1.0,-0.09142881631851196,-0.06006322801113129,-0.5223390460014343,-0.026979440823197365,-0.023271994665265083,-0.592110276222229,-0.11343765258789062,-0.0324387364089489,-0.41259461641311646,-0.14153516292572021,-0.04915186017751694,-0.28356996178627014,-0.13932941854000092,0.019302301108837128,-0.49794283509254456,-0.03937981277704239,0.054654285311698914,-0.5623160600662231,-0.12943431735038757,0.03733324259519577,-0.3890213966369629,-0.13292250037193298,0.013855398632586002,-0.2662183344364166,-0.1083071380853653,0.09474988281726837,-0.4520129859447479,-0.05246378481388092,0.14197053015232086,-0.6166264414787292,-0.11471579223871231,0.18230615556240082,-0.7086424827575684,-0.12563440203666687,0.21793991327285767,-0.8004181385040283,-0.11746982485055923
Love,Love_session_002,99,0.0,0.0,0.0,-0.12918949127197266,-0.11038496345281601,-0.027784544974565506,-0.22641940414905548,-0.338816374540329,-0.03511027991771698,-0.2784980535507202,-0.5118873715400696,-0.04746277630329132,-0.3275521695613861,-0.6267913579940796,-0.058418501168489456,-0.14300437271595,-0.5262281894683838,-0.01593601703643799,-0.13421845436096191,-0.7467713356018066,-0.05239100381731987,-0.11597537994384766,-0.8772029280662537,-0.07105002552270889,-0.09513415396213531,-1.0,-0.08288689702749252,-0.05850498378276825,-0.5226706862449646,-0.02462826296687126,-0.02079658769071102,-0.5883435010910034,-0.11067609488964081,-0.031803060322999954,-0.4112515151500702,-0.13950523734092712,-0.04880204796791077,-0.28235873579978943,-0.13744306564331055,0.022052451968193054,-0.4981165826320648,-0.0378522165119648,0.05839576944708824,-0.556339681148529,-0.12786805629730225,0.03911639750003815,-0.3877711296081543,-0.1343814730644226,0.014958683401346207,-0.26884734630584717,-0.111656554043293,0.09815966337919235,-0.4539843201637268,-0.05134221911430359,0.14562740921974182,-0.6191399097442627,-0.11319198459386826,0.1865738481283188,-0.7104719281196594,-0.12534749507904053,0.22310006618499756,-0.7995385527610779,-0.11814279854297638
Love,Love_session_002,100,0.0,0.0,0.0,-0.12870241701602936,-0.11098073422908783,-0.02991778403520584,-0.22565686702728271,-0.33466410636901855,-0.03927520290017128,-0.27869680523872375,-0.508061945438385,-0.05325405299663544,-0.32809925079345703,-0.6231239438056946,-0.06580878049135208,-0.145206481218338,-0.5188014507293701,-0.02126443199813366,-0.1358220875263214,-0.7436037063598633,-0.060454756021499634,-0.11675480008125305,-0.8745602369308472,-0.08084757626056671,-0.09524563699960709,-1.0,-0.09360159188508987,-0.06013054400682449,-0.515845775604248,-0.029238874092698097,-0.01880601979792118,-0.5869736671447754,-0.11774148792028427,-0.029938725754618645,-0.4055309295654297,-0.14712932705879211,-0.04913245514035225,-0.27645179629325867,-0.1453930288553238,0.02097146213054657,-0.493569552898407,-0.041737474501132965,0.06059439107775688,-0.558418869972229,-0.13439367711544037,0.040900930762290955,-0.3868866562843323,-0.14062221348285675,0.014812341891229153,-0.26673683524131775,-0.11727076768875122,0.09666565805673599,-0.45176902413368225,-0.054540570825338364,0.1453617960214615,-0.6211048364639282,-0.11746440082788467,0.18590083718299866,-0.7130946516990662,-0.12897543609142303,0.2213257998228073,-0.8037754893302917,-0.12125564366579056
Love,Love_session_002,101,0.0,0.0,0.0,-0.13110046088695526,-0.10559123754501343,-0.031833715736866,-0.2296176254749298,-0.32337674498558044,-0.04244130849838257,-0.28364723920822144,-0.4935387670993805,-0.05728622525930405,-0.33305779099464417,-0.6093652844429016,-0.0710233822464943,-0.15094655752182007,-0.5128991007804871,-0.026065699756145477,-0.14455574750900269,-0.7392910122871399,-0.0671982541680336,-0.124437116086483,-0.8724376559257507,-0.08866316825151443,-0.10268282890319824,-1.0,-0.10130206495523453,-0.06392042338848114,-0.5122227072715759,-0.03336096554994583,-0.0216656681150198,-0.5838711857795715,-0.12301015108823776,-0.02968502789735794,-0.39559176564216614,-0.15150213241577148,-0.049469880759716034,-0.2618066370487213,-0.14838576316833496,0.01900932751595974,-0.49298354983329773,-0.04537758603692055,0.06125814840197563,-0.5560101270675659,-0.13968750834465027,0.04552718624472618,-0.37785443663597107,-0.14547674357891083,0.019697003066539764,-0.2552602291107178,-0.12069149315357208,0.09645414352416992,-0.4543319344520569,-0.057703401893377304,0.14240851998329163,-0.6269749999046326,-0.12003080546855927,0.18291489779949188,-0.7178612947463989,-0.12982065975666046,0.21679143607616425,-0.8073973655700684,-0.12046060711145401
Love,Love_session_002,102,0.0,0.0,0.0,-0.13096408545970917,-0.10283754020929337,-0.034421321004629135,-0.2319573611021042,-0.31873664259910583,-0.04630696028470993,-0.28781819343566895,-0.4883510172367096,-0.06202717125415802,-0.3386476933956146,-0.6007462739944458,-0.07643238455057144,-0.1608702391386032,-0.5099954009056091,-0.02781248465180397,-0.15757723152637482,-0.7366231083869934,-0.07136617600917816,-0.13651005923748016,-0.8710854053497314,-0.09466487169265747,-0.11341597139835358,-1.0,-0.1079365536570549,-0.07421200722455978,-0.5116019248962402,-0.03421299532055855,-0.032654669135808945,-0.5871353149414062,-0.12617848813533783,-0.03598535433411598,-0.3954196572303772,-0.1542561799287796,-0.05182939022779465,-0.25724339485168457,-0.1500708907842636,0.008528579957783222,-0.49424871802330017,-0.04587514325976372,0.05011594668030739,-0.5618222951889038,-0.14236916601657867,0.03965168818831444,-0.37986958026885986,-0.14731425046920776,0.017939221113920212,-0.2515375316143036,-0.12091454118490219,0.08647864311933517,-0.4578804671764374,-0.058182958513498306,0.1299033910036087,-0.630280613899231,-0.12147407978773117,0.16972166299819946,-0.7214423418045044,-0.13106891512870789,0.2035454660654068,-0.8095129728317261,-0.12109240144491196
Love,Love_session_002,103,0.0,0.0,0.0,-0.12725168466567993,-0.09955783933401108,-0.037064287811517715,-0.22725163400173187,-0.3112829029560089,-0.05165935680270195,-0.28461718559265137,-0.4796770215034485,-0.06949000060558319,-0.33618003129959106,-0.5955577492713928,-0.08577873557806015,-0.16113616526126862,-0.5104921460151672,-0.033109940588474274,-0.163491353392601,-0.736769437789917,-0.07779541611671448,-0.14640048146247864,-0.8711139559745789,-0.1007799357175827,-0.12748324871063232,-1.0,-0.11348820477724075,-0.07742354273796082,-0.5146746039390564,-0.038396432995796204,-0.03791361302137375,-0.5941298007965088,-0.13115094602108002,-0.03898981586098671,-0.4066440463066101,-0.15881431102752686,-0.053868070244789124,-0.27082327008247375,-0.15389959514141083,0.003977064974606037,-0.49876123666763306,-0.0488034188747406,0.04317723587155342,-0.5668350458145142,-0.14595697820186615,0.03619687631726265,-0.38561001420021057,-0.14990630745887756,0.016600104048848152,-0.2583456337451935,-0.12228084355592728,0.08188039064407349,-0.4637738764286041,-0.059959810227155685,0.12014314532279968,-0.6373322010040283,-0.12372282892465591,0.15645723044872284,-0.7296391129493713,-0.1326809525489807,0.1863328367471695,-0.8216615319252014,-0.12169091403484344
Love,Love_session_002,104,0.0,0.0,0.0,-0.13051368296146393,-0.09367083013057709,-0.03763766586780548,-0.23200836777687073,-0.30051347613334656,-0.052752889692783356,-0.28801777958869934,-0.4690830707550049,-0.07084951549768448,-0.3393094837665558,-0.5856488943099976,-0.08724285662174225,-0.16507992148399353,-0.5031132698059082,-0.03422944247722626,-0.16837309300899506,-0.7340846061706543,-0.0774010643362999,-0.15433919429779053,-0.8698471188545227,-0.09885184466838837,-0.13848154246807098,-1.0,-0.11104230582714081,-0.08199141174554825,-0.5092480778694153,-0.03940843418240547,-0.04051954299211502,-0.5963913202285767,-0.13274215161800385,-0.04080963507294655,-0.40890979766845703,-0.16007214784622192,-0.05523955449461937,-0.2691597044467926,-0.1546003520488739,-0.0016175983473658562,-0.49514541029930115,-0.04950267821550369,0.040317174047231674,-0.5702577233314514,-0.14550963044166565,0.032940495759248734,-0.39126384258270264,-0.1486218422651291,0.012724020518362522,-0.26367005705833435,-0.12075349688529968,0.07597842812538147,-0.46196919679641724,-0.060599908232688904,0.11326978355646133,-0.6361434459686279,-0.12425731867551804,0.14803460240364075,-0.7313060760498047,-0.13367755711078644,0.1770179718732834,-0.8255182504653931,-0.12313028424978256
Love,Love_session_002,105,0.0,0.0,0.0,-0.1306198239326477,-0.09416178613901138,-0.03720022737979889,-0.23163606226444244,-0.30083373188972473,-0.052554041147232056,-0.28819116950035095,-0.46891435980796814,-0.07105137407779694,-0.33904576301574707,-0.5843571424484253,-0.08781426399946213,-0.16363854706287384,-0.49851980805397034,-0.034757208079099655,-0.17098362743854523,-0.7322693467140198,-0.07940351217985153,-0.15838485956192017,-0.869236409664154,-0.10183339565992355,-0.14380452036857605,-1.0,-0.11463019251823425,-0.08163905888795853,-0.5066834688186646,-0.040566232055425644,-0.043170396238565445,-0.5997657179832458,-0.13571882247924805,-0.03988676890730858,-0.41286173462867737,-0.16364462673664093,-0.05196566507220268,-0.27225160598754883,-0.15815898776054382,-0.0016151110175997019,-0.49448609352111816,-0.051240671426057816,0.03865114226937294,-0.5699586868286133,-0.14823396503925323,0.03329876437783241,-0.3906564712524414,-0.15101413428783417,0.0133464140817523,-0.2617740333080292,-0.12264078855514526,0.07429982721805573,-0.46223142743110657,-0.06295087933540344,0.1112324446439743,-0.636267900466919,-0.1272895187139511,0.14604611694812775,-0.7316690683364868,-0.1365785151720047,0.174359530210495,-0.826469898223877,-0.1257052719593048
Love,Love_session_002,106,0.0,0.0,0.0,-0.13103404641151428,-0.08802203834056854,-0.040225621312856674,-0.23445363342761993,-0.28993359208106995,-0.05806218460202217,-0.2915923595428467,-0.459536075592041,-0.07772205024957657,-0.343351811170578,-0.5757449865341187,-0.09538684040307999,-0.168279230594635,-0.49509745836257935,-0.04091356322169304,-0.17737485468387604,-0.7317992448806763,-0.0846768394112587,-0.16525541245937347,-0.8690573573112488,-0.10603092610836029,-0.15073812007904053,-1.0,-0.11833975464105606,-0.08866367489099503,-0.5034341812133789,-0.04485088586807251,-0.04681487753987312,-0.6003261804580688,-0.1371566355228424,-0.042891550809144974,-0.41430795192718506,-0.16241022944450378,-0.05494803935289383,-0.27798569202423096,-0.15606509149074554,-0.010045627132058144,-0.49220725893974304,-0.05363663285970688,0.03445378318428993,-0.5732733011245728,-0.14713002741336823,0.02861836925148964,-0.3938189744949341,-0.14730702340602875,0.00783703662455082,-0.2682258188724518,-0.11864800751209259,0.06632933765649796,-0.46125665307044983,-0.0638560876250267,0.1038280576467514,-0.6359884142875671,-0.12599430978298187,0.1380290687084198,-0.7328876256942749,-0.13410085439682007,0.16580109298229218,-0.8318707942962646,-0.12323728203773499
Love,Love_session_002,107,0.0,0.0,0.0,-0.1295834332704544,-0.08670368045568466,-0.03896595910191536,-0.23263715207576752,-0.2891317307949066,-0.055388856679201126,-0.29068395495414734,-0.457728773355484,-0.07419955730438232,-0.34322574734687805,-0.5722224116325378,-0.0910027027130127,-0.16970309615135193,-0.49529439210891724,-0.037029899656772614,-0.1807854026556015,-0.730919361114502,-0.07966453582048416,-0.1708868145942688,-0.8689459562301636,-0.10050743818283081,-0.15945342183113098,-1.0,-0.11278808861970901,-0.09112754464149475,-0.5031152367591858,-0.04152507334947586,-0.050968777388334274,-0.6030566096305847,-0.13377945125102997,-0.046073853969573975,-0.42105960845947266,-0.1600223034620285,-0.057742878794670105,-0.28581148386001587,-0.15455392003059387,-0.013107651844620705,-0.49206939339637756,-0.05086740851402283,0.02892056666314602,-0.5800122022628784,-0.1439909040927887,0.023703742772340775,-0.405327171087265,-0.14523959159851074,0.0032386407256126404,-0.2799241244792938,-0.11758117377758026,0.0634109228849411,-0.46202611923217773,-0.0616721510887146,0.0981849953532219,-0.639614999294281,-0.12443851679563522,0.1312473863363266,-0.7399806380271912,-0.1340308040380478,0.15837112069129944,-0.8402778506278992,-0.12425370514392853
Love,Love_session_002,108,0.0,0.0,0.0,-0.1305694431066513,-0.08306795358657837,-0.04132779687643051,-0.23657354712486267,-0.281075656414032,-0.058960821479558945,-0.2959088385105133,-0.44854411482810974,-0.07861983776092529,-0.3501960039138794,-0.564721941947937,-0.09621986001729965,-0.17490404844284058,-0.48968303203582764,-0.04109358787536621,-0.18758705258369446,-0.7282413244247437,-0.08458065241575241,-0.17858684062957764,-0.8665698766708374,-0.10498335212469101,-0.16755974292755127,-1.0,-0.11663391441106796,-0.09581325203180313,-0.49914419651031494,-0.044620729982852936,-0.05500822886824608,-0.6019049882888794,-0.13938136398792267,-0.04615293815732002,-0.4132605493068695,-0.16519801318645477,-0.05510628968477249,-0.27305811643600464,-0.15838013589382172,-0.017690250650048256,-0.48991867899894714,-0.05303521454334259,0.02602757327258587,-0.579868495464325,-0.14925824105739594,0.02549699880182743,-0.3985704481601715,-0.15004584193229675,0.007940756157040596,-0.26872581243515015,-0.12069465965032578,0.058563970029354095,-0.46263250708580017,-0.06291475147008896,0.09216829389333725,-0.6427084803581238,-0.12745878100395203,0.12506023049354553,-0.7427716255187988,-0.13689908385276794,0.15136541426181793,-0.8439396023750305,-0.12634344398975372
Love,Love_session_002,109,0.0,0.0,0.0,-0.13412146270275116,-0.0809856429696083,-0.041669752448797226,-0.24477623403072357,-0.27513352036476135,-0.059098970144987106,-0.3081871569156647,-0.4434188902378082,-0.0780913457274437,-0.3637007474899292,-0.5610390901565552,-0.09459347277879715,-0.18383723497390747,-0.48634129762649536,-0.038472019135951996,-0.19954974949359894,-0.7252432107925415,-0.08077321946620941,-0.19417178630828857,-0.8657194375991821,-0.10084422677755356,-0.18623797595500946,-1.0,-0.11277061700820923,-0.10515035688877106,-0.5000396966934204,-0.04133015125989914,-0.06636346876621246,-0.6068851351737976,-0.13352882862091064,-0.055060502141714096,-0.4228130280971527,-0.15831182897090912,-0.06226895749568939,-0.28331777453422546,-0.15144504606723785,-0.02718997560441494,-0.49350494146347046,-0.04927213862538338,0.012684009037911892,-0.5876197218894958,-0.1420859843492508,0.015362542122602463,-0.41567084193229675,-0.14180511236190796,0.0006213071756064892,-0.2901343107223511,-0.11295093595981598,0.05002700164914131,-0.4675520658493042,-0.05894377827644348,0.08268056809902191,-0.6494866609573364,-0.12138917297124863,0.11475194245576859,-0.7523000836372375,-0.1303391009569168,0.13965018093585968,-0.8548319339752197,-0.12004716694355011
Love,Love_session_002,110,0.0,0.0,0.0,-0.1360979825258255,-0.0761985331773758,-0.042980607599020004,-0.2496906965970993,-0.2662229537963867,-0.06148095428943634,-0.31462395191192627,-0.43368610739707947,-0.08109433948993683,-0.37225109338760376,-0.5532115697860718,-0.09823522716760635,-0.18958434462547302,-0.47699347138404846,-0.04445957764983177,-0.21040752530097961,-0.720497190952301,-0.08746432512998581,-0.20670586824417114,-0.8630741834640503,-0.10658778995275497,-0.20089450478553772,-1.0,-0.11768946051597595,-0.11168799549341202,-0.4922223687171936,-0.047593165189027786,-0.07479794323444366,-0.6036480665206909,-0.1413385272026062,-0.058600492775440216,-0.41873642802238464,-0.16501115262508392,-0.06110367923974991,-0.27714595198631287,-0.1572076827287674,-0.03355790674686432,-0.4864790737628937,-0.05573153868317604,0.008695567026734352,-0.5823661684989929,-0.1503802239894867,0.015807420015335083,-0.4092958867549896,-0.14924611151218414,0.004044712986797094,-0.28321197628974915,-0.11957789212465286,0.04484314098954201,-0.4624125361442566,-0.06561800837516785,0.07395210862159729,-0.6482367515563965,-0.12888018786907196,0.10306970775127411,-0.7557985186576843,-0.13732850551605225,0.125447079539299,-0.8628948330879211,-0.126845583319664
Love,Love_session_002,111,0.0,0.0,0.0,-0.1365162879228592,-0.07504504173994064,-0.044152356684207916,-0.2532317340373993,-0.262744665145874,-0.06293488293886185,-0.32085832953453064,-0.4284215271472931,-0.08280579000711441,-0.38006898760795593,-0.5470995306968689,-0.10010997951030731,-0.19530004262924194,-0.47843873500823975,-0.04268192499876022,-0.21748198568820953,-0.7204196453094482,-0.08653118461370468,-0.21581730246543884,-0.8633235692977905,-0.1068805605173111,-0.2127496749162674,-1.0,-0.1189742386341095,-0.11548211425542831,-0.49551498889923096,-0.04575217887759209,-0.08061201870441437,-0.6089851260185242,-0.14217346906661987,-0.06373241543769836,-0.4237890839576721,-0.1680559664964676,-0.06610175967216492,-0.2797392010688782,-0.16104039549827576,-0.036439355462789536,-0.4915085732936859,-0.0540434829890728,0.003122297115623951,-0.5870185494422913,-0.15091168880462646,0.01007116585969925,-0.4125809371471405,-0.15080073475837708,-0.0028068609535694122,-0.28347247838974,-0.12104897946119308,0.04220953956246376,-0.46906161308288574,-0.06418213248252869,0.0694129690527916,-0.6546154022216797,-0.12904152274131775,0.09830677509307861,-0.7630568742752075,-0.13816556334495544,0.12022389471530914,-0.8699375987052917,-0.12760090827941895
Love,Love_session_002,112,0.0,0.0,0.0,-0.13750611245632172,-0.07137994468212128,-0.04395647346973419,-0.2561146020889282,-0.2571316361427307,-0.06211269274353981,-0.3246704339981079,-0.4247858226299286,-0.081489697098732,-0.3848802447319031,-0.5441246628761292,-0.09831592440605164,-0.19940093159675598,-0.4765577018260956,-0.03962152823805809,-0.22460564970970154,-0.7196313142776489,-0.08225304633378983,-0.22549904882907867,-0.8633748292922974,-0.10246056318283081,-0.22501903772354126,-1.0,-0.1149522066116333,-0.12024462968111038,-0.4937247037887573,-0.04278760030865669,-0.08879266679286957,-0.6097003221511841,-0.13839611411094666,-0.0707065612077713,-0.4262438416481018,-0.16491064429283142,-0.07160614430904388,-0.28059127926826477,-0.15873315930366516,-0.041202109307050705,-0.48976168036460876,-0.05125181004405022,-0.005351906642317772,-0.5901119709014893,-0.146616131067276,0.0016191324684768915,-0.4149220883846283,-0.1460566520690918,-0.0103978356346488,-0.2833891212940216,-0.11672136932611465,0.03780525550246239,-0.46738800406455994,-0.06172997131943703,0.06338182836771011,-0.6521949172019958,-0.1252603381872177,0.08847683668136597,-0.763198971748352,-0.13417194783687592,0.10702075064182281,-0.8726099729537964,-0.12412463873624802
Love,Love_session_002,113,0.0,0.0,0.0,-0.1395987719297409,-0.06850998103618622,-0.04315194487571716,-0.26055708527565,-0.2531925141811371,-0.060436852276325226,-0.33054623007774353,-0.4199301600456238,-0.07913468033075333,-0.39182010293006897,-0.53775954246521,-0.09536182880401611,-0.20397406816482544,-0.4727890193462372,-0.03815411031246185,-0.23234981298446655,-0.7175315618515015,-0.08007605373859406,-0.23489251732826233,-0.8619059324264526,-0.09933634102344513,-0.23603960871696472,-1.0,-0.11115646362304688,-0.12467601150274277,-0.49198800325393677,-0.0417666882276535,-0.09698274731636047,-0.6147555708885193,-0.13700047135353088,-0.0760137289762497,-0.43125995993614197,-0.16281387209892273,-0.07465657591819763,-0.284931480884552,-0.15568728744983673,-0.04538459703326225,-0.4899595081806183,-0.05061066523194313,-0.01267542876303196,-0.5960182547569275,-0.1456514298915863,-0.0014200073201209307,-0.42194148898124695,-0.14469587802886963,-0.010197541676461697,-0.2908939719200134,-0.1146969422698021,0.034107506275177,-0.46901509165763855,-0.06141071021556854,0.057122789323329926,-0.6568712592124939,-0.12422462552785873,0.0812777504324913,-0.7683713436126709,-0.1327606439590454,0.09861808270215988,-0.8780006170272827,-0.12237509340047836
Love,Love_session_002,114,0.0,0.0,0.0,-0.141138955950737,-0.06821686029434204,-0.04538465291261673,-0.26289212703704834,-0.24956171214580536,-0.06384684890508652,-0.3356249928474426,-0.41490694880485535,-0.08329123258590698,-0.3978669345378876,-0.5343078970909119,-0.1000974178314209,-0.2090296596288681,-0.47162944078445435,-0.03862713649868965,-0.23924346268177032,-0.7155486345291138,-0.08119667321443558,-0.24288058280944824,-0.8611693382263184,-0.10141965001821518,-0.24552226066589355,-1.0,-0.11394747346639633,-0.13012386858463287,-0.49226242303848267,-0.041047073900699615,-0.10423877090215683,-0.6167095899581909,-0.1368914395570755,-0.08142384886741638,-0.43348202109336853,-0.16314902901649475,-0.07873940467834473,-0.2854529619216919,-0.1563420444726944,-0.05074777081608772,-0.49115604162216187,-0.04906008765101433,-0.020635537803173065,-0.6027370095252991,-0.14468474686145782,-0.007938292808830738,-0.42885512113571167,-0.1437946856021881,-0.01510806754231453,-0.29552242159843445,-0.11375226825475693,0.029023418202996254,-0.4707552492618561,-0.05923574045300484,0.050255607813596725,-0.6604145765304565,-0.12284259498119354,0.07295510917901993,-0.7743808031082153,-0.13205181062221527,0.0887625589966774,-0.8866391181945801,-0.12212346494197845
Love,Love_session_002,115,0.0,0.0,0.0,-0.14197370409965515,-0.07000456750392914,-0.04367668926715851,-0.2655588984489441,-0.2494235336780548,-0.06165018305182457,-0.34064948558807373,-0.41132110357284546,-0.0812857374548912,-0.40547892451286316,-0.5233460664749146,-0.09848395735025406,-0.2126016616821289,-0.4740179777145386,-0.035701997578144073,-0.24479861557483673,-0.7158287167549133,-0.07906381785869598,-0.2499031126499176,-0.8609142303466797,-0.10000758618116379,-0.253803551197052,-1.0,-0.11285585165023804,-0.13316510617733002,-0.4970235526561737,-0.03934068605303764,-0.109281025826931,-0.622445821762085,-0.1368314027786255,-0.08504817634820938,-0.4380636215209961,-0.1641187071800232,-0.08119004964828491,-0.2884550988674164,-0.15733854472637177,-0.05330660566687584,-0.4972629249095917,-0.048561401665210724,-0.025329720228910446,-0.6086543202400208,-0.14506801962852478,-0.010509182699024677,-0.4363219141960144,-0.14456011354923248,-0.01577046327292919,-0.30255407094955444,-0.11423639208078384,0.026560747995972633,-0.4764304757118225,-0.059806399047374725,0.04648224636912346,-0.665816068649292,-0.12277361750602722,0.06782538443803787,-0.7795424461364746,-0.13132254779338837,0.08194680511951447,-0.890919029712677,-0.1207757294178009
Love,Love_session_002,116,0.0,0.0,0.0,-0.14253398776054382,-0.0691206082701683,-0.04339159280061722,-0.2696758210659027,-0.2507978081703186,-0.05983599275350571,-0.34689468145370483,-0.4122721254825592,-0.07774173468351364,-0.4126468896865845,-0.5214719772338867,-0.09324482828378677,-0.2158961445093155,-0.4750864505767822,-0.034134719520807266,-0.24898426234722137,-0.7180563807487488,-0.07547546923160553,-0.25549301505088806,-0.862710177898407,-0.09454971551895142,-0.2612394094467163,-1.0,-0.10639538615942001,-0.13555927574634552,-0.4982979893684387,-0.03725625202059746,-0.11464027315378189,-0.6259514689445496,-0.1338260918855667,-0.08878476917743683,-0.4411487281322479,-0.16043637692928314,-0.08295433968305588,-0.29011306166648865,-0.15306217968463898,-0.055067550390958786,-0.498780757188797,-0.04593171551823616,-0.02993488684296608,-0.6163411140441895,-0.14203788340091705,-0.014083120040595531,-0.4460015892982483,-0.1420000195503235,-0.017480194568634033,-0.3126096725463867,-0.11200809478759766,0.0250221099704504,-0.4787892997264862,-0.05644134432077408,0.044453494250774384,-0.6695217490196228,-0.11927924305200577,0.06334417313337326,-0.7848175764083862,-0.12879641354084015,0.07504338771104813,-0.8988513350486755,-0.11921041458845139
Love,Love_session_002,117,0.0,0.0,0.0,-0.14255307614803314,-0.06515637785196304,-0.04256255552172661,-0.2702244520187378,-0.2444453239440918,-0.05936741828918457,-0.3482005000114441,-0.40554141998291016,-0.0781979039311409,-0.4158644676208496,-0.5151497721672058,-0.09481561928987503,-0.2168170064687729,-0.4747650921344757,-0.03363402932882309,-0.2497095763683319,-0.7172298431396484,-0.07529748231172562,-0.2571817636489868,-0.8618301749229431,-0.09515606611967087,-0.2634480595588684,-1.0,-0.10766126960515976,-0.13629812002182007,-0.49822357296943665,-0.03810039907693863,-0.113606758415699,-0.6275374889373779,-0.13594532012939453,-0.08878488093614578,-0.4412866234779358,-0.1637740582227707,-0.08425270020961761,-0.2887856066226959,-0.15691374242305756,-0.055431023240089417,-0.49887362122535706,-0.04785585775971413,-0.029058003798127174,-0.6153085231781006,-0.14503249526023865,-0.01332040037959814,-0.43735629320144653,-0.1441618949174881,-0.018269086256623268,-0.29958605766296387,-0.11319194734096527,0.024931974709033966,-0.4789900779724121,-0.05949266254901886,0.043469637632369995,-0.6690554022789001,-0.12297149002552032,0.06194697692990303,-0.785659909248352,-0.13152670860290527,0.07341958582401276,-0.9018937349319458,-0.12089492380619049
Love,Love_session_002,118,0.0,0.0,0.0,-0.1427973359823227,-0.059891920536756516,-0.04266660287976265,-0.27134525775909424,-0.23765699565410614,-0.059725500643253326,-0.35135751962661743,-0.39674848318099976,-0.07892374694347382,-0.4210374355316162,-0.5029942393302917,-0.09601140022277832,-0.21786586940288544,-0.47402992844581604,-0.03492630645632744,-0.25046420097351074,-0.7184572815895081,-0.07679092884063721,-0.2588026225566864,-0.8622585535049438,-0.09649083763360977,-0.2658247649669647,-1.0,-0.10916204750537872,-0.13649088144302368,-0.4973820447921753,-0.039727821946144104,-0.1155465841293335,-0.6267649531364441,-0.13861623406410217,-0.09138452261686325,-0.43747690320014954,-0.16629324853420258,-0.08713226020336151,-0.28412768244743347,-0.15927349030971527,-0.055082280188798904,-0.4983995258808136,-0.049840353429317474,-0.0299101360142231,-0.6144342422485352,-0.14855791628360748,-0.014790557324886322,-0.4309527277946472,-0.14727024734020233,-0.020461974665522575,-0.29053717851638794,-0.11581215262413025,0.0252994317561388,-0.4787571132183075,-0.061806514859199524,0.04352990537881851,-0.6677204966545105,-0.12718889117240906,0.06131507828831673,-0.7845445275306702,-0.13646280765533447,0.07179173082113266,-0.9030443429946899,-0.1262199580669403
Love,Love_session_002,119,0.0,0.0,0.0,-0.14358411729335785,-0.05742577090859413,-0.04341650381684303,-0.2750145494937897,-0.23138538002967834,-0.061099182814359665,-0.3563726544380188,-0.3894645571708679,-0.08068778365850449,-0.42552030086517334,-0.49777963757514954,-0.09809914231300354,-0.221368208527565,-0.4720733165740967,-0.03609159588813782,-0.25652050971984863,-0.7169036269187927,-0.0786619484424591,-0.2662631869316101,-0.862576425075531,-0.09886940568685532,-0.27428317070007324,-1.0,-0.111554354429245,-0.14035305380821228,-0.4981319010257721,-0.04074513912200928,-0.12026196718215942,-0.6294152736663818,-0.1396983414888382,-0.09523126482963562,-0.44405999779701233,-0.1676260232925415,-0.09092829376459122,-0.29075783491134644,-0.16064739227294922,-0.059368815273046494,-0.5014399290084839,-0.050768930464982986,-0.03332963213324547,-0.6165421009063721,-0.14911212027072906,-0.017238536849617958,-0.4362429678440094,-0.1480412483215332,-0.023139365017414093,-0.2972748875617981,-0.11675522476434708,0.02103918418288231,-0.4841785430908203,-0.06270749866962433,0.04004282131791115,-0.6758937835693359,-0.12673427164554596,0.057233892381191254,-0.7948606610298157,-0.13500747084617615,0.06618379801511765,-0.9131413698196411,-0.12418802082538605
Love,Love_session_002,120,0.0,0.0,0.0,-0.14723244309425354,-0.055028289556503296,-0.04220021143555641,-0.28145191073417664,-0.22787365317344666,-0.05907638370990753,-0.36497610807418823,-0.3848598599433899,-0.07801120728254318,-0.4355197250843048,-0.4892926514148712,-0.09477932006120682,-0.22804822027683258,-0.4684390127658844,-0.034941643476486206,-0.2629256248474121,-0.7154078483581543,-0.0767686739563942,-0.27346616983413696,-0.8613086342811584,-0.09634947776794434,-0.2824726402759552,-1.0,-0.10901573300361633,-0.14465096592903137,-0.4972757399082184,-0.04024976119399071,-0.1281096190214157,-0.6348502039909363,-0.1396884024143219,-0.10243015736341476,-0.446336567401886,-0.167172372341156,-0.09690748900175095,-0.2895183861255646,-0.1594919115304947,-0.06170761212706566,-0.5031461119651794,-0.05075112730264664,-0.0405266098678112,-0.6243212819099426,-0.14975614845752716,-0.022580590099096298,-0.4416777789592743,-0.14796370267868042,-0.02614782191812992,-0.2997037172317505,-0.11568163335323334,0.0197952501475811,-0.48686927556991577,-0.062998928129673,0.03592927008867264,-0.6785585284233093,-0.12772832810878754,0.05182423070073128,-0.7964030504226685,-0.13616138696670532,0.059383511543273926,-0.9152577519416809,-0.1252872794866562
Love,Love_session_002,121,0.0,0.0,0.0,-0.14744679629802704,-0.049000333994627,-0.043823547661304474,-0.28311362862586975,-0.22114251554012299,-0.06116436421871185,-0.3668202757835388,-0.3807457983493805,-0.08016815036535263,-0.43769359588623047,-0.48799028992652893,-0.09680004417896271,-0.2300984412431717,-0.46604105830192566,-0.03625649958848953,-0.2660422921180725,-0.7144415974617004,-0.07827415317296982,-0.27748537063598633,-0.8614285588264465,-0.09783539921045303,-0.28741738200187683,-1.0,-0.11064201593399048,-0.14688391983509064,-0.4964296817779541,-0.040660738945007324,-0.13233420252799988,-0.6343187093734741,-0.14010587334632874,-0.10590587556362152,-0.44440555572509766,-0.1672404557466507,-0.09851249307394028,-0.2865387201309204,-0.1596226990222931,-0.06397657096385956,-0.5034383535385132,-0.05043760687112808,-0.04484564810991287,-0.6280927062034607,-0.1492496281862259,-0.027570096775889397,-0.4453887939453125,-0.1467672735452652,-0.03002341464161873,-0.3017308712005615,-0.11437402665615082,0.01772606559097767,-0.48759782314300537,-0.062198538333177567,0.03287557139992714,-0.6798380017280579,-0.12813235819339752,0.04892651364207268,-0.7979645133018494,-0.13727916777133942,0.05739337578415871,-0.9161771535873413,-0.12677101790905
Love,Love_session_002,122,0.0,0.0,0.0,-0.1447182446718216,-0.049258384853601456,-0.04393712058663368,-0.27966174483299255,-0.21971286833286285,-0.0617172047495842,-0.3639768362045288,-0.37849780917167664,-0.08112426847219467,-0.43567371368408203,-0.4851682186126709,-0.09814466536045074,-0.22888746857643127,-0.4668807089328766,-0.03722532466053963,-0.265708863735199,-0.7145296335220337,-0.07986745238304138,-0.27733102440834045,-0.8609663844108582,-0.10027281194925308,-0.28723567724227905,-1.0,-0.11381122469902039,-0.14699648320674896,-0.4969162344932556,-0.04175492003560066,-0.13244834542274475,-0.6314311623573303,-0.1416730135679245,-0.10654889047145844,-0.4435981810092926,-0.16979192197322845,-0.09852229058742523,-0.28845784068107605,-0.16317451000213623,-0.0649026408791542,-0.5031595826148987,-0.051625680178403854,-0.04494480788707733,-0.6244872212409973,-0.1503017097711563,-0.029295852407813072,-0.443823903799057,-0.14863255620002747,-0.03261443227529526,-0.3017233610153198,-0.11723681539297104,0.01613205298781395,-0.4864494204521179,-0.06354586035013199,0.03188497945666313,-0.6774351000785828,-0.13003922998905182,0.04799681156873703,-0.7956198453903198,-0.13991309702396393,0.05673917755484581,-0.9134244918823242,-0.12995529174804688
Love,Love_session_002,123,0.0,0.0,0.0,-0.14474494755268097,-0.050031132996082306,-0.0445232056081295,-0.28053343296051025,-0.21891215443611145,-0.06250467896461487,-0.36563390493392944,-0.38035568594932556,-0.08218374848365784,-0.4377373158931732,-0.4878721535205841,-0.09942162036895752,-0.23033563792705536,-0.4701780676841736,-0.03490256145596504,-0.26655471324920654,-0.7157338857650757,-0.07773903757333755,-0.2782728374004364,-0.8617323040962219,-0.09891574829816818,-0.28808891773223877,-1.0,-0.11298060417175293,-0.14859603345394135,-0.4997948110103607,-0.039349284023046494,-0.13415013253688812,-0.6364046335220337,-0.13984116911888123,-0.10780763626098633,-0.45133480429649353,-0.16936753690242767,-0.0996437594294548,-0.29653313755989075,-0.1634209305047989,-0.06650884449481964,-0.506015956401825,-0.04926649108529091,-0.04639703780412674,-0.6281376481056213,-0.14823320508003235,-0.030526304617524147,-0.44897618889808655,-0.14709065854549408,-0.03403468430042267,-0.30662083625793457,-0.11576749384403229,0.014778021723031998,-0.4893748164176941,-0.06130592152476311,0.03106420487165451,-0.6807543635368347,-0.1273687481880188,0.046188194304704666,-0.7992383241653442,-0.13686634600162506,0.05343519151210785,-0.9160553216934204,-0.12651656568050385
Love,Love_session_002,124,0.0,0.0,0.0,-0.14610973000526428,-0.05238572880625725,-0.04232011362910271,-0.28029370307922363,-0.22288905084133148,-0.05910247564315796,-0.365355521440506,-0.38350534439086914,-0.07824120670557022,-0.4367138743400574,-0.4910145401954651,-0.09508299827575684,-0.22901149094104767,-0.4719315469264984,-0.030353227630257607,-0.2644122838973999,-0.7168518900871277,-0.07318644970655441,-0.27635452151298523,-0.8623447418212891,-0.09499729424715042,-0.28688791394233704,-1.0,-0.10934904217720032,-0.14706668257713318,-0.4994086027145386,-0.03575758635997772,-0.13214729726314545,-0.6351857781410217,-0.13652768731117249,-0.1075085774064064,-0.45030108094215393,-0.16712674498558044,-0.10135728120803833,-0.29606983065605164,-0.16157715022563934,-0.06514342874288559,-0.505378007888794,-0.046575214713811874,-0.045804329216480255,-0.6269510388374329,-0.14537139236927032,-0.030277198180556297,-0.448994517326355,-0.14462530612945557,-0.03402614966034889,-0.3081454038619995,-0.11329913139343262,0.016024107113480568,-0.489346981048584,-0.059397801756858826,0.03194942697882652,-0.6801831126213074,-0.12456899881362915,0.04626898467540741,-0.7982777953147888,-0.13331516087055206,0.052988193929195404,-0.9153479337692261,-0.12231232970952988
Love,Love_session_002,125,0.0,0.0,0.0,-0.1457681804895401,-0.05057999864220619,-0.04071049764752388,-0.2782122790813446,-0.22318023443222046,-0.05648297071456909,-0.361585408449173,-0.3855856657028198,-0.07516565918922424,-0.43319615721702576,-0.49120599031448364,-0.09175608307123184,-0.22421137988567352,-0.4732457995414734,-0.027292395010590553,-0.25868329405784607,-0.7166344523429871,-0.06948678195476532,-0.26979705691337585,-0.8621416687965393,-0.09127587080001831,-0.27924302220344543,-1.0,-0.1057010367512703,-0.14204677939414978,-0.4979902505874634,-0.033684637397527695,-0.12787704169750214,-0.6311898827552795,-0.13405105471611023,-0.10540932416915894,-0.44479796290397644,-0.16490033268928528,-0.09967180341482162,-0.2899226248264313,-0.15966294705867767,-0.06060855835676193,-0.5024815797805786,-0.04553676396608353,-0.04364629462361336,-0.620963454246521,-0.1441945731639862,-0.029652927070856094,-0.44072845578193665,-0.14363862574100494,-0.03287981450557709,-0.3000064492225647,-0.11258204281330109,0.01997591368854046,-0.4863007664680481,-0.05934638902544975,0.03695356845855713,-0.6757338643074036,-0.12432283908128738,0.0508703887462616,-0.793994665145874,-0.13331277668476105,0.057675909250974655,-0.9122875332832336,-0.12272801995277405
Love,Love_session_002,126,0.0,0.0,0.0,-0.14534319937229156,-0.052553772926330566,-0.039534732699394226,-0.2772681415081024,-0.22790324687957764,-0.0543673150241375,-0.35975930094718933,-0.38944801688194275,-0.07224340736865997,-0.4301808774471283,-0.49463388323783875,-0.08795564621686935,-0.22238941490650177,-0.47660478949546814,-0.0248445775359869,-0.2554210424423218,-0.7185054421424866,-0.06598155200481415,-0.2649478018283844,-0.8632296919822693,-0.08738679438829422,-0.27311888337135315,-1.0,-0.10165297985076904,-0.13996288180351257,-0.5011155605316162,-0.03141282498836517,-0.1264827996492386,-0.6306512951850891,-0.1309274137020111,-0.10577310621738434,-0.443496435880661,-0.16225025057792664,-0.1015334203839302,-0.2865876853466034,-0.15744394063949585,-0.058397866785526276,-0.5047798752784729,-0.04339306056499481,-0.04207427054643631,-0.6215704083442688,-0.14113344252109528,-0.030371982604265213,-0.44099003076553345,-0.14183121919631958,-0.035543061792850494,-0.29884880781173706,-0.11191562563180923,0.021617315709590912,-0.4875792860984802,-0.05716249719262123,0.04012107104063034,-0.6746696829795837,-0.12104770541191101,0.0542161762714386,-0.7908675670623779,-0.13059981167316437,0.06063058599829674,-0.9068049788475037,-0.12082051485776901
Love,Love_session_002,127,0.0,0.0,0.0,-0.14392027258872986,-0.05519336462020874,-0.03959308937191963,-0.274151086807251,-0.23349978029727936,-0.054147426038980484,-0.3557780385017395,-0.3955979645252228,-0.07149104028940201,-0.4260179400444031,-0.5006866455078125,-0.08670894056558609,-0.21774497628211975,-0.4794602394104004,-0.024865496903657913,-0.24979209899902344,-0.7169666290283203,-0.06546749174594879,-0.25960543751716614,-0.8624532222747803,-0.08726435154676437,-0.26852014660835266,-1.0,-0.10239964723587036,-0.13546141982078552,-0.5034494996070862,-0.03128517419099808,-0.12418647855520248,-0.6333584189414978,-0.12957051396369934,-0.10549186915159225,-0.4456504285335541,-0.1607423722743988,-0.10231544822454453,-0.2851455807685852,-0.15643835067749023,-0.05333099141716957,-0.5047563314437866,-0.043087173253297806,-0.04113277420401573,-0.6258018016815186,-0.1396816521883011,-0.031157273799180984,-0.44631606340408325,-0.14072829484939575,-0.03603371977806091,-0.3024834990501404,-0.11170606315135956,0.027208112180233,-0.48413750529289246,-0.05674213543534279,0.04534198343753815,-0.6687895655632019,-0.1215280219912529,0.0598924420773983,-0.7840439081192017,-0.1329592764377594,0.06763121485710144,-0.8998211026191711,-0.12479417771100998
Love,Love_session_002,128,0.0,0.0,0.0,-0.1415284425020218,-0.06029308959841728,-0.03587062284350395,-0.26876330375671387,-0.243691086769104,-0.047480858862400055,-0.3470226228237152,-0.4047311544418335,-0.0622156485915184,-0.41468819975852966,-0.5038115382194519,-0.07524383813142776,-0.20557500422000885,-0.4807252287864685,-0.020761821419000626,-0.23550945520401,-0.7175054550170898,-0.05870791897177696,-0.24504901468753815,-0.8645238876342773,-0.07920489460229874,-0.2527049481868744,-1.0,-0.09373961389064789,-0.12355374544858932,-0.5001569986343384,-0.028142472729086876,-0.11685775220394135,-0.6285337805747986,-0.12406350672245026,-0.10295327007770538,-0.44392821192741394,-0.1548098921775818,-0.09979884326457977,-0.28395888209342957,-0.15031027793884277,-0.041591621935367584,-0.4990413188934326,-0.04047471657395363,-0.034272946417331696,-0.6200576424598694,-0.1339406669139862,-0.028492752462625504,-0.4431476593017578,-0.13493360579013824,-0.03305024281144142,-0.3008005917072296,-0.10647724568843842,0.03752356767654419,-0.47730132937431335,-0.054412487894296646,0.05588836222887039,-0.6582125425338745,-0.11688736826181412,0.06772885471582413,-0.7733443379402161,-0.1282692551612854,0.07385656237602234,-0.8907310962677002,-0.12066040933132172
Love,Love_session_002,129,0.0,0.0,0.0,-0.13985656201839447,-0.06359956413507462,-0.03341827541589737,-0.26490846276283264,-0.2501165568828583,-0.04486923664808273,-0.3399876654148102,-0.40907424688339233,-0.05957643687725067,-0.406166672706604,-0.5040987730026245,-0.0726265236735344,-0.1991240680217743,-0.4845958948135376,-0.023055769503116608,-0.22496281564235687,-0.7224717140197754,-0.06088153272867203,-0.23318234086036682,-0.8667556047439575,-0.08026675879955292,-0.239425390958786,-1.0,-0.09412092715501785,-0.11575646698474884,-0.49992722272872925,-0.0320260189473629,-0.11293189972639084,-0.6256668567657471,-0.12835916876792908,-0.0987962856888771,-0.43956613540649414,-0.15735019743442535,-0.0928087830543518,-0.28184974193573,-0.15148994326591492,-0.032210249453783035,-0.49425920844078064,-0.04546407237648964,-0.02473531663417816,-0.6141031980514526,-0.13838522136211395,-0.020880505442619324,-0.4344632923603058,-0.1365121454000473,-0.02664983831346035,-0.291330486536026,-0.1062980443239212,0.048299338668584824,-0.4683224856853485,-0.06036756932735443,0.0653972327709198,-0.6444754600524902,-0.12179254740476608,0.07588833570480347,-0.7574988603591919,-0.13117416203022003,0.0809604749083519,-0.8742668628692627,-0.12242244184017181
Love,Love_session_002,130,0.0,0.0,0.0,-0.13865888118743896,-0.0646049901843071,-0.03318723663687706,-0.26321762800216675,-0.24944092333316803,-0.04496166482567787,-0.3366668224334717,-0.40922775864601135,-0.059444259852170944,-0.4012896716594696,-0.5053650140762329,-0.07213395833969116,-0.19452153146266937,-0.4843171238899231,-0.028018122538924217,-0.21929290890693665,-0.7239274382591248,-0.06564613431692123,-0.2286279797554016,-0.8674105405807495,-0.08445601910352707,-0.2365218847990036,-1.0,-0.09815291315317154,-0.11256548017263412,-0.4987609386444092,-0.03668525442481041,-0.11193115264177322,-0.6226266622543335,-0.13135723769664764,-0.10038184374570847,-0.4387565553188324,-0.15909543633460999,-0.0956617072224617,-0.2843773663043976,-0.15321171283721924,-0.029801806434988976,-0.49238356947898865,-0.04943555220961571,-0.021738326177001,-0.6095902919769287,-0.14072732627391815,-0.020699307322502136,-0.42839130759239197,-0.13812385499477386,-0.028632469475269318,-0.28630369901657104,-0.10822147876024246,0.051353681832551956,-0.4668065309524536,-0.06365019828081131,0.06961147487163544,-0.6436048746109009,-0.1243988573551178,0.07923407107591629,-0.7581514120101929,-0.13412660360336304,0.0840054303407669,-0.876254677772522,-0.12613043189048767
Love,Love_session_002,131,0.0,0.0,0.0,-0.1370287388563156,-0.07038053125143051,-0.03080284781754017,-0.2596795856952667,-0.25878584384918213,-0.04062933102250099,-0.3313998281955719,-0.4158320426940918,-0.053269512951374054,-0.3941613435745239,-0.5097087025642395,-0.06412450224161148,-0.18957936763763428,-0.4912678599357605,-0.025295207276940346,-0.21288754045963287,-0.7274995446205139,-0.062048498541116714,-0.22133266925811768,-0.8699139952659607,-0.08063676208257675,-0.2287747859954834,-1.0,-0.09422148019075394,-0.10800203680992126,-0.5028398036956787,-0.03444862365722656,-0.10837855190038681,-0.6217482686042786,-0.12815368175506592,-0.0976896733045578,-0.43799859285354614,-0.15559537708759308,-0.09313743561506271,-0.28525155782699585,-0.14956215023994446,-0.025568056851625443,-0.4928874671459198,-0.04755011945962906,-0.018295638263225555,-0.6040163040161133,-0.13764017820358276,-0.018742715939879417,-0.4231606423854828,-0.1349954456090927,-0.0273855309933424,-0.28327953815460205,-0.10526881366968155,0.05499868467450142,-0.46423086524009705,-0.06194581091403961,0.0729697048664093,-0.6384254693984985,-0.12213880568742752,0.08182575553655624,-0.7525023221969604,-0.13195933401584625,0.08622054010629654,-0.8709885478019714,-0.12413866817951202
Love,Love_session_002,132,0.0,0.0,0.0,-0.13585661351680756,-0.07389599829912186,-0.02864721603691578,-0.2579943537712097,-0.2659359276294708,-0.03690410032868385,-0.328403115272522,-0.4239107668399811,-0.04827440530061722,-0.3893956243991852,-0.5181558728218079,-0.05789060518145561,-0.18761076033115387,-0.4949324429035187,-0.022869423031806946,-0.2093968391418457,-0.7308849096298218,-0.057731255888938904,-0.21780787408351898,-0.871647834777832,-0.0743110328912735,-0.22546426951885223,-1.0,-0.08648713678121567,-0.10657165199518204,-0.5067760944366455,-0.032273199409246445,-0.10859537124633789,-0.6225464940071106,-0.12342272698879242,-0.09830215573310852,-0.4425892233848572,-0.14928391575813293,-0.093940868973732,-0.2927306294441223,-0.14249393343925476,-0.02435077354311943,-0.49700960516929626,-0.045478787273168564,-0.018931178376078606,-0.6056857705116272,-0.13350099325180054,-0.020130062475800514,-0.4275743365287781,-0.1306399703025818,-0.029261890798807144,-0.28958362340927124,-0.10114681720733643,0.05645717680454254,-0.4689314067363739,-0.059744659811258316,0.07441505044698715,-0.641147255897522,-0.11837305873632431,0.08204048871994019,-0.75467449426651,-0.12807424366474152,0.08414382487535477,-0.8718607425689697,-0.12048496305942535
Love,Love_session_002,133,0.0,0.0,0.0,-0.13631893694400787,-0.07577448338270187,-0.028159569948911667,-0.25727400183677673,-0.2662428915500641,-0.03697369247674942,-0.3274858593940735,-0.4219687283039093,-0.048877790570259094,-0.38784903287887573,-0.5163760185241699,-0.059299275279045105,-0.18642038106918335,-0.49369460344314575,-0.02453538402915001,-0.20831981301307678,-0.7308292984962463,-0.05892453342676163,-0.21730740368366241,-0.871122419834137,-0.07473142445087433,-0.22503937780857086,-1.0,-0.08630348742008209,-0.10524119436740875,-0.5045167207717896,-0.03390708193182945,-0.10729867219924927,-0.6213911771774292,-0.12334153801202774,-0.09907609224319458,-0.44002974033355713,-0.14784477651119232,-0.09538520872592926,-0.291230171918869,-0.14069294929504395,-0.023514317348599434,-0.4939958155155182,-0.046871837228536606,-0.017538977786898613,-0.607025146484375,-0.1329430639743805,-0.02093750610947609,-0.4302339255809784,-0.12907575070858002,-0.0303536094725132,-0.2935825288295746,-0.09966962039470673,0.05687034875154495,-0.4644570052623749,-0.060893669724464417,0.07498034089803696,-0.6391640901565552,-0.11806397140026093,0.08356122672557831,-0.7547352910041809,-0.12698806822299957,0.08810179680585861,-0.8738282322883606,-0.11926572024822235
Love,Love_session_002,134,0.0,0.0,0.0,-0.13633161783218384,-0.07597152143716812,-0.025950277224183083,-0.25706782937049866,-0.26899731159210205,-0.03363465890288353,-0.3264375925064087,-0.4244886338710785,-0.04468497633934021,-0.38688740134239197,-0.5177373886108398,-0.05437919497489929,-0.18609534204006195,-0.49927887320518494,-0.021737506613135338,-0.20789824426174164,-0.7338706254959106,-0.05436445027589798,-0.21703384816646576,-0.8728923201560974,-0.06927903741598129,-0.22523373365402222,-1.0,-0.08043106645345688,-0.10579491406679153,-0.5098363161087036,-0.031592223793268204,-0.1101832315325737,-0.6216815114021301,-0.11860109865665436,-0.10344875603914261,-0.4427953362464905,-0.1429326981306076,-0.10008084028959274,-0.29619100689888,-0.1363302320241928,-0.024177219718694687,-0.4983294606208801,-0.04480446130037308,-0.020538290962576866,-0.6063829660415649,-0.12900851666927338,-0.025917885825037956,-0.4294124245643616,-0.12548571825027466,-0.03595970943570137,-0.2930067181587219,-0.09693017601966858,0.05682726576924324,-0.467957466840744,-0.0588560625910759,0.07349033653736115,-0.6429886817932129,-0.11480361968278885,0.08095645904541016,-0.7594937682151794,-0.1236049234867096,0.085255466401577,-0.8784393668174744,-0.11617141962051392
Love,Love_session_002,135,0.0,0.0,0.0,-0.13814067840576172,-0.07517649978399277,-0.025078432634472847,-0.25952643156051636,-0.2662305235862732,-0.03211658447980881,-0.32905468344688416,-0.42197826504707336,-0.042682942003011703,-0.38789495825767517,-0.5169699788093567,-0.051724404096603394,-0.18671689927577972,-0.49446901679039,-0.02018151804804802,-0.20901665091514587,-0.7310341596603394,-0.05312589928507805,-0.21870280802249908,-0.8717689514160156,-0.06800362467765808,-0.22661054134368896,-1.0,-0.07885222136974335,-0.10615457594394684,-0.5046372413635254,-0.030582603067159653,-0.11339668184518814,-0.6239807605743408,-0.1177598088979721,-0.10647005587816238,-0.44650885462760925,-0.1410837322473526,-0.10157962888479233,-0.29830554127693176,-0.1332796812057495,-0.024486811831593513,-0.49319490790367126,-0.04440612718462944,-0.023960236459970474,-0.6034344434738159,-0.12816406786441803,-0.027427615597844124,-0.42710283398628235,-0.12279680371284485,-0.0347888246178627,-0.2903933525085449,-0.09263952821493149,0.05669485405087471,-0.4630255699157715,-0.05917555093765259,0.07466793805360794,-0.6405933499336243,-0.11394989490509033,0.08013490587472916,-0.7575532793998718,-0.12116983532905579,0.0809219628572464,-0.8761081099510193,-0.11263890564441681
Love,Love_session_002,136,0.0,0.0,0.0,-0.13900677859783173,-0.07586143165826797,-0.02510235272347927,-0.25881630182266235,-0.26530370116233826,-0.033153750002384186,-0.32804274559020996,-0.4209704101085663,-0.044931553304195404,-0.3879391551017761,-0.5155618190765381,-0.05547672137618065,-0.18657554686069489,-0.4933479130268097,-0.020697584375739098,-0.20847326517105103,-0.7305222749710083,-0.05442406237125397,-0.21819853782653809,-0.8712283372879028,-0.07026936113834381,-0.22683149576187134,-1.0,-0.08186721801757812,-0.1064237654209137,-0.5027419924736023,-0.03165567293763161,-0.11254873871803284,-0.6216078400611877,-0.11988597363233566,-0.10466955602169037,-0.443193644285202,-0.14425568282604218,-0.09938439726829529,-0.2952909469604492,-0.13711869716644287,-0.024762680754065514,-0.49095994234085083,-0.045984722673892975,-0.02261555939912796,-0.6009265184402466,-0.12994462251663208,-0.027086736634373665,-0.4249572157859802,-0.1248406395316124,-0.03606618940830231,-0.28811153769493103,-0.09498465806245804,0.056554049253463745,-0.46047666668891907,-0.0613190121948719,0.07364264130592346,-0.637965738773346,-0.11572222411632538,0.0782499685883522,-0.7554939389228821,-0.12242162227630615,0.07853217422962189,-0.8739178776741028,-0.11356745660305023
Love,Love_session_002,137,0.0,0.0,0.0,-0.13965463638305664,-0.07494090497493744,-0.02360106073319912,-0.2605572044849396,-0.26630139350891113,-0.030192604288458824,-0.32847899198532104,-0.42578813433647156,-0.04070861637592316,-0.3883443772792816,-0.5168658494949341,-0.050043802708387375,-0.18967384099960327,-0.4943031370639801,-0.01820049062371254,-0.2124423384666443,-0.7320142984390259,-0.05088388919830322,-0.22277356684207916,-0.8722447752952576,-0.06570720672607422,-0.23257532715797424,-1.0,-0.0765000656247139,-0.10955795645713806,-0.5046877861022949,-0.029394380748271942,-0.11926480382680893,-0.6234607100486755,-0.11678454279899597,-0.10842026770114899,-0.4444037973880768,-0.14010268449783325,-0.10070370137691498,-0.2962546646595001,-0.13183866441249847,-0.02784038707613945,-0.4938804507255554,-0.043898824602365494,-0.029358481988310814,-0.6016726493835449,-0.12670011818408966,-0.031056644394993782,-0.42740949988365173,-0.1209106296300888,-0.0375300832092762,-0.2921442985534668,-0.0904688760638237,0.05388186126947403,-0.4650387763977051,-0.0593227781355381,0.0711904838681221,-0.6437026262283325,-0.11227378249168396,0.07390707731246948,-0.7614723443984985,-0.1182757169008255,0.07055966556072235,-0.8793829679489136,-0.1090395525097847
Love,Love_session_002,138,0.0,0.0,0.0,-0.14128632843494415,-0.07215946167707443,-0.024992739781737328,-0.26442021131515503,-0.26564714312553406,-0.032135143876075745,-0.3341071307659149,-0.42555150389671326,-0.043165262788534164,-0.39507824182510376,-0.5163644552230835,-0.052936285734176636,-0.19241373240947723,-0.4971911311149597,-0.017755262553691864,-0.21942108869552612,-0.7329753637313843,-0.050708070397377014,-0.23137643933296204,-0.8719855546951294,-0.0651693344116211,-0.241111159324646,-1.0,-0.07536190003156662,-0.11219415068626404,-0.5102624297142029,-0.028604332357645035,-0.12524454295635223,-0.6323308348655701,-0.11653131991624832,-0.11482519656419754,-0.45176857709884644,-0.1394677609205246,-0.1055302768945694,-0.301352322101593,-0.13028040528297424,-0.030392620712518692,-0.500886082649231,-0.043022193014621735,-0.03462217375636101,-0.6099060773849487,-0.12687921524047852,-0.03505782410502434,-0.43255937099456787,-0.12083683162927628,-0.039118442684412,-0.29456111788749695,-0.08949168771505356,0.052170801907777786,-0.47287967801094055,-0.05840550363063812,0.06655080616474152,-0.6522960662841797,-0.11100681871175766,0.06724429875612259,-0.7680422067642212,-0.11613823473453522,0.061853669583797455,-0.8836055994033813,-0.10613003373146057
Love,Love_session_002,139,0.0,0.0,0.0,-0.141275554895401,-0.0697772279381752,-0.025000324472784996,-0.26594796776771545,-0.26278650760650635,-0.031766001135110855,-0.3357190787792206,-0.4218471348285675,-0.04210994020104408,-0.39623308181762695,-0.5131177306175232,-0.0510813407599926,-0.19526836276054382,-0.4969691336154938,-0.018280718475580215,-0.2218463271856308,-0.7326146364212036,-0.050168752670288086,-0.2335280478000641,-0.8719035387039185,-0.06374834477901459,-0.24313277006149292,-1.0,-0.0734267383813858,-0.11471672356128693,-0.5111668109893799,-0.028398744761943817,-0.12679873406887054,-0.6306520700454712,-0.11448097974061966,-0.11689236015081406,-0.45129773020744324,-0.13646170496940613,-0.1084478572010994,-0.3018256425857544,-0.12721487879753113,-0.03295829892158508,-0.5026832222938538,-0.042029496282339096,-0.03768342360854149,-0.6104844212532043,-0.12479742616415024,-0.03836720809340477,-0.43273478746414185,-0.11872074007987976,-0.0424947626888752,-0.29494521021842957,-0.08780688047409058,0.04909742996096611,-0.47543805837631226,-0.05653725564479828,0.06363797932863235,-0.6542644500732422,-0.10922118276357651,0.06469009071588516,-0.7700157165527344,-0.1150435358285904,0.0597313791513443,-0.8864089846611023,-0.10568168759346008
Love,Love_session_002,140,0.0,0.0,0.0,-0.14098551869392395,-0.07137387990951538,-0.023457929491996765,-0.2645675837993622,-0.2621557414531708,-0.029903223738074303,-0.3338784873485565,-0.4206061363220215,-0.040455643087625504,-0.3941684365272522,-0.5143365859985352,-0.049674469977617264,-0.19322362542152405,-0.49538499116897583,-0.016933955252170563,-0.21981416642665863,-0.7324053645133972,-0.049369823187589645,-0.23246628046035767,-0.8717095255851746,-0.06417249888181686,-0.2435549795627594,-1.0,-0.0749908834695816,-0.11327815055847168,-0.5077070593833923,-0.028256477788090706,-0.12491593509912491,-0.630541980266571,-0.11543016880750656,-0.11653900891542435,-0.4512532353401184,-0.13917972147464752,-0.10945393145084381,-0.3015193045139313,-0.1315350979566574,-0.0316610224545002,-0.4990593492984772,-0.04293327033519745,-0.03588606044650078,-0.6134765148162842,-0.12591178715229034,-0.03876611962914467,-0.4338923990726471,-0.11994848400354385,-0.04445626214146614,-0.29287099838256836,-0.08947203308343887,0.05091414600610733,-0.47230368852615356,-0.058532651513814926,0.06546647846698761,-0.6546041369438171,-0.11149448156356812,0.06559354811906815,-0.7740170955657959,-0.1174522116780281,0.06035635247826576,-0.8928677439689636,-0.10838190466165543
Love,Love_session_002,141,0.0,0.0,0.0,-0.14050854742527008,-0.06685678660869598,-0.023934345692396164,-0.26561400294303894,-0.2585934102535248,-0.03033311292529106,-0.33569279313087463,-0.4184526205062866,-0.040713969618082047,-0.39622050523757935,-0.5122997164726257,-0.049759216606616974,-0.1954730600118637,-0.49402153491973877,-0.01779792830348015,-0.22250652313232422,-0.732022225856781,-0.04995740205049515,-0.2350039780139923,-0.8720999360084534,-0.06406089663505554,-0.24591867625713348,-1.0,-0.07429146766662598,-0.11542845517396927,-0.5078083872795105,-0.028578875586390495,-0.1276632398366928,-0.628909170627594,-0.11519128084182739,-0.11871996521949768,-0.4489749073982239,-0.13752807676792145,-0.111472949385643,-0.2991110384464264,-0.1287943720817566,-0.03332865610718727,-0.5000607371330261,-0.04275526851415634,-0.03887980058789253,-0.6127158999443054,-0.12562382221221924,-0.03967375308275223,-0.4333570897579193,-0.11880490928888321,-0.04361004754900932,-0.2934563159942627,-0.08757138252258301,0.04992642253637314,-0.47408807277679443,-0.05785650759935379,0.06391016393899918,-0.655628502368927,-0.11107368022203445,0.0634927824139595,-0.7738029360771179,-0.11692536622285843,0.05757496878504753,-0.8916735649108887,-0.10757503658533096
Love,Love_session_002,142,0.0,0.0,0.0,-0.1404932141304016,-0.0644274652004242,-0.024155478924512863,-0.26607534289360046,-0.2573606073856354,-0.029985081404447556,-0.33559882640838623,-0.41810548305511475,-0.039551638066768646,-0.396575003862381,-0.5112094283103943,-0.047681841999292374,-0.19667162001132965,-0.49356019496917725,-0.01863020472228527,-0.22373923659324646,-0.7334752678871155,-0.05053969845175743,-0.23632057011127472,-0.8725579380989075,-0.06409420073032379,-0.24714432656764984,-1.0,-0.07414554804563522,-0.1167834922671318,-0.5071172714233398,-0.02925989031791687,-0.12968136370182037,-0.6276363134384155,-0.11627771705389023,-0.11896410584449768,-0.44667741656303406,-0.13856060802936554,-0.10984260588884354,-0.2986806631088257,-0.1298612356185913,-0.03494877368211746,-0.4993085265159607,-0.04331362247467041,-0.03877353295683861,-0.6143372058868408,-0.12657982110977173,-0.03972947224974632,-0.43597227334976196,-0.12020565569400787,-0.04446395859122276,-0.2975979745388031,-0.08949898928403854,0.047747280448675156,-0.47388505935668945,-0.05828142538666725,0.06144421175122261,-0.6548998355865479,-0.1126544401049614,0.06165345013141632,-0.7731508016586304,-0.11964930593967438,0.05654451996088028,-0.8924202919006348,-0.11110851168632507
Love,Love_session_002,143,0.0,0.0,0.0,-0.14067895710468292,-0.06311653554439545,-0.022904083132743835,-0.2674735486507416,-0.25680041313171387,-0.027656298130750656,-0.33736270666122437,-0.417098730802536,-0.03648404777050018,-0.39821451902389526,-0.5095931887626648,-0.044036395847797394,-0.1976090371608734,-0.49598225951194763,-0.016541199758648872,-0.2243606299161911,-0.7347792387008667,-0.04711385443806648,-0.23685109615325928,-0.8735608458518982,-0.05963634327054024,-0.24794110655784607,-1.0,-0.06907613575458527,-0.11673468351364136,-0.5100862383842468,-0.027625540271401405,-0.12863263487815857,-0.6298368573188782,-0.11361423879861832,-0.11914517730474472,-0.44830137491226196,-0.1356184333562851,-0.11200816184282303,-0.29932835698127747,-0.12691812217235565,-0.034108396619558334,-0.5021430850028992,-0.0420541986823082,-0.03834760561585426,-0.6140615344047546,-0.12554262578487396,-0.03990819305181503,-0.43331146240234375,-0.1197248175740242,-0.04560217633843422,-0.29361647367477417,-0.08930947631597519,0.04915298521518707,-0.4765785336494446,-0.05711724981665611,0.06333373486995697,-0.6581465005874634,-0.11184890568256378,0.06429105252027512,-0.7765054106712341,-0.11905044317245483,0.059332218021154404,-0.8959743976593018,-0.11064938455820084
Love,Love_session_002,144,0.0,0.0,0.0,-0.1399623304605484,-0.0663973018527031,-0.023726841434836388,-0.2655700743198395,-0.25941359996795654,-0.0290560033172369,-0.335857093334198,-0.4180532991886139,-0.038393646478652954,-0.3971215486526489,-0.5097641348838806,-0.046615611761808395,-0.19458642601966858,-0.493936151266098,-0.017028920352458954,-0.22176218032836914,-0.7314597368240356,-0.04852278530597687,-0.23434947431087494,-0.8713432550430298,-0.06204824149608612,-0.24490487575531006,-1.0,-0.07211465388536453,-0.11380181461572647,-0.5088480114936829,-0.028004039078950882,-0.12501996755599976,-0.6312543153762817,-0.11487752199172974,-0.11653213202953339,-0.4486793577671051,-0.1374061107635498,-0.10959170013666153,-0.2977748215198517,-0.12870720028877258,-0.03132288157939911,-0.5007814764976501,-0.042401961982250214,-0.03444956615567207,-0.6145842671394348,-0.12613143026828766,-0.03596984222531319,-0.43451955914497375,-0.12011348456144333,-0.04126419126987457,-0.29464253783226013,-0.08929697424173355,0.05174662172794342,-0.473886638879776,-0.05761740729212761,0.06616602092981339,-0.6569333076477051,-0.1121702641248703,0.06737984716892242,-0.7768702507019043,-0.11907446384429932,0.06330590695142746,-0.8968950510025024,-0.11038315296173096
Love,Love_session_002,145,0.0,0.0,0.0,-0.13985872268676758,-0.06720985472202301,-0.02361706830561161,-0.26557961106300354,-0.2612895369529724,-0.028206026181578636,-0.33687764406204224,-0.4192631244659424,-0.03693968802690506,-0.3974936008453369,-0.5106573104858398,-0.0446370504796505,-0.19285090267658234,-0.49207547307014465,-0.0157738346606493,-0.21981456875801086,-0.7288691997528076,-0.047615665942430496,-0.2328498214483261,-0.8704885244369507,-0.06169521436095238,-0.24393609166145325,-1.0,-0.07216052711009979,-0.11210709810256958,-0.5084018111228943,-0.026595380157232285,-0.12346797436475754,-0.6277499198913574,-0.11367794871330261,-0.11369410902261734,-0.4477302134037018,-0.1365087479352951,-0.105760857462883,-0.2979418933391571,-0.12784163653850555,-0.03001781553030014,-0.5017681121826172,-0.04092550277709961,-0.03368338569998741,-0.6120129823684692,-0.12455779314041138,-0.033473171293735504,-0.43573927879333496,-0.11877860128879547,-0.037181735038757324,-0.2975478172302246,-0.0879765972495079,0.05191217362880707,-0.47604668140411377,-0.05617138743400574,0.06615660339593887,-0.6561345458030701,-0.11059227585792542,0.06806358695030212,-0.7739301323890686,-0.11756949871778488,0.06499656289815903,-0.89129239320755,-0.10881991684436798
Love,Love_session_002,146,0.0,0.0,0.0,-0.14102895557880402,-0.06971126794815063,-0.024869276210665703,-0.26573285460472107,-0.2618095874786377,-0.030569054186344147,-0.337287575006485,-0.41982513666152954,-0.040246523916721344,-0.3980613052845001,-0.5131651759147644,-0.048878323286771774,-0.1951005756855011,-0.4893786609172821,-0.015856171026825905,-0.22149258852005005,-0.7260693907737732,-0.0485837385058403,-0.2335769087076187,-0.8690617084503174,-0.06472542881965637,-0.24465245008468628,-1.0,-0.07682996988296509,-0.11404243856668472,-0.5056372284889221,-0.02604370005428791,-0.1213928833603859,-0.6254737973213196,-0.11309705674648285,-0.11095166206359863,-0.44639718532562256,-0.13794542849063873,-0.10465987026691437,-0.2975451350212097,-0.13113006949424744,-0.03153090178966522,-0.49986326694488525,-0.03974468261003494,-0.03178190812468529,-0.6164705753326416,-0.12242723256349564,-0.0318138524889946,-0.44195806980133057,-0.11712761223316193,-0.03660412132740021,-0.3038178086280823,-0.08717121928930283,0.05034375190734863,-0.4736991822719574,-0.054609235376119614,0.0643627867102623,-0.6529729962348938,-0.10852739214897156,0.06751765310764313,-0.7726079821586609,-0.115570567548275,0.06760460883378983,-0.8920457363128662,-0.10695885866880417
Love,Love_session_002,147,0.0,0.0,0.0,-0.14159201085567474,-0.06720548868179321,-0.028280097991228104,-0.2684449851512909,-0.25857093930244446,-0.03529740497469902,-0.3404708206653595,-0.4185817539691925,-0.045798081904649734,-0.4018230140209198,-0.5130369067192078,-0.055083706974983215,-0.20077797770500183,-0.4880010485649109,-0.01793154887855053,-0.2281503677368164,-0.7243054509162903,-0.05224649980664253,-0.23903793096542358,-0.8679913282394409,-0.06929881125688553,-0.24820998311042786,-1.0,-0.08168032765388489,-0.11905783414840698,-0.5053194761276245,-0.02721964567899704,-0.12337514758110046,-0.6303654909133911,-0.1172383651137352,-0.11080195754766464,-0.4513683319091797,-0.1430363655090332,-0.10370194166898727,-0.3010329604148865,-0.13581199944019318,-0.03629371523857117,-0.5003077983856201,-0.040476493537425995,-0.03273977339267731,-0.6172463893890381,-0.12629616260528564,-0.030627036467194557,-0.4407177269458771,-0.12190990895032883,-0.03571518883109093,-0.3015212118625641,-0.09143573045730591,0.04559396952390671,-0.4748407006263733,-0.05510835349559784,0.05949902907013893,-0.6519687175750732,-0.11087505519390106,0.0641925185918808,-0.7705509066581726,-0.11844417452812195,0.06515450030565262,-0.8903886079788208,-0.10963629186153412
Love,Love_session_002,148,0.0,0.0,0.0,-0.14165186882019043,-0.06404582411050797,-0.03235133737325668,-0.27034294605255127,-0.25099509954452515,-0.042516790330410004,-0.34551000595092773,-0.4101197421550751,-0.05570325627923012,-0.40963420271873474,-0.5081478953361511,-0.06733182072639465,-0.2074124813079834,-0.4856533408164978,-0.022201422601938248,-0.2351609468460083,-0.7237561345100403,-0.057969555258750916,-0.2451498657464981,-0.8668228983879089,-0.07593943923711777,-0.25376448035240173,-1.0,-0.0889810174703598,-0.1249881312251091,-0.5045164227485657,-0.03101361356675625,-0.12487069517374039,-0.6327699422836304,-0.12331646680831909,-0.10951121896505356,-0.45302537083625793,-0.15098977088928223,-0.10248725116252899,-0.3029254972934723,-0.14486074447631836,-0.041087232530117035,-0.5006735324859619,-0.04396115988492966,-0.03277599439024925,-0.6200915575027466,-0.13235481083393097,-0.028514878824353218,-0.44222506880760193,-0.12916375696659088,-0.035065338015556335,-0.3028765618801117,-0.09914512187242508,0.041399676352739334,-0.47618865966796875,-0.05846475437283516,0.05505206435918808,-0.6543806195259094,-0.11552579700946808,0.061695490032434464,-0.773921012878418,-0.12304099649190903,0.0639929249882698,-0.8961135745048523,-0.11396072804927826
Love,Love_session_002,149,0.0,0.0,0.0,-0.14232563972473145,-0.05871224030852318,-0.03390883654356003,-0.273118793964386,-0.2420767992734909,-0.045011382550001144,-0.35109204053878784,-0.398463636636734,-0.05937506631016731,-0.4194169044494629,-0.49251654744148254,-0.07231403142213821,-0.21483276784420013,-0.4849760830402374,-0.023835651576519012,-0.24239841103553772,-0.7233611345291138,-0.06083936244249344,-0.25274327397346497,-0.8655747771263123,-0.07904345542192459,-0.26205965876579285,-1.0,-0.09191793203353882,-0.13048632442951202,-0.5065456032752991,-0.03216199576854706,-0.125082328915596,-0.6296821236610413,-0.12604625523090363,-0.10564146935939789,-0.44172903895378113,-0.1539423167705536,-0.09829964488744736,-0.29062822461128235,-0.14757399260997772,-0.04569071903824806,-0.5060135722160339,-0.044838469475507736,-0.032703131437301636,-0.6214706897735596,-0.13650961220264435,-0.02503211610019207,-0.4370041787624359,-0.1341128945350647,-0.031409524381160736,-0.29713839292526245,-0.10367946326732635,0.037448156625032425,-0.4849095940589905,-0.05893351137638092,0.05171937122941017,-0.6664916276931763,-0.11785183846950531,0.0614360049366951,-0.7835701704025269,-0.12528717517852783,0.06638944894075394,-0.9045665860176086,-0.11548257619142532
Love,Love_session_002,150,0.0,0.0,0.0,-0.14356347918510437,-0.058651152998209,-0.03711194545030594,-0.2771625518798828,-0.24134650826454163,-0.049800578504800797,-0.35832858085632324,-0.39609038829803467,-0.06552653014659882,-0.4281480610370636,-0.48893284797668457,-0.07968730479478836,-0.22145430743694305,-0.4805477261543274,-0.02590658701956272,-0.25435400009155273,-0.7205573320388794,-0.0649605244398117,-0.26617586612701416,-0.8631784319877625,-0.0842183530330658,-0.27681276202201843,-1.0,-0.09727165848016739,-0.13771973550319672,-0.5072721242904663,-0.03292375057935715,-0.1262112557888031,-0.6298883557319641,-0.12866021692752838,-0.10456275939941406,-0.4413536787033081,-0.15765395760536194,-0.0984257236123085,-0.2903655767440796,-0.1516295075416565,-0.053330402821302414,-0.5111799836158752,-0.04462650045752525,-0.034187089651823044,-0.6271440386772156,-0.13901707530021667,-0.023921748623251915,-0.44004175066947937,-0.13809046149253845,-0.030803661793470383,-0.2980120778083801,-0.10766826570034027,0.03069041296839714,-0.4937440752983093,-0.05784235894680023,0.0421910434961319,-0.6759713292121887,-0.11762359738349915,0.053408049046993256,-0.7922602295875549,-0.12483810633420944,0.060415077954530716,-0.9103907942771912,-0.1142624244093895
Love,Love_session_002,151,0.0,0.0,0.0,-0.14512085914611816,-0.05468755587935448,-0.03778466954827309,-0.2817654609680176,-0.2335621863603592,-0.05155987665057182,-0.3650144040584564,-0.390858918428421,-0.06876634061336517,-0.43710798025131226,-0.485657274723053,-0.08455263823270798,-0.2290617674589157,-0.47989949584007263,-0.02698315680027008,-0.2649562656879425,-0.7193835973739624,-0.06781534850597382,-0.27675551176071167,-0.8614851832389832,-0.08885619044303894,-0.2869448959827423,-1.0,-0.10316065698862076,-0.14454391598701477,-0.5092530846595764,-0.03456776216626167,-0.13053373992443085,-0.6312952041625977,-0.1334780752658844,-0.10851489007472992,-0.43805891275405884,-0.16420340538024902,-0.10293833166360855,-0.28376516699790955,-0.15899446606636047,-0.05954897776246071,-0.5150435566902161,-0.04699152708053589,-0.038374923169612885,-0.6330958008766174,-0.14454935491085052,-0.02823403850197792,-0.44181618094444275,-0.14471696317195892,-0.0356241874396801,-0.2948232889175415,-0.11433354765176773,0.024531759321689606,-0.49802836775779724,-0.060929227620363235,0.03682107850909233,-0.6829637289047241,-0.12340739369392395,0.04882507398724556,-0.7991035580635071,-0.1315511167049408,0.05656507611274719,-0.916456937789917,-0.12097528576850891
Love,Love_session_002,152,0.0,0.0,0.0,-0.14632855355739594,-0.054199788719415665,-0.03850555792450905,-0.2837982177734375,-0.22631236910820007,-0.05299917235970497,-0.3689473271369934,-0.37993180751800537,-0.07067393511533737,-0.441305547952652,-0.4785928726196289,-0.08670924603939056,-0.233139768242836,-0.4743061661720276,-0.028980033472180367,-0.27166837453842163,-0.7164328098297119,-0.07027469575405121,-0.28454089164733887,-0.8609065413475037,-0.0911773294210434,-0.29525843262672424,-1.0,-0.1051245704293251,-0.149163156747818,-0.50458163022995,-0.03631242364645004,-0.13315235078334808,-0.6351103782653809,-0.13610534369945526,-0.1095898300409317,-0.4433317482471466,-0.1665400266647339,-0.1041933000087738,-0.28727343678474426,-0.1610032171010971,-0.06435608863830566,-0.5129616856575012,-0.04858066886663437,-0.04201280325651169,-0.6371212601661682,-0.14718815684318542,-0.03029889240860939,-0.4492195248603821,-0.14796100556850433,-0.03714486584067345,-0.30233073234558105,-0.11788997799158096,0.01945807784795761,-0.49962180852890015,-0.06235043331980705,0.03075646050274372,-0.6883768439292908,-0.1261402666568756,0.043578777462244034,-0.806739091873169,-0.1352139115333557,0.0521952249109745,-0.9249486923217773,-0.12515974044799805
Love,Love_session_002,153,0.0,0.0,0.0,-0.1471834033727646,-0.049398064613342285,-0.039718255400657654,-0.2864801287651062,-0.2226049304008484,-0.05499875545501709,-0.372922420501709,-0.3786604702472687,-0.07344614714384079,-0.447427898645401,-0.478647381067276,-0.09008665382862091,-0.2357349842786789,-0.4779082238674164,-0.02802887186408043,-0.27509835362434387,-0.7179357409477234,-0.0696592777967453,-0.2886302173137665,-0.8619531393051147,-0.09088296443223953,-0.29949507117271423,-1.0,-0.10500232130289078,-0.15108297765254974,-0.5075464844703674,-0.0352134145796299,-0.13637889921665192,-0.6365131735801697,-0.13558991253376007,-0.11320200562477112,-0.443593829870224,-0.1666766256093979,-0.10746931284666061,-0.28591006994247437,-0.1614961177110672,-0.06586216390132904,-0.5148358941078186,-0.047630008310079575,-0.046153806149959564,-0.6374759674072266,-0.14750936627388,-0.0340520404279232,-0.4482123553752899,-0.14862409234046936,-0.03963295742869377,-0.30011412501335144,-0.1184665784239769,0.01880672760307789,-0.5004580020904541,-0.06157217174768448,0.028943566605448723,-0.6918193697929382,-0.12601670622825623,0.0398053303360939,-0.8121044635772705,-0.1351398527622223,0.04661635681986809,-0.932229220867157,-0.12501263618469238
Love,Love_session_002,154,0.0,0.0,0.0,-0.14665982127189636,-0.049709927290678024,-0.0395953468978405,-0.2868361473083496,-0.22443480789661407,-0.054235976189374924,-0.3739527463912964,-0.38214385509490967,-0.07203681021928787,-0.4485322833061218,-0.4798542857170105,-0.08815480768680573,-0.2364123910665512,-0.47488629817962646,-0.02950425073504448,-0.27524444460868835,-0.7165935635566711,-0.07102973014116287,-0.2882506251335144,-0.8604112863540649,-0.09114615619182587,-0.29885777831077576,-1.0,-0.10419955849647522,-0.15391474962234497,-0.5049259662628174,-0.03644236922264099,-0.1343194991350174,-0.6371536254882812,-0.13624566793441772,-0.10907873511314392,-0.44456586241722107,-0.16589953005313873,-0.10325881093740463,-0.28992071747779846,-0.15962819755077362,-0.07077726721763611,-0.5134287476539612,-0.048545628786087036,-0.0464179553091526,-0.6320887207984924,-0.14857152104377747,-0.032564133405685425,-0.44348499178886414,-0.14963364601135254,-0.03833445906639099,-0.2990358769893646,-0.11919189989566803,0.01257519330829382,-0.5008214116096497,-0.062081530690193176,0.02475566975772381,-0.6948517560958862,-0.1263618767261505,0.037459973245859146,-0.8155209422111511,-0.13513365387916565,0.04521577060222626,-0.9359577298164368,-0.12464874237775803
Love,Love_session_002,155,0.0,0.0,0.0,-0.14482302963733673,-0.04594457894563675,-0.0425838828086853,-0.28491348028182983,-0.2206939309835434,-0.05857555568218231,-0.37265467643737793,-0.3793194890022278,-0.07728100568056107,-0.44913557171821594,-0.47857344150543213,-0.09405381232500076,-0.23811377584934235,-0.47693368792533875,-0.03133181110024452,-0.27781885862350464,-0.7183671593666077,-0.07275707274675369,-0.29027020931243896,-0.8617211580276489,-0.09249366074800491,-0.30050376057624817,-1.0,-0.10523581504821777,-0.15518634021282196,-0.5068745613098145,-0.03715526685118675,-0.13610808551311493,-0.637428343296051,-0.13741590082645416,-0.11040723323822021,-0.4448852837085724,-0.16733063757419586,-0.10460574179887772,-0.29020336270332336,-0.16125190258026123,-0.07193505764007568,-0.5151658058166504,-0.048480428755283356,-0.04772720858454704,-0.6353946328163147,-0.14958269894123077,-0.032883644104003906,-0.4473656415939331,-0.15117409825325012,-0.03832007944583893,-0.30270227789878845,-0.12096048891544342,0.011576946824789047,-0.5031765103340149,-0.06142212823033333,0.0219599399715662,-0.6981253027915955,-0.12681138515472412,0.03499094769358635,-0.8195988535881042,-0.1362002044916153,0.042942989617586136,-0.9403936266899109,-0.125992089509964
Love,Love_session_002,156,0.0,0.0,0.0,-0.14496828615665436,-0.047082699835300446,-0.042815085500478745,-0.28430604934692383,-0.22165082395076752,-0.05903684347867966,-0.37124401330947876,-0.3806532025337219,-0.0780182033777237,-0.4475148618221283,-0.47667521238327026,-0.095206119120121,-0.23296460509300232,-0.47314900159835815,-0.033113993704319,-0.27270227670669556,-0.717593789100647,-0.07556896656751633,-0.28569698333740234,-0.8609881401062012,-0.09540486335754395,-0.29621025919914246,-1.0,-0.10792073607444763,-0.1496914178133011,-0.5027928948402405,-0.03899748623371124,-0.13172252476215363,-0.6390466690063477,-0.14065469801425934,-0.10532740503549576,-0.4486181139945984,-0.17044401168823242,-0.0981440469622612,-0.2945089638233185,-0.16369807720184326,-0.06697511672973633,-0.5115225315093994,-0.05025983229279518,-0.04383412376046181,-0.635032594203949,-0.15220294892787933,-0.0267347302287817,-0.449044406414032,-0.15309929847717285,-0.030167624354362488,-0.3057776391506195,-0.12188435345888138,0.015805236995220184,-0.5003322958946228,-0.06316912174224854,0.026683449745178223,-0.6956730484962463,-0.12843045592308044,0.040188077837228775,-0.8152655959129333,-0.1369733214378357,0.04822733998298645,-0.9346275329589844,-0.12593625485897064
Love,Love_session_002,157,0.0,0.0,0.0,-0.14624281227588654,-0.046981148421764374,-0.043860726058483124,-0.28541100025177,-0.21811847388744354,-0.0612112320959568,-0.37282365560531616,-0.3772233724594116,-0.0809699147939682,-0.44841307401657104,-0.4748160243034363,-0.09867434948682785,-0.23697640001773834,-0.4692854583263397,-0.03499412536621094,-0.27658626437187195,-0.7161293029785156,-0.07757752388715744,-0.2890998423099518,-0.8604785203933716,-0.09693042188882828,-0.2990681827068329,-1.0,-0.10893290489912033,-0.15486516058444977,-0.501636266708374,-0.03978012502193451,-0.13491858541965485,-0.6324380040168762,-0.13973072171211243,-0.10766084492206573,-0.4400089383125305,-0.16746248304843903,-0.10053930431604385,-0.28866174817085266,-0.1598110944032669,-0.07212045043706894,-0.5125988125801086,-0.05012861639261246,-0.04675859957933426,-0.629493236541748,-0.15069298446178436,-0.02974364347755909,-0.44181299209594727,-0.15010909736156464,-0.033698249608278275,-0.3006715178489685,-0.1183212473988533,0.0111160883679986,-0.5032888054847717,-0.06228131055831909,0.023495616391301155,-0.6974474191665649,-0.12677259743213654,0.03750339150428772,-0.8148573637008667,-0.13458110392093658,0.045392222702503204,-0.9330154657363892,-0.12311434745788574
Love,Love_session_002,158,0.0,0.0,0.0,-0.14632660150527954,-0.04738714545965195,-0.04171580821275711,-0.28558385372161865,-0.22313247621059418,-0.0564940981566906,-0.3732512593269348,-0.381502240896225,-0.07417643815279007,-0.4483028054237366,-0.4759618639945984,-0.08977754414081573,-0.23485025763511658,-0.4696652889251709,-0.02972744032740593,-0.2750355303287506,-0.7158953547477722,-0.07103089988231659,-0.2870818078517914,-0.8608011603355408,-0.08988609910011292,-0.2965185344219208,-1.0,-0.10174785554409027,-0.15184073150157928,-0.5017104148864746,-0.03498392179608345,-0.1340351104736328,-0.6345529556274414,-0.13476884365081787,-0.10409563779830933,-0.4445304274559021,-0.1631619781255722,-0.09466362744569778,-0.29049190878868103,-0.15578758716583252,-0.06842813640832901,-0.5121435523033142,-0.04571513086557388,-0.046762946993112564,-0.6309425830841064,-0.1456815004348755,-0.026486700400710106,-0.44601190090179443,-0.14535222947597504,-0.027249792590737343,-0.30393949151039124,-0.11356978118419647,0.014659079723060131,-0.5017141103744507,-0.05813485383987427,0.029069015756249428,-0.6960073709487915,-0.12257467210292816,0.04229484871029854,-0.8135429620742798,-0.13118211925029755,0.04823967441916466,-0.9310246109962463,-0.12015730142593384
Love,Love_session_002,159,0.0,0.0,0.0,-0.14478591084480286,-0.05123937129974365,-0.043516624718904495,-0.2818543612957001,-0.22394828498363495,-0.06000219285488129,-0.37056708335876465,-0.38095104694366455,-0.07864502817392349,-0.44520503282546997,-0.47895026206970215,-0.09482485800981522,-0.23178771138191223,-0.4671376943588257,-0.032932624220848083,-0.27044549584388733,-0.7160705924034119,-0.0746498703956604,-0.2829940915107727,-0.8614251613616943,-0.09349263459444046,-0.29346129298210144,-1.0,-0.10556219518184662,-0.1497146338224411,-0.4991322457790375,-0.03699222207069397,-0.13249564170837402,-0.630384624004364,-0.13660068809986115,-0.10335090756416321,-0.44230887293815613,-0.1643475741147995,-0.09367959201335907,-0.28998738527297974,-0.1569811850786209,-0.0668218806385994,-0.508894145488739,-0.04658835753798485,-0.04633236676454544,-0.6249425411224365,-0.14570891857147217,-0.02764294669032097,-0.4442797601222992,-0.14474457502365112,-0.028985023498535156,-0.30578210949897766,-0.11318078637123108,0.01564524881541729,-0.49845752120018005,-0.05807875841856003,0.03031500242650509,-0.6903077363967896,-0.12272246181964874,0.04335995391011238,-0.8065795302391052,-0.1316841095685959,0.048831384629011154,-0.9234207272529602,-0.12115342170000076
Love,Love_session_002,160,0.0,0.0,0.0,-0.14580652117729187,-0.05490712821483612,-0.04328444227576256,-0.2809281349182129,-0.2288975864648819,-0.060134533792734146,-0.36932483315467834,-0.38687750697135925,-0.07931327819824219,-0.4436139166355133,-0.48775655031204224,-0.09600362181663513,-0.22960183024406433,-0.47425588965415955,-0.031215455383062363,-0.26772746443748474,-0.7189217805862427,-0.07357588410377502,-0.2801975607872009,-0.8629639148712158,-0.09338054805994034,-0.2903071939945221,-1.0,-0.10598967969417572,-0.1477147787809372,-0.5052469968795776,-0.03559529781341553,-0.13191036880016327,-0.6312375068664551,-0.1350734978914261,-0.10461822152137756,-0.44272273778915405,-0.16349616646766663,-0.0958370789885521,-0.2911534905433655,-0.15658459067344666,-0.06448066979646683,-0.5131481885910034,-0.04564946889877319,-0.04525766894221306,-0.6237905621528625,-0.14474625885486603,-0.027508867904543877,-0.4443124532699585,-0.14413176476955414,-0.029048984870314598,-0.3074774742126465,-0.11272981762886047,0.01819143071770668,-0.5003823637962341,-0.057593267410993576,0.033330582082271576,-0.6914131045341492,-0.1222350001335144,0.045890696346759796,-0.805638313293457,-0.1309121549129486,0.050936125218868256,-0.9204942584037781,-0.11998770385980606
Love,Love_session_002,161,0.0,0.0,0.0,-0.14392097294330597,-0.06381622701883316,-0.03974507749080658,-0.2761514186859131,-0.24424248933792114,-0.053746700286865234,-0.3617812395095825,-0.4004415273666382,-0.07022619247436523,-0.4344289004802704,-0.49887749552726746,-0.08444373309612274,-0.22342592477798462,-0.4808137118816376,-0.026979368180036545,-0.2592892348766327,-0.7227942943572998,-0.06557115912437439,-0.2711750864982605,-0.864398181438446,-0.08322780579328537,-0.28101441264152527,-1.0,-0.09536577761173248,-0.1422220766544342,-0.5082862377166748,-0.03236043453216553,-0.1287596970796585,-0.6310311555862427,-0.127068430185318,-0.10348140448331833,-0.44159823656082153,-0.15402816236019135,-0.0954538881778717,-0.2943323254585266,-0.14739584922790527,-0.05898939445614815,-0.510448694229126,-0.04310018569231033,-0.04207637906074524,-0.619592010974884,-0.13813410699367523,-0.026940826326608658,-0.44074225425720215,-0.1369968205690384,-0.030018532648682594,-0.30851081013679504,-0.10681942850351334,0.02313373051583767,-0.4925520718097687,-0.055535346269607544,0.03833116963505745,-0.6838394403457642,-0.1187032088637352,0.05020797625184059,-0.7989169359207153,-0.1278853863477707,0.05517124757170677,-0.916733980178833,-0.11830936372280121
Love,Love_session_002,162,0.0,0.0,0.0,-0.14464432001113892,-0.06873230636119843,-0.03739545866847038,-0.27600523829460144,-0.25112101435661316,-0.05036858469247818,-0.3595545291900635,-0.40609315037727356,-0.06645912677049637,-0.4304659366607666,-0.5072121620178223,-0.08071616291999817,-0.2175513207912445,-0.48108920454978943,-0.02484108880162239,-0.2508293390274048,-0.7211588025093079,-0.06267058849334717,-0.2635689675807953,-0.8640725016593933,-0.08056430518627167,-0.2755010426044464,-1.0,-0.09298018366098404,-0.13453428447246552,-0.5068932175636292,-0.03150554001331329,-0.12621921300888062,-0.6303431987762451,-0.1270352005958557,-0.10455595701932907,-0.44240787625312805,-0.15563946962356567,-0.0978848934173584,-0.28807032108306885,-0.14964881539344788,-0.05010737478733063,-0.5086514949798584,-0.04302329570055008,-0.037822891026735306,-0.6233001351356506,-0.13741351664066315,-0.025286108255386353,-0.4438781142234802,-0.1366397589445114,-0.02902037836611271,-0.30468249320983887,-0.10645735263824463,0.03263213112950325,-0.4891481399536133,-0.05609147995710373,0.044993918389081955,-0.6761012673377991,-0.1176941767334938,0.05565963312983513,-0.7924936413764954,-0.1267167627811432,0.06003515422344208,-0.9098746180534363,-0.1173035129904747
Love,Love_session_002,163,0.0,0.0,0.0,-0.14301279187202454,-0.06544426083564758,-0.03720652312040329,-0.27396297454833984,-0.2490425407886505,-0.04973950237035751,-0.35435670614242554,-0.4063524901866913,-0.06510332226753235,-0.42276132106781006,-0.5079413056373596,-0.07831446081399918,-0.21528050303459167,-0.4855353534221649,-0.02567102387547493,-0.24661535024642944,-0.7242335081100464,-0.06313560903072357,-0.25877845287323,-0.8653668761253357,-0.08108626306056976,-0.26995614171028137,-1.0,-0.09395860135555267,-0.13219450414180756,-0.5104183554649353,-0.03224515542387962,-0.1259809136390686,-0.6251108646392822,-0.12603123486042023,-0.1068071648478508,-0.4376150965690613,-0.15376338362693787,-0.10016291588544846,-0.2885861098766327,-0.14797954261302948,-0.04761073365807533,-0.5105572938919067,-0.043680351227521896,-0.03533570468425751,-0.616919219493866,-0.13648968935012817,-0.02612432837486267,-0.4338831305503845,-0.13502110540866852,-0.03154188022017479,-0.2962508499622345,-0.10516974329948425,0.035720113664865494,-0.49023833870887756,-0.056787654757499695,0.047210708260536194,-0.6699162721633911,-0.11809643357992172,0.056841932237148285,-0.7821045517921448,-0.12711404263973236,0.06123980134725571,-0.8977769017219543,-0.11799053847789764
Love,Love_session_002,164,0.0,0.0,0.0,-0.14316344261169434,-0.0657561719417572,-0.03303134813904762,-0.27159276604652405,-0.24879688024520874,-0.043714169412851334,-0.34883880615234375,-0.4053577184677124,-0.05789412185549736,-0.41426369547843933,-0.5087531805038452,-0.07020411640405655,-0.21085037291049957,-0.4869990944862366,-0.021031545475125313,-0.2411927878856659,-0.7254852652549744,-0.05766841769218445,-0.25386521220207214,-0.8675453662872314,-0.07516081631183624,-0.26488423347473145,-1.0,-0.08740326017141342,-0.12798011302947998,-0.5077512860298157,-0.02948654070496559,-0.12820430099964142,-0.6209930777549744,-0.12362505495548248,-0.1094929426908493,-0.4349890351295471,-0.15173333883285522,-0.0995485931634903,-0.28521591424942017,-0.14532895386219025,-0.04347848892211914,-0.5044476985931396,-0.04245351254940033,-0.03511154651641846,-0.6103265881538391,-0.13393966853618622,-0.0278010293841362,-0.4317024350166321,-0.1321856528520584,-0.031804315745830536,-0.295638769865036,-0.10198789834976196,0.039977140724658966,-0.48108330368995667,-0.05681382492184639,0.051359329372644424,-0.6607750654220581,-0.11603301018476486,0.058792777359485626,-0.7754665017127991,-0.12393099814653397,0.062459368258714676,-0.892723560333252,-0.11403927206993103
Love,Love_session_002,165,0.0,0.0,0.0,-0.1413310468196869,-0.06143105402588844,-0.037014082074165344,-0.26973357796669006,-0.24461837112903595,-0.05032562464475632,-0.3456141948699951,-0.40334099531173706,-0.06626155972480774,-0.4099991023540497,-0.5091102123260498,-0.079935222864151,-0.2089712917804718,-0.4833988547325134,-0.02741464041173458,-0.24043110013008118,-0.7240670323371887,-0.06638877838850021,-0.25313955545425415,-0.8657916188240051,-0.08432327955961227,-0.2644709646701813,-1.0,-0.0966629907488823,-0.1274433434009552,-0.5037340521812439,-0.03500301390886307,-0.13286924362182617,-0.6257860064506531,-0.1305287629365921,-0.11352353543043137,-0.4411919414997101,-0.1565384715795517,-0.10273411124944687,-0.29189014434814453,-0.1481766253709793,-0.04375283792614937,-0.4992910325527191,-0.047536738216876984,-0.040702298283576965,-0.6061351895332336,-0.1403525024652481,-0.030371619388461113,-0.4219106137752533,-0.1355668604373932,-0.03270144760608673,-0.2841492295265198,-0.1026173010468483,0.04066639393568039,-0.47592854499816895,-0.061955928802490234,0.05180102959275246,-0.6566035151481628,-0.12144572287797928,0.05614034831523895,-0.7713450193405151,-0.12819163501262665,0.053165629506111145,-0.8901878595352173,-0.11756329238414764
Love,Love_session_002,166,0.0,0.0,0.0,-0.1436307281255722,-0.06399258971214294,-0.03522966429591179,-0.271887868642807,-0.24784527719020844,-0.04703967273235321,-0.34800246357917786,-0.4074096381664276,-0.06225394830107689,-0.4115762412548065,-0.5125720500946045,-0.07539422810077667,-0.2132735550403595,-0.48551440238952637,-0.020491383969783783,-0.24465158581733704,-0.7250489592552185,-0.05792294815182686,-0.2567427158355713,-0.8671096563339233,-0.0751858502626419,-0.2678597569465637,-1.0,-0.08650630712509155,-0.1327582150697708,-0.5066392421722412,-0.02832150273025036,-0.13932783901691437,-0.6266794204711914,-0.12221439927816391,-0.11984198540449142,-0.44628146290779114,-0.14899349212646484,-0.10840482264757156,-0.29735106229782104,-0.14076967537403107,-0.05001213774085045,-0.5044116973876953,-0.04119358956813812,-0.04892223700881004,-0.605177104473114,-0.13279087841510773,-0.03849161043763161,-0.42483288049697876,-0.13002341985702515,-0.03980434313416481,-0.28729745745658875,-0.09803479164838791,0.03400130569934845,-0.48321521282196045,-0.05577372387051582,0.04274316877126694,-0.6621800661087036,-0.112626813352108,0.04449520260095596,-0.7754902243614197,-0.118641197681427,0.03961314260959625,-0.889620304107666,-0.10749322921037674
Love,Love_session_002,167,0.0,0.0,0.0,-0.14337778091430664,-0.06837022304534912,-0.032638389617204666,-0.2712487280368805,-0.2528499364852905,-0.042679741978645325,-0.34836798906326294,-0.4103256165981293,-0.05629517883062363,-0.4128911793231964,-0.5091317892074585,-0.06824559718370438,-0.21275880932807922,-0.48719078302383423,-0.018739502876996994,-0.24250037968158722,-0.7270452976226807,-0.05463864281773567,-0.25512003898620605,-0.8674421310424805,-0.07053277641534805,-0.2672266960144043,-1.0,-0.08121692389249802,-0.13197049498558044,-0.5065674185752869,-0.026964450255036354,-0.1394829899072647,-0.6320951581001282,-0.11994277685880661,-0.12047950178384781,-0.4506356716156006,-0.14626549184322357,-0.10916709899902344,-0.3014463782310486,-0.1378363072872162,-0.04945142939686775,-0.5035374164581299,-0.03973708301782608,-0.049217306077480316,-0.6102194786071777,-0.13045038282871246,-0.039780084043741226,-0.43056944012641907,-0.12767024338245392,-0.04158634692430496,-0.29282158613204956,-0.09593940526247025,0.03383632376790047,-0.482113778591156,-0.05380730703473091,0.04282388091087341,-0.6607739925384521,-0.11065869778394699,0.0427427738904953,-0.7739905118942261,-0.11717835068702698,0.035219088196754456,-0.8886678814888,-0.10651350766420364
Love,Love_session_002,168,0.0,0.0,0.0,-0.14357584714889526,-0.0635838657617569,-0.03174420818686485,-0.27308139204978943,-0.24872024357318878,-0.04045664891600609,-0.3489364683628082,-0.40655606985092163,-0.052320804446935654,-0.41200488805770874,-0.5050849914550781,-0.06225799024105072,-0.2129206657409668,-0.49138525128364563,-0.018619852140545845,-0.24198317527770996,-0.7319157719612122,-0.05196865648031235,-0.2542995512485504,-0.8707184791564941,-0.06561136990785599,-0.26632386445999146,-1.0,-0.07482659816741943,-0.13167718052864075,-0.5096679329872131,-0.0262017659842968,-0.14255937933921814,-0.6345460414886475,-0.1160106286406517,-0.12608884274959564,-0.45421555638313293,-0.1402064561843872,-0.11555269360542297,-0.30621978640556335,-0.1309412270784378,-0.04943248629570007,-0.505677342414856,-0.03810976445674896,-0.05422836169600487,-0.6093582510948181,-0.1264691799879074,-0.04607519134879112,-0.4275516867637634,-0.12277184426784515,-0.04763239994645119,-0.29003870487213135,-0.09107880294322968,0.03361450135707855,-0.4840526580810547,-0.05116976052522659,0.04088971018791199,-0.6619224548339844,-0.10710189491510391,0.03947300463914871,-0.7735505700111389,-0.11353440582752228,0.030685950070619583,-0.8881039023399353,-0.10316630452871323
Love,Love_session_002,169,0.0,0.0,0.0,-0.14277006685733795,-0.06335647404193878,-0.030689770355820656,-0.27273961901664734,-0.25304684042930603,-0.037614066153764725,-0.3467191755771637,-0.410698264837265,-0.04743637144565582,-0.40855738520622253,-0.5072465538978577,-0.05524023622274399,-0.21217453479766846,-0.4979461431503296,-0.016432367265224457,-0.24222637712955475,-0.7337027192115784,-0.04899365082383156,-0.2548656761646271,-0.8719581365585327,-0.06268788874149323,-0.2655782997608185,-1.0,-0.07223041355609894,-0.13120552897453308,-0.5165969133377075,-0.023904357105493546,-0.14441703259944916,-0.6411523222923279,-0.11140771210193634,-0.13058091700077057,-0.46254903078079224,-0.13528136909008026,-0.12021581828594208,-0.31702351570129395,-0.1266358345746994,-0.04892224073410034,-0.5119053721427917,-0.03583206236362457,-0.05559364706277847,-0.6138679385185242,-0.12212596833705902,-0.05172688886523247,-0.4308241009712219,-0.11850228160619736,-0.05490056797862053,-0.294114887714386,-0.08784189075231552,0.03471006453037262,-0.48960328102111816,-0.04891902953386307,0.04053279012441635,-0.6672671437263489,-0.10467163473367691,0.03657367452979088,-0.7797600626945496,-0.11202617734670639,0.026296118274331093,-0.8947691321372986,-0.10286203771829605
Love,Love_session_002,170,0.0,0.0,0.0,-0.1432705670595169,-0.06632959097623825,-0.027220889925956726,-0.27173855900764465,-0.2546660900115967,-0.032637059688568115,-0.3445991277694702,-0.41229987144470215,-0.041581738740205765,-0.4063239097595215,-0.5047632455825806,-0.04871969670057297,-0.20858117938041687,-0.4988648593425751,-0.01304984837770462,-0.2375037968158722,-0.7345468401908875,-0.04504650831222534,-0.2501525580883026,-0.8728028535842896,-0.05893860012292862,-0.2612740397453308,-1.0,-0.0684862807393074,-0.12736961245536804,-0.5144535303115845,-0.021554868668317795,-0.1407710313796997,-0.6411277055740356,-0.10922212898731232,-0.1278027594089508,-0.4626622200012207,-0.13377854228019714,-0.11835340410470963,-0.31493693590164185,-0.12546265125274658,-0.04525087773799896,-0.5101038217544556,-0.034098654985427856,-0.05214972421526909,-0.6191613674163818,-0.12027062475681305,-0.04847587272524834,-0.4331698715686798,-0.11658696830272675,-0.05110756307840347,-0.2919074594974518,-0.08564773947000504,0.03769083321094513,-0.48863163590431213,-0.04747707396745682,0.04502423107624054,-0.6670336723327637,-0.10280238837003708,0.04149644076824188,-0.7811064124107361,-0.11005161702632904,0.031615760177373886,-0.8985963463783264,-0.1007557064294815
Love,Love_session_002,171,0.0,0.0,0.0,-0.14337699115276337,-0.06257014721632004,-0.024722466245293617,-0.272215873003006,-0.25105082988739014,-0.028151974081993103,-0.3439633846282959,-0.4086470901966095,-0.034935981035232544,-0.40360400080680847,-0.5031625628471375,-0.039872340857982635,-0.2060393989086151,-0.4958951473236084,-0.013088163919746876,-0.23478549718856812,-0.7329775094985962,-0.04440734162926674,-0.24880272150039673,-0.8727340698242188,-0.058172211050987244,-0.260698139667511,-1.0,-0.06794086843729019,-0.1257520169019699,-0.511121928691864,-0.021877503022551537,-0.14217467606067657,-0.6385728120803833,-0.10811667889356613,-0.12997794151306152,-0.45706161856651306,-0.1313280165195465,-0.1196083277463913,-0.3080855906009674,-0.12258195877075195,-0.04354002699255943,-0.5073113441467285,-0.034340765327215195,-0.05214454233646393,-0.6232928037643433,-0.11825934052467346,-0.050079118460416794,-0.4361731708049774,-0.11295660585165024,-0.05263360217213631,-0.29399949312210083,-0.0818699449300766,0.04001991078257561,-0.4867197871208191,-0.04755071550607681,0.04614829272031784,-0.6643524765968323,-0.10265427082777023,0.04232542961835861,-0.7787553668022156,-0.11017881333827972,0.03339279443025589,-0.8982279300689697,-0.10138523578643799
Love,Love_session_002,172,0.0,0.0,0.0,-0.14274655282497406,-0.060081519186496735,-0.0238618366420269,-0.2707850933074951,-0.2501717507839203,-0.026665756478905678,-0.34001415967941284,-0.40966299176216125,-0.03309424966573715,-0.3988787829875946,-0.5047979950904846,-0.03771734610199928,-0.20372721552848816,-0.4994494318962097,-0.011665847152471542,-0.23212777078151703,-0.7360221743583679,-0.04163742810487747,-0.24559181928634644,-0.8744824528694153,-0.05410746484994888,-0.25700750946998596,-1.0,-0.06309105455875397,-0.12319740653038025,-0.5135827660560608,-0.02091931737959385,-0.14048810303211212,-0.6381744146347046,-0.10576742142438889,-0.12992629408836365,-0.45630529522895813,-0.12795165181159973,-0.12038140743970871,-0.3079584538936615,-0.11884873360395432,-0.040918201208114624,-0.508251965045929,-0.03392188623547554,-0.05094084516167641,-0.6226752996444702,-0.11765040457248688,-0.05017422139644623,-0.434082567691803,-0.11236322671175003,-0.052913859486579895,-0.29240280389785767,-0.08144981414079666,0.042910002171993256,-0.4863128364086151,-0.04755892977118492,0.048779960721731186,-0.6637987494468689,-0.10317952930927277,0.0446208119392395,-0.7784148454666138,-0.11119519174098969,0.035961925983428955,-0.898343026638031,-0.1028234213590622
Love,Love_session_002,173,0.0,0.0,0.0,-0.14187006652355194,-0.060643166303634644,-0.022436609491705894,-0.2693704068660736,-0.2528325319290161,-0.024124519899487495,-0.33846035599708557,-0.41078242659568787,-0.029608987271785736,-0.39689451456069946,-0.5071814656257629,-0.03335071727633476,-0.20084315538406372,-0.49937543272972107,-0.010797682218253613,-0.230031356215477,-0.7352168560028076,-0.04031221196055412,-0.2441970854997635,-0.8741452693939209,-0.05259240046143532,-0.2559928596019745,-1.0,-0.06154680997133255,-0.1219644621014595,-0.5139462947845459,-0.02033059671521187,-0.13985055685043335,-0.6368598937988281,-0.10423066467046738,-0.13067536056041718,-0.45634958148002625,-0.1260852962732315,-0.12196727842092514,-0.3086358606815338,-0.11708081513643265,-0.04055028036236763,-0.5083872675895691,-0.033504635095596313,-0.05090330168604851,-0.6242401003837585,-0.11632421612739563,-0.05136497691273689,-0.4377366900444031,-0.11141924560070038,-0.054710373282432556,-0.29657232761383057,-0.08114122599363327,0.042805757373571396,-0.48646780848503113,-0.04720666632056236,0.047876354306936264,-0.6631560921669006,-0.10291998833417892,0.04244546964764595,-0.7767460346221924,-0.11171682178974152,0.033022038638591766,-0.895221471786499,-0.10400230437517166
Love,Love_session_002,174,0.0,0.0,0.0,-0.14259681105613708,-0.06544642150402069,-0.02069496177136898,-0.26714888215065,-0.258708655834198,-0.02154686488211155,-0.3341093063354492,-0.41715607047080994,-0.026639023795723915,-0.3907485902309418,-0.5127045512199402,-0.03025840036571026,-0.19437441229820251,-0.5017650723457336,-0.009190211072564125,-0.2227013260126114,-0.7363215088844299,-0.038742516189813614,-0.2365342080593109,-0.8752505779266357,-0.05100920423865318,-0.24825572967529297,-1.0,-0.05970008671283722,-0.1147223562002182,-0.5148661732673645,-0.01955411024391651,-0.13455353677272797,-0.637285053730011,-0.10415761917829514,-0.12719380855560303,-0.4573175013065338,-0.1262647956609726,-0.11977354437112808,-0.3076372444629669,-0.11706481873989105,-0.03348687291145325,-0.508463442325592,-0.03342655301094055,-0.04630585014820099,-0.6205660700798035,-0.11663935333490372,-0.04741985723376274,-0.4349590241909027,-0.11155171692371368,-0.05080245062708855,-0.2931486964225769,-0.08076590299606323,0.04891307279467583,-0.4856714606285095,-0.04769797623157501,0.05533255264163017,-0.6626037359237671,-0.10308585315942764,0.04993404820561409,-0.777699887752533,-0.11141446232795715,0.039461150765419006,-0.8966950178146362,-0.1033024862408638
Love,Love_session_002,175,0.0,0.0,0.0,-0.14096976816654205,-0.06343654543161392,-0.02082965150475502,-0.2664150297641754,-0.2589757442474365,-0.021787095814943314,-0.3336490988731384,-0.42024242877960205,-0.027090871706604958,-0.39013251662254333,-0.5163019299507141,-0.03090493753552437,-0.1910518854856491,-0.5028950572013855,-0.008989974856376648,-0.21813848614692688,-0.7371826767921448,-0.03788906708359718,-0.23165515065193176,-0.8762794733047485,-0.04960070177912712,-0.24341005086898804,-1.0,-0.05803142115473747,-0.11177219450473785,-0.5169891119003296,-0.019015075638890266,-0.13259141147136688,-0.6324999332427979,-0.10235363990068436,-0.12640385329723358,-0.45227572321891785,-0.12358885258436203,-0.11948467791080475,-0.30290529131889343,-0.11417354643344879,-0.030721290037035942,-0.5108497738838196,-0.03263724595308304,-0.046074897050857544,-0.6163105964660645,-0.1152263730764389,-0.04847356677055359,-0.4318763017654419,-0.11012912541627884,-0.0519377738237381,-0.29165521264076233,-0.0795343816280365,0.05198461562395096,-0.4887571632862091,-0.046627189964056015,0.05882436782121658,-0.6641395688056946,-0.1014101654291153,0.05258292704820633,-0.7773653268814087,-0.10962295532226562,0.04105259105563164,-0.8941198587417603,-0.10160636156797409
Love,Love_session_002,176,0.0,0.0,0.0,-0.1395799219608307,-0.06698785722255707,-0.02012646570801735,-0.2620072662830353,-0.2637556791305542,-0.022049393504858017,-0.32800862193107605,-0.42415058612823486,-0.028803270310163498,-0.3836009204387665,-0.5210546851158142,-0.03425739333033562,-0.18552201986312866,-0.5026885867118835,-0.0095513379201293,-0.21202459931373596,-0.7364532947540283,-0.03991839289665222,-0.22524218261241913,-0.8761711716651917,-0.052958354353904724,-0.23601843416690826,-1.0,-0.062143899500370026,-0.10742475092411041,-0.5156122446060181,-0.020527003332972527,-0.12973517179489136,-0.6317668557167053,-0.10521450638771057,-0.1251116693019867,-0.45460695028305054,-0.12722142040729523,-0.11735469102859497,-0.3064265251159668,-0.11813201010227203,-0.02693972736597061,-0.508219838142395,-0.035011183470487595,-0.04222649708390236,-0.6126982569694519,-0.11752445995807648,-0.04708358272910118,-0.4297715723514557,-0.11145927757024765,-0.05112694948911667,-0.2888838052749634,-0.08022400736808777,0.05499153956770897,-0.48384982347488403,-0.05001431703567505,0.06256832927465439,-0.6583690047264099,-0.10415536910295486,0.05602322891354561,-0.7719101309776306,-0.1110549345612526,0.04469243437051773,-0.8872132301330566,-0.10207860916852951
Love,Love_session_002,177,0.0,0.0,0.0,-0.14048674702644348,-0.06934478133916855,-0.018872596323490143,-0.2614665627479553,-0.2698231339454651,-0.019633185118436813,-0.3254089653491974,-0.4287691116333008,-0.02553541213274002,-0.38007527589797974,-0.5235370397567749,-0.030628018081188202,-0.17965920269489288,-0.5071529150009155,-0.008677537553012371,-0.20567746460437775,-0.7380350232124329,-0.03779183328151703,-0.2187013179063797,-0.8773476481437683,-0.04939477890729904,-0.22899003326892853,-1.0,-0.05733473226428032,-0.10039316117763519,-0.5194452404975891,-0.02010965719819069,-0.1220797449350357,-0.6295522451400757,-0.10399195551872253,-0.11938446760177612,-0.4492504596710205,-0.12540726363658905,-0.11284591257572174,-0.29847538471221924,-0.1154790148139,-0.019463282078504562,-0.5100324153900146,-0.03492863103747368,-0.03418359532952309,-0.6050193905830383,-0.11738061904907227,-0.0413316935300827,-0.4234127998352051,-0.11257591098546982,-0.0471687950193882,-0.2847316563129425,-0.0818478912115097,0.06288712471723557,-0.4846549332141876,-0.04996160417795181,0.07021043449640274,-0.6599552631378174,-0.10368696600198746,0.06359818577766418,-0.7732729315757751,-0.11068051308393478,0.05241638049483299,-0.8870220184326172,-0.10165464878082275
Love,Love_session_002,178,0.0,0.0,0.0,-0.13891275227069855,-0.06675999611616135,-0.020164577290415764,-0.2578969895839691,-0.26708605885505676,-0.02131837233901024,-0.3194086253643036,-0.42788127064704895,-0.027412688359618187,-0.3733290433883667,-0.5242587327957153,-0.03254566341638565,-0.17698141932487488,-0.5045240521430969,-0.009342584758996964,-0.2028222382068634,-0.7362145781517029,-0.03919724375009537,-0.2150256633758545,-0.8767447471618652,-0.05138382688164711,-0.2247483879327774,-1.0,-0.05977702513337135,-0.09859894961118698,-0.5158432722091675,-0.02049187384545803,-0.12430054694414139,-0.6287495493888855,-0.1044611781835556,-0.12244827300310135,-0.4498157501220703,-0.1254536509513855,-0.11535399407148361,-0.30083805322647095,-0.11531507968902588,-0.018430152907967567,-0.5046465992927551,-0.03532257676124573,-0.035973891615867615,-0.600986123085022,-0.11808297038078308,-0.04409162700176239,-0.4212481677532196,-0.1126362681388855,-0.04980514571070671,-0.28464826941490173,-0.08143157511949539,0.0632743239402771,-0.47806695103645325,-0.05061657354235649,0.06951317936182022,-0.651919424533844,-0.10483089834451675,0.06181570887565613,-0.7642175555229187,-0.11167754232883453,0.050118159502744675,-0.8773057460784912,-0.10248561948537827
Love,Love_session_002,179,0.0,0.0,0.0,-0.13824079930782318,-0.06910937279462814,-0.02045317366719246,-0.25536206364631653,-0.2717880308628082,-0.022487344220280647,-0.31583693623542786,-0.4345921277999878,-0.029609402641654015,-0.3688914477825165,-0.5329518914222717,-0.03562765568494797,-0.17542602121829987,-0.5040690898895264,-0.008884591981768608,-0.1993800699710846,-0.7375162243843079,-0.03877796605229378,-0.21057036519050598,-0.8763942122459412,-0.05066029354929924,-0.21965280175209045,-1.0,-0.058728285133838654,-0.09739554673433304,-0.5166444778442383,-0.019775114953517914,-0.12347438186407089,-0.6322508454322815,-0.10282445698976517,-0.12082090228796005,-0.45426586270332336,-0.12331469357013702,-0.11260536313056946,-0.30869609117507935,-0.11298912018537521,-0.017564881592988968,-0.5068027377128601,-0.034369952976703644,-0.035291481763124466,-0.6064542531967163,-0.11588495969772339,-0.04278312623500824,-0.42515748739242554,-0.10908295959234238,-0.047805070877075195,-0.2879181206226349,-0.07706530392169952,0.06422216445207596,-0.4805862009525299,-0.049561358988285065,0.07165491580963135,-0.6547554731369019,-0.10244205594062805,0.06441973149776459,-0.7664390206336975,-0.10811921954154968,0.05256424471735954,-0.8795650601387024,-0.0981169044971466
Love,Love_session_002,180,0.0,0.0,0.0,-0.13878627121448517,-0.07203224301338196,-0.01917189359664917,-0.2544909715652466,-0.2720113694667816,-0.02062065899372101,-0.31423941254615784,-0.4316137135028839,-0.027018096297979355,-0.366379052400589,-0.529597282409668,-0.03236091881990433,-0.17378824949264526,-0.5041866302490234,-0.010222287848591805,-0.19700214266777039,-0.7378507256507874,-0.039828214794397354,-0.20864015817642212,-0.876910924911499,-0.05116071552038193,-0.21782708168029785,-1.0,-0.058667805045843124,-0.09606192260980606,-0.5150572061538696,-0.02133910544216633,-0.12071866542100906,-0.6340903043746948,-0.10329558700323105,-0.12091486901044846,-0.4566938281059265,-0.12298839539289474,-0.114246666431427,-0.3109455406665802,-0.11253426969051361,-0.017054840922355652,-0.504562497138977,-0.03592391312122345,-0.03327694162726402,-0.6056843400001526,-0.11678123474121094,-0.04266105964779854,-0.42577746510505676,-0.11050476878881454,-0.04814060032367706,-0.29010817408561707,-0.07920172065496445,0.06338147819042206,-0.4786263704299927,-0.050910238176584244,0.07143080979585648,-0.6559378504753113,-0.10359695553779602,0.06448594480752945,-0.7679641246795654,-0.10978037863969803,0.05352272465825081,-0.8806338906288147,-0.10036937147378922
Love,Love_session_002,181,0.0,0.0,0.0,-0.13837389647960663,-0.07389026135206223,-0.016946323215961456,-0.2525466978549957,-0.2758308947086334,-0.01679287664592266,-0.3101544976234436,-0.4345373213291168,-0.021922070533037186,-0.36105477809906006,-0.5314030051231384,-0.025887301191687584,-0.1715819537639618,-0.5062052011489868,-0.006629894953221083,-0.19402006268501282,-0.7391198873519897,-0.03538243845105171,-0.20523568987846375,-0.8772342801094055,-0.046710703521966934,-0.21426509320735931,-1.0,-0.0544397346675396,-0.09380684047937393,-0.5148947834968567,-0.018398886546492577,-0.11834383010864258,-0.6333383321762085,-0.099458709359169,-0.11690812557935715,-0.4544607996940613,-0.11922461539506912,-0.10959900915622711,-0.309786319732666,-0.10901608318090439,-0.01456238143146038,-0.5031711459159851,-0.03350474312901497,-0.031210076063871384,-0.6063963770866394,-0.11310654133558273,-0.03994781896471977,-0.42495134472846985,-0.10619567334651947,-0.04485183581709862,-0.2887679934501648,-0.07477425783872604,0.06557083874940872,-0.47642236948013306,-0.04894500970840454,0.07515623420476913,-0.6521037817001343,-0.10115957260131836,0.0692395567893982,-0.7640423774719238,-0.10731511563062668,0.05938884615898132,-0.8778761029243469,-0.09796475619077682
Love,Love_session_002,182,0.0,0.0,0.0,-0.1378963589668274,-0.07610095292329788,-0.019298234954476357,-0.25105607509613037,-0.2760455012321472,-0.02081809751689434,-0.3087047040462494,-0.43679317831993103,-0.02728406712412834,-0.36025696992874146,-0.5360107421875,-0.032483216375112534,-0.17015808820724487,-0.5023800134658813,-0.009012753143906593,-0.19267870485782623,-0.736846387386322,-0.038880787789821625,-0.20393353700637817,-0.8756901025772095,-0.05131423473358154,-0.21293199062347412,-1.0,-0.05992782115936279,-0.09338927268981934,-0.5110663771629333,-0.019986793398857117,-0.11776428669691086,-0.6320716738700867,-0.10205959528684616,-0.11557351052761078,-0.4545876383781433,-0.12286276370286942,-0.10676243156194687,-0.31099534034729004,-0.11349904537200928,-0.014787792228162289,-0.49983131885528564,-0.03450309857726097,-0.02960554137825966,-0.6041098833084106,-0.1147070825099945,-0.03988920897245407,-0.4225751757621765,-0.10834544897079468,-0.04578506201505661,-0.2864862084388733,-0.07736045867204666,0.06493090838193893,-0.4735155701637268,-0.04964717477560043,0.07523337751626968,-0.6498497128486633,-0.1019623652100563,0.06881611794233322,-0.7623029947280884,-0.10830668359994888,0.058736272156238556,-0.8761793375015259,-0.09923573583364487
Love,Love_session_002,183,0.0,0.0,0.0,-0.13735981285572052,-0.07622072100639343,-0.018464136868715286,-0.25069841742515564,-0.27767181396484375,-0.019794205203652382,-0.30869024991989136,-0.4388776421546936,-0.026251567527651787,-0.35938799381256104,-0.5378837585449219,-0.031504690647125244,-0.17076252400875092,-0.5050464272499084,-0.008836149238049984,-0.19229300320148468,-0.7368394732475281,-0.03886907175183296,-0.2025226503610611,-0.8755508661270142,-0.051796119660139084,-0.21107067167758942,-1.0,-0.06087550148367882,-0.0933220237493515,-0.5143531560897827,-0.02045869082212448,-0.11624511331319809,-0.6324386596679688,-0.10139446705579758,-0.11383602023124695,-0.45682984590530396,-0.12181736528873444,-0.1063040941953659,-0.31482934951782227,-0.11286069452762604,-0.014053619466722012,-0.5029177665710449,-0.03554418310523033,-0.029645729809999466,-0.6051492691040039,-0.11497068405151367,-0.03868861123919487,-0.4244728982448578,-0.1078348457813263,-0.0439811535179615,-0.2887556552886963,-0.07678715884685516,0.06624200940132141,-0.4757094383239746,-0.05124010145664215,0.07792715728282928,-0.652929425239563,-0.10291563719511032,0.07438089698553085,-0.765418529510498,-0.10835940390825272,0.0666855126619339,-0.8793371319770813,-0.09889328479766846
Love,Love_session_002,184,0.0,0.0,0.0,-0.13790775835514069,-0.07947655767202377,-0.01857571117579937,-0.250056654214859,-0.27747172117233276,-0.020726721733808517,-0.30802324414253235,-0.4378133714199066,-0.028200162574648857,-0.35838648676872253,-0.5367385149002075,-0.03461231291294098,-0.16926079988479614,-0.5062321424484253,-0.008580992929637432,-0.18973752856254578,-0.7369681000709534,-0.037881046533584595,-0.19935162365436554,-0.8757603764533997,-0.0505002960562706,-0.2075994908809662,-1.0,-0.05957595258951187,-0.09130299836397171,-0.5132856369018555,-0.02084839716553688,-0.11078345030546188,-0.6312479376792908,-0.10204258561134338,-0.11109083890914917,-0.46049636602401733,-0.12376002967357635,-0.10746397078037262,-0.317718505859375,-0.11612491309642792,-0.012507506646215916,-0.5000622868537903,-0.036602821201086044,-0.0262650977820158,-0.6013907790184021,-0.11684753000736237,-0.03728963062167168,-0.4228375554084778,-0.11104697734117508,-0.04432085156440735,-0.2858375012874603,-0.0810304656624794,0.06718414276838303,-0.4709649682044983,-0.05296211317181587,0.08486133068799973,-0.6514247059822083,-0.10545516014099121,0.0873313918709755,-0.770420253276825,-0.11205451190471649,0.08505843579769135,-0.8902464509010315,-0.10367070138454437
Love,Love_session_002,185,0.0,0.0,0.0,-0.13660413026809692,-0.07885503023862839,-0.019261952489614487,-0.24998407065868378,-0.278689980506897,-0.021709302440285683,-0.30910739302635193,-0.4389953315258026,-0.029096730053424835,-0.35930243134498596,-0.540148138999939,-0.0353158637881279,-0.16825272142887115,-0.510134220123291,-0.009120135568082333,-0.18663454055786133,-0.7384790778160095,-0.037869155406951904,-0.1946011781692505,-0.8763161301612854,-0.05057375878095627,-0.20145964622497559,-1.0,-0.059994764626026154,-0.09050372242927551,-0.5148202776908875,-0.020853471010923386,-0.10493647307157516,-0.6289247870445251,-0.10231079161167145,-0.1060146763920784,-0.4584205150604248,-0.12540550529956818,-0.10435105115175247,-0.315804123878479,-0.11891229450702667,-0.012040655128657818,-0.499837726354599,-0.0359518937766552,-0.019641991704702377,-0.5994995832443237,-0.11608303338289261,-0.03310980647802353,-0.4210700988769531,-0.11147758364677429,-0.04403917118906975,-0.2838900685310364,-0.08269139379262924,0.06711137294769287,-0.468746542930603,-0.05158732831478119,0.08773736655712128,-0.6465520858764648,-0.10432976484298706,0.0927305817604065,-0.7666347622871399,-0.1116156131029129,0.09244254231452942,-0.8890273571014404,-0.1038575991988182
Love,Love_session_002,186,0.0,0.0,0.0,-0.13684846460819244,-0.07866581529378891,-0.022517580538988113,-0.24896414577960968,-0.2749980688095093,-0.027883632108569145,-0.30781739950180054,-0.43735066056251526,-0.03784807398915291,-0.3587454557418823,-0.5428831577301025,-0.04622213542461395,-0.16835002601146698,-0.5126408934593201,-0.011625047773122787,-0.1853797733783722,-0.740290105342865,-0.041206393390893936,-0.19324533641338348,-0.8766891956329346,-0.0540454164147377,-0.2002781480550766,-1.0,-0.06349518895149231,-0.09013696759939194,-0.5177251696586609,-0.022790664806962013,-0.10317368060350418,-0.6317383050918579,-0.10563663393259048,-0.10466767102479935,-0.46078091859817505,-0.12901543080806732,-0.10317172855138779,-0.317846417427063,-0.1225123330950737,-0.01165851205587387,-0.5022352337837219,-0.03769905865192413,-0.018174033612012863,-0.6030434370040894,-0.1199120432138443,-0.03178534656763077,-0.42349740862846375,-0.11553730070590973,-0.04232439398765564,-0.28603896498680115,-0.08640552312135696,0.06763196736574173,-0.4702583849430084,-0.05338915437459946,0.08983168005943298,-0.6494042873382568,-0.10754960775375366,0.09674949198961258,-0.7706526517868042,-0.11530473828315735,0.09865789860486984,-0.8939778208732605,-0.10759668052196503
Love,Love_session_002,187,0.0,0.0,0.0,-0.13788463175296783,-0.08062872290611267,-0.020713698118925095,-0.24918727576732635,-0.2766190767288208,-0.025563441216945648,-0.3081998825073242,-0.4394701421260834,-0.03565087914466858,-0.3599039614200592,-0.5444114804267883,-0.04447823017835617,-0.16879163682460785,-0.5128940343856812,-0.008298542350530624,-0.18592903017997742,-0.7384471297264099,-0.03776797279715538,-0.1927265077829361,-0.8757493495941162,-0.051768653094768524,-0.19876550137996674,-1.0,-0.062200549989938736,-0.0900433287024498,-0.5191084742546082,-0.02049156278371811,-0.10038656741380692,-0.6301597952842712,-0.10243809968233109,-0.10319738835096359,-0.4623410999774933,-0.12739838659763336,-0.10379961878061295,-0.32086247205734253,-0.12260923534631729,-0.010793154127895832,-0.5052512288093567,-0.03630336374044418,-0.016293631866574287,-0.6056836843490601,-0.11741846054792404,-0.031382013112306595,-0.4270175099372864,-0.1135835349559784,-0.04290502518415451,-0.2880534827709198,-0.08540612459182739,0.06915197521448135,-0.4736666977405548,-0.05286841094493866,0.09261497110128403,-0.6522916555404663,-0.10643022507429123,0.10189705342054367,-0.7742524147033691,-0.11388254910707474,0.10717424750328064,-0.8978602290153503,-0.10619042068719864
Love,Love_session_002,188,0.0,0.0,0.0,-0.13707587122917175,-0.08229833841323853,-0.0197475366294384,-0.2476261854171753,-0.27993836998939514,-0.023544806987047195,-0.3074287474155426,-0.44169044494628906,-0.0325106643140316,-0.3606550991535187,-0.538339376449585,-0.04059853404760361,-0.16710783541202545,-0.5083590745925903,-0.007783127948641777,-0.18453527987003326,-0.7351967692375183,-0.037340641021728516,-0.1908683180809021,-0.8741442561149597,-0.0520583838224411,-0.19609487056732178,-1.0,-0.06319086253643036,-0.08892524987459183,-0.5141228437423706,-0.02003159560263157,-0.0997094213962555,-0.6335602402687073,-0.10218150913715363,-0.10223772376775742,-0.4655906856060028,-0.12736210227012634,-0.10255634784698486,-0.32202839851379395,-0.122617207467556,-0.010089445859193802,-0.5012063980102539,-0.035724084824323654,-0.015498778782784939,-0.6083641052246094,-0.11628478765487671,-0.030721809715032578,-0.4308836758136749,-0.11263922601938248,-0.04221883788704872,-0.2900574207305908,-0.08474260568618774,0.06871654093265533,-0.4712587893009186,-0.05218265950679779,0.09230905026197433,-0.6498627066612244,-0.10573994368314743,0.10212548077106476,-0.7722176313400269,-0.1139470562338829,0.10790839046239853,-0.8945320248603821,-0.1070074662566185
Love,Love_session_002,189,0.0,0.0,0.0,-0.13700465857982635,-0.07781197130680084,-0.026197411119937897,-0.2470208704471588,-0.27139705419540405,-0.03394921123981476,-0.30798861384391785,-0.43463826179504395,-0.04609354957938194,-0.36246457695961,-0.535608172416687,-0.05707596614956856,-0.1705760955810547,-0.5005201697349548,-0.013854258693754673,-0.1892615258693695,-0.7306369543075562,-0.04669465124607086,-0.19467709958553314,-0.871453046798706,-0.0634552389383316,-0.1988818496465683,-1.0,-0.0755508542060852,-0.09190496802330017,-0.5076464414596558,-0.024573903530836105,-0.0999109148979187,-0.6332232356071472,-0.11074642837047577,-0.10036417096853256,-0.46440476179122925,-0.1371484398841858,-0.1004052683711052,-0.3183841109275818,-0.13208071887493134,-0.01223730854690075,-0.49587178230285645,-0.03936844691634178,-0.014582259580492973,-0.6069837212562561,-0.12320635467767715,-0.027142679318785667,-0.42906415462493896,-0.11987581104040146,-0.038103003054857254,-0.28800347447395325,-0.0909765213727951,0.06733230501413345,-0.4671109914779663,-0.05552217736840248,0.09148459136486053,-0.6473841071128845,-0.10997863858938217,0.10186327993869781,-0.7700466513633728,-0.11777862906455994,0.10782292485237122,-0.8933038711547852,-0.11003486812114716
Love,Love_session_002,190,0.0,0.0,0.0,-0.13873878121376038,-0.07117679715156555,-0.03047446347773075,-0.2516012489795685,-0.26103052496910095,-0.04026730731129646,-0.3140470087528229,-0.42629191279411316,-0.05368511378765106,-0.3687388002872467,-0.5320825576782227,-0.06564871966838837,-0.17684246599674225,-0.49717098474502563,-0.01746256835758686,-0.19655795395374298,-0.7285748720169067,-0.05204487964510918,-0.20102889835834503,-0.8703320622444153,-0.0698055848479271,-0.2036803662776947,-1.0,-0.08233699202537537,-0.09702089428901672,-0.5058806538581848,-0.026964515447616577,-0.10229376703500748,-0.6358019709587097,-0.11648530513048172,-0.10176165401935577,-0.4638407230377197,-0.14410357177257538,-0.10174483805894852,-0.31461554765701294,-0.13885821402072906,-0.01694672554731369,-0.4954967200756073,-0.04097335413098335,-0.01600494422018528,-0.6083055734634399,-0.12816335260868073,-0.02748316526412964,-0.42827239632606506,-0.12618421018123627,-0.0387018583714962,-0.28626319766044617,-0.09719473868608475,0.06301014125347137,-0.4675477147102356,-0.05657818540930748,0.08659226447343826,-0.647829532623291,-0.11352275311946869,0.09877113252878189,-0.7711944580078125,-0.1226251870393753,0.10693482309579849,-0.8963600993156433,-0.11519230902194977
Love,Love_session_002,191,0.0,0.0,0.0,-0.14030450582504272,-0.06855780631303787,-0.029766621068120003,-0.2556084394454956,-0.25871554017066956,-0.039093758910894394,-0.32041388750076294,-0.4226006865501404,-0.052126988768577576,-0.3745368719100952,-0.5312824249267578,-0.06349290907382965,-0.18417344987392426,-0.49818116426467896,-0.016926536336541176,-0.20302969217300415,-0.7298569679260254,-0.051243070513010025,-0.20718109607696533,-0.8715236186981201,-0.068736732006073,-0.2104085236787796,-1.0,-0.08110082894563675,-0.10295473784208298,-0.5086593627929688,-0.02694028615951538,-0.10524506121873856,-0.6364609599113464,-0.11676923930644989,-0.10234304517507553,-0.4626414477825165,-0.1447267234325409,-0.10221558064222336,-0.311760276556015,-0.13954485952854156,-0.021043134853243828,-0.499635249376297,-0.041392743587493896,-0.017661653459072113,-0.6084291338920593,-0.1289522349834442,-0.026983164250850677,-0.4278535842895508,-0.1276301145553589,-0.03868711739778519,-0.28596773743629456,-0.09905623644590378,0.06076085940003395,-0.47274598479270935,-0.05728566646575928,0.08483922481536865,-0.6548441052436829,-0.11444604396820068,0.09856349229812622,-0.7805858254432678,-0.12375013530254364,0.10802914202213287,-0.9074655771255493,-0.1163819208741188
Love,Love_session_002,192,0.0,0.0,0.0,-0.13837479054927826,-0.07028309255838394,-0.029348675161600113,-0.2540929615497589,-0.2602633237838745,-0.03905322775244713,-0.31989941000938416,-0.42511770129203796,-0.05247504264116287,-0.37529411911964417,-0.5339866280555725,-0.0642583817243576,-0.18405720591545105,-0.498816579580307,-0.017662156373262405,-0.2042410522699356,-0.7308741211891174,-0.05197367072105408,-0.20979754626750946,-0.8716126680374146,-0.06909267604351044,-0.2139834612607956,-1.0,-0.08123177289962769,-0.10373010486364365,-0.5129958391189575,-0.027943583205342293,-0.10605258494615555,-0.6412915587425232,-0.11716145277023315,-0.10210805386304855,-0.46747657656669617,-0.1446070671081543,-0.09991607815027237,-0.3175381124019623,-0.13918668031692505,-0.022299395874142647,-0.5060672163963318,-0.04256811365485191,-0.0183212012052536,-0.6118670701980591,-0.1287621408700943,-0.027311498299241066,-0.43450722098350525,-0.12747633457183838,-0.038193363696336746,-0.2945984899997711,-0.09944188594818115,0.059325579553842545,-0.4796167314052582,-0.05866708233952522,0.08258164674043655,-0.6629309058189392,-0.11496385186910629,0.09725160151720047,-0.7883282899856567,-0.12413456290960312,0.10839981585741043,-0.912601888179779,-0.11682812869548798
Love,Love_session_002,193,0.0,0.0,0.0,-0.1399684101343155,-0.07087130099534988,-0.031403519213199615,-0.25884026288986206,-0.2595522701740265,-0.042339544743299484,-0.32573339343070984,-0.425970196723938,-0.056506384164094925,-0.38193413615226746,-0.536162257194519,-0.06893780827522278,-0.18910592794418335,-0.5006851553916931,-0.021141227334737778,-0.20960746705532074,-0.7332106232643127,-0.05593400076031685,-0.21457505226135254,-0.8714714050292969,-0.0723457857966423,-0.2178753912448883,-1.0,-0.08376210182905197,-0.10593707859516144,-0.5161156058311462,-0.030740777030587196,-0.1073729619383812,-0.6459552645683289,-0.12091214954853058,-0.10364565998315811,-0.46725669503211975,-0.14738158881664276,-0.10211791843175888,-0.31286999583244324,-0.14076370000839233,-0.022556155920028687,-0.5087032318115234,-0.044847793877124786,-0.019369399175047874,-0.6143454313278198,-0.1328306943178177,-0.02729136124253273,-0.43630778789520264,-0.13194213807582855,-0.03697405010461807,-0.295935720205307,-0.10346926748752594,0.06029447913169861,-0.48123276233673096,-0.06036912649869919,0.08540518581867218,-0.668150782585144,-0.1175319254398346,0.1006215289235115,-0.7949022054672241,-0.12722094357013702,0.11126469075679779,-0.9199515581130981,-0.1201065257191658
Love,Love_session_002,194,0.0,0.0,0.0,-0.13993561267852783,-0.06951753050088882,-0.03216509521007538,-0.25907590985298157,-0.25939351320266724,-0.044026345014572144,-0.32676267623901367,-0.42552199959754944,-0.058894429355859756,-0.3838726878166199,-0.5324922800064087,-0.07187926769256592,-0.19216693937778473,-0.4976731240749359,-0.02229558490216732,-0.214520663022995,-0.73172527551651,-0.05798350274562836,-0.22022859752178192,-0.8719009757041931,-0.07544385641813278,-0.22387948632240295,-1.0,-0.08741196990013123,-0.10996710509061813,-0.5131627917289734,-0.031383562833070755,-0.11043791472911835,-0.6455461382865906,-0.12194457650184631,-0.1040649265050888,-0.4696585237979889,-0.1485082507133484,-0.10111873596906662,-0.3172025978565216,-0.14179934561252594,-0.02716871164739132,-0.5070689916610718,-0.04492379352450371,-0.022652508690953255,-0.6187579035758972,-0.13238032162189484,-0.027196146547794342,-0.4408210515975952,-0.13021428883075714,-0.03472842648625374,-0.29958996176719666,-0.10079482197761536,0.05543503537774086,-0.4806796610355377,-0.06007686257362366,0.07918715476989746,-0.6662655472755432,-0.11659573763608932,0.09423068910837173,-0.7923378348350525,-0.12529106438159943,0.10558407753705978,-0.9174329042434692,-0.11721967905759811
Love,Love_session_002,195,0.0,0.0,0.0,-0.1409127414226532,-0.07190590351819992,-0.03136591985821724,-0.2599429190158844,-0.2630189061164856,-0.04243702441453934,-0.3276928961277008,-0.42952418327331543,-0.05675666406750679,-0.38557159900665283,-0.5352038741111755,-0.06942850351333618,-0.19435548782348633,-0.4988720715045929,-0.019864803180098534,-0.21638962626457214,-0.7313537001609802,-0.055470094084739685,-0.22225934267044067,-0.8710633516311646,-0.07279260456562042,-0.22643621265888214,-1.0,-0.08449859172105789,-0.11244028806686401,-0.5151192545890808,-0.02945311740040779,-0.11234336346387863,-0.6479387283325195,-0.1202031821012497,-0.10509590804576874,-0.47449991106987,-0.14751122891902924,-0.10185302048921585,-0.32351362705230713,-0.14098867774009705,-0.03005361557006836,-0.5089876651763916,-0.04350791871547699,-0.024788599461317062,-0.617331862449646,-0.13151484727859497,-0.028826460242271423,-0.4425220787525177,-0.13067686557769775,-0.03695084899663925,-0.30313006043434143,-0.10181660950183868,0.05215715244412422,-0.48235565423965454,-0.05897687375545502,0.07362627238035202,-0.6688585877418518,-0.11506151407957077,0.08770354837179184,-0.7951286435127258,-0.12349586188793182,0.09776230156421661,-0.9189297556877136,-0.11520032584667206
Love,Love_session_002,196,0.0,0.0,0.0,-0.1422339379787445,-0.07168728858232498,-0.02929779700934887,-0.2625603973865509,-0.2622148096561432,-0.038473114371299744,-0.3313634991645813,-0.4275153875350952,-0.05136261507868767,-0.38872796297073364,-0.5343981385231018,-0.06245405972003937,-0.1975889801979065,-0.49504712224006653,-0.014872824773192406,-0.22015854716300964,-0.7290688753128052,-0.04959583654999733,-0.2259548008441925,-0.8697032928466797,-0.06635646522045135,-0.23016218841075897,-1.0,-0.07755997031927109,-0.1158306896686554,-0.5138519406318665,-0.02477802149951458,-0.11800433695316315,-0.6500670313835144,-0.11499355733394623,-0.10817967355251312,-0.4742392301559448,-0.14139167964458466,-0.10295283794403076,-0.32080021500587463,-0.1336425244808197,-0.033262014389038086,-0.5103810429573059,-0.03919094800949097,-0.03161533549427986,-0.621012806892395,-0.12665262818336487,-0.03134388104081154,-0.44244709610939026,-0.12452951073646545,-0.03568698838353157,-0.30132728815078735,-0.09422920644283295,0.04856443777680397,-0.4857129454612732,-0.0549212247133255,0.0691947489976883,-0.6706740260124207,-0.11023826897144318,0.08207757771015167,-0.7951371073722839,-0.11799479275941849,0.0905102789402008,-0.918989896774292,-0.10902296751737595
Love,Love_session_002,197,0.0,0.0,0.0,-0.1436844915151596,-0.07073477655649185,-0.029817307367920876,-0.2657080590724945,-0.2593788504600525,-0.038972944021224976,-0.3360801339149475,-0.4253807067871094,-0.05177063122391701,-0.39492279291152954,-0.5346336364746094,-0.06287775188684464,-0.20134980976581573,-0.494563490152359,-0.014859236776828766,-0.22383911907672882,-0.7286441922187805,-0.04873821884393692,-0.23080837726593018,-0.8693509101867676,-0.064972884953022,-0.2363271713256836,-1.0,-0.07598338276147842,-0.118425153195858,-0.5137936472892761,-0.02450060099363327,-0.12035544961690903,-0.6484587788581848,-0.1134231761097908,-0.11043006181716919,-0.4731629192829132,-0.13985152542591095,-0.10503728687763214,-0.31933557987213135,-0.1326805055141449,-0.03479165956377983,-0.5110927820205688,-0.038598522543907166,-0.033432845026254654,-0.6201154589653015,-0.12528984248638153,-0.0330834835767746,-0.442023903131485,-0.12322381138801575,-0.03750746697187424,-0.30130746960639954,-0.09341973811388016,0.04799523577094078,-0.4875430464744568,-0.05403696745634079,0.06669455021619797,-0.6742895841598511,-0.10886963456869125,0.07865846157073975,-0.7996524572372437,-0.1161876767873764,0.08632846921682358,-0.923660933971405,-0.10713784396648407
Love,Love_session_002,198,0.0,0.0,0.0,-0.14571481943130493,-0.07135238498449326,-0.029413500800728798,-0.26786503195762634,-0.261595219373703,-0.03737328574061394,-0.33854079246520996,-0.4278400242328644,-0.04924916476011276,-0.3969990909099579,-0.5342605113983154,-0.05929943546652794,-0.20189166069030762,-0.49342402815818787,-0.010037989355623722,-0.22578981518745422,-0.7270058393478394,-0.043497130274772644,-0.2335580736398697,-0.8692101240158081,-0.05965244024991989,-0.23988229036331177,-1.0,-0.07046373933553696,-0.1191277801990509,-0.5146121978759766,-0.019608868286013603,-0.12396169453859329,-0.6508577466011047,-0.10918470472097397,-0.11216061562299728,-0.4761253893375397,-0.13597986102104187,-0.10451681166887283,-0.31968992948532104,-0.12834501266479492,-0.03566878288984299,-0.5138111114501953,-0.03389834612607956,-0.03889179974794388,-0.6233563423156738,-0.12094846367835999,-0.03603602945804596,-0.4439971446990967,-0.11835430562496185,-0.03734423965215683,-0.3001498281955719,-0.08743510395288467,0.04677901417016983,-0.4917847216129303,-0.049582939594984055,0.06520802527666092,-0.6776660680770874,-0.10364871472120285,0.07414663583040237,-0.8024942278862,-0.11029601097106934,0.07715263962745667,-0.9257172346115112,-0.10063537210226059
Love,Love_session_002,199,0.0,0.0,0.0,-0.1467987447977066,-0.07068052887916565,-0.02821626327931881,-0.270603209733963,-0.2589874565601349,-0.03611655905842781,-0.3418503701686859,-0.42492374777793884,-0.04789576679468155,-0.4012033939361572,-0.5309564471244812,-0.05787880718708038,-0.20603641867637634,-0.4921274185180664,-0.011457309126853943,-0.23054224252700806,-0.7283833026885986,-0.04425811767578125,-0.23882706463336945,-0.8703345060348511,-0.05938846617937088,-0.24596184492111206,-1.0,-0.0693722739815712,-0.12273628264665604,-0.5142704844474792,-0.021211467683315277,-0.12918254733085632,-0.6484477519989014,-0.10975382477045059,-0.11561966687440872,-0.4709843397140503,-0.13487064838409424,-0.10643260926008224,-0.31377074122428894,-0.12604449689388275,-0.038430407643318176,-0.5143723487854004,-0.03537123277783394,-0.04265865311026573,-0.6225467324256897,-0.1212201789021492,-0.03758961707353592,-0.4429890215396881,-0.11701353639364243,-0.037239134311676025,-0.2999098300933838,-0.08515861630439758,0.04508958011865616,-0.4931890666484833,-0.05083128437399864,0.06158553436398506,-0.6793836951255798,-0.10435706377029419,0.06943923979997635,-0.8041314482688904,-0.11018221080303192,0.07175096124410629,-0.9276543259620667,-0.09985174983739853
Love,Love_session_002,200,0.0,0.0,0.0,-0.14933501183986664,-0.0707593560218811,-0.024665338918566704,-0.2752391993999481,-0.2616989016532898,-0.02927769161760807,-0.34792929887771606,-0.4272342324256897,-0.0384267121553421,-0.40691450238227844,-0.5311710834503174,-0.04606098309159279,-0.21013614535331726,-0.48992428183555603,-0.004284108988940716,-0.23781414330005646,-0.725189745426178,-0.03519335389137268,-0.24753576517105103,-0.8688562512397766,-0.050215840339660645,-0.2553551197052002,-1.0,-0.060389380902051926,-0.12791632115840912,-0.5133368968963623,-0.015244243666529655,-0.13659147918224335,-0.6547243595123291,-0.10242997109889984,-0.12401299178600311,-0.48054876923561096,-0.12895572185516357,-0.11482608318328857,-0.32150936126708984,-0.1210700199007988,-0.044014446437358856,-0.5160227417945862,-0.030381932854652405,-0.05040128156542778,-0.6273967623710632,-0.11424154043197632,-0.04658324643969536,-0.4485137164592743,-0.11126678436994553,-0.04629969224333763,-0.30293193459510803,-0.08053666353225708,0.039608184248209,-0.4976145029067993,-0.046641524881124496,0.053186386823654175,-0.6867721676826477,-0.09819404035806656,0.05967532470822334,-0.8144636750221252,-0.10396769642829895,0.061667174100875854,-0.9384931325912476,-0.09404627978801727
Love,Love_session_002,201,0.0,0.0,0.0,-0.15182985365390778,-0.06768067926168442,-0.02632048726081848,-0.27940091490745544,-0.25398385524749756,-0.03216707706451416,-0.352626234292984,-0.41963687539100647,-0.04235118627548218,-0.4121997654438019,-0.5246362090110779,-0.050870656967163086,-0.2122204303741455,-0.48898014426231384,-0.006566944532096386,-0.24088145792484283,-0.7248906493186951,-0.03825032338500023,-0.25210264325141907,-0.8682277202606201,-0.053509026765823364,-0.26168861985206604,-1.0,-0.06396589428186417,-0.12899401783943176,-0.5129546523094177,-0.01750536449253559,-0.1385650634765625,-0.6580228805541992,-0.10625635832548141,-0.12501664459705353,-0.48086756467819214,-0.13251614570617676,-0.1151575893163681,-0.3197949528694153,-0.12410076707601547,-0.04429542273283005,-0.5154955983161926,-0.03273759037256241,-0.05305936560034752,-0.6287571787834167,-0.11833914369344711,-0.04678214341402054,-0.4450925290584564,-0.1139165535569191,-0.04458404332399368,-0.2978733479976654,-0.08161325752735138,0.03980371356010437,-0.4965038299560547,-0.04926300048828125,0.05366235598921776,-0.6879172921180725,-0.10221640765666962,0.05841299518942833,-0.8161194920539856,-0.10751714557409286,0.05718687176704407,-0.942831814289093,-0.0969572514295578
Love,Love_session_002,202,0.0,0.0,0.0,-0.15113826096057892,-0.06386806070804596,-0.02449497953057289,-0.27933111786842346,-0.25241443514823914,-0.029003674164414406,-0.351920485496521,-0.41757288575172424,-0.03808419033885002,-0.41156840324401855,-0.5207441449165344,-0.04565322399139404,-0.21137957274913788,-0.49389326572418213,-0.004692581482231617,-0.24276378750801086,-0.7264046669006348,-0.03497323393821716,-0.25503870844841003,-0.8697311282157898,-0.04957158491015434,-0.2651772201061249,-1.0,-0.059731241315603256,-0.12765401601791382,-0.5180187225341797,-0.016015904024243355,-0.13925176858901978,-0.6578584313392639,-0.10254939645528793,-0.12660451233386993,-0.4806666076183319,-0.12784266471862793,-0.11677563935518265,-0.3197782635688782,-0.11918861418962479,-0.042572021484375,-0.5198617577552795,-0.03154029697179794,-0.054391663521528244,-0.6274785995483398,-0.11532755196094513,-0.04856249317526817,-0.4428715705871582,-0.11037389934062958,-0.045499250292778015,-0.29636168479919434,-0.07821543514728546,0.04210023954510689,-0.5007514357566833,-0.048233576118946075,0.05432731285691261,-0.6923381090164185,-0.10044385492801666,0.056865494698286057,-0.8200947046279907,-0.1055646687746048,0.05389585345983505,-0.9463791847229004,-0.09511514753103256
Love,Love_session_002,203,0.0,0.0,0.0,-0.15344388782978058,-0.062025848776102066,-0.023737577721476555,-0.28230032324790955,-0.249006986618042,-0.028342364355921745,-0.3560450077056885,-0.41505223512649536,-0.0377991609275341,-0.4156492352485657,-0.5225130319595337,-0.045648761093616486,-0.21452386677265167,-0.4922747015953064,-0.003652156563475728,-0.24664533138275146,-0.72715824842453,-0.034765638411045074,-0.2599707841873169,-0.870220422744751,-0.05045512691140175,-0.271404504776001,-1.0,-0.06138365715742111,-0.13131467998027802,-0.5174418687820435,-0.015473888255655766,-0.14515696465969086,-0.6593300104141235,-0.1021842509508133,-0.13168756663799286,-0.48280811309814453,-0.1280067265033722,-0.1208319142460823,-0.32405737042427063,-0.11985304951667786,-0.04548375681042671,-0.5212092399597168,-0.03145430609583855,-0.057506028562784195,-0.6334877610206604,-0.11436919122934341,-0.052213508635759354,-0.44819536805152893,-0.1086152195930481,-0.04968414455652237,-0.3013480007648468,-0.07622339576482773,0.04060473293066025,-0.5037931799888611,-0.04871806129813194,0.05093662440776825,-0.6975787878036499,-0.09982303529977798,0.05027040094137192,-0.8269517421722412,-0.10400775074958801,0.0452076718211174,-0.9538422226905823,-0.09303253144025803
Love,Love_session_002,204,0.0,0.0,0.0,-0.1533537656068802,-0.0587833970785141,-0.02503095380961895,-0.2843989133834839,-0.24578090012073517,-0.029821839183568954,-0.3584173917770386,-0.41031667590141296,-0.03913654759526253,-0.41755303740501404,-0.5173936486244202,-0.04682479798793793,-0.21784383058547974,-0.4908120632171631,-0.005680250469595194,-0.250781387090683,-0.7259352803230286,-0.03700467199087143,-0.2646144926548004,-0.8698738217353821,-0.052515849471092224,-0.276784747838974,-1.0,-0.06340817362070084,-0.13397890329360962,-0.5151290893554688,-0.017512504011392593,-0.14675742387771606,-0.6610578894615173,-0.10664540529251099,-0.13287609815597534,-0.48360109329223633,-0.13359753787517548,-0.12290365993976593,-0.32212087512016296,-0.12554746866226196,-0.04783204570412636,-0.5176560282707214,-0.03347156196832657,-0.058564357459545135,-0.6341477632522583,-0.11901561915874481,-0.053781427443027496,-0.4482612907886505,-0.11468922346830368,-0.05343151092529297,-0.29968559741973877,-0.08258187025785446,0.03765304386615753,-0.49923262000083923,-0.0506293959915638,0.04734301194548607,-0.6928759217262268,-0.10387597233057022,0.047759950160980225,-0.8232148289680481,-0.10927055031061172,0.04314087703824043,-0.9520118236541748,-0.09880352020263672
Love,Love_session_002,205,0.0,0.0,0.0,-0.1536278873682022,-0.058982234448194504,-0.024138962849974632,-0.2838703989982605,-0.24560503661632538,-0.02810923010110855,-0.35764503479003906,-0.40986815094947815,-0.03659355267882347,-0.41678330302238464,-0.5119907855987549,-0.04358680173754692,-0.21679212152957916,-0.4869237542152405,-0.005756471771746874,-0.25021466612815857,-0.7226894497871399,-0.038025472313165665,-0.26434561610221863,-0.8676722049713135,-0.05378088727593422,-0.27622339129447937,-1.0,-0.06470785290002823,-0.13335473835468292,-0.5128146409988403,-0.017430568113923073,-0.1465812772512436,-0.6604913473129272,-0.10702201724052429,-0.13054482638835907,-0.4821949899196625,-0.13259245455265045,-0.11856910586357117,-0.32165300846099854,-0.12322056293487549,-0.04726876690983772,-0.5172262191772461,-0.03326065465807915,-0.05900576710700989,-0.6345055103302002,-0.11912725865840912,-0.05065469071269035,-0.4477158486843109,-0.11326142400503159,-0.04707520455121994,-0.30048561096191406,-0.07969585061073303,0.03906651958823204,-0.5004518032073975,-0.05024409666657448,0.04987281933426857,-0.6932013034820557,-0.104195736348629,0.049439482390880585,-0.8223722577095032,-0.10970847308635712,0.042993269860744476,-0.9512332081794739,-0.09903813898563385
Love,Love_session_002,206,0.0,0.0,0.0,-0.1550707370042801,-0.05465855449438095,-0.023819802328944206,-0.28700146079063416,-0.24122369289398193,-0.027994709089398384,-0.36048874258995056,-0.40741243958473206,-0.03669660538434982,-0.41972553730010986,-0.5089607834815979,-0.04390567168593407,-0.2191905379295349,-0.48449647426605225,-0.007535590790212154,-0.2538951337337494,-0.7212882041931152,-0.04022243246436119,-0.26863229274749756,-0.8670802712440491,-0.056105807423591614,-0.28138467669487,-1.0,-0.06706326454877853,-0.13528591394424438,-0.5127187371253967,-0.019484348595142365,-0.14908942580223083,-0.6609214544296265,-0.10889051109552383,-0.13381707668304443,-0.48135823011398315,-0.13361188769340515,-0.12235885113477707,-0.31966015696525574,-0.12381864339113235,-0.049211982637643814,-0.5190351009368896,-0.035468436777591705,-0.062207598239183426,-0.6363115310668945,-0.12088413536548615,-0.05395958200097084,-0.44828927516937256,-0.11406896263360977,-0.049492597579956055,-0.2999616265296936,-0.08006563037633896,0.03717011585831642,-0.5037665963172913,-0.05265800282359123,0.0481174997985363,-0.6969836354255676,-0.10620974004268646,0.04743753373622894,-0.8259793519973755,-0.11119116842746735,0.041159797459840775,-0.9545444846153259,-0.10025571286678314
Love,Love_session_002,207,0.0,0.0,0.0,-0.15608935058116913,-0.053225964307785034,-0.022332793101668358,-0.287765234708786,-0.2387622892856598,-0.02586882747709751,-0.36245959997177124,-0.4025289714336395,-0.03452717140316963,-0.4223949909210205,-0.5055415630340576,-0.041573312133550644,-0.2213689535856247,-0.4859549403190613,-0.003603239543735981,-0.256969153881073,-0.7226259708404541,-0.03556228056550026,-0.2717441916465759,-0.8682184219360352,-0.05096013471484184,-0.284252405166626,-1.0,-0.061424341052770615,-0.13720901310443878,-0.5145065188407898,-0.016386568546295166,-0.15290649235248566,-0.6594541668891907,-0.10670698434114456,-0.13665816187858582,-0.4773120880126953,-0.13266496360301971,-0.12373226881027222,-0.31375962495803833,-0.12308718264102936,-0.05049210414290428,-0.5221608877182007,-0.033199138939380646,-0.06389765441417694,-0.6356995701789856,-0.11941312253475189,-0.05673666670918465,-0.4476378262042999,-0.11408013850450516,-0.0536310039460659,-0.2992287874221802,-0.08066581934690475,0.03614846244454384,-0.5083762407302856,-0.05099703371524811,0.04747006669640541,-0.7027878165245056,-0.10447929054498672,0.04567686840891838,-0.8311195969581604,-0.10965520888566971,0.03739810362458229,-0.9580485820770264,-0.09867613762617111
Love,Love_session_002,208,0.0,0.0,0.0,-0.1559162735939026,-0.05065450817346573,-0.02577223628759384,-0.289798766374588,-0.23424936830997467,-0.03161545842885971,-0.3657108545303345,-0.39863359928131104,-0.04195050150156021,-0.4250933527946472,-0.5033173561096191,-0.050601065158843994,-0.22530388832092285,-0.48874935507774353,-0.008919471874833107,-0.26217028498649597,-0.724945604801178,-0.04215805232524872,-0.2776432931423187,-0.8690099120140076,-0.05782707780599594,-0.2911095917224884,-1.0,-0.06827107816934586,-0.14041368663311005,-0.517195999622345,-0.021001389250159264,-0.15502426028251648,-0.6620494723320007,-0.11320681869983673,-0.13930265605449677,-0.4796317219734192,-0.13956573605537415,-0.12845087051391602,-0.31558164954185486,-0.12993675470352173,-0.05363035947084427,-0.5233209133148193,-0.03730013594031334,-0.06590375304222107,-0.6383067965507507,-0.12616105377674103,-0.057600826025009155,-0.4497995376586914,-0.12182125449180603,-0.05528696998953819,-0.30048617720603943,-0.08839286118745804,0.03369789198040962,-0.5077442526817322,-0.05465918034315109,0.042812276631593704,-0.7026530504226685,-0.10971111059188843,0.04183667153120041,-0.8323479294776917,-0.11542950570583344,0.03410416096448898,-0.9616535305976868,-0.10450476408004761
Love,Love_session_002,209,0.0,0.0,0.0,-0.1577814668416977,-0.0546799898147583,-0.022269200533628464,-0.2915269434452057,-0.23855017125606537,-0.0256926529109478,-0.36652490496635437,-0.40215641260147095,-0.034293271601200104,-0.4247911870479584,-0.5062963366508484,-0.041497569531202316,-0.22434817254543304,-0.48612090945243835,-0.004148128442466259,-0.25970956683158875,-0.7236549854278564,-0.03571923449635506,-0.27579355239868164,-0.8684567809104919,-0.05027446150779724,-0.28995347023010254,-1.0,-0.060079533606767654,-0.1393771767616272,-0.5158336758613586,-0.01712745800614357,-0.15501725673675537,-0.663927435874939,-0.10744619369506836,-0.13997188210487366,-0.48230764269828796,-0.13322928547859192,-0.12859807908535004,-0.31805288791656494,-0.12347455322742462,-0.052476003766059875,-0.524052083492279,-0.03407755494117737,-0.06716858595609665,-0.6400719881057739,-0.12135423719882965,-0.05898793414235115,-0.45132970809936523,-0.11658518761396408,-0.054983530193567276,-0.3015804886817932,-0.08309343457221985,0.03488188236951828,-0.5104636549949646,-0.05183740705251694,0.044736891984939575,-0.7073772549629211,-0.10604140907526016,0.043973591178655624,-0.8387445211410522,-0.11160984635353088,0.03693702444434166,-0.9693936109542847,-0.1007603108882904
Love,Love_session_002,210,0.0,0.0,0.0,-0.1556689292192459,-0.04954368621110916,-0.024576978757977486,-0.2881351709365845,-0.2324621081352234,-0.029062528163194656,-0.3634417653083801,-0.39496809244155884,-0.038170065730810165,-0.42240023612976074,-0.5004793405532837,-0.04569578543305397,-0.22335095703601837,-0.4841747283935547,-0.006824335549026728,-0.25949063897132874,-0.721561849117279,-0.03931059315800667,-0.27470454573631287,-0.8676031231880188,-0.05459754914045334,-0.2878815233707428,-1.0,-0.06498344987630844,-0.13858821988105774,-0.514026403427124,-0.018827978521585464,-0.15427780151367188,-0.6628026962280273,-0.11010609567165375,-0.13911455869674683,-0.47981804609298706,-0.13581430912017822,-0.12803465127944946,-0.31545478105545044,-0.12586693465709686,-0.051533423364162445,-0.521687388420105,-0.035051196813583374,-0.06546612828969955,-0.6402685046195984,-0.12303846329450607,-0.05822784826159477,-0.4512832462787628,-0.1183910071849823,-0.05550185963511467,-0.30209729075431824,-0.08496247977018356,0.03566897660493851,-0.507213830947876,-0.05230847746133804,0.04498334601521492,-0.7005953788757324,-0.10835245251655579,0.04446892440319061,-0.8304141759872437,-0.11524952203035355,0.03795628994703293,-0.9604210257530212,-0.1050424575805664
Love,Love_session_002,211,0.0,0.0,0.0,-0.1557427942752838,-0.050480786710977554,-0.02450639195740223,-0.2883520722389221,-0.234758198261261,-0.028131963685154915,-0.36384716629981995,-0.39827680587768555,-0.0364113487303257,-0.42290762066841125,-0.5029776692390442,-0.04292258247733116,-0.2224048525094986,-0.48777925968170166,-0.0036490994971245527,-0.2578236162662506,-0.7228590846061707,-0.03493358567357063,-0.2737690806388855,-0.8685123324394226,-0.04989170655608177,-0.2876726984977722,-1.0,-0.06035776063799858,-0.13872326910495758,-0.5184886455535889,-0.015069259330630302,-0.1551998108625412,-0.6637411117553711,-0.10490892827510834,-0.14018622040748596,-0.4834526777267456,-0.13098560273647308,-0.12870657444000244,-0.31978297233581543,-0.12189467996358871,-0.052639976143836975,-0.5274055004119873,-0.03083428367972374,-0.06740584969520569,-0.6448667645454407,-0.11799714714288712,-0.060377515852451324,-0.45477667450904846,-0.1137339174747467,-0.0572856143116951,-0.30320635437965393,-0.08096693456172943,0.03377101570367813,-0.5139720439910889,-0.04768073558807373,0.04426887631416321,-0.705687403678894,-0.10367720574140549,0.04437738656997681,-0.8352001309394836,-0.11126190423965454,0.038055453449487686,-0.9646345973014832,-0.10176821053028107
Love,Love_session_002,212,0.0,0.0,0.0,-0.1548795998096466,-0.050769608467817307,-0.024820571765303612,-0.2871887981891632,-0.2375650852918625,-0.028156567364931107,-0.36154070496559143,-0.40080252289772034,-0.035782840102910995,-0.42023608088493347,-0.5041123628616333,-0.04167620465159416,-0.21920742094516754,-0.4937068819999695,-0.004655554424971342,-0.2527983486652374,-0.725652813911438,-0.03545648977160454,-0.2676652669906616,-0.8699292540550232,-0.04942212253808975,-0.28006553649902344,-1.0,-0.05917912349104881,-0.1352001577615738,-0.5233244895935059,-0.015876777470111847,-0.15093185007572174,-0.6692041754722595,-0.10542973130941391,-0.1374189406633377,-0.4854166805744171,-0.1306285411119461,-0.1269756704568863,-0.31888410449028015,-0.12066078186035156,-0.04875482618808746,-0.5294936299324036,-0.031505685299634933,-0.0634918063879013,-0.642985999584198,-0.11917572468519211,-0.05819801241159439,-0.4516133666038513,-0.1155608668923378,-0.05645424872636795,-0.30015966296195984,-0.08309079706668854,0.03758634254336357,-0.5130429267883301,-0.04802853241562843,0.047833338379859924,-0.7029398083686829,-0.10496485233306885,0.04802403599023819,-0.8299455642700195,-0.11344853788614273,0.041279178112745285,-0.9572703242301941,-0.10461868345737457
Love,Love_session_002,213,0.0,0.0,0.0,-0.15236742794513702,-0.05570525676012039,-0.02527378499507904,-0.28104040026664734,-0.24233949184417725,-0.03002285584807396,-0.3541058301925659,-0.4069768786430359,-0.039250511676073074,-0.41280317306518555,-0.511119544506073,-0.046958185732364655,-0.21408390998840332,-0.48751553893089294,-0.006661838851869106,-0.24694107472896576,-0.7215660810470581,-0.03876881301403046,-0.26024869084358215,-0.8682795763015747,-0.05393045023083687,-0.2712762653827667,-1.0,-0.06420917063951492,-0.13078023493289948,-0.5149009227752686,-0.017728064209222794,-0.14494888484477997,-0.6581518054008484,-0.1071384847164154,-0.1332671195268631,-0.47972649335861206,-0.13256686925888062,-0.12432826310396194,-0.31594735383987427,-0.12315654754638672,-0.04489026963710785,-0.5201979875564575,-0.033157095313072205,-0.056693755090236664,-0.6344918608665466,-0.11999769508838654,-0.05265505611896515,-0.44998037815093994,-0.11591796576976776,-0.051214758306741714,-0.30041053891181946,-0.08336339890956879,0.04177346080541611,-0.5040576457977295,-0.04962911456823349,0.05477868393063545,-0.6963611245155334,-0.10519552230834961,0.055067889392375946,-0.8261170983314514,-0.11268904060125351,0.048491861671209335,-0.9535765647888184,-0.10318388044834137
Love,Love_session_002,214,0.0,0.0,0.0,-0.1487378031015396,-0.05807879939675331,-0.029838887974619865,-0.2763170599937439,-0.24375590682029724,-0.03783096373081207,-0.34990355372428894,-0.4069289267063141,-0.049385786056518555,-0.4077976942062378,-0.5166253447532654,-0.05897272750735283,-0.21067923307418823,-0.4919544756412506,-0.011869026347994804,-0.24027058482170105,-0.7245736718177795,-0.045792363584041595,-0.2519705295562744,-0.8703088164329529,-0.06224115192890167,-0.26139646768569946,-1.0,-0.07314497977495193,-0.12831923365592957,-0.5157312154769897,-0.02172030322253704,-0.13888218998908997,-0.6592972874641418,-0.1134566143155098,-0.12833933532238007,-0.4802788197994232,-0.14016999304294586,-0.12070159614086151,-0.31623807549476624,-0.13115611672401428,-0.04332447797060013,-0.5164220333099365,-0.03615685552358627,-0.04962212219834328,-0.629849374294281,-0.12518632411956787,-0.046032533049583435,-0.4448852241039276,-0.12186300754547119,-0.04715361073613167,-0.2959170937538147,-0.08929868787527084,0.041952963918447495,-0.49556979537010193,-0.051948755979537964,0.05508262291550636,-0.6842772364616394,-0.10849686712026596,0.058099739253520966,-0.8118886947631836,-0.11567456275224686,0.05478654429316521,-0.9396419525146484,-0.10553234815597534
Love,Love_session_002,215,0.0,0.0,0.0,-0.14736777544021606,-0.06392011046409607,-0.02941860817372799,-0.2715960144996643,-0.2529350221157074,-0.03729329630732536,-0.3422907590866089,-0.4181405305862427,-0.04906204715371132,-0.39967605471611023,-0.5271291136741638,-0.059021078050136566,-0.20448487997055054,-0.4951203465461731,-0.011321928352117538,-0.23247727751731873,-0.7258647084236145,-0.04540354013442993,-0.24296648800373077,-0.8710684180259705,-0.06195268779993057,-0.25097617506980896,-1.0,-0.07281457632780075,-0.12156262248754501,-0.5142661333084106,-0.021177079528570175,-0.12641383707523346,-0.6473521590232849,-0.11295174807310104,-0.1158483624458313,-0.4721739590167999,-0.1406698077917099,-0.10911001265048981,-0.3136674463748932,-0.13288713991641998,-0.03718600049614906,-0.5118206143379211,-0.035591550171375275,-0.0370456837117672,-0.6194078326225281,-0.12470991909503937,-0.03493387624621391,-0.4381841719150543,-0.12217223644256592,-0.038705866783857346,-0.2924577295780182,-0.09050517529249191,0.047409698367118835,-0.4884566068649292,-0.05125271901488304,0.06221350282430649,-0.6720200777053833,-0.10758135467767715,0.06550505757331848,-0.7967069745063782,-0.11444239318370819,0.061945926398038864,-0.9213079214096069,-0.10403275489807129
Love,Love_session_002,216,0.0,0.0,0.0,-0.14447546005249023,-0.06469648331403732,-0.02998289093375206,-0.2682962417602539,-0.25652235746383667,-0.03854553401470184,-0.3372524082660675,-0.4224194884300232,-0.050850313156843185,-0.39452406764030457,-0.5335210561752319,-0.06140248849987984,-0.1984582394361496,-0.4976523816585541,-0.01510417740792036,-0.22440792620182037,-0.7276090383529663,-0.04967278614640236,-0.2337774932384491,-0.8705393075942993,-0.06609504669904709,-0.24105030298233032,-1.0,-0.07699791342020035,-0.11488907039165497,-0.5157233476638794,-0.025097833946347237,-0.12018202245235443,-0.6399928331375122,-0.11596380919218063,-0.11139124631881714,-0.4628235697746277,-0.14280365407466888,-0.10533622652292252,-0.30769622325897217,-0.13509689271450043,-0.030017871409654617,-0.5108717083930969,-0.03961730748414993,-0.030334696173667908,-0.61015784740448,-0.12919451296329498,-0.02918635867536068,-0.4271714687347412,-0.12661758065223694,-0.033224135637283325,-0.2841046452522278,-0.09517425298690796,0.054803602397441864,-0.4870165288448334,-0.05529158189892769,0.07058282196521759,-0.6706644892692566,-0.11209524422883987,0.07699596881866455,-0.7929661273956299,-0.11875724792480469,0.07800952345132828,-0.9161267280578613,-0.10830080509185791
Love,Love_session_002,217,0.0,0.0,0.0,-0.14074155688285828,-0.06721090525388718,-0.031579554080963135,-0.2623896300792694,-0.26081424951553345,-0.04111083969473839,-0.33001622557640076,-0.42660045623779297,-0.054091956466436386,-0.38714322447776794,-0.5382214188575745,-0.06517840176820755,-0.1933577060699463,-0.4959571063518524,-0.01810343749821186,-0.2178722321987152,-0.7284696102142334,-0.05277920141816139,-0.2267717868089676,-0.8699933886528015,-0.06838773936033249,-0.2343161404132843,-1.0,-0.0788348838686943,-0.1121140792965889,-0.5135989189147949,-0.026783877983689308,-0.11809011548757553,-0.629379153251648,-0.11549161374568939,-0.10669141262769699,-0.452707976102829,-0.1396055668592453,-0.09885834902524948,-0.30472108721733093,-0.13107986748218536,-0.029451362788677216,-0.507371187210083,-0.04025489464402199,-0.027845649048686028,-0.6085159778594971,-0.12828953564167023,-0.023817414417862892,-0.42984262108802795,-0.12408628314733505,-0.026029465720057487,-0.29236140847206116,-0.09242156147956848,0.053375326097011566,-0.48243531584739685,-0.05517703294754028,0.06878528743982315,-0.6628492474555969,-0.11140162497758865,0.07593315839767456,-0.781610369682312,-0.11797542124986649,0.07819899171590805,-0.9024083018302917,-0.1078527420759201
Love,Love_session_002,218,0.0,0.0,0.0,-0.14105182886123657,-0.07028478384017944,-0.030645139515399933,-0.26317498087882996,-0.2657948434352875,-0.0391869880259037,-0.33096519112586975,-0.43405988812446594,-0.0514400489628315,-0.3876388370990753,-0.5459383130073547,-0.06193467974662781,-0.19171690940856934,-0.5004234313964844,-0.01504404004663229,-0.2148829996585846,-0.7303635478019714,-0.049176450818777084,-0.22434483468532562,-0.8711450099945068,-0.06514289230108261,-0.23247450590133667,-1.0,-0.07593896985054016,-0.10986628383398056,-0.517166256904602,-0.023948295041918755,-0.11341185867786407,-0.6321212649345398,-0.11318031698465347,-0.10458895564079285,-0.45460009574890137,-0.13918207585811615,-0.09907471388578415,-0.3037678599357605,-0.13174942135810852,-0.02724177949130535,-0.5104624629020691,-0.03753441199660301,-0.024265751242637634,-0.6086446642875671,-0.1259751319885254,-0.02425147220492363,-0.42627793550491333,-0.12308633327484131,-0.029579686000943184,-0.2854153513908386,-0.09210760146379471,0.05522867292165756,-0.48476237058639526,-0.052393462508916855,0.07105021178722382,-0.6635270118713379,-0.1085842177271843,0.07740187644958496,-0.7825053930282593,-0.11538513749837875,0.07919657975435257,-0.903348445892334,-0.10539023578166962
Love,Love_session_002,219,0.0,0.0,0.0,-0.14091026782989502,-0.0749075785279274,-0.029776765033602715,-0.2610563337802887,-0.27153733372688293,-0.037356141954660416,-0.32829800248146057,-0.4358632266521454,-0.049208685755729675,-0.38418152928352356,-0.549794614315033,-0.059368669986724854,-0.1875678449869156,-0.5048735737800598,-0.010629110969603062,-0.20887863636016846,-0.7325640320777893,-0.04391446337103844,-0.21707388758659363,-0.8721041083335876,-0.05932548642158508,-0.2236665040254593,-1.0,-0.06951900571584702,-0.10505378246307373,-0.5195337533950806,-0.019893595948815346,-0.10789035260677338,-0.6288992166519165,-0.10889463871717453,-0.09806216508150101,-0.4496038854122162,-0.13503921031951904,-0.09201633930206299,-0.2980786859989166,-0.12721611559391022,-0.02185819298028946,-0.5111834406852722,-0.0340244323015213,-0.019210180267691612,-0.6058040261268616,-0.1226629838347435,-0.016964180395007133,-0.423752099275589,-0.1200772225856781,-0.02024753764271736,-0.28365349769592285,-0.08875054121017456,0.06083257496356964,-0.4848577678203583,-0.04938487708568573,0.07643269002437592,-0.6623885631561279,-0.10579278320074081,0.08430945128202438,-0.7812542915344238,-0.11269956082105637,0.08793257176876068,-0.9020246863365173,-0.10242793709039688
Love,Love_session_002,220,0.0,0.0,0.0,-0.1387711614370346,-0.07301291823387146,-0.030996905639767647,-0.2569548189640045,-0.2709273397922516,-0.04011447727680206,-0.32212409377098083,-0.4375975430011749,-0.053008388727903366,-0.3783126175403595,-0.550628125667572,-0.06433603912591934,-0.18352118134498596,-0.5005930662155151,-0.016249176114797592,-0.20574161410331726,-0.731166660785675,-0.050409652292728424,-0.21363936364650726,-0.8710650205612183,-0.06637043505907059,-0.21994976699352264,-1.0,-0.07714095711708069,-0.10278232395648956,-0.5138379335403442,-0.024801725521683693,-0.10481002181768417,-0.6223505735397339,-0.11352839320898056,-0.09669408202171326,-0.4439243972301483,-0.13969942927360535,-0.09153269231319427,-0.29630643129348755,-0.1327156126499176,-0.0210131723433733,-0.5043258666992188,-0.03797503188252449,-0.014742612838745117,-0.6016701459884644,-0.12560947239398956,-0.016727106645703316,-0.41982609033584595,-0.12297771871089935,-0.024039458483457565,-0.28105589747428894,-0.09260234981775284,0.06101102754473686,-0.4765385687351227,-0.05251249298453331,0.07601066678762436,-0.6522909998893738,-0.10829651355743408,0.08300238102674484,-0.7702658176422119,-0.11526898294687271,0.08691111952066422,-0.8905267715454102,-0.10552991926670074
Love,Love_session_002,221,0.0,0.0,0.0,-0.1408328115940094,-0.07581071555614471,-0.02909339964389801,-0.2593327462673187,-0.2752860188484192,-0.037199717015028,-0.3246194124221802,-0.4433952271938324,-0.049506817013025284,-0.3799421787261963,-0.5558559894561768,-0.06018170341849327,-0.1845686435699463,-0.500991702079773,-0.013970543630421162,-0.2054876983165741,-0.7309682369232178,-0.048758573830127716,-0.21325929462909698,-0.8702520728111267,-0.06532566994428635,-0.21926932036876678,-1.0,-0.07654774934053421,-0.10282135754823685,-0.5160744190216064,-0.023393910378217697,-0.10468873381614685,-0.6244381666183472,-0.11278870701789856,-0.09753105789422989,-0.445852130651474,-0.13941887021064758,-0.09269807487726212,-0.298513263463974,-0.13268466293811798,-0.020759861916303635,-0.5080576539039612,-0.03738366812467575,-0.014823482371866703,-0.6018893122673035,-0.12550053000450134,-0.017987381666898727,-0.42055243253707886,-0.12331735342741013,-0.025534292683005333,-0.2822912335395813,-0.09315769374370575,0.061167653650045395,-0.48113614320755005,-0.0525655560195446,0.0775953158736229,-0.6551471948623657,-0.1081966832280159,0.08496180176734924,-0.7713161110877991,-0.11513524502515793,0.08893632888793945,-0.8887343406677246,-0.10541072487831116
Love,Love_session_002,222,0.0,0.0,0.0,-0.13950198888778687,-0.07773904502391815,-0.029246164485812187,-0.25623974204063416,-0.2762869596481323,-0.03756237402558327,-0.32033637166023254,-0.44119563698768616,-0.04995262250304222,-0.374512255191803,-0.5540903210639954,-0.06078683212399483,-0.18043354153633118,-0.4988762438297272,-0.01523356419056654,-0.20203141868114471,-0.7297941446304321,-0.05056224390864372,-0.20957128703594208,-0.8699545860290527,-0.0673833042383194,-0.21531981229782104,-1.0,-0.07861484587192535,-0.09982652962207794,-0.5119513273239136,-0.024334188550710678,-0.10221788287162781,-0.6212548613548279,-0.1138698011636734,-0.09364587068557739,-0.44270262122154236,-0.13971246778964996,-0.08787452429533005,-0.29610589146614075,-0.13232773542404175,-0.018460914492607117,-0.5022611618041992,-0.038062334060668945,-0.013226793147623539,-0.5976781249046326,-0.12588508427143097,-0.015231652185320854,-0.4168844521045685,-0.12292429804801941,-0.02182576432824135,-0.2795673906803131,-0.09218540787696838,0.06262664496898651,-0.4739871025085449,-0.053087830543518066,0.07982438802719116,-0.6486918330192566,-0.1088123619556427,0.08763227611780167,-0.7647189497947693,-0.11579125374555588,0.092023566365242,-0.8823564648628235,-0.10600591450929642
Love,Love_session_002,223,0.0,0.0,0.0,-0.1387730836868286,-0.0791153535246849,-0.029186388477683067,-0.25433123111724854,-0.2789561152458191,-0.03719833865761757,-0.31811583042144775,-0.44399911165237427,-0.04933212324976921,-0.3717982769012451,-0.5572404265403748,-0.059790562838315964,-0.17842411994934082,-0.4993424415588379,-0.01356345135718584,-0.19989947974681854,-0.7296743988990784,-0.04817643389105797,-0.20755507051944733,-0.8694266676902771,-0.0647193044424057,-0.2126522660255432,-1.0,-0.07598815858364105,-0.09816993027925491,-0.5119789242744446,-0.022425319999456406,-0.1002097874879837,-0.620373010635376,-0.11087758839130402,-0.09250644594430923,-0.4419095516204834,-0.13630761206150055,-0.08697880804538727,-0.29556387662887573,-0.12908104062080383,-0.017284071072936058,-0.5019147396087646,-0.03606434911489487,-0.012130697257816792,-0.5980437994003296,-0.12332060933113098,-0.014610000886023045,-0.4161665737628937,-0.11997633427381516,-0.0210505910217762,-0.27784350514411926,-0.08929377049207687,0.06321793794631958,-0.473644882440567,-0.05107884109020233,0.08123350888490677,-0.6473650336265564,-0.10673906654119492,0.08992750942707062,-0.7631158232688904,-0.11384990066289902,0.0953553169965744,-0.8810350894927979,-0.10439486056566238
Love,Love_session_002,224,0.0,0.0,0.0,-0.13933821022510529,-0.07991918921470642,-0.028994036838412285,-0.25421276688575745,-0.2789817750453949,-0.037849586457014084,-0.31754976511001587,-0.4462697505950928,-0.05099152401089668,-0.37163683772087097,-0.5586051344871521,-0.06270122528076172,-0.17898941040039062,-0.49743223190307617,-0.0157923586666584,-0.19930332899093628,-0.7287848591804504,-0.05184450373053551,-0.20617303252220154,-0.8689687252044678,-0.06959841400384903,-0.21095752716064453,-1.0,-0.08146295696496964,-0.09834625571966171,-0.5105499625205994,-0.024947749450802803,-0.09794482588768005,-0.6193926334381104,-0.11421595513820648,-0.09086582064628601,-0.4407948851585388,-0.1404641717672348,-0.08715244382619858,-0.29486069083213806,-0.1337011307477951,-0.01735379733145237,-0.5015521049499512,-0.038566723465919495,-0.00993486400693655,-0.5986776947975159,-0.12585513293743134,-0.012790326960384846,-0.41946685314178467,-0.1227378249168396,-0.02038048952817917,-0.2827964723110199,-0.09221512079238892,0.06278075277805328,-0.47304531931877136,-0.053477030247449875,0.08192241191864014,-0.6470711827278137,-0.10830876976251602,0.09087733924388885,-0.7605454325675964,-0.11433901637792587,0.09622237086296082,-0.8755466938018799,-0.10399015992879868
Love,Love_session_002,225,0.0,0.0,0.0,-0.13790328800678253,-0.07557927072048187,-0.030004676431417465,-0.2523189187049866,-0.27550745010375977,-0.039356779307127,-0.3149207532405853,-0.44212213158607483,-0.0524713359773159,-0.36897197365760803,-0.5552242398262024,-0.06408950686454773,-0.17517195641994476,-0.49544990062713623,-0.019991155713796616,-0.19741740822792053,-0.7284641265869141,-0.05588382109999657,-0.20431005954742432,-0.8685098886489868,-0.07287516444921494,-0.20885176956653595,-1.0,-0.08439064025878906,-0.09455375373363495,-0.5076999664306641,-0.028781365603208542,-0.09660910069942474,-0.6162566542625427,-0.11743878573179245,-0.08923035115003586,-0.43594124913215637,-0.14175951480865479,-0.08439891040325165,-0.29021140933036804,-0.13401848077774048,-0.013867365196347237,-0.4967190623283386,-0.04202872887253761,-0.008208703249692917,-0.5938109159469604,-0.12883561849594116,-0.010239631868898869,-0.41496866941452026,-0.12448908388614655,-0.017033426091074944,-0.28051140904426575,-0.09364348649978638,0.06575226783752441,-0.46686333417892456,-0.05667371675372124,0.08454973995685577,-0.6408618688583374,-0.1118946224451065,0.09400571882724762,-0.7527409195899963,-0.11799661815166473,0.09951922297477722,-0.8681025505065918,-0.1079743504524231
Love,Love_session_002,226,0.0,0.0,0.0,-0.13673658668994904,-0.07663112878799438,-0.029614558443427086,-0.2514600455760956,-0.27868279814720154,-0.03899969160556793,-0.31374579668045044,-0.44605469703674316,-0.052355386316776276,-0.3686521053314209,-0.5588045120239258,-0.06429264694452286,-0.17571990191936493,-0.49719980359077454,-0.019082818180322647,-0.19783470034599304,-0.7299015522003174,-0.0550365075469017,-0.2043219953775406,-0.8693830370903015,-0.0725623294711113,-0.20901180803775787,-1.0,-0.0845184251666069,-0.09563878178596497,-0.5084334015846252,-0.028484929352998734,-0.09749969094991684,-0.6176926493644714,-0.11792506277561188,-0.09058690071105957,-0.43852490186691284,-0.14397817850112915,-0.08669374883174896,-0.2931222915649414,-0.1373177170753479,-0.014833164401352406,-0.4966309070587158,-0.042209453880786896,-0.0076597947627305984,-0.5948308706283569,-0.1296975016593933,-0.011753763072192669,-0.41462814807891846,-0.12639589607715607,-0.021314244717359543,-0.27782753109931946,-0.09608874469995499,0.0655197873711586,-0.46651211380958557,-0.05726733058691025,0.08237568289041519,-0.6410728693008423,-0.11281765252351761,0.0916084498167038,-0.754919171333313,-0.1191168949007988,0.09767897427082062,-0.870258092880249,-0.10914182662963867
Love,Love_session_002,227,0.0,0.0,0.0,-0.1364615559577942,-0.0807824358344078,-0.0301669929176569,-0.25129252672195435,-0.2814249098300934,-0.039703816175460815,-0.3144094944000244,-0.44577300548553467,-0.053067646920681,-0.36791449785232544,-0.5583088397979736,-0.06469070166349411,-0.17719578742980957,-0.5005379915237427,-0.01932556927204132,-0.1984729915857315,-0.7325843572616577,-0.055336106568574905,-0.2052588164806366,-0.870779812335968,-0.07252343744039536,-0.2102312296628952,-1.0,-0.08400242775678635,-0.09703058749437332,-0.5122115612030029,-0.028090903535485268,-0.0965018942952156,-0.6200628280639648,-0.11789081990718842,-0.08982974290847778,-0.44190919399261475,-0.14384572207927704,-0.08711069822311401,-0.2967076897621155,-0.13693006336688995,-0.016534438356757164,-0.5011623501777649,-0.04127849265933037,-0.00792110525071621,-0.599631130695343,-0.12917160987854004,-0.011463632807135582,-0.4200947880744934,-0.12640124559402466,-0.02082931436598301,-0.28333747386932373,-0.09615327417850494,0.06330427527427673,-0.47128012776374817,-0.055769018828868866,0.08137588202953339,-0.6452637314796448,-0.11149808764457703,0.09116934984922409,-0.7592447400093079,-0.11835494637489319,0.09754400700330734,-0.8742234706878662,-0.10856505483388901
Love,Love_session_002,228,0.0,0.0,0.0,-0.13707491755485535,-0.07988566160202026,-0.03210184723138809,-0.25235623121261597,-0.2785046398639679,-0.04262363538146019,-0.3161933422088623,-0.44438815116882324,-0.05676209554076195,-0.3701115548610687,-0.559016764163971,-0.06901631504297256,-0.17850816249847412,-0.4984816908836365,-0.01977521926164627,-0.20010899007320404,-0.7313297986984253,-0.05651168152689934,-0.2070397287607193,-0.8699255585670471,-0.0743476152420044,-0.21204161643981934,-1.0,-0.08629611134529114,-0.0980323776602745,-0.5108397603034973,-0.027880975976586342,-0.09723979979753494,-0.6205095052719116,-0.11899441480636597,-0.08990822732448578,-0.4415260851383209,-0.1457909494638443,-0.0870998278260231,-0.29500728845596313,-0.13922417163848877,-0.017564531415700912,-0.5006292462348938,-0.040671948343515396,-0.008978907950222492,-0.6034420728683472,-0.1294211447238922,-0.012277658097445965,-0.42390671372413635,-0.12686945497989655,-0.02167484350502491,-0.28659021854400635,-0.0966435894370079,0.06172306835651398,-0.4710877537727356,-0.054960697889328,0.08089425414800644,-0.6460301876068115,-0.11093901842832565,0.09014013409614563,-0.7605876922607422,-0.1180059090256691,0.0950823500752449,-0.8760271072387695,-0.1084151566028595
Love,Love_session_002,229,0.0,0.0,0.0,-0.13717347383499146,-0.0775836855173111,-0.03387635201215744,-0.2527284622192383,-0.27533841133117676,-0.045237891376018524,-0.3166298270225525,-0.4420616626739502,-0.05969784036278725,-0.3708392083644867,-0.557540237903595,-0.07221812009811401,-0.17962682247161865,-0.4968601167201996,-0.022888556122779846,-0.20168177783489227,-0.7306792140007019,-0.059630248695611954,-0.20854756236076355,-0.8694508671760559,-0.07697274535894394,-0.21390336751937866,-1.0,-0.08857177197933197,-0.09944415837526321,-0.5092292428016663,-0.030118143185973167,-0.0981116071343422,-0.6204293966293335,-0.12070249766111374,-0.09040115028619766,-0.4396505653858185,-0.1462991088628769,-0.08779790997505188,-0.29285430908203125,-0.1390482634305954,-0.019195757806301117,-0.49860045313835144,-0.042104851454496384,-0.010011586360633373,-0.6021392345428467,-0.13086095452308655,-0.012239809148013592,-0.42153528332710266,-0.12777654826641083,-0.021005133166909218,-0.2852565050125122,-0.09722571074962616,0.060279134660959244,-0.46869754791259766,-0.05570124089717865,0.07873667776584625,-0.6435627341270447,-0.11215504258871078,0.08845312893390656,-0.7575113773345947,-0.11944041401147842,0.09424076974391937,-0.874224066734314,-0.10996141284704208
Love,Love_session_002,230,0.0,0.0,0.0,-0.13569426536560059,-0.07675953954458237,-0.03399315103888512,-0.25135210156440735,-0.2756198048591614,-0.04532821476459503,-0.3161276876926422,-0.44411319494247437,-0.05982945114374161,-0.3718278110027313,-0.5593668222427368,-0.07252601534128189,-0.17838099598884583,-0.4981057643890381,-0.022184211760759354,-0.20146575570106506,-0.7314393520355225,-0.059005893766880035,-0.2088327407836914,-0.8695149421691895,-0.07653451710939407,-0.21445707976818085,-1.0,-0.08827478438615799,-0.09884274750947952,-0.5110023021697998,-0.02945260889828205,-0.0981537252664566,-0.6249327063560486,-0.12026829272508621,-0.0909385159611702,-0.44505563378334045,-0.14648693799972534,-0.08830083906650543,-0.298583984375,-0.13970643281936646,-0.018829280510544777,-0.5014680027961731,-0.0415334515273571,-0.009912775829434395,-0.6069549322128296,-0.13038967549800873,-0.013215279206633568,-0.4271527826786041,-0.12799091637134552,-0.022756818681955338,-0.2906748950481415,-0.09802387654781342,0.06093155965209007,-0.4729689955711365,-0.0552222914993763,0.07903007417917252,-0.6494216322898865,-0.1113855242729187,0.08914905041456223,-0.7642495632171631,-0.11873634904623032,0.09525172412395477,-0.8806714415550232,-0.10947458446025848
Love,Love_session_002,231,0.0,0.0,0.0,-0.13578450679779053,-0.07456669956445694,-0.034009899944067,-0.2512628436088562,-0.27258455753326416,-0.045836228877305984,-0.31588658690452576,-0.4414064884185791,-0.06051268056035042,-0.3721790015697479,-0.5565676689147949,-0.07335850596427917,-0.17934934794902802,-0.49554142355918884,-0.02416856400668621,-0.20290344953536987,-0.7306488156318665,-0.060717418789863586,-0.2100249081850052,-0.8694737553596497,-0.07800312340259552,-0.2153664529323578,-1.0,-0.08974633365869522,-0.10022081434726715,-0.5076659321784973,-0.03141147270798683,-0.10049430280923843,-0.6222896575927734,-0.12102489918470383,-0.09337244182825089,-0.4416458010673523,-0.14590312540531158,-0.09023495018482208,-0.2952589690685272,-0.13860484957695007,-0.020358571782708168,-0.49731534719467163,-0.04339366406202316,-0.01227201521396637,-0.604653537273407,-0.13076245784759521,-0.015542469918727875,-0.4260600507259369,-0.12696482241153717,-0.024264715611934662,-0.29069578647613525,-0.09662972390651703,0.05942641571164131,-0.468817800283432,-0.05709114670753479,0.07677851617336273,-0.6455502510070801,-0.11282570660114288,0.08581520617008209,-0.7609952092170715,-0.11987880617380142,0.0914970114827156,-0.8786867260932922,-0.1106547862291336
Love,Love_session_002,232,0.0,0.0,0.0,-0.13549984991550446,-0.07357966154813766,-0.03477594256401062,-0.25275787711143494,-0.26980718970298767,-0.04695567861199379,-0.3190736770629883,-0.4416206181049347,-0.061892155557870865,-0.3762874901294708,-0.5583266615867615,-0.07499422132968903,-0.18286745250225067,-0.4940665066242218,-0.024540066719055176,-0.2070152461528778,-0.7298358082771301,-0.061834461987018585,-0.21468038856983185,-0.8688475489616394,-0.08006210625171661,-0.22041743993759155,-1.0,-0.09254055470228195,-0.10341474413871765,-0.5077397227287292,-0.03165068104863167,-0.10309457033872604,-0.6271078586578369,-0.12232159078121185,-0.09616754204034805,-0.44827568531036377,-0.148710235953331,-0.09416616708040237,-0.30195870995521545,-0.14252792298793793,-0.023097336292266846,-0.49927589297294617,-0.04346850514411926,-0.014042746275663376,-0.6138666868209839,-0.1315619796514511,-0.017662426456809044,-0.4365229308605194,-0.128627210855484,-0.02752665802836418,-0.2998603582382202,-0.09897001087665558,0.057112302631139755,-0.47206351161003113,-0.05699516460299492,0.07489033788442612,-0.6513432264328003,-0.11291690915822983,0.08427587151527405,-0.7682910561561584,-0.12012282013893127,0.08994317054748535,-0.8863152265548706,-0.11107137054204941
Love,Love_session_002,233,0.0,0.0,0.0,-0.13575932383537292,-0.0717625692486763,-0.034998249262571335,-0.2524411380290985,-0.2655472755432129,-0.047843653708696365,-0.31868976354599,-0.43661364912986755,-0.06344553828239441,-0.3760435879230499,-0.5539251565933228,-0.07704528421163559,-0.1838553100824356,-0.4922514855861664,-0.02443033643066883,-0.20821961760520935,-0.7282276749610901,-0.06217305734753609,-0.21550127863883972,-0.8688278198242188,-0.08124395459890366,-0.22072871029376984,-1.0,-0.09440053254365921,-0.10423291474580765,-0.5045109987258911,-0.03215206414461136,-0.10414618998765945,-0.626120388507843,-0.12426269799470901,-0.09740374982357025,-0.44958192110061646,-0.15198606252670288,-0.09486024081707001,-0.3027028739452362,-0.14659178256988525,-0.02351083606481552,-0.49510905146598816,-0.04457541182637215,-0.014735987409949303,-0.6101230382919312,-0.13360348343849182,-0.01868615485727787,-0.43195515871047974,-0.13058985769748688,-0.02826531231403351,-0.2925150692462921,-0.10073678940534592,0.057461775839328766,-0.4668867886066437,-0.058822862803936005,0.07421660423278809,-0.6454106569290161,-0.11576100438833237,0.08370372653007507,-0.764695405960083,-0.1230262964963913,0.09018579870462418,-0.8849698305130005,-0.11384376138448715
Love,Love_session_002,234,0.0,0.0,0.0,-0.1368657350540161,-0.07157722115516663,-0.03511377051472664,-0.2548730969429016,-0.2626193165779114,-0.04798690229654312,-0.32275062799453735,-0.4342438280582428,-0.06375595182180405,-0.38005220890045166,-0.5520967841148376,-0.07746477425098419,-0.1892678588628769,-0.4889310896396637,-0.02291594073176384,-0.21414215862751007,-0.7267631888389587,-0.06099409610033035,-0.22150097787380219,-0.8678789138793945,-0.08055970817804337,-0.22674231231212616,-1.0,-0.09390140324831009,-0.10959821939468384,-0.5047200322151184,-0.030540483072400093,-0.10811160504817963,-0.6294967532157898,-0.1232544556260109,-0.10075417160987854,-0.4541972577571869,-0.15181559324264526,-0.09853138029575348,-0.3062518239021301,-0.14669953286647797,-0.02842612750828266,-0.49889275431632996,-0.04295360669493675,-0.019343947991728783,-0.6148545145988464,-0.13256484270095825,-0.02223007008433342,-0.4353519380092621,-0.13000276684761047,-0.031521085649728775,-0.294598251581192,-0.1000281423330307,0.05261630564928055,-0.473898708820343,-0.057204533368349075,0.0708618238568306,-0.6542445421218872,-0.11395899951457977,0.07987768948078156,-0.7752116322517395,-0.12113935500383377,0.08531935513019562,-0.8962839841842651,-0.11178722977638245
Love,Love_session_002,235,0.0,0.0,0.0,-0.13726738095283508,-0.06730785965919495,-0.03707145154476166,-0.2549280524253845,-0.2572036683559418,-0.050527434796094894,-0.32287877798080444,-0.4290018379688263,-0.06671281903982162,-0.3813116252422333,-0.5477297902107239,-0.08062548190355301,-0.19120575487613678,-0.4886952042579651,-0.02296643704175949,-0.21821396052837372,-0.7255374789237976,-0.060530636459589005,-0.22589634358882904,-0.8677573204040527,-0.07955188304185867,-0.2311972975730896,-1.0,-0.09236268699169159,-0.11126556992530823,-0.5059977173805237,-0.02989659458398819,-0.11071622371673584,-0.6288208961486816,-0.12272390723228455,-0.10329411178827286,-0.45495420694351196,-0.1514737904071808,-0.10043437778949738,-0.30707383155822754,-0.14624419808387756,-0.030066663399338722,-0.501003086566925,-0.04187189042568207,-0.022724758833646774,-0.6145963072776794,-0.13214324414730072,-0.02521779015660286,-0.4349218010902405,-0.13045360147953033,-0.03351088613271713,-0.2937902808189392,-0.10073797404766083,0.051300011575222015,-0.47689732909202576,-0.055800288915634155,0.06816772371530533,-0.6569770574569702,-0.1136050820350647,0.07743225991725922,-0.7767013311386108,-0.12155573070049286,0.08320830762386322,-0.8969601988792419,-0.11238829046487808
Love,Love_session_002,236,0.0,0.0,0.0,-0.1392560750246048,-0.07509831339120865,-0.03664959967136383,-0.25685447454452515,-0.263176292181015,-0.04969317093491554,-0.327343612909317,-0.4335441291332245,-0.06593611091375351,-0.3855476975440979,-0.5532215237617493,-0.08008164912462234,-0.1948302537202835,-0.48917004466056824,-0.017909470945596695,-0.21785476803779602,-0.7246565222740173,-0.05585649609565735,-0.22503231465816498,-0.867293119430542,-0.07594718039035797,-0.23068217933177948,-1.0,-0.08960608392953873,-0.11462283879518509,-0.5056469440460205,-0.025728825479745865,-0.11226290464401245,-0.6356174349784851,-0.12052371352910995,-0.10184261202812195,-0.46027448773384094,-0.15178541839122772,-0.0990406796336174,-0.3076542317867279,-0.14728932082653046,-0.032666727900505066,-0.5001002550125122,-0.038773417472839355,-0.022240659222006798,-0.6201037764549255,-0.12981966137886047,-0.022241853177547455,-0.44638946652412415,-0.12971021234989166,-0.030995283275842667,-0.30563434958457947,-0.10045430809259415,0.04857481271028519,-0.47455033659935,-0.05383971706032753,0.06704472005367279,-0.6569352746009827,-0.11147632449865341,0.07584035396575928,-0.7800658345222473,-0.1199459359049797,0.0797910988330841,-0.9006913304328918,-0.11093469709157944
Love,Love_session_002,237,0.0,0.0,0.0,-0.14110159873962402,-0.07748652249574661,-0.038500282913446426,-0.2621399760246277,-0.2703322768211365,-0.051555681973695755,-0.33431294560432434,-0.4433908462524414,-0.06757811456918716,-0.3955763280391693,-0.5586209893226624,-0.08156517148017883,-0.20292465388774872,-0.4942459762096405,-0.017588544636964798,-0.22540192306041718,-0.7272453904151917,-0.056133631616830826,-0.23038069903850555,-0.8674324750900269,-0.07615760713815689,-0.2346925139427185,-1.0,-0.08944213390350342,-0.1213989406824112,-0.5114566683769226,-0.02450643666088581,-0.11121892184019089,-0.6431683301925659,-0.12124933302402496,-0.09757493436336517,-0.4626469910144806,-0.15342456102371216,-0.09601594507694244,-0.30911120772361755,-0.14851155877113342,-0.039687350392341614,-0.5062162280082703,-0.03682699799537659,-0.023689888417720795,-0.6282258033752441,-0.13105735182762146,-0.01906447857618332,-0.4530094265937805,-0.1322614997625351,-0.026937590911984444,-0.3130224943161011,-0.10251942276954651,0.0404728427529335,-0.4791543185710907,-0.05095731094479561,0.05946476757526398,-0.6612476110458374,-0.11043421179056168,0.07053541392087936,-0.782171905040741,-0.1190624088048935,0.07599548250436783,-0.9030106067657471,-0.10929281264543533
Love,Love_session_002,238,0.0,0.0,0.0,-0.1413201093673706,-0.07644413411617279,-0.03937504068017006,-0.2641697824001312,-0.26631635427474976,-0.053551044315099716,-0.3387620449066162,-0.43850311636924744,-0.0703611746430397,-0.4022691249847412,-0.552346408367157,-0.08478382974863052,-0.20538564026355743,-0.49451470375061035,-0.01988290622830391,-0.2288838028907776,-0.7287419438362122,-0.058642227202653885,-0.23424142599105835,-0.867809534072876,-0.0780305564403534,-0.23768648505210876,-1.0,-0.09078379720449448,-0.12343582510948181,-0.513742208480835,-0.026126284152269363,-0.1133180558681488,-0.6488749980926514,-0.12316039949655533,-0.0992465391755104,-0.46526047587394714,-0.15465566515922546,-0.09629437327384949,-0.31117603182792664,-0.14902442693710327,-0.041533540934324265,-0.5108270645141602,-0.03777400404214859,-0.026609711349010468,-0.629521906375885,-0.1320571005344391,-0.02195069007575512,-0.4550037384033203,-0.13333234190940857,-0.029163222759962082,-0.31793975830078125,-0.1036604791879654,0.03840035945177078,-0.4861302971839905,-0.0511653833091259,0.05946879833936691,-0.6702436208724976,-0.11119668185710907,0.0709696114063263,-0.7885554432868958,-0.12015821039676666,0.07565310597419739,-0.9077714085578918,-0.11045676469802856
Love,Love_session_002,239,0.0,0.0,0.0,-0.14180301129817963,-0.07131639122962952,-0.04261202737689018,-0.2681819200515747,-0.2564106583595276,-0.05797833204269409,-0.3440890908241272,-0.4267846345901489,-0.07556433230638504,-0.40723538398742676,-0.5423773527145386,-0.09054625034332275,-0.21296916902065277,-0.4840119183063507,-0.02342022769153118,-0.23914125561714172,-0.7244775295257568,-0.06303604692220688,-0.2439814805984497,-0.8656084537506104,-0.08137793093919754,-0.2468843311071396,-1.0,-0.09264199435710907,-0.13094764947891235,-0.5076634883880615,-0.027679884806275368,-0.116932213306427,-0.6441290378570557,-0.12492427229881287,-0.09292874485254288,-0.4637129008769989,-0.15417097508907318,-0.0844026431441307,-0.3108338415622711,-0.14636282622814178,-0.04923393949866295,-0.5098320841789246,-0.03783125802874565,-0.02964569255709648,-0.6314242482185364,-0.13342343270778656,-0.012378142215311527,-0.4612378776073456,-0.13417600095272064,-0.010594293475151062,-0.3262895941734314,-0.1030920147895813,0.031558141112327576,-0.4905357360839844,-0.04983845725655556,0.05152667313814163,-0.6736546754837036,-0.11005677282810211,0.06612161546945572,-0.7887697815895081,-0.11866934597492218,0.07328292727470398,-0.9046228528022766,-0.10811624675989151
Love,Love_session_002,240,0.0,0.0,0.0,-0.14203166961669922,-0.06629863381385803,-0.04273505508899689,-0.2702467441558838,-0.24644017219543457,-0.05883171781897545,-0.3497079610824585,-0.4119991660118103,-0.07754245400428772,-0.41303750872612,-0.5263664126396179,-0.09406279772520065,-0.21676196157932281,-0.4715462028980255,-0.02867008186876774,-0.24715721607208252,-0.7145563364028931,-0.07262861728668213,-0.25154709815979004,-0.8598363995552063,-0.0935191661119461,-0.25354135036468506,-1.0,-0.10564370453357697,-0.13356837630271912,-0.49605482816696167,-0.03347417712211609,-0.12126391381025314,-0.637834906578064,-0.13418422639369965,-0.09340974688529968,-0.46006032824516296,-0.1628728061914444,-0.08337003737688065,-0.3085010349750519,-0.15396003425121307,-0.05055395886301994,-0.5000942945480347,-0.04412480443716049,-0.031258586794137955,-0.6190414428710938,-0.14401370286941528,-0.007111800368875265,-0.44385620951652527,-0.14335934817790985,-0.0021197234746068716,-0.3065440058708191,-0.10957829654216766,0.03199685737490654,-0.48335814476013184,-0.056625742465257645,0.05288051441311836,-0.6713886260986328,-0.11895287036895752,0.06825022399425507,-0.7893189191818237,-0.1266578882932663,0.07511691004037857,-0.9065454006195068,-0.11453940719366074
Love,Love_session_002,241,0.0,0.0,0.0,-0.14213360846042633,-0.0570065900683403,-0.043768759816884995,-0.27247118949890137,-0.2394937425851822,-0.05970785766839981,-0.3507596254348755,-0.40604206919670105,-0.07773048430681229,-0.4128909409046173,-0.5234358906745911,-0.09328195452690125,-0.21898643672466278,-0.47301003336906433,-0.029771316796541214,-0.251336008310318,-0.7142751812934875,-0.07341950386762619,-0.2563571333885193,-0.8607900738716125,-0.09422413259744644,-0.25859588384628296,-1.0,-0.10634507238864899,-0.13538140058517456,-0.5015223622322083,-0.03391741216182709,-0.12307705730199814,-0.6432127952575684,-0.13401713967323303,-0.0959102138876915,-0.4643718898296356,-0.16209428012371063,-0.08590619266033173,-0.307877779006958,-0.15276868641376495,-0.0517980195581913,-0.5067794919013977,-0.04395061358809471,-0.03402096778154373,-0.6253466606140137,-0.14312541484832764,-0.00925846491008997,-0.4480827748775482,-0.14138390123844147,-0.0030939998105168343,-0.3069332242012024,-0.10695350170135498,0.031679876148700714,-0.4906202256679535,-0.05599869787693024,0.05084947869181633,-0.6790560483932495,-0.11865169554948807,0.0642685815691948,-0.7976383566856384,-0.12614591419696808,0.06920481473207474,-0.914712131023407,-0.11376084387302399
Love,Love_session_002,242,0.0,0.0,0.0,-0.14395125210285187,-0.056687578558921814,-0.042203113436698914,-0.27404260635375977,-0.2369784116744995,-0.05715201422572136,-0.35174044966697693,-0.40021222829818726,-0.07467127591371536,-0.4139144718647003,-0.5177208781242371,-0.08979790657758713,-0.21809539198875427,-0.47587040066719055,-0.02606135606765747,-0.25134462118148804,-0.7134146690368652,-0.06972283869981766,-0.2566744387149811,-0.8601655960083008,-0.09144926816225052,-0.2592881917953491,-1.0,-0.10429302603006363,-0.1332562267780304,-0.5032058358192444,-0.03115212358534336,-0.12203176319599152,-0.63998943567276,-0.13218891620635986,-0.09609226882457733,-0.4546172022819519,-0.1609610617160797,-0.0870664194226265,-0.2956204116344452,-0.1515721082687378,-0.04846569150686264,-0.5073201656341553,-0.04224296659231186,-0.03330710902810097,-0.6184067726135254,-0.1420738697052002,-0.011178155429661274,-0.4371040165424347,-0.14043313264846802,-0.007251833565533161,-0.2964332103729248,-0.10559586435556412,0.035664040595293045,-0.4910866618156433,-0.05525747686624527,0.053820569068193436,-0.6777371764183044,-0.11793980002403259,0.06510882824659348,-0.7937362194061279,-0.12485902011394501,0.06744197010993958,-0.9091941714286804,-0.11178971081972122
Love,Love_session_002,243,0.0,0.0,0.0,-0.14660748839378357,-0.0550391785800457,-0.04299156740307808,-0.2779342830181122,-0.23552341759204865,-0.05798502638936043,-0.3558657765388489,-0.4032498002052307,-0.07537245750427246,-0.41687944531440735,-0.5227872729301453,-0.09023880958557129,-0.2213001847267151,-0.4723294973373413,-0.024507207795977592,-0.25429168343544006,-0.7118144035339355,-0.06737281382083893,-0.2605926990509033,-0.8600254654884338,-0.08892606198787689,-0.2643897831439972,-1.0,-0.10175848007202148,-0.137278750538826,-0.5009830594062805,-0.0289688128978014,-0.12706099450588226,-0.6404162645339966,-0.1287652850151062,-0.10198098421096802,-0.4608486294746399,-0.15802790224552155,-0.09306943416595459,-0.30212274193763733,-0.1493128389120102,-0.053052738308906555,-0.5074459910392761,-0.03944455459713936,-0.04037647694349289,-0.6241102814674377,-0.1378413587808609,-0.018938589841127396,-0.44533368945121765,-0.136460080742836,-0.01401149109005928,-0.3030519187450409,-0.10223205387592316,0.031299442052841187,-0.49313613772392273,-0.05200304463505745,0.04758881404995918,-0.6783632636070251,-0.1133711040019989,0.05817602202296257,-0.7955742478370667,-0.12016688287258148,0.06119847297668457,-0.9109839797019958,-0.10734566301107407
Love,Love_session_002,244,0.0,0.0,0.0,-0.1479988843202591,-0.05602741613984108,-0.04365367814898491,-0.28093841671943665,-0.23595745861530304,-0.05877166613936424,-0.35936352610588074,-0.40386512875556946,-0.07628703117370605,-0.4204987585544586,-0.5261600017547607,-0.09102607518434525,-0.22267156839370728,-0.47401735186576843,-0.0238057691603899,-0.2554439604282379,-0.7140299081802368,-0.06655857712030411,-0.2624857723712921,-0.861315906047821,-0.0874669998884201,-0.2668282687664032,-1.0,-0.09979123622179031,-0.13718682527542114,-0.5014753341674805,-0.02839161455631256,-0.12757083773612976,-0.6452731490135193,-0.13033448159694672,-0.10233470797538757,-0.4628917872905731,-0.16026657819747925,-0.09286360442638397,-0.30039140582084656,-0.151250958442688,-0.05227923020720482,-0.5066936612129211,-0.03909735009074211,-0.04040344059467316,-0.6287950277328491,-0.14005525410175323,-0.017585139721632004,-0.4483531713485718,-0.13925188779830933,-0.011463450267910957,-0.30314692854881287,-0.10452210903167725,0.03263302519917488,-0.4910058081150055,-0.05175507813692093,0.0483798123896122,-0.6773127317428589,-0.11487895250320435,0.05822550505399704,-0.7951655387878418,-0.12243607640266418,0.059905413538217545,-0.9112122058868408,-0.10975082963705063
Love,Love_session_002,245,0.0,0.0,0.0,-0.14819003641605377,-0.05975652113556862,-0.041635219007730484,-0.28073349595069885,-0.24093365669250488,-0.0557142049074173,-0.3598337471485138,-0.4067208468914032,-0.07246588915586472,-0.41974639892578125,-0.5279737710952759,-0.08659707754850388,-0.22372737526893616,-0.47421470284461975,-0.02171657606959343,-0.2552083134651184,-0.7137787342071533,-0.0642157718539238,-0.2617243528366089,-0.8615606427192688,-0.08553443849086761,-0.2660582661628723,-1.0,-0.09821058809757233,-0.13888481259346008,-0.5029334425926208,-0.026560518890619278,-0.1288699060678482,-0.6454582810401917,-0.12716008722782135,-0.10383842885494232,-0.46477314829826355,-0.15710565447807312,-0.09501446038484573,-0.3035891652107239,-0.14839603006839752,-0.05390232428908348,-0.509635329246521,-0.03732321783900261,-0.04132537543773651,-0.6286272406578064,-0.13654018938541412,-0.019599542021751404,-0.4492647647857666,-0.13582973182201385,-0.014755495823919773,-0.30414879322052,-0.10154081135988235,0.030982179567217827,-0.49456143379211426,-0.049941908568143845,0.04605226591229439,-0.678779125213623,-0.11207770556211472,0.05586257576942444,-0.7962063550949097,-0.11955219507217407,0.058080945163965225,-0.9113255143165588,-0.1068747341632843
Love,Love_session_002,246,0.0,0.0,0.0,-0.14850814640522003,-0.06023513525724411,-0.042773935943841934,-0.28081175684928894,-0.24114011228084564,-0.056872446089982986,-0.35999369621276855,-0.40993693470954895,-0.07364670187234879,-0.4204375147819519,-0.5329063534736633,-0.08770361542701721,-0.22259055078029633,-0.476348340511322,-0.018743222579360008,-0.2546095848083496,-0.7137982249259949,-0.061403606086969376,-0.2615017294883728,-0.8617585897445679,-0.08316445350646973,-0.2657162845134735,-1.0,-0.09610192477703094,-0.13694733381271362,-0.5052443742752075,-0.023379551246762276,-0.12989093363285065,-0.6487383842468262,-0.1251143217086792,-0.10498770326375961,-0.468523234128952,-0.15634526312351227,-0.0952296257019043,-0.3061872720718384,-0.14799442887306213,-0.05134449526667595,-0.5121709704399109,-0.034246329218149185,-0.04175829887390137,-0.6330061554908752,-0.13456910848617554,-0.01944511942565441,-0.45328211784362793,-0.13413859903812408,-0.013404777273535728,-0.30754709243774414,-0.09951992332935333,0.03406088426709175,-0.49720320105552673,-0.04711128771305084,0.047417037189006805,-0.6809180974960327,-0.1094009056687355,0.05569097772240639,-0.7981218099594116,-0.11665309220552444,0.05628484487533569,-0.9133127927780151,-0.10371074825525284
Love,Love_session_002,247,0.0,0.0,0.0,-0.1499246507883072,-0.058652665466070175,-0.04100951924920082,-0.28257161378860474,-0.23769448697566986,-0.05439188331365585,-0.3607650399208069,-0.40674689412117004,-0.07062256336212158,-0.4205555319786072,-0.5296858549118042,-0.08422500640153885,-0.22261114418506622,-0.4714636206626892,-0.019208550453186035,-0.2549887001514435,-0.7119082808494568,-0.061791978776454926,-0.2620093524456024,-0.8604718446731567,-0.08358167111873627,-0.26612144708633423,-1.0,-0.0968957394361496,-0.13600224256515503,-0.49921292066574097,-0.02517012320458889,-0.13027478754520416,-0.6476737260818481,-0.12715008854866028,-0.1054639220237732,-0.4672687351703644,-0.15783226490020752,-0.09543035924434662,-0.30556124448776245,-0.14930234849452972,-0.04944959282875061,-0.5054594874382019,-0.03716282173991203,-0.04128139093518257,-0.6308944225311279,-0.13741566240787506,-0.018793268129229546,-0.4502336382865906,-0.1358504593372345,-0.012146816588938236,-0.30509093403816223,-0.10075318813323975,0.036479078233242035,-0.4901987314224243,-0.051102712750434875,0.05125913396477699,-0.6753107905387878,-0.11376048624515533,0.058667946606874466,-0.7936077117919922,-0.12102292478084564,0.057530563324689865,-0.911753237247467,-0.10841010510921478
Love,Love_session_002,248,0.0,0.0,0.0,-0.1482035368680954,-0.06151224672794342,-0.04109390825033188,-0.28060218691825867,-0.24143406748771667,-0.055202361196279526,-0.3593249022960663,-0.40844735503196716,-0.07212604582309723,-0.41848665475845337,-0.5326500535011292,-0.08623328804969788,-0.21999603509902954,-0.4765361249446869,-0.02007702924311161,-0.2514096200466156,-0.7150923013687134,-0.06334881484508514,-0.25794801115989685,-0.8625761866569519,-0.08582315593957901,-0.26215946674346924,-1.0,-0.0995967760682106,-0.1336173117160797,-0.5047459006309509,-0.026083655655384064,-0.1282939910888672,-0.6490416526794434,-0.1279405802488327,-0.10477270185947418,-0.46984198689460754,-0.15879209339618683,-0.09546764194965363,-0.308533251285553,-0.15065181255340576,-0.04688555747270584,-0.5107831358909607,-0.03810308128595352,-0.03874661773443222,-0.6309671998023987,-0.1376989632844925,-0.017172757536172867,-0.4512477517127991,-0.13573028147220612,-0.010776970535516739,-0.3050213158130646,-0.10061908513307571,0.03968536853790283,-0.49479958415031433,-0.05217980593442917,0.05397745966911316,-0.6776633262634277,-0.11477996408939362,0.06148533523082733,-0.7959300875663757,-0.1218455359339714,0.060922931879758835,-0.9123015999794006,-0.1089932844042778
Love,Love_session_002,249,0.0,0.0,0.0,-0.14745073020458221,-0.06583330035209656,-0.03891879320144653,-0.27923110127449036,-0.24958279728889465,-0.05162934958934784,-0.357281893491745,-0.4158772826194763,-0.06727191060781479,-0.4167860746383667,-0.5372884273529053,-0.08023422211408615,-0.21895232796669006,-0.4794711768627167,-0.01827789656817913,-0.2497388869524002,-0.7166687250137329,-0.05939729884266853,-0.25564682483673096,-0.8638206124305725,-0.08071447163820267,-0.25941041111946106,-1.0,-0.09399303048849106,-0.13373802602291107,-0.5052081346511841,-0.024656403809785843,-0.12731951475143433,-0.6473442316055298,-0.12343212962150574,-0.10658731311559677,-0.471658319234848,-0.15343476831912994,-0.09987767040729523,-0.31298893690109253,-0.14560863375663757,-0.04803130775690079,-0.5085145235061646,-0.036777738481760025,-0.04032805189490318,-0.6258043050765991,-0.13335667550563812,-0.02238643541932106,-0.44866710901260376,-0.13146831095218658,-0.019005464389920235,-0.30492475628852844,-0.0974702537059784,0.03721548989415169,-0.49007880687713623,-0.05079202353954315,0.05234484001994133,-0.6730397343635559,-0.11164864897727966,0.059370819479227066,-0.792062520980835,-0.11870941519737244,0.05813712999224663,-0.9085453748703003,-0.10647094249725342
Love,Love_session_002,250,0.0,0.0,0.0,-0.14546336233615875,-0.06475281715393066,-0.04048478603363037,-0.2749069929122925,-0.2504018545150757,-0.05344017967581749,-0.35200443863868713,-0.4175601303577423,-0.06893903762102127,-0.4130455553531647,-0.535240113735199,-0.08194271475076675,-0.21509243547916412,-0.4774473011493683,-0.023043768480420113,-0.24305498600006104,-0.7160332798957825,-0.06385257095098495,-0.24839989840984344,-0.8623167872428894,-0.08310001343488693,-0.2521253526210785,-1.0,-0.09467583149671555,-0.1300533562898636,-0.5031604766845703,-0.02830793522298336,-0.12112658470869064,-0.643521785736084,-0.12678317725658417,-0.09795310348272324,-0.4621184468269348,-0.15439073741436005,-0.0905754491686821,-0.3021973669528961,-0.1446058303117752,-0.04498763754963875,-0.506693422794342,-0.039231374859809875,-0.0332421138882637,-0.6247881650924683,-0.13701389729976654,-0.011949672363698483,-0.44643768668174744,-0.1347440928220749,-0.007969292812049389,-0.30436328053474426,-0.10001397877931595,0.040220215916633606,-0.4892246425151825,-0.05187984183430672,0.05551180616021156,-0.6729845404624939,-0.11359914392232895,0.06525101512670517,-0.7893347144126892,-0.12070975452661514,0.06600642949342728,-0.9054604172706604,-0.10828497260808945
Love,Love_session_002,251,0.0,0.0,0.0,-0.14321523904800415,-0.07078661769628525,-0.039615169167518616,-0.26867547631263733,-0.2566365897655487,-0.053191907703876495,-0.3444523811340332,-0.4232581555843353,-0.06955476105213165,-0.40427693724632263,-0.5427461862564087,-0.0833183228969574,-0.20708569884300232,-0.4807095229625702,-0.02144346944987774,-0.23388737440109253,-0.7171695828437805,-0.06363353878259659,-0.23752501606941223,-0.8638481497764587,-0.08558948338031769,-0.23986321687698364,-1.0,-0.09927907586097717,-0.12333914637565613,-0.5032441020011902,-0.027481695637106895,-0.11401664465665817,-0.6379249095916748,-0.12745918333530426,-0.09485390782356262,-0.4578849971294403,-0.15836477279663086,-0.09008870273828506,-0.2996273934841156,-0.1514279991388321,-0.03922996670007706,-0.504698634147644,-0.03909555822610855,-0.027376092970371246,-0.6208018064498901,-0.13679225742816925,-0.012594664469361305,-0.4446985125541687,-0.1362418681383133,-0.01289159432053566,-0.3015751540660858,-0.10337221622467041,0.04433548450469971,-0.4846140146255493,-0.05249471962451935,0.0611712783575058,-0.6657868027687073,-0.11482791602611542,0.07192645221948624,-0.7825089693069458,-0.12284645438194275,0.07466492056846619,-0.8976406455039978,-0.11107734590768814
Love,Love_session_002,252,0.0,0.0,0.0,-0.14060720801353455,-0.07062939554452896,-0.04151498153805733,-0.2640693187713623,-0.2568807601928711,-0.056184567511081696,-0.33724498748779297,-0.425956666469574,-0.07311058044433594,-0.396189421415329,-0.5462276339530945,-0.08706416189670563,-0.2002769112586975,-0.4887424409389496,-0.02355930767953396,-0.2224612534046173,-0.7247810959815979,-0.0637182891368866,-0.2253882735967636,-0.867904007434845,-0.08324795216321945,-0.2276347428560257,-1.0,-0.09533482789993286,-0.1170886978507042,-0.5069929361343384,-0.028221867978572845,-0.1084226444363594,-0.6324995160102844,-0.1251135617494583,-0.09363395720720291,-0.4537304639816284,-0.15404832363128662,-0.0910753533244133,-0.29727956652641296,-0.14673347771167755,-0.034161001443862915,-0.5037704110145569,-0.03865484148263931,-0.02186553366482258,-0.6145797967910767,-0.1351151466369629,-0.009895763359963894,-0.43752241134643555,-0.1344376653432846,-0.011317366734147072,-0.29593750834465027,-0.10212347656488419,0.04905150458216667,-0.4801907539367676,-0.050933126360177994,0.06786978989839554,-0.6597889065742493,-0.11284732818603516,0.07840884476900101,-0.7758548259735107,-0.12152016162872314,0.08112271130084991,-0.8921698331832886,-0.11067750304937363
Love,Love_session_002,253,0.0,0.0,0.0,-0.14043854176998138,-0.07105647772550583,-0.043202001601457596,-0.2615848183631897,-0.2563091516494751,-0.059812091290950775,-0.3342621326446533,-0.4261989891529083,-0.07856377959251404,-0.3923898935317993,-0.5512977838516235,-0.0943462997674942,-0.20108351111412048,-0.49332624673843384,-0.02399430423974991,-0.22199676930904388,-0.7265129685401917,-0.06562229990959167,-0.22345201671123505,-0.8684860467910767,-0.08718793094158173,-0.2239636778831482,-1.0,-0.10061287879943848,-0.118566133081913,-0.5114706754684448,-0.0283939391374588,-0.10718154162168503,-0.635079562664032,-0.1255306750535965,-0.09469912946224213,-0.4580433666706085,-0.1565084606409073,-0.09519822895526886,-0.3049640357494354,-0.15111126005649567,-0.036032214760780334,-0.5077193379402161,-0.03887378051877022,-0.021184228360652924,-0.6162842512130737,-0.13550202548503876,-0.013736824505031109,-0.43970170617103577,-0.13695886731147766,-0.019835371524095535,-0.29977181553840637,-0.10661415010690689,0.04638135805726051,-0.4832484722137451,-0.05138576030731201,0.06604597717523575,-0.6632744669914246,-0.11311948299407959,0.07910977303981781,-0.7787360548973083,-0.12244533747434616,0.08553726226091385,-0.8936241865158081,-0.11235299706459045
Love,Love_session_002,254,0.0,0.0,0.0,-0.13778220117092133,-0.07898794859647751,-0.0422082282602787,-0.2568214535713196,-0.26970797777175903,-0.05726807937026024,-0.3280174136161804,-0.43890580534935,-0.07464578747749329,-0.3869527578353882,-0.5611816644668579,-0.08905716240406036,-0.19536921381950378,-0.4975082576274872,-0.021800801157951355,-0.21461760997772217,-0.7301185131072998,-0.06093325838446617,-0.21622303128242493,-0.869591474533081,-0.08018528670072556,-0.21750809252262115,-1.0,-0.09236010164022446,-0.11375883966684341,-0.5144229531288147,-0.025916101410984993,-0.09990877658128738,-0.6337416768074036,-0.12137365341186523,-0.08778537064790726,-0.4543502926826477,-0.15130165219306946,-0.08864182233810425,-0.3017636835575104,-0.1455245018005371,-0.03251263499259949,-0.5082764625549316,-0.03599027544260025,-0.015078741125762463,-0.6166414618492126,-0.13134253025054932,-0.00845429114997387,-0.4398055076599121,-0.13243532180786133,-0.015276052057743073,-0.3001541495323181,-0.1022198498249054,0.048070501536130905,-0.4805010259151459,-0.04800490289926529,0.0695958361029625,-0.6593610048294067,-0.11000630259513855,0.0839448869228363,-0.7734800577163696,-0.12005283683538437,0.09121432900428772,-0.887700080871582,-0.11049968004226685
Love,Love_session_002,255,0.0,0.0,0.0,-0.13851827383041382,-0.0829181894659996,-0.04202879220247269,-0.255748450756073,-0.2735023498535156,-0.05704906955361366,-0.3260989785194397,-0.4438217580318451,-0.07469309121370316,-0.3844412565231323,-0.565909206867218,-0.08935224264860153,-0.1931464523077011,-0.49899834394454956,-0.020199134945869446,-0.2109510451555252,-0.732180655002594,-0.058859627693891525,-0.21179965138435364,-0.8703317642211914,-0.07782010734081268,-0.21215704083442688,-1.0,-0.08968733996152878,-0.11114870756864548,-0.5163275003433228,-0.024084797129034996,-0.09525254368782043,-0.6314842700958252,-0.11956440657377243,-0.08533976972103119,-0.450135737657547,-0.14985071122646332,-0.08765214681625366,-0.29697269201278687,-0.14439436793327332,-0.030058108270168304,-0.5108173489570618,-0.0339813195168972,-0.010769805870950222,-0.6197496056556702,-0.12951165437698364,-0.006708914879709482,-0.44065961241722107,-0.13098497688770294,-0.014720313251018524,-0.2988540828227997,-0.1010427176952362,0.04961375519633293,-0.4827101528644562,-0.04579867422580719,0.07334772497415543,-0.6602948904037476,-0.10739026218652725,0.08770302683115005,-0.7726609706878662,-0.11736413836479187,0.09535020589828491,-0.8847134709358215,-0.10786361992359161
Love,Love_session_002,256,0.0,0.0,0.0,-0.13875219225883484,-0.08071241527795792,-0.04378163069486618,-0.255571186542511,-0.2720218598842621,-0.059331975877285004,-0.3246231973171234,-0.443023681640625,-0.07729917019605637,-0.38295233249664307,-0.566315233707428,-0.09226890653371811,-0.19040614366531372,-0.5028665661811829,-0.020305614918470383,-0.20895808935165405,-0.7326211333274841,-0.059245724231004715,-0.2098553329706192,-0.8704379200935364,-0.07868636399507523,-0.20955030620098114,-1.0,-0.09084147214889526,-0.10781174153089523,-0.5179728269577026,-0.0240249615162611,-0.09407687187194824,-0.6349341869354248,-0.12079481780529022,-0.08625659346580505,-0.45495036244392395,-0.15236768126487732,-0.0887981653213501,-0.3014826476573944,-0.14729191362857819,-0.027036286890506744,-0.5101887583732605,-0.03404824435710907,-0.00905640609562397,-0.615064263343811,-0.1313571035861969,-0.007815185934305191,-0.4330606162548065,-0.13409492373466492,-0.017216941341757774,-0.2902253270149231,-0.10429981350898743,0.05249931663274765,-0.48085954785346985,-0.04608660936355591,0.07611696422100067,-0.6585931181907654,-0.10856977105140686,0.09157035499811172,-0.7721326947212219,-0.11903886497020721,0.1008203774690628,-0.8858276009559631,-0.10969240218400955
Love,Love_session_002,257,0.0,0.0,0.0,-0.1375112384557724,-0.07900293916463852,-0.042333561927080154,-0.25363728404045105,-0.27161914110183716,-0.057839535176754,-0.3220871090888977,-0.4436626434326172,-0.07577989250421524,-0.380599707365036,-0.566548764705658,-0.09090903401374817,-0.18694309890270233,-0.5014907121658325,-0.022169077768921852,-0.20411424338817596,-0.7324885725975037,-0.061224184930324554,-0.20467710494995117,-0.8698797821998596,-0.0808769091963768,-0.20410779118537903,-1.0,-0.09333118051290512,-0.10478921234607697,-0.5158278346061707,-0.026286859065294266,-0.08874278515577316,-0.6297197341918945,-0.12158962339162827,-0.08154603838920593,-0.4490796625614166,-0.15263885259628296,-0.08550594747066498,-0.2976750135421753,-0.14805330336093903,-0.024334240704774857,-0.5081191062927246,-0.036249175667762756,-0.005707152653485537,-0.614788830280304,-0.1313791275024414,-0.004927535075694323,-0.43421119451522827,-0.1331632137298584,-0.015130058862268925,-0.293190598487854,-0.10384992510080338,0.05491598695516586,-0.47949257493019104,-0.04816386476159096,0.07765069603919983,-0.6569254994392395,-0.10903634876012802,0.09364879876375198,-0.769550621509552,-0.11852016299962997,0.10406769812107086,-0.8821156620979309,-0.10903356224298477
Love,Love_session_002,258,0.0,0.0,0.0,-0.1369420737028122,-0.07890672236680984,-0.042189545929431915,-0.252299040555954,-0.27346736192703247,-0.0576406754553318,-0.31996950507164,-0.44548845291137695,-0.07530645281076431,-0.3778974711894989,-0.5676653385162354,-0.09020554274320602,-0.18405914306640625,-0.5035415887832642,-0.022819451987743378,-0.2000877857208252,-0.733468770980835,-0.061352457851171494,-0.20096586644649506,-0.8708587884902954,-0.08046053349971771,-0.2005075067281723,-1.0,-0.0925644189119339,-0.10157214850187302,-0.5156006813049316,-0.02697073481976986,-0.0853596106171608,-0.629788875579834,-0.1216302365064621,-0.0789736807346344,-0.45026442408561707,-0.1518745869398117,-0.08293189853429794,-0.2991802990436554,-0.1467609405517578,-0.020870991051197052,-0.5057117938995361,-0.03689902275800705,-0.0009091234533116221,-0.6097206473350525,-0.1318005919456482,-0.0012419676641002297,-0.4285391867160797,-0.13289079070091248,-0.012423385865986347,-0.2885390520095825,-0.10311544686555862,0.058795906603336334,-0.47576987743377686,-0.04873041436076164,0.08198197185993195,-0.652317464351654,-0.10926391184329987,0.09771369397640228,-0.7662853002548218,-0.11813943088054657,0.10801253467798233,-0.8813933730125427,-0.10830724984407425
Love,Love_session_002,259,0.0,0.0,0.0,-0.1354249268770218,-0.08024944365024567,-0.04349876567721367,-0.24958892166614532,-0.2746780514717102,-0.05968027561903,-0.3178260326385498,-0.4449734687805176,-0.07795816659927368,-0.37595492601394653,-0.5683816075325012,-0.09346587210893631,-0.1835082322359085,-0.5032233595848083,-0.023048395290970802,-0.19947485625743866,-0.7333542704582214,-0.062228091061115265,-0.1994830220937729,-0.8708200454711914,-0.08172467350959778,-0.19796612858772278,-1.0,-0.09396000951528549,-0.10095739364624023,-0.5146889686584473,-0.026731165125966072,-0.08454190194606781,-0.6285939812660217,-0.1223306879401207,-0.07697226107120514,-0.44838082790374756,-0.15308812260627747,-0.08009709417819977,-0.2980930805206299,-0.14797350764274597,-0.02014271914958954,-0.5040549635887146,-0.03639939799904823,0.000952431932091713,-0.608573853969574,-0.1319209188222885,-5.7009714510058984e-05,-0.4298226833343506,-0.1335783153772354,-0.012280631810426712,-0.29145699739456177,-0.10397996753454208,0.05947611480951309,-0.4732162356376648,-0.048058513551950455,0.08207083493471146,-0.6496344208717346,-0.10865135490894318,0.09829272329807281,-0.7632367014884949,-0.11752088367938995,0.10936428606510162,-0.8767020106315613,-0.10757521539926529
Love,Love_session_002,260,0.0,0.0,0.0,-0.13606633245944977,-0.08009519428014755,-0.041348647326231,-0.25076422095298767,-0.276206374168396,-0.05634988471865654,-0.318960040807724,-0.4456111788749695,-0.07370568066835403,-0.3771870732307434,-0.5671781897544861,-0.08853201568126678,-0.18234968185424805,-0.5006962418556213,-0.02368338033556938,-0.19892553985118866,-0.7325360178947449,-0.06196645647287369,-0.1997702568769455,-0.8701514601707458,-0.0806264579296112,-0.19906310737133026,-1.0,-0.09254192560911179,-0.0997978076338768,-0.5125064253807068,-0.02801615558564663,-0.08450336009263992,-0.6239306330680847,-0.12254884093999863,-0.07749704271554947,-0.4409830868244171,-0.15209753811359406,-0.08115806430578232,-0.2898935377597809,-0.14660502970218658,-0.01885887421667576,-0.5024880766868591,-0.03798997402191162,0.0015159610193222761,-0.6068320274353027,-0.1325245201587677,0.0005042146076448262,-0.4258677661418915,-0.13324777781963348,-0.0122498394921422,-0.2872042655944824,-0.10357280820608139,0.060438431799411774,-0.47264987230300903,-0.049782563000917435,0.08347424864768982,-0.6492713093757629,-0.10993627458810806,0.09947779774665833,-0.7621908187866211,-0.11860162019729614,0.10975097119808197,-0.8763370513916016,-0.10890739411115646
Love,Love_session_002,261,0.0,0.0,0.0,-0.1356610655784607,-0.07987784594297409,-0.04034791886806488,-0.24945130944252014,-0.2767696976661682,-0.055314354598522186,-0.3165397047996521,-0.44681575894355774,-0.07282158732414246,-0.37385571002960205,-0.568981409072876,-0.0879967138171196,-0.180916428565979,-0.5006259083747864,-0.02394421398639679,-0.1975666731595993,-0.7321535348892212,-0.06319185346364975,-0.1977238804101944,-0.8698213696479797,-0.08281262218952179,-0.19626356661319733,-1.0,-0.09533388167619705,-0.09850738197565079,-0.5116801857948303,-0.02902873232960701,-0.08310063183307648,-0.6246266961097717,-0.12399198114871979,-0.07732287794351578,-0.442486047744751,-0.15398474037647247,-0.08156102895736694,-0.29282885789871216,-0.14892297983169556,-0.017475275322794914,-0.5006099343299866,-0.03963547945022583,0.0029886201955378056,-0.6063653230667114,-0.13438382744789124,0.00044670532224699855,-0.42432543635368347,-0.1350984275341034,-0.012994780205190182,-0.2849296033382416,-0.10544852167367935,0.06204742565751076,-0.4691426455974579,-0.05200084298849106,0.08492972701787949,-0.6463272571563721,-0.1124192476272583,0.10096825659275055,-0.7608322501182556,-0.12115707993507385,0.1122424528002739,-0.8760541081428528,-0.11145539581775665
Love,Love_session_002,262,0.0,0.0,0.0,-0.13606680929660797,-0.08155275881290436,-0.041273850947618484,-0.24980181455612183,-0.27655377984046936,-0.0564550906419754,-0.317347913980484,-0.4460076093673706,-0.07424318790435791,-0.3750101625919342,-0.5670230388641357,-0.08967246115207672,-0.18073101341724396,-0.49981269240379333,-0.023181987926363945,-0.19742444157600403,-0.7318601608276367,-0.06208682432770729,-0.1975560039281845,-0.8699458837509155,-0.08107752352952957,-0.19605842232704163,-1.0,-0.09295649081468582,-0.09828970581293106,-0.511508584022522,-0.027874236926436424,-0.08354225009679794,-0.6247132420539856,-0.1232055127620697,-0.07817225903272629,-0.4433489739894867,-0.15321075916290283,-0.08283991366624832,-0.2928181290626526,-0.1476568877696991,-0.017546644434332848,-0.5011012554168701,-0.03831366449594498,0.0020617160480469465,-0.6047140955924988,-0.13377921283245087,-0.00027269619749858975,-0.42340096831321716,-0.13508380949497223,-0.01331409439444542,-0.28423649072647095,-0.10521525144577026,0.061685167253017426,-0.46996447443962097,-0.05055079981684685,0.08555828779935837,-0.6473091244697571,-0.11127875000238419,0.10194641351699829,-0.7616223096847534,-0.12031982839107513,0.11275841295719147,-0.8767879605293274,-0.11057137697935104
Love,Love_session_002,263,0.0,0.0,0.0,-0.13392412662506104,-0.08388439565896988,-0.04117397964000702,-0.24738121032714844,-0.2793627679347992,-0.05593482404947281,-0.3152015507221222,-0.4473186731338501,-0.07308176904916763,-0.3718346059322357,-0.5684938430786133,-0.08761650323867798,-0.17956086993217468,-0.5048742294311523,-0.021355876699090004,-0.1960567831993103,-0.7330226302146912,-0.05979686975479126,-0.1966576874256134,-0.8713621497154236,-0.07875105738639832,-0.195135235786438,-1.0,-0.09071871638298035,-0.09756363928318024,-0.5170943140983582,-0.025879649445414543,-0.08566441386938095,-0.6260038018226624,-0.12032105028629303,-0.07887719571590424,-0.44580066204071045,-0.1500186175107956,-0.07989909499883652,-0.29584237933158875,-0.14433716237545013,-0.016762400045990944,-0.50589519739151,-0.0363028421998024,0.0006583612994290888,-0.6015753149986267,-0.13055475056171417,-0.0014956757659092546,-0.4241601526737213,-0.131658673286438,-0.012658316642045975,-0.2875020503997803,-0.10200203210115433,0.0623772107064724,-0.474152147769928,-0.04859292134642601,0.0861612930893898,-0.6488286852836609,-0.10825230181217194,0.102059006690979,-0.7618178129196167,-0.1168416440486908,0.11258716136217117,-0.8742735385894775,-0.10700175166130066
Love,Love_session_002,264,0.0,0.0,0.0,-0.13468028604984283,-0.08376658707857132,-0.04045861214399338,-0.2469465583562851,-0.2778150141239166,-0.05458525940775871,-0.3132982552051544,-0.4470691680908203,-0.07108540087938309,-0.36852508783340454,-0.5675814747810364,-0.085091732442379,-0.17998364567756653,-0.4994472563266754,-0.02060939371585846,-0.19711564481258392,-0.7303445935249329,-0.058333564549684525,-0.19843415915966034,-0.8705683946609497,-0.07668590545654297,-0.1982763558626175,-1.0,-0.08824538439512253,-0.09903039783239365,-0.5121925473213196,-0.025009555742144585,-0.09156246483325958,-0.6247538924217224,-0.1181870624423027,-0.08270999789237976,-0.44502854347229004,-0.14644652605056763,-0.08142803609371185,-0.29413041472435,-0.1395527571439743,-0.018484974279999733,-0.5019953846931458,-0.03518899157643318,-0.0056234183721244335,-0.6019894480705261,-0.12716947495937347,-0.005691740661859512,-0.42773082852363586,-0.1269020289182663,-0.013952789828181267,-0.29242679476737976,-0.09653912484645844,0.06039992719888687,-0.4712839722633362,-0.04735390469431877,0.08235298842191696,-0.6425749063491821,-0.10528171062469482,0.09637968242168427,-0.7532103061676025,-0.11313744634389877,0.10530220717191696,-0.8639317154884338,-0.10290442407131195
Love,Love_session_002,265,0.0,0.0,0.0,-0.13475479185581207,-0.08413603156805038,-0.03651668131351471,-0.24827280640602112,-0.2787260115146637,-0.04913286492228508,-0.3127836287021637,-0.4498206675052643,-0.06414007395505905,-0.36661645770072937,-0.5687903165817261,-0.07680260390043259,-0.1794745922088623,-0.501590371131897,-0.021033285185694695,-0.19590672850608826,-0.7345765829086304,-0.056921567767858505,-0.1979694664478302,-0.8729775547981262,-0.07386481016874313,-0.1993749737739563,-1.0,-0.08482874184846878,-0.09909334033727646,-0.5129979848861694,-0.02683532051742077,-0.0985337495803833,-0.6285841464996338,-0.11619768291711807,-0.09197044372558594,-0.45192286372184753,-0.14280033111572266,-0.09154777228832245,-0.30491146445274353,-0.1361602544784546,-0.018544364720582962,-0.5025036931037903,-0.03767746686935425,-0.011644265614449978,-0.6016338467597961,-0.1255672723054886,-0.013494407758116722,-0.4295831024646759,-0.12398683279752731,-0.02277246303856373,-0.2971517741680145,-0.0944385901093483,0.06141401827335358,-0.4726986587047577,-0.05017818883061409,0.08161211013793945,-0.6470433473587036,-0.10502777993679047,0.09318011999130249,-0.7584470510482788,-0.11149416118860245,0.09844786673784256,-0.869697630405426,-0.10139339417219162
Love,Love_session_002,266,0.0,0.0,0.0,-0.1353653222322464,-0.08753645420074463,-0.031079880893230438,-0.24768325686454773,-0.2847304344177246,-0.04163351655006409,-0.3109765350818634,-0.4551915228366852,-0.05530263110995293,-0.36418694257736206,-0.5730867981910706,-0.0668804720044136,-0.17743311822414398,-0.501207172870636,-0.018424982205033302,-0.19110408425331116,-0.7372642755508423,-0.05236392468214035,-0.19347313046455383,-0.8746333122253418,-0.06840990483760834,-0.19585581123828888,-1.0,-0.07934743911027908,-0.09756727516651154,-0.5080790519714355,-0.026746008545160294,-0.09814286231994629,-0.6250399351119995,-0.11379195749759674,-0.09302252531051636,-0.4527554214000702,-0.1406036764383316,-0.09250343590974808,-0.3088531196117401,-0.13523538410663605,-0.017480039969086647,-0.4950338304042816,-0.03931571543216705,-0.011318832635879517,-0.6006274819374084,-0.1225053071975708,-0.017594004049897194,-0.43715184926986694,-0.12042325735092163,-0.02971443347632885,-0.3086518943309784,-0.09261056780815125,0.062345825135707855,-0.4635372757911682,-0.05335095897316933,0.08211053907871246,-0.6407111287117004,-0.10536728799343109,0.09203200787305832,-0.7562310695648193,-0.1113278940320015,0.09649412333965302,-0.8696712255477905,-0.10191275924444199
Love,Love_session_002,267,0.0,0.0,0.0,-0.13460277020931244,-0.09258916229009628,-0.028357068076729774,-0.24632158875465393,-0.29357683658599854,-0.035857319831848145,-0.30813470482826233,-0.46422070264816284,-0.04661194235086441,-0.3568667769432068,-0.5852346420288086,-0.05515845865011215,-0.17244228720664978,-0.5146051049232483,-0.011687998659908772,-0.1836848258972168,-0.7441262602806091,-0.04256212338805199,-0.18605932593345642,-0.8781197667121887,-0.057397663593292236,-0.18839335441589355,-1.0,-0.06796365976333618,-0.0925128385424614,-0.5179311633110046,-0.0195685476064682,-0.0949239656329155,-0.6325023770332336,-0.10374432802200317,-0.09562527388334274,-0.45759254693984985,-0.13067185878753662,-0.09891700744628906,-0.3128781318664551,-0.12598249316215515,-0.012788773514330387,-0.5016782283782959,-0.03153710439801216,-0.012067333795130253,-0.6088281273841858,-0.1130378246307373,-0.02281874045729637,-0.43752533197402954,-0.11121309548616409,-0.0367727093398571,-0.3047930896282196,-0.0840499997138977,0.06637723743915558,-0.4670027196407318,-0.04463542252779007,0.08732660859823227,-0.6413112878799438,-0.09699061512947083,0.09530731290578842,-0.7568405866622925,-0.10431862622499466,0.09772899001836777,-0.8740988373756409,-0.09610965102910995
Love,Love_session_002,268,0.0,0.0,0.0,-0.13451838493347168,-0.09704191237688065,-0.02263314463198185,-0.23973284661769867,-0.3040120005607605,-0.026869626715779305,-0.2938920855522156,-0.47377049922943115,-0.03519856184720993,-0.3318976163864136,-0.5977413654327393,-0.041769929230213165,-0.1558617204427719,-0.5112893581390381,-0.010391075164079666,-0.16673649847507477,-0.7438578605651855,-0.04043309763073921,-0.17074057459831238,-0.8782951831817627,-0.05334002152085304,-0.1735152006149292,-1.0,-0.06245216354727745,-0.07812299579381943,-0.5135112404823303,-0.019888535141944885,-0.08723447471857071,-0.6326276659965515,-0.10314900428056717,-0.0927869901061058,-0.4574849009513855,-0.12706904113292694,-0.09578628838062286,-0.3125405013561249,-0.12023919075727463,-0.0004693679220508784,-0.4975047707557678,-0.03300418704748154,-0.0033826064318418503,-0.6098390817642212,-0.11241331696510315,-0.02092691697180271,-0.4407597780227661,-0.10881082713603973,-0.03696185722947121,-0.3082601726055145,-0.08091060072183609,0.07764939218759537,-0.4632732570171356,-0.04693340137600899,0.09932175278663635,-0.6380248069763184,-0.09883955866098404,0.10497014969587326,-0.7551284432411194,-0.1070304661989212,0.10530821979045868,-0.8719820976257324,-0.099762462079525
Love,Love_session_002,269,0.0,0.0,0.0,-0.1348322480916977,-0.10027113556861877,-0.01924281381070614,-0.23552653193473816,-0.3143822252750397,-0.020655296742916107,-0.28178179264068604,-0.48306506872177124,-0.026810331270098686,-0.31566518545150757,-0.6042025685310364,-0.031252309679985046,-0.14208774268627167,-0.5217830538749695,-0.00814699474722147,-0.1496070772409439,-0.7509002089500427,-0.03681318089365959,-0.1524237096309662,-0.8828954696655273,-0.0476282574236393,-0.15473021566867828,-1.0,-0.05502912774682045,-0.06456688791513443,-0.5185619592666626,-0.018680356442928314,-0.07893360406160355,-0.6292421817779541,-0.100337453186512,-0.08818874508142471,-0.45278677344322205,-0.12161093205213547,-0.09092997014522552,-0.3091830909252167,-0.11297101527452469,0.012741995975375175,-0.49759918451309204,-0.0327736958861351,0.004110974725335836,-0.6017293930053711,-0.1123848408460617,-0.016751136630773544,-0.4317616820335388,-0.10779373347759247,-0.03171246126294136,-0.3001285195350647,-0.07879235595464706,0.09075678139925003,-0.4610885679721832,-0.04732070490717888,0.11244050413370132,-0.6323083639144897,-0.10064006596803665,0.11641473323106766,-0.7452194690704346,-0.10924822092056274,0.11566062271595001,-0.8587548732757568,-0.10185518115758896
Love,Love_session_002,270,0.0,0.0,0.0,-0.13156403601169586,-0.10754361003637314,-0.016522342339158058,-0.22804327309131622,-0.32807475328445435,-0.01625749096274376,-0.2709408700466156,-0.4961312413215637,-0.021181663498282433,-0.30064937472343445,-0.6151602268218994,-0.024856962263584137,-0.12892621755599976,-0.5230168104171753,-0.0057065957225859165,-0.1343829482793808,-0.75008225440979,-0.03246396780014038,-0.1370895355939865,-0.8830510377883911,-0.042737528681755066,-0.13934893906116486,-1.0,-0.05021049827337265,-0.053460150957107544,-0.5175115466117859,-0.017008649185299873,-0.06989185512065887,-0.6292257308959961,-0.09444819390773773,-0.08305727690458298,-0.4593178629875183,-0.1145876795053482,-0.08745841681957245,-0.3200445771217346,-0.1064937636256218,0.02226092666387558,-0.493188738822937,-0.03159593418240547,0.010445650666952133,-0.5941846966743469,-0.1072111576795578,-0.013852334581315517,-0.4281081557273865,-0.10171899199485779,-0.030081555247306824,-0.2996199429035187,-0.07344682514667511,0.09847159683704376,-0.4536040425300598,-0.04662904888391495,0.12067731469869614,-0.6246813535690308,-0.09683734178543091,0.12473022937774658,-0.7378003001213074,-0.1040257140994072,0.1248379647731781,-0.8496068120002747,-0.0966145247220993
Love,Love_session_002,271,0.0,0.0,0.0,-0.13035644590854645,-0.11173269897699356,-0.01639961078763008,-0.22020266950130463,-0.33808010816574097,-0.015284744091331959,-0.25642555952072144,-0.5058835744857788,-0.019412457942962646,-0.28212466835975647,-0.6249101161956787,-0.022158212959766388,-0.11909343302249908,-0.522050678730011,-0.005148269701749086,-0.1208050474524498,-0.7502020001411438,-0.03265043720602989,-0.12225274741649628,-0.8829451203346252,-0.042911119759082794,-0.12326641380786896,-1.0,-0.04997120052576065,-0.045717786997556686,-0.5128036737442017,-0.016466911882162094,-0.06328453868627548,-0.6319888234138489,-0.09601221233606339,-0.08069229871034622,-0.4595347046852112,-0.11562744528055191,-0.08591850847005844,-0.31736084818840027,-0.10571799427270889,0.02770250476896763,-0.48462268710136414,-0.031282294541597366,0.0159608181566,-0.5916828513145447,-0.10758916288614273,-0.0124354874715209,-0.42725232243537903,-0.1018952801823616,-0.029874706640839577,-0.2995482385158539,-0.07252810150384903,0.10199499130249023,-0.4421595335006714,-0.046724725514650345,0.12390030920505524,-0.611661970615387,-0.09755122661590576,0.12614428997039795,-0.7246389389038086,-0.10571590065956116,0.12605611979961395,-0.8363047242164612,-0.0984795019030571
Love,Love_session_002,272,0.0,0.0,0.0,-0.12558045983314514,-0.11817900091409683,-0.013228475116193295,-0.2099863737821579,-0.34808024764060974,-0.010075605474412441,-0.242894247174263,-0.5130806565284729,-0.012703301385045052,-0.26866182684898376,-0.6281090974807739,-0.014533027075231075,-0.10804392397403717,-0.5264002084732056,-0.0024747319985181093,-0.10671263933181763,-0.7524015307426453,-0.028046365827322006,-0.1075131744146347,-0.8848464488983154,-0.03646473214030266,-0.10802573710680008,-1.0,-0.04196116328239441,-0.03450987860560417,-0.5135746598243713,-0.014640524983406067,-0.05517842248082161,-0.6287946701049805,-0.09190751612186432,-0.07388631999492645,-0.4552156627178192,-0.11036448180675507,-0.07872962951660156,-0.31263092160224915,-0.09950993955135345,0.03827594220638275,-0.4818413257598877,-0.02982834354043007,0.02358289435505867,-0.5804811716079712,-0.10423692315816879,-0.00558591540902853,-0.4172038733959198,-0.09817291051149368,-0.023066390305757523,-0.29144567251205444,-0.06854422390460968,0.11163507401943207,-0.4375460147857666,-0.045288924127817154,0.1314929574728012,-0.6065753102302551,-0.09431973099708557,0.13461653888225555,-0.7172459959983826,-0.10098050534725189,0.13620391488075256,-0.8254278898239136,-0.09257934987545013
Love,Love_session_002,273,0.0,0.0,0.0,-0.1263127475976944,-0.11891866475343704,-0.013909632340073586,-0.2105991691350937,-0.3488772213459015,-0.011188562959432602,-0.24413368105888367,-0.5160701870918274,-0.0143128065392375,-0.2750958800315857,-0.6306642889976501,-0.01667248271405697,-0.10719776153564453,-0.5265072584152222,-0.000959857483394444,-0.10485190153121948,-0.7528912425041199,-0.02519160322844982,-0.10542159527540207,-0.884608268737793,-0.032913122326135635,-0.10648774355649948,-1.0,-0.03809842839837074,-0.033993229269981384,-0.5137202143669128,-0.01278679072856903,-0.05491988733410835,-0.6298415660858154,-0.08836749196052551,-0.07589662075042725,-0.4577091336250305,-0.1070031225681305,-0.08260423690080643,-0.3168122470378876,-0.09683752059936523,0.038062192499637604,-0.4815552830696106,-0.02776564471423626,0.023885376751422882,-0.5819453001022339,-0.1015288382768631,-0.008680903352797031,-0.4186985194683075,-0.09650203585624695,-0.028703222051262856,-0.29306718707084656,-0.06780766695737839,0.11084014922380447,-0.43639010190963745,-0.04299146682024002,0.1305483877658844,-0.6046819090843201,-0.09104083478450775,0.13335034251213074,-0.7142384052276611,-0.09771057218313217,0.134903222322464,-0.8204659223556519,-0.08961082994937897
Love,Love_session_002,274,0.0,0.0,0.0,-0.12583430111408234,-0.12285587191581726,-0.013925338163971901,-0.21026651561260223,-0.3509005904197693,-0.011668485589325428,-0.24468491971492767,-0.5176689624786377,-0.015435640700161457,-0.2758503258228302,-0.6343539953231812,-0.01853570155799389,-0.10709485411643982,-0.5243906378746033,9.300983947468922e-05,-0.10528735816478729,-0.7506401538848877,-0.024239148944616318,-0.10596954077482224,-0.8831684589385986,-0.0324731282889843,-0.10648182779550552,-1.0,-0.038067370653152466,-0.0343099981546402,-0.5129501223564148,-0.011837447993457317,-0.05629998445510864,-0.6304494738578796,-0.08734312653541565,-0.07625351846218109,-0.4610045254230499,-0.10684183984994888,-0.08173022419214249,-0.3204100728034973,-0.09736239910125732,0.03758428618311882,-0.48255249857902527,-0.02688414603471756,0.022119879722595215,-0.5830217599868774,-0.09976726770401001,-0.009344019927084446,-0.4209679365158081,-0.0946754589676857,-0.02796795219182968,-0.29461631178855896,-0.06607227772474289,0.11037100851535797,-0.43873682618141174,-0.04235493019223213,0.12943603098392487,-0.6087841391563416,-0.08921772241592407,0.13250845670700073,-0.7193487882614136,-0.09528445452451706,0.13441838324069977,-0.824823796749115,-0.0869104191660881
Love,Love_session_002,275,0.0,0.0,0.0,-0.1264902800321579,-0.11854967474937439,-0.015833089128136635,-0.21117505431175232,-0.34616556763648987,-0.014413422904908657,-0.24456080794334412,-0.5132215619087219,-0.01844686269760132,-0.2735220789909363,-0.6312520503997803,-0.021647457033395767,-0.10887214541435242,-0.5267603397369385,-0.0029164510779082775,-0.10831382125616074,-0.7527546286582947,-0.027761558070778847,-0.10866232961416245,-0.8841728568077087,-0.03588942438364029,-0.10885698348283768,-1.0,-0.041082583367824554,-0.03518891707062721,-0.5154149532318115,-0.013968389481306076,-0.05695245414972305,-0.6325526833534241,-0.0898459330201149,-0.07795721292495728,-0.46085864305496216,-0.10866869986057281,-0.08455581963062286,-0.31848564743995667,-0.09833502024412155,0.037265174090862274,-0.4836946725845337,-0.028295468538999557,0.021543238312005997,-0.5813295841217041,-0.10226667672395706,-0.010920698754489422,-0.41649943590164185,-0.09730641543865204,-0.030469847843050957,-0.2893712818622589,-0.06825540959835052,0.11035320162773132,-0.43837377429008484,-0.04307078197598457,0.1286763995885849,-0.6093314290046692,-0.09099645912647247,0.13138528168201447,-0.7204114198684692,-0.09752032905817032,0.1331244558095932,-0.8267064690589905,-0.08911220729351044
Love,Love_session_002,276,0.0,0.0,0.0,-0.1290685385465622,-0.1171036809682846,-0.01650979369878769,-0.21738092601299286,-0.3423249423503876,-0.016447896137833595,-0.25361377000808716,-0.5124950408935547,-0.02173660881817341,-0.2855061888694763,-0.6314163208007812,-0.026216676458716393,-0.11675699055194855,-0.5264540314674377,-0.002871130360290408,-0.11829949170351028,-0.7510662078857422,-0.028800809755921364,-0.11956089735031128,-0.883004367351532,-0.03867117315530777,-0.1201789453625679,-1.0,-0.04510483145713806,-0.04246020317077637,-0.5164746642112732,-0.01399640180170536,-0.05917588993906975,-0.6369654536247253,-0.08993841707706451,-0.07880380004644394,-0.4672970473766327,-0.10969702154397964,-0.08618312329053879,-0.32382163405418396,-0.10020912438631058,0.030750397592782974,-0.4869549572467804,-0.028488032519817352,0.017716411501169205,-0.5870817303657532,-0.10166212171316147,-0.012364400550723076,-0.4233541190624237,-0.09666679799556732,-0.03067450039088726,-0.29570329189300537,-0.06799846142530441,0.1046251505613327,-0.44324758648872375,-0.043579112738370895,0.12277858704328537,-0.6144963502883911,-0.09036336839199066,0.12514959275722504,-0.7260072231292725,-0.09612102806568146,0.12649476528167725,-0.8330019116401672,-0.0875648483633995
Love,Love_session_002,277,0.0,0.0,0.0,-0.12908844649791718,-0.11460703611373901,-0.01790260151028633,-0.22058813273906708,-0.3383541405200958,-0.0188191756606102,-0.2606472074985504,-0.5057781338691711,-0.024827865883708,-0.2952803075313568,-0.6220798492431641,-0.029882021248340607,-0.12397865206003189,-0.5298271179199219,-0.004243998322635889,-0.12802770733833313,-0.7533735632896423,-0.03006579726934433,-0.13048388063907623,-0.8833102583885193,-0.039035484194755554,-0.13206394016742706,-1.0,-0.04486895352602005,-0.04844679683446884,-0.5215086936950684,-0.015206377021968365,-0.06124979257583618,-0.6399756669998169,-0.09238313138484955,-0.08071659505367279,-0.4649662375450134,-0.11179647594690323,-0.089175283908844,-0.31989824771881104,-0.10164310783147812,0.02588576264679432,-0.4918670356273651,-0.02972344309091568,0.017905620858073235,-0.5891000628471375,-0.10580571740865707,-0.012750706635415554,-0.42237359285354614,-0.10170822590589523,-0.03284953162074089,-0.2948404550552368,-0.07278917729854584,0.10005446523427963,-0.4468729794025421,-0.04461035504937172,0.11919751018285751,-0.6203110218048096,-0.09302978962659836,0.12205501645803452,-0.733428955078125,-0.09930667281150818,0.12387123703956604,-0.842375636100769,-0.0908237174153328
Love,Love_session_002,278,0.0,0.0,0.0,-0.13126225769519806,-0.11032386124134064,-0.019346121698617935,-0.2274406999349594,-0.3295725882053375,-0.02203216403722763,-0.27183040976524353,-0.49669867753982544,-0.029926791787147522,-0.30897459387779236,-0.615864634513855,-0.036668550223112106,-0.1332864761352539,-0.5258984565734863,-0.005126623902469873,-0.1423453688621521,-0.7494390606880188,-0.033981211483478546,-0.14551053941249847,-0.880888044834137,-0.045868512243032455,-0.1462259143590927,-1.0,-0.05342921242117882,-0.05630515515804291,-0.518955647945404,-0.01672406680881977,-0.0684763565659523,-0.6457064151763916,-0.09738648682832718,-0.08521322906017303,-0.4718143343925476,-0.11906110495328903,-0.09183640033006668,-0.3242175877094269,-0.10983998328447342,0.01990983448922634,-0.49158021807670593,-0.03211943432688713,0.012673974968492985,-0.5972404479980469,-0.11093847453594208,-0.015378960408270359,-0.4267660975456238,-0.1067933514714241,-0.03325715661048889,-0.29303351044654846,-0.0769224762916565,0.09625299274921417,-0.44949692487716675,-0.04811657592654228,0.11423158645629883,-0.6282674670219421,-0.09761552512645721,0.11613848805427551,-0.7462995648384094,-0.10356327146291733,0.11702784895896912,-0.8595314621925354,-0.09450806677341461
Love,Love_session_002,279,0.0,0.0,0.0,-0.13131172955036163,-0.10431956499814987,-0.022372402250766754,-0.2310819774866104,-0.3181535005569458,-0.026962583884596825,-0.2786880433559418,-0.4850643575191498,-0.036545660346746445,-0.3192889094352722,-0.6044992804527283,-0.044816069304943085,-0.14324264228343964,-0.5249562859535217,-0.005768296308815479,-0.15554821491241455,-0.7480045557022095,-0.034643933176994324,-0.15914049744606018,-0.880271852016449,-0.04704767093062401,-0.16051393747329712,-1.0,-0.05520397424697876,-0.06628818064928055,-0.5236337184906006,-0.01618061028420925,-0.07846664637327194,-0.6436921954154968,-0.09577622264623642,-0.08973075449466705,-0.4719981849193573,-0.11772994697093964,-0.09425091743469238,-0.32595548033714294,-0.1093527302145958,0.010444458574056625,-0.5006073713302612,-0.03080761432647705,0.00499659264460206,-0.6043428182601929,-0.10922547429800034,-0.016950758174061775,-0.431728720664978,-0.10478392988443375,-0.03240267187356949,-0.2970576286315918,-0.0751413032412529,0.08777815848588943,-0.46094295382499695,-0.04641418531537056,0.10408364236354828,-0.637033224105835,-0.09573779255151749,0.1080440953373909,-0.7518866658210754,-0.10124807059764862,0.11043938994407654,-0.8628947138786316,-0.092031329870224
Love,Love_session_002,280,0.0,0.0,0.0,-0.1346561312675476,-0.10058292746543884,-0.02420429326593876,-0.23913738131523132,-0.30969950556755066,-0.029477542266249657,-0.2895668148994446,-0.47821834683418274,-0.03957124054431915,-0.3317471742630005,-0.598379909992218,-0.0480382926762104,-0.154783234000206,-0.5269773006439209,-0.0038727808278054,-0.16803817451000214,-0.7494799494743347,-0.03245799243450165,-0.17060144245624542,-0.8811860084533691,-0.045188553631305695,-0.17162863910198212,-1.0,-0.05363328754901886,-0.07535768300294876,-0.5269790887832642,-0.01374973263591528,-0.08612041920423508,-0.646626353263855,-0.09395401179790497,-0.09467985481023788,-0.47524645924568176,-0.11726544797420502,-0.09943908452987671,-0.3299579322338104,-0.10994629561901093,0.0030580449383705854,-0.5065845251083374,-0.028181450441479683,-0.0010472862049937248,-0.613362729549408,-0.10839830338954926,-0.020691193640232086,-0.43768665194511414,-0.10464426875114441,-0.03612644970417023,-0.30060553550720215,-0.07512237131595612,0.08162613958120346,-0.4685969650745392,-0.04360872507095337,0.09988962858915329,-0.6452071070671082,-0.09385967999696732,0.10583963990211487,-0.7614427804946899,-0.09939388185739517,0.10840155929327011,-0.876508891582489,-0.09006782621145248
Love,Love_session_002,281,0.0,0.0,0.0,-0.13627313077449799,-0.0937364473938942,-0.02762809582054615,-0.24453087151050568,-0.2990310490131378,-0.035465873777866364,-0.29908522963523865,-0.4679853618144989,-0.047564975917339325,-0.34477195143699646,-0.5896468758583069,-0.05785122513771057,-0.16634996235370636,-0.5283267498016357,-0.007570825517177582,-0.18380281329154968,-0.7482728958129883,-0.037866801023483276,-0.187290221452713,-0.8790152072906494,-0.051748067140579224,-0.18848325312137604,-1.0,-0.061053190380334854,-0.08545652776956558,-0.5333727598190308,-0.016775857657194138,-0.0956263393163681,-0.6526301503181458,-0.0986696258187294,-0.1005491092801094,-0.4770055413246155,-0.12228363752365112,-0.10395535081624985,-0.3289596140384674,-0.11498922854661942,-0.0050616334192454815,-0.5146325826644897,-0.03087618760764599,-0.009552366100251675,-0.6207571029663086,-0.11345355212688446,-0.025730034336447716,-0.4409777820110321,-0.11012960970401764,-0.039744384586811066,-0.3014828562736511,-0.08045770972967148,0.0747973695397377,-0.47616004943847656,-0.04614770784974098,0.09297055006027222,-0.6564297080039978,-0.09787695109844208,0.09902220964431763,-0.7736921906471252,-0.10390605032444,0.10045543313026428,-0.8902210593223572,-0.09481405466794968
Love,Love_session_002,282,0.0,0.0,0.0,-0.1388615369796753,-0.08732783794403076,-0.030696943402290344,-0.2525741457939148,-0.2883094847202301,-0.040175408124923706,-0.31130272150039673,-0.4574998617172241,-0.05358806997537613,-0.36081668734550476,-0.5787030458450317,-0.06494089961051941,-0.1794004589319229,-0.5265149474143982,-0.010236868634819984,-0.19905318319797516,-0.7470669746398926,-0.042117130011320114,-0.20324347913265228,-0.8774847388267517,-0.05654062703251839,-0.20534853637218475,-1.0,-0.06598269194364548,-0.09731940180063248,-0.5352619290351868,-0.019276423379778862,-0.10468528419733047,-0.6581119298934937,-0.10477424412965775,-0.10579660534858704,-0.4783787131309509,-0.12922191619873047,-0.10831695795059204,-0.3271113634109497,-0.12125995755195618,-0.015797562897205353,-0.5190144181251526,-0.03358343616127968,-0.019353024661540985,-0.6243365406990051,-0.12022751569747925,-0.02945939637720585,-0.44010815024375916,-0.11795665323734283,-0.04047952592372894,-0.2990635633468628,-0.08751574903726578,0.0651860311627388,-0.4828980267047882,-0.049174919724464417,0.08384403586387634,-0.6667906641960144,-0.10306725651025772,0.09199145436286926,-0.7851955890655518,-0.10969211161136627,0.09445282071828842,-0.9042401909828186,-0.10038439184427261
Love,Love_session_002,283,0.0,0.0,0.0,-0.14102058112621307,-0.08376192301511765,-0.030443454161286354,-0.255788654088974,-0.2801596224308014,-0.03953922539949417,-0.317487895488739,-0.44844985008239746,-0.05259929224848747,-0.36913347244262695,-0.5687603950500488,-0.06357274949550629,-0.1861972212791443,-0.5159998536109924,-0.008956518955528736,-0.20614206790924072,-0.7418084144592285,-0.04039096087217331,-0.21094253659248352,-0.8757994174957275,-0.05459454655647278,-0.21441537141799927,-1.0,-0.06387394666671753,-0.10455112904310226,-0.5279902219772339,-0.017961332574486732,-0.10987991839647293,-0.6530823707580566,-0.10358569025993347,-0.10777855664491653,-0.4740768373012543,-0.1287696361541748,-0.10911710560321808,-0.32213976979255676,-0.12105006724596024,-0.022800100967288017,-0.516662061214447,-0.0320567823946476,-0.024971887469291687,-0.6258243918418884,-0.11776849627494812,-0.03136801719665527,-0.44583842158317566,-0.11578154563903809,-0.040492620319128036,-0.3067954182624817,-0.08577518165111542,0.05827679857611656,-0.4847044348716736,-0.04742881655693054,0.07767905294895172,-0.6680341362953186,-0.10064496845006943,0.0864616334438324,-0.787263810634613,-0.1071302518248558,0.08909130841493607,-0.9078936576843262,-0.09759663045406342
Love,Love_session_002,284,0.0,0.0,0.0,-0.14345861971378326,-0.08179274946451187,-0.03056480549275875,-0.2611895799636841,-0.2755250632762909,-0.03912268951535225,-0.32664936780929565,-0.4429892897605896,-0.051508281379938126,-0.38048017024993896,-0.5606494545936584,-0.06181308999657631,-0.19351109862327576,-0.5080740451812744,-0.009351673536002636,-0.214925616979599,-0.7368233799934387,-0.041373804211616516,-0.22057680785655975,-0.8734729290008545,-0.05603461340069771,-0.2253371775150299,-1.0,-0.06553911417722702,-0.11065451800823212,-0.5229899883270264,-0.01803935132920742,-0.11562508344650269,-0.6510426998138428,-0.10510804504156113,-0.1107725203037262,-0.47433173656463623,-0.13127519190311432,-0.11061851680278778,-0.3200293481349945,-0.12392536550760269,-0.027822334319353104,-0.5163809657096863,-0.03174644336104393,-0.029656196013092995,-0.6267012357711792,-0.11854824423789978,-0.033789534121751785,-0.44800764322280884,-0.1177714541554451,-0.041932009160518646,-0.30663231015205383,-0.08817993104457855,0.054581232368946075,-0.4902888834476471,-0.046641942113637924,0.07218042761087418,-0.6761975288391113,-0.10034714639186859,0.07899225503206253,-0.7980617880821228,-0.10770539194345474,0.07914745807647705,-0.9188737869262695,-0.09869249910116196
Love,Love_session_002,285,0.0,0.0,0.0,-0.14576870203018188,-0.07542230933904648,-0.03219490498304367,-0.26687562465667725,-0.26898762583732605,-0.04049472510814667,-0.33575937151908875,-0.4369640350341797,-0.05250425264239311,-0.3903443217277527,-0.5553882122039795,-0.062189940363168716,-0.20212256908416748,-0.507433295249939,-0.008456731215119362,-0.2257285714149475,-0.73580402135849,-0.04169439524412155,-0.23232583701610565,-0.872903048992157,-0.05775045230984688,-0.23839722573757172,-1.0,-0.06833445280790329,-0.1190972551703453,-0.5260211229324341,-0.01682191900908947,-0.12392701208591461,-0.6576452851295471,-0.10690172761678696,-0.11590993404388428,-0.4781215488910675,-0.1349519044160843,-0.11414220929145813,-0.320066899061203,-0.1277979463338852,-0.0355287566781044,-0.5221337676048279,-0.03044520877301693,-0.035929758101701736,-0.6360931396484375,-0.11977831274271011,-0.03619140014052391,-0.4553505480289459,-0.12005677074193954,-0.042608682066202164,-0.31162506341934204,-0.09020671248435974,0.04724537953734398,-0.49768996238708496,-0.04542543366551399,0.06332318484783173,-0.6811121106147766,-0.10150407999753952,0.069903165102005,-0.8017508387565613,-0.11006730794906616,0.07013443112373352,-0.9215641021728516,-0.10115347802639008
Love,Love_session_002,286,0.0,0.0,0.0,-0.14568528532981873,-0.07294187694787979,-0.03610668703913689,-0.2698032557964325,-0.2630763351917267,-0.0462329275906086,-0.342338502407074,-0.42937877774238586,-0.059637077152729034,-0.40063685178756714,-0.5461980700492859,-0.07050921767950058,-0.21025340259075165,-0.5036198496818542,-0.011249245144426823,-0.23558486998081207,-0.7344425320625305,-0.04519614204764366,-0.24242903292179108,-0.8718767166137695,-0.06074622645974159,-0.24884694814682007,-1.0,-0.07065770030021667,-0.1259438693523407,-0.5267860889434814,-0.017888622358441353,-0.12975430488586426,-0.6568502187728882,-0.10938934981822968,-0.11675054579973221,-0.47588929533958435,-0.13712087273597717,-0.11159241199493408,-0.31943926215171814,-0.12933462858200073,-0.04142574593424797,-0.5265752673149109,-0.030234241858124733,-0.040098268538713455,-0.6410324573516846,-0.12261836230754852,-0.03625205159187317,-0.4581376910209656,-0.12356946617364883,-0.04009058699011803,-0.3137960433959961,-0.09320865571498871,0.04198378324508667,-0.5043781995773315,-0.044023022055625916,0.057581473141908646,-0.6898470520973206,-0.10222039371728897,0.06422433257102966,-0.8113375306129456,-0.11157798767089844,0.06446686387062073,-0.9322343468666077,-0.10267947614192963
Love,Love_session_002,287,0.0,0.0,0.0,-0.14638760685920715,-0.07011506706476212,-0.035755980759859085,-0.27313053607940674,-0.2590199410915375,-0.04658820480108261,-0.3475706875324249,-0.42604967951774597,-0.060923341661691666,-0.4077821671962738,-0.5407413244247437,-0.07303999364376068,-0.2173711210489273,-0.49778759479522705,-0.01303474884480238,-0.24518311023712158,-0.7314494848251343,-0.04899221286177635,-0.2524591386318207,-0.8700522780418396,-0.06634119898080826,-0.2595720589160919,-1.0,-0.0772927775979042,-0.13350117206573486,-0.5227428674697876,-0.02029328979551792,-0.13451799750328064,-0.6550239324569702,-0.11369865387678146,-0.11939200013875961,-0.4753546714782715,-0.1424563229084015,-0.11464317888021469,-0.3193995952606201,-0.13510333001613617,-0.0492841936647892,-0.5249089598655701,-0.03310728445649147,-0.044965971261262894,-0.6435132622718811,-0.12608221173286438,-0.03742467612028122,-0.4612570106983185,-0.126698836684227,-0.040619686245918274,-0.3161603510379791,-0.09600144624710083,0.03451813384890556,-0.5049903392791748,-0.04737538844347,0.04863477498292923,-0.6905964612960815,-0.10481751710176468,0.05429665371775627,-0.811536431312561,-0.1129671111702919,0.05305151268839836,-0.9314296245574951,-0.10312661528587341
Love,Love_session_002,288,0.0,0.0,0.0,-0.14727231860160828,-0.06782399863004684,-0.03556451573967934,-0.2742108702659607,-0.2580745816230774,-0.044671181589365005,-0.35012882947921753,-0.4238041639328003,-0.05720897391438484,-0.41154173016548157,-0.5346652269363403,-0.0674644410610199,-0.217989981174469,-0.4924076199531555,-0.012403663247823715,-0.24568131566047668,-0.7270939946174622,-0.04713963344693184,-0.25318342447280884,-0.8681812286376953,-0.06301824748516083,-0.2603043019771576,-1.0,-0.07308348268270493,-0.13462865352630615,-0.5198403000831604,-0.018532762303948402,-0.13493740558624268,-0.6500856280326843,-0.1103796511888504,-0.11721982061862946,-0.47126084566116333,-0.13768544793128967,-0.10931848734617233,-0.31679031252861023,-0.12971846759319305,-0.05046544969081879,-0.5242671966552734,-0.03018650785088539,-0.04516861215233803,-0.6375691890716553,-0.122916080057621,-0.03503251075744629,-0.45364809036254883,-0.12312767654657364,-0.035787731409072876,-0.30911675095558167,-0.09224087744951248,0.033729251474142075,-0.5061386823654175,-0.04324757680296898,0.046984169632196426,-0.6893675327301025,-0.10206182301044464,0.05413230508565903,-0.8084483742713928,-0.11116550117731094,0.05552300065755844,-0.926792562007904,-0.1017327681183815
Love,Love_session_002,289,0.0,0.0,0.0,-0.14607994258403778,-0.06529053300619125,-0.03540251776576042,-0.27333444356918335,-0.2582678198814392,-0.044606003910303116,-0.34915420413017273,-0.42681053280830383,-0.056999679654836655,-0.41198328137397766,-0.5347824692726135,-0.06734631210565567,-0.215035080909729,-0.49127113819122314,-0.014754420146346092,-0.24186460673809052,-0.7260084748268127,-0.050453320145606995,-0.24986565113067627,-0.8675669431686401,-0.06758762151002884,-0.25747206807136536,-1.0,-0.07888015359640121,-0.1320747286081314,-0.5163261890411377,-0.021502437070012093,-0.13041670620441437,-0.6477003693580627,-0.11507239192724228,-0.11325675994157791,-0.46834903955459595,-0.14391206204891205,-0.10633654147386551,-0.3135044276714325,-0.13697737455368042,-0.0485588014125824,-0.5183786153793335,-0.03342145308852196,-0.04120916500687599,-0.6340141892433167,-0.12635821104049683,-0.03220371901988983,-0.4504786431789398,-0.12622033059597015,-0.0349312499165535,-0.3054138123989105,-0.09540366381406784,0.035020612180233,-0.49799200892448425,-0.04681595414876938,0.04775252938270569,-0.6831445097923279,-0.10615285485982895,0.05542059242725372,-0.8068332672119141,-0.11516157537698746,0.05781352519989014,-0.9298849105834961,-0.10572618246078491
Love,Love_session_002,290,0.0,0.0,0.0,-0.14523184299468994,-0.06356138736009598,-0.036134399473667145,-0.272320419549942,-0.2544499337673187,-0.04613872617483139,-0.3474957346916199,-0.42426368594169617,-0.059417881071567535,-0.41085419058799744,-0.533050000667572,-0.07077597826719284,-0.21313990652561188,-0.4912523329257965,-0.01630394719541073,-0.23990103602409363,-0.7255614995956421,-0.052922606468200684,-0.24757924675941467,-0.8672540783882141,-0.07113225758075714,-0.25498712062835693,-1.0,-0.08324877917766571,-0.129864901304245,-0.5148761868476868,-0.023165281862020493,-0.12669119238853455,-0.6435662508010864,-0.118059903383255,-0.11054503172636032,-0.46191680431365967,-0.1483125388622284,-0.10482750087976456,-0.30682066082954407,-0.14260585606098175,-0.04643388092517853,-0.5162237286567688,-0.035161156207323074,-0.03785586357116699,-0.6345341801643372,-0.12933632731437683,-0.030925706028938293,-0.45092061161994934,-0.13010887801647186,-0.03533915430307388,-0.3051578402519226,-0.10003121942281723,0.036313626915216446,-0.49557551741600037,-0.048644572496414185,0.049600306898355484,-0.6800882816314697,-0.10911669582128525,0.058170635253190994,-0.8024953603744507,-0.11855190247297287,0.061662424355745316,-0.92447829246521,-0.10932604223489761
Love,Love_session_002,291,0.0,0.0,0.0,-0.1431111991405487,-0.06549400836229324,-0.03763744235038757,-0.267304390668869,-0.25414520502090454,-0.049627967178821564,-0.3415295481681824,-0.42135030031204224,-0.06496977806091309,-0.4049411714076996,-0.5274438858032227,-0.07820291817188263,-0.20862078666687012,-0.4926236867904663,-0.01903449557721615,-0.23472842574119568,-0.726474940776825,-0.05703875049948692,-0.24173641204833984,-0.8680789470672607,-0.07581455260515213,-0.24859292805194855,-1.0,-0.08801400661468506,-0.12615244090557098,-0.5141463875770569,-0.025787411257624626,-0.11996950209140778,-0.6410520672798157,-0.1224273219704628,-0.10466823726892471,-0.46057841181755066,-0.15306219458580017,-0.10120175778865814,-0.3067460358142853,-0.14729127287864685,-0.04395252838730812,-0.5143150687217712,-0.03783545643091202,-0.0336131751537323,-0.627018928527832,-0.13394884765148163,-0.026348724961280823,-0.4433841407299042,-0.13487552106380463,-0.03173135221004486,-0.2986028492450714,-0.10422863811254501,0.03742631897330284,-0.4927496314048767,-0.0514749251306057,0.052848730236291885,-0.676541268825531,-0.11313767731189728,0.06287454813718796,-0.7955302596092224,-0.12241175770759583,0.06618954241275787,-0.9145075678825378,-0.11258487403392792
Love,Love_session_002,292,0.0,0.0,0.0,-0.14001740515232086,-0.06760280579328537,-0.0376860573887825,-0.26068592071533203,-0.2581193745136261,-0.05039680749177933,-0.3329273760318756,-0.4273768365383148,-0.0663033276796341,-0.3970153331756592,-0.5344418287277222,-0.08014122396707535,-0.20355841517448425,-0.49198421835899353,-0.02089770883321762,-0.22753672301769257,-0.7270161509513855,-0.05810614675283432,-0.2328559309244156,-0.8682348728179932,-0.07664323598146439,-0.2384779155254364,-1.0,-0.08900560438632965,-0.12181199342012405,-0.5112398266792297,-0.027643639594316483,-0.11406810581684113,-0.6331614255905151,-0.12277480959892273,-0.10008148849010468,-0.453165203332901,-0.15324874222278595,-0.09683814644813538,-0.30066925287246704,-0.14840714633464813,-0.04021313041448593,-0.5098840594291687,-0.039486367255449295,-0.02734481915831566,-0.6235557198524475,-0.1341174840927124,-0.0222469549626112,-0.44154563546180725,-0.1351405680179596,-0.02894415892660618,-0.29742926359176636,-0.10571827739477158,0.040125973522663116,-0.48855671286582947,-0.05293216183781624,0.05621500313282013,-0.6716347336769104,-0.11394570022821426,0.06688055396080017,-0.7906336784362793,-0.1233169436454773,0.07182161509990692,-0.909197986125946,-0.1141452044248581
Love,Love_session_002,293,0.0,0.0,0.0,-0.13860513269901276,-0.07182618230581284,-0.03654048219323158,-0.2586653530597687,-0.2611755132675171,-0.04941021651029587,-0.33112698793411255,-0.426340788602829,-0.06602605432271957,-0.3944408595561981,-0.533108651638031,-0.08086348325014114,-0.20040808618068695,-0.4958486557006836,-0.02160022221505642,-0.22325177490711212,-0.7286285161972046,-0.05990339443087578,-0.22892996668815613,-0.8684653043746948,-0.07884038984775543,-0.2343054562807083,-1.0,-0.0911145806312561,-0.11913438886404037,-0.5140098929405212,-0.029191114008426666,-0.10791696608066559,-0.6326535940170288,-0.1256742775440216,-0.09448623657226562,-0.448138028383255,-0.156551793217659,-0.09263533353805542,-0.29433226585388184,-0.15144723653793335,-0.038548436015844345,-0.5110200047492981,-0.04175650700926781,-0.020774414762854576,-0.619581401348114,-0.13751088082790375,-0.01743834652006626,-0.4376848638057709,-0.1394481658935547,-0.027026373893022537,-0.29491811990737915,-0.11012379080057144,0.04067685455083847,-0.4873599708080292,-0.055709052830934525,0.057400718331336975,-0.6697574853897095,-0.11699648946523666,0.07027973234653473,-0.7859385013580322,-0.12614761292934418,0.07749558985233307,-0.9006326198577881,-0.11638784408569336
Love,Love_session_002,294,0.0,0.0,0.0,-0.14047303795814514,-0.0760316252708435,-0.03465507924556732,-0.25894150137901306,-0.26428067684173584,-0.04733769968152046,-0.33098751306533813,-0.4281183183193207,-0.06434887647628784,-0.39475736021995544,-0.5347118973731995,-0.07976759225130081,-0.19739919900894165,-0.4913766384124756,-0.020263927057385445,-0.21849288046360016,-0.7269848585128784,-0.05787324532866478,-0.22244484722614288,-0.8668333292007446,-0.07620836794376373,-0.22616806626319885,-1.0,-0.08807425200939178,-0.1153055876493454,-0.5086917877197266,-0.028563082218170166,-0.10218839347362518,-0.6269037127494812,-0.12364382296800613,-0.08962255716323853,-0.441745787858963,-0.1537887305021286,-0.08879083395004272,-0.28818586468696594,-0.14871618151664734,-0.03422338142991066,-0.5063444375991821,-0.041676197201013565,-0.017150305211544037,-0.6171726584434509,-0.1363469809293747,-0.013341451063752174,-0.4363984167575836,-0.13765084743499756,-0.021581098437309265,-0.29389867186546326,-0.10829814523458481,0.04479905962944031,-0.48405885696411133,-0.05612509697675705,0.062394555658102036,-0.6690804958343506,-0.11690068244934082,0.07694762200117111,-0.7850401997566223,-0.1258755773305893,0.08675648272037506,-0.8990576267242432,-0.11619061976671219
Love,Love_session_002,295,0.0,0.0,0.0,-0.1384950429201126,-0.07149791717529297,-0.03892504796385765,-0.2561662197113037,-0.2594500482082367,-0.0537593811750412,-0.3270252048969269,-0.4243881106376648,-0.07173378020524979,-0.3904619514942169,-0.5350942611694336,-0.08773861825466156,-0.19313403964042664,-0.492553174495697,-0.02631334587931633,-0.2132417857646942,-0.7274529933929443,-0.06528591364622116,-0.2157486230134964,-0.8668956160545349,-0.08448830246925354,-0.21819107234477997,-1.0,-0.09713104367256165,-0.11148761957883835,-0.507769763469696,-0.03260377049446106,-0.09579157084226608,-0.6214299201965332,-0.12890669703483582,-0.08411882072687149,-0.4338228106498718,-0.15924017131328583,-0.08531107008457184,-0.27994775772094727,-0.15459610521793365,-0.03081250749528408,-0.502556562423706,-0.04404009133577347,-0.011386453174054623,-0.6090888977050781,-0.14010556042194366,-0.010323544032871723,-0.42428308725357056,-0.14179618656635284,-0.02190643548965454,-0.2808171510696411,-0.11284776031970978,0.047712475061416626,-0.4773740768432617,-0.05706438049674034,0.06664081662893295,-0.6593015789985657,-0.11999271810054779,0.08193796128034592,-0.7753535509109497,-0.13062286376953125,0.0918382853269577,-0.8916723132133484,-0.12209612131118774
Love,Love_session_002,296,0.0,0.0,0.0,-0.13719525933265686,-0.07163093984127045,-0.03747021406888962,-0.25488483905792236,-0.25685134530067444,-0.05250973626971245,-0.32652589678764343,-0.4205927550792694,-0.07070362567901611,-0.38969677686691284,-0.5318745374679565,-0.0870152935385704,-0.19329692423343658,-0.4881237745285034,-0.028025344014167786,-0.21155864000320435,-0.7257291078567505,-0.06726881861686707,-0.21379472315311432,-0.8662416338920593,-0.08679626137018204,-0.2158680111169815,-1.0,-0.09954942762851715,-0.11265862733125687,-0.5036106705665588,-0.034435294568538666,-0.0959509089589119,-0.6173306107521057,-0.12911289930343628,-0.08448808640241623,-0.4339199960231781,-0.15895187854766846,-0.0854267105460167,-0.2840782105922699,-0.15463270246982574,-0.03230351209640503,-0.4997209906578064,-0.04551627114415169,-0.010038165375590324,-0.6087630391120911,-0.13952820003032684,-0.009870123118162155,-0.4256589114665985,-0.14031410217285156,-0.022457117214798927,-0.2838383913040161,-0.11146122962236404,0.04645403474569321,-0.4763997495174408,-0.05809749662876129,0.06697847694158554,-0.6597334146499634,-0.11916603893041611,0.0828804075717926,-0.7763081192970276,-0.12860412895679474,0.09432903677225113,-0.8925506472587585,-0.11948350071907043
Love,Love_session_002,297,0.0,0.0,0.0,-0.1379876434803009,-0.06809673458337784,-0.0377536416053772,-0.25664693117141724,-0.25315600633621216,-0.05218953266739845,-0.32841575145721436,-0.41521701216697693,-0.06954257935285568,-0.3912386894226074,-0.5262138247489929,-0.0850595086812973,-0.1926729828119278,-0.4829350709915161,-0.029170667752623558,-0.2114989012479782,-0.7229728698730469,-0.06713169813156128,-0.21405215561389923,-0.8658896088600159,-0.08521011471748352,-0.21618185937404633,-1.0,-0.09707321971654892,-0.11179843544960022,-0.4988577663898468,-0.03479520604014397,-0.09428652375936508,-0.6141030192375183,-0.1288820207118988,-0.0820925235748291,-0.4248999059200287,-0.1569824516773224,-0.08269994705915451,-0.26938435435295105,-0.15142980217933655,-0.03147178143262863,-0.49572616815567017,-0.04508275166153908,-0.009782645851373672,-0.6092196106910706,-0.13872089982032776,-0.008536173030734062,-0.42294764518737793,-0.13857723772525787,-0.01958617754280567,-0.27807432413101196,-0.10917063802480698,0.04707592353224754,-0.47322914004325867,-0.056858617812395096,0.0680813118815422,-0.656974196434021,-0.11864414066076279,0.08505567908287048,-0.7737908363342285,-0.12886764109134674,0.09750889241695404,-0.89068204164505,-0.12031540274620056
Love,Love_session_002,298,0.0,0.0,0.0,-0.13663046061992645,-0.06580378860235214,-0.03810395672917366,-0.2543390989303589,-0.25115421414375305,-0.05379802733659744,-0.3255922794342041,-0.4142145812511444,-0.07199040055274963,-0.38886791467666626,-0.5250500440597534,-0.08827412128448486,-0.19331352412700653,-0.4799603819847107,-0.03406020998954773,-0.21098767220973969,-0.7202054858207703,-0.07438414543867111,-0.2119002342224121,-0.8640926480293274,-0.09385255724191666,-0.21185141801834106,-1.0,-0.10658078640699387,-0.1107838824391365,-0.4943516254425049,-0.03989340364933014,-0.09335070848464966,-0.6114906072616577,-0.13510674238204956,-0.08111266791820526,-0.4217265546321869,-0.16276906430721283,-0.0818740725517273,-0.2682980000972748,-0.15710939466953278,-0.02866784855723381,-0.4901139438152313,-0.050206258893013,-0.007086651865392923,-0.6053725481033325,-0.14468012750148773,-0.00580754317343235,-0.41890764236450195,-0.14327138662338257,-0.01746930181980133,-0.2748009264469147,-0.11314753443002701,0.05149104818701744,-0.46708258986473083,-0.06196807697415352,0.07189800590276718,-0.6523253917694092,-0.12459439784288406,0.08794564008712769,-0.7692052721977234,-0.13434085249900818,0.09892625361680984,-0.8875054121017456,-0.1254018396139145
Love,Love_session_002,299,0.0,0.0,0.0,-0.13577215373516083,-0.06681390106678009,-0.0376315638422966,-0.25339606404304504,-0.2539840638637543,-0.0526515431702137,-0.32425785064697266,-0.4159121513366699,-0.07031604647636414,-0.3872629404067993,-0.5255416035652161,-0.08625325560569763,-0.19227878749370575,-0.48408153653144836,-0.03335672989487648,-0.20910800993442535,-0.7229015827178955,-0.07319215685129166,-0.2101481705904007,-0.8650997281074524,-0.09226115792989731,-0.2109214961528778,-1.0,-0.10467269271612167,-0.11125429719686508,-0.4984675645828247,-0.03905599191784859,-0.09215418249368668,-0.6128203868865967,-0.1328878104686737,-0.08029773086309433,-0.42592114210128784,-0.159931942820549,-0.08238037675619125,-0.2758541703224182,-0.1541612148284912,-0.030366620048880577,-0.4933360517024994,-0.04925880208611488,-0.007296247873455286,-0.6063264012336731,-0.1428123116493225,-0.0046508293598890305,-0.422507643699646,-0.14159514009952545,-0.016033969819545746,-0.28104060888290405,-0.11175460368394852,0.049229007214307785,-0.4694725573062897,-0.060868874192237854,0.06948066502809525,-0.6554259657859802,-0.1230192556977272,0.08621887862682343,-0.7728546261787415,-0.1327451765537262,0.09763209521770477,-0.8911898136138916,-0.1237938329577446
