label,session_id,sample_index,x_0,y_0,z_0,x_1,y_1,z_1,x_2,y_2,z_2,x_3,y_3,z_3,x_4,y_4,z_4,x_5,y_5,z_5,x_6,y_6,z_6,x_7,y_7,z_7,x_8,y_8,z_8,x_9,y_9,z_9,x_10,y_10,z_10,x_11,y_11,z_11,x_12,y_12,z_12,x_13,y_13,z_13,x_14,y_14,z_14,x_15,y_15,z_15,x_16,y_16,z_16,x_17,y_17,z_17,x_18,y_18,z_18,x_19,y_19,z_19,x_20,y_20,z_20
T,T_session_002,0,0.0,0.0,0.0,-0.14448916912078857,-0.23223310708999634,-0.01899842917919159,-0.19480961561203003,-0.5415131449699402,-0.01944735087454319,-0.15547160804271698,-0.8003296256065369,-0.030611032620072365,-0.1203802227973938,-0.979017972946167,-0.028841141611337662,-0.138279989361763,-0.752531886100769,0.04588637873530388,-0.17516689002513885,-1.0,-0.03572012111544609,-0.17933626472949982,-0.8081806302070618,-0.07386136054992676,-0.1542697697877884,-0.7006042003631592,-0.0833280086517334,-0.02749062143266201,-0.7281164526939392,0.02454305812716484,-0.041879743337631226,-0.9623364806175232,-0.049908172339200974,-0.07348974049091339,-0.6998372673988342,-0.05422000586986542,-0.05782833322882652,-0.6226940155029297,-0.034737106412649155,0.08413529396057129,-0.663752555847168,-0.013411602936685085,0.08311780542135239,-0.8844646215438843,-0.09681873023509979,0.026060400530695915,-0.6218603253364563,-0.05823299661278725,0.028366364538669586,-0.5184828042984009,-0.0065878028981387615,0.19799643754959106,-0.5642805099487305,-0.05473789572715759,0.1958572119474411,-0.7572358250617981,-0.09778013080358505,0.1324213445186615,-0.5898566246032715,-0.059743355959653854,0.11614836752414703,-0.48801156878471375,-0.01607070304453373
T,T_session_002,1,0.0,0.0,0.0,-0.14142602682113647,-0.22617977857589722,-0.016043737530708313,-0.195221409201622,-0.5495515465736389,-0.016245292499661446,-0.14981351792812347,-0.8137924671173096,-0.02824407070875168,-0.08865229785442352,-0.9890110492706299,-0.029204534366726875,-0.13300174474716187,-0.7674022316932678,0.045398298650979996,-0.1729326993227005,-1.0,-0.033510055392980576,-0.17994900047779083,-0.8520992398262024,-0.070888452231884,-0.15495803952217102,-0.7679569721221924,-0.08103611320257187,-0.022456882521510124,-0.7431209683418274,0.020584074780344963,-0.028851034119725227,-0.9812984466552734,-0.05910378694534302,-0.06840185075998306,-0.7218213677406311,-0.06480405479669571,-0.06063088774681091,-0.6399540305137634,-0.041814737021923065,0.08756914734840393,-0.6769328713417053,-0.019808074459433556,0.09383780509233475,-0.8970983624458313,-0.10500221699476242,0.03309854865074158,-0.6311193108558655,-0.06628486514091492,0.029163232073187828,-0.5291011929512024,-0.011422144249081612,0.19445018470287323,-0.5756641030311584,-0.06333910673856735,0.19507457315921783,-0.7690261006355286,-0.10604359954595566,0.13259857892990112,-0.5980451703071594,-0.06656407564878464,0.11580954492092133,-0.4995996356010437,-0.02047887071967125
T,T_session_002,2,0.0,0.0,0.0,-0.12425266951322556,-0.24397748708724976,-0.02832716517150402,-0.1663977950811386,-0.565140426158905,-0.03476567193865776,-0.13394097983837128,-0.8197242617607117,-0.051311738789081573,-0.09050560742616653,-0.9975656270980835,-0.053588543087244034,-0.09538418054580688,-0.7855456471443176,0.04288562387228012,-0.128780797123909,-1.0,-0.03714340552687645,-0.14248134195804596,-0.8036556839942932,-0.07187707722187042,-0.11725641787052155,-0.7261785864830017,-0.0803300142288208,0.011083046905696392,-0.7441302537918091,0.02457527257502079,-0.001953335013240576,-0.967410147190094,-0.05190765857696533,-0.04664985090494156,-0.7028860449790955,-0.0523126982152462,-0.027973584830760956,-0.6460594534873962,-0.02759428136050701,0.11268448829650879,-0.6637956500053406,-0.0117008863016963,0.11142389476299286,-0.8648318648338318,-0.09345131367444992,0.04453897476196289,-0.6059664487838745,-0.051300298422575,0.0485893078148365,-0.5198640823364258,0.004354983568191528,0.21014444530010223,-0.5568604469299316,-0.05280068889260292,0.20640157163143158,-0.7394870519638062,-0.0894644483923912,0.14027006924152374,-0.5799282193183899,-0.049200303852558136,0.12861809134483337,-0.4930729866027832,-0.003734911559149623
T,T_session_002,3,0.0,0.0,0.0,-0.12592151761054993,-0.21838214993476868,-0.02519839257001877,-0.16812148690223694,-0.5438587069511414,-0.02961554564535618,-0.11763139069080353,-0.7961155772209167,-0.043110840022563934,-0.05428405851125717,-0.9712125062942505,-0.04302692785859108,-0.10955114662647247,-0.7673575282096863,0.02956976741552353,-0.15853966772556305,-1.0,-0.05685626342892647,-0.16576778888702393,-0.8199443221092224,-0.09517500549554825,-0.1361573487520218,-0.7094597220420837,-0.1030358225107193,-0.004252281971275806,-0.7361695170402527,0.010365101508796215,-0.015951411798596382,-0.9603622555732727,-0.06988237798213959,-0.05796290934085846,-0.7114351391792297,-0.07230640202760696,-0.046427350491285324,-0.6346606016159058,-0.04878021031618118,0.0995190367102623,-0.6576152443885803,-0.025504669174551964,0.10237548500299454,-0.8685141801834106,-0.11156602948904037,0.034439362585544586,-0.6138219237327576,-0.07135193049907684,0.02934674359858036,-0.5108228921890259,-0.016516484320163727,0.2002376765012741,-0.5505465865135193,-0.06518059223890305,0.19691193103790283,-0.7349900007247925,-0.11021320521831512,0.1287924200296402,-0.5749964118003845,-0.07266844063997269,0.10962048172950745,-0.4774683117866516,-0.02760494500398636
T,T_session_002,4,0.0,0.0,0.0,-0.12135886400938034,-0.2253887951374054,-0.02911807782948017,-0.16007588803768158,-0.5558415651321411,-0.03524455428123474,-0.11635587364435196,-0.8110713958740234,-0.050293780863285065,-0.06788025796413422,-1.0,-0.05108476057648659,-0.10006622970104218,-0.7667224407196045,0.03384766727685928,-0.14808015525341034,-0.9913403987884521,-0.049598850309848785,-0.1572285294532776,-0.8006791472434998,-0.08458895981311798,-0.1248587816953659,-0.7049347162246704,-0.0914139375090599,0.003296682145446539,-0.733985424041748,0.01583913341164589,-0.007722318172454834,-0.9511484503746033,-0.06590092182159424,-0.05252738296985626,-0.6943506002426147,-0.06784450262784958,-0.036970481276512146,-0.6318045854568481,-0.04304862767457962,0.10267696529626846,-0.6563016176223755,-0.019657501950860023,0.10614191740751266,-0.8540822863578796,-0.10694043338298798,0.037013597786426544,-0.5987499356269836,-0.06630011647939682,0.036525629460811615,-0.5143013596534729,-0.010663782246410847,0.19739867746829987,-0.5525133013725281,-0.0595276840031147,0.19416245818138123,-0.7255643010139465,-0.10257133096456528,0.1264207512140274,-0.56200110912323,-0.06416165828704834,0.11135208606719971,-0.47490760684013367,-0.01883123628795147
T,T_session_002,5,0.0,0.0,0.0,-0.12145141512155533,-0.23789431154727936,-0.028095776215195656,-0.1532234102487564,-0.5712109804153442,-0.030912388116121292,-0.10219159722328186,-0.8182277083396912,-0.0425025150179863,-0.05212647467851639,-1.0,-0.0389641635119915,-0.09048382192850113,-0.7701165080070496,0.03888427093625069,-0.13769201934337616,-0.9884607791900635,-0.04283716902136803,-0.15230900049209595,-0.7855662107467651,-0.07628826797008514,-0.12106572091579437,-0.6959575414657593,-0.08267346024513245,0.010911946184933186,-0.734580934047699,0.021794147789478302,-0.002842354355379939,-0.9481224417686462,-0.05803390592336655,-0.05092493072152138,-0.6884863972663879,-0.05876574292778969,-0.030599845573306084,-0.6333141922950745,-0.03346593677997589,0.10849606245756149,-0.6553575992584229,-0.01312695350497961,0.1081577017903328,-0.8527275919914246,-0.09818433225154877,0.036103542894124985,-0.5967203974723816,-0.05702265724539757,0.04071882367134094,-0.518949568271637,-0.0016353609971702099,0.2011694461107254,-0.5541729927062988,-0.05259985104203224,0.19284187257289886,-0.7226596474647522,-0.09381300210952759,0.12345919013023376,-0.5608574151992798,-0.055946432054042816,0.11293553560972214,-0.4785948395729065,-0.011430271901190281
T,T_session_002,6,0.0,0.0,0.0,-0.12088584899902344,-0.2321603000164032,-0.029133493080735207,-0.1521831899881363,-0.5683107376098633,-0.03493349254131317,-0.1002800390124321,-0.8167685866355896,-0.04962029680609703,-0.04570761322975159,-1.0,-0.0506899394094944,-0.08630507439374924,-0.7721812129020691,0.031829915940761566,-0.13299213349819183,-0.999113142490387,-0.05452001094818115,-0.1534324735403061,-0.8148291110992432,-0.09286085516214371,-0.12555885314941406,-0.7025232911109924,-0.10081745684146881,0.014312196522951126,-0.7339614629745483,0.013980960473418236,0.004562343470752239,-0.954183042049408,-0.06941278278827667,-0.048726972192525864,-0.709101676940918,-0.07387794554233551,-0.03133038431406021,-0.6325832009315491,-0.050526611506938934,0.11104027926921844,-0.650087833404541,-0.021345777437090874,0.11696518957614899,-0.851725697517395,-0.10896636545658112,0.03907257318496704,-0.6057661175727844,-0.07056162506341934,0.03684096410870552,-0.5088890790939331,-0.01621825620532036,0.20457147061824799,-0.5402899980545044,-0.061099328100681305,0.2012418806552887,-0.7187922596931458,-0.1052049919962883,0.12771178781986237,-0.5644786953926086,-0.06879876554012299,0.11052026599645615,-0.4722925126552582,-0.024719465523958206
T,T_session_002,7,0.0,0.0,0.0,-0.11080971360206604,-0.23231141269207,-0.04245481640100479,-0.1408439725637436,-0.5595211982727051,-0.05544371157884598,-0.10778768360614777,-0.8110658526420593,-0.07753422111272812,-0.061048030853271484,-1.0,-0.08527631312608719,-0.06984179466962814,-0.7669757008552551,0.041464850306510925,-0.09545456618070602,-0.983742892742157,-0.04103647544980049,-0.12330951541662216,-0.7926129698753357,-0.07589322328567505,-0.10294213145971298,-0.7032380104064941,-0.0834023505449295,0.02741928957402706,-0.7250934839248657,0.028466353192925453,0.02637510560452938,-0.9403383135795593,-0.056071992963552475,-0.031437065452337265,-0.6857901215553284,-0.06194256991147995,-0.015144141390919685,-0.6229463815689087,-0.037947624921798706,0.1210111752152443,-0.6407091021537781,-0.004406502936035395,0.12912556529045105,-0.8288484215736389,-0.09471025317907333,0.04993119835853577,-0.5827624201774597,-0.060006532818078995,0.04720364511013031,-0.4995541572570801,-0.006327582057565451,0.21112734079360962,-0.5330154299736023,-0.042860522866249084,0.20761942863464355,-0.6950723528862,-0.08542909473180771,0.13626661896705627,-0.5487269163131714,-0.05144701898097992,0.12062188982963562,-0.4698399007320404,-0.008956902660429478
T,T_session_002,8,0.0,0.0,0.0,-0.10911644995212555,-0.23959535360336304,-0.041068632155656815,-0.134609192609787,-0.572657585144043,-0.051376260817050934,-0.1009572222828865,-0.8248252868652344,-0.0701814815402031,-0.05521118640899658,-1.0,-0.07451493293046951,-0.05997827649116516,-0.7765291929244995,0.037901539355516434,-0.08072047680616379,-0.9885879755020142,-0.04016480967402458,-0.10863813757896423,-0.7868992686271667,-0.07104555517435074,-0.08891590684652328,-0.7033637166023254,-0.0772399753332138,0.03670722618699074,-0.7248172163963318,0.025753308087587357,0.034678924828767776,-0.933975338935852,-0.054595064371824265,-0.025610901415348053,-0.6755515336990356,-0.05701890215277672,-0.01094404049217701,-0.6123683452606201,-0.03231536224484444,0.12970662117004395,-0.6326273083686829,-0.005310912616550922,0.13778647780418396,-0.8285964727401733,-0.0950792208313942,0.05557496100664139,-0.5770678520202637,-0.05865628272294998,0.0507546067237854,-0.4833308160305023,-0.004349036607891321,0.21848523616790771,-0.51756352186203,-0.041327767074108124,0.21478646993637085,-0.6892845630645752,-0.08647909015417099,0.13919271528720856,-0.5376060605049133,-0.05233766883611679,0.12054164707660675,-0.4487077295780182,-0.009470794349908829
T,T_session_002,9,0.0,0.0,0.0,-0.10858570039272308,-0.23765602707862854,-0.03917013853788376,-0.13005785644054413,-0.5639261603355408,-0.04913974180817604,-0.09020189940929413,-0.8158808946609497,-0.06732466071844101,-0.04832431674003601,-1.0,-0.07100118696689606,-0.06415390968322754,-0.7620227932929993,0.03570059686899185,-0.08236900717020035,-0.9839898943901062,-0.04411536082625389,-0.11129395663738251,-0.7848535776138306,-0.07709220796823502,-0.09470494836568832,-0.6837733387947083,-0.0834835022687912,0.03189217671751976,-0.715589702129364,0.023369058966636658,0.036129310727119446,-0.9299442768096924,-0.05624287948012352,-0.02340376377105713,-0.6767354011535645,-0.06033950671553612,-0.01113855093717575,-0.6052621603012085,-0.03739955648779869,0.1256767064332962,-0.6265656352043152,-0.007365659344941378,0.14125941693782806,-0.8246596455574036,-0.09452137351036072,0.0589410699903965,-0.5817025303840637,-0.059255242347717285,0.05037319287657738,-0.48741835355758667,-0.006938143167644739,0.2152763158082962,-0.5144422650337219,-0.04294945299625397,0.21815301477909088,-0.6846956014633179,-0.0867866799235344,0.1425100415945053,-0.5402238368988037,-0.05336301401257515,0.11984177678823471,-0.4538668990135193,-0.011631852015852928
T,T_session_002,10,0.0,0.0,0.0,-0.10574047267436981,-0.22735263407230377,-0.045752305537462234,-0.1268124282360077,-0.5591899752616882,-0.05811072140932083,-0.08408790081739426,-0.8133036494255066,-0.07721549272537231,-0.036274898797273636,-1.0,-0.08060509711503983,-0.06145145744085312,-0.7619718313217163,0.030334344133734703,-0.08237486332654953,-0.9859127998352051,-0.053812965750694275,-0.11317320168018341,-0.779790461063385,-0.08704033493995667,-0.09525717794895172,-0.6745416522026062,-0.09242332726716995,0.036387987434864044,-0.7160232663154602,0.021044475957751274,0.04004819691181183,-0.9233281016349792,-0.05975800007581711,-0.02178776264190674,-0.6673263311386108,-0.06084153801202774,-0.005045284051448107,-0.6089884042739868,-0.035825859755277634,0.12998944520950317,-0.6238181591033936,-0.00807169172912836,0.14433367550373077,-0.8153253793716431,-0.0959714949131012,0.06055883318185806,-0.571397602558136,-0.05716903507709503,0.058506276458501816,-0.49271300435066223,-0.002969317603856325,0.21887382864952087,-0.5113866925239563,-0.0429539792239666,0.2181246280670166,-0.6755912899971008,-0.08646668493747711,0.14374972879886627,-0.5279700756072998,-0.05158059671521187,0.12893669307231903,-0.45042794942855835,-0.009143778122961521
T,T_session_002,11,0.0,0.0,0.0,-0.10557821393013,-0.23634347319602966,-0.04189124330878258,-0.12142937630414963,-0.5632710456848145,-0.0516912043094635,-0.07534762471914291,-0.8105760216712952,-0.06862005591392517,-0.03507200628519058,-1.0,-0.07069699466228485,-0.055261705070734024,-0.7677619457244873,0.03372098505496979,-0.07795239239931107,-0.9881863594055176,-0.04755942150950432,-0.11200624704360962,-0.7902030348777771,-0.081125907599926,-0.09476079046726227,-0.686004638671875,-0.08751233667135239,0.04243429750204086,-0.7187289595603943,0.02312423847615719,0.04396282508969307,-0.9260827898979187,-0.05610065162181854,-0.02100520394742489,-0.6751440763473511,-0.05975829437375069,-0.004497298505157232,-0.6112703680992126,-0.036957211792469025,0.13542312383651733,-0.6237172484397888,-0.006455371156334877,0.1488153636455536,-0.8156322240829468,-0.09237903356552124,0.06184953451156616,-0.5776042938232422,-0.05612827464938164,0.0594254694879055,-0.4954899251461029,-0.004178582224994898,0.22273720800876617,-0.5083142518997192,-0.04137619212269783,0.22058343887329102,-0.6713874340057373,-0.0840073898434639,0.1446916162967682,-0.5282648801803589,-0.050164029002189636,0.130872905254364,-0.45102861523628235,-0.008724684827029705
T,T_session_002,12,0.0,0.0,0.0,-0.10614965856075287,-0.23064810037612915,-0.04013465717434883,-0.122496098279953,-0.5622491240501404,-0.0485161617398262,-0.07403682917356491,-0.8095507025718689,-0.06363174319267273,-0.03344695642590523,-1.0,-0.06291739642620087,-0.05808868631720543,-0.7630202770233154,0.031342748552560806,-0.08480624109506607,-0.9916056990623474,-0.052679650485515594,-0.11442457884550095,-0.7856931686401367,-0.08760643750429153,-0.09665326774120331,-0.6755633354187012,-0.09397188574075699,0.03874994069337845,-0.7174277901649475,0.020814772695302963,0.03932226076722145,-0.9264547824859619,-0.0576288215816021,-0.02119079791009426,-0.6731809973716736,-0.05972753465175629,-0.0043455082923173904,-0.6112572550773621,-0.03645559400320053,0.1314186155796051,-0.625076413154602,-0.008688527159392834,0.1449722945690155,-0.8188207149505615,-0.09237802028656006,0.06205574423074722,-0.5769102573394775,-0.053254012018442154,0.060997724533081055,-0.49781590700149536,-0.00033742774394340813,0.2192259281873703,-0.5122445821762085,-0.04372188448905945,0.21992921829223633,-0.6743722558021545,-0.08513816446065903,0.14520224928855896,-0.5284456014633179,-0.05002368986606598,0.13040649890899658,-0.45309269428253174,-0.00804598443210125
T,T_session_002,13,0.0,0.0,0.0,-0.10878796130418777,-0.23452259600162506,-0.04025585204362869,-0.12271872907876968,-0.5702590346336365,-0.04684484377503395,-0.06692179292440414,-0.8151165246963501,-0.059079743921756744,-0.02032630331814289,-1.0,-0.054640818387269974,-0.063303641974926,-0.7681747078895569,0.027242353186011314,-0.092929907143116,-0.9965412616729736,-0.05827717483043671,-0.1204790323972702,-0.7870035171508789,-0.09224870800971985,-0.10182828456163406,-0.6728360652923584,-0.09726318717002869,0.0365532785654068,-0.7229695916175842,0.01751832291483879,0.0355774462223053,-0.9330750703811646,-0.06249041482806206,-0.0239146389067173,-0.6752813458442688,-0.06295964121818542,-0.005710072349756956,-0.615890383720398,-0.037957534193992615,0.13179728388786316,-0.6301620602607727,-0.01107717864215374,0.143564835190773,-0.822630763053894,-0.0956546738743782,0.060393769294023514,-0.574686586856842,-0.05461728200316429,0.06152437627315521,-0.4995775520801544,-0.00016928785771597177,0.22089645266532898,-0.5185414552688599,-0.04524952173233032,0.21900779008865356,-0.6766873002052307,-0.08750715851783752,0.14495417475700378,-0.527733325958252,-0.05204382911324501,0.13319726288318634,-0.45626914501190186,-0.009570804424583912
T,T_session_002,14,0.0,0.0,0.0,-0.11002782732248306,-0.2405831664800644,-0.04100246727466583,-0.1225849986076355,-0.5781562924385071,-0.04781581833958626,-0.06511590629816055,-0.8190783858299255,-0.059737078845500946,-0.015421790070831776,-0.9968662858009338,-0.054903294891119,-0.06034495308995247,-0.7798975110054016,0.025060191750526428,-0.0884353294968605,-1.0,-0.05956146493554115,-0.11724964529275894,-0.7875726222991943,-0.09429051727056503,-0.09939268231391907,-0.6736742854118347,-0.1008366271853447,0.041378289461135864,-0.7295129299163818,0.01535183098167181,0.040565695613622665,-0.9325200319290161,-0.06411944329738617,-0.021026788279414177,-0.6752843260765076,-0.06592696160078049,-0.004558851011097431,-0.6175037026405334,-0.042804960161447525,0.1370401531457901,-0.6327031850814819,-0.012938231229782104,0.15011516213417053,-0.8195005059242249,-0.0962614119052887,0.06424551457166672,-0.5740344524383545,-0.056251827627420425,0.06343893706798553,-0.5005190372467041,-0.0037124883383512497,0.22497175633907318,-0.5174420475959778,-0.04697106033563614,0.22354036569595337,-0.669045627117157,-0.08906975388526917,0.14712083339691162,-0.5191130042076111,-0.05426895618438721,0.13414441049098969,-0.4491100013256073,-0.012893833220005035
T,T_session_002,15,0.0,0.0,0.0,-0.10673152655363083,-0.24098528921604156,-0.03679335489869118,-0.12066841870546341,-0.5750949382781982,-0.044092174619436264,-0.06482718139886856,-0.8155928254127502,-0.05801183730363846,-0.01666644960641861,-1.0,-0.05584681034088135,-0.055074144154787064,-0.7777958512306213,0.02910665236413479,-0.08624134957790375,-0.9975014925003052,-0.056151941418647766,-0.11698572337627411,-0.7882657647132874,-0.09190447628498077,-0.09960084408521652,-0.674730122089386,-0.09892313927412033,0.04466591030359268,-0.730767011642456,0.016286121681332588,0.039998073130846024,-0.9335852861404419,-0.06275337189435959,-0.021934058517217636,-0.6812316179275513,-0.06488828361034393,-0.003046490950509906,-0.6225804090499878,-0.041984204202890396,0.13917191326618195,-0.6365014314651489,-0.015086349099874496,0.1486389935016632,-0.8226878643035889,-0.0967961773276329,0.06320428103208542,-0.5835518836975098,-0.05640896409749985,0.06515192240476608,-0.5121292471885681,-0.003938229288905859,0.2268306165933609,-0.5212148427963257,-0.05207377299666405,0.22179849445819855,-0.674931526184082,-0.0915646031498909,0.14652924239635468,-0.5308979153633118,-0.05557628348469734,0.13629378378391266,-0.46219363808631897,-0.013776827603578568
T,T_session_002,16,0.0,0.0,0.0,-0.10646400600671768,-0.24169635772705078,-0.04490022361278534,-0.12050282210111618,-0.5710809826850891,-0.054412517696619034,-0.06624625623226166,-0.8177028894424438,-0.0686715841293335,-0.022834982722997665,-1.0,-0.06591372936964035,-0.056116268038749695,-0.7722921967506409,0.023646339774131775,-0.07935626059770584,-0.9932833313941956,-0.057541538029909134,-0.11129509657621384,-0.7849464416503906,-0.08855737000703812,-0.0921797826886177,-0.6931889653205872,-0.09468013048171997,0.043271034955978394,-0.7232345938682556,0.014951732940971851,0.04296073690056801,-0.9301489591598511,-0.06412576138973236,-0.020800508558750153,-0.6788613200187683,-0.06431300193071365,-0.0016600743401795626,-0.6322745680809021,-0.04067884758114815,0.13803315162658691,-0.6284928917884827,-0.012551146559417248,0.1508590281009674,-0.820996105670929,-0.09679432958364487,0.06420602649450302,-0.5809051394462585,-0.05596427246928215,0.06596551835536957,-0.5128005146980286,-0.0030405602883547544,0.22650687396526337,-0.5149194598197937,-0.0461871363222599,0.22339865565299988,-0.6672031283378601,-0.089470274746418,0.1475100964307785,-0.523273229598999,-0.05582656338810921,0.13657636940479279,-0.4546322226524353,-0.015352624468505383
T,T_session_002,17,0.0,0.0,0.0,-0.11024302244186401,-0.2422344982624054,-0.04149097204208374,-0.12891623377799988,-0.583278477191925,-0.04961167275905609,-0.07303184270858765,-0.8319104909896851,-0.06322380155324936,-0.017490731552243233,-1.0,-0.05925512686371803,-0.0593416690826416,-0.7810916304588318,0.024956675246357918,-0.07790177315473557,-0.9977602958679199,-0.05670016258955002,-0.11126651614904404,-0.7831233739852905,-0.0853818953037262,-0.09686843305826187,-0.688130795955658,-0.08909490704536438,0.039717722684144974,-0.729655385017395,0.013678515329957008,0.0421343632042408,-0.9337701201438904,-0.06616774201393127,-0.021026579663157463,-0.6799077391624451,-0.06360533088445663,-0.004747333470731974,-0.6344584822654724,-0.03710472211241722,0.1358460783958435,-0.6342267394065857,-0.01641286164522171,0.1498861312866211,-0.8243919014930725,-0.10076308995485306,0.06572918593883514,-0.581927478313446,-0.05771011859178543,0.06496933847665787,-0.5167991518974304,-0.003060449380427599,0.2263491451740265,-0.5191941857337952,-0.052426572889089584,0.227072611451149,-0.6747926473617554,-0.09517642855644226,0.15306393802165985,-0.5288625955581665,-0.05979792773723602,0.13999518752098083,-0.4622304141521454,-0.01810719259083271
T,T_session_002,18,0.0,0.0,0.0,-0.10887186229228973,-0.2537694573402405,-0.038616206496953964,-0.12728765606880188,-0.5986253023147583,-0.04479349032044411,-0.07831891626119614,-0.8488608002662659,-0.05726462975144386,-0.027230752632021904,-1.0,-0.052101630717515945,-0.04718682914972305,-0.8006693720817566,0.03180178627371788,-0.06532077491283417,-0.9995596408843994,-0.04496290534734726,-0.10304903239011765,-0.786402702331543,-0.07089024782180786,-0.08455386012792587,-0.7134859561920166,-0.07525129616260529,0.052024804055690765,-0.7393128275871277,0.018791839480400085,0.050503164529800415,-0.9347460865974426,-0.058338429778814316,-0.019023699685931206,-0.680979311466217,-0.053451549261808395,0.0011486891889944673,-0.6488959193229675,-0.02615453116595745,0.14644508063793182,-0.6394839286804199,-0.01299712061882019,0.1548444777727127,-0.821432888507843,-0.09502913057804108,0.06656190007925034,-0.5798128247261047,-0.05045272782444954,0.07220704853534698,-0.5218498706817627,0.004442041274160147,0.2344687134027481,-0.5232707858085632,-0.0507529117166996,0.22929881513118744,-0.6727786064147949,-0.08999212086200714,0.1519216001033783,-0.526241660118103,-0.05306677520275116,0.14374518394470215,-0.4614272713661194,-0.011190615594387054
T,T_session_002,19,0.0,0.0,0.0,-0.10353829711675644,-0.23332169651985168,-0.038163065910339355,-0.12101969122886658,-0.564309298992157,-0.04641226679086685,-0.06458381563425064,-0.8064175844192505,-0.06009407341480255,-0.011929282918572426,-0.9831750988960266,-0.05705076828598976,-0.0549001507461071,-0.7805944681167603,0.01931663788855076,-0.0804109126329422,-1.0,-0.06775684654712677,-0.11837470531463623,-0.8083164095878601,-0.10122299939393997,-0.1076243594288826,-0.698583722114563,-0.10624905675649643,0.04445427283644676,-0.7280046343803406,0.00769090885296464,0.043978381901979446,-0.927168607711792,-0.0727754533290863,-0.02124512381851673,-0.6847532391548157,-0.07179910689592361,-0.006008812226355076,-0.6341268420219421,-0.047345008701086044,0.14065179228782654,-0.631645679473877,-0.02219768986105919,0.15270885825157166,-0.8175373673439026,-0.10662876069545746,0.06417497247457504,-0.5841449499130249,-0.06439821422100067,0.06025008112192154,-0.5157597661018372,-0.010891050100326538,0.23120753467082977,-0.5147246718406677,-0.057533103972673416,0.23138080537319183,-0.6724405884742737,-0.1023930236697197,0.1535254865884781,-0.5317091345787048,-0.06798025220632553,0.13623733818531036,-0.46302348375320435,-0.026659835129976273
T,T_session_002,20,0.0,0.0,0.0,-0.10504826158285141,-0.24765564501285553,-0.043578870594501495,-0.1198631301522255,-0.5720478892326355,-0.053274840116500854,-0.06712982803583145,-0.8130784630775452,-0.06696011871099472,-0.02833542227745056,-0.9981281161308289,-0.06363615393638611,-0.051311127841472626,-0.79320228099823,0.01842476800084114,-0.07848825305700302,-1.0,-0.06450214236974716,-0.12050660699605942,-0.8093041181564331,-0.09472504258155823,-0.10418045520782471,-0.7108442783355713,-0.09968971461057663,0.05066554993391037,-0.7372115850448608,0.009310603141784668,0.044765960425138474,-0.9300819635391235,-0.0718599185347557,-0.023600462824106216,-0.6841471791267395,-0.07116612792015076,-0.0009152533602900803,-0.6397172808647156,-0.04708930477499962,0.14722372591495514,-0.6366304159164429,-0.01826508902013302,0.15174253284931183,-0.8144985437393188,-0.10361018031835556,0.061226021498441696,-0.5818114280700684,-0.061965327709913254,0.06569526344537735,-0.5193520188331604,-0.00914073083549738,0.23582325875759125,-0.5184324979782104,-0.051759690046310425,0.22604729235172272,-0.6639971137046814,-0.09754934906959534,0.14746783673763275,-0.5267699956893921,-0.06542836129665375,0.13819456100463867,-0.464535653591156,-0.026016881689429283
T,T_session_002,21,0.0,0.0,0.0,-0.10211831331253052,-0.23516137897968292,-0.04505319520831108,-0.12261533737182617,-0.5561141967773438,-0.05739838257431984,-0.07641898840665817,-0.8046339154243469,-0.07447820901870728,-0.03383491560816765,-0.9963585734367371,-0.07430584728717804,-0.048642996698617935,-0.7848045825958252,0.021009156480431557,-0.0663825273513794,-1.0,-0.06372276693582535,-0.11280854046344757,-0.8158281445503235,-0.0964171439409256,-0.10025133937597275,-0.7110001444816589,-0.10270445793867111,0.04985383525490761,-0.729498565196991,0.01243422832340002,0.04924578592181206,-0.9270713925361633,-0.06740358471870422,-0.02361898496747017,-0.6851368546485901,-0.0670141950249672,-0.0024687140248715878,-0.6369337439537048,-0.043622344732284546,0.14365288615226746,-0.6315850615501404,-0.015278949402272701,0.1519450843334198,-0.8179841637611389,-0.09767026454210281,0.05990080535411835,-0.5912503004074097,-0.05572853237390518,0.06404098868370056,-0.5246975421905518,-0.003486722009256482,0.23197898268699646,-0.514646589756012,-0.04943329468369484,0.22489263117313385,-0.6655043363571167,-0.09204765409231186,0.14525209367275238,-0.5350926518440247,-0.05971469357609749,0.13518305122852325,-0.47161582112312317,-0.020843755453824997
T,T_session_002,22,0.0,0.0,0.0,-0.1051410436630249,-0.23581714928150177,-0.04970206692814827,-0.12471599876880646,-0.5564590096473694,-0.06620849668979645,-0.0766143724322319,-0.7998502254486084,-0.0870705246925354,-0.03129122033715248,-0.9920774698257446,-0.09134296327829361,-0.04504009708762169,-0.7841704487800598,0.017760207876563072,-0.06123262643814087,-1.0,-0.07179796695709229,-0.11612511426210403,-0.8373461961746216,-0.10700757801532745,-0.11431406438350677,-0.7289919853210449,-0.11331877112388611,0.051487989723682404,-0.7276387810707092,0.010024147108197212,0.052098244428634644,-0.9219133257865906,-0.07412969321012497,-0.02310113236308098,-0.6777171492576599,-0.07395415753126144,-0.0031293323263525963,-0.6313960552215576,-0.04886136204004288,0.14432668685913086,-0.6276454329490662,-0.017630696296691895,0.15203030407428741,-0.8106631636619568,-0.10653723776340485,0.06063840165734291,-0.5797567367553711,-0.06438407301902771,0.06367837637662888,-0.5159109234809875,-0.009899408556520939,0.23093879222869873,-0.5082411766052246,-0.0518694669008255,0.22573032975196838,-0.6569145917892456,-0.1015109270811081,0.14650516211986542,-0.5211588144302368,-0.06977826356887817,0.13461937010288239,-0.45919740200042725,-0.02956197038292885
T,T_session_002,23,0.0,0.0,0.0,-0.09697678685188293,-0.24029944837093353,-0.05224936455488205,-0.11610141396522522,-0.5534833073616028,-0.07103310525417328,-0.07216108590364456,-0.7992702722549438,-0.09442448616027832,-0.02932242676615715,-0.9957457780838013,-0.10162719339132309,-0.040996577590703964,-0.7872762084007263,0.0194596778601408,-0.05596177652478218,-1.0,-0.06808450073003769,-0.1093929260969162,-0.8433035612106323,-0.10319339483976364,-0.10367920994758606,-0.7567694187164307,-0.11088882386684418,0.05660739913582802,-0.7259072065353394,0.01208535023033619,0.06086583063006401,-0.9266140460968018,-0.07250050455331802,-0.017144836485385895,-0.6881782412528992,-0.07510773092508316,0.0006885423790663481,-0.6501978039741516,-0.051953934133052826,0.1500924974679947,-0.6249824166297913,-0.015104458667337894,0.16068893671035767,-0.8101492524147034,-0.10542077571153641,0.06669539958238602,-0.5837449431419373,-0.0662517100572586,0.06776758283376694,-0.5225043892860413,-0.013042951934039593,0.23745496571063995,-0.5049195885658264,-0.04889597371220589,0.23360677063465118,-0.6586891412734985,-0.0966985672712326,0.15395912528038025,-0.5273897647857666,-0.06470846384763718,0.14138053357601166,-0.4636618196964264,-0.024443596601486206
T,T_session_002,24,0.0,0.0,0.0,-0.10463535785675049,-0.24063736200332642,-0.04672688990831375,-0.1206989735364914,-0.561866044998169,-0.06026940047740936,-0.0688040629029274,-0.8020139932632446,-0.07892141491174698,-0.028965480625629425,-0.9826248288154602,-0.08031876385211945,-0.03637201339006424,-0.78531813621521,0.02358553744852543,-0.046768564730882645,-1.0,-0.06447945535182953,-0.10047762840986252,-0.8239868879318237,-0.0996209904551506,-0.0981256440281868,-0.7292273640632629,-0.1064348816871643,0.05843302607536316,-0.7207788228988647,0.014824947342276573,0.060839712619781494,-0.9177859425544739,-0.06651952117681503,-0.01598498225212097,-0.6803061366081238,-0.06683172285556793,0.0028729834593832493,-0.645723283290863,-0.04276985675096512,0.1505628526210785,-0.618575930595398,-0.013859189115464687,0.16133128106594086,-0.8058737516403198,-0.098935566842556,0.06790776550769806,-0.5796549320220947,-0.05640791356563568,0.07052590698003769,-0.5208361148834229,-0.0025644381530582905,0.23787587881088257,-0.5000237822532654,-0.0492987185716629,0.2355991154909134,-0.6543401479721069,-0.09390224516391754,0.158371239900589,-0.5203577280044556,-0.060028158128261566,0.1499653309583664,-0.4587087631225586,-0.019018998369574547
T,T_session_002,25,0.0,0.0,0.0,-0.108486607670784,-0.25437846779823303,-0.04299544543027878,-0.12471716105937958,-0.5815900564193726,-0.052578434348106384,-0.06970648467540741,-0.8131526708602905,-0.06713316589593887,-0.02451048418879509,-0.987783670425415,-0.06472180038690567,-0.04330337420105934,-0.7951425313949585,0.025604907423257828,-0.06227784603834152,-1.0,-0.06059209629893303,-0.10786772519350052,-0.8194552659988403,-0.09715476632118225,-0.0993286594748497,-0.7391471862792969,-0.10637206584215164,0.05632334202528,-0.7296514511108398,0.015060242265462875,0.0577138289809227,-0.9232833981513977,-0.06575193256139755,-0.01369443442672491,-0.6855886578559875,-0.06882385164499283,0.005536538083106279,-0.6548745632171631,-0.047508589923381805,0.15152500569820404,-0.6249016523361206,-0.01450532115995884,0.15963764488697052,-0.8061232566833496,-0.09771160781383514,0.07057259231805801,-0.581023633480072,-0.05677789822220802,0.0772206261754036,-0.5345458984375,-0.00522053986787796,0.23994842171669006,-0.5046061277389526,-0.05051289498806,0.23660309612751007,-0.6478752493858337,-0.09149567782878876,0.1611197143793106,-0.5138251781463623,-0.05629201605916023,0.15633466839790344,-0.4611939489841461,-0.015606151893734932
T,T_session_002,26,0.0,0.0,0.0,-0.10154972225427628,-0.24951893091201782,-0.05220629274845123,-0.11917465925216675,-0.5679673552513123,-0.07059145718812943,-0.07192422449588776,-0.8104732632637024,-0.09402026236057281,-0.029891591519117355,-1.0,-0.10072532296180725,-0.03138990327715874,-0.7876424789428711,0.022981960326433182,-0.047925230115652084,-0.9958959817886353,-0.06574791669845581,-0.09936387091875076,-0.8301499485969543,-0.10095059871673584,-0.09039312601089478,-0.7529056668281555,-0.10838919132947922,0.06533028185367584,-0.7182503938674927,0.015222236514091492,0.06614024937152863,-0.9156349301338196,-0.06910445541143417,-0.01217848900705576,-0.6766229867935181,-0.06918305158615112,0.01089953351765871,-0.6506814360618591,-0.04392534866929054,0.15783436596393585,-0.6116998195648193,-0.013227200135588646,0.16464395821094513,-0.796014130115509,-0.10125517845153809,0.07137132436037064,-0.5751885175704956,-0.05828205123543739,0.08013598620891571,-0.5268501043319702,-0.0031189341098070145,0.24509039521217346,-0.4906598627567291,-0.04887066036462784,0.2373162806034088,-0.6409591436386108,-0.09202245622873306,0.16105246543884277,-0.5124366283416748,-0.05652594566345215,0.15893885493278503,-0.45613232254981995,-0.014523250982165337
T,T_session_002,27,0.0,0.0,0.0,-0.09911695122718811,-0.24556006491184235,-0.054447975009679794,-0.1158476173877716,-0.5634310841560364,-0.07157478481531143,-0.06967754662036896,-0.8092198967933655,-0.09272106736898422,-0.02918168343603611,-1.0,-0.09670758992433548,-0.03436548262834549,-0.7828339338302612,0.019296761602163315,-0.05184745416045189,-0.9851883053779602,-0.06474996358156204,-0.09681374579668045,-0.8032602667808533,-0.09586041420698166,-0.08279211819171906,-0.731438934803009,-0.10238169878721237,0.06497915834188461,-0.7176964282989502,0.013536754995584488,0.06307387351989746,-0.9148954749107361,-0.06891639530658722,-0.011664398945868015,-0.6738073825836182,-0.06808606535196304,0.010965794324874878,-0.6425892114639282,-0.04319824278354645,0.15820422768592834,-0.6120297908782959,-0.012375185266137123,0.16524560749530792,-0.796619713306427,-0.1011146530508995,0.0713258907198906,-0.5704047679901123,-0.05855635553598404,0.07506293803453445,-0.5132214426994324,-0.0034240528475493193,0.24567312002182007,-0.4888722598552704,-0.04522986710071564,0.23909422755241394,-0.6431612968444824,-0.09085165709257126,0.16111327707767487,-0.5144960880279541,-0.05678704380989075,0.15239614248275757,-0.45332303643226624,-0.01542753353714943
T,T_session_002,28,0.0,0.0,0.0,-0.10265220701694489,-0.25015583634376526,-0.05282926186919212,-0.1185619980096817,-0.5698056221008301,-0.06757834553718567,-0.06839215755462646,-0.8148434162139893,-0.0854511484503746,-0.022624237462878227,-1.0,-0.0863826721906662,-0.030516615137457848,-0.7891781330108643,0.020028693601489067,-0.04939398169517517,-0.9854351878166199,-0.06195604056119919,-0.09889291226863861,-0.8226799964904785,-0.09301942586898804,-0.08870043605566025,-0.7495105862617493,-0.09990104287862778,0.06935252994298935,-0.7227640748023987,0.014914510771632195,0.06553428620100021,-0.9195097088813782,-0.06602106988430023,-0.010963575914502144,-0.6847901940345764,-0.0663817822933197,0.010465279221534729,-0.647693932056427,-0.04270486161112785,0.1624530404806137,-0.6162243485450745,-0.009803530760109425,0.16831284761428833,-0.8019648790359497,-0.0981021448969841,0.0732944905757904,-0.5784265398979187,-0.05778694897890091,0.07710190117359161,-0.5177605152130127,-0.004251014906913042,0.24875347316265106,-0.4910684823989868,-0.04110773280262947,0.24365869164466858,-0.6462463736534119,-0.0885569155216217,0.1629677265882492,-0.5183703303337097,-0.05677517130970955,0.15208742022514343,-0.45785048604011536,-0.01669366843998432
T,T_session_002,29,0.0,0.0,0.0,-0.10451923310756683,-0.24114733934402466,-0.05140326917171478,-0.1233081966638565,-0.5622011423110962,-0.06640428304672241,-0.07440689951181412,-0.8111132979393005,-0.08491818606853485,-0.023578152060508728,-1.0,-0.08643623441457748,-0.034056663513183594,-0.7737423777580261,0.021879827603697777,-0.05274995416402817,-0.9730132222175598,-0.05858266353607178,-0.10063407570123672,-0.8009825348854065,-0.08625838905572891,-0.08928385376930237,-0.7285818457603455,-0.09055004268884659,0.06369638442993164,-0.7094206213951111,0.016426287591457367,0.06093006208539009,-0.9071969985961914,-0.06276586651802063,-0.014500267803668976,-0.6697734594345093,-0.06045863404870033,0.007205427624285221,-0.6372430324554443,-0.03499598428606987,0.15482689440250397,-0.6033772230148315,-0.008591009303927422,0.16138479113578796,-0.7909002900123596,-0.09696666151285172,0.06751768290996552,-0.5637248158454895,-0.055820174515247345,0.07139136642217636,-0.5078719854354858,-0.0016098754713311791,0.2405243217945099,-0.4794968068599701,-0.039715442806482315,0.2346191555261612,-0.6352196335792542,-0.08710728585720062,0.15390539169311523,-0.5040157437324524,-0.055013012140989304,0.14212660491466522,-0.44590598344802856,-0.01486603170633316
T,T_session_002,30,0.0,0.0,0.0,-0.10837573558092117,-0.2435378134250641,-0.048054881393909454,-0.12747928500175476,-0.569511890411377,-0.05813184753060341,-0.07349840551614761,-0.8194587826728821,-0.07157079130411148,-0.020788665860891342,-1.0,-0.06751734018325806,-0.03660818561911583,-0.782698392868042,0.025982743129134178,-0.05057883262634277,-0.9771298170089722,-0.05072278156876564,-0.09836253523826599,-0.7944768667221069,-0.07751131802797318,-0.084427110850811,-0.7332279682159424,-0.0830853283405304,0.06275133043527603,-0.7155464291572571,0.019582068547606468,0.06140686199069023,-0.911191999912262,-0.056452676653862,-0.015650508925318718,-0.6717827320098877,-0.054428830742836,0.0062825982458889484,-0.6460956335067749,-0.030405567958950996,0.15501053631305695,-0.6106500029563904,-0.005897685419768095,0.16097770631313324,-0.7958426475524902,-0.0907835066318512,0.06617703288793564,-0.5647204518318176,-0.04986058548092842,0.07357778400182724,-0.5119205713272095,0.002889254828915,0.24269670248031616,-0.49050578474998474,-0.037366412580013275,0.23373961448669434,-0.6413722634315491,-0.08132217824459076,0.1538156270980835,-0.5060853362083435,-0.04832299053668976,0.14748124778270721,-0.44801270961761475,-0.008458212949335575
T,T_session_002,31,0.0,0.0,0.0,-0.10696234554052353,-0.2463875263929367,-0.049226313829422,-0.12749609351158142,-0.5717893242835999,-0.06112365424633026,-0.07955136150121689,-0.8251158595085144,-0.0765412300825119,-0.02080027014017105,-0.9922145009040833,-0.07373577356338501,-0.03327205777168274,-0.8012928366661072,0.0254600178450346,-0.039906661957502365,-1.0,-0.05410758778452873,-0.09238038957118988,-0.8166400194168091,-0.0828821063041687,-0.08333903551101685,-0.7518826127052307,-0.08973032981157303,0.06753183156251907,-0.7318580150604248,0.01818082295358181,0.06703636050224304,-0.9292970299720764,-0.058880746364593506,-0.010734696872532368,-0.6838561296463013,-0.055060308426618576,0.013831238262355328,-0.6562996506690979,-0.02944232150912285,0.16196495294570923,-0.6242442727088928,-0.008812827058136463,0.16619844734668732,-0.8100674152374268,-0.09231375902891159,0.07295245677232742,-0.5794650912284851,-0.04763409122824669,0.08419040590524673,-0.5278032422065735,0.007088795769959688,0.251168817281723,-0.4980601370334625,-0.04248405620455742,0.24294421076774597,-0.6549120545387268,-0.08461596071720123,0.1626080423593521,-0.5174443125724792,-0.048479873687028885,0.1580626666545868,-0.4562397599220276,-0.006623278371989727
T,T_session_002,32,0.0,0.0,0.0,-0.11403512209653854,-0.26622965931892395,-0.04109090566635132,-0.13402551412582397,-0.6007522344589233,-0.050255268812179565,-0.08805403113365173,-0.8408991098403931,-0.0662035271525383,-0.033753056079149246,-0.9864054918289185,-0.06667622178792953,-0.024168867617845535,-0.8029444217681885,0.036628350615501404,-0.030748561024665833,-1.0,-0.04375866428017616,-0.08645814657211304,-0.8223089575767517,-0.07883110642433167,-0.08230685442686081,-0.7557521462440491,-0.09033828228712082,0.07363321632146835,-0.7308914661407471,0.02284136600792408,0.07368838042020798,-0.9244762659072876,-0.05467234179377556,-0.007680749986320734,-0.6969107985496521,-0.05741493031382561,0.011626198887825012,-0.6600087881088257,-0.03672449290752411,0.16521939635276794,-0.6172912120819092,-0.010607624426484108,0.1704660952091217,-0.8021904826164246,-0.0926099643111229,0.07192029058933258,-0.5899633765220642,-0.05364757031202316,0.07589990645647049,-0.5367631912231445,-0.0035337458830326796,0.2517130672931671,-0.480495810508728,-0.05028104409575462,0.24199111759662628,-0.6397791504859924,-0.08985338360071182,0.15994930267333984,-0.5117610096931458,-0.05437092110514641,0.15264928340911865,-0.44822725653648376,-0.014084769412875175
T,T_session_002,33,0.0,0.0,0.0,-0.11393365263938904,-0.26839134097099304,-0.039876941591501236,-0.13123299181461334,-0.6041622161865234,-0.04951338469982147,-0.08103591948747635,-0.8416348099708557,-0.06663980334997177,-0.022894548252224922,-0.9988910555839539,-0.06924551725387573,-0.016450893133878708,-0.802273154258728,0.03779841586947441,-0.036649201065301895,-1.0,-0.043676454573869705,-0.0887429341673851,-0.820082426071167,-0.0797620490193367,-0.07878050208091736,-0.7458692193031311,-0.09096049517393112,0.0805726870894432,-0.7306551933288574,0.02423376403748989,0.06958824396133423,-0.9177471399307251,-0.05107363313436508,-0.009985911659896374,-0.6956453919410706,-0.0529678650200367,0.013272256590425968,-0.6570709347724915,-0.033016324043273926,0.16990329325199127,-0.6148815751075745,-0.009247581474483013,0.1679491400718689,-0.7997086644172668,-0.09123021364212036,0.06807275116443634,-0.5912009477615356,-0.052228037267923355,0.072117380797863,-0.5357757806777954,-0.002686908934265375,0.25350481271743774,-0.47511985898017883,-0.048832979053258896,0.23871786892414093,-0.6375598907470703,-0.08947355300188065,0.1526574045419693,-0.5092963576316833,-0.05419405549764633,0.14143000543117523,-0.44229230284690857,-0.014141147024929523
T,T_session_002,34,0.0,0.0,0.0,-0.12222927063703537,-0.26078200340270996,-0.03591311722993851,-0.14424297213554382,-0.5928565859794617,-0.04568493366241455,-0.09940692037343979,-0.8311390280723572,-0.06344737112522125,-0.05711975321173668,-1.0,-0.06751390546560287,-0.02548774518072605,-0.7870151400566101,0.036281656473875046,-0.04124629497528076,-0.9813371300697327,-0.040871329605579376,-0.08838828653097153,-0.784551203250885,-0.07541635632514954,-0.07342659682035446,-0.7068836688995361,-0.08695792406797409,0.06967907398939133,-0.7175902724266052,0.020335908979177475,0.05432766303420067,-0.9019950032234192,-0.05269937217235565,-0.018426893278956413,-0.6851836442947388,-0.05600525066256523,0.006726572755724192,-0.6395089626312256,-0.03850720077753067,0.1564045399427414,-0.6070645451545715,-0.014149882830679417,0.1452024132013321,-0.7876840233802795,-0.08943091332912445,0.05554290860891342,-0.5859784483909607,-0.05025973916053772,0.0637308806180954,-0.5279468894004822,-0.003534714924171567,0.23778311908245087,-0.47261694073677063,-0.05455673113465309,0.2115504890680313,-0.6250837445259094,-0.08823227137327194,0.13467983901500702,-0.4991725981235504,-0.05178935453295708,0.13183525204658508,-0.43289175629615784,-0.01339120976626873
T,T_session_002,35,0.0,0.0,0.0,-0.12218481302261353,-0.26663532853126526,-0.03937660530209541,-0.14717423915863037,-0.5981230139732361,-0.0474737323820591,-0.1024383157491684,-0.838623583316803,-0.06287594884634018,-0.05517158657312393,-1.0,-0.06386452913284302,-0.03322533890604973,-0.7924695014953613,0.04014389216899872,-0.05263889208436012,-0.9884165525436401,-0.035740990191698074,-0.10336402803659439,-0.803973913192749,-0.06939513236284256,-0.08730284869670868,-0.7350472211837769,-0.08103218674659729,0.06486339122056961,-0.7198402285575867,0.027472209185361862,0.0487784668803215,-0.9074817299842834,-0.04493122920393944,-0.027589570730924606,-0.6868177652359009,-0.04674774780869484,0.0014960899716243148,-0.6459652185440063,-0.02803957462310791,0.15444019436836243,-0.6065672039985657,-0.0047805956564843655,0.14578095078468323,-0.7929195761680603,-0.08099719882011414,0.05169105529785156,-0.590029239654541,-0.041886165738105774,0.06443250924348831,-0.5315886735916138,0.00581424729898572,0.23977532982826233,-0.47081801295280457,-0.04336284101009369,0.2183147370815277,-0.6329593658447266,-0.07732512056827545,0.1369139552116394,-0.5108366012573242,-0.041855938732624054,0.13491493463516235,-0.4439801275730133,-0.0036536292172968388
T,T_session_002,36,0.0,0.0,0.0,-0.11736361682415009,-0.26463553309440613,-0.03456274792551994,-0.14077503979206085,-0.5870442390441895,-0.03876020759344101,-0.08822996914386749,-0.8242974281311035,-0.04932412877678871,-0.04167293384671211,-1.0,-0.046310704201459885,-0.044000305235385895,-0.7808335423469543,0.038236990571022034,-0.0683361366391182,-0.9826257824897766,-0.03689016401767731,-0.1229170486330986,-0.8309603929519653,-0.07189574092626572,-0.11533902585506439,-0.7599892616271973,-0.08401042222976685,0.05545360967516899,-0.7175101041793823,0.02617652155458927,0.04269782453775406,-0.9080958366394043,-0.0429496131837368,-0.03485052287578583,-0.6933026313781738,-0.04545474424958229,-0.009062164463102818,-0.647899329662323,-0.028522303327918053,0.14864887297153473,-0.6084814667701721,-0.004231232218444347,0.14630623161792755,-0.8019751906394958,-0.07899002730846405,0.04932383447885513,-0.6030861139297485,-0.04241495579481125,0.058791935443878174,-0.5401812195777893,0.0027886847965419292,0.2377394735813141,-0.4770442843437195,-0.04020135849714279,0.22064191102981567,-0.6404129862785339,-0.07820038497447968,0.1374059021472931,-0.5202394127845764,-0.046547625213861465,0.13265389204025269,-0.45249491930007935,-0.010506536811590195
T,T_session_002,37,0.0,0.0,0.0,-0.11328121274709702,-0.254721999168396,-0.03433414176106453,-0.13205663859844208,-0.5740348696708679,-0.04029816761612892,-0.08837973326444626,-0.8133887648582458,-0.05276370793581009,-0.05272838845849037,-1.0,-0.05285891145467758,-0.03962484374642372,-0.7709977030754089,0.03471782058477402,-0.0702216625213623,-0.9743314385414124,-0.04158516600728035,-0.12061798572540283,-0.8402683138847351,-0.0757797434926033,-0.11096785962581635,-0.7607307434082031,-0.08575326949357986,0.05688878521323204,-0.7113534808158875,0.02218877151608467,0.04215197637677193,-0.9115190505981445,-0.0479242317378521,-0.030446037650108337,-0.6879640221595764,-0.04857386276125908,-0.0025998845230787992,-0.6301128268241882,-0.028320476412773132,0.14946475625038147,-0.6042199730873108,-0.008411654271185398,0.14267891645431519,-0.8016348481178284,-0.085328608751297,0.05175122618675232,-0.5918743014335632,-0.04737669229507446,0.06401704996824265,-0.5198962688446045,0.0005169481155462563,0.23660477995872498,-0.4728887677192688,-0.044237520545721054,0.216704323887825,-0.6430732607841492,-0.08573326468467712,0.13819614052772522,-0.5156167149543762,-0.053902216255664825,0.13645294308662415,-0.4429332911968231,-0.01631922647356987
T,T_session_002,38,0.0,0.0,0.0,-0.11825589835643768,-0.265494167804718,-0.03368529677391052,-0.13592813909053802,-0.5775387287139893,-0.03614737465977669,-0.08648587018251419,-0.8158186674118042,-0.04300007224082947,-0.04843366518616676,-1.0,-0.03715807572007179,-0.04965982213616371,-0.7760197520256042,0.030602073296904564,-0.07983475923538208,-0.9768124222755432,-0.04283593222498894,-0.1344846934080124,-0.8550777435302734,-0.07612873613834381,-0.12503986060619354,-0.7822675108909607,-0.08715684711933136,0.05094923451542854,-0.7142598032951355,0.02033090777695179,0.037503305822610855,-0.9199656844139099,-0.0492117665708065,-0.04060615226626396,-0.7039535045623779,-0.05102969706058502,-0.013714556582272053,-0.6440858244895935,-0.032886724919080734,0.1449577361345291,-0.6056705117225647,-0.007006930187344551,0.1400568038225174,-0.8079268932342529,-0.08433777838945389,0.0423179566860199,-0.6050623059272766,-0.04957597702741623,0.055022578686475754,-0.5310884118080139,-0.004513947293162346,0.2326739877462387,-0.4758141338825226,-0.03912387415766716,0.2123228758573532,-0.6405377984046936,-0.08379247784614563,0.1287125200033188,-0.5189972519874573,-0.05693764239549637,0.12661351263523102,-0.44754844903945923,-0.023121248930692673
T,T_session_002,39,0.0,0.0,0.0,-0.1182631105184555,-0.25283774733543396,-0.03619694709777832,-0.14299699664115906,-0.5669755339622498,-0.042842768132686615,-0.09783866256475449,-0.812492311000824,-0.053865183144807816,-0.06014850363135338,-1.0,-0.05107999965548515,-0.05927031487226486,-0.7744958996772766,0.026025936007499695,-0.100568987429142,-0.9638533592224121,-0.04705069214105606,-0.14498472213745117,-0.8038222789764404,-0.076527900993824,-0.12005457282066345,-0.7560699582099915,-0.08606012910604477,0.04336977005004883,-0.7139171361923218,0.015902144834399223,0.022812893614172935,-0.9255701303482056,-0.05599624291062355,-0.04935433715581894,-0.6929489970207214,-0.05496303737163544,-0.016131896525621414,-0.6494172215461731,-0.03382609784603119,0.1379072368144989,-0.6068499088287354,-0.011005285196006298,0.12753936648368835,-0.8170832395553589,-0.08883495628833771,0.03290165960788727,-0.5961673259735107,-0.050822045654058456,0.05010220780968666,-0.5311145186424255,-0.0029012698214501143,0.22654244303703308,-0.4830050766468048,-0.04276850074529648,0.20043864846229553,-0.6416628360748291,-0.08159387111663818,0.11841031163930893,-0.5137451887130737,-0.05115238204598427,0.11949769407510757,-0.45073363184928894,-0.015302062034606934
T,T_session_002,40,0.0,0.0,0.0,-0.11540357023477554,-0.2441595047712326,-0.037042420357465744,-0.1406092792749405,-0.5522323846817017,-0.04729507118463516,-0.09793011844158173,-0.797463595867157,-0.06208464130759239,-0.06320908665657043,-1.0,-0.06543157249689102,-0.06962443143129349,-0.7589809894561768,0.02175520360469818,-0.12045823037624359,-0.9414871335029602,-0.04880004748702049,-0.16104461252689362,-0.8315510153770447,-0.07690268754959106,-0.13619473576545715,-0.7891035079956055,-0.08556940406560898,0.034885842353105545,-0.7078096866607666,0.01023761834949255,0.016752101480960846,-0.9283950924873352,-0.06426817178726196,-0.05083851516246796,-0.7002996206283569,-0.06501436978578568,-0.020480409264564514,-0.6388877034187317,-0.042646050453186035,0.13220100104808807,-0.6052498817443848,-0.017127692699432373,0.12258139252662659,-0.8165618181228638,-0.0979594886302948,0.03167162090539932,-0.5991002321243286,-0.06190406158566475,0.04574088007211685,-0.527342677116394,-0.013050240464508533,0.22202809154987335,-0.4807486832141876,-0.04901731386780739,0.1978123039007187,-0.6426833868026733,-0.09035263955593109,0.1180851012468338,-0.520197868347168,-0.060251571238040924,0.11518792062997818,-0.4570755362510681,-0.023616189137101173
T,T_session_002,41,0.0,0.0,0.0,-0.11706966906785965,-0.24009430408477783,-0.03539891541004181,-0.14489413797855377,-0.5628625750541687,-0.04221648350358009,-0.10581500828266144,-0.8040391802787781,-0.0553903691470623,-0.07025212794542313,-1.0,-0.05702228099107742,-0.06191715598106384,-0.7637920379638672,0.034568168222904205,-0.1031285971403122,-0.9437962770462036,-0.040077436715364456,-0.14787542819976807,-0.8125877976417542,-0.07152232527732849,-0.1320728212594986,-0.7704167366027832,-0.08038058131933212,0.03676362335681915,-0.7111961841583252,0.020095031708478928,0.022468434646725655,-0.9304002523422241,-0.0597839429974556,-0.04854356124997139,-0.6925339102745056,-0.06344061344861984,-0.02290092408657074,-0.6300126314163208,-0.03951988369226456,0.13127285242080688,-0.6108575463294983,-0.011392206884920597,0.12191275507211685,-0.8192103505134583,-0.0998227596282959,0.03392151743173599,-0.5832899808883667,-0.06374187022447586,0.046209435909986496,-0.5064160227775574,-0.010339423082768917,0.22170542180538177,-0.4867173731327057,-0.04716484248638153,0.20088280737400055,-0.6561482548713684,-0.09383644908666611,0.12244222313165665,-0.5155918598175049,-0.06107542663812637,0.11779467761516571,-0.4420184791088104,-0.019635986536741257
T,T_session_002,42,0.0,0.0,0.0,-0.12266124039888382,-0.23586003482341766,-0.03845345973968506,-0.15654349327087402,-0.562830924987793,-0.048681896179914474,-0.11731719970703125,-0.8111545443534851,-0.0667286068201065,-0.0749647244811058,-1.0,-0.07101412117481232,-0.06337584555149078,-0.7716808915138245,0.034125879406929016,-0.10619135946035385,-0.990202784538269,-0.048744749277830124,-0.15083886682987213,-0.8276126384735107,-0.08108428120613098,-0.13772156834602356,-0.7461618185043335,-0.08628720790147781,0.03468678519129753,-0.7204096913337708,0.020175738260149956,0.016988316550850868,-0.9438712000846863,-0.061512626707553864,-0.05505189672112465,-0.7026466727256775,-0.06277883052825928,-0.03140706196427345,-0.6470808982849121,-0.03670099750161171,0.1301007866859436,-0.6211057901382446,-0.012735700234770775,0.1190190464258194,-0.8296011090278625,-0.10204153507947922,0.02979610487818718,-0.5937109589576721,-0.06395019590854645,0.03894287347793579,-0.5213875770568848,-0.009228890761733055,0.22448869049549103,-0.49649614095687866,-0.05075494572520256,0.20312409102916718,-0.666532039642334,-0.09738034754991531,0.12455212324857712,-0.530085563659668,-0.06446108967065811,0.11860736459493637,-0.45778506994247437,-0.02267431654036045
T,T_session_002,43,0.0,0.0,0.0,-0.12205713242292404,-0.23896190524101257,-0.03438466787338257,-0.15077783167362213,-0.5675828456878662,-0.043738968670368195,-0.11008479446172714,-0.8127541542053223,-0.06097370758652687,-0.07508853077888489,-1.0,-0.06534378230571747,-0.062199413776397705,-0.767839252948761,0.02761063165962696,-0.08848578482866287,-0.988897442817688,-0.05274292454123497,-0.14079149067401886,-0.8514857888221741,-0.08275453746318817,-0.13807238638401031,-0.7695801854133606,-0.08746939152479172,0.03491316735744476,-0.7089099884033203,0.010816001333296299,0.022892924025654793,-0.9251083731651306,-0.0674571841955185,-0.05137913301587105,-0.6886411309242249,-0.06510743498802185,-0.02992171421647072,-0.631851315498352,-0.038155559450387955,0.13037322461605072,-0.606013834476471,-0.023794500157237053,0.12004441022872925,-0.8084177374839783,-0.10826314985752106,0.03284221515059471,-0.5788090825080872,-0.06592869758605957,0.04002847895026207,-0.5057390928268433,-0.011161780916154385,0.22347940504550934,-0.4789075553417206,-0.063522107899189,0.2024393528699875,-0.6470533013343811,-0.10843975841999054,0.12651027739048004,-0.5112342238426208,-0.07350113987922668,0.12038661539554596,-0.4380895793437958,-0.031936872750520706
T,T_session_002,44,0.0,0.0,0.0,-0.12866656482219696,-0.25490275025367737,-0.027310442179441452,-0.15705625712871552,-0.5837992429733276,-0.03537558764219284,-0.11594534665346146,-0.8222119212150574,-0.052984680980443954,-0.08369269222021103,-1.0,-0.05992740020155907,-0.07114873826503754,-0.7687393426895142,0.030758826062083244,-0.0924069806933403,-0.9916359186172485,-0.049150239676237106,-0.14723218977451324,-0.8767051696777344,-0.08479823172092438,-0.1546245664358139,-0.7970382571220398,-0.09391606599092484,0.025900041684508324,-0.712736964225769,0.009590689092874527,0.01865321211516857,-0.9326756596565247,-0.06728819757699966,-0.05266807600855827,-0.7110130190849304,-0.07048861682415009,-0.037202317267656326,-0.6400179266929626,-0.04856546223163605,0.1222316175699234,-0.6112086772918701,-0.027938978746533394,0.1159789115190506,-0.8201255798339844,-0.1073671206831932,0.032276254147291183,-0.6033093929290771,-0.0674767941236496,0.03416460007429123,-0.5197082161903381,-0.016246428713202477,0.21531778573989868,-0.48192769289016724,-0.07033071666955948,0.19841629266738892,-0.6595876812934875,-0.11086621135473251,0.12468560039997101,-0.5275776386260986,-0.07387219369411469,0.11479676514863968,-0.4448785185813904,-0.032223429530858994
T,T_session_002,45,0.0,0.0,0.0,-0.12792867422103882,-0.26650458574295044,-0.02753772772848606,-0.1557076871395111,-0.5936030149459839,-0.03452235087752342,-0.11330431699752808,-0.8362624645233154,-0.050572317093610764,-0.07453121244907379,-1.0,-0.05318125709891319,-0.06358836591243744,-0.780748188495636,0.03348853066563606,-0.0950533077120781,-0.9939334988594055,-0.045266322791576385,-0.14366813004016876,-0.8249976634979248,-0.0773884654045105,-0.13487188518047333,-0.7329199910163879,-0.08449427783489227,0.03449029102921486,-0.7184232473373413,0.013980199582874775,0.015001237392425537,-0.9286848902702332,-0.05997565761208534,-0.055355094373226166,-0.6938497424125671,-0.05846687778830528,-0.031937066465616226,-0.6344885230064392,-0.03457620367407799,0.12950089573860168,-0.6144468188285828,-0.022762198001146317,0.11500284075737,-0.8179141283035278,-0.09943138808012009,0.03085380792617798,-0.5948617458343506,-0.056940075010061264,0.04073953628540039,-0.5185204744338989,-0.005130365956574678,0.22110693156719208,-0.488113671541214,-0.06471605598926544,0.19548511505126953,-0.6545271277427673,-0.10209545493125916,0.11927840858697891,-0.5196479558944702,-0.0655226781964302,0.11420223861932755,-0.4429877996444702,-0.0247898418456316
T,T_session_002,46,0.0,0.0,0.0,-0.1197391003370285,-0.2708342373371124,-0.030925296247005463,-0.1425655633211136,-0.6005088686943054,-0.03937506303191185,-0.10322438925504684,-0.8349186182022095,-0.05627850443124771,-0.06881805509328842,-1.0,-0.05995148420333862,-0.04996802285313606,-0.7911932468414307,0.03137725591659546,-0.07802548259496689,-0.9952557682991028,-0.04948807880282402,-0.12887613475322723,-0.8373335599899292,-0.0835084542632103,-0.12421929836273193,-0.7635248899459839,-0.09225441515445709,0.04681995138525963,-0.7249009609222412,0.01207822747528553,0.029628682881593704,-0.933425784111023,-0.06644421070814133,-0.04347502812743187,-0.6959595680236816,-0.06679577380418777,-0.019396299496293068,-0.6384961605072021,-0.04275651276111603,0.14102070033550262,-0.6172127723693848,-0.024701829999685287,0.12622927129268646,-0.8178865909576416,-0.10714608430862427,0.04087040573358536,-0.5886666178703308,-0.06486018747091293,0.05249456688761711,-0.5123744010925293,-0.011039127595722675,0.23148539662361145,-0.4867587387561798,-0.0667598694562912,0.2068212330341339,-0.6536715626716614,-0.10832484811544418,0.13067671656608582,-0.5160080790519714,-0.07153831422328949,0.128058522939682,-0.44010311365127563,-0.029404249042272568
T,T_session_002,47,0.0,0.0,0.0,-0.1284911334514618,-0.2662510573863983,-0.028858374804258347,-0.1606111377477646,-0.6016479730606079,-0.033583953976631165,-0.12603166699409485,-0.8384010195732117,-0.046912144869565964,-0.09198226034641266,-0.9930501580238342,-0.045101918280124664,-0.05692451819777489,-0.7913498282432556,0.03545205295085907,-0.08758435398340225,-1.0,-0.04007694870233536,-0.13339270651340485,-0.7972698211669922,-0.06825447082519531,-0.11664260923862457,-0.7336836457252502,-0.07528817653656006,0.03839321807026863,-0.7235172390937805,0.016742728650569916,0.014868262223899364,-0.9337595105171204,-0.05940768122673035,-0.05777738243341446,-0.6856787204742432,-0.05591891333460808,-0.02968067303299904,-0.6400779485702515,-0.030128968879580498,0.13004666566848755,-0.6171842217445374,-0.019375143572688103,0.11056312173604965,-0.8219178318977356,-0.09857818484306335,0.025124013423919678,-0.5831999778747559,-0.05324827507138252,0.04057041183114052,-0.5137456655502319,0.0016874492866918445,0.21902704238891602,-0.4916519224643707,-0.06075511500239372,0.19028577208518982,-0.6575888395309448,-0.09726150333881378,0.11414515227079391,-0.5150566101074219,-0.05840922147035599,0.11562420427799225,-0.4422789216041565,-0.015808725729584694
T,T_session_002,48,0.0,0.0,0.0,-0.11982502043247223,-0.27656516432762146,-0.028986871242523193,-0.14435231685638428,-0.60322505235672,-0.03635505959391594,-0.11540251225233078,-0.8340820670127869,-0.05307998135685921,-0.08908210694789886,-1.0,-0.0559193380177021,-0.042139701545238495,-0.7918499708175659,0.03739382326602936,-0.07929952442646027,-0.989350438117981,-0.037869490683078766,-0.12756489217281342,-0.79755699634552,-0.06924779713153839,-0.11117713153362274,-0.7231727838516235,-0.0782061293721199,0.05293674021959305,-0.72121262550354,0.018997851759195328,0.02449255995452404,-0.9164737462997437,-0.052820220589637756,-0.04892745986580849,-0.6811749935150146,-0.05201507732272148,-0.01914282888174057,-0.632761538028717,-0.030413154512643814,0.14337261021137238,-0.612259030342102,-0.016810599714517593,0.11999528110027313,-0.8037028312683105,-0.09071569889783859,0.03256434202194214,-0.5841894149780273,-0.0491168312728405,0.04889592155814171,-0.5150196552276611,0.0006483374745585024,0.22935369610786438,-0.4851650297641754,-0.05812021344900131,0.19342540204524994,-0.6407485604286194,-0.09021969884634018,0.11550748348236084,-0.5127460360527039,-0.053268689662218094,0.11709704995155334,-0.44108784198760986,-0.01369299367070198
T,T_session_002,49,0.0,0.0,0.0,-0.1315908432006836,-0.2740482687950134,-0.03700724616646767,-0.16166305541992188,-0.6094270944595337,-0.04662279039621353,-0.12274433672428131,-0.8400420546531677,-0.06338830292224884,-0.08871464431285858,-0.9925044775009155,-0.06447789072990417,-0.05969347804784775,-0.8034146428108215,0.029424237087368965,-0.09822817146778107,-1.0,-0.05147378891706467,-0.1442476361989975,-0.7898117303848267,-0.0840989425778389,-0.12948553264141083,-0.7253502607345581,-0.09322177618741989,0.04070544242858887,-0.735365629196167,0.013573040254414082,0.012420953251421452,-0.927028477191925,-0.06444079428911209,-0.05902644991874695,-0.6839207410812378,-0.06318636238574982,-0.030550815165042877,-0.649440586566925,-0.03983957692980766,0.1350761353969574,-0.6250609755516052,-0.020811589434742928,0.1097235307097435,-0.8096925020217896,-0.10126600414514542,0.023898284882307053,-0.579997718334198,-0.0575476698577404,0.04094178229570389,-0.5251418948173523,-0.004686980042606592,0.22455289959907532,-0.4971337616443634,-0.0612582229077816,0.18715247511863708,-0.6465810537338257,-0.09733489155769348,0.11318685114383698,-0.5130350589752197,-0.05895226448774338,0.11784891039133072,-0.4506062865257263,-0.01728014089167118
T,T_session_002,50,0.0,0.0,0.0,-0.1311560869216919,-0.269558846950531,-0.03334305062890053,-0.16532522439956665,-0.5962198376655579,-0.04274916648864746,-0.13265030086040497,-0.825506865978241,-0.060293614864349365,-0.10746224224567413,-0.9822136163711548,-0.06314428895711899,-0.055476877838373184,-0.7963733077049255,0.027814773842692375,-0.08926930278539658,-1.0,-0.0509461872279644,-0.13493840396404266,-0.7892048954963684,-0.08352716267108917,-0.11968129873275757,-0.7161216139793396,-0.09371253103017807,0.044396065175533295,-0.7257504463195801,0.010298305191099644,0.01676834188401699,-0.9191229939460754,-0.06604497879743576,-0.05509055033326149,-0.6730955839157104,-0.06715553253889084,-0.02722337655723095,-0.6340515613555908,-0.047136250883340836,0.13886165618896484,-0.61666339635849,-0.024497738108038902,0.11724977940320969,-0.8026979565620422,-0.10094217211008072,0.02984645403921604,-0.5743495225906372,-0.05780848488211632,0.04517390578985214,-0.5162505507469177,-0.007432632148265839,0.2287137806415558,-0.49141502380371094,-0.06516177207231522,0.19341036677360535,-0.6375969052314758,-0.09808491170406342,0.1180582344532013,-0.5071090459823608,-0.05971624329686165,0.12235844135284424,-0.4464450180530548,-0.01945418491959572
T,T_session_002,51,0.0,0.0,0.0,-0.13245515525341034,-0.2613142430782318,-0.0429273322224617,-0.17573243379592896,-0.592072069644928,-0.05698650702834129,-0.15190353989601135,-0.8220120668411255,-0.0775512233376503,-0.12540513277053833,-0.9646120071411133,-0.08213511109352112,-0.06072729453444481,-0.8061602115631104,0.020256133750081062,-0.10140439867973328,-1.0,-0.05965675786137581,-0.13792544603347778,-0.7735543251037598,-0.09044735133647919,-0.11444488912820816,-0.7213618755340576,-0.10027062892913818,0.0403267927467823,-0.7337941527366638,0.005551539361476898,0.008687268011271954,-0.9189260601997375,-0.07590765506029129,-0.05604342743754387,-0.6631985902786255,-0.07583397626876831,-0.024346377700567245,-0.6376587152481079,-0.05348921939730644,0.13649886846542358,-0.6242061853408813,-0.027391139417886734,0.11143416166305542,-0.8046134114265442,-0.110127754509449,0.030809834599494934,-0.5675675868988037,-0.06608910858631134,0.05289478972554207,-0.5246851444244385,-0.013187604025006294,0.22870810329914093,-0.49844732880592346,-0.06678763777017593,0.19435334205627441,-0.6448586583137512,-0.10322226583957672,0.12307929992675781,-0.5077440142631531,-0.0645015761256218,0.13198019564151764,-0.4523719549179077,-0.023010019212961197
T,T_session_002,52,0.0,0.0,0.0,-0.13578598201274872,-0.25593268871307373,-0.029584603384137154,-0.18236538767814636,-0.5814877152442932,-0.03905027359724045,-0.15809857845306396,-0.8060807585716248,-0.05796383321285248,-0.1293216496706009,-0.9491405487060547,-0.06265942007303238,-0.06973075121641159,-0.7935218811035156,0.029304154217243195,-0.10436713695526123,-1.0,-0.049595676362514496,-0.14724422991275787,-0.789302408695221,-0.08109769225120544,-0.1338251829147339,-0.7114130258560181,-0.08989250659942627,0.03044831193983555,-0.727939248085022,0.008943203836679459,0.003791727125644684,-0.9217039346694946,-0.06848125904798508,-0.06351782381534576,-0.6727707982063293,-0.0685608759522438,-0.0378086231648922,-0.6300839781761169,-0.04647344723343849,0.12783077359199524,-0.6238266825675964,-0.028445128351449966,0.10819296538829803,-0.8153523802757263,-0.10645711421966553,0.026597388088703156,-0.5810935497283936,-0.0631607249379158,0.040622271597385406,-0.5216663479804993,-0.01159005519002676,0.2218833863735199,-0.4995240569114685,-0.07121013104915619,0.19136151671409607,-0.6550662517547607,-0.1072157695889473,0.11993258446455002,-0.5183119177818298,-0.06896059215068817,0.12268265336751938,-0.4534817934036255,-0.02777140960097313
T,T_session_002,53,0.0,0.0,0.0,-0.13527239859104156,-0.26146358251571655,-0.03084702230989933,-0.18002164363861084,-0.5889627933502197,-0.04063856601715088,-0.15113124251365662,-0.8174697756767273,-0.06017680838704109,-0.11411742120981216,-0.9647541642189026,-0.06539080291986465,-0.06327930092811584,-0.8018130660057068,0.032981254160404205,-0.09694526344537735,-1.0,-0.046858057379722595,-0.1350765824317932,-0.7933110594749451,-0.07976382225751877,-0.12354760617017746,-0.7177428007125854,-0.08916625380516052,0.03752325102686882,-0.7350212931632996,0.011730512604117393,0.011084008030593395,-0.923703670501709,-0.06794620305299759,-0.05001411586999893,-0.6738088130950928,-0.0701291635632515,-0.028880463913083076,-0.6275683641433716,-0.04835500195622444,0.13533152639865875,-0.6299850940704346,-0.02715553157031536,0.11223554611206055,-0.8085896968841553,-0.10883869975805283,0.03653663396835327,-0.5725142955780029,-0.06778082996606827,0.045298658311367035,-0.5150213837623596,-0.016292506828904152,0.22968967258930206,-0.5008561015129089,-0.07136954367160797,0.20008482038974762,-0.6596859097480774,-0.10899294912815094,0.12821048498153687,-0.5159775018692017,-0.07030423730611801,0.12303987890481949,-0.44757339358329773,-0.028180625289678574
T,T_session_002,54,0.0,0.0,0.0,-0.13952994346618652,-0.26413747668266296,-0.032709185034036636,-0.18853291869163513,-0.5959150195121765,-0.043731629848480225,-0.16440118849277496,-0.8236056566238403,-0.06405039876699448,-0.13765397667884827,-0.9580797553062439,-0.06955916434526443,-0.06554469466209412,-0.804878294467926,0.029323920607566833,-0.10303201526403427,-1.0,-0.04935958608984947,-0.1349448710680008,-0.7867129445075989,-0.0800338163971901,-0.11445913463830948,-0.7323592305183411,-0.08968561887741089,0.036585740745067596,-0.7361348867416382,0.008312596008181572,0.004384289495646954,-0.9222097992897034,-0.07102187722921371,-0.053973644971847534,-0.672728419303894,-0.07024684548377991,-0.026408789679408073,-0.6433884501457214,-0.04772750660777092,0.1351454108953476,-0.6314172744750977,-0.030526848509907722,0.10756435245275497,-0.8082289099693298,-0.1110909953713417,0.034282561391592026,-0.5733697414398193,-0.06671202927827835,0.05061721056699753,-0.527974009513855,-0.014383526518940926,0.23147085309028625,-0.5057651996612549,-0.07512147724628448,0.1973278671503067,-0.6613213419914246,-0.1103127971291542,0.12996380031108856,-0.519389808177948,-0.06964804977178574,0.13402225077152252,-0.4561748802661896,-0.02731907181441784
T,T_session_002,55,0.0,0.0,0.0,-0.14633402228355408,-0.2648213505744934,-0.028421873226761818,-0.19194619357585907,-0.5938491821289062,-0.03719722479581833,-0.14901545643806458,-0.8142849802970886,-0.055010512471199036,-0.1140170767903328,-0.9565041065216064,-0.060173023492097855,-0.07187613099813461,-0.8005825877189636,0.024815434589982033,-0.11210303008556366,-1.0,-0.053428828716278076,-0.14800582826137543,-0.7893549799919128,-0.08615106344223022,-0.1320139765739441,-0.7050560116767883,-0.09597776085138321,0.03454569727182388,-0.7366727590560913,0.0032789097167551517,0.003027696628123522,-0.9221069812774658,-0.07196245342493057,-0.05653081089258194,-0.6765849590301514,-0.07316863536834717,-0.03182308003306389,-0.6231240034103394,-0.053184978663921356,0.13534627854824066,-0.6290720105171204,-0.03459523618221283,0.11078326404094696,-0.8134540319442749,-0.11178804934024811,0.035351622849702835,-0.5800596475601196,-0.07024853676557541,0.04888571798801422,-0.5161746144294739,-0.021027397364377975,0.23144543170928955,-0.4971124529838562,-0.0774887353181839,0.19638587534427643,-0.6485793590545654,-0.11450327187776566,0.12433156371116638,-0.5068194270133972,-0.07629123330116272,0.12307319790124893,-0.4368850290775299,-0.035624269396066666
T,T_session_002,56,0.0,0.0,0.0,-0.14246965944766998,-0.2641546428203583,-0.03646869957447052,-0.18955852091312408,-0.6009077429771423,-0.047079019248485565,-0.1602528840303421,-0.8212937116622925,-0.06589799374341965,-0.13485193252563477,-0.94622802734375,-0.07056348770856857,-0.058348558843135834,-0.8122862577438354,0.02566724270582199,-0.09459071606397629,-1.0,-0.053980503231287,-0.126510888338089,-0.7759000658988953,-0.08765336871147156,-0.10793806612491608,-0.7150558829307556,-0.0994265154004097,0.04700009524822235,-0.743686318397522,0.0067903115414083,0.014790401794016361,-0.9219911098480225,-0.07265456765890121,-0.04284321144223213,-0.6705315709114075,-0.07513502240180969,-0.015540042892098427,-0.636380672454834,-0.05538783222436905,0.14696797728538513,-0.6341350674629211,-0.029897933825850487,0.12294476479291916,-0.8056921362876892,-0.10906900465488434,0.049704115837812424,-0.5727159380912781,-0.06651618331670761,0.0662909746170044,-0.5281628966331482,-0.016411110758781433,0.24350853264331818,-0.5028963685035706,-0.07273608446121216,0.21713709831237793,-0.6498593688011169,-0.10678794234991074,0.14666961133480072,-0.5078495740890503,-0.06659790128469467,0.14845076203346252,-0.44743800163269043,-0.025429002940654755
T,T_session_002,57,0.0,0.0,0.0,-0.14598581194877625,-0.2557489573955536,-0.029811246320605278,-0.19939015805721283,-0.5993421673774719,-0.03393629565834999,-0.1614345759153366,-0.8308808207511902,-0.04633692279458046,-0.12486331164836884,-0.9682129621505737,-0.04386621341109276,-0.07307864725589752,-0.8006229400634766,0.030068382620811462,-0.10273174941539764,-1.0,-0.04645468294620514,-0.1338929533958435,-0.7699020504951477,-0.07680988311767578,-0.12040966749191284,-0.6985020637512207,-0.08606390655040741,0.034006837755441666,-0.7367966771125793,0.010802997276186943,0.012087712064385414,-0.9247057437896729,-0.06451215595006943,-0.044041093438863754,-0.6661450862884521,-0.06533588469028473,-0.02342090755701065,-0.6255081295967102,-0.04487106576561928,0.13733845949172974,-0.6351004242897034,-0.0254707932472229,0.12130362540483475,-0.8232312798500061,-0.10265403240919113,0.04976887255907059,-0.5762359499931335,-0.06026645004749298,0.06147218868136406,-0.5208960175514221,-0.010557888075709343,0.23843787610530853,-0.5119171738624573,-0.06671709567308426,0.21297498047351837,-0.6668282747268677,-0.10335535556077957,0.147618368268013,-0.5129987597465515,-0.06494457274675369,0.15145857632160187,-0.4466686248779297,-0.024217262864112854
T,T_session_002,58,0.0,0.0,0.0,-0.13865965604782104,-0.2677723169326782,-0.03102223202586174,-0.18734417855739594,-0.6009377241134644,-0.04038874804973602,-0.14559566974639893,-0.8451105952262878,-0.0596807636320591,-0.09811048209667206,-0.9865462779998779,-0.06527074426412582,-0.06045583263039589,-0.8012774586677551,0.03740458935499191,-0.0878816470503807,-1.0,-0.040976911783218384,-0.12555468082427979,-0.8014020323753357,-0.07371553778648376,-0.11296790093183517,-0.7395857572555542,-0.0843178927898407,0.044697973877191544,-0.7346556782722473,0.016082514077425003,0.02194451354444027,-0.9344751238822937,-0.06401383131742477,-0.03966084122657776,-0.6815688610076904,-0.06629303097724915,-0.01735759899020195,-0.6340059041976929,-0.04411938413977623,0.14705759286880493,-0.6324580907821655,-0.023220986127853394,0.12655521929264069,-0.8288173675537109,-0.10625891387462616,0.05204299837350845,-0.581080436706543,-0.06358343362808228,0.06384456902742386,-0.5141876935958862,-0.010409664362668991,0.24852678179740906,-0.5045633912086487,-0.06781051307916641,0.21735908091068268,-0.6759288311004639,-0.10726924240589142,0.14844292402267456,-0.5207330584526062,-0.06800306588411331,0.15102900564670563,-0.44300925731658936,-0.025056157261133194
T,T_session_002,59,0.0,0.0,0.0,-0.14521026611328125,-0.26268744468688965,-0.035088058561086655,-0.1940651386976242,-0.5930781364440918,-0.043790701776742935,-0.1492363065481186,-0.8329015970230103,-0.06064707785844803,-0.0987965390086174,-0.9768547415733337,-0.062298718839883804,-0.06712706387042999,-0.7990413904190063,0.031349439173936844,-0.09740417450666428,-1.0,-0.04908783361315727,-0.13323430716991425,-0.7858632802963257,-0.08046141266822815,-0.11852642893791199,-0.7206658124923706,-0.08921600878238678,0.04331646114587784,-0.7293227910995483,0.012648665346205235,0.021449144929647446,-0.927178144454956,-0.06834514439105988,-0.04097886383533478,-0.675335168838501,-0.06980413943529129,-0.019076794385910034,-0.6389724016189575,-0.0474727489054203,0.14760276675224304,-0.6209367513656616,-0.02438848651945591,0.1303853988647461,-0.8179492950439453,-0.1089099794626236,0.05179622024297714,-0.5778262615203857,-0.06674179434776306,0.0624479316174984,-0.5279188752174377,-0.014200006611645222,0.24847720563411713,-0.4893844425678253,-0.0667126253247261,0.22276268899440765,-0.6591973900794983,-0.10681698471307755,0.15157391130924225,-0.5137591361999512,-0.06803432106971741,0.15166981518268585,-0.4479183554649353,-0.025455225259065628
T,T_session_002,60,0.0,0.0,0.0,-0.15070056915283203,-0.2438880354166031,-0.03936680406332016,-0.21130530536174774,-0.5882553458213806,-0.0492747463285923,-0.16256771981716156,-0.8359724283218384,-0.06651578098535538,-0.0987849086523056,-0.9682295918464661,-0.06872814893722534,-0.08173426985740662,-0.8053854703903198,0.02871674671769142,-0.11124000698328018,-1.0,-0.04977088049054146,-0.13827113807201385,-0.7698644399642944,-0.0804552286863327,-0.11852194368839264,-0.7176544666290283,-0.09088362008333206,0.03170184791088104,-0.7403414845466614,0.011298375204205513,0.010755009949207306,-0.9267785549163818,-0.06946590542793274,-0.04535093158483505,-0.6614825129508972,-0.0705297440290451,-0.025065377354621887,-0.6306613087654114,-0.04825996980071068,0.1371273547410965,-0.634528636932373,-0.024597713723778725,0.12207799404859543,-0.8148889541625977,-0.11089985072612762,0.049748197197914124,-0.5579067468643188,-0.06852221488952637,0.06019536778330803,-0.5102194547653198,-0.01579107716679573,0.24114960432052612,-0.5063278079032898,-0.06586235761642456,0.2111542522907257,-0.6542503237724304,-0.10700912028551102,0.1447748839855194,-0.4909500181674957,-0.06785067915916443,0.14711402356624603,-0.4281083345413208,-0.02524626813828945
T,T_session_002,61,0.0,0.0,0.0,-0.14778433740139008,-0.25681161880493164,-0.03606393560767174,-0.20313230156898499,-0.610081136226654,-0.04151935875415802,-0.1501179039478302,-0.847439706325531,-0.053918641060590744,-0.08903878927230835,-0.990160346031189,-0.05043767765164375,-0.06538841873407364,-0.8074517250061035,0.027003910392522812,-0.10383341461420059,-1.0,-0.05591908097267151,-0.14016133546829224,-0.7903462052345276,-0.08695175498723984,-0.12969328463077545,-0.721231997013092,-0.09365455061197281,0.0433795340359211,-0.7372322082519531,0.008880868554115295,0.017931995913386345,-0.9390081763267517,-0.07276514172554016,-0.04108253866434097,-0.6827427744865417,-0.07147059589624405,-0.01670038141310215,-0.6417990922927856,-0.04576442763209343,0.14729730784893036,-0.6304841637611389,-0.02802485041320324,0.1289157271385193,-0.8181993365287781,-0.11305536329746246,0.054638151079416275,-0.5705709457397461,-0.0682954415678978,0.06751043349504471,-0.5192362070083618,-0.012863541953265667,0.24864931404590607,-0.4999891221523285,-0.07051550596952438,0.22475756704807281,-0.6728338003158569,-0.10928739607334137,0.155434712767601,-0.5202046632766724,-0.06770150363445282,0.1574200987815857,-0.4500032961368561,-0.022833097726106644
T,T_session_002,62,0.0,0.0,0.0,-0.1469637006521225,-0.23452039062976837,-0.03712852671742439,-0.20890192687511444,-0.5596098899841309,-0.044849544763565063,-0.16286997497081757,-0.8136345744132996,-0.06023801490664482,-0.10676275193691254,-0.9792311787605286,-0.060408979654312134,-0.08872412145137787,-0.7833808064460754,0.030191699042916298,-0.1150800958275795,-1.0,-0.05330098420381546,-0.14374785125255585,-0.787184476852417,-0.08584471046924591,-0.12627862393856049,-0.7142038345336914,-0.09499578922986984,0.02291470766067505,-0.7219377756118774,0.012547134421765804,0.011731727048754692,-0.9324961304664612,-0.07272006571292877,-0.045178741216659546,-0.663516104221344,-0.07477594912052155,-0.024159876629710197,-0.6203946471214294,-0.051471032202243805,0.12946893274784088,-0.6231161952018738,-0.023909371346235275,0.12383269518613815,-0.8250634074211121,-0.11660832166671753,0.048469431698322296,-0.5626345276832581,-0.07468974590301514,0.05708546191453934,-0.5029519200325012,-0.01978054828941822,0.23569737374782562,-0.49908316135406494,-0.06539203226566315,0.2166256606578827,-0.6659553647041321,-0.114948570728302,0.14427150785923004,-0.5027098655700684,-0.07871763408184052,0.13919556140899658,-0.42908942699432373,-0.03610122203826904
T,T_session_002,63,0.0,0.0,0.0,-0.15213902294635773,-0.24063661694526672,-0.04170038923621178,-0.20866432785987854,-0.5781515836715698,-0.05174356698989868,-0.16019216179847717,-0.8280155658721924,-0.06854026019573212,-0.10686888545751572,-0.9938213229179382,-0.06829259544610977,-0.08109688013792038,-0.7897741794586182,0.02398606762290001,-0.11159003525972366,-1.0,-0.060592178255319595,-0.14280658960342407,-0.7830293774604797,-0.09251095354557037,-0.12811917066574097,-0.7251273989677429,-0.10107932984828949,0.027855953201651573,-0.7240577936172485,0.008461902849376202,0.011255173943936825,-0.9367615580558777,-0.07614012062549591,-0.04623008519411087,-0.6715529561042786,-0.07582706212997437,-0.022387376055121422,-0.6433835625648499,-0.05152861401438713,0.13190263509750366,-0.6246426701545715,-0.02644849754869938,0.12481185793876648,-0.8254745006561279,-0.11392024159431458,0.05045454204082489,-0.5723523497581482,-0.0678563117980957,0.06332056224346161,-0.5243211388587952,-0.01179569587111473,0.23456956446170807,-0.5072562098503113,-0.06758370250463486,0.21754635870456696,-0.678444504737854,-0.10955552011728287,0.14762625098228455,-0.5288675427436829,-0.07015233486890793,0.14789316058158875,-0.46358779072761536,-0.026722261682152748
T,T_session_002,64,0.0,0.0,0.0,-0.14573699235916138,-0.24138149619102478,-0.0366344153881073,-0.1954963654279709,-0.5866942405700684,-0.0434877946972847,-0.1376308798789978,-0.8363677263259888,-0.056733354926109314,-0.07818683981895447,-1.0,-0.05515865236520767,-0.0763283222913742,-0.8071467280387878,0.025342367589473724,-0.1090782880783081,-0.9992825984954834,-0.0527244433760643,-0.1487555056810379,-0.8343092799186707,-0.08151614665985107,-0.1377098113298416,-0.7769507765769958,-0.08850749582052231,0.0363960787653923,-0.7407951951026917,0.008050833828747272,0.01921035535633564,-0.9428564310073853,-0.07133443653583527,-0.04845668375492096,-0.7068510055541992,-0.07188968360424042,-0.030179273337125778,-0.6756344437599182,-0.04892868921160698,0.1432851403951645,-0.63626629114151,-0.027045821771025658,0.13226568698883057,-0.831731379032135,-0.11262921988964081,0.049238257110118866,-0.5994601249694824,-0.07176810503005981,0.056995224207639694,-0.5502517819404602,-0.019888971000909805,0.24764470756053925,-0.5087971687316895,-0.06745649874210358,0.22663959860801697,-0.6808131337165833,-0.11282402276992798,0.15136805176734924,-0.5360821485519409,-0.07747195661067963,0.14752784371376038,-0.4679035544395447,-0.03656008467078209
T,T_session_002,65,0.0,0.0,0.0,-0.14786693453788757,-0.2474604994058609,-0.04492388665676117,-0.2009759545326233,-0.5938214063644409,-0.05046750605106354,-0.14354491233825684,-0.8445298075675964,-0.059921570122241974,-0.07650929689407349,-0.991396427154541,-0.05141734331846237,-0.073045514523983,-0.8140938878059387,0.026589524000883102,-0.10526119917631149,-1.0,-0.054218191653490067,-0.14369021356105804,-0.8074324131011963,-0.08136235177516937,-0.12802515923976898,-0.7642555832862854,-0.08675246685743332,0.040125057101249695,-0.7419225573539734,0.013821985572576523,0.023132920265197754,-0.940190315246582,-0.06905630230903625,-0.04465309530496597,-0.6806878447532654,-0.06570697575807571,-0.021515656262636185,-0.66622394323349,-0.03791864961385727,0.14655986428260803,-0.6386129260063171,-0.019058987498283386,0.13413342833518982,-0.8274640440940857,-0.10978890210390091,0.051161326467990875,-0.5755077600479126,-0.06580290198326111,0.06557290256023407,-0.5428034663200378,-0.009271946735680103,0.25096064805984497,-0.5141245126724243,-0.05805410444736481,0.23202793300151825,-0.6809476613998413,-0.10418125241994858,0.15703041851520538,-0.5247972011566162,-0.06686825305223465,0.15630263090133667,-0.46184855699539185,-0.02330777794122696
T,T_session_002,66,0.0,0.0,0.0,-0.15432368218898773,-0.22742469608783722,-0.050495244562625885,-0.21252839267253876,-0.5772259831428528,-0.05759340897202492,-0.1534288078546524,-0.8389221429824829,-0.0672600269317627,-0.09143569320440292,-0.9869140982627869,-0.059013765305280685,-0.09795922785997391,-0.8049086332321167,0.015538332983851433,-0.11475057899951935,-1.0,-0.06471072137355804,-0.1456192284822464,-0.7796893119812012,-0.0913449376821518,-0.1335795819759369,-0.7340188026428223,-0.09812014549970627,0.020225461572408676,-0.7396694421768188,0.004422374069690704,0.014408145099878311,-0.9381793141365051,-0.07730694115161896,-0.046821195632219315,-0.6689656972885132,-0.07486024498939514,-0.034176576882600784,-0.6529515385627747,-0.04998532682657242,0.1311403214931488,-0.6392466425895691,-0.026436392217874527,0.13174507021903992,-0.8304698467254639,-0.11684341728687286,0.05302562192082405,-0.57040935754776,-0.07452921569347382,0.05595346540212631,-0.5355696082115173,-0.021187657490372658,0.2410232275724411,-0.5161126255989075,-0.06358188390731812,0.22971303761005402,-0.6699067950248718,-0.11270340532064438,0.16181200742721558,-0.5129309296607971,-0.07913804054260254,0.15626946091651917,-0.45859408378601074,-0.03935902565717697
T,T_session_002,67,0.0,0.0,0.0,-0.14309993386268616,-0.23428861796855927,-0.04836928844451904,-0.19800615310668945,-0.5717055797576904,-0.058360397815704346,-0.1431766152381897,-0.8344216346740723,-0.07126504927873611,-0.07400435209274292,-0.9951606392860413,-0.06696093082427979,-0.07178106904029846,-0.8045129776000977,0.013273373246192932,-0.10344165563583374,-1.0,-0.06925169378519058,-0.14096099138259888,-0.8079299330711365,-0.09770220518112183,-0.12597885727882385,-0.7535674571990967,-0.10515447705984116,0.04171797260642052,-0.7352007627487183,0.0017610389040783048,0.024381136521697044,-0.9436370730400085,-0.0853472650051117,-0.0404139943420887,-0.6771796345710754,-0.0842875987291336,-0.01722479797899723,-0.6468430757522583,-0.05886370316147804,0.1505572348833084,-0.6346256732940674,-0.02867383137345314,0.1397707611322403,-0.8358604311943054,-0.12251175940036774,0.05833764001727104,-0.5765536427497864,-0.07668893039226532,0.07205966860055923,-0.5270692706108093,-0.019399426877498627,0.2576136887073517,-0.5148917436599731,-0.06524641066789627,0.2363632172346115,-0.6856037378311157,-0.11711563169956207,0.16377148032188416,-0.5234819650650024,-0.08100902289152145,0.16697604954242706,-0.4566848576068878,-0.03809487447142601
T,T_session_002,68,0.0,0.0,0.0,-0.15073741972446442,-0.23631632328033447,-0.055590808391571045,-0.21348601579666138,-0.5744621157646179,-0.06593964248895645,-0.15548360347747803,-0.841500997543335,-0.07785363495349884,-0.07859455794095993,-1.0,-0.07050414383411407,-0.0840877965092659,-0.8086850643157959,0.017818300053477287,-0.1155124232172966,-0.9919593334197998,-0.06638380140066147,-0.14466333389282227,-0.7626960873603821,-0.09801893681287766,-0.12030851095914841,-0.7366252541542053,-0.10905054211616516,0.03384612500667572,-0.7359538078308105,0.009373164735734463,0.019411597400903702,-0.9362285137176514,-0.07611330598592758,-0.043896645307540894,-0.6654333472251892,-0.07667375355958939,-0.02039424516260624,-0.6619688272476196,-0.05436085909605026,0.14483296871185303,-0.6348997354507446,-0.019823279231786728,0.14176079630851746,-0.8364757299423218,-0.11496710032224655,0.05819281190633774,-0.574307918548584,-0.07211901992559433,0.07156244665384293,-0.5447397828102112,-0.017195526510477066,0.25591811537742615,-0.516974151134491,-0.05579136312007904,0.2402762621641159,-0.6784881353378296,-0.1054701879620552,0.16930966079235077,-0.5216020941734314,-0.07001494616270065,0.17148207128047943,-0.46873289346694946,-0.02825566753745079
T,T_session_002,69,0.0,0.0,0.0,-0.14890573918819427,-0.2204810082912445,-0.04693311080336571,-0.21684373915195465,-0.5638056397438049,-0.05433330312371254,-0.15896110236644745,-0.8345187306404114,-0.06576599180698395,-0.0764654278755188,-0.9880722761154175,-0.05972485616803169,-0.09367714822292328,-0.8010551333427429,0.02339380793273449,-0.12084280699491501,-1.0,-0.05896395817399025,-0.1525140106678009,-0.791713535785675,-0.08739843964576721,-0.13560117781162262,-0.7419812679290771,-0.09479860216379166,0.026465190574526787,-0.7368149757385254,0.01162517536431551,0.016265660524368286,-0.9399052858352661,-0.07394374907016754,-0.047587063163518906,-0.6764854788780212,-0.0741470530629158,-0.030216986313462257,-0.663253903388977,-0.05015052482485771,0.14004161953926086,-0.639894425868988,-0.019856106489896774,0.13779453933238983,-0.8375483751296997,-0.114407479763031,0.05433260276913643,-0.582220196723938,-0.07298246771097183,0.06109597906470299,-0.5496493577957153,-0.018852902576327324,0.2535609006881714,-0.5233927965164185,-0.05711863189935684,0.2418087273836136,-0.687501072883606,-0.1096433773636818,0.16799668967723846,-0.5274437069892883,-0.07641524076461792,0.16297976672649384,-0.4699448049068451,-0.035635702311992645
T,T_session_002,70,0.0,0.0,0.0,-0.1392253190279007,-0.22910194098949432,-0.04425988346338272,-0.20574326813220978,-0.5535968542098999,-0.06128402054309845,-0.1509319692850113,-0.8217688202857971,-0.0848081186413765,-0.06833788752555847,-1.0,-0.0937502458691597,-0.08908332884311676,-0.803762674331665,0.024705789983272552,-0.12857381999492645,-0.9947102665901184,-0.05864553153514862,-0.16021598875522614,-0.8799350261688232,-0.08870282024145126,-0.14470195770263672,-0.8385646343231201,-0.09583193808794022,0.03017193078994751,-0.7495473623275757,0.008871366269886494,0.016659168526530266,-0.9551751017570496,-0.07741982489824295,-0.045277755707502365,-0.707956075668335,-0.07538797706365585,-0.023737076669931412,-0.6845833659172058,-0.04788900539278984,0.14687439799308777,-0.6537485122680664,-0.026266800239682198,0.14135350286960602,-0.8551337718963623,-0.12255118042230606,0.05975455418229103,-0.6114228963851929,-0.07765233516693115,0.06632756441831589,-0.5631600022315979,-0.019331257790327072,0.26180118322372437,-0.5283850431442261,-0.06715420633554459,0.2461572140455246,-0.7072845101356506,-0.12119599431753159,0.17028076946735382,-0.5547914505004883,-0.0845535546541214,0.16280978918075562,-0.4857567548751831,-0.040006231516599655
T,T_session_002,71,0.0,0.0,0.0,-0.14946018159389496,-0.2301797866821289,-0.057914406061172485,-0.22261373698711395,-0.5643709301948547,-0.07222392410039902,-0.1702663153409958,-0.832818865776062,-0.08839364349842072,-0.07959917187690735,-1.0,-0.08877722173929214,-0.1158854067325592,-0.8226456642150879,0.02471490204334259,-0.14673596620559692,-0.9850203394889832,-0.058601465076208115,-0.1705883890390396,-0.8787477016448975,-0.0937759280204773,-0.15167666971683502,-0.8962001800537109,-0.10724012553691864,0.010826092213392258,-0.7701959013938904,0.015059342607855797,0.010950438678264618,-0.9762316942214966,-0.07767525315284729,-0.048199594020843506,-0.7311219573020935,-0.08502399921417236,-0.03729265555739403,-0.7233687043190002,-0.06221390143036842,0.1335347592830658,-0.6787624359130859,-0.015198376029729843,0.14029893279075623,-0.8691632747650146,-0.11970473825931549,0.05928119271993637,-0.6174347996711731,-0.08338230848312378,0.0564781129360199,-0.581786572933197,-0.02715289406478405,0.25584930181503296,-0.5558378100395203,-0.051867466419935226,0.2554745078086853,-0.7261191010475159,-0.10872400552034378,0.18314765393733978,-0.5698209404945374,-0.0751577839255333,0.16733318567276,-0.512479841709137,-0.03157749027013779
T,T_session_002,72,0.0,0.0,0.0,-0.141173854470253,-0.2180447280406952,-0.06395301222801208,-0.21623392403125763,-0.5480901002883911,-0.08810463547706604,-0.17092806100845337,-0.8197883367538452,-0.11471866071224213,-0.08179709315299988,-1.0,-0.1257636547088623,-0.10334364324808121,-0.8116210699081421,0.013993524014949799,-0.136417418718338,-0.9852768778800964,-0.07615535706281662,-0.16393041610717773,-0.8553087711334229,-0.11238957196474075,-0.14822816848754883,-0.839935302734375,-0.12356642633676529,0.023052001371979713,-0.7587641477584839,0.005361010320484638,0.016557499766349792,-0.9651756286621094,-0.09084058552980423,-0.045459095388650894,-0.7156564593315125,-0.09599969536066055,-0.030332300812005997,-0.7027133107185364,-0.07064834982156754,0.14385977387428284,-0.6634724736213684,-0.0248863622546196,0.1479593962430954,-0.8518796563148499,-0.130958691239357,0.06333595514297485,-0.6040348410606384,-0.09277771413326263,0.06230079382658005,-0.5685829520225525,-0.034999385476112366,0.26457756757736206,-0.5374249815940857,-0.06209959834814072,0.26191988587379456,-0.7137823700904846,-0.11940092593431473,0.18751025199890137,-0.5599498152732849,-0.08543064445257187,0.17390279471874237,-0.5000297427177429,-0.04129951447248459
T,T_session_002,73,0.0,0.0,0.0,-0.14391519129276276,-0.2186374068260193,-0.05989373102784157,-0.21538732945919037,-0.5465198159217834,-0.077834852039814,-0.16384854912757874,-0.8203502893447876,-0.09788498282432556,-0.07732506841421127,-1.0,-0.09994713217020035,-0.09755493700504303,-0.8053761124610901,0.019443277269601822,-0.1279071867465973,-0.9955059885978699,-0.07266000658273697,-0.15714313089847565,-0.8198427557945251,-0.10941977798938751,-0.1380300223827362,-0.7762759923934937,-0.11980915069580078,0.026405196636915207,-0.7432352900505066,0.012754909694194794,0.01946093887090683,-0.9608502388000488,-0.08090873062610626,-0.04376485198736191,-0.7008804678916931,-0.08503728359937668,-0.024603500962257385,-0.6827546954154968,-0.06037388741970062,0.14353205263614655,-0.6456319093704224,-0.015779422596096992,0.14989599585533142,-0.8516324162483215,-0.11894989758729935,0.06228667125105858,-0.5965678691864014,-0.07927105575799942,0.06568828970193863,-0.553813636302948,-0.021496079862117767,0.26268231868743896,-0.5234125256538391,-0.05103911831974983,0.2571048438549042,-0.7024751305580139,-0.10590355843305588,0.18043948709964752,-0.5482719540596008,-0.07255765050649643,0.1703442931175232,-0.488330215215683,-0.029383499175310135
T,T_session_002,74,0.0,0.0,0.0,-0.13662905991077423,-0.21701164543628693,-0.06105468049645424,-0.20330286026000977,-0.541595458984375,-0.08176161348819733,-0.15147626399993896,-0.8114479780197144,-0.10377571731805801,-0.07043801248073578,-1.0,-0.1077558696269989,-0.09742604196071625,-0.8043661713600159,0.009540405124425888,-0.1260720044374466,-0.9924638867378235,-0.08372706919908524,-0.15282751619815826,-0.7967454195022583,-0.11983751505613327,-0.13009394705295563,-0.7488695979118347,-0.13054907321929932,0.02519204653799534,-0.7421790957450867,0.0023714026901870966,0.017554206773638725,-0.9591832756996155,-0.09410310536623001,-0.04407229647040367,-0.6870381832122803,-0.09774365276098251,-0.024843493476510048,-0.6617708802223206,-0.07309427857398987,0.14090722799301147,-0.6443882584571838,-0.02599319815635681,0.14434105157852173,-0.8506601452827454,-0.131010040640831,0.05856773629784584,-0.5871474742889404,-0.08935410529375076,0.06287603825330734,-0.5376021265983582,-0.03056975081562996,0.2561652958393097,-0.5237651467323303,-0.06095201149582863,0.2467532753944397,-0.6977988481521606,-0.11813464015722275,0.17180244624614716,-0.5369715094566345,-0.08444277942180634,0.16272294521331787,-0.4731735289096832,-0.040921103209257126
T,T_session_002,75,0.0,0.0,0.0,-0.1342500001192093,-0.2176593393087387,-0.05920230969786644,-0.18996256589889526,-0.5421398878097534,-0.07800821214914322,-0.13579396903514862,-0.8053309917449951,-0.09953051805496216,-0.0763864517211914,-1.0,-0.104335717856884,-0.09547868371009827,-0.7870382070541382,0.018392471596598625,-0.11632216721773148,-0.9774476885795593,-0.06886889040470123,-0.13728667795658112,-0.8018139004707336,-0.1019328311085701,-0.11734022945165634,-0.7556732892990112,-0.11007390171289444,0.019875235855579376,-0.7327346205711365,0.010980882681906223,0.018304506316781044,-0.9469521641731262,-0.08150367438793182,-0.038632992655038834,-0.690160870552063,-0.08682559430599213,-0.02443736419081688,-0.6664381623268127,-0.06245211884379387,0.1302831470966339,-0.6440896391868591,-0.01746627874672413,0.13558648526668549,-0.8424288630485535,-0.11780575662851334,0.056416939944028854,-0.5913447737693787,-0.07925666123628616,0.05733681842684746,-0.5442550778388977,-0.022543536499142647,0.2400336116552353,-0.5324866771697998,-0.052615806460380554,0.23178456723690033,-0.7021374106407166,-0.10599741339683533,0.16385094821453094,-0.549098551273346,-0.07262790203094482,0.15598639845848083,-0.48674699664115906,-0.02948233298957348
T,T_session_002,76,0.0,0.0,0.0,-0.14001692831516266,-0.2182026505470276,-0.04952235519886017,-0.19166669249534607,-0.544270396232605,-0.06447108834981918,-0.12942710518836975,-0.8105371594429016,-0.08291608095169067,-0.06775006651878357,-1.0,-0.08702250570058823,-0.10116003453731537,-0.7830862402915955,0.021049221977591515,-0.12462534010410309,-0.9698781967163086,-0.061614442616701126,-0.15469487011432648,-0.8534842133522034,-0.0909261628985405,-0.14348077774047852,-0.8164802193641663,-0.0959877148270607,0.01433844305574894,-0.7318600416183472,0.009886806830763817,0.01385748852044344,-0.9457705616950989,-0.07738357037305832,-0.04838988929986954,-0.6960883736610413,-0.07665763050317764,-0.03559107333421707,-0.675009548664093,-0.04735128954052925,0.12523770332336426,-0.6446437835693359,-0.02076955884695053,0.1282193809747696,-0.8361899256706238,-0.11764675378799438,0.04923904314637184,-0.5891839265823364,-0.07540275156497955,0.05396699532866478,-0.54974764585495,-0.016353482380509377,0.23288939893245697,-0.5329599976539612,-0.057156238704919815,0.21774588525295258,-0.691622793674469,-0.10890872776508331,0.1530143916606903,-0.5384872555732727,-0.0728449821472168,0.15313678979873657,-0.48387017846107483,-0.027956049889326096
T,T_session_002,77,0.0,0.0,0.0,-0.13891954720020294,-0.21622540056705475,-0.04552594944834709,-0.19449809193611145,-0.5448780655860901,-0.05931488424539566,-0.13751451671123505,-0.8137698769569397,-0.07785803824663162,-0.07515989243984222,-1.0,-0.08196008950471878,-0.10351568460464478,-0.7832279801368713,0.020382622256875038,-0.1252470761537552,-0.983654797077179,-0.06463844329118729,-0.1508178412914276,-0.8268998265266418,-0.09528043121099472,-0.13086450099945068,-0.7648882865905762,-0.10085054486989975,0.010771209374070168,-0.7287461757659912,0.0064206812530756,0.009602101519703865,-0.9522172212600708,-0.08040951937437057,-0.05038582161068916,-0.696681797504425,-0.07932080328464508,-0.0343644879758358,-0.6635593771934509,-0.05067510902881622,0.1189526692032814,-0.639145016670227,-0.026929639279842377,0.12286766618490219,-0.8328794240951538,-0.1230774000287056,0.04398687928915024,-0.5799753069877625,-0.08136540651321411,0.04918289557099342,-0.5288392901420593,-0.02304481901228428,0.22673650085926056,-0.5260345935821533,-0.06574008613824844,0.2133827656507492,-0.6937301158905029,-0.11661139130592346,0.14398479461669922,-0.5331353545188904,-0.08024255931377411,0.13678014278411865,-0.46300604939460754,-0.03531435877084732
T,T_session_002,78,0.0,0.0,0.0,-0.13897815346717834,-0.23005229234695435,-0.03965155780315399,-0.18894349038600922,-0.5544029474258423,-0.051745396107435226,-0.13221921026706696,-0.8130083680152893,-0.07017023861408234,-0.07798366248607635,-1.0,-0.07542597502470016,-0.09759393334388733,-0.7774472236633301,0.028453296050429344,-0.12178327143192291,-0.9763941764831543,-0.051179707050323486,-0.15262717008590698,-0.8444396257400513,-0.0806998461484909,-0.1378401815891266,-0.7991939783096313,-0.08681122958660126,0.015176725573837757,-0.7221066951751709,0.012011134065687656,0.009031251072883606,-0.9364164471626282,-0.0713103860616684,-0.05552997440099716,-0.695827066898346,-0.07378118485212326,-0.041301123797893524,-0.6723862290382385,-0.049251630902290344,0.12193851172924042,-0.6319429874420166,-0.022795483469963074,0.12130922824144363,-0.8285622596740723,-0.11554940789937973,0.0406067855656147,-0.586401641368866,-0.07731365412473679,0.04546714946627617,-0.5375280976295471,-0.022811464965343475,0.22691459953784943,-0.519217312335968,-0.06259358674287796,0.21106724441051483,-0.6863527894020081,-0.11165551096200943,0.14037534594535828,-0.5299949049949646,-0.07649841159582138,0.1333271861076355,-0.459177166223526,-0.033284831792116165
T,T_session_002,79,0.0,0.0,0.0,-0.137034609913826,-0.2265724241733551,-0.04594077542424202,-0.19070202112197876,-0.5421382784843445,-0.06134747713804245,-0.1403505653142929,-0.8066906332969666,-0.08138647675514221,-0.08556726574897766,-1.0,-0.08695531636476517,-0.10441852360963821,-0.7711951732635498,0.02228734642267227,-0.12990489602088928,-0.965537965297699,-0.05759912729263306,-0.15175051987171173,-0.8179181814193726,-0.08668655157089233,-0.12190859764814377,-0.7747863531112671,-0.09364738315343857,0.009272167459130287,-0.7164607048034668,0.009810621850192547,0.003074462991207838,-0.9341443181037903,-0.07426968961954117,-0.05727120861411095,-0.6865978837013245,-0.07581274211406708,-0.03694614768028259,-0.6587962508201599,-0.0511818528175354,0.1152014285326004,-0.628116250038147,-0.021407153457403183,0.11807475239038467,-0.8286603093147278,-0.11519889533519745,0.036586832255125046,-0.5837275981903076,-0.07826641947031021,0.0444592721760273,-0.528755247592926,-0.024683762341737747,0.21957117319107056,-0.5185960531234741,-0.05795188993215561,0.20718099176883698,-0.6818588972091675,-0.10714423656463623,0.13427449762821198,-0.529399573802948,-0.07490677386522293,0.12588898837566376,-0.4588356912136078,-0.034079037606716156
T,T_session_002,80,0.0,0.0,0.0,-0.14201025664806366,-0.23040112853050232,-0.045862846076488495,-0.19665901362895966,-0.5449678897857666,-0.06130678579211235,-0.14236949384212494,-0.810586154460907,-0.08128046989440918,-0.08245641738176346,-1.0,-0.08688507229089737,-0.10512400418519974,-0.7791027426719666,0.0254509374499321,-0.12821143865585327,-0.9675586819648743,-0.051661476492881775,-0.1563841700553894,-0.8316359519958496,-0.08023380488157272,-0.13174037635326385,-0.7965285778045654,-0.08794061839580536,0.008812990970909595,-0.722493052482605,0.013019798323512077,0.0006854503881186247,-0.9357815384864807,-0.06960724294185638,-0.061891697347164154,-0.6861275434494019,-0.07168393582105637,-0.04142202436923981,-0.6584627032279968,-0.04736680909991264,0.11473400145769119,-0.6319218277931213,-0.0179500300437212,0.11321429163217545,-0.8315370678901672,-0.10870494693517685,0.031625762581825256,-0.5839237570762634,-0.07115010172128677,0.04274379089474678,-0.528719425201416,-0.01790843904018402,0.21949957311153412,-0.5219466686248779,-0.05444920435547829,0.19993966817855835,-0.6802321672439575,-0.10148613154888153,0.1281043142080307,-0.5273338556289673,-0.06879470497369766,0.12562911212444305,-0.4597195088863373,-0.027994226664304733
T,T_session_002,81,0.0,0.0,0.0,-0.1479102373123169,-0.2153259813785553,-0.050176769495010376,-0.20688900351524353,-0.5406926870346069,-0.06573587656021118,-0.14716115593910217,-0.8110101222991943,-0.0848105251789093,-0.08413033932447433,-1.0,-0.08781297504901886,-0.10415395349264145,-0.7855984568595886,0.02296067588031292,-0.12991729378700256,-0.9761943221092224,-0.059657786041498184,-0.1593358963727951,-0.8322180509567261,-0.08832582086324692,-0.13958105444908142,-0.785693883895874,-0.09340851753950119,0.009202046319842339,-0.7273010015487671,0.012674062512814999,-0.002545978408306837,-0.9350895881652832,-0.07230853289365768,-0.06308440864086151,-0.6813779473304749,-0.07126480340957642,-0.04127037152647972,-0.6637840270996094,-0.04325193166732788,0.11481353640556335,-0.6360482573509216,-0.017469722777605057,0.10629141330718994,-0.8289555311203003,-0.11145489662885666,0.030482979491353035,-0.5754343867301941,-0.07015075534582138,0.045706670731306076,-0.5340003967285156,-0.013412118889391422,0.218903586268425,-0.5281898975372314,-0.053694549947977066,0.19692492485046387,-0.6830456256866455,-0.1034555658698082,0.12951889634132385,-0.5198528170585632,-0.06881193071603775,0.1330886036157608,-0.4575023353099823,-0.02549116685986519
T,T_session_002,82,0.0,0.0,0.0,-0.13770993053913116,-0.22160956263542175,-0.03967253863811493,-0.1980952024459839,-0.5414828062057495,-0.055220555514097214,-0.14457455277442932,-0.8086187243461609,-0.07753761112689972,-0.08172357082366943,-1.0,-0.08682072907686234,-0.10392455011606216,-0.7806082367897034,0.025661692023277283,-0.14099478721618652,-0.9772579669952393,-0.05352672562003136,-0.1715352088212967,-0.9190530180931091,-0.07950954884290695,-0.1567753404378891,-0.8889865875244141,-0.08291057497262955,0.008107923902571201,-0.7301709055900574,0.008057467639446259,-0.0029554988723248243,-0.9475407600402832,-0.07763313502073288,-0.058697573840618134,-0.7035999894142151,-0.0731760635972023,-0.03664081543684006,-0.6695526838302612,-0.04129032790660858,0.11656264215707779,-0.6413143277168274,-0.027999401092529297,0.10738097131252289,-0.8394749164581299,-0.1216474398970604,0.033380672335624695,-0.5973052978515625,-0.0765223577618599,0.04366283491253853,-0.5447139739990234,-0.016901884227991104,0.2209790050983429,-0.5257359147071838,-0.0695926621556282,0.20156721770763397,-0.6973468661308289,-0.12077396363019943,0.13538742065429688,-0.5466787815093994,-0.08449967950582504,0.13556383550167084,-0.47665467858314514,-0.04008021205663681
T,T_session_002,83,0.0,0.0,0.0,-0.1371995210647583,-0.20453904569149017,-0.0453767254948616,-0.19490930438041687,-0.5188246965408325,-0.062298160046339035,-0.1416499763727188,-0.7938671112060547,-0.08342695981264114,-0.08805488049983978,-1.0,-0.09070048481225967,-0.11567269265651703,-0.7651978731155396,0.019592387601733208,-0.1498068869113922,-0.96369469165802,-0.06421708315610886,-0.17908896505832672,-0.9062893390655518,-0.09145651012659073,-0.1628817617893219,-0.873247504234314,-0.09417237341403961,-0.00015550838725175709,-0.7175943851470947,0.006410579197108746,-0.008920472115278244,-0.9381725192070007,-0.08299333602190018,-0.06426528841257095,-0.6872628331184387,-0.07797064632177353,-0.04185950383543968,-0.6560741066932678,-0.04409295320510864,0.10964519530534744,-0.6343454718589783,-0.025855060666799545,0.10284015536308289,-0.8322920799255371,-0.12324146926403046,0.03133643791079521,-0.5826550126075745,-0.07668005675077438,0.04488663002848625,-0.5344583988189697,-0.014403191395103931,0.21511921286582947,-0.5299205183982849,-0.06376060843467712,0.19432780146598816,-0.689446747303009,-0.11714491993188858,0.13070589303970337,-0.5317694544792175,-0.08081595599651337,0.13318365812301636,-0.46842801570892334,-0.035214103758335114
T,T_session_002,84,0.0,0.0,0.0,-0.13728858530521393,-0.2128535658121109,-0.04106229916214943,-0.19624055922031403,-0.5252270698547363,-0.058398157358169556,-0.140862375497818,-0.7980064153671265,-0.08061817288398743,-0.08422570675611496,-1.0,-0.09172571450471878,-0.12403364479541779,-0.7564624547958374,0.018731921911239624,-0.16460853815078735,-0.9377686381340027,-0.058712102472782135,-0.19431713223457336,-0.9375116229057312,-0.08524958789348602,-0.17937682569026947,-0.9123238921165466,-0.08917836099863052,-0.008688405156135559,-0.7183636426925659,0.002621700754389167,-0.01568353734910488,-0.9442010521888733,-0.0791228711605072,-0.06553564220666885,-0.6937461495399475,-0.06963557004928589,-0.04185710474848747,-0.6393312215805054,-0.0335996076464653,0.10180024057626724,-0.637955904006958,-0.03150439262390137,0.0974440723657608,-0.8346753120422363,-0.12220580130815506,0.030409913510084152,-0.5924884080886841,-0.07279932498931885,0.04249257594347,-0.5321674346923828,-0.010407081805169582,0.20676973462104797,-0.5272248387336731,-0.07133147865533829,0.18920232355594635,-0.6888857483863831,-0.12062612920999527,0.12767386436462402,-0.5384321808815002,-0.08116105943918228,0.12526781857013702,-0.46941274404525757,-0.0349699929356575
T,T_session_002,85,0.0,0.0,0.0,-0.14271573722362518,-0.20244260132312775,-0.050287000834941864,-0.20333127677440643,-0.5247467756271362,-0.0643261969089508,-0.1558694988489151,-0.7998946309089661,-0.0808282271027565,-0.10951479524374008,-1.0,-0.08176349848508835,-0.13555465638637543,-0.7706869840621948,0.017393706366419792,-0.1660425066947937,-0.9687451124191284,-0.06724219024181366,-0.1857948750257492,-0.8674114346504211,-0.0966675728559494,-0.16671882569789886,-0.8244328498840332,-0.10042668133974075,-0.014329813420772552,-0.7269168496131897,0.007794206030666828,-0.02038664184510708,-0.9398379325866699,-0.07655929774045944,-0.0690079778432846,-0.6875068545341492,-0.07027895748615265,-0.05312443897128105,-0.6650076508522034,-0.03788647800683975,0.09910911321640015,-0.6443444490432739,-0.02193121239542961,0.09740335494279861,-0.8299947381019592,-0.11540132015943527,0.031060397624969482,-0.5785983800888062,-0.06976604461669922,0.03817683830857277,-0.5370560884475708,-0.009836574085056782,0.208742156624794,-0.5371578335762024,-0.05798572301864624,0.19510997831821442,-0.6864904761314392,-0.10748310387134552,0.1343975067138672,-0.5297783613204956,-0.07118859142065048,0.13036276400089264,-0.47178542613983154,-0.02695392817258835
T,T_session_002,86,0.0,0.0,0.0,-0.13976798951625824,-0.2079455703496933,-0.04268943518400192,-0.1959282010793686,-0.5250746607780457,-0.06087937578558922,-0.147970050573349,-0.794902503490448,-0.08390691876411438,-0.10625126212835312,-1.0,-0.09548015147447586,-0.12827327847480774,-0.7651676535606384,0.01654912158846855,-0.16052290797233582,-0.954178512096405,-0.058925360441207886,-0.18788328766822815,-0.9376215934753418,-0.08470478653907776,-0.17972056567668915,-0.908378541469574,-0.08852230757474899,-0.008550168015062809,-0.7281578779220581,0.0013188424054533243,-0.01642073504626751,-0.9343281388282776,-0.07859078049659729,-0.06549949944019318,-0.6964126825332642,-0.07171662151813507,-0.05743066221475601,-0.6558483242988586,-0.0396345816552639,0.10345359146595001,-0.6458516120910645,-0.031569838523864746,0.09879976511001587,-0.8255952596664429,-0.12002347409725189,0.034902412444353104,-0.5877796411514282,-0.07423684000968933,0.03740377351641655,-0.5303996205329895,-0.01617909036576748,0.20923280715942383,-0.5334423780441284,-0.07017653435468674,0.19074401259422302,-0.6774710416793823,-0.11968118697404861,0.13019070029258728,-0.5291420221328735,-0.0840725302696228,0.12379636615514755,-0.46686360239982605,-0.0413784459233284
T,T_session_002,87,0.0,0.0,0.0,-0.14067569375038147,-0.2082654982805252,-0.045429933816194534,-0.20235779881477356,-0.5241714715957642,-0.06337904930114746,-0.15849995613098145,-0.7960211634635925,-0.08573558926582336,-0.11402580142021179,-1.0,-0.09407389163970947,-0.1339784562587738,-0.7759913802146912,0.010109378024935722,-0.16304157674312592,-0.9825865626335144,-0.07439792901277542,-0.18271462619304657,-0.8863062858581543,-0.10373079776763916,-0.16904032230377197,-0.839735209941864,-0.10875926166772842,-0.012359675951302052,-0.7359867691993713,-0.005269686691462994,-0.01887604221701622,-0.9542051553726196,-0.09258987754583359,-0.06672113388776779,-0.7019385099411011,-0.08884087949991226,-0.059206489473581314,-0.6692557334899902,-0.0586576946079731,0.10366490483283997,-0.6525881886482239,-0.038951415568590164,0.10004304349422455,-0.8408516049385071,-0.13385023176670074,0.03637104853987694,-0.588757336139679,-0.08874394744634628,0.03709335997700691,-0.5389809012413025,-0.030044924467802048,0.21452608704566956,-0.5384622812271118,-0.07830044627189636,0.20021426677703857,-0.6879094839096069,-0.13077658414840698,0.1381589025259018,-0.5325548052787781,-0.09524276107549667,0.12775379419326782,-0.4718751907348633,-0.05204469710588455
T,T_session_002,88,0.0,0.0,0.0,-0.14228735864162445,-0.2347916066646576,-0.04674210026860237,-0.2075577676296234,-0.5363041758537292,-0.06790480762720108,-0.16640742123126984,-0.8020018339157104,-0.09291411936283112,-0.11561795324087143,-1.0,-0.10457973182201385,-0.13970063626766205,-0.7995432615280151,0.009283983148634434,-0.16695255041122437,-0.9978813529014587,-0.07162899523973465,-0.1832316815853119,-0.9802839756011963,-0.10142017900943756,-0.16969627141952515,-0.9627934694290161,-0.10849844664335251,-0.013075635768473148,-0.7530975937843323,-0.006174239795655012,-0.01814274676144123,-0.9697566032409668,-0.09242334961891174,-0.06590669602155685,-0.7254216074943542,-0.08854550123214722,-0.060474298894405365,-0.6913600564002991,-0.058532558381557465,0.10601349920034409,-0.6709715723991394,-0.03951987996697426,0.10505406558513641,-0.8615771532058716,-0.1346103996038437,0.04125375300645828,-0.6152433156967163,-0.08887461572885513,0.04211536794900894,-0.5576992034912109,-0.029715372249484062,0.2205359935760498,-0.5552291870117188,-0.07888984680175781,0.2101629674434662,-0.7137394547462463,-0.13287422060966492,0.1479886919260025,-0.5549069046974182,-0.09513016790151596,0.13755002617835999,-0.48201924562454224,-0.049793340265750885
T,T_session_002,89,0.0,0.0,0.0,-0.14341667294502258,-0.22737787663936615,-0.050757765769958496,-0.2005731612443924,-0.5417209267616272,-0.06692208349704742,-0.14846546947956085,-0.8090834617614746,-0.08513516187667847,-0.0950932577252388,-1.0,-0.08676711469888687,-0.12748101353645325,-0.8057628870010376,0.013483812101185322,-0.15034089982509613,-0.9991701245307922,-0.07546615600585938,-0.17110559344291687,-0.871436357498169,-0.11116994917392731,-0.1545485407114029,-0.830989420413971,-0.12069746106863022,-0.0007876500021666288,-0.7517026662826538,0.0031423168256878853,-0.00941407773643732,-0.9555250406265259,-0.08681351691484451,-0.061675332486629486,-0.6920702457427979,-0.0877700075507164,-0.048630110919475555,-0.6755601763725281,-0.06143967807292938,0.11429904401302338,-0.663739025592804,-0.02670511044561863,0.10788324475288391,-0.8456845879554749,-0.12257096916437149,0.04011028632521629,-0.5869728922843933,-0.07830911874771118,0.05175036936998367,-0.5503976345062256,-0.020198218524456024,0.22529803216457367,-0.5546318888664246,-0.06284448504447937,0.20615950226783752,-0.6975327730178833,-0.11257201433181763,0.14285309612751007,-0.5301302671432495,-0.07503831386566162,0.14356817305088043,-0.4738524556159973,-0.03028988093137741
T,T_session_002,90,0.0,0.0,0.0,-0.13782469928264618,-0.21365800499916077,-0.04522543027997017,-0.19828619062900543,-0.5265653729438782,-0.0620623417198658,-0.14601115882396698,-0.8027616739273071,-0.08269099146127701,-0.08521941304206848,-1.0,-0.08786327391862869,-0.12696877121925354,-0.7798547148704529,0.017111405730247498,-0.1567542850971222,-0.9849383234977722,-0.06840161979198456,-0.1825522929430008,-0.9412428736686707,-0.09828592836856842,-0.1682526022195816,-0.8978848457336426,-0.10283946245908737,-0.005503462627530098,-0.7340753078460693,0.004157950170338154,-0.010570635087788105,-0.9462839961051941,-0.08482363075017929,-0.06613505631685257,-0.6950441598892212,-0.07975171506404877,-0.053430717438459396,-0.6635106801986694,-0.047316767275333405,0.1071288138628006,-0.652086615562439,-0.027948057278990746,0.10296923667192459,-0.8372771143913269,-0.12248219549655914,0.03379308432340622,-0.5897995829582214,-0.07382330298423767,0.043674569576978683,-0.5444256067276001,-0.012243643403053284,0.21665872633457184,-0.5444106459617615,-0.06630539149045944,0.20050066709518433,-0.6905696392059326,-0.11673083901405334,0.1382170170545578,-0.5353443026542664,-0.079042948782444,0.1384509801864624,-0.4800589680671692,-0.03399134799838066
T,T_session_002,91,0.0,0.0,0.0,-0.13652481138706207,-0.2344832867383957,-0.04530054330825806,-0.19581928849220276,-0.5379219055175781,-0.06375959515571594,-0.14914123713970184,-0.8066844344139099,-0.08650556951761246,-0.09768284112215042,-1.0,-0.09400540590286255,-0.12327840179204941,-0.789880096912384,0.019962159916758537,-0.1483258754014969,-0.9852640628814697,-0.06239541620016098,-0.17418573796749115,-0.9171934723854065,-0.093763567507267,-0.16098584234714508,-0.8862552046775818,-0.10160364210605621,-0.0036279000341892242,-0.7384427785873413,0.006646590773016214,-0.007909867912530899,-0.944749653339386,-0.07944587618112564,-0.06311050057411194,-0.6951977610588074,-0.07832491397857666,-0.05475080385804176,-0.6731764078140259,-0.05076806619763374,0.10862123221158981,-0.6545011401176453,-0.025365477427840233,0.10618273913860321,-0.8422892689704895,-0.11676857620477676,0.03520015627145767,-0.5942990779876709,-0.07212324440479279,0.03862879052758217,-0.5469609498977661,-0.014555142261087894,0.21757376194000244,-0.5456026792526245,-0.06361276656389236,0.20379936695098877,-0.6987365484237671,-0.1121838241815567,0.13870716094970703,-0.5426175594329834,-0.07564554363489151,0.13241426646709442,-0.4802066385746002,-0.03187704086303711
T,T_session_002,92,0.0,0.0,0.0,-0.12941022217273712,-0.21848554909229279,-0.04729676619172096,-0.1879509687423706,-0.5185953378677368,-0.06821708381175995,-0.1427784413099289,-0.7923986911773682,-0.09267432242631912,-0.09020672738552094,-1.0,-0.10214556753635406,-0.11929235607385635,-0.7717993855476379,0.01331263780593872,-0.15122614800930023,-0.9621655344963074,-0.0733773484826088,-0.17985551059246063,-0.8927172422409058,-0.10447514802217484,-0.16491371393203735,-0.8536054491996765,-0.11039389669895172,-0.0012264068936929107,-0.7214475274085999,0.0007574243936687708,-0.009396705776453018,-0.9301609992980957,-0.09041251987218857,-0.0655389055609703,-0.6765837669372559,-0.08801157027482986,-0.05027797818183899,-0.6487343311309814,-0.057557959109544754,0.10976263135671616,-0.6380906701087952,-0.030701894313097,0.10287848860025406,-0.821540355682373,-0.12855370342731476,0.030131405219435692,-0.574671745300293,-0.0835198163986206,0.038109906017780304,-0.5296900272369385,-0.023359529674053192,0.21557000279426575,-0.5327062606811523,-0.06790970265865326,0.19652974605560303,-0.683847963809967,-0.12028642743825912,0.13069108128547668,-0.5278844833374023,-0.08407746255397797,0.12719307839870453,-0.4661021828651428,-0.0393817313015461
T,T_session_002,93,0.0,0.0,0.0,-0.13669021427631378,-0.21108528971672058,-0.05439264327287674,-0.1972430944442749,-0.5185297131538391,-0.07361067831516266,-0.15050660073757172,-0.8006449937820435,-0.09381662309169769,-0.08916380256414413,-1.0,-0.09563219547271729,-0.12529122829437256,-0.7789667248725891,0.01053597405552864,-0.15630294382572174,-0.9682525396347046,-0.07212245464324951,-0.17730021476745605,-0.833419919013977,-0.09748601168394089,-0.15538030862808228,-0.7853461503982544,-0.10049083083868027,-0.0040064044296741486,-0.7272775173187256,0.004308448638767004,-0.017453934997320175,-0.9291744232177734,-0.08319086581468582,-0.07030266523361206,-0.6676613688468933,-0.07941851019859314,-0.052228886634111404,-0.6538207530975342,-0.049648724496364594,0.1073663979768753,-0.6428629159927368,-0.02120683714747429,0.09551919996738434,-0.8214618563652039,-0.11609268188476562,0.02381773851811886,-0.5645810961723328,-0.07150495052337646,0.03534045070409775,-0.528072714805603,-0.012846932746469975,0.21364538371562958,-0.5425687432289124,-0.05279621481895447,0.1882261484861374,-0.6815531849861145,-0.10320575535297394,0.12325987964868546,-0.5223380923271179,-0.06918679922819138,0.12339944392442703,-0.4685923457145691,-0.026527326554059982
T,T_session_002,94,0.0,0.0,0.0,-0.13167619705200195,-0.2131918966770172,-0.050796519964933395,-0.19191840291023254,-0.5117334127426147,-0.0693524107336998,-0.15024863183498383,-0.7928160429000854,-0.08984176814556122,-0.0986304059624672,-1.0,-0.09281137585639954,-0.12408564239740372,-0.7776697278022766,0.015980694442987442,-0.15491946041584015,-0.9662451148033142,-0.06558104604482651,-0.17836834490299225,-0.8536393642425537,-0.09201198071241379,-0.15593168139457703,-0.8159460425376892,-0.09642758220434189,-0.004389907233417034,-0.7255997657775879,0.007633124012500048,-0.016825221478939056,-0.9314104318618774,-0.07937044650316238,-0.07045231759548187,-0.6741811633110046,-0.07658255100250244,-0.052520912140607834,-0.6628549695014954,-0.04748041555285454,0.10626220703125,-0.641190230846405,-0.019771095365285873,0.09563324600458145,-0.8212997317314148,-0.11437308043241501,0.023399673402309418,-0.5700603127479553,-0.0711665078997612,0.035245515406131744,-0.5350381135940552,-0.013489246368408203,0.2122277319431305,-0.5417061448097229,-0.0531042255461216,0.19022119045257568,-0.683017373085022,-0.10287481546401978,0.12430236488580704,-0.5267084836959839,-0.06927680224180222,0.12455876916646957,-0.47313839197158813,-0.027178235352039337
T,T_session_002,95,0.0,0.0,0.0,-0.14152535796165466,-0.22084403038024902,-0.04952215030789375,-0.19421222805976868,-0.5398280620574951,-0.06003638729453087,-0.14341573417186737,-0.8126399517059326,-0.07169368863105774,-0.09318073093891144,-1.0,-0.06413248926401138,-0.11232252418994904,-0.7901384830474854,0.01648842543363571,-0.14714348316192627,-0.9827237129211426,-0.06288275867700577,-0.17214076220989227,-0.7951669692993164,-0.08784686774015427,-0.1467323899269104,-0.7378923892974854,-0.09122076630592346,0.007282920181751251,-0.7315263152122498,0.011653621681034565,-0.01624508947134018,-0.9322425127029419,-0.07074248045682907,-0.07259994000196457,-0.6646773815155029,-0.06734156608581543,-0.04781784117221832,-0.6523416638374329,-0.039995886385440826,0.11454108357429504,-0.639008104801178,-0.012034283019602299,0.09682440757751465,-0.818598210811615,-0.09815237671136856,0.02143246680498123,-0.5609967708587646,-0.053485918790102005,0.04272957518696785,-0.5279759168624878,0.0024489997886121273,0.21652008593082428,-0.541923999786377,-0.041835229843854904,0.1874283254146576,-0.6791990399360657,-0.08308345824480057,0.11918972432613373,-0.5221588015556335,-0.04836046323180199,0.12792186439037323,-0.4747192859649658,-0.007456033956259489
T,T_session_002,96,0.0,0.0,0.0,-0.1372104436159134,-0.2340644747018814,-0.041143693029880524,-0.18627439439296722,-0.5477370619773865,-0.0507531501352787,-0.13167449831962585,-0.8117015957832336,-0.06344607472419739,-0.08698495477437973,-1.0,-0.058293044567108154,-0.10834866762161255,-0.7909368872642517,0.022206470370292664,-0.1491461843252182,-0.9886922836303711,-0.05667939782142639,-0.1699737161397934,-0.825796365737915,-0.08382599800825119,-0.1419193297624588,-0.7627519965171814,-0.08799750357866287,0.009431957267224789,-0.7330881357192993,0.013463294133543968,-0.020780760794878006,-0.9292323589324951,-0.0642423927783966,-0.0724145770072937,-0.6746661067008972,-0.059929002076387405,-0.04677285626530647,-0.6568607091903687,-0.03308943659067154,0.11626321077346802,-0.6414708495140076,-0.013674557209014893,0.09070178866386414,-0.8259223103523254,-0.09735172986984253,0.017340248450636864,-0.577949583530426,-0.05534743517637253,0.036963630467653275,-0.5348189473152161,-0.0020665316842496395,0.21713975071907043,-0.5400473475456238,-0.04625523090362549,0.18079298734664917,-0.6760647892951965,-0.08864758163690567,0.10971438139677048,-0.5236701369285583,-0.05616902559995651,0.11439560353755951,-0.46951285004615784,-0.016689861193299294
T,T_session_002,97,0.0,0.0,0.0,-0.1400793194770813,-0.24455425143241882,-0.038532719016075134,-0.19522444903850555,-0.5475863814353943,-0.0543479397892952,-0.14584077894687653,-0.8072444796562195,-0.07592488080263138,-0.10060528665781021,-0.9999026656150818,-0.08280584961175919,-0.1142398938536644,-0.7894895672798157,0.020690781995654106,-0.15507832169532776,-1.0,-0.06407550722360611,-0.18442612886428833,-0.9161784052848816,-0.09415839612483978,-0.17120201885700226,-0.8523733615875244,-0.09771338850259781,-0.0002346748224226758,-0.7359541058540344,0.005893847905099392,-0.025514347478747368,-0.9441760778427124,-0.07641378790140152,-0.07560645788908005,-0.6997807025909424,-0.07086724787950516,-0.051674433052539825,-0.6725470423698425,-0.0407165102660656,0.10888911783695221,-0.6503931879997253,-0.027587158605456352,0.08490169793367386,-0.8400406241416931,-0.11709562689065933,0.01547276508063078,-0.598940372467041,-0.07225868850946426,0.031364865601062775,-0.5477931499481201,-0.014846842736005783,0.21276754140853882,-0.5448739528656006,-0.06659732758998871,0.1759747564792633,-0.6957846879959106,-0.11454316973686218,0.11054472625255585,-0.5452200174331665,-0.07896961271762848,0.11413083225488663,-0.47979652881622314,-0.03570125624537468
T,T_session_002,98,0.0,0.0,0.0,-0.14028096199035645,-0.24638554453849792,-0.03705497086048126,-0.19452209770679474,-0.5458420515060425,-0.05114266276359558,-0.14821383357048035,-0.808071494102478,-0.07056184858083725,-0.10190576314926147,-1.0,-0.07656031847000122,-0.11711380630731583,-0.7808143496513367,0.025535931810736656,-0.16337743401527405,-0.9796942472457886,-0.05265020206570625,-0.194083571434021,-0.9055876135826111,-0.08179952204227448,-0.17620109021663666,-0.8595684766769409,-0.08737704902887344,-0.0010946773691102862,-0.7317902445793152,0.010631505399942398,-0.028760472312569618,-0.9373993873596191,-0.06873796880245209,-0.08068733662366867,-0.6943950057029724,-0.06555090844631195,-0.05575938522815704,-0.659535825252533,-0.03802352398633957,0.10733547061681747,-0.6447300910949707,-0.022006941959261894,0.0825033038854599,-0.8345677256584167,-0.10961183905601501,0.010878955014050007,-0.5938456058502197,-0.06762495636940002,0.027508700266480446,-0.5378894805908203,-0.012736723758280277,0.20938146114349365,-0.5343820452690125,-0.059698883444070816,0.171330988407135,-0.6813546419143677,-0.105975441634655,0.10370659828186035,-0.5309503078460693,-0.07140970230102539,0.10649712383747101,-0.46482712030410767,-0.02969502843916416
T,T_session_002,99,0.0,0.0,0.0,-0.14763590693473816,-0.24332007765769958,-0.03874577209353447,-0.20571269094944,-0.5514447093009949,-0.04648983106017113,-0.16219709813594818,-0.8175563216209412,-0.058858923614025116,-0.11052596569061279,-1.0,-0.05509430915117264,-0.127768874168396,-0.7889736890792847,0.03270276263356209,-0.16989512741565704,-0.9831387400627136,-0.044995106756687164,-0.1909337192773819,-0.8559233546257019,-0.07424566149711609,-0.1647263914346695,-0.8202450275421143,-0.0809878259897232,-0.012002797797322273,-0.7388738393783569,0.019117550924420357,-0.03567346930503845,-0.9436882138252258,-0.06267203390598297,-0.08583015948534012,-0.6916186213493347,-0.06211284175515175,-0.06276029348373413,-0.666200578212738,-0.03601614385843277,0.09694784134626389,-0.6533935070037842,-0.013055948540568352,0.07704570144414902,-0.8371898531913757,-0.10346080362796783,0.005434819497168064,-0.5873854160308838,-0.06388512998819351,0.019425252452492714,-0.5394141674041748,-0.009089929983019829,0.20234152674674988,-0.5453677773475647,-0.05034724250435829,0.1723838895559311,-0.694687008857727,-0.09669394791126251,0.10444340854883194,-0.5411462187767029,-0.06293685734272003,0.10441858321428299,-0.47897547483444214,-0.02121659554541111
T,T_session_002,100,0.0,0.0,0.0,-0.14878132939338684,-0.24221669137477875,-0.03408610820770264,-0.20443162322044373,-0.5449388027191162,-0.04415395110845566,-0.1614280343055725,-0.8088827729225159,-0.06011113524436951,-0.11502198129892349,-1.0,-0.06135398522019386,-0.1261221021413803,-0.7833408117294312,0.03366999700665474,-0.16601119935512543,-0.9855201244354248,-0.042641039937734604,-0.19483402371406555,-0.8663002848625183,-0.07281498610973358,-0.17362134158611298,-0.814044177532196,-0.08045534044504166,-0.00961684063076973,-0.7345354557037354,0.018165765330195427,-0.03504720330238342,-0.9428837299346924,-0.05921195074915886,-0.08876793086528778,-0.6943961381912231,-0.05982290208339691,-0.06571340560913086,-0.6631734371185303,-0.03628040477633476,0.09834495186805725,-0.647513210773468,-0.014902884140610695,0.07606275379657745,-0.8352835774421692,-0.098655104637146,0.0017516291700303555,-0.5896269083023071,-0.059914544224739075,0.01852579601109028,-0.5363226532936096,-0.008535784669220448,0.20116323232650757,-0.5404404997825623,-0.052864909172058105,0.16416819393634796,-0.6781288385391235,-0.09448377043008804,0.09633267670869827,-0.5283514261245728,-0.061375703662633896,0.1009795144200325,-0.46974900364875793,-0.021928874775767326
T,T_session_002,101,0.0,0.0,0.0,-0.15161587297916412,-0.24145390093326569,-0.03458830341696739,-0.21191507577896118,-0.5549697875976562,-0.043971095234155655,-0.1659148931503296,-0.8165384531021118,-0.06018601357936859,-0.10823937505483627,-1.0,-0.0621463805437088,-0.12692202627658844,-0.7761278748512268,0.03767794743180275,-0.17032907903194427,-0.9757915735244751,-0.03924759477376938,-0.20087403059005737,-0.8882588148117065,-0.06703006476163864,-0.18605870008468628,-0.8499440550804138,-0.07184962183237076,-0.014258285984396935,-0.7362791895866394,0.020513266324996948,-0.04130890592932701,-0.9397261738777161,-0.06114688515663147,-0.09080265462398529,-0.6937898397445679,-0.05961911752820015,-0.06677789986133575,-0.6675722002983093,-0.03121930919587612,0.09419956803321838,-0.6557009220123291,-0.0150450449436903,0.06645969301462173,-0.8301814794540405,-0.10364354401826859,0.0008304939256049693,-0.5832238793373108,-0.06321089714765549,0.01959923468530178,-0.5421255826950073,-0.008077754639089108,0.1992933750152588,-0.5495727062225342,-0.055721383541822433,0.15928727388381958,-0.680068850517273,-0.10022332519292831,0.09707401692867279,-0.5276088118553162,-0.06583861261606216,0.10438167303800583,-0.47482672333717346,-0.024230122566223145
T,T_session_002,102,0.0,0.0,0.0,-0.1485159546136856,-0.2377263754606247,-0.040855057537555695,-0.2075755000114441,-0.5502113103866577,-0.0522826723754406,-0.16392341256141663,-0.8170527815818787,-0.06755312532186508,-0.10980455577373505,-1.0,-0.06652384251356125,-0.120978944003582,-0.7954198122024536,0.026707688346505165,-0.16268448531627655,-0.9830319285392761,-0.04795614257454872,-0.19164393842220306,-0.8399437665939331,-0.07383382320404053,-0.16581058502197266,-0.8104115724563599,-0.0801047831773758,-0.004485480487346649,-0.7438817620277405,0.014470045454800129,-0.034384727478027344,-0.9476903080940247,-0.06511452794075012,-0.08970805257558823,-0.6882448792457581,-0.06374824792146683,-0.06093601509928703,-0.6746039390563965,-0.03805527463555336,0.1040700376033783,-0.6549441814422607,-0.01554209366440773,0.07696565240621567,-0.8385297060012817,-0.10081485658884048,0.002542446833103895,-0.582939624786377,-0.0620320662856102,0.02763957343995571,-0.5471616983413696,-0.010314539074897766,0.20715007185935974,-0.5530020594596863,-0.05075852945446968,0.16317452490329742,-0.675312340259552,-0.09121701121330261,0.0937015488743782,-0.518153190612793,-0.05891049653291702,0.10552594810724258,-0.4704369604587555,-0.020351208746433258
T,T_session_002,103,0.0,0.0,0.0,-0.1510838270187378,-0.22648310661315918,-0.04340703785419464,-0.21145033836364746,-0.5404382348060608,-0.05667239800095558,-0.16820290684700012,-0.8120821714401245,-0.07327582687139511,-0.11694715172052383,-1.0,-0.07279851287603378,-0.11921509355306625,-0.7829102277755737,0.020569033920764923,-0.16589173674583435,-0.9781541228294373,-0.05778874084353447,-0.19313965737819672,-0.8015437722206116,-0.08341150730848312,-0.16388994455337524,-0.7591114044189453,-0.08833181113004684,-0.004015170503407717,-0.7303553819656372,0.010364425368607044,-0.039080940186977386,-0.9343053102493286,-0.07148370146751404,-0.09451920539140701,-0.6666418313980103,-0.06850014626979828,-0.06377721577882767,-0.6535701155662537,-0.04180006682872772,0.10234033316373825,-0.642572820186615,-0.01795189455151558,0.07138237357139587,-0.8301714658737183,-0.10508362203836441,-0.0031121238134801388,-0.568019449710846,-0.06368017196655273,0.023089932277798653,-0.5309686660766602,-0.0099828215315938,0.20334279537200928,-0.5458078384399414,-0.051556944847106934,0.15908733010292053,-0.6737334132194519,-0.09305605292320251,0.09012807160615921,-0.5127351880073547,-0.05992916226387024,0.10287224501371384,-0.46397703886032104,-0.020543912425637245
T,T_session_002,104,0.0,0.0,0.0,-0.14648309350013733,-0.23120170831680298,-0.039198726415634155,-0.20396985113620758,-0.5405395030975342,-0.050359245389699936,-0.15478527545928955,-0.8084474802017212,-0.06560003012418747,-0.10818782448768616,-1.0,-0.06489938497543335,-0.11532793194055557,-0.7896565794944763,0.01844276301562786,-0.1598474383354187,-0.9997777342796326,-0.062415361404418945,-0.1919133961200714,-0.8581305146217346,-0.09113747626543045,-0.16785232722759247,-0.7980983257293701,-0.09706412255764008,0.0004645572043955326,-0.7357989549636841,0.006220381706953049,-0.032372597604990005,-0.9458850622177124,-0.0731847733259201,-0.0894201472401619,-0.686752200126648,-0.06896747648715973,-0.05980506166815758,-0.6610270738601685,-0.042465467005968094,0.10770922899246216,-0.6466355323791504,-0.023947421461343765,0.07832808792591095,-0.8427063822746277,-0.10990039259195328,0.0029953508637845516,-0.5851393342018127,-0.06632879376411438,0.027515314519405365,-0.5343218445777893,-0.012027468532323837,0.21033348143100739,-0.5433092713356018,-0.05943914130330086,0.1685451716184616,-0.6874600648880005,-0.10406573116779327,0.0967259556055069,-0.5263216495513916,-0.07033924013376236,0.10528253763914108,-0.4656512439250946,-0.030071668326854706
T,T_session_002,105,0.0,0.0,0.0,-0.14251500368118286,-0.2304520159959793,-0.0368838757276535,-0.2018560916185379,-0.5374802350997925,-0.04814814403653145,-0.15578730404376984,-0.8055551052093506,-0.06443159282207489,-0.10997261852025986,-0.9988299608230591,-0.06538228690624237,-0.11432759463787079,-0.7853288054466248,0.020300932228565216,-0.1577075719833374,-1.0,-0.06086468696594238,-0.1915687620639801,-0.8942956924438477,-0.08951999992132187,-0.1725461632013321,-0.8353736400604248,-0.09482346475124359,-0.0007114855688996613,-0.7301181554794312,0.005714981351047754,-0.031501248478889465,-0.9461371898651123,-0.07558184862136841,-0.08770977705717087,-0.6926236152648926,-0.0714285671710968,-0.059883758425712585,-0.6631201505661011,-0.04383665695786476,0.10679566115140915,-0.6440784335136414,-0.026685243472456932,0.07757334411144257,-0.8420422077178955,-0.1156570091843605,0.0038781221956014633,-0.590167760848999,-0.07190511375665665,0.02634521760046482,-0.5384691953659058,-0.016284914687275887,0.21184083819389343,-0.5419212579727173,-0.06427723914384842,0.17078807950019836,-0.6917731165885925,-0.11206922680139542,0.10140032321214676,-0.5352892875671387,-0.07809372991323471,0.10992491245269775,-0.47319671511650085,-0.03691831976175308
T,T_session_002,106,0.0,0.0,0.0,-0.15138141810894012,-0.2346750944852829,-0.04351338744163513,-0.2118208408355713,-0.5503209233283997,-0.050341881811618805,-0.16300521790981293,-0.8180919885635376,-0.059379637241363525,-0.10802565515041351,-0.9919391870498657,-0.04937807843089104,-0.12011594325304031,-0.7976282238960266,0.02356647327542305,-0.15979477763175964,-1.0,-0.0563642792403698,-0.19068896770477295,-0.8372279405593872,-0.0833515077829361,-0.16646157205104828,-0.7911587953567505,-0.08853796869516373,-0.005015818867832422,-0.7355844378471375,0.01536350604146719,-0.034748923033475876,-0.9416219592094421,-0.06679946184158325,-0.09131038933992386,-0.6810518503189087,-0.06451033800840378,-0.06321065872907639,-0.6717403531074524,-0.03828113153576851,0.10147494822740555,-0.6475160717964172,-0.011709622107446194,0.07442408055067062,-0.8407833576202393,-0.0994042232632637,-0.0011877840152010322,-0.5822628140449524,-0.058347947895526886,0.02310248650610447,-0.5487152338027954,-0.004752217326313257,0.20487040281295776,-0.5524793863296509,-0.04438726603984833,0.1626557856798172,-0.6906852722167969,-0.08759228140115738,0.09272106736898422,-0.5318672060966492,-0.055528879165649414,0.1040734052658081,-0.4806996285915375,-0.01637447066605091
T,T_session_002,107,0.0,0.0,0.0,-0.14279711246490479,-0.24326442182064056,-0.03782057762145996,-0.2050011307001114,-0.5482392311096191,-0.04861370101571083,-0.15901097655296326,-0.8103353977203369,-0.06369920074939728,-0.1016971617937088,-0.9953592419624329,-0.06178666278719902,-0.11153765022754669,-0.8027802109718323,0.023259181529283524,-0.16179823875427246,-1.0,-0.055903539061546326,-0.19369550049304962,-0.8520776033401489,-0.08510567992925644,-0.16638202965259552,-0.8121468424797058,-0.09292485564947128,0.002790359780192375,-0.7430948615074158,0.010580248199403286,-0.032979656010866165,-0.9507076740264893,-0.07041064649820328,-0.08985044062137604,-0.6896070837974548,-0.06866106390953064,-0.05836964398622513,-0.6735526919364929,-0.04385320842266083,0.10956183820962906,-0.6538244485855103,-0.019695986062288284,0.07492924481630325,-0.8523365259170532,-0.10623198002576828,0.0011585478205233812,-0.5935654044151306,-0.06422814726829529,0.0307926032692194,-0.5512462854385376,-0.01075359433889389,0.21237026154994965,-0.5539032816886902,-0.05498984828591347,0.16514983773231506,-0.6996820569038391,-0.09727104008197784,0.09394004940986633,-0.5388258695602417,-0.06267521530389786,0.10893876105546951,-0.4814265966415405,-0.022036727517843246
T,T_session_002,108,0.0,0.0,0.0,-0.1494774967432022,-0.23518994450569153,-0.036807868629693985,-0.21113085746765137,-0.5501892566680908,-0.04684734717011452,-0.1676354706287384,-0.8169257044792175,-0.06282589584589005,-0.11341793835163116,-1.0,-0.061477940529584885,-0.10632046312093735,-0.7855936288833618,0.031399451196193695,-0.15407371520996094,-0.9972543120384216,-0.0506950207054615,-0.1889619529247284,-0.8602257370948792,-0.07862641662359238,-0.1683025360107422,-0.8017438054084778,-0.08210261911153793,0.003248397959396243,-0.7288419008255005,0.01826726272702217,-0.03331330418586731,-0.9330098032951355,-0.06373876333236694,-0.08931516110897064,-0.6752487421035767,-0.05923740193247795,-0.05749344825744629,-0.6619327664375305,-0.03001394309103489,0.10789327323436737,-0.6437641978263855,-0.013851724565029144,0.07130154222249985,-0.8322219252586365,-0.10153666138648987,0.0012277242494747043,-0.5763648748397827,-0.056823525577783585,0.030681943520903587,-0.53969806432724,0.00036296728649176657,0.2089906632900238,-0.5462976694107056,-0.051284968852996826,0.16155651211738586,-0.6905673146247864,-0.0939563736319542,0.09464620798826218,-0.5296420454978943,-0.05787932127714157,0.11103331297636032,-0.4737435579299927,-0.015008554793894291
T,T_session_002,109,0.0,0.0,0.0,-0.14943280816078186,-0.24548102915287018,-0.034716006368398666,-0.2099335938692093,-0.5622015595436096,-0.040838807821273804,-0.16527119278907776,-0.8245541453361511,-0.05242244899272919,-0.11117526888847351,-1.0,-0.04738355055451393,-0.10579374432563782,-0.7914036512374878,0.03178982436656952,-0.15237833559513092,-0.9934178590774536,-0.04603506252169609,-0.18572349846363068,-0.8506831526756287,-0.07400692999362946,-0.16212694346904755,-0.8067325353622437,-0.07992658019065857,0.005382491275668144,-0.732299268245697,0.017019839957356453,-0.02812310680747032,-0.938762903213501,-0.06267616152763367,-0.08648461848497391,-0.6835247874259949,-0.060039207339286804,-0.05664924532175064,-0.662804365158081,-0.03349680453538895,0.1099659726023674,-0.6442980170249939,-0.01597168669104576,0.07658447325229645,-0.8375131487846375,-0.10293345153331757,0.002706806408241391,-0.5817074775695801,-0.06131373718380928,0.028662031516432762,-0.5372712016105652,-0.006714522372931242,0.21180842816829681,-0.5415540337562561,-0.053917303681373596,0.1677549183368683,-0.6908665895462036,-0.09649322181940079,0.09913700073957443,-0.5354794859886169,-0.06156637519598007,0.11128216236829758,-0.47638827562332153,-0.020102588459849358
T,T_session_002,110,0.0,0.0,0.0,-0.14503082633018494,-0.24034027755260468,-0.033888135105371475,-0.20251722633838654,-0.5484074950218201,-0.04421241953969002,-0.16259141266345978,-0.811340868473053,-0.05983184278011322,-0.11187250912189484,-1.0,-0.058477722108364105,-0.09645570069551468,-0.787426769733429,0.025907959789037704,-0.15010127425193787,-0.9908953309059143,-0.05341947078704834,-0.1824253499507904,-0.8317089676856995,-0.08080977201461792,-0.15537218749523163,-0.7743789553642273,-0.08546089380979538,0.013745053671300411,-0.7297002077102661,0.012736884877085686,-0.02746768482029438,-0.9344821572303772,-0.06554978340864182,-0.08471836149692535,-0.6739439964294434,-0.060221217572689056,-0.0500243678689003,-0.6527338624000549,-0.032461121678352356,0.11576451361179352,-0.6393625140190125,-0.017941614612936974,0.07460716366767883,-0.8251955509185791,-0.10044226050376892,0.0028398523572832346,-0.5722957849502563,-0.05545365810394287,0.03719865530729294,-0.5322438478469849,-0.00024009372282307595,0.21444180607795715,-0.5367397665977478,-0.0534537099301815,0.16512194275856018,-0.6797793507575989,-0.09140926599502563,0.09676636755466461,-0.5246996283531189,-0.054282985627651215,0.11655411124229431,-0.4720061421394348,-0.012119983322918415
T,T_session_002,111,0.0,0.0,0.0,-0.14758671820163727,-0.24495051801204681,-0.03203572332859039,-0.20687469840049744,-0.5611644983291626,-0.043766267597675323,-0.16975270211696625,-0.819098174571991,-0.06199290603399277,-0.1139424666762352,-1.0,-0.06447058171033859,-0.09819874167442322,-0.7876448631286621,0.029632093384861946,-0.15691770613193512,-0.9779151678085327,-0.050123509019613266,-0.1920541375875473,-0.8650524616241455,-0.0765826404094696,-0.171299546957016,-0.8275852799415588,-0.0798632800579071,0.008124936372041702,-0.7343150973320007,0.013557114638388157,-0.035618580877780914,-0.937090277671814,-0.06387004256248474,-0.09137415140867233,-0.6794388890266418,-0.052829593420028687,-0.055588118731975555,-0.6622216701507568,-0.019286714494228363,0.1104961633682251,-0.645949125289917,-0.020809683948755264,0.06665777415037155,-0.8262807130813599,-0.10377690196037292,-0.0030249201226979494,-0.5750813484191895,-0.05570254847407341,0.030449222773313522,-0.5372594594955444,0.002737103495746851,0.20806416869163513,-0.5393726229667664,-0.0603150948882103,0.15708419680595398,-0.673276424407959,-0.09866660088300705,0.09124098718166351,-0.5244394540786743,-0.06073618307709694,0.1102382242679596,-0.4759264588356018,-0.017542950809001923
T,T_session_002,112,0.0,0.0,0.0,-0.1484525203704834,-0.23292391002178192,-0.03685159981250763,-0.20236976444721222,-0.5545700788497925,-0.051338113844394684,-0.15842169523239136,-0.8195695281028748,-0.07133623957633972,-0.10706984251737595,-1.0,-0.07748083770275116,-0.1017463430762291,-0.7814175486564636,0.023920655250549316,-0.15113824605941772,-0.969900369644165,-0.05422934889793396,-0.19810853898525238,-0.9128363728523254,-0.07750968635082245,-0.1932595819234848,-0.8837587833404541,-0.07802116125822067,0.0073901014402508736,-0.730729877948761,0.008901786990463734,-0.03226306289434433,-0.9368484020233154,-0.06638773530721664,-0.09299268573522568,-0.6849215626716614,-0.05024155229330063,-0.058538466691970825,-0.6622312664985657,-0.012354913167655468,0.11126041412353516,-0.6414888501167297,-0.024940796196460724,0.07198687642812729,-0.8183126449584961,-0.1079251691699028,-0.0015807055169716477,-0.5770383477210999,-0.05775520205497742,0.028833869844675064,-0.5368438363075256,0.002228574361652136,0.20960335433483124,-0.531947135925293,-0.06451718509197235,0.15939636528491974,-0.6666255593299866,-0.1045416072010994,0.09277515113353729,-0.520994246006012,-0.06638441234827042,0.10974554717540741,-0.46855396032333374,-0.02327004261314869
T,T_session_002,113,0.0,0.0,0.0,-0.14960215985774994,-0.24159570038318634,-0.03474036604166031,-0.20067864656448364,-0.5559359788894653,-0.04678768664598465,-0.1598265916109085,-0.8144164681434631,-0.06372294574975967,-0.11324535310268402,-1.0,-0.06649579107761383,-0.10465913265943527,-0.7825574278831482,0.024198580533266068,-0.15487095713615417,-0.9643169045448303,-0.051962222903966904,-0.19773262739181519,-0.8730189800262451,-0.07741620391607285,-0.1871313899755478,-0.8384162187576294,-0.08137978613376617,0.007755802012979984,-0.732690691947937,0.009737801738083363,-0.03368913754820824,-0.9359495639801025,-0.06553053110837936,-0.0918734222650528,-0.6800905466079712,-0.054603539407253265,-0.05753375589847565,-0.6497195959091187,-0.02204892411828041,0.11271146684885025,-0.6401768326759338,-0.02229035459458828,0.07273567467927933,-0.8186047673225403,-0.10298719257116318,-0.002120828488841653,-0.5731287598609924,-0.05453820526599884,0.02737307734787464,-0.5254926681518555,0.002830588724464178,0.2124083936214447,-0.5273022651672363,-0.05963098630309105,0.16211086511611938,-0.6619385480880737,-0.09870722889900208,0.09355650097131729,-0.5177409648895264,-0.06157045066356659,0.10852687805891037,-0.4674351215362549,-0.01976638101041317
T,T_session_002,114,0.0,0.0,0.0,-0.15590141713619232,-0.24760106205940247,-0.03566145524382591,-0.21262425184249878,-0.5638023018836975,-0.04619969427585602,-0.17320168018341064,-0.819438636302948,-0.06100517883896828,-0.11965736001729965,-1.0,-0.06119006127119064,-0.10703001916408539,-0.7998993396759033,0.022558027878403664,-0.1640901118516922,-0.9748011827468872,-0.055583465844392776,-0.20321840047836304,-0.8609188199043274,-0.08229684084653854,-0.18701626360416412,-0.8375647068023682,-0.08765850216150284,0.007713805418461561,-0.7456531524658203,0.007230820134282112,-0.04140256717801094,-0.9500308632850647,-0.0716869905591011,-0.09901737421751022,-0.6903631091117859,-0.06285811215639114,-0.06168529391288757,-0.6635207533836365,-0.031340185552835464,0.11476600170135498,-0.649030864238739,-0.025833070278167725,0.06729672104120255,-0.8314191699028015,-0.1112382560968399,-0.0073001026175916195,-0.5781506299972534,-0.0649244636297226,0.024966144934296608,-0.5347205400466919,-0.007683087140321732,0.21508944034576416,-0.5316497683525085,-0.06395601481199265,0.15806736052036285,-0.6672731637954712,-0.10684063285589218,0.08796126395463943,-0.513502299785614,-0.07095857709646225,0.103614442050457,-0.4611283838748932,-0.029025694355368614
T,T_session_002,115,0.0,0.0,0.0,-0.15675653517246246,-0.22952724993228912,-0.0361504964530468,-0.21267659962177277,-0.5432875156402588,-0.04915279522538185,-0.17378002405166626,-0.8067733645439148,-0.0669468343257904,-0.1288224458694458,-1.0,-0.0699770376086235,-0.11673948168754578,-0.7793893814086914,0.025706160813570023,-0.17884226143360138,-0.9559615850448608,-0.05020273104310036,-0.2172328382730484,-0.8571731448173523,-0.07228206843137741,-0.1975158303976059,-0.82900071144104,-0.07341958582401276,-0.004204128868877888,-0.7336711883544922,0.012459872290492058,-0.053330715745687485,-0.9370201826095581,-0.062212828546762466,-0.10823974013328552,-0.6763817667961121,-0.047150950878858566,-0.06765912473201752,-0.6563811302185059,-0.011198606342077255,0.10064081847667694,-0.6434195637702942,-0.019005781039595604,0.05468118190765381,-0.8213633298873901,-0.09963246434926987,-0.01732603646814823,-0.572300136089325,-0.04891728237271309,0.01817985251545906,-0.5336453914642334,0.01005680114030838,0.19929194450378418,-0.534835159778595,-0.05593729764223099,0.14409948885440826,-0.6631119847297668,-0.09399385005235672,0.0784476175904274,-0.5149685144424438,-0.056772273033857346,0.09916512668132782,-0.47047579288482666,-0.014960762113332748
T,T_session_002,116,0.0,0.0,0.0,-0.1611786037683487,-0.23417194187641144,-0.03916269913315773,-0.2176128476858139,-0.5588355660438538,-0.04813790321350098,-0.18180842697620392,-0.825245201587677,-0.06004025414586067,-0.13945165276527405,-1.0,-0.05441006273031235,-0.11099120229482651,-0.7955973148345947,0.01889207772910595,-0.16647733747959137,-0.9823014140129089,-0.051800355315208435,-0.19414323568344116,-0.7765713930130005,-0.07210163027048111,-0.1609986424446106,-0.7440739274024963,-0.07623212039470673,0.0038474085740745068,-0.7381184101104736,0.009623317047953606,-0.04657652601599693,-0.9473942518234253,-0.06439373642206192,-0.1004926785826683,-0.6718546152114868,-0.05465678125619888,-0.05987008288502693,-0.6550377011299133,-0.025939498096704483,0.10610856860876083,-0.639896035194397,-0.016367031261324883,0.06402971595525742,-0.8350520133972168,-0.09246492385864258,-0.010014418512582779,-0.5718147158622742,-0.0442645289003849,0.02595537155866623,-0.5316728949546814,0.010378336533904076,0.20324483513832092,-0.5360097289085388,-0.04783565551042557,0.15204547345638275,-0.6702079772949219,-0.07957122474908829,0.08402267843484879,-0.5169423818588257,-0.042734045535326004,0.10459455847740173,-0.47542470693588257,-0.0034599851351231337
T,T_session_002,117,0.0,0.0,0.0,-0.15214860439300537,-0.24109189212322235,-0.03475194796919823,-0.20193332433700562,-0.5505883693695068,-0.04440450668334961,-0.16688327491283417,-0.8125365376472473,-0.05763278529047966,-0.1262897104024887,-1.0,-0.054808609187603,-0.09806396812200546,-0.7807201743125916,0.018701113760471344,-0.15325219929218292,-0.9753502607345581,-0.05253129452466965,-0.19104237854480743,-0.8063672184944153,-0.07414171099662781,-0.16187715530395508,-0.7616819143295288,-0.0779406875371933,0.014598767273128033,-0.7185364961624146,0.008506775833666325,-0.03485436737537384,-0.9285944104194641,-0.06293584406375885,-0.09609314054250717,-0.6673703193664551,-0.052900202572345734,-0.0553743802011013,-0.6435337066650391,-0.024638699367642403,0.11415010690689087,-0.6183412671089172,-0.0177321694791317,0.07020582258701324,-0.8160187005996704,-0.09221559017896652,-0.009160591289401054,-0.5656850337982178,-0.04460890591144562,0.029184490442276,-0.5189979076385498,0.009047212079167366,0.20886588096618652,-0.5108797550201416,-0.04892142862081528,0.15414902567863464,-0.6504800319671631,-0.08097057789564133,0.0821361243724823,-0.5042273998260498,-0.04452505707740784,0.10395406186580658,-0.4560675024986267,-0.005534805823117495
T,T_session_002,118,0.0,0.0,0.0,-0.14794379472732544,-0.24522735178470612,-0.03439265489578247,-0.1981631964445114,-0.5519981384277344,-0.047153931111097336,-0.1572551429271698,-0.808504581451416,-0.06425799429416656,-0.11601939052343369,-1.0,-0.0676831379532814,-0.1001008003950119,-0.785731315612793,0.02187488228082657,-0.16044893860816956,-0.9561532139778137,-0.052668821066617966,-0.20467405021190643,-0.8893826007843018,-0.07537022233009338,-0.18739894032478333,-0.8742621541023254,-0.07809603959321976,0.011437760666012764,-0.7294307351112366,0.007703044917434454,-0.03846193477511406,-0.93705153465271,-0.06638428568840027,-0.09860914200544357,-0.6827201843261719,-0.05168605595827103,-0.056623563170433044,-0.658548891544342,-0.016439305618405342,0.11392062157392502,-0.6349033117294312,-0.0238766111433506,0.0647394061088562,-0.8202307224273682,-0.10576596856117249,-0.011164000257849693,-0.5749821662902832,-0.05697966739535332,0.027389252558350563,-0.5317112803459167,0.0007269977941177785,0.21021662652492523,-0.5231747031211853,-0.06048167496919632,0.15171237289905548,-0.6551981568336487,-0.10147228091955185,0.08306068927049637,-0.5104833841323853,-0.06602892279624939,0.1050436720252037,-0.4613477289676666,-0.025267094373703003
T,T_session_002,119,0.0,0.0,0.0,-0.1576741486787796,-0.24704746901988983,-0.032856833189725876,-0.21248187124729156,-0.5604227185249329,-0.04168064519762993,-0.17478320002555847,-0.8181390166282654,-0.05513481795787811,-0.1246490627527237,-1.0,-0.05211711302399635,-0.09844087809324265,-0.7923517227172852,0.025509873405098915,-0.16066418588161469,-0.9834505319595337,-0.050606369972229004,-0.19469797611236572,-0.8096235990524292,-0.0758780688047409,-0.1637418270111084,-0.7739129066467285,-0.08140633255243301,0.013914990238845348,-0.7296327352523804,0.012224683538079262,-0.041195426136255264,-0.9408063888549805,-0.06335292756557465,-0.09970749169588089,-0.6787347793579102,-0.05490298196673393,-0.05644451454281807,-0.6603693962097168,-0.026663249358534813,0.11472807824611664,-0.6288167238235474,-0.01828571781516075,0.06664550304412842,-0.8275234699249268,-0.09752978384494781,-0.011430107057094574,-0.575813889503479,-0.050755780190229416,0.027622397989034653,-0.5364488363265991,0.003956611268222332,0.21144257485866547,-0.5168610215187073,-0.053636953234672546,0.15493038296699524,-0.6653655767440796,-0.08844957500696182,0.08240565657615662,-0.5124763250350952,-0.05126166343688965,0.10363302379846573,-0.461443156003952,-0.010594966821372509
T,T_session_002,120,0.0,0.0,0.0,-0.1497078537940979,-0.23668232560157776,-0.029994584619998932,-0.20190860331058502,-0.5471400022506714,-0.04392334818840027,-0.16295205056667328,-0.8057424426078796,-0.06453628838062286,-0.11465667933225632,-1.0,-0.07169068604707718,-0.09453018754720688,-0.7701181173324585,0.02472306601703167,-0.15362301468849182,-0.9614027738571167,-0.0545378178358078,-0.1999228447675705,-0.8650325536727905,-0.07908118516206741,-0.18532969057559967,-0.8204508423805237,-0.08060095459222794,0.010770227760076523,-0.713360607624054,0.007506425492465496,-0.03930649906396866,-0.9206919074058533,-0.06698665767908096,-0.10143415629863739,-0.669762909412384,-0.05284419283270836,-0.060971785336732864,-0.6449487209320068,-0.01808059774339199,0.11101265996694565,-0.6202464699745178,-0.027472883462905884,0.060752999037504196,-0.8058357834815979,-0.10840708017349243,-0.013687708415091038,-0.5643457174301147,-0.05923502519726753,0.023491131141781807,-0.5227062106132507,-0.0012355210492387414,0.2048373967409134,-0.5100291967391968,-0.06721387058496475,0.14419274032115936,-0.6556317210197449,-0.1070820689201355,0.07618448138237,-0.5048394799232483,-0.06967110931873322,0.098298080265522,-0.4476031959056854,-0.027212215587496758
T,T_session_002,121,0.0,0.0,0.0,-0.15380728244781494,-0.23463770747184753,-0.03400670737028122,-0.20780892670154572,-0.5493889451026917,-0.046239204704761505,-0.1685928851366043,-0.8125023245811462,-0.06324395537376404,-0.11397939175367355,-1.0,-0.06543699651956558,-0.09517959505319595,-0.7726995944976807,0.020202677696943283,-0.15583784878253937,-0.9665822982788086,-0.057113632559776306,-0.20009194314479828,-0.8374505043029785,-0.08089994639158249,-0.1827733814716339,-0.7893836498260498,-0.08314761519432068,0.012816776521503925,-0.7160701751708984,0.007177617866545916,-0.039885785430669785,-0.9192160964012146,-0.06698046624660492,-0.10113857686519623,-0.661792516708374,-0.054222553968429565,-0.06120547279715538,-0.6378936767578125,-0.02161022089421749,0.11278629302978516,-0.620762825012207,-0.023210659623146057,0.06226566433906555,-0.8068732023239136,-0.10279301553964615,-0.011934883892536163,-0.5586689710617065,-0.054279252886772156,0.02738272212445736,-0.5189245343208313,0.00225039292126894,0.20652638375759125,-0.5109626650810242,-0.058461908251047134,0.14631398022174835,-0.6458280086517334,-0.09629927575588226,0.08036783337593079,-0.49705225229263306,-0.059992238879203796,0.10686828196048737,-0.45038309693336487,-0.019234977662563324
T,T_session_002,122,0.0,0.0,0.0,-0.15142714977264404,-0.23707315325737,-0.03335445746779442,-0.20520174503326416,-0.5564942359924316,-0.045916203409433365,-0.1575898677110672,-0.8142492175102234,-0.06447814404964447,-0.10198640823364258,-1.0,-0.06997766345739365,-0.08618249744176865,-0.7745208144187927,0.019440962001681328,-0.1500956118106842,-0.9688237309455872,-0.05974574014544487,-0.20121857523918152,-0.8857298493385315,-0.08248960971832275,-0.1906215399503708,-0.8362637162208557,-0.08221237361431122,0.01798887364566326,-0.7151312828063965,0.0035362758208066225,-0.03320837765932083,-0.9209036827087402,-0.07148458063602448,-0.09878431260585785,-0.6662939190864563,-0.055293019860982895,-0.05836836248636246,-0.6359329223632812,-0.0184413380920887,0.11682438850402832,-0.6205698847770691,-0.03057326003909111,0.06670866906642914,-0.8064185976982117,-0.11632628738880157,-0.010599945671856403,-0.5598376989364624,-0.06746795028448105,0.025644691661000252,-0.5128193497657776,-0.008114175871014595,0.21001294255256653,-0.5071256160736084,-0.06947837769985199,0.15012024343013763,-0.6545480489730835,-0.11564182490110397,0.07873887568712234,-0.5022659301757812,-0.07984243333339691,0.09755848348140717,-0.44093057513237,-0.03725120797753334
T,T_session_002,123,0.0,0.0,0.0,-0.15587028861045837,-0.2393399178981781,-0.03439686819911003,-0.21164317429065704,-0.5642181634902954,-0.04220044985413551,-0.17223528027534485,-0.823231041431427,-0.05454662814736366,-0.11124032735824585,-1.0,-0.05061154067516327,-0.08723960816860199,-0.7904481291770935,0.020473821088671684,-0.15105868875980377,-0.9963617920875549,-0.06094326078891754,-0.19792117178440094,-0.8516358137130737,-0.0859360545873642,-0.18021893501281738,-0.7966462969779968,-0.08821135759353638,0.01891043782234192,-0.7240197062492371,0.007556855212897062,-0.03915318846702576,-0.9303013682365417,-0.07174947112798691,-0.1039879322052002,-0.666262686252594,-0.05969734117388725,-0.059789299964904785,-0.6410779356956482,-0.026491886004805565,0.11824451386928558,-0.6238831281661987,-0.023612022399902344,0.06449979543685913,-0.8166933655738831,-0.10897839069366455,-0.013288915157318115,-0.5595316290855408,-0.06003853678703308,0.02881133370101452,-0.518145740032196,-0.001304882811382413,0.21295306086540222,-0.5094751119613647,-0.05979308485984802,0.15245454013347626,-0.6566811800003052,-0.10313200205564499,0.0801595002412796,-0.5000346302986145,-0.0673632025718689,0.10375584661960602,-0.4446560740470886,-0.025495300069451332
T,T_session_002,124,0.0,0.0,0.0,-0.15801256895065308,-0.24875018000602722,-0.03469858691096306,-0.20948061347007751,-0.5673509240150452,-0.04215171933174133,-0.16474854946136475,-0.8227542638778687,-0.054143276065588,-0.1127699688076973,-1.0,-0.050976887345314026,-0.08297626674175262,-0.7914996147155762,0.020676013082265854,-0.14118951559066772,-0.9992511868476868,-0.05776525288820267,-0.1928379386663437,-0.8731030821800232,-0.08347173780202866,-0.17875948548316956,-0.814906120300293,-0.08726959675550461,0.02155146934092045,-0.7260791063308716,0.007281143218278885,-0.03008086420595646,-0.9318727850914001,-0.06987246870994568,-0.09831485152244568,-0.6764482855796814,-0.0604090616106987,-0.05639941245317459,-0.6408214569091797,-0.030266601592302322,0.11961939185857773,-0.6271742582321167,-0.023955248296260834,0.0702022910118103,-0.8188596367835999,-0.10865376889705658,-0.009631121531128883,-0.5712653398513794,-0.06238405406475067,0.030534468591213226,-0.520591676235199,-0.006362227723002434,0.21340525150299072,-0.5113093256950378,-0.060281820595264435,0.15481789410114288,-0.6558632850646973,-0.1051490381360054,0.08210457861423492,-0.5075103044509888,-0.0712013840675354,0.1045088917016983,-0.4505738615989685,-0.030952168628573418
T,T_session_002,125,0.0,0.0,0.0,-0.15623192489147186,-0.23911717534065247,-0.03411488234996796,-0.213049054145813,-0.5620330572128296,-0.04321683943271637,-0.17016242444515228,-0.8155072927474976,-0.05744610354304314,-0.11556025594472885,-0.9967934489250183,-0.056628305464982986,-0.08836860209703445,-0.7902089953422546,0.018730033189058304,-0.15175698697566986,-1.0,-0.06347240507602692,-0.20386698842048645,-0.8888118863105774,-0.0888792872428894,-0.1939699649810791,-0.8226727247238159,-0.09043563902378082,0.014945178292691708,-0.7308603525161743,0.003761078231036663,-0.041049711406230927,-0.9350599050521851,-0.07586900144815445,-0.10565677285194397,-0.6752013564109802,-0.0636674091219902,-0.06274273246526718,-0.6395015120506287,-0.029892675578594208,0.11448566615581512,-0.6351352334022522,-0.029572993516921997,0.0612652450799942,-0.8207671046257019,-0.11848901212215424,-0.014484332874417305,-0.5676497220993042,-0.07025111466646194,0.025195565074682236,-0.5206669569015503,-0.011426221579313278,0.2090778350830078,-0.5205209255218506,-0.06783687323331833,0.14815635979175568,-0.662606418132782,-0.11742925643920898,0.07850603759288788,-0.5078889727592468,-0.08322212100028992,0.10073097050189972,-0.45158007740974426,-0.04149344190955162
T,T_session_002,126,0.0,0.0,0.0,-0.1593773066997528,-0.2472682148218155,-0.030504094436764717,-0.21593673527240753,-0.5674953460693359,-0.03620787337422371,-0.17408093810081482,-0.818655788898468,-0.04747529327869415,-0.12367259711027145,-1.0,-0.04373927414417267,-0.08981200307607651,-0.788157045841217,0.023976337164640427,-0.15995725989341736,-0.9923210740089417,-0.0559246689081192,-0.20550401508808136,-0.856442391872406,-0.08295556902885437,-0.18559658527374268,-0.8037605881690979,-0.08709459006786346,0.014117252081632614,-0.7244577407836914,0.008297181688249111,-0.04601192846894264,-0.9290004372596741,-0.07112658768892288,-0.10807545483112335,-0.6704642176628113,-0.06333792954683304,-0.06335107237100601,-0.6402708292007446,-0.03344067558646202,0.11184066534042358,-0.6284642219543457,-0.024908648803830147,0.055534183979034424,-0.8198685050010681,-0.1128290444612503,-0.019077250733971596,-0.562514066696167,-0.06792506575584412,0.02323533408343792,-0.5164807438850403,-0.011399159207940102,0.20460115373134613,-0.5166087746620178,-0.06252622604370117,0.14272822439670563,-0.6607217788696289,-0.10942700505256653,0.07407455146312714,-0.5043997168540955,-0.07551893591880798,0.099006287753582,-0.4487667381763458,-0.03435773774981499
T,T_session_002,127,0.0,0.0,0.0,-0.1543247103691101,-0.2467467337846756,-0.030306309461593628,-0.2076781690120697,-0.5650880932807922,-0.03744065761566162,-0.16603609919548035,-0.8159112930297852,-0.0499696359038353,-0.11393009126186371,-1.0,-0.04796503484249115,-0.08496598154306412,-0.7836217880249023,0.021992599591612816,-0.15557584166526794,-0.9809554815292358,-0.05956478416919708,-0.20400318503379822,-0.8614132404327393,-0.08683320134878159,-0.18879123032093048,-0.8120099902153015,-0.09080253541469574,0.019300436601042747,-0.7224913239479065,0.005923227407038212,-0.041822291910648346,-0.9269905090332031,-0.07524603605270386,-0.10377142578363419,-0.6672239303588867,-0.06618114560842514,-0.05962032824754715,-0.6344934701919556,-0.03460005298256874,0.11823809146881104,-0.6256935596466064,-0.027649443596601486,0.060002073645591736,-0.8162916898727417,-0.11652866750955582,-0.014384972862899303,-0.5583630204200745,-0.06974364072084427,0.02786107175052166,-0.5129547715187073,-0.011717871762812138,0.21143077313899994,-0.5127060413360596,-0.0656190887093544,0.1473156362771988,-0.6523422002792358,-0.11326916515827179,0.07888863235712051,-0.4975581467151642,-0.07910409569740295,0.10444644838571548,-0.4468347132205963,-0.03774635121226311
T,T_session_002,128,0.0,0.0,0.0,-0.15032880008220673,-0.23449893295764923,-0.03187595307826996,-0.20418867468833923,-0.5570324063301086,-0.04123413562774658,-0.1649525910615921,-0.8125075697898865,-0.055613283067941666,-0.11563078314065933,-1.0,-0.05572184547781944,-0.09213622659444809,-0.7814239859580994,0.017894301563501358,-0.16050009429454803,-0.9754452705383301,-0.0631665587425232,-0.20846478641033173,-0.8790954947471619,-0.08616378158330917,-0.19579042494297028,-0.8243809938430786,-0.08602382242679596,0.012894786894321442,-0.7259344458580017,0.0020639223512262106,-0.0466437041759491,-0.9290502071380615,-0.076930470764637,-0.10731694847345352,-0.6670272946357727,-0.061086781322956085,-0.06294605135917664,-0.6319498419761658,-0.023894859477877617,0.11430805921554565,-0.6303085684776306,-0.03190288692712784,0.058824677020311356,-0.8131352066993713,-0.12063007801771164,-0.01410932932049036,-0.5603290796279907,-0.07130397856235504,0.02661214768886566,-0.5164032578468323,-0.011326122097671032,0.20828473567962646,-0.5161342024803162,-0.07034233212471008,0.14653024077415466,-0.6526992917060852,-0.12020353972911835,0.07881160825490952,-0.4994927942752838,-0.08689796179533005,0.1021309494972229,-0.4470381438732147,-0.045816559344530106
T,T_session_002,129,0.0,0.0,0.0,-0.15334732830524445,-0.24170608818531036,-0.034964073449373245,-0.20721738040447235,-0.559838593006134,-0.043631333857774734,-0.16759829223155975,-0.8133991956710815,-0.05612194165587425,-0.11880973726511002,-1.0,-0.05301908403635025,-0.09415582567453384,-0.789414644241333,0.0184805765748024,-0.16191773116588593,-0.9794521927833557,-0.06311887502670288,-0.20689649879932404,-0.8504195809364319,-0.08861818164587021,-0.1880997270345688,-0.8046578168869019,-0.09127703309059143,0.013375849463045597,-0.7278738617897034,0.0059479111805558205,-0.04621341452002525,-0.9277056455612183,-0.07489192485809326,-0.10766110569238663,-0.6647999286651611,-0.06333374232053757,-0.06428729742765427,-0.639696478843689,-0.02980520948767662,0.11410996317863464,-0.62973552942276,-0.024604501202702522,0.05834612622857094,-0.8135191798210144,-0.11200574040412903,-0.01613914966583252,-0.5566129684448242,-0.06436857581138611,0.025222068652510643,-0.5176545977592468,-0.005943514406681061,0.20709799230098724,-0.5185486078262329,-0.05995865538716316,0.14515691995620728,-0.6525005102157593,-0.10497304052114487,0.07658074051141739,-0.4985962212085724,-0.07096471637487411,0.1014498621225357,-0.45238417387008667,-0.030058104544878006
T,T_session_002,130,0.0,0.0,0.0,-0.1542285829782486,-0.23530243337154388,-0.03504620119929314,-0.21194183826446533,-0.554882287979126,-0.04279867559671402,-0.16918528079986572,-0.8141506314277649,-0.05448992922902107,-0.11608319729566574,-1.0,-0.05022362619638443,-0.10084906965494156,-0.7870708703994751,0.01707286573946476,-0.16756801307201385,-0.9902077913284302,-0.06734156608581543,-0.21191886067390442,-0.8615121245384216,-0.09346010535955429,-0.19300435483455658,-0.8010430335998535,-0.0954272449016571,0.007853317074477673,-0.727916955947876,0.00407197093591094,-0.049804456532001495,-0.9327392578125,-0.0785161554813385,-0.10930689424276352,-0.665846586227417,-0.06635104864835739,-0.06548227369785309,-0.6361000537872314,-0.031936876475811005,0.11043880879878998,-0.6316940784454346,-0.027415042743086815,0.057121992111206055,-0.8192124962806702,-0.11808133870363235,-0.01707003451883793,-0.5585062503814697,-0.06990969181060791,0.02293909341096878,-0.5159433484077454,-0.010345111601054668,0.20629608631134033,-0.5205292701721191,-0.06369073688983917,0.14649012684822083,-0.6580479741096497,-0.11289077252149582,0.07669162005186081,-0.5012542009353638,-0.0797627791762352,0.09870029985904694,-0.4505418837070465,-0.03868299722671509
T,T_session_002,131,0.0,0.0,0.0,-0.15654243528842926,-0.2358091175556183,-0.03667300194501877,-0.21548281610012054,-0.5530484914779663,-0.04545008763670921,-0.1754107028245926,-0.8130494356155396,-0.05832918733358383,-0.1256033331155777,-0.9974460005760193,-0.05468139424920082,-0.09999110549688339,-0.7944581508636475,0.015357344411313534,-0.16806761920452118,-1.0,-0.06814023107290268,-0.2092927247285843,-0.8459018468856812,-0.09534163028001785,-0.18335232138633728,-0.789817214012146,-0.09989705681800842,0.00903583038598299,-0.7332911491394043,0.001855913084000349,-0.04832758754491806,-0.9393265247344971,-0.08261381834745407,-0.10903751850128174,-0.6702364683151245,-0.07498852163553238,-0.06477566063404083,-0.6444190740585327,-0.04475211352109909,0.11099456250667572,-0.637599527835846,-0.029672246426343918,0.05792923644185066,-0.8286881446838379,-0.12135424464941025,-0.0175987109541893,-0.5646492838859558,-0.07480483502149582,0.023283328860998154,-0.5234067440032959,-0.016745878383517265,0.20736055076122284,-0.5282800793647766,-0.06616318225860596,0.14814628660678864,-0.6685380339622498,-0.1145954579114914,0.07747969776391983,-0.5111737251281738,-0.08113081008195877,0.10027675330638885,-0.46222543716430664,-0.040263984352350235
T,T_session_002,132,0.0,0.0,0.0,-0.15107277035713196,-0.23218874633312225,-0.0389435738325119,-0.2112094610929489,-0.5530564188957214,-0.04880505055189133,-0.17139115929603577,-0.8103007078170776,-0.06287151575088501,-0.11409259587526321,-0.9929211735725403,-0.059851814061403275,-0.10158564895391464,-0.8001819849014282,0.016824793070554733,-0.16933710873126984,-1.0,-0.06705690175294876,-0.20806661248207092,-0.8457366228103638,-0.09475399553775787,-0.18106959760189056,-0.7899196147918701,-0.09968184679746628,0.007314580027014017,-0.7423150539398193,0.0030380976386368275,-0.045816369354724884,-0.9402344226837158,-0.08346278220415115,-0.10663027316331863,-0.6735495924949646,-0.07722364366054535,-0.06624732911586761,-0.6486349105834961,-0.04730704054236412,0.11053049564361572,-0.6463146805763245,-0.029348405078053474,0.062026288360357285,-0.8225156664848328,-0.1239362433552742,-0.01295979879796505,-0.5620163679122925,-0.07932127267122269,0.02358146943151951,-0.5229878425598145,-0.021665550768375397,0.20791473984718323,-0.5354002714157104,-0.06682910770177841,0.15210342407226562,-0.6666876673698425,-0.11768921464681625,0.08120793104171753,-0.5119805335998535,-0.08570818603038788,0.09980783611536026,-0.46485039591789246,-0.045388512313365936
T,T_session_002,133,0.0,0.0,0.0,-0.15484271943569183,-0.2222747951745987,-0.038038238883018494,-0.21341313421726227,-0.5437445640563965,-0.0474630668759346,-0.17509105801582336,-0.7994017004966736,-0.06178511306643486,-0.12919552624225616,-0.9817088842391968,-0.05952683091163635,-0.10087725520133972,-0.7956368923187256,0.015007948502898216,-0.16800911724567413,-1.0,-0.06677985191345215,-0.20389887690544128,-0.8313201069831848,-0.09297139942646027,-0.17434635758399963,-0.7727227807044983,-0.09730108827352524,0.00791972316801548,-0.7351558804512024,0.0006177209434099495,-0.047260817140340805,-0.9368693232536316,-0.08335411548614502,-0.10719848424196243,-0.6712797284126282,-0.07627472281455994,-0.06494757533073425,-0.6447279453277588,-0.04662324860692024,0.10990611463785172,-0.6386842131614685,-0.03177870810031891,0.05890422314405441,-0.8184501528739929,-0.12349187582731247,-0.016537697985768318,-0.5556613206863403,-0.07812510430812836,0.020989874377846718,-0.5103985667228699,-0.02106190286576748,0.20671361684799194,-0.5297255516052246,-0.06935594975948334,0.14760543406009674,-0.6601632237434387,-0.11888176947832108,0.07607554644346237,-0.5058175325393677,-0.08665857464075089,0.09591715037822723,-0.4561137557029724,-0.04668614640831947
T,T_session_002,134,0.0,0.0,0.0,-0.15279506146907806,-0.21821555495262146,-0.041003402322530746,-0.21536338329315186,-0.544098973274231,-0.05034242570400238,-0.1801661103963852,-0.810716450214386,-0.06379900127649307,-0.13488613069057465,-0.9925759434700012,-0.06022026017308235,-0.10938695073127747,-0.7961763143539429,0.014372607693076134,-0.17501555383205414,-1.0,-0.06842788308858871,-0.20694561302661896,-0.8309541940689087,-0.09266779571771622,-0.1789480447769165,-0.7663598656654358,-0.09436525404453278,0.0011251759715378284,-0.7373965978622437,0.0009404870215803385,-0.048933789134025574,-0.9364731311798096,-0.08376014232635498,-0.10579638928174973,-0.6652596592903137,-0.07448066025972366,-0.06781097501516342,-0.6390544772148132,-0.04212724789977074,0.10633476078510284,-0.641706645488739,-0.03122720867395401,0.06049703434109688,-0.8216761350631714,-0.1266317516565323,-0.012109526433050632,-0.5550157427787781,-0.08029265701770782,0.019960854202508926,-0.5112601518630981,-0.020982416346669197,0.20621711015701294,-0.5297698974609375,-0.06852038204669952,0.15417836606502533,-0.670024037361145,-0.12223505228757858,0.08619760721921921,-0.5085064172744751,-0.08935265243053436,0.1033543199300766,-0.4545052647590637,-0.04746461659669876
T,T_session_002,135,0.0,0.0,0.0,-0.13943050801753998,-0.2198975384235382,-0.03533472865819931,-0.20194044709205627,-0.5239531397819519,-0.050049468874931335,-0.16890273988246918,-0.7798681259155273,-0.07170112431049347,-0.13034091889858246,-0.9734160900115967,-0.0796608030796051,-0.10567867010831833,-0.782625138759613,0.014182889834046364,-0.15994031727313995,-1.0,-0.07083297520875931,-0.2028697431087494,-0.9004446864128113,-0.10068650543689728,-0.18879929184913635,-0.8336195349693298,-0.10565109550952911,0.00325597170740366,-0.7288369536399841,-0.004587676376104355,-0.03824501112103462,-0.9453746676445007,-0.08972311019897461,-0.09889519959688187,-0.6856622695922852,-0.08327985554933548,-0.06430187821388245,-0.6418575644493103,-0.05263018235564232,0.10997408628463745,-0.6376807689666748,-0.041050273925065994,0.06935729831457138,-0.8279156684875488,-0.13342683017253876,-0.00396475475281477,-0.5764912962913513,-0.0864267647266388,0.02345292456448078,-0.5189333558082581,-0.027649816125631332,0.2127179503440857,-0.5250632166862488,-0.08266941457986832,0.16508907079696655,-0.6785392165184021,-0.1343887895345688,0.09700102359056473,-0.5294460654258728,-0.09883138537406921,0.10981429368257523,-0.4662136435508728,-0.055734436959028244
T,T_session_002,136,0.0,0.0,0.0,-0.14276540279388428,-0.22364379465579987,-0.03690662980079651,-0.2041512131690979,-0.5406320691108704,-0.05303933471441269,-0.16456779837608337,-0.8036174774169922,-0.07583014667034149,-0.12731505930423737,-0.9988977313041687,-0.0875982940196991,-0.10565339773893356,-0.7862665057182312,0.009523703716695309,-0.1554803103208542,-1.0,-0.0702778622508049,-0.19845597445964813,-0.9636620879173279,-0.09705689549446106,-0.18857194483280182,-0.9196138381958008,-0.10117846727371216,0.006530072074383497,-0.7322630286216736,-0.008796700276434422,-0.033123910427093506,-0.9535799622535706,-0.09040254354476929,-0.09530846029520035,-0.7060897946357727,-0.08070147037506104,-0.06533700972795486,-0.6552364230155945,-0.048214852809906006,0.11429841071367264,-0.6401090621948242,-0.044388171285390854,0.07869848608970642,-0.8388525247573853,-0.1361103504896164,0.000799342873506248,-0.5975385904312134,-0.08903175592422485,0.018631285056471825,-0.5267206430435181,-0.03038458712399006,0.21828696131706238,-0.5229440927505493,-0.08521123230457306,0.1744111180305481,-0.6884930729866028,-0.13938096165657043,0.10053917020559311,-0.545404851436615,-0.10514269769191742,0.10084310919046402,-0.470142126083374,-0.0631626695394516
T,T_session_002,137,0.0,0.0,0.0,-0.14883077144622803,-0.21000143885612488,-0.03865833953022957,-0.2159949541091919,-0.5395560264587402,-0.05206477642059326,-0.16755199432373047,-0.8049442768096924,-0.07198712229728699,-0.11859141290187836,-0.9921473264694214,-0.07878831028938293,-0.11377212405204773,-0.7824727892875671,0.012107017450034618,-0.1620301604270935,-1.0,-0.07423223555088043,-0.20212657749652863,-0.941214919090271,-0.10096758604049683,-0.19366620481014252,-0.8707483410835266,-0.1011657640337944,-0.0003458756546024233,-0.7284328937530518,-0.005737939849495888,-0.03353196382522583,-0.9468302130699158,-0.09099315106868744,-0.09491810202598572,-0.695151150226593,-0.07924123853445053,-0.06535612046718597,-0.6525166034698486,-0.042605578899383545,0.10868523269891739,-0.6363916397094727,-0.04259926453232765,0.0794060230255127,-0.8228651285171509,-0.13778263330459595,0.0025693050120025873,-0.5769988894462585,-0.08837614953517914,0.01848258078098297,-0.5220483541488647,-0.025883883237838745,0.2136828601360321,-0.5206692814826965,-0.08503233641386032,0.17824457585811615,-0.6825776100158691,-0.13890622556209564,0.10581319034099579,-0.5317602753639221,-0.10155893117189407,0.10381581634283066,-0.46364012360572815,-0.05612218752503395
T,T_session_002,138,0.0,0.0,0.0,-0.13802677392959595,-0.21335357427597046,-0.04041353240609169,-0.19514942169189453,-0.5381579995155334,-0.057240080088377,-0.1519104689359665,-0.8071478009223938,-0.0799873098731041,-0.11413320899009705,-1.0,-0.09113453328609467,-0.1018919050693512,-0.7833448648452759,0.008689905516803265,-0.14244592189788818,-0.9907479882240295,-0.07142385840415955,-0.1875234842300415,-0.9432417750358582,-0.09720878303050995,-0.17888318002223969,-0.902396023273468,-0.10082649439573288,0.010986791923642159,-0.7232732772827148,-0.008373532444238663,-0.016623605042696,-0.9433499574661255,-0.09066814929246902,-0.08556675910949707,-0.6972420811653137,-0.0804976373910904,-0.061847344040870667,-0.6573909521102905,-0.04698244109749794,0.1173914223909378,-0.626409649848938,-0.043273404240608215,0.09575411677360535,-0.820332944393158,-0.13520924746990204,0.009546314366161823,-0.5831703543663025,-0.08905782550573349,0.020413920283317566,-0.5235154032707214,-0.0306069515645504,0.2180420160293579,-0.5080080032348633,-0.08364111930131912,0.1829356998205185,-0.6715623140335083,-0.1363084465265274,0.10614123940467834,-0.531480610370636,-0.1026172786951065,0.1037551537156105,-0.4633288085460663,-0.06117011606693268
T,T_session_002,139,0.0,0.0,0.0,-0.14496049284934998,-0.21722956001758575,-0.04173131659626961,-0.2008516788482666,-0.5422202348709106,-0.05381099134683609,-0.14809280633926392,-0.8069055676460266,-0.06890396028757095,-0.10516972839832306,-0.992298424243927,-0.06904993951320648,-0.11460205167531967,-0.7954760789871216,0.005830288864672184,-0.14897271990776062,-1.0,-0.07375754415988922,-0.18526721000671387,-0.9438866376876831,-0.0967228040099144,-0.17141485214233398,-0.8878027200698853,-0.09754917025566101,0.003444361500442028,-0.7367333769798279,-0.007715372834354639,-0.01868571527302265,-0.9490917921066284,-0.08852624148130417,-0.08458535373210907,-0.7034702897071838,-0.076197549700737,-0.058796197175979614,-0.6675617694854736,-0.041469182819128036,0.11239921301603317,-0.6435297131538391,-0.039232563227415085,0.09274568408727646,-0.8226199746131897,-0.12674164772033691,0.01082446239888668,-0.5848210453987122,-0.07674252241849899,0.027848854660987854,-0.5328502058982849,-0.017006555572152138,0.21765585243701935,-0.5300933122634888,-0.07687898725271225,0.18458981812000275,-0.6708411574363708,-0.12566566467285156,0.11352983117103577,-0.5308021306991577,-0.09048859030008316,0.11687646806240082,-0.47535887360572815,-0.048484500497579575
T,T_session_002,140,0.0,0.0,0.0,-0.14053279161453247,-0.2312914878129959,-0.043930783867836,-0.19201187789440155,-0.5477540493011475,-0.05717302858829498,-0.14380520582199097,-0.8114381432533264,-0.07389689981937408,-0.1048874706029892,-0.9987965822219849,-0.07564020901918411,-0.10944811254739761,-0.8008502721786499,0.014393116347491741,-0.1452350914478302,-1.0,-0.06441832333803177,-0.17837372422218323,-0.8984453082084656,-0.092429019510746,-0.15945647656917572,-0.8522181510925293,-0.09864479303359985,0.00979518424719572,-0.7396721243858337,0.0022582625970244408,-0.01461256854236126,-0.945201575756073,-0.07786529511213303,-0.07743590325117111,-0.6972623467445374,-0.07256266474723816,-0.05280071496963501,-0.6690893769264221,-0.044331904500722885,0.1181817278265953,-0.6433650851249695,-0.028144657611846924,0.09906069189310074,-0.827089250087738,-0.11461757868528366,0.016841206699609756,-0.5915999412536621,-0.07084976881742477,0.03252647444605827,-0.5430134534835815,-0.01579059474170208,0.22066685557365417,-0.5294755101203918,-0.0645831823348999,0.187747061252594,-0.6764885187149048,-0.10982798784971237,0.11453806608915329,-0.537297248840332,-0.07560820132493973,0.1172940656542778,-0.4818267226219177,-0.034851305186748505
T,T_session_002,141,0.0,0.0,0.0,-0.14026470482349396,-0.22428405284881592,-0.04856729507446289,-0.19606761634349823,-0.5411789417266846,-0.06544336676597595,-0.1509018987417221,-0.8062029480934143,-0.08497508615255356,-0.11341268569231033,-1.0,-0.08875442296266556,-0.12109015882015228,-0.8040468692779541,0.013996950350701809,-0.15662680566310883,-0.9882696866989136,-0.06306545436382294,-0.1795748472213745,-0.8999434113502502,-0.08733154088258743,-0.15372195839881897,-0.8766962885856628,-0.09118390828371048,-0.0004807211516890675,-0.7497376799583435,0.00314511195756495,-0.018064646050333977,-0.9511459469795227,-0.07905489206314087,-0.07421955466270447,-0.7000294327735901,-0.07218395173549652,-0.05143618583679199,-0.6869426965713501,-0.040642835199832916,0.11147104948759079,-0.6592681407928467,-0.026294386014342308,0.09515485167503357,-0.8280889391899109,-0.11607655137777328,0.019376715645194054,-0.5846969485282898,-0.0718478113412857,0.033789560198783875,-0.547890841960907,-0.014616104774177074,0.21820832788944244,-0.5505626201629639,-0.061805546283721924,0.18413026630878448,-0.6785409450531006,-0.10839615762233734,0.11464037001132965,-0.5343974232673645,-0.07422048598527908,0.11629388481378555,-0.48825857043266296,-0.03254067525267601
T,T_session_002,142,0.0,0.0,0.0,-0.13503706455230713,-0.22107817232608795,-0.04206494241952896,-0.18633614480495453,-0.5397499203681946,-0.05847707763314247,-0.1405612826347351,-0.7994901537895203,-0.07995518296957016,-0.10568545758724213,-1.0,-0.08786065876483917,-0.1017671525478363,-0.7892642021179199,0.017975274473428726,-0.14143162965774536,-0.9747887849807739,-0.0604843907058239,-0.17365612089633942,-0.9009098410606384,-0.08701632171869278,-0.1523408740758896,-0.8668954968452454,-0.09134674072265625,0.011677786707878113,-0.7320066690444946,0.00326383369974792,-0.012017904780805111,-0.9345013499259949,-0.07744982838630676,-0.07387550920248032,-0.6927230358123779,-0.0706118494272232,-0.047916214913129807,-0.6696984767913818,-0.039657991379499435,0.11792798340320587,-0.6379321217536926,-0.02987332083284855,0.10125022381544113,-0.8115942478179932,-0.1180955022573471,0.020289108157157898,-0.5779576897621155,-0.07422050833702087,0.03442947566509247,-0.531684398651123,-0.017632823437452316,0.21926940977573395,-0.525095522403717,-0.06884458661079407,0.18743863701820374,-0.665511429309845,-0.11568724364042282,0.11255665868520737,-0.5265631675720215,-0.08196312189102173,0.11020802706480026,-0.47028860449790955,-0.040819551795721054
T,T_session_002,143,0.0,0.0,0.0,-0.13435040414333344,-0.21403521299362183,-0.04781584069132805,-0.1915847212076187,-0.5359742045402527,-0.06493192911148071,-0.14949506521224976,-0.8047916293144226,-0.08448312431573868,-0.10340753197669983,-1.0,-0.08739789575338364,-0.11432371288537979,-0.8050206899642944,0.00981201697140932,-0.1475919783115387,-0.9901188015937805,-0.07017544656991959,-0.16829703748226166,-0.8667139410972595,-0.09592167288064957,-0.13901235163211823,-0.8238842487335205,-0.10065566003322601,0.006048242561519146,-0.7474684715270996,-0.0018281567608937621,-0.010288075543940067,-0.949123740196228,-0.08581239730119705,-0.06879543513059616,-0.6971297860145569,-0.08114735037088394,-0.04423295706510544,-0.680374264717102,-0.05226600915193558,0.11682985723018646,-0.6527778506278992,-0.03167455643415451,0.10496360808610916,-0.8202404379844666,-0.12205015122890472,0.024448631331324577,-0.5755510926246643,-0.07747359573841095,0.03832848742604256,-0.5393234491348267,-0.02084179036319256,0.22407232224941254,-0.5406520366668701,-0.0674794539809227,0.19506579637527466,-0.6711493134498596,-0.11456097662448883,0.12134922295808792,-0.5225816369056702,-0.07998374104499817,0.11917697638273239,-0.4744124412536621,-0.03845074027776718
T,T_session_002,144,0.0,0.0,0.0,-0.13354453444480896,-0.21646809577941895,-0.04810614883899689,-0.1866045892238617,-0.5346201062202454,-0.06629063189029694,-0.13885614275932312,-0.8001934885978699,-0.0879729762673378,-0.09897535294294357,-1.0,-0.09408970177173615,-0.10604111850261688,-0.7967671155929565,0.014912706799805164,-0.14219620823860168,-0.9809696078300476,-0.0656777024269104,-0.16792050004005432,-0.8801794648170471,-0.09237134456634521,-0.14325381815433502,-0.839657723903656,-0.0964670181274414,0.01127042155712843,-0.7370910048484802,0.003506988286972046,-0.007462053559720516,-0.9338288307189941,-0.07863986492156982,-0.0680418536067009,-0.6887391209602356,-0.07260596007108688,-0.04530838131904602,-0.6759616136550903,-0.0423583984375,0.11953514814376831,-0.6423216462135315,-0.02709120698273182,0.10605931282043457,-0.8129733800888062,-0.11742404103279114,0.024852346628904343,-0.5777836441993713,-0.07475077360868454,0.03652389347553253,-0.5407605171203613,-0.018838169053196907,0.2222389131784439,-0.5309042930603027,-0.0637517049908638,0.19144073128700256,-0.6659427285194397,-0.11177582293748856,0.11846361309289932,-0.5241526961326599,-0.07890800386667252,0.11686201393604279,-0.47312110662460327,-0.03798346966505051
T,T_session_002,145,0.0,0.0,0.0,-0.13383357226848602,-0.21015745401382446,-0.0483965128660202,-0.19033309817314148,-0.5320351719856262,-0.0652565285563469,-0.14305000007152557,-0.8034212589263916,-0.0844038724899292,-0.09549573063850403,-1.0,-0.08649739623069763,-0.10793516039848328,-0.8055544495582581,0.010619067586958408,-0.1444549858570099,-0.9901605844497681,-0.07141662389039993,-0.1683240830898285,-0.8670081496238708,-0.0964394137263298,-0.13983972370624542,-0.8286519050598145,-0.09965355694293976,0.01078478991985321,-0.7446730732917786,-0.000350404268829152,-0.009016086347401142,-0.9459944367408752,-0.08593583852052689,-0.06890647858381271,-0.6885187029838562,-0.07919777929782867,-0.04290613904595375,-0.6787808537483215,-0.04787934571504593,0.12100537866353989,-0.6508870124816895,-0.03020092286169529,0.10501641035079956,-0.8197811841964722,-0.12373526394367218,0.024481484666466713,-0.5698834657669067,-0.0782349705696106,0.04096897691488266,-0.538537323474884,-0.019746344536542892,0.2266758531332016,-0.542864978313446,-0.06591177731752396,0.19519507884979248,-0.6768879294395447,-0.11502499133348465,0.12274003773927689,-0.5214115977287292,-0.08011575788259506,0.12489026039838791,-0.47224220633506775,-0.03752493858337402
T,T_session_002,146,0.0,0.0,0.0,-0.13633772730827332,-0.2076994627714157,-0.051402390003204346,-0.1980924755334854,-0.52506422996521,-0.07075083255767822,-0.14902238547801971,-0.8020530343055725,-0.09135693311691284,-0.09200619161128998,-0.9970806837081909,-0.09425905346870422,-0.1160358265042305,-0.8073948621749878,0.001397887128405273,-0.151468887925148,-1.0,-0.08343664556741714,-0.17559267580509186,-0.877050518989563,-0.10906732827425003,-0.14666886627674103,-0.8354622721672058,-0.11306071281433105,0.005735518876463175,-0.7454566955566406,-0.008625369518995285,-0.012749100103974342,-0.9536129236221313,-0.09816786646842957,-0.07318218797445297,-0.6928730010986328,-0.09210236370563507,-0.04620728641748428,-0.6805285215377808,-0.061443429440259933,0.11784873902797699,-0.6511961221694946,-0.0372968465089798,0.10279092192649841,-0.8274886012077332,-0.13269270956516266,0.020853009074926376,-0.5745464563369751,-0.0853739082813263,0.039354875683784485,-0.5417274236679077,-0.02608959749341011,0.22607524693012238,-0.5432148575782776,-0.07211029529571533,0.19407868385314941,-0.6788238286972046,-0.12193881720304489,0.12132569402456284,-0.5243694186210632,-0.08669079840183258,0.12559542059898376,-0.475730299949646,-0.04422605410218239
T,T_session_002,147,0.0,0.0,0.0,-0.13524238765239716,-0.2158994972705841,-0.05226298049092293,-0.19441190361976624,-0.5264929533004761,-0.07440328598022461,-0.1427641063928604,-0.8030580878257751,-0.0981188416481018,-0.08933210372924805,-1.0,-0.10526696592569351,-0.11585710942745209,-0.8021705746650696,0.0032702013850212097,-0.14941447973251343,-0.9921101331710815,-0.0805601179599762,-0.17713823914527893,-0.9356082081794739,-0.10519547760486603,-0.15474313497543335,-0.9033921360969543,-0.10749734193086624,0.006109033245593309,-0.7398915886878967,-0.006644954439252615,-0.010035280138254166,-0.9461468458175659,-0.09544309973716736,-0.07167348265647888,-0.6961421370506287,-0.08712996542453766,-0.04835899546742439,-0.6857673525810242,-0.05354396998882294,0.11819016188383102,-0.6470130085945129,-0.035530902445316315,0.10410802811384201,-0.8209025859832764,-0.1303248256444931,0.022956227883696556,-0.5794656872749329,-0.08202596753835678,0.03890717402100563,-0.5450176000595093,-0.02131006307899952,0.22655224800109863,-0.5371326804161072,-0.07097820937633514,0.19523105025291443,-0.6729927062988281,-0.121036097407341,0.12316747009754181,-0.5254008173942566,-0.08552910387516022,0.12612727284431458,-0.4744376838207245,-0.042190276086330414
T,T_session_002,148,0.0,0.0,0.0,-0.13386419415473938,-0.2133135199546814,-0.048524174839258194,-0.1928519606590271,-0.5283436179161072,-0.06842680275440216,-0.14106151461601257,-0.8025012016296387,-0.09088662266731262,-0.08679019659757614,-1.0,-0.09711122512817383,-0.10760573297739029,-0.796991765499115,0.004858272150158882,-0.14483991265296936,-0.9904211759567261,-0.08019392192363739,-0.17452475428581238,-0.9165117144584656,-0.10592883825302124,-0.15022777020931244,-0.8740361928939819,-0.10872738063335419,0.011705518700182438,-0.733668863773346,-0.006625578738749027,-0.008836661465466022,-0.9423620700836182,-0.09428608417510986,-0.07215918600559235,-0.6904871463775635,-0.08541343361139297,-0.04576700180768967,-0.6739689707756042,-0.052193332463502884,0.121455617249012,-0.6394526362419128,-0.037123456597328186,0.10480708628892899,-0.8207800388336182,-0.13158990442752838,0.021225962787866592,-0.5771800875663757,-0.0835479199886322,0.038170862942934036,-0.5370351672172546,-0.02335359901189804,0.22748100757598877,-0.5291025638580322,-0.07381059974431992,0.1948714554309845,-0.6738339066505432,-0.1247677206993103,0.12051106989383698,-0.5255526304244995,-0.09021462500095367,0.1226312443614006,-0.470369815826416,-0.047652825713157654
T,T_session_002,149,0.0,0.0,0.0,-0.13530884683132172,-0.2035602629184723,-0.05356304347515106,-0.19803091883659363,-0.520073413848877,-0.0762900710105896,-0.14254820346832275,-0.8019298315048218,-0.10059322416782379,-0.0802617222070694,-1.0,-0.10755210369825363,-0.11706878989934921,-0.7968364953994751,-0.003048897022381425,-0.154337078332901,-0.9982830882072449,-0.09232323616743088,-0.18090398609638214,-0.9161425828933716,-0.11689655482769012,-0.15667158365249634,-0.8585907220840454,-0.11711031943559647,0.003973727580159903,-0.7357422113418579,-0.012423411011695862,-0.012934332713484764,-0.9479921460151672,-0.1032806932926178,-0.07427017390727997,-0.687238335609436,-0.09108277410268784,-0.04787087440490723,-0.6689645648002625,-0.05445314571261406,0.11576458811759949,-0.6421849131584167,-0.041522055864334106,0.10214561969041824,-0.8228727579116821,-0.1393842250108719,0.020384086295962334,-0.5718050599098206,-0.08711129426956177,0.036662328988313675,-0.5324491262435913,-0.02314400114119053,0.22306489944458008,-0.5319772362709045,-0.07724570482969284,0.195169135928154,-0.6764113306999207,-0.13021986186504364,0.12222840636968613,-0.5237259268760681,-0.09374573081731796,0.12256598472595215,-0.4695570766925812,-0.049240775406360626
T,T_session_002,150,0.0,0.0,0.0,-0.13711252808570862,-0.20762582123279572,-0.04833292216062546,-0.19887827336788177,-0.5279420614242554,-0.0669330358505249,-0.14496934413909912,-0.8026500940322876,-0.08816969394683838,-0.0823458656668663,-0.9942392706871033,-0.0929836705327034,-0.10826001316308975,-0.7987270355224609,0.00512804975733161,-0.14440923929214478,-1.0,-0.08163796365261078,-0.1774609386920929,-0.9138590097427368,-0.11011319607496262,-0.15886636078357697,-0.8573318123817444,-0.1143457293510437,0.010299727320671082,-0.7340625524520874,-0.00674805510789156,-0.010965869762003422,-0.944602370262146,-0.09580293297767639,-0.07555495947599411,-0.690596342086792,-0.08994807302951813,-0.051110588014125824,-0.6647339463233948,-0.05887836217880249,0.11886420100927353,-0.6373708844184875,-0.03763608634471893,0.10019209235906601,-0.8232424855232239,-0.13271905481815338,0.01799151860177517,-0.576126217842102,-0.08588891476392746,0.03481147810816765,-0.5320453643798828,-0.02651144377887249,0.22215871512889862,-0.5256131887435913,-0.07468360662460327,0.18928200006484985,-0.6750320792198181,-0.12612544000148773,0.11672008782625198,-0.522249698638916,-0.09113781899213791,0.12102863192558289,-0.463796466588974,-0.0482189767062664
T,T_session_002,151,0.0,0.0,0.0,-0.12957413494586945,-0.2099541574716568,-0.046893857419490814,-0.19002936780452728,-0.5167213082313538,-0.0686536580324173,-0.14358197152614594,-0.7937558889389038,-0.09406713396310806,-0.08415970206260681,-0.9940780401229858,-0.1028255745768547,-0.10461389273405075,-0.789287805557251,0.006072232034057379,-0.1428191363811493,-1.0,-0.08249987661838531,-0.17583225667476654,-0.9030832052230835,-0.11029497534036636,-0.1538029909133911,-0.8308373093605042,-0.11280903965234756,0.011216534301638603,-0.7278000116348267,-0.005927653517574072,-0.010303592309355736,-0.941926121711731,-0.09380502998828888,-0.07360799610614777,-0.6856451630592346,-0.08557292073965073,-0.04656951129436493,-0.6602359414100647,-0.05283021926879883,0.1191609650850296,-0.6348171234130859,-0.03699623420834541,0.09947733581066132,-0.8210418820381165,-0.13076700270175934,0.019195133820176125,-0.5745866298675537,-0.08198612183332443,0.03874525427818298,-0.5298829674720764,-0.02140646055340767,0.22254608571529388,-0.5262433290481567,-0.0741426944732666,0.18939656019210815,-0.6762595176696777,-0.12338388711214066,0.11705880612134933,-0.5258941054344177,-0.08725544810295105,0.12194783240556717,-0.4685518145561218,-0.04366765171289444
T,T_session_002,152,0.0,0.0,0.0,-0.1341456174850464,-0.22096030414104462,-0.04975251108407974,-0.19864140450954437,-0.5304422378540039,-0.07270985841751099,-0.15433599054813385,-0.8037558794021606,-0.09882941097021103,-0.08891468495130539,-0.9846935868263245,-0.10842616111040115,-0.10865131765604019,-0.808376669883728,0.006334666162729263,-0.14870144426822662,-1.0,-0.07645462453365326,-0.17727266252040863,-0.9039681553840637,-0.10039050877094269,-0.14781412482261658,-0.8623522520065308,-0.10276129096746445,0.009635431692004204,-0.7491050958633423,-0.004894441459327936,-0.014141829684376717,-0.9550407528877258,-0.08884979784488678,-0.07575809955596924,-0.6956468820571899,-0.0762082114815712,-0.04524780437350273,-0.6834635138511658,-0.040424805134534836,0.11963478475809097,-0.6554154753684998,-0.03531581908464432,0.09737271815538406,-0.8314442038536072,-0.1269930601119995,0.015896106138825417,-0.5827356576919556,-0.0784483551979065,0.037015873938798904,-0.5438218116760254,-0.018188541755080223,0.2235090136528015,-0.5438875555992126,-0.07206559181213379,0.18668006360530853,-0.6790523529052734,-0.11908546090126038,0.11275283247232437,-0.5309320688247681,-0.08363783359527588,0.11796854436397552,-0.4799686372280121,-0.040955204516649246
T,T_session_002,153,0.0,0.0,0.0,-0.13939179480075836,-0.22630983591079712,-0.043469224125146866,-0.1921871453523636,-0.541153609752655,-0.05783640593290329,-0.14284396171569824,-0.8065375089645386,-0.07530543208122253,-0.08894623070955276,-0.9910383820533752,-0.07505208253860474,-0.09855834394693375,-0.8036271333694458,0.011277290992438793,-0.13933324813842773,-1.0,-0.06838586926460266,-0.16880571842193604,-0.8193045258522034,-0.0937006026506424,-0.1395459920167923,-0.7545951008796692,-0.0983254462480545,0.01857641339302063,-0.739936888217926,0.0010116084013134241,-0.013058934360742569,-0.9362357258796692,-0.0794224962592125,-0.07580388337373734,-0.6744985580444336,-0.07440917938947678,-0.04566561430692673,-0.655759871006012,-0.048087600618600845,0.12339092791080475,-0.6393716335296631,-0.026902681216597557,0.09567094594240189,-0.8142480850219727,-0.11176344007253647,0.013304398395121098,-0.5630477070808411,-0.06722275912761688,0.03812836855649948,-0.5222266912460327,-0.013348703272640705,0.22208473086357117,-0.530219316482544,-0.06038525700569153,0.1783093512058258,-0.6589495539665222,-0.10211227089166641,0.1036076620221138,-0.5080994367599487,-0.0684368684887886,0.113148033618927,-0.4589741826057434,-0.029320545494556427
T,T_session_002,154,0.0,0.0,0.0,-0.13680607080459595,-0.2331351339817047,-0.045405641198158264,-0.1913173347711563,-0.5375770926475525,-0.06262131035327911,-0.1514759659767151,-0.7954338192939758,-0.08273327350616455,-0.10023847222328186,-0.984291136264801,-0.08615008741617203,-0.09997016191482544,-0.8044019341468811,0.007206576876342297,-0.15018822252750397,-1.0,-0.07460754364728928,-0.17547555267810822,-0.8280133008956909,-0.10250572115182877,-0.13944993913173676,-0.7741087675094604,-0.10902010649442673,0.01637132465839386,-0.7453182339668274,-0.0032420926727354527,-0.019036071375012398,-0.9432392120361328,-0.0859510600566864,-0.07745865732431412,-0.6860052943229675,-0.08217845112085342,-0.04306763410568237,-0.6674675345420837,-0.056248631328344345,0.12211740016937256,-0.6465241312980652,-0.03125067427754402,0.09159863740205765,-0.8210028409957886,-0.12185932695865631,0.011655062437057495,-0.5720692276954651,-0.08078990876674652,0.03762916848063469,-0.5329896807670593,-0.02748863399028778,0.22050219774246216,-0.5343339443206787,-0.06436382979154587,0.17733995616436005,-0.6649600267410278,-0.11106901615858078,0.1028561070561409,-0.5169533491134644,-0.07901893556118011,0.1108333095908165,-0.4685322642326355,-0.03977227583527565
T,T_session_002,155,0.0,0.0,0.0,-0.1465146839618683,-0.23604540526866913,-0.038868386298418045,-0.19973328709602356,-0.5497234463691711,-0.051929645240306854,-0.15742449462413788,-0.8143812417984009,-0.0693865567445755,-0.10882044583559036,-0.9892734289169312,-0.07017688453197479,-0.09170585125684738,-0.8023154139518738,0.017439430579543114,-0.13321934640407562,-1.0,-0.058761272579431534,-0.1670857071876526,-0.8248516917228699,-0.08300115168094635,-0.13854677975177765,-0.7658630609512329,-0.08792197704315186,0.02100960724055767,-0.7374634146690369,0.0041926708072423935,-0.01473884005099535,-0.9385219812393188,-0.07556134462356567,-0.07997969537973404,-0.6777613162994385,-0.07179395854473114,-0.046519022434949875,-0.6549168825149536,-0.04564313217997551,0.12298031151294708,-0.6384254097938538,-0.026023566722869873,0.08756428956985474,-0.8180252909660339,-0.11018625646829605,0.006620599888265133,-0.564802348613739,-0.06738035380840302,0.038032013922929764,-0.523244321346283,-0.01423067320138216,0.2200537621974945,-0.5293743014335632,-0.06132078170776367,0.16910341382026672,-0.65616774559021,-0.10198545455932617,0.0962318554520607,-0.503673791885376,-0.0684632882475853,0.11286311596632004,-0.454683780670166,-0.029427148401737213
T,T_session_002,156,0.0,0.0,0.0,-0.1455860733985901,-0.23482568562030792,-0.039928585290908813,-0.1992749124765396,-0.5482819676399231,-0.050668664276599884,-0.15750329196453094,-0.806650698184967,-0.0650395080447197,-0.11161887645721436,-0.9890437126159668,-0.06209241598844528,-0.09660720080137253,-0.7998555898666382,0.01627965457737446,-0.14486545324325562,-1.0,-0.06271257251501083,-0.1761321723461151,-0.8312755823135376,-0.08797349035739899,-0.14720237255096436,-0.7747709155082703,-0.09261481463909149,0.015535772778093815,-0.737445592880249,0.004166151396930218,-0.023588957265019417,-0.9368678331375122,-0.07817728817462921,-0.08435530960559845,-0.6767795085906982,-0.0736396536231041,-0.04932960122823715,-0.6577811241149902,-0.046186547726392746,0.11911046504974365,-0.639843225479126,-0.025527220219373703,0.08194760233163834,-0.8190770745277405,-0.11505591869354248,0.0022823764011263847,-0.5655394792556763,-0.07315772771835327,0.032488271594047546,-0.5276395678520203,-0.01913066953420639,0.2174038141965866,-0.5308371186256409,-0.06016889587044716,0.16716933250427246,-0.6560329794883728,-0.10805362462997437,0.09420351684093475,-0.5049696564674377,-0.07753683626651764,0.10908947885036469,-0.45965084433555603,-0.03905782103538513
T,T_session_002,157,0.0,0.0,0.0,-0.14441680908203125,-0.24168267846107483,-0.04480283334851265,-0.19902488589286804,-0.5549278855323792,-0.05890003964304924,-0.16170194745063782,-0.8184453845024109,-0.0755683109164238,-0.11476132273674011,-1.0,-0.07461407780647278,-0.08746516704559326,-0.8106344938278198,0.010541945695877075,-0.13808609545230865,-0.9985140562057495,-0.06560732424259186,-0.17156897485256195,-0.799284815788269,-0.0898609459400177,-0.13591036200523376,-0.7578186392784119,-0.0965425968170166,0.02503390796482563,-0.7396410703659058,0.0011741167400032282,-0.017342614009976387,-0.9406245946884155,-0.08008968085050583,-0.08300507813692093,-0.6747477650642395,-0.07629919797182083,-0.04342084378004074,-0.6606154441833496,-0.0513031966984272,0.1262044459581375,-0.6345327496528625,-0.02524619549512863,0.0891696885228157,-0.822066068649292,-0.11106167733669281,0.0037783586885780096,-0.5681722164154053,-0.0687185749411583,0.038329970091581345,-0.531028687953949,-0.01632796786725521,0.22245828807353973,-0.5243899822235107,-0.057049840688705444,0.17156359553337097,-0.6561372876167297,-0.09877876937389374,0.09478694945573807,-0.5063412189483643,-0.06649260222911835,0.11276380717754364,-0.46019381284713745,-0.02852710708975792
T,T_session_002,158,0.0,0.0,0.0,-0.14286503195762634,-0.23787063360214233,-0.03981878608465195,-0.1976276934146881,-0.5558683276176453,-0.05198219418525696,-0.16122174263000488,-0.816657304763794,-0.0681612491607666,-0.11345941573381424,-0.9987395405769348,-0.06726755946874619,-0.08717525750398636,-0.8065828084945679,0.013411927036941051,-0.14309240877628326,-1.0,-0.06519891321659088,-0.17490777373313904,-0.8152433633804321,-0.08942245692014694,-0.14101235568523407,-0.7660567164421082,-0.09445887804031372,0.02349124848842621,-0.7398470640182495,-0.00016500274068675935,-0.021299229934811592,-0.9396223425865173,-0.0825556218624115,-0.0844670832157135,-0.6779954433441162,-0.0774177759885788,-0.045639414340257645,-0.6596852540969849,-0.05059465765953064,0.12545375525951385,-0.6360291838645935,-0.031042519956827164,0.08557351678609848,-0.8184175491333008,-0.12044456601142883,0.002822254551574588,-0.5665491223335266,-0.07785080373287201,0.03486017882823944,-0.5279067754745483,-0.023977987468242645,0.22289711236953735,-0.5204464197158813,-0.06686028838157654,0.1720409393310547,-0.6545292735099792,-0.11374278366565704,0.09595897048711777,-0.505500316619873,-0.08237002789974213,0.10978475213050842,-0.45738205313682556,-0.04385349154472351
T,T_session_002,159,0.0,0.0,0.0,-0.14507617056369781,-0.24539944529533386,-0.041824840009212494,-0.1927339881658554,-0.5606244206428528,-0.054009370505809784,-0.146421879529953,-0.8177948594093323,-0.06969383358955383,-0.0981757715344429,-1.0,-0.068917416036129,-0.08243057876825333,-0.798893928527832,0.02010800689458847,-0.135868638753891,-0.9918241500854492,-0.06081760302186012,-0.17966905236244202,-0.8723397254943848,-0.08625423908233643,-0.15830042958259583,-0.8228453397750854,-0.08905595541000366,0.02877572923898697,-0.7286766767501831,0.009566434659063816,-0.01624353602528572,-0.9299492239952087,-0.07206550985574722,-0.0841595008969307,-0.672667920589447,-0.06259313970804214,-0.04506596922874451,-0.6541544795036316,-0.029955221340060234,0.13094785809516907,-0.6259937286376953,-0.020010730251669884,0.08690663427114487,-0.8081531524658203,-0.10930128395557404,0.0035260729491710663,-0.5613901019096375,-0.06463568657636642,0.0383928157389164,-0.5222143530845642,-0.007667478173971176,0.2264314591884613,-0.5115511417388916,-0.055127598345279694,0.17029604315757751,-0.6420196890830994,-0.10273519158363342,0.09498929232358932,-0.49489134550094604,-0.07168727368116379,0.11302229017019272,-0.4456762373447418,-0.03225703164935112
T,T_session_002,160,0.0,0.0,0.0,-0.1477155089378357,-0.24502858519554138,-0.036212049424648285,-0.19561418890953064,-0.5798496007919312,-0.043592892587184906,-0.14358918368816376,-0.8343122005462646,-0.05566859617829323,-0.08517003804445267,-1.0,-0.050950367003679276,-0.07392585277557373,-0.8051960468292236,0.02361241541802883,-0.13063286244869232,-0.9965805411338806,-0.055977895855903625,-0.176294207572937,-0.8778758645057678,-0.07692340761423111,-0.16059263050556183,-0.816401481628418,-0.07545458525419235,0.032900094985961914,-0.7349079251289368,0.010441925376653671,-0.016167694702744484,-0.9329641461372375,-0.06841239333152771,-0.08310342580080032,-0.6740731000900269,-0.052849046885967255,-0.04301909729838371,-0.6537685394287109,-0.015260257758200169,0.13355477154254913,-0.6304048895835876,-0.02192583493888378,0.08579017966985703,-0.8086485266685486,-0.10851596295833588,0.004551767837256193,-0.557190477848053,-0.05905122682452202,0.03978931903839111,-0.5184352397918701,0.0009651987929828465,0.22881409525871277,-0.5124906897544861,-0.05973247066140175,0.17072294652462006,-0.6426188945770264,-0.106527179479599,0.0968061089515686,-0.4932413101196289,-0.07364533096551895,0.11499284952878952,-0.44372254610061646,-0.03287331387400627
T,T_session_002,161,0.0,0.0,0.0,-0.14557263255119324,-0.24382108449935913,-0.04019308090209961,-0.19306296110153198,-0.5687124133110046,-0.048273906111717224,-0.14552511274814606,-0.8209177255630493,-0.05973508208990097,-0.09258762001991272,-1.0,-0.054277122020721436,-0.07660353928804398,-0.799437403678894,0.017563803121447563,-0.13770674169063568,-0.9956547617912292,-0.06281542032957077,-0.17948795855045319,-0.8518069386482239,-0.08638768643140793,-0.15411469340324402,-0.8016220331192017,-0.08863155543804169,0.031965263187885284,-0.7295041084289551,0.005907388869673014,-0.017077531665563583,-0.934161901473999,-0.07672847807407379,-0.0837693139910698,-0.6737679243087769,-0.0665903240442276,-0.042242925614118576,-0.6520285606384277,-0.03395606204867363,0.13286755979061127,-0.6249096393585205,-0.024494394659996033,0.08867670595645905,-0.8096293210983276,-0.11679546535015106,0.00457452517002821,-0.555958092212677,-0.07179347425699234,0.03905221447348595,-0.5165979266166687,-0.014036164619028568,0.22798363864421844,-0.5077952742576599,-0.05998346582055092,0.1742279976606369,-0.646615207195282,-0.11142992228269577,0.0975869745016098,-0.49822622537612915,-0.08095534890890121,0.11310411244630814,-0.4480782151222229,-0.04138054698705673
T,T_session_002,162,0.0,0.0,0.0,-0.14144085347652435,-0.24531543254852295,-0.03782477602362633,-0.18698199093341827,-0.5711327195167542,-0.04663955792784691,-0.14181894063949585,-0.8248711824417114,-0.05897638574242592,-0.09160307049751282,-1.0,-0.05546405911445618,-0.06811109930276871,-0.8012382388114929,0.015360127203166485,-0.12790989875793457,-0.9912551045417786,-0.06185106933116913,-0.17402537167072296,-0.8713487386703491,-0.08332181721925735,-0.1520087718963623,-0.8241377472877502,-0.08467542380094528,0.03914545476436615,-0.7310746908187866,0.0025718477554619312,-0.012684651650488377,-0.9322477579116821,-0.07498485594987869,-0.08322373777627945,-0.6828299760818481,-0.06180410832166672,-0.04027046635746956,-0.6592087745666504,-0.028348201885819435,0.1386987268924713,-0.6231471300125122,-0.028467992320656776,0.09103777259588242,-0.8051127195358276,-0.1145702451467514,0.0044515118934214115,-0.5671775341033936,-0.06890153884887695,0.04094169661402702,-0.5271456837654114,-0.013022193685173988,0.23229970037937164,-0.5018464922904968,-0.06468106806278229,0.17445296049118042,-0.6391846537590027,-0.11230938881635666,0.0949598103761673,-0.49820876121520996,-0.0819815844297409,0.11115258932113647,-0.44779297709465027,-0.04399186000227928
T,T_session_002,163,0.0,0.0,0.0,-0.13931909203529358,-0.24522170424461365,-0.03662019222974777,-0.18834251165390015,-0.5696918368339539,-0.04702848196029663,-0.1524074673652649,-0.825145959854126,-0.061508577316999435,-0.09940563142299652,-1.0,-0.05974655598402023,-0.07216040045022964,-0.8048197627067566,0.013736359775066376,-0.13451595604419708,-0.9984186887741089,-0.06455454230308533,-0.17460833489894867,-0.8641048073768616,-0.08452191203832626,-0.14919324219226837,-0.8224694728851318,-0.08534906059503555,0.03688886761665344,-0.7381686568260193,-0.0005557526601478457,-0.016269885003566742,-0.943984866142273,-0.0817413330078125,-0.08154664933681488,-0.6821463704109192,-0.0669294074177742,-0.03738903999328613,-0.6580341458320618,-0.03149314969778061,0.13920557498931885,-0.629368245601654,-0.0327686108648777,0.09014243632555008,-0.8170493841171265,-0.1226164698600769,0.007838616147637367,-0.5667936205863953,-0.07445527613162994,0.045528460294008255,-0.5258023738861084,-0.015991831198334694,0.23491200804710388,-0.5048249363899231,-0.06972973048686981,0.17628856003284454,-0.6427291631698608,-0.1209855005145073,0.09877579659223557,-0.4951590895652771,-0.09051617980003357,0.11567727476358414,-0.44496849179267883,-0.05166751518845558
T,T_session_002,164,0.0,0.0,0.0,-0.1356097161769867,-0.24985261261463165,-0.036923088133335114,-0.1764373779296875,-0.5667272806167603,-0.049575820565223694,-0.13921672105789185,-0.8174176812171936,-0.06559835374355316,-0.09296830743551254,-1.0,-0.06641209870576859,-0.06613985449075699,-0.8001309037208557,0.00817677192389965,-0.1279548853635788,-0.9907392263412476,-0.06971108913421631,-0.17332711815834045,-0.8693804740905762,-0.09113721549510956,-0.15176507830619812,-0.8210536241531372,-0.09333183616399765,0.04313775897026062,-0.73361736536026,-0.00513816624879837,-0.011602519080042839,-0.9369476437568665,-0.08450157195329666,-0.07989485561847687,-0.6809113621711731,-0.07065349817276001,-0.035567425191402435,-0.6491250991821289,-0.0372646264731884,0.14355389773845673,-0.6224334239959717,-0.03570778667926788,0.0938105508685112,-0.8071099519729614,-0.12122510373592377,0.00821870006620884,-0.5666608810424805,-0.07326100766658783,0.045697085559368134,-0.5223357677459717,-0.016949012875556946,0.2349434494972229,-0.4968391954898834,-0.07119335234165192,0.1743616759777069,-0.6299561262130737,-0.11920837312936783,0.09530964493751526,-0.49032503366470337,-0.08915175497531891,0.11216643452644348,-0.4422987699508667,-0.051973626017570496
T,T_session_002,165,0.0,0.0,0.0,-0.1375061422586441,-0.24603739380836487,-0.034187234938144684,-0.18082179129123688,-0.5638607144355774,-0.04314980283379555,-0.14470617473125458,-0.8174833655357361,-0.05628228187561035,-0.09278558939695358,-1.0,-0.05278734862804413,-0.06639938801527023,-0.7854682207107544,0.01381575409322977,-0.13050156831741333,-0.9887082576751709,-0.06466493010520935,-0.17228300869464874,-0.82694011926651,-0.0857129842042923,-0.1463770866394043,-0.7659852504730225,-0.0869779884815216,0.040487006306648254,-0.7180717587471008,0.0013796072453260422,-0.01711064577102661,-0.9203580617904663,-0.07865875214338303,-0.0810915157198906,-0.6627931594848633,-0.06637103110551834,-0.03730756416916847,-0.6346330046653748,-0.034619152545928955,0.1387663632631302,-0.6102065443992615,-0.02837299555540085,0.08804190158843994,-0.8012414574623108,-0.11420230567455292,0.007550267968326807,-0.5579104423522949,-0.06780246645212173,0.04587752744555473,-0.5158228874206543,-0.012471020221710205,0.23010748624801636,-0.49023160338401794,-0.06257178634405136,0.1723940521478653,-0.6308989524841309,-0.10939918458461761,0.09506531059741974,-0.48709362745285034,-0.07958832383155823,0.11161866784095764,-0.4361206591129303,-0.04263635352253914
T,T_session_002,166,0.0,0.0,0.0,-0.13537228107452393,-0.25303515791893005,-0.033886801451444626,-0.17350555956363678,-0.5663397312164307,-0.044899120926856995,-0.13517774641513824,-0.813036322593689,-0.06117516756057739,-0.09412996470928192,-1.0,-0.06271401792764664,-0.05539071187376976,-0.7852140665054321,0.019354231655597687,-0.1209842711687088,-0.9822123646736145,-0.05902983993291855,-0.16695882380008698,-0.8575352430343628,-0.08320271223783493,-0.14754098653793335,-0.8070419430732727,-0.08600486069917679,0.04601717367768288,-0.7195284366607666,0.005539292003959417,-0.011753293685615063,-0.9221358299255371,-0.07179819047451019,-0.07822199910879135,-0.6688644289970398,-0.060068804770708084,-0.03522332012653351,-0.638407826423645,-0.02815263904631138,0.14149148762226105,-0.6144625544548035,-0.02596849389374256,0.08997415751218796,-0.8011284470558167,-0.11095927655696869,0.009399490430951118,-0.5598482489585876,-0.06465798616409302,0.04833763837814331,-0.5152438282966614,-0.008721341378986835,0.22902148962020874,-0.494020015001297,-0.06221720576286316,0.1720549464225769,-0.6329917907714844,-0.10725801438093185,0.09657488018274307,-0.4902741312980652,-0.07494568824768066,0.11595179885625839,-0.4384446144104004,-0.03595123067498207
T,T_session_002,167,0.0,0.0,0.0,-0.14117296040058136,-0.2515127658843994,-0.03720111772418022,-0.18515075743198395,-0.564274251461029,-0.05035395547747612,-0.15009020268917084,-0.8162602782249451,-0.0683923289179802,-0.09915650635957718,-1.0,-0.07043425738811493,-0.06315799057483673,-0.778289258480072,0.02039535716176033,-0.13128478825092316,-0.9730119109153748,-0.05775947868824005,-0.17591668665409088,-0.846815824508667,-0.07870520651340485,-0.1521545797586441,-0.8055199384689331,-0.07909415662288666,0.04024314880371094,-0.7101067900657654,0.008085301145911217,-0.018778910860419273,-0.9146854281425476,-0.07146649807691574,-0.08404728770256042,-0.6563326716423035,-0.057186368852853775,-0.037322431802749634,-0.6341436505317688,-0.021742751821875572,0.13687530159950256,-0.6064690947532654,-0.0227028951048851,0.08456958085298538,-0.7960485816001892,-0.10926423966884613,0.005209872964769602,-0.5526360869407654,-0.06216711550951004,0.04727574810385704,-0.5150138735771179,-0.004454177338629961,0.22532762587070465,-0.48922374844551086,-0.05847155675292015,0.16734352707862854,-0.626065731048584,-0.10242612659931183,0.09326640516519547,-0.48486435413360596,-0.07036278396844864,0.11442707479000092,-0.4372926354408264,-0.031324129551649094
T,T_session_002,168,0.0,0.0,0.0,-0.13318459689617157,-0.2573372721672058,-0.03147244453430176,-0.1752818524837494,-0.5754233002662659,-0.044656433165073395,-0.1375223994255066,-0.8200345039367676,-0.06447391957044601,-0.08345603197813034,-1.0,-0.07020114362239838,-0.05761560797691345,-0.7871666550636292,0.0237888116389513,-0.12544836103916168,-0.9717599749565125,-0.05655722692608833,-0.17432323098182678,-0.8873976469039917,-0.07902529835700989,-0.16168151795864105,-0.8434121012687683,-0.07867902517318726,0.04417561739683151,-0.7244036793708801,0.007525288034230471,-0.015019991435110569,-0.9229986071586609,-0.06963704526424408,-0.08029355853796005,-0.6675500273704529,-0.05193287879228592,-0.034226588904857635,-0.6398757696151733,-0.013408258557319641,0.1428321748971939,-0.6207885146141052,-0.02731994539499283,0.08601217716932297,-0.8011503219604492,-0.11205477267503738,0.007441631052643061,-0.5603299736976624,-0.06181594356894493,0.04890666529536247,-0.5197963714599609,-0.0021724202670156956,0.2324908971786499,-0.49782508611679077,-0.06702689826488495,0.1690724939107895,-0.6339520215988159,-0.1108742356300354,0.09619733691215515,-0.49102672934532166,-0.07628337293863297,0.11908037960529327,-0.43883591890335083,-0.03531991317868233
T,T_session_002,169,0.0,0.0,0.0,-0.14281989634037018,-0.26093214750289917,-0.03233344852924347,-0.18328922986984253,-0.5848152041435242,-0.04032895341515541,-0.14798305928707123,-0.8281360268592834,-0.053458161652088165,-0.09159032255411148,-1.0,-0.05055508390069008,-0.053093165159225464,-0.7888381481170654,0.022802207618951797,-0.12400657683610916,-0.9746720194816589,-0.05504663661122322,-0.17407487332820892,-0.8487309813499451,-0.0760926753282547,-0.1541603058576584,-0.8081331849098206,-0.0767267569899559,0.0492115244269371,-0.7157608270645142,0.008825825527310371,-0.012643331661820412,-0.9207240343093872,-0.070802703499794,-0.08112924546003342,-0.6655325293540955,-0.05746092647314072,-0.032996609807014465,-0.6403829455375671,-0.02259841188788414,0.14546455442905426,-0.607628345489502,-0.023105228319764137,0.08789467811584473,-0.7975197434425354,-0.10767617076635361,0.0042335595935583115,-0.552982747554779,-0.06037714332342148,0.046876728534698486,-0.5143411159515381,-0.002885563764721155,0.2332776039838791,-0.4874538779258728,-0.05975303426384926,0.16857030987739563,-0.6267020106315613,-0.10275523364543915,0.0919959619641304,-0.4862547516822815,-0.07143213599920273,0.11487594991922379,-0.4383520781993866,-0.03325260058045387
T,T_session_002,170,0.0,0.0,0.0,-0.14641471207141876,-0.25029656291007996,-0.035230159759521484,-0.18549910187721252,-0.5765178203582764,-0.042950358241796494,-0.14748618006706238,-0.8242245316505432,-0.054382335394620895,-0.09327326714992523,-1.0,-0.04880645126104355,-0.05999429523944855,-0.7897023558616638,0.015413129702210426,-0.12989357113838196,-0.9795656204223633,-0.06123849004507065,-0.17587794363498688,-0.8330174684524536,-0.08022967725992203,-0.14978796243667603,-0.7916036248207092,-0.08044151961803436,0.04407044127583504,-0.7168709635734558,0.003705083392560482,-0.018574466928839684,-0.9219655990600586,-0.07597710937261581,-0.08753015100955963,-0.6659761071205139,-0.061674922704696655,-0.038873061537742615,-0.6430269479751587,-0.027194274589419365,0.14004354178905487,-0.6074444651603699,-0.025525856763124466,0.08374287933111191,-0.7947622537612915,-0.10895107686519623,-0.0011985821183770895,-0.5507151484489441,-0.06077117845416069,0.042932432144880295,-0.5158081650733948,-0.0040398528799414635,0.22766272723674774,-0.48810985684394836,-0.05971331521868706,0.16510820388793945,-0.6171867251396179,-0.10192351043224335,0.08832106739282608,-0.48063451051712036,-0.07161720097064972,0.11211637407541275,-0.4405965209007263,-0.035031214356422424
T,T_session_002,171,0.0,0.0,0.0,-0.1390513777732849,-0.25477227568626404,-0.03167944401502609,-0.17545092105865479,-0.5726269483566284,-0.04001086950302124,-0.13584940135478973,-0.818727433681488,-0.05341671034693718,-0.08950378745794296,-1.0,-0.05178456753492355,-0.05735868215560913,-0.7791979312896729,0.02210099808871746,-0.12114892154932022,-0.967860758304596,-0.056011028587818146,-0.1709039807319641,-0.8619300127029419,-0.07813868671655655,-0.15443755686283112,-0.8144153952598572,-0.07884202897548676,0.043981440365314484,-0.7101075649261475,0.008578081615269184,-0.015323638916015625,-0.9091569185256958,-0.06767740845680237,-0.08323605358600616,-0.6590245366096497,-0.05264249071478844,-0.03645868971943855,-0.6309354901313782,-0.017787635326385498,0.1392962634563446,-0.6039934158325195,-0.02312060073018074,0.08669954538345337,-0.7895942330360413,-0.10607025772333145,0.003535294206812978,-0.5554536581039429,-0.059184715151786804,0.04440034553408623,-0.5146080851554871,-0.002966727362945676,0.22628377377986908,-0.4845578968524933,-0.059656936675310135,0.16664783656597137,-0.6212245225906372,-0.10291451215744019,0.08902271091938019,-0.48578909039497375,-0.07261711359024048,0.1084224283695221,-0.43792206048965454,-0.03566578030586243
T,T_session_002,172,0.0,0.0,0.0,-0.13898533582687378,-0.25331243872642517,-0.03299015015363693,-0.18037232756614685,-0.5695049166679382,-0.043393854051828384,-0.14401650428771973,-0.8157210946083069,-0.05895198881626129,-0.09650183469057083,-1.0,-0.05903656780719757,-0.06200448051095009,-0.7817255258560181,0.022392412647604942,-0.129482239484787,-0.9630195498466492,-0.05805714800953865,-0.17702122032642365,-0.8545601963996887,-0.08158759027719498,-0.1588519811630249,-0.8128507137298584,-0.08293905854225159,0.03892461583018303,-0.714530348777771,0.00837551150470972,-0.0213453508913517,-0.9123323559761047,-0.0703103095293045,-0.08690588176250458,-0.660110592842102,-0.056165069341659546,-0.039370112121105194,-0.6358863711357117,-0.02104800008237362,0.13462531566619873,-0.6105481386184692,-0.02414540946483612,0.07898058742284775,-0.7877318859100342,-0.10863006114959717,-0.0007587549043819308,-0.5525395274162292,-0.062176864594221115,0.04259011149406433,-0.517978310585022,-0.005540794227272272,0.2220235913991928,-0.49292057752609253,-0.06154748424887657,0.15769462287425995,-0.6210610866546631,-0.10346273332834244,0.08489446341991425,-0.4859156608581543,-0.07221294939517975,0.10964611172676086,-0.44313132762908936,-0.034499507397413254
T,T_session_002,173,0.0,0.0,0.0,-0.14036236703395844,-0.2550014853477478,-0.028602169826626778,-0.18024942278862,-0.57257080078125,-0.03597933426499367,-0.14528407156467438,-0.8170170187950134,-0.048658378422260284,-0.10078875720500946,-1.0,-0.046314749866724014,-0.062028441578149796,-0.7820032835006714,0.021850185468792915,-0.12743955850601196,-0.9675291180610657,-0.05578005686402321,-0.17647460103034973,-0.8506807684898376,-0.07880613952875137,-0.1618531197309494,-0.8058083653450012,-0.08074158430099487,0.038888897746801376,-0.7149693965911865,0.006843700539320707,-0.023831026628613472,-0.9135977625846863,-0.06914719194173813,-0.08920411020517349,-0.6598051190376282,-0.055593520402908325,-0.04292841628193855,-0.6303175687789917,-0.022238904610276222,0.13408121466636658,-0.6097291707992554,-0.025448838248848915,0.07606499642133713,-0.7914647459983826,-0.1062871590256691,-0.00356754707172513,-0.5516451597213745,-0.05929360166192055,0.039568521082401276,-0.5114489793777466,-0.0037431949749588966,0.22049041092395782,-0.4913797974586487,-0.062277987599372864,0.1559535712003708,-0.6211466789245605,-0.10271061956882477,0.08232881873846054,-0.48325371742248535,-0.07100652903318405,0.10656611621379852,-0.4388400912284851,-0.03372533246874809
T,T_session_002,174,0.0,0.0,0.0,-0.14064621925354004,-0.2567453682422638,-0.03190317749977112,-0.18295982480049133,-0.5777012705802917,-0.03939296677708626,-0.1470983773469925,-0.8220587372779846,-0.051386233419179916,-0.09548033773899078,-1.0,-0.047464288771152496,-0.057341087609529495,-0.7898241281509399,0.019376294687390327,-0.12770619988441467,-0.9782284498214722,-0.06038270518183708,-0.1760452687740326,-0.8484408855438232,-0.08434581756591797,-0.1567210555076599,-0.8027532696723938,-0.08686754107475281,0.04470996931195259,-0.7185353636741638,0.005538786295801401,-0.021137328818440437,-0.9176462292671204,-0.07499349117279053,-0.08781224489212036,-0.6614670753479004,-0.0635148286819458,-0.04037601128220558,-0.6330541968345642,-0.030856283381581306,0.14031440019607544,-0.6114634275436401,-0.025999179109930992,0.08122052997350693,-0.7943358421325684,-0.11168991774320602,-0.00024227095127571374,-0.5510216951370239,-0.06598176807165146,0.04450817033648491,-0.5131816267967224,-0.00995593797415495,0.22799052298069,-0.4920061230659485,-0.062083374708890915,0.16397371888160706,-0.6249681711196899,-0.10547634214162827,0.0894191712141037,-0.48395922780036926,-0.07441502809524536,0.11492406576871872,-0.4394875168800354,-0.036738794296979904
T,T_session_002,175,0.0,0.0,0.0,-0.1403971016407013,-0.255339115858078,-0.03200127184391022,-0.1774175763130188,-0.5729202628135681,-0.037624239921569824,-0.14162074029445648,-0.8162673711776733,-0.0469280406832695,-0.09848655760288239,-1.0,-0.040045469999313354,-0.05764924734830856,-0.7853442430496216,0.019318006932735443,-0.1242445558309555,-0.9692927002906799,-0.057142551988363266,-0.17097501456737518,-0.8286771178245544,-0.08070269227027893,-0.14980436861515045,-0.7865911722183228,-0.08465363830327988,0.044795162975788116,-0.7141692638397217,0.007080769166350365,-0.019158629700541496,-0.9101551175117493,-0.07200942933559418,-0.08617623150348663,-0.6590934991836548,-0.06315629184246063,-0.040703628212213516,-0.6312610507011414,-0.03375062718987465,0.13868045806884766,-0.6062062382698059,-0.022193988785147667,0.08257976174354553,-0.7882984280586243,-0.10535261780023575,0.0006943630869500339,-0.5502598881721497,-0.0616132952272892,0.04332709312438965,-0.5122660398483276,-0.008237740956246853,0.22345423698425293,-0.4895344376564026,-0.05600481107831001,0.16325485706329346,-0.6163490414619446,-0.09792239218950272,0.08811040967702866,-0.4793762266635895,-0.06871523708105087,0.11118026077747345,-0.43813031911849976,-0.03327416256070137
T,T_session_002,176,0.0,0.0,0.0,-0.14214113354682922,-0.24857044219970703,-0.03310484439134598,-0.18185687065124512,-0.5710701942443848,-0.03930224850773811,-0.14611878991127014,-0.8153615593910217,-0.049556199461221695,-0.10190961509943008,-1.0,-0.04343001917004585,-0.060958340764045715,-0.7838587164878845,0.01836664229631424,-0.12651759386062622,-0.9738316535949707,-0.05964455381035805,-0.1744481325149536,-0.8282884955406189,-0.08298362046480179,-0.15664717555046082,-0.7794094681739807,-0.08592841774225235,0.040812648832798004,-0.7154911160469055,0.005252236500382423,-0.022264741361141205,-0.9115718603134155,-0.07483162730932236,-0.08853562921285629,-0.6574996113777161,-0.06533434242010117,-0.043828800320625305,-0.6304647326469421,-0.034971483051776886,0.1355735957622528,-0.6097139120101929,-0.025280900299549103,0.07912889868021011,-0.7875489592552185,-0.11068282276391983,-0.00040057950536720455,-0.5461974143981934,-0.06661645323038101,0.042213261127471924,-0.5109898447990417,-0.012413754127919674,0.2224370241165161,-0.49282950162887573,-0.06035269424319267,0.1618722677230835,-0.6220623850822449,-0.10439836978912354,0.0884019136428833,-0.48180100321769714,-0.07436344027519226,0.1115962415933609,-0.4391537606716156,-0.03781017288565636
T,T_session_002,177,0.0,0.0,0.0,-0.1426977515220642,-0.25481536984443665,-0.033311016857624054,-0.18202167749404907,-0.576827883720398,-0.03888804465532303,-0.14743636548519135,-0.8191562294960022,-0.04804348945617676,-0.1073988601565361,-1.0,-0.041131921112537384,-0.06644085049629211,-0.7941301465034485,0.0192344281822443,-0.13017421960830688,-0.9810376167297363,-0.0555444061756134,-0.1747974455356598,-0.8375229239463806,-0.07780423760414124,-0.15387161076068878,-0.7933451533317566,-0.08111608773469925,0.036385323852300644,-0.7280521392822266,0.007022212725132704,-0.025400636717677116,-0.9234243035316467,-0.07080328464508057,-0.08973117917776108,-0.6683955788612366,-0.060902781784534454,-0.0445827841758728,-0.6394956111907959,-0.030692467465996742,0.1320231854915619,-0.6231432557106018,-0.02228492870926857,0.07671970874071121,-0.8015686869621277,-0.10552049428224564,-0.0025075406301766634,-0.5585118532180786,-0.06112733483314514,0.03896769881248474,-0.5187305808067322,-0.007267302367836237,0.21921922266483307,-0.5063999891281128,-0.056268513202667236,0.15935516357421875,-0.6336891055107117,-0.09962805360555649,0.08591081202030182,-0.4925931394100189,-0.0697145089507103,0.1077599972486496,-0.4485663175582886,-0.03338645398616791
T,T_session_002,178,0.0,0.0,0.0,-0.14770826697349548,-0.2499283403158188,-0.033268313854932785,-0.18964533507823944,-0.5764793753623962,-0.03813312575221062,-0.15057234466075897,-0.8219120502471924,-0.04665824770927429,-0.10924053937196732,-1.0,-0.03934275358915329,-0.07513215392827988,-0.7871071696281433,0.018795199692249298,-0.13487711548805237,-0.9834793210029602,-0.05572567880153656,-0.17526759207248688,-0.8408496379852295,-0.07610882818698883,-0.15558049082756042,-0.7877561450004578,-0.07707563042640686,0.02850405126810074,-0.7242519855499268,0.005758586339652538,-0.027782732620835304,-0.9242390990257263,-0.07177544385194778,-0.08958486467599869,-0.6690930128097534,-0.06079499423503876,-0.048545755445957184,-0.6377406120300293,-0.029134158045053482,0.12599389255046844,-0.6233589053153992,-0.02449580281972885,0.07458406686782837,-0.8031499981880188,-0.10992768406867981,-0.0024740693625062704,-0.5561051964759827,-0.06543624401092529,0.03401731699705124,-0.5146052837371826,-0.010443844832479954,0.21657422184944153,-0.5083118081092834,-0.05918710678815842,0.15762972831726074,-0.6397690176963806,-0.10647457093000412,0.08650780469179153,-0.4921097755432129,-0.07644759118556976,0.10598400235176086,-0.4439335763454437,-0.03893910348415375
T,T_session_002,179,0.0,0.0,0.0,-0.1476421058177948,-0.24767658114433289,-0.03337438032031059,-0.1902187615633011,-0.5828036069869995,-0.03825791925191879,-0.1484028697013855,-0.828542172908783,-0.04738618806004524,-0.10746504366397858,-1.0,-0.039919719099998474,-0.07192398607730865,-0.7940942645072937,0.022160788998007774,-0.13350793719291687,-0.9800704717636108,-0.0529528371989727,-0.17002025246620178,-0.8224242925643921,-0.07412263005971909,-0.14723730087280273,-0.7702257037162781,-0.0753815770149231,0.030731894075870514,-0.7300959825515747,0.008601943030953407,-0.02351672761142254,-0.919906735420227,-0.06933677196502686,-0.08497674018144608,-0.6627597212791443,-0.05958971008658409,-0.047137390822172165,-0.6410127282142639,-0.02840062603354454,0.12689846754074097,-0.6286313533782959,-0.022472096607089043,0.07649227231740952,-0.7976086139678955,-0.10802575200796127,-0.0005193033721297979,-0.5467351078987122,-0.06448950618505478,0.03365945816040039,-0.5113347768783569,-0.009790917858481407,0.21638916432857513,-0.5161486864089966,-0.05813233181834221,0.15784935653209686,-0.6383864283561707,-0.10387412458658218,0.08668631315231323,-0.48923882842063904,-0.07339722663164139,0.10474346578121185,-0.4462466239929199,-0.03548366576433182
T,T_session_002,180,0.0,0.0,0.0,-0.1479760855436325,-0.23872216045856476,-0.03898627683520317,-0.19498257339000702,-0.5726608037948608,-0.04599827155470848,-0.151936337351799,-0.8248547911643982,-0.056487344205379486,-0.1131121888756752,-0.99897700548172,-0.050074197351932526,-0.08372972905635834,-0.8026425242424011,0.017814598977565765,-0.136890709400177,-1.0,-0.060589954257011414,-0.17415772378444672,-0.8591873049736023,-0.08299332112073898,-0.154423326253891,-0.8013327121734619,-0.08453721553087234,0.022335980087518692,-0.741551399230957,0.004305908922106028,-0.02357793040573597,-0.9386226534843445,-0.07797940075397491,-0.08484800904989243,-0.6792693138122559,-0.06906865537166595,-0.048782747238874435,-0.6519573926925659,-0.03717951476573944,0.122713103890419,-0.6413429379463196,-0.02769949473440647,0.07960870862007141,-0.8135160803794861,-0.11995625495910645,0.001522534410469234,-0.5606842041015625,-0.07657604664564133,0.031031953170895576,-0.5210607647895813,-0.02022104524075985,0.2167009562253952,-0.5245829820632935,-0.06471281498670578,0.16332781314849854,-0.653720498085022,-0.11837874352931976,0.09090297669172287,-0.5031592845916748,-0.0894504189491272,0.10344576835632324,-0.45502039790153503,-0.05097150802612305
T,T_session_002,181,0.0,0.0,0.0,-0.1396453082561493,-0.2421056628227234,-0.03917822241783142,-0.1861959993839264,-0.5622056722640991,-0.05330642685294151,-0.14421764016151428,-0.8139604330062866,-0.07248587906360626,-0.10931403189897537,-1.0,-0.07739759981632233,-0.08183912187814713,-0.7935677766799927,0.019076645374298096,-0.12747125327587128,-0.9747055768966675,-0.06023433431982994,-0.16581587493419647,-0.9030267000198364,-0.08509134501218796,-0.1518193632364273,-0.8799594044685364,-0.08836031705141068,0.024915223941206932,-0.733213484287262,0.002458747709169984,-0.014449811540544033,-0.9315640330314636,-0.08089108765125275,-0.07780225574970245,-0.6801536083221436,-0.07197268307209015,-0.045027025043964386,-0.6610905528068542,-0.038495615124702454,0.12659898400306702,-0.6357421278953552,-0.03275797516107559,0.08482799679040909,-0.8049959540367126,-0.12687237560749054,0.00718256551772356,-0.5614516735076904,-0.0837303176522255,0.035171154886484146,-0.5244636535644531,-0.026211177930235863,0.22105620801448822,-0.5197034478187561,-0.07312890142202377,0.16704827547073364,-0.6455591917037964,-0.1258568912744522,0.09481387585401535,-0.5012919902801514,-0.0949566513299942,0.10679697245359421,-0.4525708854198456,-0.05495044216513634
T,T_session_002,182,0.0,0.0,0.0,-0.14408904314041138,-0.2225598692893982,-0.04062853753566742,-0.19239819049835205,-0.5464588403701782,-0.054917111992836,-0.14547882974147797,-0.8107579350471497,-0.07288749516010284,-0.10673889517784119,-1.0,-0.07693268358707428,-0.09671223908662796,-0.7805092930793762,0.011409753933548927,-0.14331816136837006,-0.9686917066574097,-0.06443818658590317,-0.1758524477481842,-0.8976375460624695,-0.08169473707675934,-0.15868817269802094,-0.8563146591186523,-0.07889536023139954,0.013865330256521702,-0.7275649309158325,-0.0035502174869179726,-0.025422682985663414,-0.9385640025138855,-0.0840640515089035,-0.08433005213737488,-0.6854366064071655,-0.0680832490324974,-0.05136336013674736,-0.6525042653083801,-0.029116515070199966,0.11890119314193726,-0.6331418752670288,-0.03670172020792961,0.0809820145368576,-0.8078190088272095,-0.12904870510101318,0.004270689096301794,-0.5645012855529785,-0.08105643838644028,0.02697821892797947,-0.5185354351997375,-0.020451093092560768,0.21805648505687714,-0.5158965587615967,-0.07492247223854065,0.16696463525295258,-0.6491257548332214,-0.12978987395763397,0.09635144472122192,-0.500747799873352,-0.09840735048055649,0.10338620096445084,-0.4455830156803131,-0.05774615332484245
T,T_session_002,183,0.0,0.0,0.0,-0.1354815810918808,-0.2244962453842163,-0.050300877541303635,-0.18252885341644287,-0.5431883931159973,-0.070074163377285,-0.14653852581977844,-0.807928740978241,-0.09312951564788818,-0.12417078018188477,-1.0,-0.10013387352228165,-0.08896428346633911,-0.7940581440925598,0.01142234168946743,-0.13078828155994415,-0.9734528660774231,-0.06808221340179443,-0.1611311435699463,-0.8298841714859009,-0.09004662930965424,-0.1342768669128418,-0.7878909707069397,-0.09124564379453659,0.022903354838490486,-0.7308281064033508,0.0011083318386226892,-0.010657383129000664,-0.9279279112815857,-0.08139193803071976,-0.07447689026594162,-0.6677860617637634,-0.07199189811944962,-0.04304305464029312,-0.6574100255966187,-0.03888661786913872,0.12613122165203094,-0.6314395666122437,-0.02853161096572876,0.09427650272846222,-0.7999939322471619,-0.1195036917924881,0.012695729732513428,-0.5530082583427429,-0.07568240910768509,0.036479804664850235,-0.5191787481307983,-0.018741384148597717,0.22229880094528198,-0.519730806350708,-0.0642055869102478,0.17740866541862488,-0.6448199152946472,-0.11201835423707962,0.10508465021848679,-0.500175952911377,-0.08051280677318573,0.11442705243825912,-0.4544479250907898,-0.04090401902794838
T,T_session_002,184,0.0,0.0,0.0,-0.1390289068222046,-0.21510201692581177,-0.047718655318021774,-0.19435559213161469,-0.5325045585632324,-0.06961909681558609,-0.15241126716136932,-0.8005104660987854,-0.09582563489675522,-0.11273330450057983,-1.0,-0.10766036063432693,-0.0997777134180069,-0.7856111526489258,0.010038320906460285,-0.1404060572385788,-0.9777670502662659,-0.07439225912094116,-0.17713035643100739,-0.9344300627708435,-0.0968494862318039,-0.16949692368507385,-0.888917088508606,-0.0945792943239212,0.01068451814353466,-0.729668915271759,-0.0033846867736428976,-0.01775296777486801,-0.9386783838272095,-0.090430848300457,-0.08074718713760376,-0.6824002861976624,-0.07632571458816528,-0.05448451638221741,-0.6538345813751221,-0.036059390753507614,0.11772926896810532,-0.637844979763031,-0.03644166886806488,0.09008650481700897,-0.8051329255104065,-0.13522130250930786,0.0120036406442523,-0.5600132346153259,-0.08569658547639847,0.027223242446780205,-0.5138180255889893,-0.021322742104530334,0.21851970255374908,-0.522693932056427,-0.0753721296787262,0.17910520732402802,-0.6569362282752991,-0.13240507245063782,0.10709944367408752,-0.5075725317001343,-0.0979895070195198,0.10692752152681351,-0.45118963718414307,-0.05349072813987732
T,T_session_002,185,0.0,0.0,0.0,-0.13613343238830566,-0.20455016195774078,-0.047859784215688705,-0.1891566962003708,-0.5306840538978577,-0.061866119503974915,-0.14279599487781525,-0.8037030696868896,-0.07840460538864136,-0.11047229915857315,-1.0,-0.07858134061098099,-0.1091366708278656,-0.7881569266319275,0.012611339800059795,-0.14489564299583435,-0.9767488241195679,-0.06836894154548645,-0.17852364480495453,-0.8970665335655212,-0.0905626118183136,-0.16310490667819977,-0.8468688130378723,-0.09002392739057541,0.006040958222001791,-0.7299394011497498,0.0025781721342355013,-0.015902409330010414,-0.9297225475311279,-0.08090518414974213,-0.07853557169437408,-0.6770188808441162,-0.06905288249254227,-0.05287793651223183,-0.657805323600769,-0.03318042308092117,0.11314880102872849,-0.6373327970504761,-0.027095315977931023,0.09336091578006744,-0.8047357797622681,-0.12014450877904892,0.013263648375868797,-0.5609059929847717,-0.07241802662611008,0.029230067506432533,-0.5209378004074097,-0.01205100491642952,0.21543030440807343,-0.5297947525978088,-0.06294123828411102,0.18035519123077393,-0.6568828821182251,-0.11503441631793976,0.10672787576913834,-0.5107020139694214,-0.08270545303821564,0.10637573152780533,-0.46289247274398804,-0.041583094745874405
T,T_session_002,186,0.0,0.0,0.0,-0.1410357654094696,-0.20385318994522095,-0.0521736703813076,-0.1983904391527176,-0.5254930257797241,-0.06849435716867447,-0.144663468003273,-0.7996001839637756,-0.08656124025583267,-0.10355308651924133,-1.0,-0.08848121017217636,-0.12806390225887299,-0.7771360874176025,0.010356158018112183,-0.16939353942871094,-0.9655774831771851,-0.07429365813732147,-0.19428567588329315,-0.9235603213310242,-0.09556016325950623,-0.17461952567100525,-0.8928032517433167,-0.09180067479610443,-0.008742979727685452,-0.7266189455986023,0.0005766866379417479,-0.026475444436073303,-0.937477707862854,-0.08673588186502457,-0.08135204762220383,-0.6752937436103821,-0.07077477872371674,-0.05699727311730385,-0.6596375703811646,-0.027683591470122337,0.10354375094175339,-0.6438018679618835,-0.02988061122596264,0.08510718494653702,-0.808927595615387,-0.12970849871635437,0.014165464788675308,-0.5528155565261841,-0.07986047863960266,0.0284721776843071,-0.5219225287437439,-0.013594054616987705,0.20899376273155212,-0.5400956869125366,-0.06659344583749771,0.17902447283267975,-0.669699490070343,-0.11937155574560165,0.11641541123390198,-0.5152469277381897,-0.08184225857257843,0.1189533993601799,-0.46693482995033264,-0.034906864166259766
T,T_session_002,187,0.0,0.0,0.0,-0.13475802540779114,-0.21747556328773499,-0.04672876372933388,-0.18638746440410614,-0.525761604309082,-0.06427150964736938,-0.14213040471076965,-0.7950403094291687,-0.0859052985906601,-0.11556240171194077,-1.0,-0.09268064051866531,-0.11812373250722885,-0.78174889087677,0.02007218822836876,-0.15552067756652832,-0.9616066217422485,-0.061953019350767136,-0.1792949140071869,-0.8792418241500854,-0.0880466178059578,-0.15546861290931702,-0.8527638912200928,-0.09015464782714844,0.0005319606279954314,-0.7277291417121887,0.007710095960646868,-0.021402640268206596,-0.9326866865158081,-0.0781550481915474,-0.07730862498283386,-0.67946857213974,-0.07060673832893372,-0.054834846407175064,-0.6697704195976257,-0.035608161240816116,0.11062285304069519,-0.6406506299972534,-0.024271536618471146,0.09042121469974518,-0.8061336874961853,-0.11916758865118027,0.01778382621705532,-0.5608972907066345,-0.07564165443181992,0.03330857306718826,-0.5300037860870361,-0.01566028594970703,0.21382302045822144,-0.5362272262573242,-0.06201029196381569,0.1812731921672821,-0.6670741438865662,-0.1103634387254715,0.11775147914886475,-0.520183801651001,-0.07554424554109573,0.12470732629299164,-0.4734432101249695,-0.03179856389760971
T,T_session_002,188,0.0,0.0,0.0,-0.13865545392036438,-0.20334622263908386,-0.05531204119324684,-0.19949890673160553,-0.5225887298583984,-0.07012198120355606,-0.15425628423690796,-0.8014612793922424,-0.08520127832889557,-0.11603522300720215,-1.0,-0.08154648542404175,-0.13630066812038422,-0.7817762494087219,0.012538251467049122,-0.16985337436199188,-0.9639577269554138,-0.07133614271879196,-0.18512040376663208,-0.8531123995780945,-0.09366600215435028,-0.1561465859413147,-0.8282869458198547,-0.09238138794898987,-0.014381046406924725,-0.7276423573493958,0.006019145715981722,-0.027397889643907547,-0.936471700668335,-0.0820959135890007,-0.07814324647188187,-0.6723507046699524,-0.07231881469488144,-0.05676477029919624,-0.6754046678543091,-0.03495610132813454,0.09974228590726852,-0.6459189057350159,-0.021095477044582367,0.08878293633460999,-0.8102014064788818,-0.12014017254114151,0.01801251247525215,-0.5508084297180176,-0.07566782832145691,0.030930062755942345,-0.5315031409263611,-0.01366467960178852,0.2092180699110031,-0.5493167042732239,-0.05440196022391319,0.18543770909309387,-0.6762494444847107,-0.10533640533685684,0.12109525501728058,-0.5173140168190002,-0.0708698257803917,0.1219194307923317,-0.4744401276111603,-0.02653835155069828
T,T_session_002,189,0.0,0.0,0.0,-0.13334016501903534,-0.20094890892505646,-0.04801559820771217,-0.18797709047794342,-0.5134395956993103,-0.06458888202905655,-0.14364297688007355,-0.7892360091209412,-0.08455512672662735,-0.1127995178103447,-1.0,-0.08771337568759918,-0.12857474386692047,-0.7743858695030212,0.020737217739224434,-0.16576699912548065,-0.9589534997940063,-0.06248358637094498,-0.18308770656585693,-0.852056086063385,-0.08673100918531418,-0.1563798487186432,-0.8101941347122192,-0.0861809253692627,-0.009441116824746132,-0.7268182635307312,0.010346518829464912,-0.02782811038196087,-0.9323520064353943,-0.07617204636335373,-0.07723743468523026,-0.6703943610191345,-0.06828693300485611,-0.05444953963160515,-0.6611822247505188,-0.03246889263391495,0.10180654376745224,-0.6448811888694763,-0.01995043456554413,0.08501511067152023,-0.8094123005867004,-0.1155567318201065,0.01755972020328045,-0.5545806288719177,-0.07101690769195557,0.033409781754016876,-0.5271130204200745,-0.0097661092877388,0.2065545618534088,-0.5479617118835449,-0.05594823136925697,0.17779572308063507,-0.6779916286468506,-0.10446421056985855,0.11536680907011032,-0.5215237736701965,-0.06898411363363266,0.12001833319664001,-0.475498765707016,-0.024225538596510887
T,T_session_002,190,0.0,0.0,0.0,-0.1359674632549286,-0.19042059779167175,-0.05254940316081047,-0.19638222455978394,-0.5050223469734192,-0.06843232363462448,-0.156916081905365,-0.7876220941543579,-0.0857071653008461,-0.12239781767129898,-1.0,-0.08393079042434692,-0.12999264895915985,-0.7810184955596924,0.01280900277197361,-0.15987539291381836,-0.9748002886772156,-0.07283670455217361,-0.17635686695575714,-0.8075875639915466,-0.0984085202217102,-0.1511509269475937,-0.7536930441856384,-0.09997974336147308,-0.01204144861549139,-0.728882372379303,0.005067090969532728,-0.027864910662174225,-0.9363800287246704,-0.08472099900245667,-0.07764685899019241,-0.6627185344696045,-0.0815863087773323,-0.05580984428524971,-0.6548448801040649,-0.051204342395067215,0.09816727787256241,-0.6458621621131897,-0.022314278408885002,0.08624615520238876,-0.8157845735549927,-0.12055914103984833,0.015595406293869019,-0.5480523705482483,-0.07786867022514343,0.0297407079488039,-0.5212064385414124,-0.019162219017744064,0.20366567373275757,-0.5530635714530945,-0.05543994903564453,0.17706137895584106,-0.6809194684028625,-0.10682187229394913,0.11228138208389282,-0.5137844085693359,-0.073313407599926,0.11486362665891647,-0.4673694372177124,-0.030584190040826797
T,T_session_002,191,0.0,0.0,0.0,-0.13112318515777588,-0.20436741411685944,-0.04852769523859024,-0.18798772990703583,-0.5073555707931519,-0.06719592958688736,-0.14355894923210144,-0.784469723701477,-0.08986499160528183,-0.10683783888816833,-1.0,-0.0957101508975029,-0.12418972700834274,-0.7714948058128357,0.021186115220189095,-0.15915003418922424,-0.9704867005348206,-0.06903966516256332,-0.1836950033903122,-0.8713694214820862,-0.09866674989461899,-0.16541866958141327,-0.8163238167762756,-0.09989926218986511,-0.008401664905250072,-0.7189311981201172,0.010510135442018509,-0.025141486898064613,-0.9314901828765869,-0.08142739534378052,-0.07761792838573456,-0.6721028685569763,-0.07750328630208969,-0.056526850908994675,-0.6604723930358887,-0.04393792152404785,0.10061909258365631,-0.637728750705719,-0.020711775869131088,0.0868292972445488,-0.8137688636779785,-0.12180984020233154,0.016823284327983856,-0.5602119565010071,-0.07953241467475891,0.030024420469999313,-0.5308055281639099,-0.018679993227124214,0.20323403179645538,-0.5435640215873718,-0.057556554675102234,0.1770009845495224,-0.6838335394859314,-0.10992923378944397,0.11162905395030975,-0.5234771966934204,-0.07537252455949783,0.11276128888130188,-0.4698880910873413,-0.030532725155353546
T,T_session_002,192,0.0,0.0,0.0,-0.1325809806585312,-0.1886148750782013,-0.05178209766745567,-0.19324594736099243,-0.5004327297210693,-0.07034989446401596,-0.1528426557779312,-0.7831249833106995,-0.09151686728000641,-0.1215297281742096,-1.0,-0.09521374851465225,-0.13581538200378418,-0.7682253122329712,0.012072986923158169,-0.1683211475610733,-0.9639519453048706,-0.0778483897447586,-0.18099066615104675,-0.8350987434387207,-0.10567613691091537,-0.15742875635623932,-0.7871459126472473,-0.10662170499563217,-0.019460847601294518,-0.7201960682868958,0.002108868444338441,-0.030899865552783012,-0.9309103488922119,-0.09153079241514206,-0.07656367868185043,-0.6652494668960571,-0.08804301917552948,-0.06043567135930061,-0.6593886613845825,-0.0550740621984005,0.0921255573630333,-0.6434687376022339,-0.027783973142504692,0.0845777839422226,-0.8139750361442566,-0.13240723311901093,0.018103737384080887,-0.5511434078216553,-0.09104549139738083,0.02448722906410694,-0.5264025330543518,-0.03063177317380905,0.19830475747585297,-0.5533758401870728,-0.06297295540571213,0.1773194521665573,-0.6861112117767334,-0.11962733417749405,0.11519178748130798,-0.5174646377563477,-0.08613266795873642,0.11151595413684845,-0.46591803431510925,-0.04169273003935814
T,T_session_002,193,0.0,0.0,0.0,-0.13090404868125916,-0.19380249083042145,-0.05442279577255249,-0.19403335452079773,-0.4917578399181366,-0.07864522933959961,-0.15538917481899261,-0.7775058746337891,-0.10570111125707626,-0.11233603209257126,-1.0,-0.11599299311637878,-0.142011821269989,-0.7639062404632568,0.010663099586963654,-0.1802104413509369,-0.9598593711853027,-0.08382361382246017,-0.1930416226387024,-0.868563175201416,-0.1146569475531578,-0.16662189364433289,-0.824903130531311,-0.11669593304395676,-0.023332219570875168,-0.7199485301971436,0.0003833059163298458,-0.03523842617869377,-0.9371145963668823,-0.09815133363008499,-0.0801679715514183,-0.6742162704467773,-0.09548893570899963,-0.06371129304170609,-0.6654236316680908,-0.06135183572769165,0.08995933085680008,-0.6466496586799622,-0.030501144006848335,0.08099152892827988,-0.8172820806503296,-0.14007854461669922,0.015887141227722168,-0.5558685660362244,-0.09868405759334564,0.023428766056895256,-0.5297651290893555,-0.036079924553632736,0.19631987810134888,-0.5552176237106323,-0.06690672039985657,0.17533549666404724,-0.6961182355880737,-0.1254255622625351,0.11367851495742798,-0.5273367166519165,-0.09107434004545212,0.11040960252285004,-0.4710204601287842,-0.04494420811533928
T,T_session_002,194,0.0,0.0,0.0,-0.1358112394809723,-0.19279745221138,-0.05412235110998154,-0.19674992561340332,-0.49962079524993896,-0.07252827286720276,-0.15335917472839355,-0.7819966673851013,-0.09287091344594955,-0.11802271753549576,-1.0,-0.09549069404602051,-0.14399804174900055,-0.7681218981742859,0.016141407191753387,-0.18171453475952148,-0.9566627144813538,-0.0767037644982338,-0.1910717934370041,-0.8277440071105957,-0.10827021300792694,-0.16193999350070953,-0.784791111946106,-0.11143925040960312,-0.023458516225218773,-0.7217400670051575,0.007335779257118702,-0.03802180290222168,-0.9323987364768982,-0.08893290162086487,-0.08238347619771957,-0.6652238368988037,-0.08835004270076752,-0.06444656103849411,-0.6634156703948975,-0.056541990488767624,0.08874039351940155,-0.6456620097160339,-0.022353598847985268,0.07819563895463943,-0.8108965754508972,-0.12921932339668274,0.013064085505902767,-0.5465378165245056,-0.09011778980493546,0.023610394448041916,-0.5294288396835327,-0.029866406694054604,0.19489602744579315,-0.5561819672584534,-0.0576348677277565,0.1715465635061264,-0.6874154210090637,-0.11355191469192505,0.11079230904579163,-0.5176028609275818,-0.0802072137594223,0.11108075827360153,-0.47025227546691895,-0.0353570319712162
T,T_session_002,195,0.0,0.0,0.0,-0.13218620419502258,-0.1881219446659088,-0.049550626426935196,-0.19315692782402039,-0.4972057640552521,-0.067741759121418,-0.15100613236427307,-0.7820553183555603,-0.08883140236139297,-0.11692725867033005,-1.0,-0.0941978320479393,-0.13939747214317322,-0.7617530822753906,0.014091208577156067,-0.17800480127334595,-0.9503240585327148,-0.07527745515108109,-0.19396774470806122,-0.866032063961029,-0.10403871536254883,-0.16810397803783417,-0.8298313617706299,-0.10601504892110825,-0.021182887256145477,-0.7183488607406616,0.0026291979011148214,-0.03581462427973747,-0.9326353669166565,-0.09162673354148865,-0.08296019583940506,-0.6725698709487915,-0.08797420561313629,-0.06484272330999374,-0.6620093584060669,-0.05397520586848259,0.09050710499286652,-0.6436967253684998,-0.028619829565286636,0.07834918051958084,-0.8144180774688721,-0.13243380188941956,0.013023586943745613,-0.5569413304328918,-0.09010832756757736,0.023984447121620178,-0.5316291451454163,-0.02850900962948799,0.19637997448444366,-0.5533450841903687,-0.06530115753412247,0.17258989810943604,-0.6908503770828247,-0.12041782587766647,0.11284413933753967,-0.5254811644554138,-0.08591759949922562,0.11492014676332474,-0.47399747371673584,-0.040667153894901276
T,T_session_002,196,0.0,0.0,0.0,-0.12846817076206207,-0.17983326315879822,-0.056881655007600784,-0.19091464579105377,-0.4884796142578125,-0.07953750342130661,-0.15519249439239502,-0.7770906686782837,-0.10348126292228699,-0.12033215165138245,-1.0,-0.10915045440196991,-0.14729635417461395,-0.7648845911026001,0.005074802320450544,-0.18122625350952148,-0.9628717303276062,-0.08907845616340637,-0.18816716969013214,-0.8289453983306885,-0.11801460385322571,-0.15983784198760986,-0.7725226879119873,-0.11883384734392166,-0.027593862265348434,-0.7237340807914734,-0.003097386797890067,-0.03997459635138512,-0.9376504421234131,-0.10012290626764297,-0.08122514188289642,-0.6681116819381714,-0.0965629294514656,-0.06369805335998535,-0.6634390950202942,-0.06274276226758957,0.08640167862176895,-0.6508345007896423,-0.03168407455086708,0.07778282463550568,-0.8148990869522095,-0.13775326311588287,0.01569363847374916,-0.5508366823196411,-0.09467430412769318,0.025291310623288155,-0.5341042876243591,-0.03272184357047081,0.19516612589359283,-0.5633505582809448,-0.06613407284021378,0.17286796867847443,-0.6911783814430237,-0.12221404910087585,0.11505483090877533,-0.5205609798431396,-0.0874592736363411,0.11519875377416611,-0.4745795726776123,-0.041992586106061935
T,T_session_002,197,0.0,0.0,0.0,-0.12993648648262024,-0.19832877814769745,-0.05287779122591019,-0.19361218810081482,-0.49387773871421814,-0.0755486786365509,-0.15670379996299744,-0.777965247631073,-0.10112036019563675,-0.12038104981184006,-1.0,-0.11019427329301834,-0.14240431785583496,-0.7701448798179626,0.013739632442593575,-0.17965497076511383,-0.9615691304206848,-0.07944781333208084,-0.19444487988948822,-0.8682405948638916,-0.11201409995555878,-0.16860157251358032,-0.8297683000564575,-0.11637282371520996,-0.023327311500906944,-0.7273805737495422,0.0026847776025533676,-0.03582940250635147,-0.9429523944854736,-0.09499954432249069,-0.08128160983324051,-0.6795876026153564,-0.09461680054664612,-0.0645342767238617,-0.6710638403892517,-0.06260210275650024,0.08924312144517899,-0.6541416645050049,-0.02864505909383297,0.07860518991947174,-0.8229737281799316,-0.13468830287456512,0.014562704600393772,-0.5649678707122803,-0.09388638287782669,0.02540077082812786,-0.5430053472518921,-0.03290393948554993,0.19603531062602997,-0.5638108253479004,-0.0657191351056099,0.1733175814151764,-0.6983709931373596,-0.12054182589054108,0.11473695188760757,-0.5333839058876038,-0.08571283519268036,0.11767055839300156,-0.48496440052986145,-0.0401029959321022
T,T_session_002,198,0.0,0.0,0.0,-0.1273452341556549,-0.18817177414894104,-0.05497976019978523,-0.19142338633537292,-0.4882623553276062,-0.08018279075622559,-0.15937751531600952,-0.7747424840927124,-0.10827364027500153,-0.12431468069553375,-1.0,-0.11925990879535675,-0.1472093015909195,-0.7642680406570435,0.010430341586470604,-0.18485960364341736,-0.9605950117111206,-0.08248963207006454,-0.1939130425453186,-0.8511282205581665,-0.1114300861954689,-0.163821741938591,-0.7995433807373047,-0.11217591166496277,-0.02808450534939766,-0.7257423996925354,0.0008340944186784327,-0.0406162329018116,-0.9408227801322937,-0.09376285970211029,-0.08227603882551193,-0.6753963828086853,-0.08855531364679337,-0.06454937160015106,-0.6681824326515198,-0.053442563861608505,0.08600450307130814,-0.6538926959037781,-0.029305802658200264,0.07549159228801727,-0.8198577165603638,-0.13327361643314362,0.013647105544805527,-0.5599290132522583,-0.0897011086344719,0.022997869178652763,-0.5357517004013062,-0.027286112308502197,0.19457504153251648,-0.5644431114196777,-0.06535198539495468,0.16928936541080475,-0.69660484790802,-0.11911933869123459,0.11086611449718475,-0.5309798717498779,-0.08355709165334702,0.11036869138479233,-0.48036348819732666,-0.03762265667319298
T,T_session_002,199,0.0,0.0,0.0,-0.1284242570400238,-0.1886299103498459,-0.054680414497852325,-0.19003193080425262,-0.48793840408325195,-0.07817137241363525,-0.1526515632867813,-0.7756827473640442,-0.1035676822066307,-0.11800119280815125,-1.0,-0.11222098022699356,-0.14835225045681,-0.7628596425056458,0.0064951712265610695,-0.18380483984947205,-0.9610299468040466,-0.08582114428281784,-0.19548937678337097,-0.868198812007904,-0.11507169902324677,-0.1682705581188202,-0.8152636289596558,-0.11642568558454514,-0.02755594439804554,-0.7226889729499817,-0.0030278663616627455,-0.03702733665704727,-0.9375402927398682,-0.09837962687015533,-0.08035271614789963,-0.6739616394042969,-0.09458160400390625,-0.06453985720872879,-0.6612374186515808,-0.06094788759946823,0.08643576502799988,-0.649847149848938,-0.03255576267838478,0.07987445592880249,-0.8175547122955322,-0.1374031901359558,0.016611965373158455,-0.5584565997123718,-0.0942581444978714,0.02444850653409958,-0.5336756110191345,-0.032495975494384766,0.19430041313171387,-0.5599396824836731,-0.06786640733480453,0.17460155487060547,-0.695697009563446,-0.12344364076852798,0.11659955978393555,-0.5291266441345215,-0.08823715150356293,0.11580781638622284,-0.479473739862442,-0.042626842856407166
T,T_session_002,200,0.0,0.0,0.0,-0.1298837810754776,-0.191934272646904,-0.05264180526137352,-0.19073274731636047,-0.4928912818431854,-0.07351557165384293,-0.15175534784793854,-0.7774008512496948,-0.09641052037477493,-0.12125679850578308,-1.0,-0.10284349322319031,-0.1453286111354828,-0.7615997195243835,0.007953306660056114,-0.180003821849823,-0.9607635736465454,-0.08349306881427765,-0.19252702593803406,-0.854031503200531,-0.11503647267818451,-0.16471871733665466,-0.8001031279563904,-0.11896222829818726,-0.025885209441184998,-0.7188044786453247,-0.0016685838345438242,-0.035450857132673264,-0.9323907494544983,-0.09598895907402039,-0.08073312044143677,-0.673022985458374,-0.09595270454883575,-0.06463586539030075,-0.659167468547821,-0.06657064706087112,0.08611979335546494,-0.6447679400444031,-0.030789008364081383,0.08147651702165604,-0.8165130615234375,-0.1327587068080902,0.015608999878168106,-0.5621505379676819,-0.09247085452079773,0.023716632276773453,-0.5350898504257202,-0.0342293307185173,0.19299384951591492,-0.555873692035675,-0.06563315540552139,0.17424613237380981,-0.6941990256309509,-0.1188218966126442,0.11408570408821106,-0.5314520597457886,-0.08494114875793457,0.11311440169811249,-0.480353981256485,-0.041367072612047195
T,T_session_002,201,0.0,0.0,0.0,-0.13369716703891754,-0.19212567806243896,-0.05171521380543709,-0.19466716051101685,-0.4899141788482666,-0.0731203556060791,-0.15428833663463593,-0.7766623497009277,-0.0971161350607872,-0.11894191056489944,-1.0,-0.10504335165023804,-0.14730465412139893,-0.7573639154434204,0.010823817923665047,-0.1875164806842804,-0.9575480818748474,-0.08310749381780624,-0.20249125361442566,-0.863743782043457,-0.11653470247983932,-0.17349892854690552,-0.7985972166061401,-0.1204032301902771,-0.028088020160794258,-0.7172828316688538,0.0006349861505441368,-0.03999095782637596,-0.9319478869438171,-0.09542971104383469,-0.08618484437465668,-0.6752557754516602,-0.09629795700311661,-0.06846220791339874,-0.6537222862243652,-0.06649696081876755,0.08424687385559082,-0.645107626914978,-0.029389970004558563,0.07639382779598236,-0.814794659614563,-0.13289441168308258,0.010626016184687614,-0.5619343519210815,-0.09298104047775269,0.020100794732570648,-0.531724750995636,-0.03401238098740578,0.19079354405403137,-0.5565667748451233,-0.06507204473018646,0.1696942150592804,-0.6923079490661621,-0.11889611929655075,0.10981541872024536,-0.5304595828056335,-0.085183285176754,0.11007566750049591,-0.47949570417404175,-0.0412110798060894
T,T_session_002,202,0.0,0.0,0.0,-0.13479802012443542,-0.19221623241901398,-0.05022873729467392,-0.19662140309810638,-0.4890475869178772,-0.07128486037254333,-0.1571979522705078,-0.776935875415802,-0.09544262290000916,-0.12149551510810852,-1.0,-0.10409379750490189,-0.15190599858760834,-0.75237637758255,0.013364081270992756,-0.18988366425037384,-0.9504664540290833,-0.07787125557661057,-0.20265871286392212,-0.8732696771621704,-0.10933592170476913,-0.1751307100057602,-0.821653425693512,-0.11246951669454575,-0.03270741179585457,-0.7157517075538635,0.001929731690324843,-0.04287290573120117,-0.933448314666748,-0.09411677718162537,-0.08665698766708374,-0.678348958492279,-0.09450343996286392,-0.0716497078537941,-0.6576505303382874,-0.0635988712310791,0.08022742718458176,-0.6473732590675354,-0.02903299778699875,0.07333259284496307,-0.8183097243309021,-0.1334066241979599,0.00995474960654974,-0.5641459822654724,-0.09364750236272812,0.016975877806544304,-0.5327631235122681,-0.03402922302484512,0.18750694394111633,-0.5604943037033081,-0.06544211506843567,0.16668781638145447,-0.6980316638946533,-0.12013877183198929,0.10834680497646332,-0.5336440801620483,-0.08613257855176926,0.1074257493019104,-0.4784487783908844,-0.04156443476676941
T,T_session_002,203,0.0,0.0,0.0,-0.1332157999277115,-0.1877250224351883,-0.05247580632567406,-0.19429221749305725,-0.4860919415950775,-0.07550123333930969,-0.15368863940238953,-0.7746515274047852,-0.10163018852472305,-0.11618631333112717,-1.0,-0.11264345049858093,-0.1502113938331604,-0.7462382316589355,0.010129278525710106,-0.18703186511993408,-0.9494351148605347,-0.08602877706289291,-0.20313864946365356,-0.8744181990623474,-0.12051653116941452,-0.17904390394687653,-0.8089527487754822,-0.12420604377985,-0.03056790493428707,-0.711786150932312,-0.0015686617698520422,-0.03839271143078804,-0.9349038600921631,-0.10105843842029572,-0.08267641812562943,-0.6735957860946655,-0.10120922327041626,-0.06671079993247986,-0.6434931755065918,-0.06884443014860153,0.08333685249090195,-0.6424492001533508,-0.033395878970623016,0.07914933562278748,-0.8137701153755188,-0.14101004600524902,0.014929395169019699,-0.556556224822998,-0.09931536018848419,0.021239589899778366,-0.5208950638771057,-0.037224289029836655,0.19164015352725983,-0.5524616241455078,-0.0709611102938652,0.17184078693389893,-0.6935725212097168,-0.12855440378189087,0.1136201024055481,-0.5249359607696533,-0.0930807963013649,0.11179357022047043,-0.46562474966049194,-0.04656818509101868
T,T_session_002,204,0.0,0.0,0.0,-0.12847983837127686,-0.1918826848268509,-0.05138224735856056,-0.1848853975534439,-0.48815348744392395,-0.07508881390094757,-0.1463414579629898,-0.7744553089141846,-0.10105397552251816,-0.11521011590957642,-1.0,-0.11215130239725113,-0.15283489227294922,-0.748049259185791,0.007870945148169994,-0.1936020851135254,-0.9316365718841553,-0.0794190913438797,-0.20753884315490723,-0.8824169635772705,-0.10707436501979828,-0.17645815014839172,-0.8349456191062927,-0.10856025665998459,-0.031060198321938515,-0.7156614065170288,-0.0029872001614421606,-0.039507556706666946,-0.9356967806816101,-0.09629417955875397,-0.08125557005405426,-0.6786987781524658,-0.09153672307729721,-0.06317218393087387,-0.6494096517562866,-0.05679367482662201,0.08344363421201706,-0.6476057171821594,-0.03282475471496582,0.07886353135108948,-0.8156903982162476,-0.134218230843544,0.01471109688282013,-0.5654222965240479,-0.09002624452114105,0.022616127505898476,-0.5263824462890625,-0.028017139062285423,0.1926409751176834,-0.558131754398346,-0.06838314980268478,0.17211468517780304,-0.6941297054290771,-0.12212816625833511,0.11374824494123459,-0.5347667932510376,-0.08688614517450333,0.11224481463432312,-0.4790891706943512,-0.04171203821897507
T,T_session_002,205,0.0,0.0,0.0,-0.13422426581382751,-0.18263384699821472,-0.062376804649829865,-0.20065349340438843,-0.4835697412490845,-0.08911652863025665,-0.16378439962863922,-0.7771418690681458,-0.11654996871948242,-0.12834618985652924,-1.0,-0.12609052658081055,-0.16950832307338715,-0.7544130086898804,0.004901225678622723,-0.20595255494117737,-0.9387915730476379,-0.0870276391506195,-0.2094775140285492,-0.8810470104217529,-0.1123199611902237,-0.17759066820144653,-0.8449568152427673,-0.11024358868598938,-0.044199537485837936,-0.7231262922286987,-0.001718527521006763,-0.049504317343235016,-0.942654013633728,-0.10103020071983337,-0.08478737622499466,-0.6786475777626038,-0.09407621622085571,-0.06958236545324326,-0.6736258864402771,-0.05487822741270065,0.0744299665093422,-0.6608197093009949,-0.02940487302839756,0.07209162414073944,-0.8267571926116943,-0.13741280138492584,0.015109200961887836,-0.5650513768196106,-0.08917386829853058,0.01990613527595997,-0.544646680355072,-0.021808193996548653,0.18832187354564667,-0.5773183107376099,-0.06389307975769043,0.17110519111156464,-0.7097712755203247,-0.12164013087749481,0.11721912771463394,-0.5383206605911255,-0.08414863049983978,0.11314788460731506,-0.4886811077594757,-0.03546272963285446
T,T_session_002,206,0.0,0.0,0.0,-0.13118219375610352,-0.18852445483207703,-0.057915493845939636,-0.18783609569072723,-0.4857134521007538,-0.08235514909029007,-0.15246398746967316,-0.7755540013313293,-0.10842110961675644,-0.12834396958351135,-1.0,-0.11910320073366165,-0.1596101075410843,-0.7441456317901611,0.0061988686211407185,-0.1935984194278717,-0.9406622648239136,-0.08373308926820755,-0.2019987851381302,-0.8746277093887329,-0.1128632128238678,-0.17107076942920685,-0.8181506991386414,-0.11443091928958893,-0.03530850633978844,-0.7128939628601074,-0.0012597603490576148,-0.04062743857502937,-0.9329763054847717,-0.09579460322856903,-0.07951340079307556,-0.6699910759925842,-0.09155751764774323,-0.06472475826740265,-0.6442638039588928,-0.0572638213634491,0.08017516136169434,-0.645653247833252,-0.028839338570833206,0.08110655844211578,-0.8167911171913147,-0.1310875564813614,0.01815536618232727,-0.5606986284255981,-0.08565232157707214,0.023754503577947617,-0.5208430886268616,-0.02267000451683998,0.1918700486421585,-0.5570032000541687,-0.0629960373044014,0.174012690782547,-0.6974801421165466,-0.1171693429350853,0.11746973544359207,-0.5329166054725647,-0.08075451105833054,0.11511463671922684,-0.47361764311790466,-0.034520223736763
T,T_session_002,207,0.0,0.0,0.0,-0.1297769844532013,-0.19000419974327087,-0.05422882363200188,-0.187934011220932,-0.4871811866760254,-0.07873669266700745,-0.1503400355577469,-0.7758241891860962,-0.10569131374359131,-0.12377424538135529,-1.0,-0.11769291758537292,-0.16024452447891235,-0.7413913607597351,0.00995362177491188,-0.19799698889255524,-0.9270066022872925,-0.0785641223192215,-0.20511563122272491,-0.8848398923873901,-0.10548991709947586,-0.17055898904800415,-0.8433730006217957,-0.1054932102560997,-0.0370221845805645,-0.712837278842926,-1.7922253391589038e-05,-0.042458005249500275,-0.9369068145751953,-0.09554814547300339,-0.07853779941797256,-0.671012282371521,-0.08897951245307922,-0.06018802523612976,-0.6453038454055786,-0.0506134070456028,0.07981940358877182,-0.6495325565338135,-0.029849959537386894,0.07775741070508957,-0.8184095025062561,-0.13305561244487762,0.019776226952672005,-0.5610576868057251,-0.08597967028617859,0.027755185961723328,-0.5262152552604675,-0.020203566178679466,0.19234731793403625,-0.5638443231582642,-0.06586121767759323,0.17521774768829346,-0.7006046772003174,-0.11961015313863754,0.12081118673086166,-0.5353050827980042,-0.08172955363988876,0.11961282044649124,-0.47984713315963745,-0.03367486968636513
T,T_session_002,208,0.0,0.0,0.0,-0.1270933747291565,-0.18529987335205078,-0.06686623394489288,-0.18880027532577515,-0.487045556306839,-0.09359845519065857,-0.157772034406662,-0.7767196297645569,-0.11960375308990479,-0.13568460941314697,-1.0,-0.12732140719890594,-0.16814570128917694,-0.759289562702179,0.002310242038220167,-0.19905897974967957,-0.9370453357696533,-0.09021835029125214,-0.20087853074073792,-0.8651082515716553,-0.11756639182567596,-0.1681920737028122,-0.8314259648323059,-0.11726044118404388,-0.04216763377189636,-0.7250785231590271,-0.0006473492248915136,-0.044197842478752136,-0.9372888207435608,-0.09882944077253342,-0.07874788343906403,-0.6682907342910767,-0.09248583018779755,-0.06595927476882935,-0.6673107743263245,-0.05462811514735222,0.07576564699411392,-0.6620509624481201,-0.025153158232569695,0.07681887596845627,-0.8229131102561951,-0.13109591603279114,0.01964300498366356,-0.5616844892501831,-0.08384452760219574,0.02402861788868904,-0.5435421466827393,-0.017908180132508278,0.18965581059455872,-0.5799830555915833,-0.056947994977235794,0.1775020956993103,-0.7101274728775024,-0.11247387528419495,0.12412156164646149,-0.5407436490058899,-0.07562388479709625,0.11984087526798248,-0.4928300380706787,-0.027882719412446022
T,T_session_002,209,0.0,0.0,0.0,-0.1279529631137848,-0.18933631479740143,-0.06092635542154312,-0.18601734936237335,-0.48729076981544495,-0.08497887849807739,-0.15163324773311615,-0.7772884368896484,-0.10970394313335419,-0.13054481148719788,-1.0,-0.11722754687070847,-0.16887781023979187,-0.7485923767089844,0.006592352408915758,-0.1992003470659256,-0.9414553642272949,-0.08636718988418579,-0.20187214016914368,-0.8856850266456604,-0.11618506163358688,-0.171617791056633,-0.8400408029556274,-0.1170264258980751,-0.043564897030591965,-0.7167295813560486,0.0008842289680615067,-0.0443468801677227,-0.9394922852516174,-0.09872154891490936,-0.07778284698724747,-0.6737629175186157,-0.09521380066871643,-0.06741761416196823,-0.6560280919075012,-0.05900077894330025,0.0738084688782692,-0.6568763256072998,-0.025675436481833458,0.07817354053258896,-0.8302798867225647,-0.1320013701915741,0.02213395945727825,-0.5698761940002441,-0.08493846654891968,0.023910319432616234,-0.5369314551353455,-0.018749302253127098,0.18837741017341614,-0.5757339596748352,-0.05920376628637314,0.18011672794818878,-0.7233152389526367,-0.1159677729010582,0.12759537994861603,-0.5514304041862488,-0.07836644351482391,0.1208910197019577,-0.4910578429698944,-0.02968650683760643
T,T_session_002,210,0.0,0.0,0.0,-0.1250738650560379,-0.18784742057323456,-0.05633968859910965,-0.17726753652095795,-0.48786258697509766,-0.07945425808429718,-0.1431889683008194,-0.7742251753807068,-0.10450535267591476,-0.12411370873451233,-1.0,-0.11444462090730667,-0.16306380927562714,-0.7358816266059875,0.0077178883366286755,-0.19610337913036346,-0.9325196743011475,-0.0830465629696846,-0.1968187391757965,-0.8700741529464722,-0.11249729245901108,-0.1623300313949585,-0.8093726634979248,-0.11268781870603561,-0.04240703582763672,-0.7070143818855286,0.00019961397629231215,-0.04241451621055603,-0.9319077134132385,-0.09347618371248245,-0.07349656522274017,-0.6672738790512085,-0.0871768519282341,-0.060880690813064575,-0.6376492381095886,-0.04990740120410919,0.07217306643724442,-0.6460914611816406,-0.027651706710457802,0.0785902589559555,-0.819027304649353,-0.1301547735929489,0.02381942607462406,-0.5611855387687683,-0.08421964943408966,0.024972375482320786,-0.520836353302002,-0.019498229026794434,0.18286287784576416,-0.5622321963310242,-0.06191796064376831,0.17728959023952484,-0.7157679796218872,-0.11717429757118225,0.12578269839286804,-0.5464648008346558,-0.08011414110660553,0.11802705377340317,-0.4831089973449707,-0.03243217617273331
T,T_session_002,211,0.0,0.0,0.0,-0.12118323147296906,-0.18706420063972473,-0.0502268522977829,-0.16856925189495087,-0.4905780851840973,-0.06965093314647675,-0.135006383061409,-0.7756216526031494,-0.0924357995390892,-0.11576670408248901,-1.0,-0.10037142783403397,-0.15521088242530823,-0.731779158115387,0.015402368269860744,-0.19163314998149872,-0.9361624717712402,-0.07212415337562561,-0.1937728226184845,-0.8747167587280273,-0.09966807067394257,-0.1591002643108368,-0.7951014637947083,-0.0975303053855896,-0.037418901920318604,-0.7115625143051147,0.005837022326886654,-0.03802953287959099,-0.9381020069122314,-0.08281557261943817,-0.06905989348888397,-0.6744099259376526,-0.07407435774803162,-0.053379837423563004,-0.6290306448936462,-0.03511311113834381,0.07540582120418549,-0.6529720425605774,-0.023654155433177948,0.07990866899490356,-0.8241300582885742,-0.12067144364118576,0.025915736332535744,-0.5680760145187378,-0.07163716107606888,0.029457371681928635,-0.5178391337394714,-0.005552040878683329,0.18483474850654602,-0.5679537057876587,-0.05926971137523651,0.1773158460855484,-0.721389889717102,-0.11024262011051178,0.125881165266037,-0.5509633421897888,-0.06988852471113205,0.11915094405412674,-0.48341089487075806,-0.020319633185863495
T,T_session_002,212,0.0,0.0,0.0,-0.12153200805187225,-0.18583352863788605,-0.04886333644390106,-0.17051176726818085,-0.4945009648799896,-0.06597937643527985,-0.1400475651025772,-0.7784361243247986,-0.0859818160533905,-0.1200869008898735,-1.0,-0.08980611711740494,-0.1519492268562317,-0.7389755249023438,0.013903334736824036,-0.1821797788143158,-0.9493823051452637,-0.07425366342067719,-0.18207113444805145,-0.8404269218444824,-0.1015140637755394,-0.15342478454113007,-0.7418491840362549,-0.09842700511217117,-0.03649614378809929,-0.7151778340339661,0.004328595474362373,-0.03534633666276932,-0.9336746335029602,-0.08227919787168503,-0.06444381177425385,-0.6700940728187561,-0.07533901184797287,-0.052133698016405106,-0.6260096430778503,-0.0392664410173893,0.07510807365179062,-0.6535351276397705,-0.02486942522227764,0.08010674268007278,-0.819044828414917,-0.12012334167957306,0.029264207929372787,-0.5628398656845093,-0.07484566420316696,0.02983507141470909,-0.5174100995063782,-0.012589115649461746,0.18192508816719055,-0.5670616626739502,-0.059616561979055405,0.175943523645401,-0.7168757319450378,-0.10955554246902466,0.12606658041477203,-0.5446113348007202,-0.0708627700805664,0.11862093210220337,-0.47901585698127747,-0.023135125637054443
T,T_session_002,213,0.0,0.0,0.0,-0.11681436002254486,-0.184294193983078,-0.05140085145831108,-0.1617516279220581,-0.4920091927051544,-0.07351931184530258,-0.13080939650535583,-0.7800039649009705,-0.09769242256879807,-0.10533352196216583,-1.0,-0.10663002729415894,-0.15022826194763184,-0.7299970984458923,0.004827362485229969,-0.18460015952587128,-0.9319282174110413,-0.07774001359939575,-0.18304134905338287,-0.8644600510597229,-0.09866126626729965,-0.14939691126346588,-0.7596912980079651,-0.09162917733192444,-0.033571965992450714,-0.7110608816146851,-0.003068797290325165,-0.030833153054118156,-0.936663031578064,-0.08768634498119354,-0.05802644416689873,-0.6743842959403992,-0.07499884814023972,-0.04574901610612869,-0.6101311445236206,-0.0336417481303215,0.07894348353147507,-0.6510434150695801,-0.029526544734835625,0.08534415066242218,-0.8162936568260193,-0.12118633836507797,0.03503574803471565,-0.5659152269363403,-0.07098003476858139,0.03347861021757126,-0.5011494159698486,-0.0058329966850578785,0.18511039018630981,-0.5600040555000305,-0.0618165098130703,0.17606796324253082,-0.7043226957321167,-0.10897856950759888,0.1273549646139145,-0.5413500070571899,-0.06859511882066727,0.11955668777227402,-0.4732804298400879,-0.02024940401315689
T,T_session_002,214,0.0,0.0,0.0,-0.11144372075796127,-0.20396222174167633,-0.040305349975824356,-0.1511005163192749,-0.4991302490234375,-0.06306149810552597,-0.12270914018154144,-0.778989851474762,-0.09065954387187958,-0.10083696991205215,-1.0,-0.1070951446890831,-0.15111616253852844,-0.7352924346923828,0.011317391879856586,-0.1880098134279251,-0.910872757434845,-0.06149424612522125,-0.19299066066741943,-0.9284138083457947,-0.08158337324857712,-0.15658918023109436,-0.867307186126709,-0.07840719819068909,-0.033298663794994354,-0.7172347903251648,-0.003276280127465725,-0.02445151098072529,-0.9465925097465515,-0.08244062960147858,-0.052252572029829025,-0.7003304362297058,-0.06793884187936783,-0.04060540348291397,-0.6222649216651917,-0.026644447818398476,0.07991396635770798,-0.6611615419387817,-0.03412261977791786,0.09403283894062042,-0.8282403349876404,-0.11784156411886215,0.04010260850191116,-0.595173180103302,-0.06256715208292007,0.034374088048934937,-0.5132245421409607,0.0035091033205389977,0.18953756988048553,-0.5607311129570007,-0.07079533487558365,0.1883988231420517,-0.722675085067749,-0.113988496363163,0.13485798239707947,-0.5691519975662231,-0.07002518326044083,0.1177079975605011,-0.48730170726776123,-0.020872032269835472
T,T_session_002,215,0.0,0.0,0.0,-0.11966533958911896,-0.18476396799087524,-0.04332253709435463,-0.16071724891662598,-0.4946082830429077,-0.06181392818689346,-0.12924213707447052,-0.7758129239082336,-0.08351440727710724,-0.11342792958021164,-1.0,-0.09184978902339935,-0.1528780311346054,-0.7360547184944153,0.005713611841201782,-0.18499474227428436,-0.9454498887062073,-0.07462111115455627,-0.1825137734413147,-0.8906801342964172,-0.09887523949146271,-0.15526491403579712,-0.7783451676368713,-0.09471957385540009,-0.035141997039318085,-0.7172917723655701,-0.0063081830739974976,-0.027611220255494118,-0.9516565799713135,-0.08658099919557571,-0.05145544931292534,-0.7051312923431396,-0.0768248438835144,-0.04677329212427139,-0.627047061920166,-0.039850957691669464,0.07729949802160263,-0.6567542552947998,-0.03524882718920708,0.09378508478403091,-0.8278569579124451,-0.12202027440071106,0.0436028353869915,-0.5883796215057373,-0.07279279828071594,0.03242290019989014,-0.5104365944862366,-0.010613511316478252,0.1862945258617401,-0.5581631660461426,-0.069427989423275,0.18977758288383484,-0.7243438959121704,-0.11627503484487534,0.1400306671857834,-0.5659686326980591,-0.07483989745378494,0.11929090321063995,-0.48537009954452515,-0.02669081836938858
T,T_session_002,216,0.0,0.0,0.0,-0.1142413467168808,-0.18182286620140076,-0.047737982124090195,-0.15705138444900513,-0.49282824993133545,-0.06885586678981781,-0.12355399131774902,-0.7772067785263062,-0.09306398779153824,-0.10323955118656158,-1.0,-0.1034579947590828,-0.15398170053958893,-0.7238402366638184,0.003468266688287258,-0.19201332330703735,-0.9268974661827087,-0.08059736341238022,-0.18769942224025726,-0.8862364292144775,-0.10468894243240356,-0.15128102898597717,-0.7926779985427856,-0.09984205663204193,-0.037841957062482834,-0.7072516679763794,-0.007570001762360334,-0.02615312859416008,-0.9383476376533508,-0.09519045054912567,-0.05228354036808014,-0.6894986629486084,-0.08564326167106628,-0.04396026208996773,-0.6245282292366028,-0.04613594338297844,0.07534464448690414,-0.6520968079566956,-0.03650294616818428,0.09086424857378006,-0.8187487125396729,-0.12958620488643646,0.040413349866867065,-0.5767874121665955,-0.08037037402391434,0.03297749161720276,-0.5131652355194092,-0.015617968514561653,0.18285027146339417,-0.5626947283744812,-0.07109931111335754,0.18621526658535004,-0.7215583920478821,-0.11933744698762894,0.13847188651561737,-0.5647078156471252,-0.07833907753229141,0.12463182955980301,-0.4934273660182953,-0.029392873868346214
T,T_session_002,217,0.0,0.0,0.0,-0.114543616771698,-0.19353686273097992,-0.043382108211517334,-0.15312188863754272,-0.5075740814208984,-0.05966106057167053,-0.11776892095804214,-0.7824211716651917,-0.07907123118638992,-0.09826675802469254,-1.0,-0.08437041938304901,-0.1431344449520111,-0.7376525402069092,0.007990778423845768,-0.18041858077049255,-0.9416131973266602,-0.07645495980978012,-0.1790919303894043,-0.8555747270584106,-0.10543017089366913,-0.1448044329881668,-0.7445935010910034,-0.10440248250961304,-0.02665083110332489,-0.7160285711288452,-0.003938497509807348,-0.021206341683864594,-0.9392294883728027,-0.0890524610877037,-0.0502437986433506,-0.6877167820930481,-0.08441609144210815,-0.0387968085706234,-0.6126217246055603,-0.05075734108686447,0.08393265306949615,-0.6507824063301086,-0.03336592763662338,0.09494036436080933,-0.8221911787986755,-0.12136422842741013,0.041518501937389374,-0.5828492641448975,-0.07561998814344406,0.039675917476415634,-0.5131053328514099,-0.01551680825650692,0.1885274201631546,-0.5534886717796326,-0.06813238561153412,0.18683592975139618,-0.7156148552894592,-0.11198535561561584,0.13653036952018738,-0.5615438222885132,-0.07159360498189926,0.12709137797355652,-0.48765799403190613,-0.024388108402490616
T,T_session_002,218,0.0,0.0,0.0,-0.10998640954494476,-0.1818690448999405,-0.0488327294588089,-0.15358653664588928,-0.49423542618751526,-0.0678396075963974,-0.12018641084432602,-0.779068112373352,-0.08938756585121155,-0.09309417009353638,-1.0,-0.09480441361665726,-0.1431988775730133,-0.7312323451042175,0.011501624248921871,-0.1806352585554123,-0.9365431666374207,-0.07420758903026581,-0.1737465113401413,-0.8474635481834412,-0.09911026060581207,-0.13572384417057037,-0.7366663813591003,-0.09386131167411804,-0.02849762886762619,-0.7120601534843445,0.0036097723059356213,-0.0232810378074646,-0.9281625151634216,-0.08082211762666702,-0.04990638419985771,-0.6721025109291077,-0.07034702599048615,-0.03700615093111992,-0.6223653554916382,-0.03122982196509838,0.0806841254234314,-0.651421844959259,-0.02360631711781025,0.08797529339790344,-0.8132215738296509,-0.11416815221309662,0.03937260061502457,-0.5734314322471619,-0.06603892892599106,0.04131748899817467,-0.5292589068412781,-0.00314869312569499,0.1833188682794571,-0.5643731355667114,-0.05656348541378975,0.17622168362140656,-0.7078934907913208,-0.10164228081703186,0.12911975383758545,-0.5491784811019897,-0.06141258031129837,0.1249014288187027,-0.4924406111240387,-0.01367639284580946
T,T_session_002,219,0.0,0.0,0.0,-0.10936658084392548,-0.19490563869476318,-0.04890581592917442,-0.15186884999275208,-0.5017659664154053,-0.06584960967302322,-0.1192743256688118,-0.7822800278663635,-0.0847490131855011,-0.09356744587421417,-1.0,-0.08673366159200668,-0.15026350319385529,-0.7341504693031311,0.014627850614488125,-0.1889023780822754,-0.9369807243347168,-0.06947556138038635,-0.1740933656692505,-0.8296815752983093,-0.09713142365217209,-0.13180024921894073,-0.7269907593727112,-0.09542639553546906,-0.032374922186136246,-0.7139750123023987,0.007593727204948664,-0.027431316673755646,-0.9250130653381348,-0.07766737043857574,-0.05027663707733154,-0.675368070602417,-0.07450100779533386,-0.04045608639717102,-0.6262971758842468,-0.04212624952197075,0.07698697596788406,-0.6508709192276001,-0.01816127821803093,0.08721251040697098,-0.8110799789428711,-0.10885535925626755,0.038715437054634094,-0.5722430944442749,-0.06702175736427307,0.035965386778116226,-0.5262323021888733,-0.009156356565654278,0.17823438346385956,-0.562639594078064,-0.04939328879117966,0.1748226284980774,-0.7024713158607483,-0.09346038848161697,0.12633563578128815,-0.5441316962242126,-0.055808670818805695,0.11704383790493011,-0.48774242401123047,-0.010606860741972923
T,T_session_002,220,0.0,0.0,0.0,-0.11224789172410965,-0.18193955719470978,-0.050048574805259705,-0.15467025339603424,-0.4951938986778259,-0.06639258563518524,-0.12309572100639343,-0.7800610661506653,-0.08396603912115097,-0.10015153884887695,-1.0,-0.08405904471874237,-0.15211138129234314,-0.7370834946632385,0.012806577607989311,-0.18602705001831055,-0.9463907480239868,-0.07200060784816742,-0.1726694405078888,-0.8187428712844849,-0.09922933578491211,-0.1348046362400055,-0.7019777297973633,-0.09654294699430466,-0.03404182568192482,-0.7199465036392212,0.006961614824831486,-0.028246330097317696,-0.9282657504081726,-0.07631304860115051,-0.05050021409988403,-0.6714363098144531,-0.07168165594339371,-0.04237253963947296,-0.6191056966781616,-0.03904673457145691,0.07438952475786209,-0.6552488803863525,-0.017891544848680496,0.08534129709005356,-0.8131851553916931,-0.10667385905981064,0.038022153079509735,-0.5693510174751282,-0.06391079723834991,0.03506813570857048,-0.5222486853599548,-0.00645838025957346,0.17390094697475433,-0.5667054057121277,-0.04828112944960594,0.16969750821590424,-0.7000104188919067,-0.09191585332155228,0.12304536253213882,-0.537634551525116,-0.054542653262615204,0.1151784360408783,-0.4832509458065033,-0.010046735405921936
T,T_session_002,221,0.0,0.0,0.0,-0.10699011385440826,-0.19133633375167847,-0.057383567094802856,-0.1484847366809845,-0.4956851303577423,-0.07825257629156113,-0.1220884770154953,-0.7790240049362183,-0.09942319244146347,-0.10266552865505219,-1.0,-0.10276097059249878,-0.14776305854320526,-0.7467231750488281,0.011629483662545681,-0.18279868364334106,-0.9388511776924133,-0.07107709348201752,-0.17486032843589783,-0.8474454283714294,-0.09484298527240753,-0.13423222303390503,-0.7354578375816345,-0.08975096046924591,-0.028939170762896538,-0.7240480780601501,0.00999561045318842,-0.024826940149068832,-0.9321631193161011,-0.07528106123209,-0.04959509149193764,-0.6741159558296204,-0.06857416033744812,-0.03815324977040291,-0.6263400912284851,-0.032122451812028885,0.08024503290653229,-0.6599783301353455,-0.011293211951851845,0.08812495321035385,-0.8139960169792175,-0.10273575037717819,0.0393751785159111,-0.5742461085319519,-0.0583035945892334,0.03787444531917572,-0.5295157432556152,0.002212426159530878,0.1787126511335373,-0.5709854364395142,-0.03883620724081993,0.1733492761850357,-0.7045417428016663,-0.0850454643368721,0.12537552416324615,-0.5452951788902283,-0.048271216452121735,0.11899401992559433,-0.4935537278652191,-0.002890117699280381
T,T_session_002,222,0.0,0.0,0.0,-0.11438948661088943,-0.18466846644878387,-0.05419920012354851,-0.15946748852729797,-0.4998733699321747,-0.07061880081892014,-0.12990236282348633,-0.7849183678627014,-0.08781269192695618,-0.10979361832141876,-1.0,-0.08677949756383896,-0.15579518675804138,-0.7294890284538269,0.013665996491909027,-0.18832209706306458,-0.9282337427139282,-0.0705740749835968,-0.1729881763458252,-0.8085245490074158,-0.09469473361968994,-0.13917852938175201,-0.701789379119873,-0.0894717425107956,-0.03991805389523506,-0.7107184529304504,0.009752159006893635,-0.03130067512392998,-0.9168671369552612,-0.07754401862621307,-0.05074228718876839,-0.6601037979125977,-0.0734209343791008,-0.045741934329271317,-0.6176721453666687,-0.03863546624779701,0.06896886229515076,-0.6503483057022095,-0.013698716647922993,0.08061591535806656,-0.7997050881385803,-0.10943319648504257,0.03706662356853485,-0.5531379580497742,-0.06946279853582382,0.029677432030439377,-0.5163231492042542,-0.010760760866105556,0.16706548631191254,-0.5680100321769714,-0.04246055707335472,0.1650882363319397,-0.6936317682266235,-0.09174898266792297,0.12083928287029266,-0.5278849005699158,-0.05668700486421585,0.11138717830181122,-0.4770768880844116,-0.011879939585924149
T,T_session_002,223,0.0,0.0,0.0,-0.11074396222829819,-0.1908678263425827,-0.05973485857248306,-0.1529168039560318,-0.4952031970024109,-0.08001760393381119,-0.12185157090425491,-0.7784178853034973,-0.09924626350402832,-0.10322829335927963,-1.0,-0.1006283313035965,-0.15507769584655762,-0.7435562610626221,0.00511151785030961,-0.18839001655578613,-0.9438235759735107,-0.08104769885540009,-0.18178728222846985,-0.8317458033561707,-0.10846304893493652,-0.14291444420814514,-0.7204397320747375,-0.1062135398387909,-0.03337516635656357,-0.722344160079956,0.00476102763786912,-0.029323771595954895,-0.9344420433044434,-0.08306606113910675,-0.054474085569381714,-0.6752254962921143,-0.08127914369106293,-0.04271342605352402,-0.6341781616210938,-0.04959826171398163,0.07827501744031906,-0.6581794023513794,-0.01490470115095377,0.088880255818367,-0.8189517855644226,-0.10894066840410233,0.03709044307470322,-0.5742852091789246,-0.06880390644073486,0.0351678803563118,-0.5369696617126465,-0.011749358847737312,0.1783791482448578,-0.5725960731506348,-0.040549177676439285,0.1717986911535263,-0.7052428722381592,-0.08829551190137863,0.1233317032456398,-0.5411396622657776,-0.053363073617219925,0.11858469992876053,-0.4916871190071106,-0.009772850200533867
T,T_session_002,224,0.0,0.0,0.0,-0.11534825712442398,-0.18878582119941711,-0.055706366896629333,-0.15870881080627441,-0.49739038944244385,-0.07329727709293365,-0.12884043157100677,-0.7805777788162231,-0.09102661162614822,-0.10896437615156174,-1.0,-0.09084251523017883,-0.1569633185863495,-0.7293009757995605,0.012961952947080135,-0.19327270984649658,-0.9304344654083252,-0.07464751601219177,-0.18043683469295502,-0.8131983876228333,-0.10245002061128616,-0.14201155304908752,-0.7049248814582825,-0.09933067113161087,-0.038986094295978546,-0.7107895612716675,0.01049260888248682,-0.033957675099372864,-0.9288221001625061,-0.08051606267690659,-0.05350062623620033,-0.6638978123664856,-0.07914029061794281,-0.04275272414088249,-0.6127143502235413,-0.045319292694330215,0.0715429037809372,-0.6498571038246155,-0.011498195119202137,0.08129744231700897,-0.812839150428772,-0.11011343449354172,0.03596998006105423,-0.5575312972068787,-0.06991034746170044,0.032688502222299576,-0.5105858445167542,-0.009726394899189472,0.17120599746704102,-0.5677968859672546,-0.038757115602493286,0.16580376029014587,-0.7010114192962646,-0.08861465752124786,0.12022444605827332,-0.53163743019104,-0.05274970456957817,0.11295853555202484,-0.4773469865322113,-0.00675861956551671
T,T_session_002,225,0.0,0.0,0.0,-0.1115538477897644,-0.1922113299369812,-0.05652853474020958,-0.15454749763011932,-0.49553176760673523,-0.07561134546995163,-0.12787988781929016,-0.7798308730125427,-0.09416348487138748,-0.10834093391895294,-1.0,-0.09471900016069412,-0.15939262509346008,-0.7310148477554321,0.01067470945417881,-0.19388025999069214,-0.9223705530166626,-0.07146305590867996,-0.18034134805202484,-0.8221254348754883,-0.09476619213819504,-0.13948804140090942,-0.717744767665863,-0.08988675475120544,-0.03979111090302467,-0.7140806913375854,0.009021339006721973,-0.03618428111076355,-0.9267235398292542,-0.07740119844675064,-0.053793374449014664,-0.6690712571144104,-0.07283598184585571,-0.043059684336185455,-0.619465708732605,-0.03797219321131706,0.07098671048879623,-0.655281126499176,-0.011707376688718796,0.08109310269355774,-0.81287682056427,-0.10580365359783173,0.037149835377931595,-0.5655509829521179,-0.06409446150064468,0.033156782388687134,-0.517715573310852,-0.004553889390081167,0.17238746583461761,-0.5711812376976013,-0.03803577274084091,0.1695566475391388,-0.7050831913948059,-0.08630186319351196,0.12402840703725815,-0.5391827821731567,-0.050999317318201065,0.11427368968725204,-0.48437339067459106,-0.006195016670972109
T,T_session_002,226,0.0,0.0,0.0,-0.11441773921251297,-0.18900282680988312,-0.05678567662835121,-0.1584828495979309,-0.5020817518234253,-0.07291684299707413,-0.13041703402996063,-0.7883679866790771,-0.08826974779367447,-0.11338132619857788,-1.0,-0.08469875156879425,-0.1555744856595993,-0.7433570623397827,0.011583997868001461,-0.1812504231929779,-0.93442302942276,-0.07012678682804108,-0.16976986825466156,-0.8120664954185486,-0.0936216190457344,-0.13451147079467773,-0.7121580243110657,-0.08950458467006683,-0.03548451140522957,-0.7200024127960205,0.010875600390136242,-0.03327454999089241,-0.9221844673156738,-0.07279817759990692,-0.05428314208984375,-0.6655479669570923,-0.06785039603710175,-0.04350456967949867,-0.628207802772522,-0.0347449854016304,0.07388561964035034,-0.6573827266693115,-0.009174437262117863,0.08072318136692047,-0.8111622333526611,-0.09959318488836288,0.03440262749791145,-0.5657514929771423,-0.056821782141923904,0.032850246876478195,-0.5253336429595947,0.0014918006490916014,0.17380273342132568,-0.5741337537765503,-0.03530522808432579,0.1692463904619217,-0.7072135210037231,-0.08053592592477798,0.12350500375032425,-0.5411918759346008,-0.04442986100912094,0.11741829663515091,-0.48833951354026794,-0.00017791896243579686
T,T_session_002,227,0.0,0.0,0.0,-0.12298882752656937,-0.1785481721162796,-0.057159919291734695,-0.17247124016284943,-0.49048882722854614,-0.07073289155960083,-0.1370212584733963,-0.7841805815696716,-0.08247237652540207,-0.11751088500022888,-1.0,-0.07463345676660538,-0.1724509298801422,-0.7303674221038818,0.007101634982973337,-0.19756777584552765,-0.9445459842681885,-0.07784611731767654,-0.18401196599006653,-0.8041023015975952,-0.10146819800138474,-0.14918147027492523,-0.7065004110336304,-0.09717132151126862,-0.04995286464691162,-0.7096384167671204,0.0070712449960410595,-0.042860329151153564,-0.9240832924842834,-0.08101091533899307,-0.0644260123372078,-0.6594326496124268,-0.07804089784622192,-0.057678110897541046,-0.6346986889839172,-0.04607601463794708,0.06284277886152267,-0.650969922542572,-0.0120243476703763,0.07623270153999329,-0.813134491443634,-0.10894859582185745,0.028885195031762123,-0.5555892586708069,-0.06932689249515533,0.02564440481364727,-0.5307579636573792,-0.011951050721108913,0.1657603234052658,-0.5767102241516113,-0.03655357286334038,0.16509008407592773,-0.703484058380127,-0.08663398772478104,0.12031838297843933,-0.5309963226318359,-0.05324142798781395,0.11548276245594025,-0.4874630570411682,-0.010337179526686668
T,T_session_002,228,0.0,0.0,0.0,-0.12409064918756485,-0.18364070355892181,-0.05782686918973923,-0.18064330518245697,-0.4969894289970398,-0.07234423607587814,-0.14970460534095764,-0.792844295501709,-0.086409792304039,-0.12121941894292831,-1.0,-0.08048950135707855,-0.17642614245414734,-0.7320886254310608,0.009797606617212296,-0.19826117157936096,-0.9492883682250977,-0.07658826559782028,-0.17701178789138794,-0.8095967769622803,-0.10045801848173141,-0.14118513464927673,-0.7241197824478149,-0.09660425037145615,-0.05603944882750511,-0.7088430523872375,0.007073675747960806,-0.04776541888713837,-0.9259899258613586,-0.08409461379051208,-0.0642014667391777,-0.6593382954597473,-0.08095001429319382,-0.061765752732753754,-0.6399059295654297,-0.04786563664674759,0.05735107138752937,-0.652756929397583,-0.015559484250843525,0.07099685817956924,-0.8167113065719604,-0.11661670356988907,0.02811485156416893,-0.5536543130874634,-0.0774792805314064,0.021197648718953133,-0.5299504995346069,-0.01896284520626068,0.16333259642124176,-0.5794374346733093,-0.04390338063240051,0.16663335263729095,-0.7168645262718201,-0.09864601492881775,0.12321671098470688,-0.539863109588623,-0.06596963852643967,0.11529559642076492,-0.4880126714706421,-0.022179778665304184
T,T_session_002,229,0.0,0.0,0.0,-0.125295490026474,-0.19040410220623016,-0.05661701783537865,-0.18575789034366608,-0.49367576837539673,-0.07124466449022293,-0.15790952742099762,-0.7902407050132751,-0.08677013963460922,-0.12673556804656982,-1.0,-0.08212417364120483,-0.17979831993579865,-0.7325193881988525,0.017519120126962662,-0.20280815660953522,-0.9537782073020935,-0.07108239084482193,-0.18106195330619812,-0.8057569265365601,-0.09846528619527817,-0.14405572414398193,-0.7311907410621643,-0.09758633375167847,-0.057766884565353394,-0.7090943455696106,0.013608667068183422,-0.051923688501119614,-0.9301473498344421,-0.07927931100130081,-0.06927407532930374,-0.6639771461486816,-0.07895886898040771,-0.06681001931428909,-0.656382143497467,-0.04794303700327873,0.0565413199365139,-0.6550977230072021,-0.010834268294274807,0.06938005983829498,-0.8249382376670837,-0.1128394827246666,0.025617029517889023,-0.5622831583023071,-0.07444214820861816,0.02066068723797798,-0.5457131266593933,-0.016271250322461128,0.16450463235378265,-0.5855985879898071,-0.04123549535870552,0.16654202342033386,-0.7273104190826416,-0.0948667824268341,0.12246157228946686,-0.550166130065918,-0.06155385076999664,0.1168665885925293,-0.5004110932350159,-0.017448842525482178
T,T_session_002,230,0.0,0.0,0.0,-0.12789852917194366,-0.1873895227909088,-0.05753729119896889,-0.18944433331489563,-0.4933803677558899,-0.07541057467460632,-0.16126449406147003,-0.7870500087738037,-0.0950164869427681,-0.1253218948841095,-1.0,-0.09526676684617996,-0.17785541713237762,-0.7389436960220337,0.01480858400464058,-0.20132753252983093,-0.966966450214386,-0.07872403413057327,-0.1820182353258133,-0.8211575746536255,-0.10991232842206955,-0.14999037981033325,-0.7348114848136902,-0.11025849729776382,-0.05715343356132507,-0.7170632481575012,0.009470720775425434,-0.04982083663344383,-0.9416446685791016,-0.08657439053058624,-0.06753076612949371,-0.6673784255981445,-0.08728376030921936,-0.06858301907777786,-0.6490183472633362,-0.05581367388367653,0.05683586746454239,-0.6625832319259644,-0.016778532415628433,0.07082467526197433,-0.8315144181251526,-0.1222759559750557,0.026489533483982086,-0.5622173547744751,-0.08416863530874252,0.01659148372709751,-0.5395398736000061,-0.025011278688907623,0.1642674207687378,-0.5907303094863892,-0.04888482391834259,0.16587963700294495,-0.7340283989906311,-0.10567811131477356,0.12235618382692337,-0.5524287223815918,-0.07161226123571396,0.11359766125679016,-0.49724283814430237,-0.025976579636335373
T,T_session_002,231,0.0,0.0,0.0,-0.13259224593639374,-0.1971331536769867,-0.05239110812544823,-0.19251617789268494,-0.5014423131942749,-0.06781233847141266,-0.15889254212379456,-0.7899236679077148,-0.0869734063744545,-0.12398228049278259,-1.0,-0.08725656569004059,-0.170224130153656,-0.7448968887329102,0.027192745357751846,-0.1980738341808319,-0.9712498784065247,-0.06425613164901733,-0.18328075110912323,-0.8192453980445862,-0.09684702754020691,-0.1505744457244873,-0.7356408834457397,-0.09856801480054855,-0.05077679455280304,-0.7198440432548523,0.02040759287774563,-0.04851492494344711,-0.940335750579834,-0.07218416035175323,-0.06976459920406342,-0.6695913672447205,-0.07476329058408737,-0.06753233820199966,-0.655259907245636,-0.04553719237446785,0.06123041361570358,-0.6640434861183167,-0.00740863336250186,0.07024477422237396,-0.8370891213417053,-0.10834138095378876,0.024544725194573402,-0.5714667439460754,-0.07089714705944061,0.02009473741054535,-0.5488085150718689,-0.013287242501974106,0.1670019030570984,-0.5937343239784241,-0.041008248925209045,0.16258592903614044,-0.7389574646949768,-0.09189220517873764,0.11729580909013748,-0.5589267015457153,-0.056273940950632095,0.11284913122653961,-0.5031702518463135,-0.01058085635304451
T,T_session_002,232,0.0,0.0,0.0,-0.13249900937080383,-0.20008805394172668,-0.04951241612434387,-0.19600823521614075,-0.5018602609634399,-0.06789994239807129,-0.16269202530384064,-0.7874356508255005,-0.09217913448810577,-0.12579187750816345,-1.0,-0.09906115382909775,-0.16526740789413452,-0.7509430050849915,0.02933219075202942,-0.19367092847824097,-0.9782618284225464,-0.06540985405445099,-0.17750412225723267,-0.83717280626297,-0.10282840579748154,-0.14384539425373077,-0.7523461580276489,-0.10738427191972733,-0.04934713989496231,-0.7253235578536987,0.018850931897759438,-0.04378848150372505,-0.9481262564659119,-0.07566782832145691,-0.06479562819004059,-0.6769182682037354,-0.08062618970870972,-0.06330077350139618,-0.655437171459198,-0.052558783441782,0.06209004670381546,-0.671079158782959,-0.012584883719682693,0.07217966765165329,-0.8499525785446167,-0.11521133035421371,0.02769182063639164,-0.5829179286956787,-0.07763820141553879,0.02162272483110428,-0.5491568446159363,-0.0190533846616745,0.16851675510406494,-0.5984774231910706,-0.04973035305738449,0.16590841114521027,-0.7555457949638367,-0.10162341594696045,0.11949334293603897,-0.5749494433403015,-0.06403043121099472,0.1112353652715683,-0.5092993974685669,-0.016221484169363976
T,T_session_002,233,0.0,0.0,0.0,-0.1284361481666565,-0.1963319629430771,-0.05515575781464577,-0.190962553024292,-0.5014936327934265,-0.07516376674175262,-0.15656255185604095,-0.7873586416244507,-0.09912612289190292,-0.11987105756998062,-1.0,-0.1040685623884201,-0.15938881039619446,-0.7621814608573914,0.019212855026125908,-0.18577341735363007,-0.9951415061950684,-0.08011996001005173,-0.1706424057483673,-0.8254635334014893,-0.11924102157354355,-0.14049500226974487,-0.7328296899795532,-0.12442931532859802,-0.04278573393821716,-0.7338078022003174,0.011851579882204533,-0.03749730810523033,-0.9554246068000793,-0.08622420579195023,-0.05988394096493721,-0.6696929335594177,-0.09046478569507599,-0.05878450348973274,-0.6471620798110962,-0.061913393437862396,0.06837156414985657,-0.6751529574394226,-0.016915831714868546,0.07914385199546814,-0.854076623916626,-0.12117314338684082,0.033002305775880814,-0.5783502459526062,-0.08120888471603394,0.02647225745022297,-0.5470747351646423,-0.0211558248847723,0.17376801371574402,-0.5998310446739197,-0.05190545320510864,0.1736309975385666,-0.7542732954025269,-0.1041184589266777,0.1276601105928421,-0.5725962519645691,-0.06614399701356888,0.12009072303771973,-0.5141312479972839,-0.01815980300307274
T,T_session_002,234,0.0,0.0,0.0,-0.1332911252975464,-0.18907272815704346,-0.05339335277676582,-0.20221523940563202,-0.4928445518016815,-0.07239516824483871,-0.17109084129333496,-0.7822040915489197,-0.09611206501722336,-0.13390439748764038,-1.0,-0.10125670582056046,-0.17734810709953308,-0.7513935565948486,0.024450914934277534,-0.20454265177249908,-0.9912179112434387,-0.07432641088962555,-0.18252216279506683,-0.8520001769065857,-0.11208314448595047,-0.15451231598854065,-0.7615644931793213,-0.1151798665523529,-0.06238073483109474,-0.7309414744377136,0.015775924548506737,-0.050919048488140106,-0.9556484222412109,-0.0835023894906044,-0.0658818706870079,-0.678881824016571,-0.0887780636548996,-0.07284900546073914,-0.6579528450965881,-0.059443529695272446,0.05116836726665497,-0.6826701760292053,-0.014218131080269814,0.0637403056025505,-0.859822154045105,-0.12311556935310364,0.02639562077820301,-0.5853954553604126,-0.08552877604961395,0.013178030960261822,-0.556273877620697,-0.025133885443210602,0.1585891842842102,-0.61585932970047,-0.04980956017971039,0.16089653968811035,-0.77173912525177,-0.1075843870639801,0.12028660625219345,-0.5849886536598206,-0.07021903246641159,0.10804347693920135,-0.5213493704795837,-0.02099309302866459
T,T_session_002,235,0.0,0.0,0.0,-0.13149704039096832,-0.20204420387744904,-0.04974104091525078,-0.19384992122650146,-0.5026167035102844,-0.06766518205404282,-0.15682092308998108,-0.7851629853248596,-0.09148690104484558,-0.12304054200649261,-1.0,-0.0978962630033493,-0.15903425216674805,-0.74936443567276,0.02953977696597576,-0.18663401901721954,-0.9905167818069458,-0.06893286108970642,-0.17232313752174377,-0.829422652721405,-0.11037419736385345,-0.14693377912044525,-0.7287247180938721,-0.11597596108913422,-0.04577920213341713,-0.7239935994148254,0.019863370805978775,-0.041478026658296585,-0.9408582448959351,-0.07607103884220123,-0.06157327815890312,-0.6659708619117737,-0.08381380140781403,-0.06399010121822357,-0.6407769918441772,-0.05770159885287285,0.06348273158073425,-0.6684916615486145,-0.011203678324818611,0.07192487269639969,-0.8457064628601074,-0.11350906640291214,0.031300462782382965,-0.5802562832832336,-0.07840337604284286,0.023771949112415314,-0.5539083480834961,-0.021690480411052704,0.1671539694070816,-0.5962100028991699,-0.047880109399557114,0.16358929872512817,-0.7515379190444946,-0.09792611747980118,0.1218004822731018,-0.5732920169830322,-0.06091882660984993,0.1166333258152008,-0.5167686343193054,-0.013860967941582203
T,T_session_002,236,0.0,0.0,0.0,-0.1301794946193695,-0.196508526802063,-0.048357486724853516,-0.19701124727725983,-0.4965023696422577,-0.06610603630542755,-0.16714192926883698,-0.7798951268196106,-0.09022801369428635,-0.1325940042734146,-0.9957936406135559,-0.0964299812912941,-0.16756115853786469,-0.7532007098197937,0.03138014301657677,-0.19569037854671478,-1.0,-0.06776375323534012,-0.17616243660449982,-0.8422555327415466,-0.10952826589345932,-0.150222510099411,-0.7432023882865906,-0.1151505783200264,-0.055826496332883835,-0.7326923608779907,0.0207707267254591,-0.048602357506752014,-0.9579464793205261,-0.07601266354322433,-0.06353357434272766,-0.6804412007331848,-0.08370909094810486,-0.06852268427610397,-0.6521264910697937,-0.05681027099490166,0.05478929355740547,-0.6838194131851196,-0.011036866344511509,0.06521415710449219,-0.8704052567481995,-0.1144818514585495,0.029546460136771202,-0.6003894805908203,-0.07770563662052155,0.02028203196823597,-0.5649190545082092,-0.019062353298068047,0.15982377529144287,-0.6161834597587585,-0.04831327870488167,0.15967658162117004,-0.7776602506637573,-0.09995561838150024,0.12019945681095123,-0.5944531559944153,-0.061288781464099884,0.11124464869499207,-0.5298371911048889,-0.012146340683102608
T,T_session_002,237,0.0,0.0,0.0,-0.12831340730190277,-0.2019227147102356,-0.049269840121269226,-0.1927967369556427,-0.49530068039894104,-0.06829456239938736,-0.165014386177063,-0.7718371152877808,-0.09371086210012436,-0.1370566338300705,-0.9868866205215454,-0.10158777236938477,-0.160062775015831,-0.7549299597740173,0.031691357493400574,-0.18760691583156586,-1.0,-0.06598483771085739,-0.17263732850551605,-0.8364996910095215,-0.10868539661169052,-0.14889779686927795,-0.7378804087638855,-0.11538823693990707,-0.04924178496003151,-0.7318099141120911,0.02202054299414158,-0.04471786320209503,-0.9503042101860046,-0.07211203128099442,-0.062382251024246216,-0.6774507164955139,-0.08120431751012802,-0.06553955376148224,-0.6530857086181641,-0.0567031130194664,0.058944690972566605,-0.6798762679100037,-0.00882619060575962,0.06682911515235901,-0.8607119917869568,-0.10909246653318405,0.028572216629981995,-0.5977996587753296,-0.07505018264055252,0.020967142656445503,-0.5683379173278809,-0.01972206123173237,0.1621454507112503,-0.611931562423706,-0.04523330554366112,0.1579335480928421,-0.7712011933326721,-0.09312476217746735,0.11696363240480423,-0.5923066735267639,-0.05522885546088219,0.11112849414348602,-0.5314072370529175,-0.007922325283288956
T,T_session_002,238,0.0,0.0,0.0,-0.12809164822101593,-0.20233526825904846,-0.0490044467151165,-0.1935618817806244,-0.4893135726451874,-0.06947926431894302,-0.1628125160932541,-0.765075147151947,-0.09643285721540451,-0.1283663809299469,-0.9787142276763916,-0.1056535467505455,-0.1598716825246811,-0.7482450008392334,0.028233377262949944,-0.1876574009656906,-1.0,-0.07105688005685806,-0.17266513407230377,-0.8292283415794373,-0.11425525695085526,-0.150276780128479,-0.726272463798523,-0.12113019078969955,-0.04881629720330238,-0.7272517085075378,0.01816362328827381,-0.044045016169548035,-0.9511855244636536,-0.07703030109405518,-0.06001056358218193,-0.6731124520301819,-0.08565019816160202,-0.06328046321868896,-0.6452611684799194,-0.060537856072187424,0.06033329665660858,-0.678541362285614,-0.012773941271007061,0.06791391968727112,-0.8656601309776306,-0.11351897567510605,0.03217649087309837,-0.5979316234588623,-0.0774533599615097,0.026126045733690262,-0.5644033551216125,-0.020555980503559113,0.1646038442850113,-0.6112145781517029,-0.04918630048632622,0.15998850762844086,-0.7718234062194824,-0.09717205166816711,0.12051192671060562,-0.5903687477111816,-0.05756039544939995,0.1153244599699974,-0.5279315114021301,-0.008818326517939568
T,T_session_002,239,0.0,0.0,0.0,-0.12878212332725525,-0.20145924389362335,-0.05434858053922653,-0.19432343542575836,-0.49281126260757446,-0.07454389333724976,-0.1654757708311081,-0.7721165418624878,-0.10020741820335388,-0.13756021857261658,-0.986656904220581,-0.10699265450239182,-0.16428513824939728,-0.7510353326797485,0.029060404747724533,-0.18953613936901093,-1.0,-0.06961478292942047,-0.17138907313346863,-0.8243500590324402,-0.11085482686758041,-0.15012378990650177,-0.7305872440338135,-0.11645076423883438,-0.05314953252673149,-0.7288296222686768,0.02221180498600006,-0.04553256183862686,-0.9518939256668091,-0.0733887180685997,-0.05918141454458237,-0.6712906956672668,-0.08149745315313339,-0.06534001231193542,-0.6544323563575745,-0.05569273605942726,0.05629744380712509,-0.6807389259338379,-0.006369531154632568,0.0674477368593216,-0.8629682064056396,-0.10964653640985489,0.032303694635629654,-0.5914087891578674,-0.07488866150379181,0.022006411105394363,-0.5639776587486267,-0.018024588003754616,0.16094696521759033,-0.616109311580658,-0.04075084626674652,0.16019442677497864,-0.7738178372383118,-0.0907677412033081,0.12075114250183105,-0.5917417407035828,-0.052935946732759476,0.11175508797168732,-0.5316444635391235,-0.004945534747093916
T,T_session_002,240,0.0,0.0,0.0,-0.12747517228126526,-0.20209912955760956,-0.051920294761657715,-0.19498854875564575,-0.48680543899536133,-0.07421310991048813,-0.16791139543056488,-0.7671226263046265,-0.10299203544855118,-0.1332419216632843,-0.9820041060447693,-0.11358266323804855,-0.16222788393497467,-0.7478594779968262,0.028154268860816956,-0.18864706158638,-1.0,-0.072300985455513,-0.17276211082935333,-0.8314223289489746,-0.11487110704183578,-0.15026096999645233,-0.7307678461074829,-0.12092724442481995,-0.05190566927194595,-0.7255011200904846,0.01902276836335659,-0.04567456245422363,-0.9538419246673584,-0.07831862568855286,-0.06055625155568123,-0.673849880695343,-0.08631708472967148,-0.06458919495344162,-0.6492189764976501,-0.05991561338305473,0.056851211935281754,-0.6779584884643555,-0.011623626574873924,0.06565923243761063,-0.8652541041374207,-0.11490145325660706,0.030601415783166885,-0.5961146354675293,-0.07850153744220734,0.022302988916635513,-0.5634250640869141,-0.020327597856521606,0.16102972626686096,-0.6120544075965881,-0.048039089888334274,0.15835797786712646,-0.7753711342811584,-0.09738683700561523,0.1193077564239502,-0.5953366756439209,-0.05827967822551727,0.11242681741714478,-0.5324501395225525,-0.009435083717107773
T,T_session_002,241,0.0,0.0,0.0,-0.13018421828746796,-0.20315062999725342,-0.052531059831380844,-0.19649291038513184,-0.4892524182796478,-0.07374915480613708,-0.16801851987838745,-0.7671027779579163,-0.10125686973333359,-0.13949184119701385,-0.9806188344955444,-0.11056134104728699,-0.16336461901664734,-0.7506781220436096,0.029610702767968178,-0.18767470121383667,-1.0,-0.06947696208953857,-0.1712716817855835,-0.8317509293556213,-0.11137094348669052,-0.14926783740520477,-0.7328291535377502,-0.11723817139863968,-0.052139658480882645,-0.7279151082038879,0.020908324047923088,-0.04483040049672127,-0.9528201222419739,-0.07607060670852661,-0.0599481463432312,-0.6734414100646973,-0.0847775936126709,-0.06409864127635956,-0.6511806845664978,-0.05887814983725548,0.05712105706334114,-0.6800788044929504,-0.009300134144723415,0.06748759001493454,-0.8639386892318726,-0.1128958985209465,0.03165129944682121,-0.5953394770622253,-0.07783573120832443,0.022564424201846123,-0.5657095909118652,-0.02066233567893505,0.16129690408706665,-0.6151167750358582,-0.0452648401260376,0.1609659492969513,-0.7722423076629639,-0.09550350904464722,0.1207355409860611,-0.5920692682266235,-0.05741715803742409,0.11197924613952637,-0.5319676995277405,-0.009289144538342953
T,T_session_002,242,0.0,0.0,0.0,-0.1294969767332077,-0.2050960808992386,-0.05567508563399315,-0.1959233433008194,-0.4928259253501892,-0.07807087153196335,-0.1672184318304062,-0.7718474268913269,-0.10600608587265015,-0.1346600353717804,-0.9853578209877014,-0.11571022123098373,-0.1646326333284378,-0.7568960785865784,0.027715425938367844,-0.18982213735580444,-1.0,-0.07158225029706955,-0.17425760626792908,-0.8431711792945862,-0.1137584000825882,-0.15170706808567047,-0.7486571073532104,-0.12001871317625046,-0.051063377410173416,-0.7342055439949036,0.02053062990307808,-0.0448429211974144,-0.958732008934021,-0.07831212133169174,-0.0612882524728775,-0.6795839667320251,-0.08733877539634705,-0.06494438648223877,-0.6541022658348083,-0.06084392964839935,0.06012069806456566,-0.6842268705368042,-0.00835707038640976,0.0691303163766861,-0.868809700012207,-0.11320458352565765,0.032321538776159286,-0.6019676327705383,-0.07790829986333847,0.0235535129904747,-0.5696908831596375,-0.019757138565182686,0.16500402987003326,-0.6160620450973511,-0.0432460755109787,0.16301701962947845,-0.7730677723884583,-0.09427785128355026,0.12166255712509155,-0.5967244505882263,-0.056498680263757706,0.11330781131982803,-0.5373811721801758,-0.00811022613197565
T,T_session_002,243,0.0,0.0,0.0,-0.12966503202915192,-0.20705899596214294,-0.049581900238990784,-0.19467218220233917,-0.4926875829696655,-0.07002370059490204,-0.16498389840126038,-0.767707109451294,-0.09717795252799988,-0.1346910297870636,-0.9812648892402649,-0.10725878179073334,-0.16016924381256104,-0.7551260590553284,0.03132828697562218,-0.18620392680168152,-1.0,-0.0661461129784584,-0.17175999283790588,-0.8446803689002991,-0.11092810332775116,-0.14825671911239624,-0.7486169338226318,-0.11982571333646774,-0.048794545233249664,-0.732516884803772,0.02131050080060959,-0.04173055291175842,-0.9557772278785706,-0.07510155439376831,-0.06053324416279793,-0.687400758266449,-0.08768540620803833,-0.06486886739730835,-0.654567539691925,-0.06540706008672714,0.06020745635032654,-0.6817957162857056,-0.009417342022061348,0.06937011331319809,-0.8688838481903076,-0.10983122885227203,0.030520983040332794,-0.6116511821746826,-0.07769835740327835,0.02047189138829708,-0.5738911032676697,-0.023562807589769363,0.1641594022512436,-0.612849235534668,-0.04575762152671814,0.16260772943496704,-0.776090681552887,-0.09321668744087219,0.11960099637508392,-0.6056048274040222,-0.056160613894462585,0.10942672938108444,-0.5435993671417236,-0.009540376253426075
T,T_session_002,244,0.0,0.0,0.0,-0.1294800341129303,-0.20119483768939972,-0.04955565184354782,-0.1979224681854248,-0.4863351285457611,-0.07165194302797318,-0.16827353835105896,-0.7641700506210327,-0.10038407146930695,-0.1299297958612442,-0.97711181640625,-0.11207515001296997,-0.1635873019695282,-0.7530744671821594,0.02667517028748989,-0.19045394659042358,-1.0,-0.07199182361364365,-0.1759049892425537,-0.844835638999939,-0.11612331122159958,-0.15221565961837769,-0.7451463341712952,-0.12441402673721313,-0.05180252343416214,-0.7330769300460815,0.016054019331932068,-0.04461826756596565,-0.9561659097671509,-0.08070997148752213,-0.06279465556144714,-0.6833133697509766,-0.09072775393724442,-0.06722909957170486,-0.6492827534675598,-0.06664558500051498,0.057578206062316895,-0.683752179145813,-0.015188316814601421,0.0664844885468483,-0.8689831495285034,-0.11650826036930084,0.02864067442715168,-0.6079753637313843,-0.08229389041662216,0.018334396183490753,-0.5696330666542053,-0.026692422106862068,0.16161604225635529,-0.6142184734344482,-0.05200839042663574,0.16013850271701813,-0.7770084738731384,-0.10063255578279495,0.11795403063297272,-0.6042798757553101,-0.06287527829408646,0.10721879452466965,-0.5421144962310791,-0.015648558735847473
T,T_session_002,245,0.0,0.0,0.0,-0.1291695088148117,-0.19989781081676483,-0.053598299622535706,-0.19810748100280762,-0.48701637983322144,-0.07576967030763626,-0.16923965513706207,-0.7680312395095825,-0.1035541519522667,-0.131822869181633,-0.9831909537315369,-0.1134030744433403,-0.16501550376415253,-0.7556318640708923,0.028176113963127136,-0.19214652478694916,-1.0,-0.06998530775308609,-0.17782683670520782,-0.8459659814834595,-0.11195950210094452,-0.15560388565063477,-0.7464072108268738,-0.11832332611083984,-0.0522705614566803,-0.7360109090805054,0.019949693232774734,-0.04659103974699974,-0.9558484554290771,-0.07712195813655853,-0.06347324699163437,-0.6797921657562256,-0.08591151982545853,-0.06856861710548401,-0.6509130597114563,-0.060063742101192474,0.05787527188658714,-0.6861048340797424,-0.009656377136707306,0.06710541248321533,-0.8662117123603821,-0.11323537677526474,0.030381090939044952,-0.5996954441070557,-0.07850980013608932,0.019290724769234657,-0.5664010047912598,-0.021604014560580254,0.16219304502010345,-0.6166152954101562,-0.0450533889234066,0.16164347529411316,-0.7694554924964905,-0.09605465084314346,0.12054137140512466,-0.5910760164260864,-0.0589519627392292,0.10938401520252228,-0.5338422060012817,-0.011463262140750885
T,T_session_002,246,0.0,0.0,0.0,-0.1292756050825119,-0.20393362641334534,-0.05300050601363182,-0.19896237552165985,-0.4834257960319519,-0.07748638838529587,-0.17141374945640564,-0.7598522305488586,-0.10799631476402283,-0.13338381052017212,-0.9732039570808411,-0.12131796777248383,-0.16723620891571045,-0.7540596127510071,0.02456805109977722,-0.1894567459821701,-1.0,-0.07420460134744644,-0.1731502264738083,-0.8524810671806335,-0.11941040307283401,-0.15168066322803497,-0.7537912130355835,-0.12868431210517883,-0.054997168481349945,-0.7329796552658081,0.015319634228944778,-0.04558508098125458,-0.9562429189682007,-0.08173588663339615,-0.06161101534962654,-0.6869014501571655,-0.0937468484044075,-0.06856786459684372,-0.6531927585601807,-0.07140952348709106,0.05540112778544426,-0.6846294403076172,-0.014600005000829697,0.06750301271677017,-0.8717190027236938,-0.11524132639169693,0.03087419830262661,-0.6125736832618713,-0.08142241090536118,0.017455989494919777,-0.5718037486076355,-0.026640823110938072,0.15981608629226685,-0.6163756251335144,-0.050548240542411804,0.16098575294017792,-0.7786016464233398,-0.09893612563610077,0.12010571360588074,-0.6052443385124207,-0.06113276258111,0.10804877430200577,-0.5411810278892517,-0.014093667268753052
T,T_session_002,247,0.0,0.0,0.0,-0.12976182997226715,-0.21136845648288727,-0.04737362638115883,-0.20001405477523804,-0.4818112552165985,-0.07110492885112762,-0.17529241740703583,-0.7490851283073425,-0.10251569002866745,-0.13377103209495544,-0.9551313519477844,-0.11749282479286194,-0.16084298491477966,-0.7491503357887268,0.028990551829338074,-0.18319673836231232,-1.0,-0.06636108458042145,-0.167496919631958,-0.8508467078208923,-0.11033955216407776,-0.14692208170890808,-0.7477527260780334,-0.11910757422447205,-0.05141029506921768,-0.7263178825378418,0.0176645927131176,-0.0439370796084404,-0.9501994848251343,-0.07423508912324905,-0.05947575718164444,-0.6862558126449585,-0.08589742332696915,-0.06513711810112,-0.6501137018203735,-0.06487824767827988,0.056902725249528885,-0.678215503692627,-0.013605259358882904,0.06692923605442047,-0.8680140376091003,-0.10956799238920212,0.03132250905036926,-0.6116799116134644,-0.07630279660224915,0.01948956958949566,-0.5648037195205688,-0.02320132590830326,0.16072620451450348,-0.6100914478302002,-0.05041513219475746,0.1567150205373764,-0.7795892953872681,-0.09502892941236496,0.116399846971035,-0.6077123880386353,-0.05625097453594208,0.10687758773565292,-0.536588728427887,-0.00940016284584999
T,T_session_002,248,0.0,0.0,0.0,-0.1291930228471756,-0.21030111610889435,-0.05451565980911255,-0.19863153994083405,-0.49022987484931946,-0.08092750608921051,-0.1721801608800888,-0.7657115459442139,-0.11387137323617935,-0.1319693624973297,-0.9778409004211426,-0.12898528575897217,-0.16298571228981018,-0.7602208256721497,0.02832995168864727,-0.18183964490890503,-1.0,-0.06920432299375534,-0.16604816913604736,-0.8539649248123169,-0.11097244918346405,-0.1463845670223236,-0.7517030835151672,-0.11721459776163101,-0.05000726506114006,-0.7368249893188477,0.019681597128510475,-0.04060991108417511,-0.9510347247123718,-0.07601121813058853,-0.05583115667104721,-0.6787130832672119,-0.08483348786830902,-0.06177748739719391,-0.6502294540405273,-0.059679463505744934,0.0610194131731987,-0.6870137453079224,-0.010499048978090286,0.07175761461257935,-0.8656058311462402,-0.11210742592811584,0.036799196153879166,-0.6035082340240479,-0.07694128155708313,0.02389685995876789,-0.5648521184921265,-0.020577600225806236,0.16613391041755676,-0.6174140572547913,-0.04680279642343521,0.16561909019947052,-0.7732425332069397,-0.09676072001457214,0.12505240738391876,-0.5977246761322021,-0.05938854441046715,0.11312959343194962,-0.5347649455070496,-0.012051226571202278
T,T_session_002,249,0.0,0.0,0.0,-0.13232703506946564,-0.22032126784324646,-0.05048328638076782,-0.20338137447834015,-0.4918893873691559,-0.07643052190542221,-0.17436537146568298,-0.7585275769233704,-0.10893461853265762,-0.12962739169597626,-0.9608943462371826,-0.125397190451622,-0.16428141295909882,-0.7724729776382446,0.026795918121933937,-0.18002116680145264,-1.0,-0.06338158994913101,-0.16640116274356842,-0.8896191120147705,-0.10500597953796387,-0.14916151762008667,-0.8019598126411438,-0.11455315351486206,-0.0509401299059391,-0.7501567006111145,0.01577831618487835,-0.038143496960401535,-0.9586150646209717,-0.07391432672739029,-0.05602537840604782,-0.702508807182312,-0.0840630903840065,-0.06630239635705948,-0.6659269332885742,-0.06267786026000977,0.060712601989507675,-0.6999495625495911,-0.014894688501954079,0.07626058906316757,-0.8760746121406555,-0.1090373694896698,0.03895165026187897,-0.6289317011833191,-0.07429823279380798,0.02226109802722931,-0.5797081589698792,-0.021579328924417496,0.16671888530254364,-0.6229849457740784,-0.05175350606441498,0.1726447492837906,-0.7808658480644226,-0.09859257191419601,0.1295733004808426,-0.6106371283531189,-0.060471758246421814,0.11215269565582275,-0.5407161712646484,-0.014310549944639206
T,T_session_002,250,0.0,0.0,0.0,-0.13687030971050262,-0.22214749455451965,-0.04163406044244766,-0.20350685715675354,-0.5065179467201233,-0.06182358041405678,-0.16533958911895752,-0.7721434831619263,-0.09041863679885864,-0.1212751716375351,-0.9728375673294067,-0.10468243062496185,-0.1539466381072998,-0.7685540318489075,0.03254126384854317,-0.1758623868227005,-1.0,-0.05660425126552582,-0.16734467446804047,-0.8739016056060791,-0.09877417981624603,-0.14730077981948853,-0.7842519879341125,-0.10894665122032166,-0.042072225362062454,-0.7474592328071594,0.01685805432498455,-0.03523269668221474,-0.9627861976623535,-0.07116018235683441,-0.05946698412299156,-0.7036424875259399,-0.08075205236673355,-0.06391720473766327,-0.6570066809654236,-0.059064678847789764,0.06695828586816788,-0.6945058107376099,-0.017902879044413567,0.07701542973518372,-0.8816992044448853,-0.11099641025066376,0.034426867961883545,-0.6291623115539551,-0.07613284140825272,0.024059593677520752,-0.5714002251625061,-0.023015303537249565,0.17175711691379547,-0.6149730086326599,-0.058074042201042175,0.17100399732589722,-0.7841115593910217,-0.10418695211410522,0.12405937165021896,-0.6132612824440002,-0.06550561636686325,0.11116643249988556,-0.5375998616218567,-0.018906395882368088
T,T_session_002,251,0.0,0.0,0.0,-0.1379370540380478,-0.2229471504688263,-0.045013755559921265,-0.203412264585495,-0.509406328201294,-0.06494896113872528,-0.16091568768024445,-0.7796692848205566,-0.09208440035581589,-0.11041733622550964,-0.9788462519645691,-0.10348336398601532,-0.15421032905578613,-0.7702828049659729,0.03437742963433266,-0.17319314181804657,-1.0,-0.055316388607025146,-0.16690123081207275,-0.8667354583740234,-0.09835879504680634,-0.1471453309059143,-0.7822628617286682,-0.10982709378004074,-0.03938702121376991,-0.7466945648193359,0.021369585767388344,-0.03366176411509514,-0.9611429572105408,-0.06783900409936905,-0.060744430869817734,-0.699999213218689,-0.07798119634389877,-0.06401508301496506,-0.6577931642532349,-0.056571271270513535,0.0701952800154686,-0.6910202503204346,-0.011370526626706123,0.07948464900255203,-0.8814942240715027,-0.10414188355207443,0.033480193465948105,-0.6296402215957642,-0.06869347393512726,0.024066762998700142,-0.5759831070899963,-0.015402321703732014,0.17454339563846588,-0.6105026006698608,-0.05005854740738869,0.17427942156791687,-0.7723482847213745,-0.0956583246588707,0.12422346323728561,-0.6042755842208862,-0.05809851363301277,0.11023116111755371,-0.5349647402763367,-0.012508141808211803
T,T_session_002,252,0.0,0.0,0.0,-0.12962278723716736,-0.23205654323101044,-0.046109914779663086,-0.19772903621196747,-0.509968101978302,-0.06901837885379791,-0.16152448952198029,-0.7759565711021423,-0.0987355038523674,-0.10736965388059616,-0.9753084778785706,-0.11276533454656601,-0.15107405185699463,-0.7883594632148743,0.03173626586794853,-0.17120742797851562,-1.0,-0.056722886860370636,-0.16528935730457306,-0.8917831778526306,-0.09849386662244797,-0.14206242561340332,-0.8248293995857239,-0.11031536012887955,-0.03417002782225609,-0.7600618004798889,0.018542177975177765,-0.029264401644468307,-0.9672229290008545,-0.07155995070934296,-0.05831636115908623,-0.7073283195495605,-0.08036638796329498,-0.06016945838928223,-0.6736793518066406,-0.05762846767902374,0.07830432802438736,-0.7023848295211792,-0.014113470911979675,0.08721530437469482,-0.8832016587257385,-0.10777737945318222,0.0394420400261879,-0.6336573958396912,-0.07046183198690414,0.031536806374788284,-0.5855938792228699,-0.015616824850440025,0.18479932844638824,-0.6174649596214294,-0.05291708931326866,0.18442218005657196,-0.7765491604804993,-0.09895320236682892,0.1326209008693695,-0.6082015037536621,-0.060035355389118195,0.11926928907632828,-0.5407658219337463,-0.013147838413715363
T,T_session_002,253,0.0,0.0,0.0,-0.13016082346439362,-0.2389429360628128,-0.04512373358011246,-0.1940504014492035,-0.5225698947906494,-0.06469366699457169,-0.15205895900726318,-0.7951573133468628,-0.09044431149959564,-0.09542196989059448,-0.9900479316711426,-0.09951325505971909,-0.14684011042118073,-0.7898335456848145,0.035288676619529724,-0.16252285242080688,-1.0,-0.05105482041835785,-0.16555684804916382,-0.8899304270744324,-0.09099742770195007,-0.14334255456924438,-0.839142382144928,-0.10310381650924683,-0.028307542204856873,-0.7532373070716858,0.02328517474234104,-0.023827368393540382,-0.9665339589118958,-0.06578134745359421,-0.059861645102500916,-0.7034322619438171,-0.07306402921676636,-0.059459537267684937,-0.6791656613349915,-0.0495980903506279,0.08356964588165283,-0.6913838982582092,-0.00829450786113739,0.093995101749897,-0.879209041595459,-0.09988833963871002,0.039309799671173096,-0.6260926723480225,-0.06084052845835686,0.034886434674263,-0.5797777771949768,-0.005270672496408224,0.19017228484153748,-0.6064050197601318,-0.04627441614866257,0.18995767831802368,-0.7696223855018616,-0.08955555409193039,0.13429976999759674,-0.6044666767120361,-0.0506390742957592,0.12349337339401245,-0.5372391939163208,-0.004435778129845858
T,T_session_002,254,0.0,0.0,0.0,-0.1265127956867218,-0.23990659415721893,-0.04470561072230339,-0.1834266632795334,-0.5208423137664795,-0.06171184405684471,-0.14284002780914307,-0.7912824749946594,-0.08363337069749832,-0.09193216264247894,-0.9825700521469116,-0.08810174465179443,-0.135481059551239,-0.7897918820381165,0.02934296615421772,-0.1484452337026596,-1.0,-0.0535350926220417,-0.1531408727169037,-0.8458743691444397,-0.09189174324274063,-0.1320004016160965,-0.7873222827911377,-0.10507834702730179,-0.01720067858695984,-0.7497562766075134,0.018770970404148102,-0.0146842235699296,-0.9608768820762634,-0.06680084019899368,-0.05156591534614563,-0.6948497295379639,-0.07571135461330414,-0.04764501377940178,-0.6687716841697693,-0.05652338266372681,0.09305434674024582,-0.6834279894828796,-0.009987454861402512,0.10142882168292999,-0.8724422454833984,-0.09652664512395859,0.04372447729110718,-0.618410587310791,-0.057358745485544205,0.044079527258872986,-0.5685897469520569,-0.004415231291204691,0.19835500419139862,-0.5970463752746582,-0.045039691030979156,0.1943311095237732,-0.7563658952713013,-0.08484713733196259,0.13789287209510803,-0.5944862365722656,-0.0463830828666687,0.13233470916748047,-0.5307804942131042,-0.002138305688276887
T,T_session_002,255,0.0,0.0,0.0,-0.12905195355415344,-0.22907185554504395,-0.042630214244127274,-0.19069768488407135,-0.5140970945358276,-0.057709332555532455,-0.15239739418029785,-0.7830560803413391,-0.07825952768325806,-0.10309131443500519,-0.9728586077690125,-0.08063272386789322,-0.13546177744865417,-0.7864962220191956,0.03270971402525902,-0.15048791468143463,-1.0,-0.050379280000925064,-0.1550147980451584,-0.8366391658782959,-0.0865316241979599,-0.13456037640571594,-0.7712979316711426,-0.0968744158744812,-0.019710933789610863,-0.7448980212211609,0.021343950182199478,-0.01781730353832245,-0.9543980956077576,-0.06288623809814453,-0.055528879165649414,-0.6868177056312561,-0.0693306177854538,-0.05163880065083504,-0.6655518412590027,-0.04792965203523636,0.08965293318033218,-0.677945077419281,-0.008590715005993843,0.09589581191539764,-0.8626958131790161,-0.09517986327409744,0.03876498341560364,-0.6069358587265015,-0.055269256234169006,0.039689596742391586,-0.5635480284690857,-0.00141761580016464,0.1940992921590805,-0.5932480096817017,-0.04453697055578232,0.18970747292041779,-0.747937023639679,-0.08421294391155243,0.13459262251853943,-0.585515022277832,-0.04525117948651314,0.13042007386684418,-0.5264495015144348,-0.0003400671121198684
T,T_session_002,256,0.0,0.0,0.0,-0.13203971087932587,-0.24777479469776154,-0.03735245391726494,-0.1892213672399521,-0.5392122864723206,-0.04983559250831604,-0.14093980193138123,-0.8047859072685242,-0.06973244994878769,-0.09153485298156738,-0.9934810400009155,-0.07404395937919617,-0.13160336017608643,-0.7932948470115662,0.04230828210711479,-0.1496461182832718,-1.0,-0.03684896230697632,-0.15912482142448425,-0.886943519115448,-0.07224395871162415,-0.14145271480083466,-0.8446696400642395,-0.0830153077840805,-0.015305946581065655,-0.7541808485984802,0.027323532849550247,-0.012423492968082428,-0.9648422002792358,-0.05757845938205719,-0.05488624423742294,-0.7052420377731323,-0.06543869525194168,-0.05342330411076546,-0.6813780069351196,-0.043571390211582184,0.09550847858190536,-0.6883795261383057,-0.005884189624339342,0.10087765008211136,-0.8764771819114685,-0.09568022936582565,0.04100411385297775,-0.6193159818649292,-0.05784933269023895,0.04017689451575279,-0.5700476765632629,-0.0034389530774205923,0.20142397284507751,-0.6009729504585266,-0.044514428824186325,0.1949741095304489,-0.7623050212860107,-0.08698103576898575,0.1366640329360962,-0.5987776517868042,-0.048373159021139145,0.1301557719707489,-0.5345211029052734,-0.0027074976824223995
T,T_session_002,257,0.0,0.0,0.0,-0.1353001445531845,-0.22414441406726837,-0.04322555288672447,-0.19130270183086395,-0.5305563807487488,-0.05326217785477638,-0.14074896275997162,-0.8027146458625793,-0.06838655471801758,-0.09428881853818893,-0.9824427366256714,-0.06504759937524796,-0.12694665789604187,-0.7809944748878479,0.029899463057518005,-0.13484804332256317,-1.0,-0.05345531180500984,-0.14472299814224243,-0.8136834502220154,-0.08724085986614227,-0.13181045651435852,-0.7445790767669678,-0.09557972103357315,-0.011678197421133518,-0.7303272485733032,0.019642526283860207,-0.008586118929088116,-0.9426411390304565,-0.06450290977954865,-0.05079860985279083,-0.6692034602165222,-0.06840988993644714,-0.04780477657914162,-0.6508346796035767,-0.04558213800191879,0.09653785824775696,-0.6591004729270935,-0.009532319381833076,0.10576237738132477,-0.8511164784431458,-0.09747336059808731,0.04390190914273262,-0.5870484709739685,-0.055323634296655655,0.04314098507165909,-0.5426723957061768,-2.735797897912562e-05,0.20123419165611267,-0.574177086353302,-0.0448017343878746,0.20094576478004456,-0.736312747001648,-0.08723818510770798,0.14373241364955902,-0.5682172179222107,-0.04851723089814186,0.13788394629955292,-0.5058603286743164,-0.0036469055339694023
T,T_session_002,258,0.0,0.0,0.0,-0.13053596019744873,-0.22773246467113495,-0.03767319396138191,-0.19026802480220795,-0.5288046002388,-0.04877162724733353,-0.14344584941864014,-0.79604172706604,-0.06724344193935394,-0.08916034549474716,-0.9836283326148987,-0.06882825493812561,-0.12352573126554489,-0.7852843999862671,0.038824841380119324,-0.14342311024665833,-1.0,-0.04504643380641937,-0.15473589301109314,-0.8489772081375122,-0.08012600988149643,-0.13903185725212097,-0.7839846611022949,-0.08855397999286652,-0.012531446292996407,-0.7421459555625916,0.02414986491203308,-0.010334710590541363,-0.9547015428543091,-0.06190195679664612,-0.0521327443420887,-0.6876213550567627,-0.06760815531015396,-0.048988427966833115,-0.6653826832771301,-0.044022783637046814,0.09563986212015152,-0.6744716167449951,-0.009281391277909279,0.10090219974517822,-0.8671334981918335,-0.10135537385940552,0.04158146679401398,-0.6055700778961182,-0.06207853928208351,0.039893630892038345,-0.5605168342590332,-0.006392554845660925,0.19850726425647736,-0.5875213146209717,-0.047969307750463486,0.19710418581962585,-0.7536941766738892,-0.094122976064682,0.1384529322385788,-0.5840264558792114,-0.0560927540063858,0.12893331050872803,-0.5179553031921387,-0.010205496102571487
T,T_session_002,259,0.0,0.0,0.0,-0.13045985996723175,-0.23181530833244324,-0.040428001433610916,-0.18553826212882996,-0.5326530337333679,-0.0517437681555748,-0.1365634649991989,-0.7963261008262634,-0.06920219212770462,-0.08580056577920914,-0.9802514314651489,-0.06919130682945251,-0.12057091295719147,-0.7877117395401001,0.03418440744280815,-0.13865189254283905,-1.0,-0.04912848770618439,-0.14980879426002502,-0.8415114879608154,-0.08476771414279938,-0.1309737116098404,-0.7819867134094238,-0.0944662094116211,-0.007194907404482365,-0.7399407625198364,0.02192891202867031,-0.007742686662822962,-0.9511720538139343,-0.06290075182914734,-0.0526663213968277,-0.6850044131278992,-0.06822913140058517,-0.04619678109884262,-0.6643415093421936,-0.04576537758111954,0.10072369873523712,-0.6689602732658386,-0.009104490280151367,0.1046500951051712,-0.8623800873756409,-0.09852916747331619,0.04050933197140694,-0.6037918329238892,-0.05857109650969505,0.04170110076665878,-0.5575201511383057,-0.003658798523247242,0.2036348134279251,-0.5821746587753296,-0.04581012204289436,0.1975868046283722,-0.7487545609474182,-0.08802297711372375,0.1358034312725067,-0.584234893321991,-0.04917851835489273,0.12910552322864532,-0.5194462537765503,-0.003873908193781972
T,T_session_002,260,0.0,0.0,0.0,-0.13412591814994812,-0.23770219087600708,-0.037908971309661865,-0.1895694136619568,-0.538507878780365,-0.04822827875614166,-0.13817517459392548,-0.7989932894706726,-0.06581497192382812,-0.08668144047260284,-0.9804524779319763,-0.06674220412969589,-0.11794178187847137,-0.7902064919471741,0.04010941833257675,-0.13721713423728943,-1.0,-0.0431954599916935,-0.15152572095394135,-0.8377394676208496,-0.08053211122751236,-0.13289159536361694,-0.7879047393798828,-0.09200388938188553,-0.006573343183845282,-0.7388572692871094,0.0252931360155344,-0.005312513094395399,-0.9558720588684082,-0.0614006482064724,-0.05240865424275398,-0.6878871321678162,-0.06962119042873383,-0.04533445090055466,-0.6663739085197449,-0.04840055853128433,0.10062599182128906,-0.6668391227722168,-0.008226126432418823,0.10538985580205917,-0.8650429844856262,-0.10067849606275558,0.03954758867621422,-0.6011004447937012,-0.06257728487253189,0.04072478413581848,-0.5531713366508484,-0.007530575152486563,0.20392578840255737,-0.5794755220413208,-0.04699800908565521,0.19885483384132385,-0.7516759634017944,-0.09054894000291824,0.13580510020256042,-0.5822484493255615,-0.05110397934913635,0.12768419086933136,-0.5137898921966553,-0.004688285291194916
T,T_session_002,261,0.0,0.0,0.0,-0.13477911055088043,-0.23352429270744324,-0.037292178720235825,-0.1892108917236328,-0.5390125513076782,-0.046038225293159485,-0.13764901459217072,-0.8006267547607422,-0.06197800114750862,-0.08777322620153427,-0.9810287356376648,-0.061535634100437164,-0.1213482990860939,-0.7879344820976257,0.03990115597844124,-0.1365780085325241,-1.0,-0.04309970885515213,-0.15058499574661255,-0.8541191816329956,-0.07952041923999786,-0.13688910007476807,-0.8007947206497192,-0.08962572365999222,-0.009150153025984764,-0.7381826639175415,0.02519805356860161,-0.00392471207305789,-0.9498330354690552,-0.060538336634635925,-0.05050874873995781,-0.6849257946014404,-0.06740497797727585,-0.048602428287267685,-0.661405622959137,-0.044996991753578186,0.09939656406641006,-0.6666537523269653,-0.008201728574931622,0.10713745653629303,-0.8606758713722229,-0.10055143386125565,0.04237654060125351,-0.5970918536186218,-0.062373094260692596,0.03855366259813309,-0.5454173684120178,-0.007158399093896151,0.20378457009792328,-0.5768426060676575,-0.046808406710624695,0.20403924584388733,-0.7458206415176392,-0.09292659908533096,0.14253395795822144,-0.5769342184066772,-0.05499891936779022,0.1305941343307495,-0.5080797076225281,-0.009117888286709785
T,T_session_002,262,0.0,0.0,0.0,-0.13439849019050598,-0.23149099946022034,-0.03901307284832001,-0.18745268881320953,-0.5415167212486267,-0.04631054401397705,-0.13285920023918152,-0.8028711080551147,-0.05936885252594948,-0.0798061192035675,-0.979707658290863,-0.05567559227347374,-0.11994447559118271,-0.7918692827224731,0.03768507018685341,-0.13561096787452698,-1.0,-0.043828751891851425,-0.15395377576351166,-0.8700911402702332,-0.0785721093416214,-0.142171248793602,-0.8216562867164612,-0.08751675486564636,-0.006691832561045885,-0.7411339282989502,0.024455517530441284,-0.002893142867833376,-0.9523577094078064,-0.05944862216711044,-0.052342068403959274,-0.6892574429512024,-0.06373047083616257,-0.049566157162189484,-0.6679956912994385,-0.0393371656537056,0.10145155340433121,-0.6692559123039246,-0.007678864523768425,0.10759362578392029,-0.8613168001174927,-0.09847205877304077,0.04234277829527855,-0.6006836891174316,-0.058995045721530914,0.04060618579387665,-0.5536489486694336,-0.0030311301816254854,0.20489069819450378,-0.5795249938964844,-0.045315228402614594,0.2039312720298767,-0.7490410208702087,-0.08987792581319809,0.14302347600460052,-0.581861138343811,-0.05099544674158096,0.13362336158752441,-0.5149145722389221,-0.004594757687300444
T,T_session_002,263,0.0,0.0,0.0,-0.13403525948524475,-0.2309901863336563,-0.040330689400434494,-0.18901388347148895,-0.5423086285591125,-0.0476657971739769,-0.13530635833740234,-0.8073838949203491,-0.06076142564415932,-0.07891792804002762,-0.983848512172699,-0.05629833787679672,-0.12027426064014435,-0.7905693650245667,0.03947214409708977,-0.13459356129169464,-1.0,-0.04240310937166214,-0.1509014070034027,-0.8539995551109314,-0.0767039880156517,-0.1383693665266037,-0.8071473836898804,-0.0854119062423706,-0.007107852958142757,-0.7393162250518799,0.02713819034397602,-0.0030199370812624693,-0.9492267966270447,-0.057738691568374634,-0.05171936750411987,-0.6824788451194763,-0.06270124763250351,-0.04996459186077118,-0.6668570637702942,-0.038836609572172165,0.10091249644756317,-0.667213499546051,-0.004436573013663292,0.10800698399543762,-0.8592924475669861,-0.09691172093153,0.042478155344724655,-0.5957410335540771,-0.05869101360440254,0.03910785913467407,-0.5524635314941406,-0.0033050517085939646,0.20394331216812134,-0.5785492062568665,-0.041435979306697845,0.20325113832950592,-0.7465705871582031,-0.08681213110685349,0.1421813815832138,-0.5784160494804382,-0.0490485280752182,0.13218170404434204,-0.5133057236671448,-0.003392237238585949
T,T_session_002,264,0.0,0.0,0.0,-0.1337321549654007,-0.23348510265350342,-0.041858941316604614,-0.18954022228717804,-0.5375279784202576,-0.050425466150045395,-0.13632501661777496,-0.8015795946121216,-0.06434182822704315,-0.07961176335811615,-0.9784913659095764,-0.06034625694155693,-0.12174870818853378,-0.7909694910049438,0.03845977038145065,-0.13521185517311096,-1.0,-0.04376329481601715,-0.15069295465946198,-0.8442687392234802,-0.07964937388896942,-0.1361975073814392,-0.7988737225532532,-0.09020084887742996,-0.007501247338950634,-0.7392685413360596,0.02722766622900963,-0.003343945136293769,-0.9512097239494324,-0.057960037142038345,-0.052271004766225815,-0.6849749684333801,-0.0648597702383995,-0.049122780561447144,-0.6699624061584473,-0.043026652187108994,0.10083562135696411,-0.6677690148353577,-0.0031266999430954456,0.1084110289812088,-0.8642783164978027,-0.09450353682041168,0.0416308268904686,-0.6019484400749207,-0.05697565898299217,0.040236447006464005,-0.5581198930740356,-0.0026965653523802757,0.2045510858297348,-0.5812338590621948,-0.03909453749656677,0.2027186155319214,-0.7483127117156982,-0.08279711753129959,0.13988511264324188,-0.5815929174423218,-0.045079078525304794,0.13023988902568817,-0.5175011157989502,6.440855213440955e-05
T,T_session_002,265,0.0,0.0,0.0,-0.1334284096956253,-0.22891034185886383,-0.043833132833242416,-0.18839779496192932,-0.5377095937728882,-0.05268428102135658,-0.13537830114364624,-0.8020538687705994,-0.0665287896990776,-0.08102212846279144,-0.9773660898208618,-0.06196323782205582,-0.12082841992378235,-0.7899472117424011,0.03597554191946983,-0.13261523842811584,-1.0,-0.046754978597164154,-0.1467921882867813,-0.8369982838630676,-0.08123523741960526,-0.13522273302078247,-0.78630530834198,-0.09013479948043823,-0.006382775958627462,-0.7381361722946167,0.025710467249155045,-0.002619703533127904,-0.9453515410423279,-0.05964042618870735,-0.048872772604227066,-0.6773917078971863,-0.06529179215431213,-0.047189995646476746,-0.6653945446014404,-0.042319394648075104,0.10232808440923691,-0.6661461591720581,-0.004020931664854288,0.10935995727777481,-0.8580816984176636,-0.09574238955974579,0.045149099081754684,-0.5948904752731323,-0.05764157325029373,0.04215684533119202,-0.5548741817474365,-0.002947938395664096,0.20576363801956177,-0.5796805620193481,-0.039559848606586456,0.20381024479866028,-0.7432231903076172,-0.08448184281587601,0.1443656086921692,-0.5763601660728455,-0.04742328077554703,0.13616521656513214,-0.5155821442604065,-0.002497446723282337
T,T_session_002,266,0.0,0.0,0.0,-0.13152168691158295,-0.2356060892343521,-0.03693142905831337,-0.18840433657169342,-0.5362887978553772,-0.04471307247877121,-0.13805897533893585,-0.8023483753204346,-0.05890200659632683,-0.08307262510061264,-0.9844714403152466,-0.0561654157936573,-0.11980342119932175,-0.7905303835868835,0.041389767080545425,-0.13888218998908997,-1.0,-0.039701301604509354,-0.1549118161201477,-0.8732702136039734,-0.07498883455991745,-0.13798463344573975,-0.833307147026062,-0.08503942936658859,-0.00527861388400197,-0.7409847378730774,0.027599548920989037,-0.003462430788204074,-0.9560663104057312,-0.056527525186538696,-0.0516582652926445,-0.6941366791725159,-0.06198948249220848,-0.046332139521837234,-0.6779562830924988,-0.03874177113175392,0.1036590114235878,-0.6713877320289612,-0.0049032592214643955,0.10797502845525742,-0.8705464005470276,-0.09529153257608414,0.04294871166348457,-0.6115304231643677,-0.05679544061422348,0.04407211020588875,-0.5670146942138672,-0.0017070068279281259,0.20821502804756165,-0.5843972563743591,-0.04271318018436432,0.20466762781143188,-0.7559901475906372,-0.08578705787658691,0.14209921658039093,-0.5926795601844788,-0.04747945815324783,0.13364195823669434,-0.5281878113746643,-0.0018714995821937919
T,T_session_002,267,0.0,0.0,0.0,-0.13174988329410553,-0.2193749099969864,-0.046824607998132706,-0.189588263630867,-0.5271507501602173,-0.05710596591234207,-0.13725309073925018,-0.7951648831367493,-0.07064448297023773,-0.08336425572633743,-0.9744012355804443,-0.06518380343914032,-0.12009679526090622,-0.7884677052497864,0.024192433804273605,-0.13738958537578583,-1.0,-0.06072929501533508,-0.15209847688674927,-0.8337937593460083,-0.09423013031482697,-0.13361306488513947,-0.7858096361160278,-0.10238588601350784,-0.004103210289031267,-0.7327645421028137,0.0158831886947155,-0.0029799321200698614,-0.9449731707572937,-0.07038071751594543,-0.05081118643283844,-0.671920120716095,-0.07200655341148376,-0.042546216398477554,-0.6637640595436096,-0.04661877080798149,0.10510707646608353,-0.6604233384132385,-0.011837252415716648,0.1107587069272995,-0.8564456105232239,-0.10390780121088028,0.044743359088897705,-0.5894693732261658,-0.06166340783238411,0.048405203968286514,-0.5524276494979858,-0.004647386260330677,0.2098863422870636,-0.5764418244361877,-0.04566357657313347,0.2057691514492035,-0.7418469786643982,-0.09054981917142868,0.14515668153762817,-0.5735745429992676,-0.052121587097644806,0.14177976548671722,-0.5128722190856934,-0.006467787548899651
T,T_session_002,268,0.0,0.0,0.0,-0.1319037526845932,-0.22433719038963318,-0.039373673498630524,-0.19359822571277618,-0.5255652070045471,-0.050700027495622635,-0.14515472948551178,-0.7918310761451721,-0.06853311508893967,-0.09137015789747238,-0.9798999428749084,-0.07062874734401703,-0.1260157823562622,-0.7863919734954834,0.03453950583934784,-0.15213480591773987,-1.0,-0.04900285229086876,-0.16650202870368958,-0.9114779233932495,-0.08133930712938309,-0.14815478026866913,-0.8739643692970276,-0.08727717399597168,-0.01255117543041706,-0.7417699694633484,0.019861819222569466,-0.009453621692955494,-0.9606779217720032,-0.06778007745742798,-0.05581660568714142,-0.6972535252571106,-0.06832034885883331,-0.05003756284713745,-0.6788804531097412,-0.038999784737825394,0.09744585305452347,-0.6769251823425293,-0.01398393139243126,0.10065046697854996,-0.8712931871414185,-0.11096853762865067,0.0384892113506794,-0.6088823080062866,-0.06902165710926056,0.03931291401386261,-0.5647428035736084,-0.008797526359558105,0.20465321838855743,-0.5915133357048035,-0.05309644341468811,0.19731977581977844,-0.7685526609420776,-0.1017070859670639,0.13940301537513733,-0.6011037826538086,-0.061529822647571564,0.1340392827987671,-0.5316311717033386,-0.012684457004070282
T,T_session_002,269,0.0,0.0,0.0,-0.13344642519950867,-0.2136203944683075,-0.04252038896083832,-0.19506147503852844,-0.5164190530776978,-0.055047113448381424,-0.14660152792930603,-0.7843980193138123,-0.07343117147684097,-0.09280794858932495,-0.9707342982292175,-0.07446900755167007,-0.12612135708332062,-0.7808977961540222,0.02835303358733654,-0.1486765444278717,-1.0,-0.060846246778964996,-0.1635192483663559,-0.8487237691879272,-0.0970221757888794,-0.1480696201324463,-0.790227472782135,-0.10490227490663528,-0.013112013228237629,-0.7342324256896973,0.015717139467597008,-0.012756736017763615,-0.9507408738136292,-0.07440898567438126,-0.0577554814517498,-0.6776237487792969,-0.07767307758331299,-0.05184391140937805,-0.6616043448448181,-0.05128723755478859,0.0954417884349823,-0.6677255630493164,-0.016408665105700493,0.09791387617588043,-0.8613730072975159,-0.1133347749710083,0.0359734408557415,-0.5932092666625977,-0.07235678285360336,0.036969441920518875,-0.5532150864601135,-0.013804970309138298,0.20041923224925995,-0.5856719613075256,-0.05400041490793228,0.1931227743625641,-0.757658064365387,-0.1017952635884285,0.13504210114479065,-0.5867010354995728,-0.06272704154253006,0.13019023835659027,-0.5224504470825195,-0.015184517949819565
T,T_session_002,270,0.0,0.0,0.0,-0.13411164283752441,-0.21742844581604004,-0.038675300776958466,-0.20386680960655212,-0.5088079571723938,-0.05313839018344879,-0.162565678358078,-0.779447615146637,-0.07511746138334274,-0.10680785030126572,-0.9682579636573792,-0.08140240609645844,-0.1407698690891266,-0.7798234224319458,0.03278288245201111,-0.16686499118804932,-1.0,-0.05392147973179817,-0.1748141050338745,-0.8873119950294495,-0.08928932249546051,-0.1546672135591507,-0.8481455445289612,-0.09783980250358582,-0.02778468281030655,-0.7410606145858765,0.01607753522694111,-0.021869154646992683,-0.9672095775604248,-0.07633458822965622,-0.06184253841638565,-0.6963943243026733,-0.08107414841651917,-0.059993818402290344,-0.6768778562545776,-0.054728634655475616,0.08394533395767212,-0.6822340488433838,-0.019232170656323433,0.09003042429685593,-0.8836850523948669,-0.11962281167507172,0.03364387899637222,-0.6132774949073792,-0.07846459001302719,0.031180808320641518,-0.5673908591270447,-0.018475504592061043,0.19323118031024933,-0.602660059928894,-0.05948901176452637,0.18775080144405365,-0.7814880013465881,-0.10955284535884857,0.13359595835208893,-0.6071313619613647,-0.06878231465816498,0.12683017551898956,-0.5376890301704407,-0.019510161131620407
T,T_session_002,271,0.0,0.0,0.0,-0.1349390149116516,-0.22314304113388062,-0.041673820465803146,-0.20578458905220032,-0.5132970809936523,-0.055480100214481354,-0.16495941579341888,-0.7878550291061401,-0.0745292603969574,-0.1124875545501709,-0.9827893972396851,-0.07798803597688675,-0.15290898084640503,-0.785990834236145,0.031191330403089523,-0.17846006155014038,-1.0,-0.04825215041637421,-0.18765366077423096,-0.9483725428581238,-0.0806717574596405,-0.16940458118915558,-0.9198675751686096,-0.08890879154205322,-0.03444710746407509,-0.7543436288833618,0.017826441675424576,-0.03269895166158676,-0.9751639366149902,-0.06671961396932602,-0.06991327553987503,-0.7184044718742371,-0.06796550750732422,-0.06860501319169998,-0.6933517456054688,-0.04122179001569748,0.0781148374080658,-0.6978358626365662,-0.01404961571097374,0.08203886449337006,-0.8952855467796326,-0.10502243041992188,0.02779981680214405,-0.6385514140129089,-0.06160693243145943,0.025068752467632294,-0.5881937742233276,-0.0035742823965847492,0.18921783566474915,-0.6156695485115051,-0.052023716270923615,0.18120159208774567,-0.7896471619606018,-0.09810886532068253,0.1271611750125885,-0.6235187649726868,-0.05810113623738289,0.11776360124349594,-0.5548056364059448,-0.011200466193258762
T,T_session_002,272,0.0,0.0,0.0,-0.1438589096069336,-0.22501146793365479,-0.03919798135757446,-0.21617913246154785,-0.5172398090362549,-0.05488502234220505,-0.17546391487121582,-0.7932546734809875,-0.0781591609120369,-0.12928348779678345,-0.9970938563346863,-0.08882027119398117,-0.16245675086975098,-0.7768540978431702,0.03318769484758377,-0.19051821529865265,-1.0,-0.04641582816839218,-0.197365865111351,-0.9510460495948792,-0.08201883733272552,-0.17837926745414734,-0.9258192181587219,-0.0929923877120018,-0.0445789135992527,-0.7536459565162659,0.01603427156805992,-0.040899891406297684,-0.9878902435302734,-0.07206282019615173,-0.07450783997774124,-0.7321025729179382,-0.0783134400844574,-0.07238690555095673,-0.6894636154174805,-0.05369480699300766,0.07006227225065231,-0.7013012170791626,-0.01892877370119095,0.07426091283559799,-0.9099853038787842,-0.1128842905163765,0.023217715322971344,-0.6515545845031738,-0.0719386488199234,0.020167846232652664,-0.5883457064628601,-0.013894771225750446,0.18355372548103333,-0.6218206882476807,-0.059498969465494156,0.17080676555633545,-0.8082156181335449,-0.10698762536048889,0.11970726400613785,-0.6396825313568115,-0.06579527258872986,0.11259826272726059,-0.5611346364021301,-0.017340192571282387
T,T_session_002,273,0.0,0.0,0.0,-0.1423276960849762,-0.21437202394008636,-0.04610177129507065,-0.21205271780490875,-0.5086281299591064,-0.06400266289710999,-0.17171315848827362,-0.7854812145233154,-0.08828280121088028,-0.12855328619480133,-0.9866603016853333,-0.09682171791791916,-0.16330572962760925,-0.7757408618927002,0.028011327609419823,-0.18749044835567474,-1.0,-0.060189295560121536,-0.18795093894004822,-0.889322817325592,-0.09889126569032669,-0.16826631128787994,-0.836700975894928,-0.10910239070653915,-0.04502899944782257,-0.7487591505050659,0.014776155352592468,-0.04227786138653755,-0.9706739783287048,-0.07692543417215347,-0.07183949649333954,-0.7013584971427917,-0.08317776769399643,-0.07177453488111496,-0.6719428300857544,-0.058231282979249954,0.06925325840711594,-0.6947764158248901,-0.01798909530043602,0.07476107776165009,-0.8917021155357361,-0.11468187719583511,0.02791435644030571,-0.6246835589408875,-0.07336076349020004,0.02449444681406021,-0.5732938051223755,-0.014675967395305634,0.18174952268600464,-0.6176691055297852,-0.05698675662279129,0.17446640133857727,-0.7887375950813293,-0.10505680739879608,0.1247103288769722,-0.6160439848899841,-0.0647822842001915,0.11683008819818497,-0.547880232334137,-0.016496878117322922
T,T_session_002,274,0.0,0.0,0.0,-0.14201979339122772,-0.2142966091632843,-0.04352227598428726,-0.21591228246688843,-0.49936774373054504,-0.06412477046251297,-0.17939449846744537,-0.773231029510498,-0.09239985793828964,-0.1331060826778412,-0.9801731705665588,-0.10616134852170944,-0.167843759059906,-0.7742040753364563,0.030299097299575806,-0.19627413153648376,-1.0,-0.060065265744924545,-0.196384459733963,-0.9193961024284363,-0.10132040083408356,-0.1796189844608307,-0.8700850009918213,-0.112783282995224,-0.0511028990149498,-0.7512273192405701,0.014121835120022297,-0.04745069891214371,-0.9777841567993164,-0.08072400093078613,-0.07401415705680847,-0.7109919190406799,-0.0895640179514885,-0.07712767273187637,-0.6755675077438354,-0.06549113243818283,0.06432629376649857,-0.7011594772338867,-0.021120691671967506,0.07059472054243088,-0.9033805131912231,-0.12130927294492722,0.027902662754058838,-0.6366050243377686,-0.08060616999864578,0.02095423825085163,-0.5813139081001282,-0.021291306242346764,0.17622129619121552,-0.6248161196708679,-0.06219423562288284,0.17250730097293854,-0.8012006878852844,-0.11357024312019348,0.1240791529417038,-0.6227759718894958,-0.07244040071964264,0.11076103895902634,-0.5476085543632507,-0.0227339006960392
T,T_session_002,275,0.0,0.0,0.0,-0.14188554883003235,-0.2223942130804062,-0.04049190878868103,-0.2130613923072815,-0.5101450085639954,-0.057433824986219406,-0.17447136342525482,-0.7861207127571106,-0.08150602877140045,-0.13126753270626068,-0.995610773563385,-0.09213019162416458,-0.16546329855918884,-0.7779573798179626,0.03042059764266014,-0.19793108105659485,-1.0,-0.056187279522418976,-0.20352302491664886,-0.9419097304344177,-0.09689339995384216,-0.1823667287826538,-0.9067661166191101,-0.10968004912137985,-0.04724475368857384,-0.756842851638794,0.013694334775209427,-0.04715549573302269,-0.9914403557777405,-0.07855641096830368,-0.07726892083883286,-0.7290632128715515,-0.08640014380216599,-0.07470202445983887,-0.6861473321914673,-0.06230305880308151,0.0678061991930008,-0.7076200842857361,-0.021456167101860046,0.0715828463435173,-0.9187349081039429,-0.11891865730285645,0.02446235530078411,-0.6544939875602722,-0.0771276205778122,0.022859016433358192,-0.5909274220466614,-0.01782061718404293,0.18105682730674744,-0.6299266219139099,-0.06236574053764343,0.17081820964813232,-0.8145899176597595,-0.1124861016869545,0.1195286363363266,-0.6383017301559448,-0.0710776299238205,0.11075004190206528,-0.5574782490730286,-0.021752867847681046
T,T_session_002,276,0.0,0.0,0.0,-0.14147880673408508,-0.2086125612258911,-0.05321870744228363,-0.20853380858898163,-0.5036752223968506,-0.07101662456989288,-0.1719350814819336,-0.7834901213645935,-0.09396512061357498,-0.13601216673851013,-0.9943588376045227,-0.09834662079811096,-0.16320881247520447,-0.7691563367843628,0.03360769525170326,-0.1850721687078476,-1.0,-0.059941407293081284,-0.18142195045948029,-0.8419973850250244,-0.10015895217657089,-0.16024912893772125,-0.7698990106582642,-0.10841266065835953,-0.04537654668092728,-0.7440537810325623,0.026512188836932182,-0.04185325279831886,-0.9597593545913696,-0.0657399594783783,-0.067490354180336,-0.6835570931434631,-0.07223526388406754,-0.06588830798864365,-0.6661500930786133,-0.046861857175827026,0.06672389805316925,-0.6917144656181335,-0.0025009887758642435,0.07215370982885361,-0.8809606432914734,-0.101891428232193,0.02747448906302452,-0.6105566620826721,-0.06347857415676117,0.02509824000298977,-0.5722924470901489,-0.0055235312320292,0.17691707611083984,-0.6216006278991699,-0.03798879310488701,0.16793185472488403,-0.7850510478019714,-0.08719386160373688,0.12029238045215607,-0.6114339828491211,-0.04983818158507347,0.11427837610244751,-0.5490170121192932,-0.002749783219769597
T,T_session_002,277,0.0,0.0,0.0,-0.1395532190799713,-0.1937353014945984,-0.04566024988889694,-0.2141767144203186,-0.4830738306045532,-0.0646042451262474,-0.18061448633670807,-0.7664908766746521,-0.09079241752624512,-0.13834871351718903,-0.9772452712059021,-0.09951562434434891,-0.1692371964454651,-0.753524661064148,0.03303530067205429,-0.1961931586265564,-1.0,-0.062315065413713455,-0.18033555150032043,-0.8674660325050354,-0.10239805281162262,-0.15945503115653992,-0.7724246382713318,-0.10819817334413528,-0.05606136471033096,-0.7359402775764465,0.020611828193068504,-0.05043956637382507,-0.9499741792678833,-0.07057270407676697,-0.06639823317527771,-0.6848646998405457,-0.07670591026544571,-0.07388998568058014,-0.6617456078529358,-0.051198817789554596,0.055666640400886536,-0.6897505521774292,-0.012577719986438751,0.06271015852689743,-0.8754293322563171,-0.11094876378774643,0.027966169640421867,-0.6118562817573547,-0.07270018756389618,0.01666700839996338,-0.5773813724517822,-0.01581646129488945,0.1643241047859192,-0.6217085719108582,-0.05146162956953049,0.16148030757904053,-0.7818247675895691,-0.10244964063167572,0.11975245922803879,-0.6008110642433167,-0.06414717435836792,0.10641050338745117,-0.5366629958152771,-0.016392681747674942
T,T_session_002,278,0.0,0.0,0.0,-0.139380544424057,-0.20279423892498016,-0.043520402163267136,-0.21448546648025513,-0.49089622497558594,-0.06359267234802246,-0.17734701931476593,-0.7719113230705261,-0.09126272797584534,-0.12075236439704895,-0.9727669954299927,-0.10277875512838364,-0.17053519189357758,-0.744734525680542,0.029439806938171387,-0.1961677521467209,-1.0,-0.06386435776948929,-0.1847798079252243,-0.8757472038269043,-0.10304559767246246,-0.1648837774991989,-0.761781632900238,-0.10788042098283768,-0.05708901211619377,-0.7289029359817505,0.01663336716592312,-0.05060330033302307,-0.9483501315116882,-0.0732041671872139,-0.06703260540962219,-0.6857393980026245,-0.07858777791261673,-0.0727112889289856,-0.6401532888412476,-0.05250465124845505,0.05353439971804619,-0.6840685606002808,-0.016044486314058304,0.060630913823843,-0.8684089183807373,-0.11121668666601181,0.02641122229397297,-0.6078706979751587,-0.07351852208375931,0.01528509333729744,-0.5547534227371216,-0.01747770980000496,0.1606159210205078,-0.6149176359176636,-0.05417441576719284,0.15577705204486847,-0.7739666700363159,-0.10232986509799957,0.11673840880393982,-0.5978052616119385,-0.06442761421203613,0.10639259219169617,-0.5286983847618103,-0.017665352672338486
T,T_session_002,279,0.0,0.0,0.0,-0.13302630186080933,-0.19976580142974854,-0.0482812374830246,-0.20852439105510712,-0.47947606444358826,-0.07291687279939651,-0.1798122227191925,-0.7630759477615356,-0.10537032037973404,-0.1268254965543747,-0.9675573706626892,-0.12026575207710266,-0.16960862278938293,-0.7404742240905762,0.028147533535957336,-0.1926104873418808,-1.0,-0.07114123553037643,-0.17579573392868042,-0.841100811958313,-0.11290916055440903,-0.15193098783493042,-0.7296890616416931,-0.11836576461791992,-0.057615458965301514,-0.7201882600784302,0.016339274123311043,-0.04932290315628052,-0.9427348375320435,-0.07805195450782776,-0.06354408711194992,-0.6705610156059265,-0.08447778970003128,-0.0668409988284111,-0.6370525360107422,-0.05815587937831879,0.052392907440662384,-0.675116240978241,-0.016566304489970207,0.06047426536679268,-0.858181893825531,-0.11481894552707672,0.026721356436610222,-0.5946082472801208,-0.0770491361618042,0.016941256821155548,-0.55360347032547,-0.01981951855123043,0.15986046195030212,-0.6100777983665466,-0.0553218275308609,0.1531846821308136,-0.7687911987304688,-0.10108676552772522,0.116560198366642,-0.5929032564163208,-0.061429500579833984,0.11012191325426102,-0.5295751690864563,-0.013297016732394695
T,T_session_002,280,0.0,0.0,0.0,-0.13086436688899994,-0.20700034499168396,-0.04541818052530289,-0.20261099934577942,-0.4812236726284027,-0.07024697959423065,-0.1752011626958847,-0.7570575475692749,-0.10385207086801529,-0.12545977532863617,-0.960563063621521,-0.12105302512645721,-0.16387367248535156,-0.737285852432251,0.02852560020983219,-0.17966479063034058,-1.0,-0.06874353438615799,-0.163884699344635,-0.8353979587554932,-0.11230166256427765,-0.14513331651687622,-0.7220168113708496,-0.12016139179468155,-0.05483757704496384,-0.717076301574707,0.014969184063374996,-0.04215496778488159,-0.9427244067192078,-0.07728450745344162,-0.055618368089199066,-0.6762953996658325,-0.08714376389980316,-0.06090093404054642,-0.6348190903663635,-0.06485576182603836,0.053607914596796036,-0.672987163066864,-0.01881198026239872,0.06695597618818283,-0.8596481084823608,-0.11447516828775406,0.03223304823040962,-0.6005417704582214,-0.0800359770655632,0.019370922818779945,-0.5492274165153503,-0.026394154876470566,0.16062018275260925,-0.6076786518096924,-0.0581088587641716,0.15801134705543518,-0.7745919227600098,-0.10228260606527328,0.11985541135072708,-0.6009749174118042,-0.06331475079059601,0.10934921354055405,-0.5280069708824158,-0.016611063852906227
T,T_session_002,281,0.0,0.0,0.0,-0.13027988374233246,-0.21017272770404816,-0.04246921092271805,-0.20116253197193146,-0.48970505595207214,-0.06517811864614487,-0.1664225310087204,-0.7643026113510132,-0.09684187918901443,-0.11076291650533676,-0.9661290645599365,-0.11230269074440002,-0.15800684690475464,-0.7428434491157532,0.030789893120527267,-0.17758581042289734,-1.0,-0.06546520441770554,-0.166756734251976,-0.848919153213501,-0.10791098326444626,-0.14859916269779205,-0.738460123538971,-0.11511928588151932,-0.04848667234182358,-0.7220231890678406,0.015889303758740425,-0.037586212158203125,-0.941483199596405,-0.076918825507164,-0.05525689572095871,-0.676307737827301,-0.08659428358078003,-0.060937777161598206,-0.6377284526824951,-0.06359275430440903,0.05949511379003525,-0.675694465637207,-0.018935441970825195,0.07007650285959244,-0.8556994199752808,-0.11549794673919678,0.033361874520778656,-0.5962189435958862,-0.08061249554157257,0.021633096039295197,-0.5526679158210754,-0.026169389486312866,0.16517527401447296,-0.6071119904518127,-0.058999914675951004,0.16113552451133728,-0.7700900435447693,-0.10351510345935822,0.12236407399177551,-0.595680296421051,-0.0639193207025528,0.11410323530435562,-0.5309115052223206,-0.016523949801921844
T,T_session_002,282,0.0,0.0,0.0,-0.13100403547286987,-0.21815618872642517,-0.04712137207388878,-0.19967637956142426,-0.49128392338752747,-0.0722309798002243,-0.16647517681121826,-0.7595707178115845,-0.10545548796653748,-0.1132454052567482,-0.9591058492660522,-0.12238282710313797,-0.1545417308807373,-0.7542201280593872,0.02740742824971676,-0.1707303673028946,-1.0,-0.07014066725969315,-0.16182072460651398,-0.8532797694206238,-0.1148134171962738,-0.14711040258407593,-0.7509187459945679,-0.12388232350349426,-0.044599566608667374,-0.7278807163238525,0.014629892073571682,-0.0325789749622345,-0.9380601048469543,-0.07875722646713257,-0.05122964084148407,-0.675147533416748,-0.08904050290584564,-0.05806669592857361,-0.6393628120422363,-0.06700906902551651,0.0641833022236824,-0.6776233315467834,-0.018528766930103302,0.07829135656356812,-0.8517838716506958,-0.11747626960277557,0.03835786506533623,-0.5955832004547119,-0.08443581312894821,0.023535704240202904,-0.5481700897216797,-0.030958101153373718,0.16960954666137695,-0.6034951210021973,-0.05717194452881813,0.1711728423833847,-0.7652250528335571,-0.1045377105474472,0.1279125064611435,-0.5944253206253052,-0.06693042069673538,0.11373835802078247,-0.525833785533905,-0.020534640178084373
T,T_session_002,283,0.0,0.0,0.0,-0.1334068775177002,-0.2247486710548401,-0.042107388377189636,-0.1982475072145462,-0.5047845840454102,-0.06298459321260452,-0.16176196932792664,-0.7659479975700378,-0.09233003854751587,-0.11003519594669342,-0.9623520970344543,-0.1065375879406929,-0.14531943202018738,-0.766819179058075,0.03150401636958122,-0.1571490615606308,-1.0,-0.06077458709478378,-0.1508515328168869,-0.8554150462150574,-0.10497559607028961,-0.1404508352279663,-0.7579377889633179,-0.11556417495012283,-0.035613447427749634,-0.7386828660964966,0.01661810651421547,-0.023928511887788773,-0.9438837766647339,-0.07247205078601837,-0.0448170006275177,-0.6860285401344299,-0.08497757464647293,-0.05252625420689583,-0.642385721206665,-0.06606169044971466,0.07232661545276642,-0.6842401623725891,-0.017427939921617508,0.08594298362731934,-0.8598207831382751,-0.11271606385707855,0.04425528272986412,-0.6050083041191101,-0.0815076157450676,0.029568348079919815,-0.5457863211631775,-0.030465122312307358,0.17625387012958527,-0.6039546132087708,-0.0564749613404274,0.17966005206108093,-0.7687672972679138,-0.10345117002725601,0.13426774740219116,-0.6004506349563599,-0.06680726259946823,0.11788641661405563,-0.5268846750259399,-0.02156027778983116
T,T_session_002,284,0.0,0.0,0.0,-0.13234293460845947,-0.2293505221605301,-0.04042883217334747,-0.18913328647613525,-0.5163901448249817,-0.059200674295425415,-0.14671342074871063,-0.7729891538619995,-0.08654206991195679,-0.10173798352479935,-0.9705604314804077,-0.09986123442649841,-0.12785767018795013,-0.7736397385597229,0.03192971274256706,-0.14404286444187164,-1.0,-0.05969721078872681,-0.140912726521492,-0.8409786820411682,-0.10689127445220947,-0.12700311839580536,-0.7430313229560852,-0.12059305608272552,-0.01836456172168255,-0.7399502992630005,0.016199233010411263,-0.011084914207458496,-0.9450920820236206,-0.07409597933292389,-0.04001179710030556,-0.6833485960960388,-0.0904160663485527,-0.04436619207262993,-0.6240941882133484,-0.07382605224847794,0.08733031898736954,-0.6760705709457397,-0.018021874129772186,0.1010197103023529,-0.8586978912353516,-0.11200509965419769,0.05234497785568237,-0.6035040616989136,-0.08182862401008606,0.04151332750916481,-0.5341454744338989,-0.03124082274734974,0.18776950240135193,-0.5845591425895691,-0.05715668573975563,0.19331583380699158,-0.7538766860961914,-0.10306194424629211,0.14275741577148438,-0.5908078551292419,-0.06669528037309647,0.12694714963436127,-0.5148195028305054,-0.021499305963516235
T,T_session_002,285,0.0,0.0,0.0,-0.12968865036964417,-0.2341647446155548,-0.03833368793129921,-0.19311082363128662,-0.5129335522651672,-0.061050571501255035,-0.14740876853466034,-0.770908772945404,-0.09311386942863464,-0.08422770351171494,-0.9602103233337402,-0.11212647706270218,-0.12745793163776398,-0.7811899781227112,0.028401115909218788,-0.1480880081653595,-1.0,-0.06180781126022339,-0.14763179421424866,-0.9133923649787903,-0.10436415672302246,-0.13133567571640015,-0.8475217819213867,-0.11610943078994751,-0.016501082107424736,-0.7437330484390259,0.009730221703648567,-0.0040745846927165985,-0.9476827383041382,-0.08179027587175369,-0.04098880663514137,-0.6915002465248108,-0.09065015614032745,-0.0502311997115612,-0.6530845165252686,-0.0680275484919548,0.09297993034124374,-0.6797784566879272,-0.027183642610907555,0.10999644547700882,-0.8663502335548401,-0.12438361346721649,0.05652395635843277,-0.6142017245292664,-0.08726468682289124,0.04170624539256096,-0.557373046875,-0.03156096115708351,0.1953917145729065,-0.5853437185287476,-0.06912919133901596,0.20440350472927094,-0.7559993863105774,-0.11978337913751602,0.14905837178230286,-0.5900717377662659,-0.08072980493307114,0.1283847540616989,-0.5147613286972046,-0.03278852626681328
T,T_session_002,286,0.0,0.0,0.0,-0.1267475038766861,-0.23304691910743713,-0.03265666961669922,-0.18086892366409302,-0.5212469100952148,-0.050106264650821686,-0.1314152479171753,-0.7769109606742859,-0.076358363032341,-0.06798169016838074,-0.9605275392532349,-0.09059673547744751,-0.11579856276512146,-0.7806436419487,0.027489127591252327,-0.13116760551929474,-1.0,-0.0538303479552269,-0.1390325278043747,-0.9325854182243347,-0.09344015270471573,-0.1227780282497406,-0.862102746963501,-0.10623331367969513,-0.0018972951220348477,-0.7465685606002808,0.009360766038298607,0.007444421760737896,-0.9489984512329102,-0.07073573023080826,-0.036824390292167664,-0.7064993977546692,-0.07552783191204071,-0.03991943597793579,-0.6531627774238586,-0.05434715747833252,0.1072126030921936,-0.680950939655304,-0.025514030829072,0.1251312792301178,-0.8707307577133179,-0.10862186551094055,0.06258446723222733,-0.6359454989433289,-0.06781002134084702,0.052346277981996536,-0.561790943145752,-0.014919649809598923,0.2119000107049942,-0.5821911096572876,-0.06587822735309601,0.21975630521774292,-0.7521603107452393,-0.10999704152345657,0.1578890085220337,-0.6062609553337097,-0.07216159999370575,0.13835465908050537,-0.5324864983558655,-0.02816169708967209
T,T_session_002,287,0.0,0.0,0.0,-0.12366699427366257,-0.23201505839824677,-0.034155502915382385,-0.17345088720321655,-0.5279719829559326,-0.04967585951089859,-0.11377710849046707,-0.7805771827697754,-0.0721813291311264,-0.048072006553411484,-0.9503574967384338,-0.08178405463695526,-0.10807386785745621,-0.7875674366950989,0.022728662937879562,-0.1166093647480011,-1.0,-0.05565343424677849,-0.12718118727207184,-0.9333736300468445,-0.09118954092264175,-0.11822589486837387,-0.866183340549469,-0.1016082614660263,0.007058903109282255,-0.7480758428573608,0.006086693610996008,0.019400155171751976,-0.9492058753967285,-0.07122468203306198,-0.02280310168862343,-0.7060800790786743,-0.07194659113883972,-0.02628149464726448,-0.657398521900177,-0.04863579943776131,0.11623980849981308,-0.6784062385559082,-0.027068087831139565,0.13666826486587524,-0.868977427482605,-0.10623739659786224,0.07723836600780487,-0.6363632082939148,-0.06002451479434967,0.06719814240932465,-0.5673702359199524,-0.005230571608990431,0.2202634960412979,-0.5772653818130493,-0.06620180606842041,0.23434878885746002,-0.7512835264205933,-0.10803241282701492,0.17832183837890625,-0.6040695309638977,-0.06723099201917648,0.16204458475112915,-0.5342602133750916,-0.022084569558501244
T,T_session_002,288,0.0,0.0,0.0,-0.11624263972043991,-0.22544415295124054,-0.038719020783901215,-0.1670600026845932,-0.5105549097061157,-0.059321921318769455,-0.12187249958515167,-0.7631654739379883,-0.08583032339811325,-0.05703066661953926,-0.9355432987213135,-0.09855115413665771,-0.09951964765787125,-0.7960203289985657,0.013195741921663284,-0.10867071896791458,-1.0,-0.06812506169080734,-0.1234888955950737,-0.9506377577781677,-0.10120443254709244,-0.11732476204633713,-0.8977102637290955,-0.10901117324829102,0.013772931881248951,-0.7512232661247253,-0.001607446582056582,0.02679252438247204,-0.9467442631721497,-0.08162831515073776,-0.017438899725675583,-0.7012339234352112,-0.07707636803388596,-0.01950186863541603,-0.6634346842765808,-0.04864989593625069,0.12428846955299377,-0.6788790225982666,-0.033083926886320114,0.1445998251438141,-0.8634845614433289,-0.11545061320066452,0.08546600490808487,-0.633264422416687,-0.06538859754800797,0.0769328698515892,-0.5737485885620117,-0.0064026834443211555,0.22761793434619904,-0.5723127722740173,-0.07076393812894821,0.2470700740814209,-0.7503609657287598,-0.11367614567279816,0.19016197323799133,-0.6059489846229553,-0.07066670805215836,0.17308340966701508,-0.5387277007102966,-0.02276143990457058
T,T_session_002,289,0.0,0.0,0.0,-0.12206244468688965,-0.21365240216255188,-0.04244646802544594,-0.17466431856155396,-0.5106251239776611,-0.059560567140579224,-0.12352695316076279,-0.7678433060646057,-0.08178596198558807,-0.05517510324716568,-0.9392986297607422,-0.08866202086210251,-0.10289321839809418,-0.7830194234848022,0.012778607197105885,-0.1111355647444725,-1.0,-0.07368625700473785,-0.1260504424571991,-0.863434374332428,-0.11024149507284164,-0.1178407147526741,-0.7818953990936279,-0.11909690499305725,0.009626513347029686,-0.7407656908035278,0.0006294323829934001,0.02482704631984234,-0.9391820430755615,-0.08455158770084381,-0.020240051671862602,-0.6832259297370911,-0.0864831730723381,-0.021010108292102814,-0.6389141082763672,-0.062357235699892044,0.11860857903957367,-0.6685633659362793,-0.02897142432630062,0.1413455307483673,-0.8542727828025818,-0.1174866333603859,0.07883349806070328,-0.6102991104125977,-0.07465648651123047,0.0704856738448143,-0.5473265051841736,-0.018750833347439766,0.22138266265392303,-0.5693686604499817,-0.0641465112566948,0.2385260909795761,-0.7445328831672668,-0.10981344431638718,0.18088069558143616,-0.5952574014663696,-0.07118640094995499,0.16566631197929382,-0.5270842909812927,-0.025697236880660057
T,T_session_002,290,0.0,0.0,0.0,-0.12084019929170609,-0.22169624269008636,-0.039132051169872284,-0.17469249665737152,-0.5160826444625854,-0.05667987838387489,-0.12763716280460358,-0.7726720571517944,-0.08122768253087997,-0.0623517781496048,-0.945325493812561,-0.0912371352314949,-0.10018078982830048,-0.7843062281608582,0.01895752176642418,-0.1075654923915863,-1.0,-0.06604313850402832,-0.11976935714483261,-0.8754076361656189,-0.10325522720813751,-0.11374025791883469,-0.8105849623680115,-0.11343710124492645,0.01008296012878418,-0.7397486567497253,0.004041013307869434,0.025570090860128403,-0.9412563443183899,-0.08019265532493591,-0.015834417194128036,-0.6815996766090393,-0.0835774838924408,-0.020791945978999138,-0.6435858011245728,-0.06043731048703194,0.11907114088535309,-0.6686573028564453,-0.027983561158180237,0.14207732677459717,-0.8662906885147095,-0.1178109273314476,0.08378980308771133,-0.6099212765693665,-0.0756564661860466,0.07131047546863556,-0.5402302145957947,-0.019335243850946426,0.22077633440494537,-0.5698889493942261,-0.06521333754062653,0.23851071298122406,-0.7471151351928711,-0.1125086173415184,0.18333308398723602,-0.5920673608779907,-0.07375345379114151,0.1656869500875473,-0.5199623703956604,-0.027481192722916603
T,T_session_002,291,0.0,0.0,0.0,-0.12221310287714005,-0.2221226990222931,-0.043041788041591644,-0.1725236028432846,-0.5233095288276672,-0.0603225938975811,-0.11944188922643661,-0.7758756279945374,-0.08334584534168243,-0.058432575315237045,-0.94929438829422,-0.09059305489063263,-0.09398238360881805,-0.7842448949813843,0.012739674188196659,-0.10401380062103271,-1.0,-0.0752154290676117,-0.11776665598154068,-0.8411765694618225,-0.11146768927574158,-0.11020546406507492,-0.7628120183944702,-0.11961373686790466,0.01719837822020054,-0.738518476486206,0.0004893506411463022,0.02827470563352108,-0.9306650161743164,-0.08500796556472778,-0.01466525997966528,-0.6635750532150269,-0.08552207797765732,-0.014631272293627262,-0.6291459798812866,-0.06036955863237381,0.12554322183132172,-0.6640963554382324,-0.029748618602752686,0.14619331061840057,-0.8523831963539124,-0.12088922411203384,0.08684831857681274,-0.595146894454956,-0.07674955576658249,0.07994326949119568,-0.5328325629234314,-0.01914936490356922,0.22541101276874542,-0.5651913285255432,-0.06546760350465775,0.2430666834115982,-0.7367745041847229,-0.11376026272773743,0.18693295121192932,-0.5832561254501343,-0.07535313814878464,0.17296308279037476,-0.5176600217819214,-0.02920413762331009
T,T_session_002,292,0.0,0.0,0.0,-0.12925013899803162,-0.2131238579750061,-0.045964937657117844,-0.1831282377243042,-0.5218420028686523,-0.06154973804950714,-0.12636388838291168,-0.7785632610321045,-0.08265920728445053,-0.06132763624191284,-0.944476306438446,-0.08644544333219528,-0.10251808911561966,-0.7767540216445923,0.016919177025556564,-0.10707903653383255,-1.0,-0.07285669445991516,-0.11917189508676529,-0.8115869164466858,-0.1096443310379982,-0.11435014009475708,-0.7281923890113831,-0.11754819005727768,0.00859755463898182,-0.7293396592140198,0.006761261261999607,0.022365456447005272,-0.9229658842086792,-0.07988973706960678,-0.018595434725284576,-0.6497615575790405,-0.08190319687128067,-0.023088105022907257,-0.62201988697052,-0.05756809189915657,0.11735072731971741,-0.6557782888412476,-0.02233067713677883,0.14043250679969788,-0.8525665998458862,-0.11537455022335052,0.08282432705163956,-0.5851709246635437,-0.07203813642263412,0.07203823328018188,-0.5254339575767517,-0.014584613032639027,0.21803031861782074,-0.5621539354324341,-0.057065676897764206,0.2363109439611435,-0.7319427132606506,-0.10669431835412979,0.18290714919567108,-0.568737804889679,-0.06902531534433365,0.16755759716033936,-0.5042902231216431,-0.023176634684205055
T,T_session_002,293,0.0,0.0,0.0,-0.12418099492788315,-0.21701909601688385,-0.040565039962530136,-0.18074370920658112,-0.5115914344787598,-0.058433160185813904,-0.1324535310268402,-0.7647822499275208,-0.0843796506524086,-0.0665266215801239,-0.9396633505821228,-0.09359730780124664,-0.08981219679117203,-0.7761387825012207,0.025890933349728584,-0.10395929962396622,-1.0,-0.0663679987192154,-0.11929118633270264,-0.8219403624534607,-0.10466619580984116,-0.10955516993999481,-0.7422233819961548,-0.11300642788410187,0.016984188929200172,-0.7313582897186279,0.01074603945016861,0.020866988226771355,-0.9285298585891724,-0.07890153676271439,-0.019682561978697777,-0.6508767604827881,-0.08146627992391586,-0.013381175696849823,-0.6264024376869202,-0.05554921180009842,0.12295858561992645,-0.6612147092819214,-0.02358592487871647,0.1355137974023819,-0.8570029139518738,-0.1189195066690445,0.07979729771614075,-0.5867729187011719,-0.07360363006591797,0.08006568998098373,-0.5347533226013184,-0.013098393566906452,0.22245001792907715,-0.5664130449295044,-0.06340556591749191,0.23137779533863068,-0.7394472360610962,-0.11091470718383789,0.1756546050310135,-0.5709675550460815,-0.06895428150892258,0.16687369346618652,-0.5067285895347595,-0.01952969841659069
T,T_session_002,294,0.0,0.0,0.0,-0.12508325278759003,-0.21844181418418884,-0.03910636156797409,-0.18282893300056458,-0.5126386880874634,-0.056977104395627975,-0.1359899640083313,-0.7626176476478577,-0.08294089883565903,-0.07135394215583801,-0.9358000755310059,-0.09320932626724243,-0.08790483325719833,-0.7774689793586731,0.02201518416404724,-0.10776051878929138,-1.0,-0.06984974443912506,-0.1248556524515152,-0.8499108552932739,-0.1067657619714737,-0.11489394307136536,-0.7789533138275146,-0.1140458732843399,0.018876444548368454,-0.7316926717758179,0.0061083161272108555,0.020250070840120316,-0.9290482997894287,-0.08424445241689682,-0.021383896470069885,-0.6560627222061157,-0.08478765934705734,-0.012715152464807034,-0.6295502781867981,-0.05693717673420906,0.1252899169921875,-0.6596442461013794,-0.02842811495065689,0.13406462967395782,-0.8558483719825745,-0.12557671964168549,0.07772190123796463,-0.5859330892562866,-0.078973188996315,0.08060716837644577,-0.530535876750946,-0.016827335581183434,0.22557687759399414,-0.5610166192054749,-0.06810883432626724,0.23339438438415527,-0.7354701161384583,-0.11809253692626953,0.17740999162197113,-0.5706314444541931,-0.0763130858540535,0.17115311324596405,-0.5072776079177856,-0.026338381692767143
T,T_session_002,295,0.0,0.0,0.0,-0.12907393276691437,-0.21318992972373962,-0.04281779006123543,-0.184901624917984,-0.5092310905456543,-0.060511570423841476,-0.13443675637245178,-0.7605348825454712,-0.08499106764793396,-0.07238178700208664,-0.9359593987464905,-0.09320499002933502,-0.09481508284807205,-0.7767845392227173,0.019122477620840073,-0.11148235201835632,-1.0,-0.07372169941663742,-0.12497711926698685,-0.8312569260597229,-0.1115628108382225,-0.11631733924150467,-0.751750111579895,-0.11899321526288986,0.013968386687338352,-0.731056809425354,0.005739746615290642,0.018409084528684616,-0.9240874648094177,-0.08472215384244919,-0.02039599046111107,-0.649370551109314,-0.08692082017660141,-0.01601570099592209,-0.6209791302680969,-0.06070562079548836,0.1209474503993988,-0.6582783460617065,-0.026492945849895477,0.1337224245071411,-0.8482944369316101,-0.12496432662010193,0.07798733562231064,-0.5751844048500061,-0.08052919059991837,0.07542164623737335,-0.5174145698547363,-0.01986680179834366,0.2210209220647812,-0.5601908564567566,-0.06385999917984009,0.23159100115299225,-0.7288224101066589,-0.11620617657899857,0.17694945633411407,-0.5593298673629761,-0.07611925899982452,0.16671597957611084,-0.4941096901893616,-0.02701571024954319
T,T_session_002,296,0.0,0.0,0.0,-0.12968043982982635,-0.21445220708847046,-0.041010499000549316,-0.18450453877449036,-0.5147969722747803,-0.056903988122940063,-0.13156551122665405,-0.7657478451728821,-0.08044831454753876,-0.07118102163076401,-0.941199004650116,-0.0879128947854042,-0.09202969074249268,-0.7757312059402466,0.025660159066319466,-0.10993804782629013,-1.0,-0.06551995128393173,-0.12744668126106262,-0.8526025414466858,-0.10212615877389908,-0.11986762285232544,-0.7791200876235962,-0.10862483084201813,0.014789183624088764,-0.7291300892829895,0.011517814360558987,0.018626688048243523,-0.9245249032974243,-0.0780893936753273,-0.02272886037826538,-0.6502731442451477,-0.07887869328260422,-0.015978379175066948,-0.625276505947113,-0.050941102206707,0.12078599631786346,-0.6577321887016296,-0.021918687969446182,0.1322603076696396,-0.8476518988609314,-0.1197168380022049,0.07551418989896774,-0.576888382434845,-0.07433483749628067,0.07573813199996948,-0.5222806334495544,-0.012620678171515465,0.2204325795173645,-0.5627750158309937,-0.06069214642047882,0.23086488246917725,-0.7343571782112122,-0.11159349232912064,0.17388613522052765,-0.5658563375473022,-0.07044968754053116,0.16372050344944,-0.499398797750473,-0.02062680758535862
T,T_session_002,297,0.0,0.0,0.0,-0.12853962182998657,-0.20538057386875153,-0.041668739169836044,-0.18642857670783997,-0.5072816610336304,-0.0574973039329052,-0.1351774036884308,-0.7608073949813843,-0.08036854863166809,-0.06962799280881882,-0.9286425113677979,-0.0862554982304573,-0.09278476983308792,-0.7746180295944214,0.020765196532011032,-0.10763540118932724,-1.0,-0.0695987343788147,-0.12377811968326569,-0.8203735947608948,-0.10496087372303009,-0.11325937509536743,-0.7414449453353882,-0.11151117831468582,0.015043920837342739,-0.7274949550628662,0.007744463626295328,0.017751943320035934,-0.9198305010795593,-0.07881689071655273,-0.023698126897215843,-0.643425703048706,-0.07765732705593109,-0.015823401510715485,-0.6240442991256714,-0.050398167222738266,0.12154671549797058,-0.6556854844093323,-0.024321699514985085,0.13068115711212158,-0.8458178043365479,-0.1185469776391983,0.07354184985160828,-0.574786901473999,-0.07211184501647949,0.07572823017835617,-0.5253862142562866,-0.011803223751485348,0.222415953874588,-0.5622705817222595,-0.061803001910448074,0.22920037806034088,-0.7337629795074463,-0.11018790304660797,0.17131052911281586,-0.5649429559707642,-0.06889995187520981,0.16223791241645813,-0.5014485120773315,-0.02025361731648445
T,T_session_002,298,0.0,0.0,0.0,-0.12636080384254456,-0.20637647807598114,-0.044268857687711716,-0.18829356133937836,-0.5027958154678345,-0.06374648958444595,-0.1429450660943985,-0.7593042850494385,-0.09041035175323486,-0.07140764594078064,-0.931402325630188,-0.10046351701021194,-0.09522979706525803,-0.7768276333808899,0.02285590209066868,-0.1151672899723053,-1.0,-0.06964409351348877,-0.1313362866640091,-0.8558448553085327,-0.10581409186124802,-0.11869747936725616,-0.7880345582962036,-0.11236438155174255,0.012350942939519882,-0.7323871850967407,0.009588558226823807,0.012993818148970604,-0.9222098588943481,-0.08191268891096115,-0.026402002200484276,-0.6468968987464905,-0.0813676044344902,-0.015115742571651936,-0.6282640099525452,-0.05217055603861809,0.11963275074958801,-0.6622202396392822,-0.023416489362716675,0.127314954996109,-0.8446669578552246,-0.12313356250524521,0.0717441514134407,-0.574993371963501,-0.07690834254026413,0.0757727399468422,-0.5293279886245728,-0.01429770328104496,0.22093193233013153,-0.5675324201583862,-0.06203530728816986,0.22694233059883118,-0.7337998151779175,-0.11327587068080902,0.1689499467611313,-0.5629467964172363,-0.0718778595328331,0.1603967249393463,-0.4998224973678589,-0.021871980279684067
T,T_session_002,299,0.0,0.0,0.0,-0.12859287858009338,-0.20574809610843658,-0.04693416878581047,-0.18994957208633423,-0.5138164162635803,-0.06303592026233673,-0.13911426067352295,-0.7708225250244141,-0.08519620448350906,-0.06940987706184387,-0.9395699501037598,-0.08881904929876328,-0.09198766201734543,-0.782616376876831,0.023206284269690514,-0.1099071130156517,-1.0,-0.06917072087526321,-0.12545639276504517,-0.814917802810669,-0.1050851047039032,-0.11076289415359497,-0.7490313053131104,-0.11225699633359909,0.01724131964147091,-0.7328982949256897,0.012099840678274632,0.018040867522358894,-0.9202451109886169,-0.07844723016023636,-0.024698534980416298,-0.6345805525779724,-0.07780954241752625,-0.013811789453029633,-0.6274037957191467,-0.049495771527290344,0.1238216981291771,-0.6596804261207581,-0.01940084807574749,0.1322716325521469,-0.8435074687004089,-0.11844444274902344,0.07333677262067795,-0.5661754608154297,-0.07217684388160706,0.07861773669719696,-0.5292163491249084,-0.010255134664475918,0.2246609926223755,-0.5669255256652832,-0.0568176731467247,0.23149649798870087,-0.730110764503479,-0.10703954845666885,0.17194795608520508,-0.557002067565918,-0.06591495126485825,0.16475987434387207,-0.4995870888233185,-0.016575653105974197
