label,session_id,sample_index,x_0,y_0,z_0,x_1,y_1,z_1,x_2,y_2,z_2,x_3,y_3,z_3,x_4,y_4,z_4,x_5,y_5,z_5,x_6,y_6,z_6,x_7,y_7,z_7,x_8,y_8,z_8,x_9,y_9,z_9,x_10,y_10,z_10,x_11,y_11,z_11,x_12,y_12,z_12,x_13,y_13,z_13,x_14,y_14,z_14,x_15,y_15,z_15,x_16,y_16,z_16,x_17,y_17,z_17,x_18,y_18,z_18,x_19,y_19,z_19,x_20,y_20,z_20
Y,Y_session_002,0,0.0,0.0,0.0,-0.15883304178714752,-0.10614680498838425,-0.035445403307676315,-0.28403738141059875,-0.3321402966976166,-0.05339653417468071,-0.3408120274543762,-0.5350975394248962,-0.078818179666996,-0.3885301947593689,-0.6774935722351074,-0.09560177475214005,-0.1738942563533783,-0.5497532486915588,-0.00663556857034564,-0.16810786724090576,-0.7203704714775085,-0.06996246427297592,-0.1613551676273346,-0.5511893630027771,-0.10185983031988144,-0.1595209240913391,-0.4009227454662323,-0.10798423737287521,-0.0753825232386589,-0.556064248085022,-0.014718412421643734,-0.06565801799297333,-0.6924450993537903,-0.09769763797521591,-0.07138495147228241,-0.47315970063209534,-0.127916619181633,-0.08192190527915955,-0.30945321917533875,-0.12618805468082428,0.015727972611784935,-0.5505053997039795,-0.03266751766204834,0.03625528886914253,-0.6952136158943176,-0.11248499900102615,0.015938779339194298,-0.48859480023384094,-0.11627423763275146,-0.00806945376098156,-0.3255603015422821,-0.09162301570177078,0.0985628142952919,-0.5290469527244568,-0.05259912833571434,0.12181679159402847,-0.7442989945411682,-0.09159615635871887,0.13932101428508759,-0.8754709959030151,-0.09516912698745728,0.15368534624576569,-1.0,-0.08540359139442444
Y,Y_session_002,1,0.0,0.0,0.0,-0.158291757106781,-0.11340883374214172,-0.028533093631267548,-0.2824748456478119,-0.34866219758987427,-0.037395838648080826,-0.3410402238368988,-0.5558066368103027,-0.05293969810009003,-0.39308351278305054,-0.6923319697380066,-0.059483401477336884,-0.175440713763237,-0.5551269054412842,-0.0011971276253461838,-0.1685757339000702,-0.7280907034873962,-0.06194548308849335,-0.15844877064228058,-0.5564470291137695,-0.09254913777112961,-0.15325705707073212,-0.40646597743034363,-0.09964985400438309,-0.07863906025886536,-0.5597783327102661,-0.008952029049396515,-0.06405455619096756,-0.7008354663848877,-0.09199319034814835,-0.07030113786458969,-0.47556570172309875,-0.12116338312625885,-0.07967447489500046,-0.3052716851234436,-0.11908558011054993,0.01206359826028347,-0.5576245784759521,-0.025818008929491043,0.03111025132238865,-0.7035247087478638,-0.10390002280473709,0.009503333829343319,-0.4991077780723572,-0.10450758039951324,-0.01381454337388277,-0.33568042516708374,-0.07903216779232025,0.09462344646453857,-0.5418998003005981,-0.04419985041022301,0.1212100014090538,-0.7478532791137695,-0.08770659565925598,0.1402091383934021,-0.8744924068450928,-0.094144806265831,0.15235164761543274,-1.0,-0.08605041354894638
Y,Y_session_002,2,0.0,0.0,0.0,-0.1571391373872757,-0.11451763659715652,-0.030882203951478004,-0.2821955978870392,-0.3446032404899597,-0.04175823554396629,-0.3427542448043823,-0.5506507754325867,-0.05912523344159126,-0.3945269286632538,-0.692333996295929,-0.06733720749616623,-0.1763627529144287,-0.5552532076835632,-0.0019536621402949095,-0.1716805249452591,-0.7247134447097778,-0.0626177191734314,-0.15982794761657715,-0.5534579753875732,-0.09346288442611694,-0.1541617065668106,-0.4030790627002716,-0.10087200999259949,-0.07941136509180069,-0.5590612292289734,-0.009201500564813614,-0.06546377390623093,-0.695706844329834,-0.09304868429899216,-0.07178404927253723,-0.4711783230304718,-0.12316332012414932,-0.0827462449669838,-0.30096498131752014,-0.1216873973608017,0.011116051115095615,-0.5552853345870972,-0.025804949924349785,0.030912691727280617,-0.7002941966056824,-0.10518603026866913,0.010476487688720226,-0.49904224276542664,-0.1068444475531578,-0.01236222218722105,-0.3371356427669525,-0.08184758573770523,0.09381423145532608,-0.5383305549621582,-0.043993547558784485,0.12178287655115128,-0.7451549172401428,-0.08812391757965088,0.14147037267684937,-0.8731465935707092,-0.09480354934930801,0.1544559895992279,-1.0,-0.08682543784379959
Y,Y_session_002,3,0.0,0.0,0.0,-0.15403373539447784,-0.11663705110549927,-0.029316851869225502,-0.2776036560535431,-0.34621474146842957,-0.040274087339639664,-0.3381660580635071,-0.5465939044952393,-0.058145858347415924,-0.38927483558654785,-0.689354419708252,-0.06707288324832916,-0.17299190163612366,-0.5565371513366699,0.001034025102853775,-0.17033609747886658,-0.7218589186668396,-0.059264156967401505,-0.15838617086410522,-0.5553892254829407,-0.09089700877666473,-0.15152010321617126,-0.4065992534160614,-0.09898247569799423,-0.07675222307443619,-0.5626446604728699,-0.006824436131864786,-0.0659429281949997,-0.6958256363868713,-0.08924008905887604,-0.07093281298875809,-0.474516898393631,-0.11966461688280106,-0.07927148789167404,-0.3032377064228058,-0.11888148635625839,0.013413745909929276,-0.5599715113639832,-0.024072082713246346,0.030047249048948288,-0.7044582962989807,-0.10237496346235275,0.010739347897469997,-0.5049406290054321,-0.10483643412590027,-0.009893955662846565,-0.34132423996925354,-0.08081737905740738,0.0951700508594513,-0.5429473519325256,-0.04279385507106781,0.12140373885631561,-0.7489079236984253,-0.0865076333284378,0.14130336046218872,-0.8762427568435669,-0.09377471357584,0.15518291294574738,-1.0,-0.08647382259368896
Y,Y_session_002,4,0.0,0.0,0.0,-0.15730847418308258,-0.11252181977033615,-0.0298262070864439,-0.2800898849964142,-0.33819514513015747,-0.041210517287254333,-0.33999645709991455,-0.5395911335945129,-0.05999695137143135,-0.3936697542667389,-0.6815842390060425,-0.06983571499586105,-0.17378830909729004,-0.5459133982658386,0.0035258522257208824,-0.17199625074863434,-0.7129443883895874,-0.05763115733861923,-0.15926778316497803,-0.5456746220588684,-0.09058050811290741,-0.15155991911888123,-0.3951287567615509,-0.09919185191392899,-0.07589072734117508,-0.5522710084915161,-0.004704256542026997,-0.06705668568611145,-0.6892748475074768,-0.0885937362909317,-0.07091492414474487,-0.4662149250507355,-0.1208345964550972,-0.07831393927335739,-0.2919877767562866,-0.12080947309732437,0.01542202290147543,-0.5508224964141846,-0.02245333045721054,0.029606355354189873,-0.6972120404243469,-0.10114800184965134,0.010814603418111801,-0.4963422119617462,-0.10354723036289215,-0.009304042905569077,-0.3308161199092865,-0.07909978926181793,0.09847213327884674,-0.536431610584259,-0.04191482439637184,0.12430839985609055,-0.743499755859375,-0.08476311713457108,0.14322027564048767,-0.8733486533164978,-0.09122630953788757,0.15595106780529022,-1.0,-0.08335254341363907
Y,Y_session_002,5,0.0,0.0,0.0,-0.15417732298374176,-0.1114887073636055,-0.030136413872241974,-0.27975305914878845,-0.33547013998031616,-0.042223792523145676,-0.3432390093803406,-0.5312767028808594,-0.06124658137559891,-0.3976832330226898,-0.6699668765068054,-0.07117053121328354,-0.17417633533477783,-0.5485624670982361,-0.002397376811131835,-0.1728370040655136,-0.7175227999687195,-0.06353360414505005,-0.15953361988067627,-0.549173891544342,-0.09497781097888947,-0.1521218866109848,-0.39913704991340637,-0.10287333279848099,-0.07730118930339813,-0.556130588054657,-0.010471458546817303,-0.06883027404546738,-0.6916285753250122,-0.09448235481977463,-0.0725632980465889,-0.46919721364974976,-0.12466807663440704,-0.08063097298145294,-0.2974856495857239,-0.12356952577829361,0.013340706005692482,-0.5536224246025085,-0.027858974412083626,0.028268398717045784,-0.7013188600540161,-0.10699506849050522,0.01016631443053484,-0.5026881098747253,-0.10871650278568268,-0.010605210438370705,-0.3396722674369812,-0.08408436179161072,0.09491825103759766,-0.5376137495040894,-0.0468507781624794,0.12069251388311386,-0.74543696641922,-0.09113357961177826,0.13998189568519592,-0.8741220831871033,-0.09841427952051163,0.1527748703956604,-1.0,-0.09115015715360641
Y,Y_session_002,6,0.0,0.0,0.0,-0.15789371728897095,-0.11179418861865997,-0.028019394725561142,-0.2855190634727478,-0.3285129964351654,-0.03998849168419838,-0.35126373171806335,-0.5211932063102722,-0.05960053205490112,-0.4050624966621399,-0.6619071364402771,-0.07016614824533463,-0.18051661550998688,-0.5440390706062317,0.002752627246081829,-0.18052737414836884,-0.7143470048904419,-0.05765845626592636,-0.16613848507404327,-0.5478701591491699,-0.09019215404987335,-0.15892505645751953,-0.3957522213459015,-0.09877888113260269,-0.08280608057975769,-0.5541243553161621,-0.006239963695406914,-0.07467733323574066,-0.6935017704963684,-0.08931772410869598,-0.07672756165266037,-0.47144171595573425,-0.12142013758420944,-0.08512547612190247,-0.2962889075279236,-0.12181487679481506,0.008624899201095104,-0.5546078681945801,-0.02431357279419899,0.02302856184542179,-0.6971628069877625,-0.10251758247613907,0.005539967678487301,-0.49598297476768494,-0.10498712211847305,-0.015679698437452316,-0.329836905002594,-0.0809631496667862,0.09181385487318039,-0.5410045385360718,-0.04386349394917488,0.11792144179344177,-0.7478222250938416,-0.08673877269029617,0.1392153650522232,-0.8757857084274292,-0.09295820444822311,0.1533791720867157,-1.0,-0.08507408946752548
Y,Y_session_002,7,0.0,0.0,0.0,-0.15900784730911255,-0.11142219603061676,-0.026294900104403496,-0.29052770137786865,-0.31909990310668945,-0.037380777299404144,-0.3598374128341675,-0.5045287609100342,-0.056491561233997345,-0.4125865399837494,-0.643866777420044,-0.06623628735542297,-0.18537673354148865,-0.5367606282234192,0.007153062615543604,-0.1888328641653061,-0.7097241878509521,-0.05312279239296913,-0.17256031930446625,-0.548348605632782,-0.08583313971757889,-0.16021420061588287,-0.3967132270336151,-0.09422161430120468,-0.08910315483808517,-0.5499695539474487,-0.002106444211676717,-0.08413581550121307,-0.6873578429222107,-0.08283049613237381,-0.08172962814569473,-0.47036460041999817,-0.11267416179180145,-0.08286828547716141,-0.30028995871543884,-0.11185391247272491,0.0009021384757943451,-0.5535499453544617,-0.020905539393424988,0.011850790120661259,-0.7004412412643433,-0.09728997200727463,-0.00023630939540453255,-0.5027419328689575,-0.09770739823579788,-0.013347486965358257,-0.33837446570396423,-0.07260081171989441,0.0829620510339737,-0.5420736074447632,-0.04132746905088425,0.10885348916053772,-0.7488113045692444,-0.08329618722200394,0.1297212541103363,-0.8767114281654358,-0.08872100710868835,0.1456618309020996,-1.0,-0.0801776573061943
Y,Y_session_002,8,0.0,0.0,0.0,-0.16437993943691254,-0.10983304679393768,-0.025034906342625618,-0.29662564396858215,-0.3092261552810669,-0.035216618329286575,-0.367422878742218,-0.49516400694847107,-0.054172296077013016,-0.42303305864334106,-0.6327683925628662,-0.06408245861530304,-0.19513340294361115,-0.528741717338562,0.014150812290608883,-0.1979319006204605,-0.7031258940696716,-0.045999977737665176,-0.18229246139526367,-0.5528830289840698,-0.07948651164770126,-0.1713760644197464,-0.4044811427593231,-0.08777542412281036,-0.09702925384044647,-0.5444594621658325,0.0039435760118067265,-0.09097059816122055,-0.6845201253890991,-0.0769750103354454,-0.08662350475788116,-0.47042614221572876,-0.10868837684392929,-0.08847565948963165,-0.3002404272556305,-0.10823867470026016,-0.005891678389161825,-0.5521045327186584,-0.016001107171177864,0.004374745301902294,-0.6954004168510437,-0.09358155727386475,-0.0036745411343872547,-0.5017409324645996,-0.09624864906072617,-0.014809834770858288,-0.3412911593914032,-0.07141076773405075,0.07788224518299103,-0.5449439287185669,-0.03727981448173523,0.10330871492624283,-0.7526997923851013,-0.07872442156076431,0.12258554250001907,-0.879214882850647,-0.08322209864854813,0.13600172102451324,-1.0,-0.07326900959014893
Y,Y_session_002,9,0.0,0.0,0.0,-0.16319532692432404,-0.10215449333190918,-0.026182658970355988,-0.29857462644577026,-0.30425918102264404,-0.035889893770217896,-0.3700322210788727,-0.4890635013580322,-0.05320531874895096,-0.42461487650871277,-0.6225350499153137,-0.061502307653427124,-0.1971607357263565,-0.530685305595398,0.003855133894830942,-0.20021195709705353,-0.7012873888015747,-0.05585269257426262,-0.18455025553703308,-0.5458120107650757,-0.08692140132188797,-0.17451608180999756,-0.3968857228755951,-0.0942312553524971,-0.09902634471654892,-0.5465638041496277,-0.0054190196096897125,-0.09178339689970016,-0.6824668645858765,-0.08640674501657486,-0.09006862342357635,-0.4641437530517578,-0.11551433801651001,-0.09492233395576477,-0.2933138310909271,-0.11403853446245193,-0.00770688196644187,-0.5529695749282837,-0.023852519690990448,0.004794529173523188,-0.6947599053382874,-0.10269790142774582,-0.006077917292714119,-0.4925135672092438,-0.10398608446121216,-0.020656591281294823,-0.32936516404151917,-0.07894236594438553,0.0765911415219307,-0.5419943928718567,-0.043445322662591934,0.10332416743040085,-0.7490422129631042,-0.08805525302886963,0.12309663742780685,-0.8757125735282898,-0.09411486983299255,0.13574261963367462,-1.0,-0.08550256490707397
Y,Y_session_002,10,0.0,0.0,0.0,-0.16096729040145874,-0.10242513567209244,-0.0310957208275795,-0.29417577385902405,-0.30519673228263855,-0.043661270290613174,-0.3666894733905792,-0.4959332346916199,-0.06341513991355896,-0.4256690442562103,-0.6300193071365356,-0.0734887644648552,-0.19801945984363556,-0.531823992729187,0.0016300464048981667,-0.20118412375450134,-0.7049452662467957,-0.06274817138910294,-0.18215180933475494,-0.5426672101020813,-0.09684309363365173,-0.17083840072155,-0.3946610987186432,-0.10577306151390076,-0.10003741085529327,-0.548950731754303,-0.0065308972261846066,-0.09180882573127747,-0.6871340870857239,-0.09235686808824539,-0.08900720626115799,-0.4652232229709625,-0.1241808757185936,-0.09486276656389236,-0.296130508184433,-0.12390743941068649,-0.008768318220973015,-0.5555185079574585,-0.024674205109477043,0.005275697913020849,-0.6995357871055603,-0.10770076513290405,-0.006440885365009308,-0.49399805068969727,-0.10968809574842453,-0.022975578904151917,-0.330711305141449,-0.08417417854070663,0.07534009963274002,-0.5448196530342102,-0.0444348007440567,0.10246820747852325,-0.7510178685188293,-0.09091994911432266,0.12310920655727386,-0.8764238357543945,-0.0971732959151268,0.13672421872615814,-1.0,-0.08819346129894257
Y,Y_session_002,11,0.0,0.0,0.0,-0.16038666665554047,-0.10751736909151077,-0.028801120817661285,-0.2929407060146332,-0.3131984770298004,-0.040047261863946915,-0.3639030158519745,-0.5002700090408325,-0.058891452848911285,-0.4215747117996216,-0.631962239742279,-0.06862045079469681,-0.1924339234828949,-0.5325400233268738,0.0032234196551144123,-0.19690410792827606,-0.705181896686554,-0.06033361703157425,-0.18116942048072815,-0.543882429599762,-0.09491541981697083,-0.17107832431793213,-0.3958425521850586,-0.10470690578222275,-0.0951174721121788,-0.5468579530715942,-0.006018006708472967,-0.08867362141609192,-0.6881627440452576,-0.09186489135026932,-0.08858752995729446,-0.4683995246887207,-0.12421002984046936,-0.09403541684150696,-0.29792240262031555,-0.12423544377088547,-0.0046325065195560455,-0.5515078902244568,-0.024993624538183212,0.009360137395560741,-0.6999644041061401,-0.10669820010662079,-0.004835143685340881,-0.4964175820350647,-0.10864230245351791,-0.02201033942401409,-0.33159539103507996,-0.08353187888860703,0.07845653593540192,-0.5387037992477417,-0.04560407996177673,0.10487700253725052,-0.7448164224624634,-0.0922073945403099,0.12531182169914246,-0.8736062049865723,-0.09936924278736115,0.1392488181591034,-1.0,-0.0913245677947998
Y,Y_session_002,12,0.0,0.0,0.0,-0.15821868181228638,-0.105560801923275,-0.030414428561925888,-0.28976795077323914,-0.3109234571456909,-0.04339943081140518,-0.36145830154418945,-0.49790462851524353,-0.0634782537817955,-0.41951361298561096,-0.6300238370895386,-0.07433617860078812,-0.18896888196468353,-0.5273603796958923,-0.0025371890515089035,-0.19590286910533905,-0.7061179280281067,-0.06555016338825226,-0.18179967999458313,-0.5432533621788025,-0.09850671142339706,-0.1716976910829544,-0.39470982551574707,-0.10726980865001678,-0.09246131777763367,-0.5418778657913208,-0.010970082134008408,-0.08849634975194931,-0.6816287636756897,-0.09680993109941483,-0.08953859657049179,-0.46279671788215637,-0.12851835787296295,-0.09390801936388016,-0.2932865619659424,-0.1285368651151657,-0.0027030084747821093,-0.5468266606330872,-0.028854800388216972,0.009151898324489594,-0.6956751942634583,-0.10990741103887558,-0.007639638148248196,-0.49536436796188354,-0.11234378814697266,-0.02562778629362583,-0.33172687888145447,-0.08810027688741684,0.07908011972904205,-0.5367066860198975,-0.048347219824790955,0.1054200530052185,-0.7446692585945129,-0.09405471384525299,0.1258123219013214,-0.8742656111717224,-0.10168928653001785,0.13990524411201477,-1.0,-0.09440890699625015
Y,Y_session_002,13,0.0,0.0,0.0,-0.15989483892917633,-0.10458118468523026,-0.02722838893532753,-0.289863646030426,-0.3160710632801056,-0.03917264565825462,-0.3590191900730133,-0.5038281679153442,-0.05875943973660469,-0.41700899600982666,-0.6367988586425781,-0.06950443983078003,-0.1839011013507843,-0.5374258160591125,0.002228817669674754,-0.19327805936336517,-0.7085170745849609,-0.06070582568645477,-0.17985737323760986,-0.5447239279747009,-0.09499567747116089,-0.1679924577474594,-0.3944268226623535,-0.10462372750043869,-0.08771494030952454,-0.5494642853736877,-0.007806769106537104,-0.08584505319595337,-0.6910490989685059,-0.0933644101023674,-0.08719592541456223,-0.4710443615913391,-0.1260073333978653,-0.08900972455739975,-0.29765477776527405,-0.12621057033538818,0.0022447537630796432,-0.5508086085319519,-0.02709120325744152,0.012267510406672955,-0.694737434387207,-0.10756288468837738,-0.005271837580949068,-0.49076369404792786,-0.10991564393043518,-0.021726803854107857,-0.3255479335784912,-0.08555848151445389,0.08463706076145172,-0.5359917283058167,-0.04784232750535011,0.11133915185928345,-0.7428680658340454,-0.09376206248998642,0.13412557542324066,-0.8733618259429932,-0.10128138214349747,0.15205904841423035,-1.0,-0.09379484504461288
Y,Y_session_002,14,0.0,0.0,0.0,-0.15928611159324646,-0.10087127983570099,-0.029623638838529587,-0.2875584065914154,-0.3139401972293854,-0.04245882108807564,-0.3558248281478882,-0.5025229454040527,-0.062428396195173264,-0.4164081811904907,-0.6309571266174316,-0.07326769828796387,-0.18311740458011627,-0.5366526246070862,-0.0012992587871849537,-0.18997007608413696,-0.7058756947517395,-0.06417031586170197,-0.17397868633270264,-0.5433701276779175,-0.0979936420917511,-0.1618795096874237,-0.3934337794780731,-0.10737750679254532,-0.08725066483020782,-0.5512497425079346,-0.010712571442127228,-0.08323105424642563,-0.684676468372345,-0.09603710472583771,-0.08425719290971756,-0.4650256633758545,-0.12876376509666443,-0.08719410747289658,-0.29476529359817505,-0.12958648800849915,0.002918628742918372,-0.5538896322250366,-0.029395097866654396,0.014883681200444698,-0.6974227428436279,-0.11011073738336563,-0.00219228258356452,-0.4937141239643097,-0.11247418075799942,-0.019608398899435997,-0.3297678232192993,-0.0884787067770958,0.08457715809345245,-0.5392397046089172,-0.04974087327718735,0.11259415000677109,-0.7453809380531311,-0.09564602375030518,0.13568417727947235,-0.874199628829956,-0.10275501757860184,0.15384681522846222,-1.0,-0.09515689313411713
Y,Y_session_002,15,0.0,0.0,0.0,-0.15998639166355133,-0.10529642552137375,-0.02964126691222191,-0.2910914719104767,-0.3199748992919922,-0.04219828546047211,-0.360246866941452,-0.508078396320343,-0.06175512820482254,-0.4192953109741211,-0.6383777856826782,-0.07219924032688141,-0.1850249022245407,-0.5424346923828125,-0.0030578444711863995,-0.18834082782268524,-0.7118609547615051,-0.06698621064424515,-0.17287282645702362,-0.5478730201721191,-0.10065130889415741,-0.16239267587661743,-0.397767037153244,-0.1095777377486229,-0.08698246628046036,-0.5551034808158875,-0.01206109207123518,-0.0790652483701706,-0.6887052655220032,-0.0985274687409401,-0.08244912326335907,-0.4640409052371979,-0.1303083747625351,-0.08896875381469727,-0.2927265465259552,-0.13004310429096222,0.004188926890492439,-0.5569232106208801,-0.03039550594985485,0.019782666116952896,-0.7002732753753662,-0.11202624440193176,9.758921078173444e-05,-0.49503788352012634,-0.11419728398323059,-0.021221524104475975,-0.33211448788642883,-0.08962401747703552,0.08604404330253601,-0.5411795973777771,-0.050263870507478714,0.11428754776716232,-0.7477509379386902,-0.09620434045791626,0.1370171457529068,-0.8746147751808167,-0.10317754000425339,0.15425890684127808,-1.0,-0.09527799487113953
Y,Y_session_002,16,0.0,0.0,0.0,-0.1624211072921753,-0.1047327071428299,-0.03079342097043991,-0.2943275272846222,-0.31500059366226196,-0.0435178279876709,-0.3651239275932312,-0.5021669864654541,-0.06339073181152344,-0.4247629940509796,-0.6324769854545593,-0.07392396032810211,-0.1878778487443924,-0.5347858667373657,-0.003474912839010358,-0.19085249304771423,-0.7096949219703674,-0.0676923617720604,-0.17539304494857788,-0.5427032113075256,-0.10044439136981964,-0.16521885991096497,-0.390897274017334,-0.10845596343278885,-0.08991581201553345,-0.5472661852836609,-0.01218464970588684,-0.08170608431100845,-0.6855122447013855,-0.10018675029277802,-0.08460929244756699,-0.45902395248413086,-0.13159026205539703,-0.09173398464918137,-0.2858704924583435,-0.13063275814056396,0.0008188256178982556,-0.5495166182518005,-0.03051205538213253,0.016896173357963562,-0.6961725354194641,-0.11371385306119919,-0.0018515537958592176,-0.49037301540374756,-0.11599279940128326,-0.022820167243480682,-0.3259899914264679,-0.09093916416168213,0.08277687430381775,-0.5359703898429871,-0.05052360147237778,0.11264816671609879,-0.7453511953353882,-0.09735959023237228,0.13592611253261566,-0.8738844990730286,-0.10494881868362427,0.15311571955680847,-1.0,-0.09734335541725159
Y,Y_session_002,17,0.0,0.0,0.0,-0.15911322832107544,-0.10388772934675217,-0.029673036187887192,-0.2886025011539459,-0.31398674845695496,-0.04209556430578232,-0.3576262593269348,-0.5012320876121521,-0.06187284365296364,-0.41518712043762207,-0.6359866857528687,-0.07257004827260971,-0.18217706680297852,-0.5403028726577759,0.0006988128297962248,-0.18725375831127167,-0.7090176343917847,-0.0623345710337162,-0.17528605461120605,-0.5452779531478882,-0.09641147404909134,-0.16710953414440155,-0.39781585335731506,-0.1059899553656578,-0.08598613739013672,-0.5528316497802734,-0.008587237447500229,-0.0799761563539505,-0.6889539361000061,-0.09469809383153915,-0.08411531895399094,-0.4669283330440521,-0.12703098356723785,-0.09062062203884125,-0.29666098952293396,-0.12710478901863098,0.003691268851980567,-0.5542865991592407,-0.027472874149680138,0.01875564269721508,-0.7003253698348999,-0.10913422703742981,-0.00037960230838507414,-0.49864062666893005,-0.1121179610490799,-0.020596323534846306,-0.3367464542388916,-0.08794508874416351,0.08493880927562714,-0.5388822555541992,-0.04799022898077965,0.1150127574801445,-0.7459261417388916,-0.0942256897687912,0.13799017667770386,-0.8737871646881104,-0.10179357975721359,0.1545615792274475,-1.0,-0.0942372977733612
Y,Y_session_002,18,0.0,0.0,0.0,-0.16267184913158417,-0.10289143025875092,-0.02576938457787037,-0.2924838960170746,-0.31199851632118225,-0.0364755280315876,-0.36011722683906555,-0.49798864126205444,-0.05577089637517929,-0.41673538088798523,-0.6355639696121216,-0.06669022887945175,-0.18071413040161133,-0.5439664721488953,0.008038382977247238,-0.18650786578655243,-0.7035838961601257,-0.051747601479291916,-0.17501388490200043,-0.5429316163063049,-0.08527511358261108,-0.1667482852935791,-0.3915547728538513,-0.09474271535873413,-0.08338344842195511,-0.5560900568962097,-0.0027233886066824198,-0.08033201098442078,-0.6863781213760376,-0.08640909940004349,-0.08439581841230392,-0.46432697772979736,-0.11934366822242737,-0.09054704755544662,-0.2855440676212311,-0.11990749835968018,0.007380317896604538,-0.5571015477180481,-0.022773856297135353,0.0196637324988842,-0.6960225701332092,-0.10416445881128311,0.0018963717157021165,-0.4915562868118286,-0.10880661755800247,-0.016467884182929993,-0.323028028011322,-0.08535167574882507,0.08988767862319946,-0.541294515132904,-0.043939366936683655,0.12048806995153427,-0.7475011944770813,-0.09012185782194138,0.14457973837852478,-0.8752478957176208,-0.09797529876232147,0.16206704080104828,-1.0,-0.0905788242816925
Y,Y_session_002,19,0.0,0.0,0.0,-0.1580546796321869,-0.09954626858234406,-0.03192545846104622,-0.28817546367645264,-0.3072972595691681,-0.0461081899702549,-0.3577595353126526,-0.4960777461528778,-0.06722938269376755,-0.4134496748447418,-0.6399912238121033,-0.07891463488340378,-0.18239134550094604,-0.5457497835159302,-0.00110950309317559,-0.1847749501466751,-0.710129976272583,-0.06229010224342346,-0.17270544171333313,-0.5457985401153564,-0.09439396858215332,-0.16546207666397095,-0.39848676323890686,-0.10273868590593338,-0.08535804599523544,-0.5570123195648193,-0.009465661831200123,-0.07805361598730087,-0.6867392659187317,-0.09299927949905396,-0.08252870291471481,-0.46630406379699707,-0.12376649677753448,-0.09144376218318939,-0.2971566915512085,-0.12319941073656082,0.0051493337377905846,-0.5569055080413818,-0.027495505288243294,0.01973840408027172,-0.696276843547821,-0.10918549448251724,0.0022710515186190605,-0.49803346395492554,-0.11287397891283035,-0.017363736405968666,-0.3398539125919342,-0.08900146186351776,0.08808037638664246,-0.5409812927246094,-0.047031600028276443,0.11796744167804718,-0.7495355010032654,-0.09335731714963913,0.1425066739320755,-0.8758173584938049,-0.10074660181999207,0.16072870790958405,-1.0,-0.09284872561693192
Y,Y_session_002,20,0.0,0.0,0.0,-0.15817396342754364,-0.10559232532978058,-0.02947814017534256,-0.2886259853839874,-0.3140014111995697,-0.04252061992883682,-0.3578062951564789,-0.503847599029541,-0.06317277252674103,-0.41221916675567627,-0.6497660875320435,-0.07451871037483215,-0.18578818440437317,-0.5481084585189819,0.004381225444376469,-0.18814943730831146,-0.7171576619148254,-0.056999627500772476,-0.17611947655677795,-0.5582634210586548,-0.09033749997615814,-0.1693052500486374,-0.411228746175766,-0.09952942281961441,-0.0899413600564003,-0.5594223737716675,-0.005038508679717779,-0.08229662477970123,-0.6925666332244873,-0.08877262473106384,-0.08593909442424774,-0.4752526581287384,-0.12101972103118896,-0.09475646167993546,-0.30681368708610535,-0.12147460132837296,0.00013150829181540757,-0.5596561431884766,-0.024271683767437935,0.015248860232532024,-0.7016590237617493,-0.1052192822098732,-0.0013811526587232947,-0.5065585970878601,-0.10934765636920929,-0.020327605307102203,-0.34804585576057434,-0.08598124980926514,0.08299372345209122,-0.5442878007888794,-0.04498320817947388,0.11254879832267761,-0.7518017888069153,-0.09098325669765472,0.13719913363456726,-0.8780977129936218,-0.09849420934915543,0.15578830242156982,-1.0,-0.09068422764539719
Y,Y_session_002,21,0.0,0.0,0.0,-0.15608353912830353,-0.11446958035230637,-0.0321398563683033,-0.284100741147995,-0.33333396911621094,-0.04520180821418762,-0.3497743010520935,-0.5269497632980347,-0.06512418389320374,-0.40558764338493347,-0.6635768413543701,-0.07571477442979813,-0.1816880702972412,-0.5547807812690735,-0.0010384069755673409,-0.17862766981124878,-0.71884685754776,-0.06481960415840149,-0.16607637703418732,-0.5548763275146484,-0.09897062182426453,-0.15913322567939758,-0.4082690179347992,-0.10826951265335083,-0.08422738313674927,-0.5631746649742126,-0.008902757428586483,-0.0717790424823761,-0.6960713863372803,-0.0946274995803833,-0.07422236353158951,-0.4739902913570404,-0.12599560618400574,-0.08198891580104828,-0.3033539950847626,-0.12538285553455353,0.0058629997074604034,-0.5615988969802856,-0.02673933655023575,0.024828610941767693,-0.7033740282058716,-0.10932347178459167,0.009494046680629253,-0.500804603099823,-0.11266248673200607,-0.009183300659060478,-0.33802351355552673,-0.08828958868980408,0.0880124419927597,-0.5427194237709045,-0.0462530180811882,0.11819054931402206,-0.7488251328468323,-0.09307488054037094,0.14411066472530365,-0.875908613204956,-0.10090623050928116,0.16445834934711456,-1.0,-0.09320731461048126
Y,Y_session_002,22,0.0,0.0,0.0,-0.1609826236963272,-0.11139706522226334,-0.03416476771235466,-0.2936203181743622,-0.32645630836486816,-0.047718629240989685,-0.3628091812133789,-0.5197120904922485,-0.06850101053714752,-0.41860073804855347,-0.6588035225868225,-0.07958915084600449,-0.19024063646793365,-0.543371319770813,0.00016050285194069147,-0.1881883442401886,-0.7158524394035339,-0.06335284560918808,-0.17098671197891235,-0.5522610545158386,-0.09687928855419159,-0.15953604876995087,-0.40182286500930786,-0.10543038696050644,-0.09002739191055298,-0.5537753701210022,-0.006931960582733154,-0.07995600253343582,-0.6944867968559265,-0.09256552904844284,-0.07665131241083145,-0.4715593755245209,-0.12319116294384003,-0.07960662990808487,-0.29896318912506104,-0.12178369611501694,0.0024910562206059694,-0.5549085736274719,-0.024539396166801453,0.01912938989698887,-0.7067179083824158,-0.10806934535503387,0.009658361785113811,-0.5051665306091309,-0.11068359762430191,-0.00380624458193779,-0.3389304578304291,-0.08497410267591476,0.0864114835858345,-0.539786696434021,-0.044008247554302216,0.11781739443540573,-0.7494531869888306,-0.09123669564723969,0.14350751042366028,-0.8765578866004944,-0.0989113450050354,0.1628701090812683,-1.0,-0.09083320200443268
Y,Y_session_002,23,0.0,0.0,0.0,-0.16397075355052948,-0.10814712941646576,-0.0333867147564888,-0.29758065938949585,-0.31379857659339905,-0.0474395714700222,-0.3694247901439667,-0.5022078156471252,-0.06914490461349487,-0.4254150092601776,-0.6415590047836304,-0.08104223012924194,-0.195884570479393,-0.5334839820861816,0.0015463038580492139,-0.19349247217178345,-0.7091580033302307,-0.06287085264921188,-0.17526863515377045,-0.5462315678596497,-0.09740032255649567,-0.16437804698944092,-0.3953271508216858,-0.10648633539676666,-0.094717837870121,-0.5465400218963623,-0.006410234607756138,-0.0836128294467926,-0.6910969018936157,-0.09355145692825317,-0.0789509043097496,-0.46639370918273926,-0.12516352534294128,-0.08233411610126495,-0.2905636429786682,-0.12416110187768936,-0.0013219836400821805,-0.5502663850784302,-0.02485107257962227,0.016246557235717773,-0.7046144604682922,-0.1090543270111084,0.0074025485664606094,-0.5003340840339661,-0.11138338595628738,-0.0067330533638596535,-0.33131954073905945,-0.08529877662658691,0.08347505331039429,-0.5370247960090637,-0.04520916938781738,0.11456912010908127,-0.7475534081459045,-0.09249598532915115,0.1387736201286316,-0.8761277198791504,-0.09952029585838318,0.1561938375234604,-1.0,-0.09085553884506226
Y,Y_session_002,24,0.0,0.0,0.0,-0.16211609542369843,-0.10896557569503784,-0.03153601661324501,-0.29430091381073,-0.3131299316883087,-0.044562675058841705,-0.3653692305088043,-0.4999992549419403,-0.06518708914518356,-0.4214753210544586,-0.6366027593612671,-0.07617778331041336,-0.1939748078584671,-0.536295473575592,0.0034564854577183723,-0.19084063172340393,-0.7090300917625427,-0.06072618439793587,-0.1741570234298706,-0.548737108707428,-0.09481199085712433,-0.1645624041557312,-0.40032869577407837,-0.10353447496891022,-0.09542213380336761,-0.5483068227767944,-0.004724330734461546,-0.08192259818315506,-0.6892092823982239,-0.09192324429750443,-0.07886187732219696,-0.4638676941394806,-0.12271030992269516,-0.08412562310695648,-0.2910607159137726,-0.12076736986637115,-0.0042295814491808414,-0.5498267412185669,-0.023279454559087753,0.01495065912604332,-0.697223424911499,-0.10801151394844055,0.007176796440035105,-0.4896998405456543,-0.10958555340766907,-0.006276698783040047,-0.3241758942604065,-0.08264172077178955,0.07981359213590622,-0.5340346097946167,-0.043538112193346024,0.11197875440120697,-0.7433693408966064,-0.09135709702968597,0.13650625944137573,-0.8721957802772522,-0.09804213792085648,0.15402528643608093,-1.0,-0.08884037286043167
Y,Y_session_002,25,0.0,0.0,0.0,-0.15949685871601105,-0.10707949101924896,-0.029437996447086334,-0.2917154133319855,-0.3126963675022125,-0.04124178737401962,-0.3634069859981537,-0.49591273069381714,-0.060691770166158676,-0.41732683777809143,-0.6333091259002686,-0.07062657177448273,-0.1951548457145691,-0.5369695425033569,0.0044480920769274235,-0.19148479402065277,-0.7091192603111267,-0.05741037800908089,-0.17068317532539368,-0.5506184101104736,-0.09019725024700165,-0.1601128727197647,-0.40260961651802063,-0.098324716091156,-0.09812714159488678,-0.551231861114502,-0.004131158348172903,-0.0834820345044136,-0.6901463866233826,-0.0883244052529335,-0.07901515811681747,-0.4697801470756531,-0.11976930499076843,-0.08599027246236801,-0.2990123927593231,-0.1191377118229866,-0.007421099580824375,-0.5546519756317139,-0.022577067837119102,0.013585436157882214,-0.6981059312820435,-0.10460912436246872,0.003710232675075531,-0.49711745977401733,-0.10902471095323563,-0.014484181068837643,-0.3355979025363922,-0.0851045623421669,0.07587399333715439,-0.54061359167099,-0.04230329021811485,0.10553830116987228,-0.7484633326530457,-0.0882692039012909,0.13100917637348175,-0.8761423230171204,-0.09572569280862808,0.1493336409330368,-1.0,-0.087652787566185
Y,Y_session_002,26,0.0,0.0,0.0,-0.1598711758852005,-0.10627283155918121,-0.034725628793239594,-0.293315052986145,-0.30176880955696106,-0.05006799101829529,-0.3690183162689209,-0.48474612832069397,-0.07221799343824387,-0.4236973524093628,-0.6271283626556396,-0.08420518785715103,-0.19577175378799438,-0.5247759819030762,-6.93699621479027e-05,-0.19483640789985657,-0.701612651348114,-0.06377176195383072,-0.17429423332214355,-0.54554682970047,-0.09741825610399246,-0.16287563741207123,-0.3981983959674835,-0.10608029365539551,-0.09832989424467087,-0.5416837334632874,-0.006796150468289852,-0.08673804253339767,-0.6816132664680481,-0.0931328535079956,-0.08079027384519577,-0.46411508321762085,-0.12533825635910034,-0.08497922122478485,-0.2936656177043915,-0.12526945769786835,-0.007917999289929867,-0.548620343208313,-0.023940719664096832,0.009536592289805412,-0.6945332288742065,-0.10793597251176834,0.0018572795670479536,-0.498424768447876,-0.11280020326375961,-0.01234201155602932,-0.33775442838668823,-0.08895771205425262,0.07511124014854431,-0.5384919047355652,-0.04281273111701012,0.10527269542217255,-0.7472156286239624,-0.09008684754371643,0.13000039756298065,-0.8763362765312195,-0.0983695462346077,0.147862046957016,-1.0,-0.09085318446159363
Y,Y_session_002,27,0.0,0.0,0.0,-0.1590437889099121,-0.10959213972091675,-0.031862590461969376,-0.2935890257358551,-0.3098745048046112,-0.04484914615750313,-0.36623990535736084,-0.4941544532775879,-0.06508028507232666,-0.4203720986843109,-0.6321180462837219,-0.07547540217638016,-0.1923493891954422,-0.5300731062889099,0.0016791517846286297,-0.1895790845155716,-0.7059517502784729,-0.0620059072971344,-0.17267630994319916,-0.5437890291213989,-0.09558515250682831,-0.163535475730896,-0.3957653343677521,-0.10444097220897675,-0.0947742611169815,-0.5455087423324585,-0.005884510464966297,-0.08144455403089523,-0.6857019066810608,-0.09292209148406982,-0.077476367354393,-0.4640372097492218,-0.12486500293016434,-0.08261421322822571,-0.29399073123931885,-0.1242988184094429,-0.005134025122970343,-0.5507497191429138,-0.02355772629380226,0.014726846478879452,-0.6973951458930969,-0.10704963654279709,0.004361183848232031,-0.49385547637939453,-0.11002783477306366,-0.012780950404703617,-0.33057209849357605,-0.08488107472658157,0.07690639793872833,-0.5382868051528931,-0.0428779162466526,0.10753101855516434,-0.7449522614479065,-0.08982324600219727,0.1314632147550583,-0.8740010261535645,-0.0974254161119461,0.14766019582748413,-1.0,-0.08932770788669586
Y,Y_session_002,28,0.0,0.0,0.0,-0.1599160134792328,-0.10065626353025436,-0.03436296805739403,-0.29407307505607605,-0.30146607756614685,-0.04911910369992256,-0.3675272464752197,-0.4881535470485687,-0.07100816071033478,-0.4246630370616913,-0.6265828013420105,-0.08327147364616394,-0.1928344964981079,-0.5267530083656311,-0.002425914630293846,-0.19163937866687775,-0.7059118747711182,-0.06787486374378204,-0.17476657032966614,-0.5461529493331909,-0.10246878117322922,-0.16530025005340576,-0.3963553011417389,-0.11141926795244217,-0.09457876533269882,-0.540736973285675,-0.009983866475522518,-0.08129258453845978,-0.684207558631897,-0.09908682852983475,-0.07919973880052567,-0.4618041217327118,-0.13233236968517303,-0.08571559190750122,-0.287376344203949,-0.13204443454742432,-0.0040955799631774426,-0.5454071164131165,-0.02775437757372856,0.0161769837141037,-0.6917741298675537,-0.11373212933540344,0.003947102464735508,-0.48768559098243713,-0.11843942850828171,-0.014549736864864826,-0.3229080140590668,-0.09366380423307419,0.07899440079927444,-0.5338164567947388,-0.04725324362516403,0.10966276377439499,-0.7437396049499512,-0.09578795731067657,0.13437141478061676,-0.8737227320671082,-0.10401174426078796,0.15190573036670685,-1.0,-0.09591320902109146
Y,Y_session_002,29,0.0,0.0,0.0,-0.16249489784240723,-0.10104870051145554,-0.033522531390190125,-0.2953026592731476,-0.30686235427856445,-0.04667169228196144,-0.36614009737968445,-0.4958250820636749,-0.0668511688709259,-0.4242934286594391,-0.6306442618370056,-0.07728096097707748,-0.19146491587162018,-0.5305576324462891,-0.0005359351634979248,-0.19129762053489685,-0.7085334062576294,-0.0650867223739624,-0.17412559688091278,-0.5447420477867126,-0.09878712147474289,-0.16319510340690613,-0.3959217965602875,-0.10739429295063019,-0.09387658536434174,-0.546259880065918,-0.007836692966520786,-0.08086707442998886,-0.6849020719528198,-0.09592904150485992,-0.07943286001682281,-0.46025800704956055,-0.12837480008602142,-0.08480922132730484,-0.2882317304611206,-0.12778395414352417,-0.003900863230228424,-0.5511611104011536,-0.02540626749396324,0.015992384403944016,-0.6942800879478455,-0.11014315485954285,0.001573908724822104,-0.48765796422958374,-0.11404145509004593,-0.01728668250143528,-0.3239220380783081,-0.08930835127830505,0.07882678508758545,-0.5382314324378967,-0.04473000764846802,0.11042498052120209,-0.7450931072235107,-0.09261526167392731,0.13448607921600342,-0.8737661838531494,-0.10079275816679001,0.1521698236465454,-1.0,-0.09297072142362595
Y,Y_session_002,30,0.0,0.0,0.0,-0.16290023922920227,-0.1052773967385292,-0.031661272048950195,-0.2950167655944824,-0.31104204058647156,-0.04374440014362335,-0.36676111817359924,-0.497529000043869,-0.06308778375387192,-0.4250078499317169,-0.6319925785064697,-0.07275426387786865,-0.19055479764938354,-0.5310567021369934,0.0018879093695431948,-0.1923767775297165,-0.7082245349884033,-0.061678312718868256,-0.1744447499513626,-0.5461708903312683,-0.09504591673612595,-0.16294635832309723,-0.397644966840744,-0.10370409488677979,-0.09286278486251831,-0.5483541488647461,-0.005867948289960623,-0.0818038210272789,-0.6847327947616577,-0.09251311421394348,-0.08077741414308548,-0.46266379952430725,-0.1242770403623581,-0.08629333972930908,-0.29218095541000366,-0.12373474985361099,-0.002445471240207553,-0.5536746978759766,-0.023864932358264923,0.015831826254725456,-0.6962106823921204,-0.10706578195095062,0.0011560098500922322,-0.4940364360809326,-0.11056549847126007,-0.01736854575574398,-0.33240899443626404,-0.0862371101975441,0.07978923618793488,-0.5405052900314331,-0.04354407265782356,0.1125493273139,-0.7456731200218201,-0.0905633494257927,0.13625670969486237,-0.8741123676300049,-0.09875611215829849,0.15287835896015167,-1.0,-0.09143628925085068
Y,Y_session_002,31,0.0,0.0,0.0,-0.15996111929416656,-0.10476315766572952,-0.03172934055328369,-0.29084673523902893,-0.31315475702285767,-0.044019922614097595,-0.3619055151939392,-0.5001606941223145,-0.06370320171117783,-0.41912412643432617,-0.6361123323440552,-0.07387922704219818,-0.1854047179222107,-0.538371205329895,0.0031790530774742365,-0.18687568604946136,-0.7151965498924255,-0.06042906269431114,-0.1718512326478958,-0.5532636642456055,-0.09478757530450821,-0.16295072436332703,-0.4042869508266449,-0.1041647344827652,-0.08894512802362442,-0.5536935925483704,-0.004524117801338434,-0.07869047671556473,-0.6913896799087524,-0.0914059653878212,-0.07986073940992355,-0.4672694504261017,-0.1244850605726242,-0.08675165474414825,-0.29471930861473083,-0.12451965361833572,0.0007935828762128949,-0.5574510097503662,-0.022387569770216942,0.019239651039242744,-0.7036822438240051,-0.10587835311889648,0.0031281509436666965,-0.497243195772171,-0.10983791202306747,-0.016880182549357414,-0.3320724070072174,-0.08540952950716019,0.08239535987377167,-0.5423652529716492,-0.041929975152015686,0.11321590840816498,-0.7465755343437195,-0.08957020193338394,0.13774888217449188,-0.8737579584121704,-0.09796493500471115,0.156338170170784,-1.0,-0.0902782455086708
Y,Y_session_002,32,0.0,0.0,0.0,-0.16192719340324402,-0.10690558701753616,-0.03204517439007759,-0.2922067642211914,-0.3171907067298889,-0.044654808938503265,-0.36252424120903015,-0.5035706758499146,-0.06451351195573807,-0.4196139872074127,-0.6399802565574646,-0.07478315383195877,-0.18793289363384247,-0.5428076982498169,0.001651091850362718,-0.18739773333072662,-0.7151954174041748,-0.06087607517838478,-0.17311729490756989,-0.5544708371162415,-0.09387965500354767,-0.16650831699371338,-0.4071376919746399,-0.10259592533111572,-0.09101753681898117,-0.5568087100982666,-0.006334597710520029,-0.07761256396770477,-0.6915968656539917,-0.09233307093381882,-0.08068742603063583,-0.46872228384017944,-0.12496909499168396,-0.09121578186750412,-0.29861685633659363,-0.1251811534166336,-0.0010771129745990038,-0.5595104098320007,-0.02438308484852314,0.019605576992034912,-0.6991422176361084,-0.10841967165470123,0.001156200305558741,-0.4936251938343048,-0.11331063508987427,-0.022223936393857002,-0.33095377683639526,-0.08962475508451462,0.08073725551366806,-0.5434143543243408,-0.04401690140366554,0.11407241970300674,-0.7485994696617126,-0.09228577464818954,0.14003422856330872,-0.8751492500305176,-0.10107798874378204,0.15888053178787231,-1.0,-0.09381549060344696
Y,Y_session_002,33,0.0,0.0,0.0,-0.16232405602931976,-0.10452719032764435,-0.029393792152404785,-0.29150301218032837,-0.31598809361457825,-0.040725287050008774,-0.35924389958381653,-0.5028604865074158,-0.059958845376968384,-0.41567662358283997,-0.638607919216156,-0.06998752057552338,-0.18358869850635529,-0.5413618087768555,0.006130390800535679,-0.18434257805347443,-0.7109349370002747,-0.05655883625149727,-0.17025305330753326,-0.5499036312103271,-0.09089742600917816,-0.16123062372207642,-0.3997752368450165,-0.10008029639720917,-0.08599045127630234,-0.5559908747673035,-0.0026370773557573557,-0.07581627368927002,-0.690902590751648,-0.08777235448360443,-0.07758451253175735,-0.4690835177898407,-0.12028205394744873,-0.08414677530527115,-0.2940990626811981,-0.12012255936861038,0.004304683301597834,-0.5599019527435303,-0.021347368136048317,0.02113322727382183,-0.7026614546775818,-0.10365930199623108,0.005287420004606247,-0.49776411056518555,-0.10759351402521133,-0.013214703649282455,-0.3322608470916748,-0.08326101303100586,0.08642871677875519,-0.5457754731178284,-0.04155605658888817,0.11890498548746109,-0.7506288290023804,-0.08784393221139908,0.14369158446788788,-0.8764339089393616,-0.0953880101442337,0.1621103733778,-1.0,-0.08729317039251328
Y,Y_session_002,34,0.0,0.0,0.0,-0.16392464935779572,-0.10227841138839722,-0.032916344702243805,-0.29688575863838196,-0.3076879382133484,-0.04672657325863838,-0.3677433133125305,-0.4924527704715729,-0.06771446764469147,-0.4250771105289459,-0.6308779120445251,-0.07909360527992249,-0.18933194875717163,-0.5341439247131348,-0.002254239749163389,-0.18765127658843994,-0.7071900963783264,-0.06621979176998138,-0.17342759668827057,-0.5446908473968506,-0.0996752381324768,-0.16622312366962433,-0.39189156889915466,-0.10786432772874832,-0.09080598503351212,-0.5477225184440613,-0.010259034112095833,-0.07710275799036026,-0.685047447681427,-0.09793094545602798,-0.07930497080087662,-0.46023404598236084,-0.12991581857204437,-0.08932666480541229,-0.28210827708244324,-0.12892299890518188,-5.9954822063446045e-05,-0.5511952042579651,-0.028239641338586807,0.0198519229888916,-0.6914946436882019,-0.11297563463449478,0.004581063985824585,-0.4853927195072174,-0.1172575131058693,-0.015850206837058067,-0.31857070326805115,-0.0924776941537857,0.08242648839950562,-0.5387576818466187,-0.04788824915885925,0.11458655446767807,-0.747907817363739,-0.09544198215007782,0.14054913818836212,-0.8761451840400696,-0.10329197347164154,0.1595889925956726,-1.0,-0.0952218770980835
Y,Y_session_002,35,0.0,0.0,0.0,-0.15912631154060364,-0.09967762976884842,-0.03221278637647629,-0.28898268938064575,-0.30688145756721497,-0.045340221375226974,-0.3589431643486023,-0.49208614230155945,-0.06586182862520218,-0.4188346266746521,-0.6242624521255493,-0.07724863290786743,-0.18361905217170715,-0.5334752798080444,0.0012424127198755741,-0.18355461955070496,-0.7089458107948303,-0.06190383806824684,-0.1718439757823944,-0.5527146458625793,-0.09658044576644897,-0.16556331515312195,-0.402908056974411,-0.10616829991340637,-0.08836773782968521,-0.5484438538551331,-0.006700437981635332,-0.07544135302305222,-0.684173583984375,-0.09387915581464767,-0.07801585644483566,-0.4625593423843384,-0.12756136059761047,-0.08688581734895706,-0.28774645924568176,-0.127920001745224,4.520747825154103e-05,-0.5534409284591675,-0.024502035230398178,0.0207798071205616,-0.7005718350410461,-0.10768967866897583,0.006141668185591698,-0.4958558976650238,-0.11183081567287445,-0.013048906810581684,-0.3300634026527405,-0.0874519944190979,0.08038122206926346,-0.5411736369132996,-0.04409656673669815,0.1114698126912117,-0.7465711236000061,-0.09095805883407593,0.13555653393268585,-0.8740673661231995,-0.09858632832765579,0.15347030758857727,-1.0,-0.09035694599151611
Y,Y_session_002,36,0.0,0.0,0.0,-0.16011743247509003,-0.1005425825715065,-0.03291240334510803,-0.29268935322761536,-0.30512359738349915,-0.047074638307094574,-0.36454343795776367,-0.4887922704219818,-0.0681578740477562,-0.42244404554367065,-0.6249794363975525,-0.07964303344488144,-0.18648292124271393,-0.536033034324646,-0.0022351969964802265,-0.18227945268154144,-0.7092728614807129,-0.06476178765296936,-0.17151351273059845,-0.5479230880737305,-0.09799647331237793,-0.16736657917499542,-0.3976649343967438,-0.10683726519346237,-0.09164419770240784,-0.5503839254379272,-0.009606601670384407,-0.07717914879322052,-0.6841985583305359,-0.09495577216148376,-0.08011387288570404,-0.46246573328971863,-0.1266220211982727,-0.08992401510477066,-0.2917267680168152,-0.12649127840995789,-0.003421724308282137,-0.5544323921203613,-0.02677130326628685,0.017873216420412064,-0.6966135501861572,-0.10953531414270401,0.004187377635389566,-0.49219873547554016,-0.11317387968301773,-0.014764443971216679,-0.32919254899024963,-0.08891145139932632,0.07766932994127274,-0.5418262481689453,-0.04563695564866066,0.10870920121669769,-0.7489944696426392,-0.09266718477010727,0.13437679409980774,-0.8756639361381531,-0.10031715035438538,0.15408474206924438,-1.0,-0.09232575446367264
Y,Y_session_002,37,0.0,0.0,0.0,-0.16188332438468933,-0.10097797214984894,-0.029359959065914154,-0.2924456298351288,-0.30745604634284973,-0.04096907749772072,-0.36242151260375977,-0.49093133211135864,-0.060959067195653915,-0.42389991879463196,-0.6182809472084045,-0.07190845161676407,-0.18640020489692688,-0.5363364815711975,0.008700771257281303,-0.18503546714782715,-0.7046279907226562,-0.0548635832965374,-0.16775524616241455,-0.5467886328697205,-0.09143559634685516,-0.15777479112148285,-0.39280569553375244,-0.10205057263374329,-0.0917462706565857,-0.553878664970398,-0.0010186720173805952,-0.07868017256259918,-0.6859037280082703,-0.08813414722681046,-0.07625091075897217,-0.4653686583042145,-0.12377385050058365,-0.08213504403829575,-0.2897142469882965,-0.12533488869667053,-0.0034106874372810125,-0.5599746108055115,-0.020874669775366783,0.017309680581092834,-0.7029466032981873,-0.10359052568674088,0.005804395768791437,-0.5003856420516968,-0.10905997455120087,-0.01192352082580328,-0.33534345030784607,-0.08553057163953781,0.07635820657014847,-0.5478247404098511,-0.042516615241765976,0.10677795112133026,-0.7519711852073669,-0.08853673189878464,0.13123825192451477,-0.8779938817024231,-0.09592217952013016,0.1500048190355301,-1.0,-0.08750072866678238
Y,Y_session_002,38,0.0,0.0,0.0,-0.15985320508480072,-0.10051802545785904,-0.030960746109485626,-0.2923789620399475,-0.3053124248981476,-0.04308712109923363,-0.3639151453971863,-0.4883382022380829,-0.062298551201820374,-0.42473894357681274,-0.6158602833747864,-0.07186179608106613,-0.18863743543624878,-0.5305720567703247,-0.0013170669553801417,-0.18399277329444885,-0.7036114931106567,-0.06227262690663338,-0.16925255954265594,-0.5418804883956909,-0.09343841671943665,-0.1626148223876953,-0.388717383146286,-0.10083070397377014,-0.09338819235563278,-0.5488874912261963,-0.009583786129951477,-0.07808651775121689,-0.682335376739502,-0.09380560368299484,-0.07672237604856491,-0.4613521695137024,-0.12483073770999908,-0.08523289859294891,-0.2916322350502014,-0.12425347417593002,-0.0053733596578240395,-0.5554449558258057,-0.027329180389642715,0.015575597062706947,-0.696270227432251,-0.10787336528301239,0.005019383504986763,-0.49602070450782776,-0.11133154481649399,-0.014182535000145435,-0.3366323411464691,-0.08767561614513397,0.07402113080024719,-0.5445846319198608,-0.04676521569490433,0.10397940874099731,-0.7499977350234985,-0.09204402565956116,0.12834322452545166,-0.8763533234596252,-0.09912815690040588,0.14569373428821564,-1.0,-0.09121545404195786
Y,Y_session_002,39,0.0,0.0,0.0,-0.16040094196796417,-0.09398365765810013,-0.036153167486190796,-0.29511758685112,-0.29757457971572876,-0.05002642050385475,-0.369183212518692,-0.4833587110042572,-0.06950713694095612,-0.43141546845436096,-0.6100929379463196,-0.07845620065927505,-0.19490599632263184,-0.5173819661140442,-0.011978894472122192,-0.18422047793865204,-0.6939830780029297,-0.07460340857505798,-0.16490569710731506,-0.5250059962272644,-0.10294877737760544,-0.1578231304883957,-0.37202444672584534,-0.10827028751373291,-0.09712661802768707,-0.5380141139030457,-0.0177022535353899,-0.07796396315097809,-0.6759054660797119,-0.10371576249599457,-0.07334854453802109,-0.4493214786052704,-0.13178199529647827,-0.08173005282878876,-0.2825593054294586,-0.12960350513458252,-0.00737899262458086,-0.5462576746940613,-0.03300276771187782,0.01690096966922283,-0.692602276802063,-0.1166757270693779,0.008327551186084747,-0.48381298780441284,-0.11716733127832413,-0.011412111110985279,-0.3231145441532135,-0.09135125577449799,0.07358383387327194,-0.5354058146476746,-0.05017123743891716,0.10630454868078232,-0.7427818775177002,-0.09852507710456848,0.13359396159648895,-0.8710076212882996,-0.10588763654232025,0.1523205190896988,-1.0,-0.09806814789772034
Y,Y_session_002,40,0.0,0.0,0.0,-0.15701456367969513,-0.10090041160583496,-0.03600785508751869,-0.2909338176250458,-0.3051212430000305,-0.04978586360812187,-0.3633038401603699,-0.48941469192504883,-0.06957099586725235,-0.42520689964294434,-0.6149459481239319,-0.07959597557783127,-0.19174078106880188,-0.5280848741531372,-0.007860839366912842,-0.1821925789117813,-0.6951584219932556,-0.07161268591880798,-0.1645515412092209,-0.5338479280471802,-0.10338428616523743,-0.15848585963249207,-0.3824376165866852,-0.11046086251735687,-0.09627998620271683,-0.54828941822052,-0.013721901923418045,-0.07649574428796768,-0.6754958629608154,-0.10077381879091263,-0.07153388857841492,-0.45238208770751953,-0.13148383796215057,-0.07955234497785568,-0.28197014331817627,-0.12982328236103058,-0.009254072792828083,-0.5567247271537781,-0.02940194308757782,0.014459461905062199,-0.6900193691253662,-0.11469165980815887,0.008876076899468899,-0.4813658595085144,-0.11828550696372986,-0.008203946985304356,-0.31846901774406433,-0.09285690635442734,0.07001136988401413,-0.5466622114181519,-0.046818673610687256,0.09950100630521774,-0.7512157559394836,-0.09491851180791855,0.12617343664169312,-0.8769314885139465,-0.10173406451940536,0.14535929262638092,-1.0,-0.09244813770055771
Y,Y_session_002,41,0.0,0.0,0.0,-0.1549367904663086,-0.09964680671691895,-0.03691232576966286,-0.28815364837646484,-0.3019322156906128,-0.05187344551086426,-0.3618661165237427,-0.4862552881240845,-0.07221044600009918,-0.42438793182373047,-0.6124343872070312,-0.08217551559209824,-0.19129407405853271,-0.5290973782539368,-0.013114859350025654,-0.17779721319675446,-0.6993157863616943,-0.076787568628788,-0.1612914651632309,-0.5354772806167603,-0.10628632456064224,-0.15621718764305115,-0.3846195638179779,-0.11206808686256409,-0.09445931762456894,-0.5470878481864929,-0.018347173929214478,-0.07544822990894318,-0.680017352104187,-0.10485529154539108,-0.07143918424844742,-0.4555264711380005,-0.1331281214952469,-0.07892227172851562,-0.28779295086860657,-0.13046739995479584,-0.006063822656869888,-0.5542342066764832,-0.03317691385746002,0.016330599784851074,-0.6960861086845398,-0.11820308864116669,0.00885543692857027,-0.48732051253318787,-0.11976545304059982,-0.008904434740543365,-0.32562580704689026,-0.09367833286523819,0.07405440509319305,-0.5418150424957275,-0.049740877002477646,0.10396381467580795,-0.7488430142402649,-0.09912244975566864,0.1303393542766571,-0.8746387362480164,-0.10677164047956467,0.14914005994796753,-1.0,-0.09834162145853043
Y,Y_session_002,42,0.0,0.0,0.0,-0.15858633816242218,-0.09985056519508362,-0.03651934489607811,-0.2926412522792816,-0.3044184148311615,-0.05027301609516144,-0.36642923951148987,-0.48927801847457886,-0.06985458731651306,-0.42992326617240906,-0.611635148525238,-0.07911957055330276,-0.19406262040138245,-0.5275899171829224,-0.0073881554417312145,-0.18299543857574463,-0.6973328590393066,-0.07266660779714584,-0.16762471199035645,-0.5307593941688538,-0.10479942709207535,-0.16232460737228394,-0.3801014721393585,-0.11202304810285568,-0.09756401181221008,-0.5446709394454956,-0.013131888583302498,-0.07997144013643265,-0.6768171191215515,-0.10214854031801224,-0.07664664089679718,-0.45009809732437134,-0.13275064527988434,-0.08376798778772354,-0.2819975018501282,-0.13077981770038605,-0.009785287082195282,-0.5502829551696777,-0.029057083651423454,0.01211185846477747,-0.690625786781311,-0.11531452089548111,0.003111426718533039,-0.4808181822299957,-0.11806849390268326,-0.015706639736890793,-0.3187367916107178,-0.0919833853840828,0.06973929703235626,-0.5386108756065369,-0.04688740894198418,0.09958452731370926,-0.745707094669342,-0.09573277831077576,0.12491284310817719,-0.8733041882514954,-0.10347620397806168,0.14276503026485443,-1.0,-0.0949920266866684
Y,Y_session_002,43,0.0,0.0,0.0,-0.15594962239265442,-0.09838902950286865,-0.03397238254547119,-0.29044395685195923,-0.3078248202800751,-0.04614371433854103,-0.36286795139312744,-0.4931822717189789,-0.06430366635322571,-0.4268239140510559,-0.6118942499160767,-0.07284975051879883,-0.19339720904827118,-0.5336375832557678,-0.0064567201770842075,-0.18135711550712585,-0.6989647150039673,-0.06973045319318771,-0.16320155560970306,-0.539670467376709,-0.10123905539512634,-0.15731312334537506,-0.3903207778930664,-0.10808983445167542,-0.09847917407751083,-0.55074143409729,-0.012308222241699696,-0.07774729281663895,-0.6785666942596436,-0.09822978079319,-0.07238202542066574,-0.45518434047698975,-0.12795759737491608,-0.07984120398759842,-0.2854209542274475,-0.12574942409992218,-0.011389745399355888,-0.556732177734375,-0.027840493246912956,0.013073067180812359,-0.689591109752655,-0.11164926737546921,0.006500516552478075,-0.47997337579727173,-0.11503908038139343,-0.011406827718019485,-0.31683892011642456,-0.08986841142177582,0.06826417148113251,-0.5455971956253052,-0.04493521898984909,0.09726469218730927,-0.7510215640068054,-0.09237275272607803,0.12389262765645981,-0.8759870529174805,-0.09987340867519379,0.1430111676454544,-1.0,-0.09133040904998779
Y,Y_session_002,44,0.0,0.0,0.0,-0.15401914715766907,-0.09565421938896179,-0.03754613921046257,-0.2885163724422455,-0.2968308925628662,-0.05380721390247345,-0.36361226439476013,-0.4814538061618805,-0.07525868713855743,-0.4291488826274872,-0.6046248078346252,-0.08659011125564575,-0.1951819211244583,-0.5281555652618408,-0.017619218677282333,-0.17972926795482635,-0.6943405866622925,-0.08256897330284119,-0.15959522128105164,-0.5243315100669861,-0.11258386075496674,-0.15301543474197388,-0.37134191393852234,-0.11819350719451904,-0.09703489392995834,-0.5459834337234497,-0.023086654022336006,-0.07496993988752365,-0.6786984205245972,-0.11028945446014404,-0.06652805209159851,-0.4514777958393097,-0.13793589174747467,-0.07148905843496323,-0.28216636180877686,-0.13436739146709442,-0.008443137630820274,-0.5523355007171631,-0.03798174485564232,0.017010541632771492,-0.6864174604415894,-0.12385780364274979,0.013779235072433949,-0.47640565037727356,-0.125695139169693,-0.0017459646333009005,-0.31545019149780273,-0.09928321838378906,0.0717567726969719,-0.5408685207366943,-0.05448921397328377,0.09977560490369797,-0.7496805787086487,-0.10276925563812256,0.12663622200489044,-0.8758592009544373,-0.10912095010280609,0.14619775116443634,-1.0,-0.09981091320514679
Y,Y_session_002,45,0.0,0.0,0.0,-0.1537877470254898,-0.09874825179576874,-0.03540003299713135,-0.2883971631526947,-0.30318933725357056,-0.049879446625709534,-0.362949401140213,-0.4851090908050537,-0.06995149701833725,-0.4265599846839905,-0.6064366698265076,-0.07990807294845581,-0.19295336306095123,-0.5282849073410034,-0.014643351547420025,-0.18177732825279236,-0.6979667544364929,-0.07790299504995346,-0.1608215719461441,-0.5306582450866699,-0.10720311105251312,-0.15242771804332733,-0.37984469532966614,-0.11264704912900925,-0.09605072438716888,-0.5465279221534729,-0.020471764728426933,-0.0762961134314537,-0.6772213578224182,-0.10547985136508942,-0.06862282007932663,-0.4524948298931122,-0.13245952129364014,-0.07445592433214188,-0.28577154874801636,-0.12917587161064148,-0.007619081996381283,-0.5538522005081177,-0.03556645289063454,0.016201209276914597,-0.6940432786941528,-0.11924413591623306,0.01285275723785162,-0.48594099283218384,-0.12028133869171143,-0.0024139706511050463,-0.3249267637729645,-0.09412409365177155,0.07222000509500504,-0.5425064563751221,-0.05223561450839043,0.10015872865915298,-0.7505899667739868,-0.09975095093250275,0.12649202346801758,-0.876189649105072,-0.10619193315505981,0.14574812352657318,-1.0,-0.09722695499658585
Y,Y_session_002,46,0.0,0.0,0.0,-0.154424786567688,-0.09909727424383163,-0.03603196516633034,-0.28968918323516846,-0.3008486330509186,-0.051458850502967834,-0.36518216133117676,-0.4836404323577881,-0.07211721688508987,-0.42892327904701233,-0.6056408882141113,-0.08246978372335434,-0.19459080696105957,-0.5247322916984558,-0.018540935590863228,-0.18210135400295258,-0.6955664157867432,-0.08207348734140396,-0.16236022114753723,-0.5256481170654297,-0.11041740328073502,-0.15518152713775635,-0.3747088611125946,-0.11539564281702042,-0.09767366945743561,-0.54093998670578,-0.02425660938024521,-0.07784391194581985,-0.6749050617218018,-0.11005635559558868,-0.07228940725326538,-0.44902703166007996,-0.13641829788684845,-0.07920370995998383,-0.2830795347690582,-0.13299976289272308,-0.00900017935782671,-0.5479626655578613,-0.03910363093018532,0.015321637503802776,-0.6910082101821899,-0.12336384505033493,0.009044387377798557,-0.4816788136959076,-0.12380118668079376,-0.00794733315706253,-0.3196218013763428,-0.09752631932497025,0.07119715213775635,-0.5371713042259216,-0.05553547665476799,0.09951078146696091,-0.7465561628341675,-0.10387535393238068,0.1255062222480774,-0.8738604784011841,-0.11090344190597534,0.14454232156276703,-1.0,-0.10260040313005447
Y,Y_session_002,47,0.0,0.0,0.0,-0.15393054485321045,-0.09742942452430725,-0.03817547857761383,-0.2873940169811249,-0.3014060854911804,-0.054311931133270264,-0.36328375339508057,-0.48442018032073975,-0.07568883150815964,-0.4279482960700989,-0.6079984307289124,-0.08667789399623871,-0.19208158552646637,-0.5228122472763062,-0.017518633976578712,-0.1810736209154129,-0.6971493363380432,-0.08201809972524643,-0.16044989228248596,-0.527160108089447,-0.11146809160709381,-0.15202179551124573,-0.3765749931335449,-0.11719786375761032,-0.09490469098091125,-0.5403717160224915,-0.022833479568362236,-0.07617528736591339,-0.6768896579742432,-0.11001105606555939,-0.07030577212572098,-0.45003587007522583,-0.1375439614057541,-0.0765034407377243,-0.28229525685310364,-0.13455723226070404,-0.006307539995759726,-0.5469775795936584,-0.03775182366371155,0.01686348393559456,-0.6944478750228882,-0.1226140707731247,0.011354491114616394,-0.486833781003952,-0.12356819212436676,-0.0043538883328437805,-0.32504770159721375,-0.0974622294306755,0.07321692258119583,-0.5356521010398865,-0.05457066744565964,0.10129265487194061,-0.7455130815505981,-0.10312619060277939,0.12666359543800354,-0.873633861541748,-0.11049262434244156,0.14540573954582214,-1.0,-0.10241992026567459
Y,Y_session_002,48,0.0,0.0,0.0,-0.15635402500629425,-0.09819483011960983,-0.03397864103317261,-0.2909834086894989,-0.3041754364967346,-0.04739530384540558,-0.36516690254211426,-0.4867915213108063,-0.06667183339595795,-0.4291239380836487,-0.6071410775184631,-0.0759345293045044,-0.1931820809841156,-0.5218441486358643,-0.013209567405283451,-0.1830928474664688,-0.6959524750709534,-0.0757354199886322,-0.1636323183774948,-0.5279168486595154,-0.10448416322469711,-0.1551482230424881,-0.37646403908729553,-0.1099313348531723,-0.09573156386613846,-0.5389767289161682,-0.020024051889777184,-0.07841737568378448,-0.6761156320571899,-0.10586907714605331,-0.07355255633592606,-0.45077618956565857,-0.13372598588466644,-0.07945393770933151,-0.2823463976383209,-0.13104122877120972,-0.00665886839851737,-0.5461667776107788,-0.03599069267511368,0.015344622544944286,-0.6926524639129639,-0.11901851743459702,0.008536597713828087,-0.4856237769126892,-0.12002262473106384,-0.007355276960879564,-0.3231217563152313,-0.09437191486358643,0.07322600483894348,-0.5359292030334473,-0.05357448384165764,0.10193397104740143,-0.7449776530265808,-0.10100714862346649,0.12675216794013977,-0.8736230134963989,-0.10823101550340652,0.14507322013378143,-1.0,-0.10038691014051437
Y,Y_session_002,49,0.0,0.0,0.0,-0.15595842897891998,-0.094619520008564,-0.03460197150707245,-0.28988882899284363,-0.300939679145813,-0.04932253062725067,-0.36385947465896606,-0.4829809069633484,-0.06992345303297043,-0.4279443323612213,-0.6055846214294434,-0.080668143928051,-0.19248875975608826,-0.5212153196334839,-0.01651621237397194,-0.18647968769073486,-0.6978560090065002,-0.07887942343950272,-0.16763713955879211,-0.5299820899963379,-0.10773316025733948,-0.15878264605998993,-0.3785209059715271,-0.11359261721372604,-0.09544596076011658,-0.5381799340248108,-0.02362571656703949,-0.07907897233963013,-0.6742132902145386,-0.10956401377916336,-0.07441776990890503,-0.4474075734615326,-0.13766370713710785,-0.08045539259910583,-0.27677199244499207,-0.13541243970394135,-0.006241872441023588,-0.5449144840240479,-0.03961370140314102,0.015976129099726677,-0.6926267743110657,-0.1223335862159729,0.008377564139664173,-0.4853206276893616,-0.12339374423027039,-0.008203753270208836,-0.32167506217956543,-0.09813454002141953,0.07388626039028168,-0.5342421531677246,-0.05726812779903412,0.10221745818853378,-0.7444795370101929,-0.10468486696481705,0.126827672123909,-0.8738125562667847,-0.11183083802461624,0.1450740396976471,-1.0,-0.10405220091342926
Y,Y_session_002,50,0.0,0.0,0.0,-0.15574102103710175,-0.09557405114173889,-0.03530145063996315,-0.2894061505794525,-0.3033316135406494,-0.04990607127547264,-0.363300621509552,-0.48616868257522583,-0.07027239352464676,-0.42470863461494446,-0.6130713224411011,-0.08066395670175552,-0.19152364134788513,-0.5253599286079407,-0.016663808375597,-0.18855856359004974,-0.7003390192985535,-0.07979463785886765,-0.16862529516220093,-0.5322273373603821,-0.10840044170618057,-0.15804192423820496,-0.3816811442375183,-0.11368098855018616,-0.09472472965717316,-0.5418065190315247,-0.02331404760479927,-0.07972638309001923,-0.6746785640716553,-0.10988035798072815,-0.07580241560935974,-0.4479697048664093,-0.13737477362155914,-0.082793690264225,-0.2798534631729126,-0.1343255341053009,-0.005460564512759447,-0.5487685799598694,-0.03911557048559189,0.014603279531002045,-0.6940364241600037,-0.12289177626371384,0.006800883449614048,-0.4878119230270386,-0.12404175847768784,-0.009348222985863686,-0.3274989128112793,-0.09836216270923615,0.07506833225488663,-0.5388514995574951,-0.056573886424303055,0.10240453481674194,-0.748238205909729,-0.1045645996928215,0.12702776491641998,-0.8751410841941833,-0.11186617612838745,0.1451125144958496,-1.0,-0.10382458567619324
Y,Y_session_002,51,0.0,0.0,0.0,-0.1582978069782257,-0.10290467739105225,-0.031139861792325974,-0.29155853390693665,-0.31051650643348694,-0.04406501725316048,-0.36319243907928467,-0.4920779764652252,-0.06370813399553299,-0.42118099331855774,-0.6232473850250244,-0.07366502285003662,-0.18659962713718414,-0.5284328460693359,-0.00631812633946538,-0.1877267062664032,-0.7005695700645447,-0.06785544753074646,-0.17149311304092407,-0.537115216255188,-0.09848164021968842,-0.16141466796398163,-0.388901948928833,-0.10587531328201294,-0.08928760141134262,-0.5451185703277588,-0.014601473696529865,-0.08018792420625687,-0.6766332387924194,-0.09897959232330322,-0.07799990475177765,-0.45407459139823914,-0.12807056307792664,-0.08182019740343094,-0.2868072986602783,-0.12672960758209229,0.00025554263265803456,-0.5507552027702332,-0.032103121280670166,0.016024397686123848,-0.6970539093017578,-0.11269170045852661,0.005783521570265293,-0.49328362941741943,-0.1134050190448761,-0.008515067398548126,-0.33174529671669006,-0.08831986039876938,0.08114331215620041,-0.5387396812438965,-0.0512857660651207,0.1089702844619751,-0.7460386753082275,-0.09715620428323746,0.13167881965637207,-0.8746713995933533,-0.10384255647659302,0.14918674528598785,-1.0,-0.09592333436012268
Y,Y_session_002,52,0.0,0.0,0.0,-0.15950745344161987,-0.10656468570232391,-0.028130989521741867,-0.29005640745162964,-0.32054629921913147,-0.03892404958605766,-0.3592236042022705,-0.5033565163612366,-0.05673082917928696,-0.4175645709037781,-0.6313479542732239,-0.06496183574199677,-0.18460547924041748,-0.5344898104667664,-0.005469639785587788,-0.18584278225898743,-0.7109840512275696,-0.06539261341094971,-0.17182806134223938,-0.5456255674362183,-0.09397730231285095,-0.16311527788639069,-0.3962036669254303,-0.10008913278579712,-0.08696578443050385,-0.5483816266059875,-0.014568419195711613,-0.07816223055124283,-0.6835554838180542,-0.09816620498895645,-0.07889407873153687,-0.4596535861492157,-0.12608854472637177,-0.0848315954208374,-0.28967514634132385,-0.12388113886117935,0.003557473886758089,-0.552217960357666,-0.03242794796824455,0.019639523699879646,-0.699950635433197,-0.11199059337377548,0.0059279948472976685,-0.4957168698310852,-0.11239171773195267,-0.010941549204289913,-0.33272770047187805,-0.08738452196121216,0.08534128963947296,-0.539031982421875,-0.05168359354138374,0.11428897827863693,-0.7461216449737549,-0.09795472025871277,0.1378137171268463,-0.8748554587364197,-0.10568404197692871,0.15593093633651733,-1.0,-0.09862899035215378
Y,Y_session_002,53,0.0,0.0,0.0,-0.16133877635002136,-0.11250723898410797,-0.028060901910066605,-0.29078367352485657,-0.32858720421791077,-0.038339994847774506,-0.3609112799167633,-0.5094643831253052,-0.056316547095775604,-0.4194856882095337,-0.636237382888794,-0.0646502748131752,-0.18417684733867645,-0.5380864143371582,0.002734529785811901,-0.1893191784620285,-0.7145529985427856,-0.05739803984761238,-0.17496900260448456,-0.5471868515014648,-0.0878678411245346,-0.16492542624473572,-0.39980366826057434,-0.09502028673887253,-0.08709263056516647,-0.553099513053894,-0.006280196830630302,-0.08142238855361938,-0.6891118884086609,-0.0891684964299202,-0.0813872218132019,-0.4667699635028839,-0.11838512122631073,-0.08569718152284622,-0.2984366714954376,-0.11661698669195175,0.0032238359563052654,-0.5573511123657227,-0.02473204955458641,0.015951987355947495,-0.7032676935195923,-0.10351148992776871,0.0023404923267662525,-0.5001864433288574,-0.10460197925567627,-0.01317561324685812,-0.3377247154712677,-0.07951697707176208,0.08479509502649307,-0.5449200868606567,-0.0447554811835289,0.11346112936735153,-0.7501687407493591,-0.08839467167854309,0.13593091070652008,-0.877117931842804,-0.09483636915683746,0.1525556594133377,-1.0,-0.08692910522222519
Y,Y_session_002,54,0.0,0.0,0.0,-0.16024458408355713,-0.10902159661054611,-0.02885829284787178,-0.28870755434036255,-0.32499149441719055,-0.041227735579013824,-0.35809648036956787,-0.5081980228424072,-0.06112659350037575,-0.41813597083091736,-0.6374183893203735,-0.07170233875513077,-0.1822379231452942,-0.5430211424827576,-0.002050854964181781,-0.19026316702365875,-0.7180068492889404,-0.0638691633939743,-0.17515523731708527,-0.5524661540985107,-0.09533733874559402,-0.16375690698623657,-0.4018591642379761,-0.10279770195484161,-0.08524296432733536,-0.5555120706558228,-0.011651738546788692,-0.08111125230789185,-0.693688690662384,-0.09588149189949036,-0.08117164671421051,-0.4715398848056793,-0.12508578598499298,-0.08566825091838837,-0.2972453832626343,-0.12307996302843094,0.004917663522064686,-0.5570968985557556,-0.030617833137512207,0.0165370125323534,-0.7025982141494751,-0.11021924018859863,0.0030117961578071117,-0.4998939335346222,-0.11112026870250702,-0.012248705141246319,-0.33537715673446655,-0.08595287054777145,0.08697188645601273,-0.5426490306854248,-0.05122309923171997,0.11617506295442581,-0.7495356798171997,-0.09575239568948746,0.13983333110809326,-0.8768422603607178,-0.10226169973611832,0.15719379484653473,-1.0,-0.09437205642461777
Y,Y_session_002,55,0.0,0.0,0.0,-0.1619410663843155,-0.10745801031589508,-0.026953263208270073,-0.29209551215171814,-0.32270556688308716,-0.037862300872802734,-0.3611235022544861,-0.5049949884414673,-0.05656922236084938,-0.41991713643074036,-0.6342849135398865,-0.06619150936603546,-0.18252098560333252,-0.5394290089607239,0.0010808517690747976,-0.19126205146312714,-0.7168073058128357,-0.059117719531059265,-0.17885631322860718,-0.5588597059249878,-0.09031012654304504,-0.16924075782299042,-0.41165822744369507,-0.09781090170145035,-0.08634001016616821,-0.5499595403671265,-0.009151099249720573,-0.08330006152391434,-0.6907204985618591,-0.09232395887374878,-0.08586611598730087,-0.47332191467285156,-0.12202593684196472,-0.09134204685688019,-0.3015822768211365,-0.12033019959926605,0.003574215341359377,-0.5522188544273376,-0.028502538800239563,0.014714192599058151,-0.7029764652252197,-0.10641025006771088,6.312922050710768e-05,-0.5069308280944824,-0.1077711284160614,-0.015175798907876015,-0.3451327383518219,-0.08313264697790146,0.08586611598730087,-0.540246307849884,-0.049410391598939896,0.11387261748313904,-0.7478806376457214,-0.09261004626750946,0.13600893318653107,-0.8765538930892944,-0.09890929609537125,0.1529623121023178,-1.0,-0.09096373617649078
Y,Y_session_002,56,0.0,0.0,0.0,-0.16128776967525482,-0.10693570226430893,-0.027007149532437325,-0.29058244824409485,-0.3198200464248657,-0.03849497810006142,-0.35956060886383057,-0.5015406012535095,-0.05800166353583336,-0.4176138639450073,-0.6331263780593872,-0.06851035356521606,-0.18191567063331604,-0.5403863787651062,0.0032412149012088776,-0.19151708483695984,-0.7179352045059204,-0.05771254748106003,-0.17904697358608246,-0.5587396025657654,-0.09018750488758087,-0.16908802092075348,-0.4102794826030731,-0.09845767915248871,-0.08636461198329926,-0.5502927303314209,-0.0072084576822817326,-0.08460525423288345,-0.6932682394981384,-0.09094827622175217,-0.08636714518070221,-0.47490623593330383,-0.1216040775179863,-0.09110841155052185,-0.3018517792224884,-0.12027031183242798,0.0031048068776726723,-0.5509503483772278,-0.02698451094329357,0.01340650673955679,-0.7025927901268005,-0.10521295666694641,-0.0012567478697746992,-0.5045740008354187,-0.10652027279138565,-0.016606135293841362,-0.3413026034832001,-0.08152962476015091,0.08511610329151154,-0.5375561118125916,-0.04837458208203316,0.11175214499235153,-0.7456790804862976,-0.09168276190757751,0.13245120644569397,-0.8751842975616455,-0.0977311059832573,0.14767219126224518,-1.0,-0.08940707892179489
Y,Y_session_002,57,0.0,0.0,0.0,-0.16562001407146454,-0.10195162892341614,-0.02861163206398487,-0.29675912857055664,-0.3051206171512604,-0.04198791831731796,-0.3670571744441986,-0.4876704216003418,-0.0630398839712143,-0.42338889837265015,-0.6268250346183777,-0.07486554235219955,-0.18754257261753082,-0.5369436144828796,0.0029333208221942186,-0.19872021675109863,-0.714022159576416,-0.05847960710525513,-0.18653039634227753,-0.5531711578369141,-0.09196754544973373,-0.17634408175945282,-0.40449467301368713,-0.1010044738650322,-0.09040222316980362,-0.5476722121238708,-0.007230885326862335,-0.09062879532575607,-0.6947835087776184,-0.09056741744279861,-0.09266344457864761,-0.47529441118240356,-0.12177739292383194,-0.09709760546684265,-0.30203408002853394,-0.12110546231269836,0.00024289434077218175,-0.5494135022163391,-0.02680826187133789,0.008799389936029911,-0.702502429485321,-0.10529125481843948,-0.007359204813838005,-0.5022754669189453,-0.10621902346611023,-0.02301010489463806,-0.33856400847435,-0.08095181733369827,0.0844235047698021,-0.5358556509017944,-0.0481080524623394,0.11005368828773499,-0.7450952529907227,-0.09158548712730408,0.1288660764694214,-0.8748878240585327,-0.09669917076826096,0.14236551523208618,-1.0,-0.08760891109704971
Y,Y_session_002,58,0.0,0.0,0.0,-0.16878961026668549,-0.09633107483386993,-0.02477381005883217,-0.3009204864501953,-0.30320948362350464,-0.03559422120451927,-0.36795100569725037,-0.4845924377441406,-0.054601773619651794,-0.42275482416152954,-0.619655430316925,-0.06463976204395294,-0.18547514081001282,-0.5364953279495239,0.006761759985238314,-0.19936682283878326,-0.7137330174446106,-0.052333783358335495,-0.18831363320350647,-0.5578622221946716,-0.08486536890268326,-0.1775341033935547,-0.4076666533946991,-0.0932416170835495,-0.08836164325475693,-0.5494958162307739,-0.004167337901890278,-0.0910092368721962,-0.6988019347190857,-0.08527734875679016,-0.09222827106714249,-0.4815422594547272,-0.11497188359498978,-0.09339096397161484,-0.3021228313446045,-0.11287950724363327,0.001942087896168232,-0.5530853271484375,-0.024011220782995224,0.00753368902951479,-0.7052502632141113,-0.09955716133117676,-0.005809579510241747,-0.5022560358047485,-0.09831554442644119,-0.016626378521323204,-0.3333650529384613,-0.07163737714290619,0.08601956814527512,-0.5399762988090515,-0.04543375223875046,0.11201360076665878,-0.7462499737739563,-0.08654747903347015,0.12795116007328033,-0.8750545978546143,-0.0901210606098175,0.1387055516242981,-1.0,-0.08002135157585144
Y,Y_session_002,59,0.0,0.0,0.0,-0.1693011373281479,-0.10184501111507416,-0.026359666138887405,-0.3012414574623108,-0.2994248867034912,-0.03846105933189392,-0.37110254168510437,-0.47870931029319763,-0.05864895507693291,-0.42126694321632385,-0.6213268637657166,-0.06908662617206573,-0.19145150482654572,-0.5377835631370544,0.011983329430222511,-0.20672224462032318,-0.7199105620384216,-0.0465247668325901,-0.19496725499629974,-0.5659091472625732,-0.07903670519590378,-0.1828853338956833,-0.41660308837890625,-0.08730067312717438,-0.09599529951810837,-0.5531319379806519,0.001968769822269678,-0.10103455930948257,-0.7030603289604187,-0.0775941014289856,-0.10008295625448227,-0.4897759258747101,-0.1076107770204544,-0.09998641908168793,-0.3150375783443451,-0.10584686696529388,-0.006206676363945007,-0.5578663945198059,-0.01762537844479084,-0.003576030721887946,-0.710554301738739,-0.0920943096280098,-0.014914858154952526,-0.5142072439193726,-0.09177953004837036,-0.023585069924592972,-0.3492685854434967,-0.06566692143678665,0.07822604477405548,-0.545576810836792,-0.039055343717336655,0.10242421180009842,-0.7510718107223511,-0.07915715128183365,0.11760678887367249,-0.8786333203315735,-0.08281037956476212,0.12830592691898346,-1.0,-0.07255194336175919
Y,Y_session_002,60,0.0,0.0,0.0,-0.17073312401771545,-0.09492560476064682,-0.02617763914167881,-0.3055029809474945,-0.2877303957939148,-0.038438841700553894,-0.3773138225078583,-0.4664137363433838,-0.05908461660146713,-0.4277050793170929,-0.608873188495636,-0.07007572054862976,-0.19689980149269104,-0.530182957649231,0.012731808237731457,-0.2116098403930664,-0.7108510732650757,-0.04802972078323364,-0.19722887873649597,-0.5588233470916748,-0.08256803452968597,-0.18334420025348663,-0.40749233961105347,-0.0915113165974617,-0.10005764663219452,-0.5456979870796204,0.0021825390867888927,-0.1054910197854042,-0.7005287408828735,-0.08003012835979462,-0.10190249234437943,-0.4882557690143585,-0.11196542531251907,-0.09944305568933487,-0.3093828856945038,-0.11060035973787308,-0.009623060934245586,-0.5524688959121704,-0.01804479956626892,-0.008012393489480019,-0.7058984041213989,-0.09442989528179169,-0.016930529847741127,-0.5085921883583069,-0.09481113404035568,-0.023228920996189117,-0.34180745482444763,-0.06830417364835739,0.07546480000019073,-0.542233407497406,-0.04006614163517952,0.09934167563915253,-0.7491167187690735,-0.08058524876832962,0.11226167529821396,-0.8778135180473328,-0.08404870331287384,0.12044845521450043,-1.0,-0.07331498712301254
Y,Y_session_002,61,0.0,0.0,0.0,-0.17330355942249298,-0.09144556522369385,-0.02447599545121193,-0.30953240394592285,-0.28419917821884155,-0.034599948674440384,-0.3811992108821869,-0.4630609154701233,-0.05377182364463806,-0.4323597550392151,-0.6019068956375122,-0.06361193209886551,-0.20173169672489166,-0.5277886986732483,0.01814454421401024,-0.2175101339817047,-0.705051600933075,-0.04234924539923668,-0.20094387233257294,-0.553615391254425,-0.07751483470201492,-0.18552972376346588,-0.4024297297000885,-0.08673208206892014,-0.10527992993593216,-0.5455847978591919,0.006765046156942844,-0.1093776747584343,-0.6988463997840881,-0.07590097934007645,-0.10430485755205154,-0.48613524436950684,-0.10876618325710297,-0.10253371298313141,-0.30486318469047546,-0.10745866596698761,-0.0151296928524971,-0.5547993779182434,-0.014510639011859894,-0.012795939110219479,-0.7058478593826294,-0.09110243618488312,-0.019580010324716568,-0.5092117786407471,-0.0925770029425621,-0.025053570047020912,-0.34281399846076965,-0.06637858599424362,0.07014387845993042,-0.5465399026870728,-0.037541963160037994,0.094095878303051,-0.7516936659812927,-0.07757935672998428,0.10642272979021072,-0.8789457678794861,-0.0811031311750412,0.1131497323513031,-1.0,-0.07029010355472565
Y,Y_session_002,62,0.0,0.0,0.0,-0.17168360948562622,-0.08751779049634933,-0.027247820049524307,-0.3099348843097687,-0.2762022316455841,-0.03824526071548462,-0.38257232308387756,-0.4573396146297455,-0.05748588591814041,-0.4324970841407776,-0.5989993810653687,-0.06718244403600693,-0.20376071333885193,-0.5230634808540344,0.014766640961170197,-0.21727800369262695,-0.7021262645721436,-0.046553775668144226,-0.20303352177143097,-0.5501885414123535,-0.08196146786212921,-0.19006402790546417,-0.39837753772735596,-0.09134168922901154,-0.10645817220211029,-0.5413010120391846,0.004807567689567804,-0.10967880487442017,-0.697106122970581,-0.07912261039018631,-0.10623875260353088,-0.4849931001663208,-0.11264373362064362,-0.10524364560842514,-0.3029780387878418,-0.11161742359399796,-0.01607639156281948,-0.5528820157051086,-0.015195165760815144,-0.013591441325843334,-0.704603374004364,-0.09342361986637115,-0.0209308210760355,-0.5086263418197632,-0.09595097601413727,-0.026389142498373985,-0.3423166573047638,-0.07018283754587173,0.07017119973897934,-0.5468526482582092,-0.03700168430805206,0.09285803139209747,-0.7519111633300781,-0.0782722532749176,0.10411044210195541,-0.8788939714431763,-0.08267063647508621,0.10981297492980957,-1.0,-0.0723538026213646
Y,Y_session_002,63,0.0,0.0,0.0,-0.17219232022762299,-0.08834380656480789,-0.026795461773872375,-0.31043878197669983,-0.2791454792022705,-0.037304677069187164,-0.38357678055763245,-0.4592527449131012,-0.05627207085490227,-0.43426722288131714,-0.5991984605789185,-0.0656990110874176,-0.20408375561237335,-0.5227747559547424,0.015281563624739647,-0.2196016162633896,-0.7011277079582214,-0.04605913907289505,-0.20294301211833954,-0.5471739172935486,-0.08137252926826477,-0.18848511576652527,-0.39528173208236694,-0.09063199907541275,-0.10711495578289032,-0.5419762134552002,0.0049556889571249485,-0.11087384074926376,-0.6981343626976013,-0.0791136771440506,-0.1054803654551506,-0.48581254482269287,-0.11242901533842087,-0.10336325317621231,-0.30314943194389343,-0.11107082664966583,-0.016662094742059708,-0.5533456206321716,-0.015434152446687222,-0.013657464645802975,-0.7051511406898499,-0.09378503262996674,-0.018784429877996445,-0.5087632536888123,-0.09621190279722214,-0.02290586195886135,-0.3417593240737915,-0.07022260874509811,0.06956743448972702,-0.5471597909927368,-0.037605032324790955,0.09168419241905212,-0.7520463466644287,-0.07873830944299698,0.10323086380958557,-0.8792012333869934,-0.08295632153749466,0.10921552032232285,-1.0,-0.07250447571277618
Y,Y_session_002,64,0.0,0.0,0.0,-0.17134760320186615,-0.08916746079921722,-0.025640638545155525,-0.3095994293689728,-0.2774850130081177,-0.03536485880613327,-0.3829860985279083,-0.45625659823417664,-0.05372881144285202,-0.43425634503364563,-0.5941105484962463,-0.06266584992408752,-0.20585724711418152,-0.5178724527359009,0.01690250262618065,-0.2212817519903183,-0.6997401714324951,-0.044008638709783554,-0.20528748631477356,-0.5503828525543213,-0.07899993658065796,-0.19079184532165527,-0.40032294392585754,-0.08795002102851868,-0.10938562452793121,-0.5391255021095276,0.006460263393819332,-0.11250337958335876,-0.6955212354660034,-0.07723620533943176,-0.1081329733133316,-0.4851262867450714,-0.11032787710428238,-0.10680772364139557,-0.30306246876716614,-0.10874063521623611,-0.019834568724036217,-0.5524926781654358,-0.01405020710080862,-0.017664534971117973,-0.7017936110496521,-0.09203501045703888,-0.023241862654685974,-0.5061138272285461,-0.09471932798624039,-0.027229972183704376,-0.33971288800239563,-0.06880176812410355,0.06539180874824524,-0.5485051870346069,-0.036274027079343796,0.08894726634025574,-0.7530350089073181,-0.07693934440612793,0.10029328614473343,-0.880020797252655,-0.08136540651321411,0.10594863444566727,-1.0,-0.07107257843017578
Y,Y_session_002,65,0.0,0.0,0.0,-0.1732039600610733,-0.08711142092943192,-0.026554541662335396,-0.31121477484703064,-0.2770354449748993,-0.03654349222779274,-0.38435277342796326,-0.45678913593292236,-0.05521673336625099,-0.4368956387042999,-0.5947281718254089,-0.06462493538856506,-0.20470139384269714,-0.517778754234314,0.015570029616355896,-0.21745066344738007,-0.697767972946167,-0.046079687774181366,-0.2027132511138916,-0.5452059507369995,-0.08176008611917496,-0.190435990691185,-0.39347681403160095,-0.09132546186447144,-0.10666748881340027,-0.5369804501533508,0.004905476700514555,-0.10900601744651794,-0.6972586512565613,-0.0802844986319542,-0.1054343432188034,-0.4838400185108185,-0.11432166397571564,-0.10454696416854858,-0.2985515594482422,-0.11326973140239716,-0.016069574281573296,-0.5491611361503601,-0.0158575177192688,-0.01153170969337225,-0.7026004791259766,-0.09602021425962448,-0.01777341403067112,-0.5034013390541077,-0.09925378859043121,-0.0228757131844759,-0.33366042375564575,-0.07330534607172012,0.07019069790840149,-0.543928861618042,-0.03831048682332039,0.0932626724243164,-0.7502385973930359,-0.08099934458732605,0.10501633584499359,-0.8784545063972473,-0.08608819544315338,0.11112939566373825,-1.0,-0.07608839869499207
Y,Y_session_002,66,0.0,0.0,0.0,-0.16998861730098724,-0.09108433127403259,-0.02893059328198433,-0.30718350410461426,-0.2819519639015198,-0.04106924682855606,-0.38068586587905884,-0.46125873923301697,-0.0611652173101902,-0.43422189354896545,-0.6001148223876953,-0.07150320708751678,-0.2017911672592163,-0.5241578817367554,0.010837766341865063,-0.21587373316287994,-0.7050619721412659,-0.05186999961733818,-0.2013886719942093,-0.5503570437431335,-0.08762364089488983,-0.1889435052871704,-0.3982752561569214,-0.09727463871240616,-0.10500010848045349,-0.5432854294776917,0.001139528234489262,-0.10890437662601471,-0.7006062865257263,-0.08473026752471924,-0.10538078844547272,-0.4869738817214966,-0.11820158362388611,-0.10404469817876816,-0.3033413887023926,-0.11688999831676483,-0.015403620898723602,-0.5541649460792542,-0.018772730603814125,-0.01242947019636631,-0.7074596285820007,-0.0987388864159584,-0.020250434055924416,-0.5084500908851624,-0.10120130330324173,-0.026480212807655334,-0.33860865235328674,-0.07506943494081497,0.0694570317864418,-0.5469932556152344,-0.040633052587509155,0.09139306098222733,-0.7519539594650269,-0.0836498811841011,0.10282983630895615,-0.8793438076972961,-0.08900036662817001,0.10875241458415985,-1.0,-0.07919508218765259
Y,Y_session_002,67,0.0,0.0,0.0,-0.1709534376859665,-0.09220677614212036,-0.025945475324988365,-0.307813435792923,-0.28517618775367737,-0.03657093271613121,-0.37945595383644104,-0.4621102511882782,-0.05561690032482147,-0.4344959855079651,-0.596101701259613,-0.06547489017248154,-0.1995450258255005,-0.5238285064697266,0.013475851155817509,-0.21492071449756622,-0.7046224474906921,-0.04796712100505829,-0.20370347797870636,-0.5574911832809448,-0.0837094783782959,-0.19270941615104675,-0.4062257707118988,-0.09353281557559967,-0.10214308649301529,-0.5410476326942444,0.0023897758219391108,-0.10757260024547577,-0.6999602317810059,-0.08308617770671844,-0.10654444247484207,-0.48863500356674194,-0.11749005317687988,-0.10525825619697571,-0.30332329869270325,-0.11674220114946365,-0.011744248680770397,-0.5501603484153748,-0.018418166786432266,-0.00958467647433281,-0.7045183181762695,-0.0969463512301445,-0.020561203360557556,-0.5052942633628845,-0.09921076893806458,-0.02839428372681141,-0.33331307768821716,-0.073292076587677,0.07383649051189423,-0.5410064458847046,-0.041056156158447266,0.09556440263986588,-0.7459191679954529,-0.08329290896654129,0.10645433515310287,-0.8762283325195312,-0.08841174840927124,0.11246983706951141,-1.0,-0.07867840677499771
Y,Y_session_002,68,0.0,0.0,0.0,-0.16742554306983948,-0.08737693727016449,-0.02814568392932415,-0.3046322762966156,-0.2806116044521332,-0.03939521312713623,-0.3773510456085205,-0.4586029350757599,-0.05871499702334404,-0.43033087253570557,-0.5962058901786804,-0.06859356164932251,-0.19980193674564362,-0.5226454138755798,0.01102367602288723,-0.2133605182170868,-0.7051793932914734,-0.05070104822516441,-0.19907082617282867,-0.5534328818321228,-0.08580794185400009,-0.18724797666072845,-0.4010207951068878,-0.09510119259357452,-0.10311585664749146,-0.5391921997070312,0.0007597223157063127,-0.1055048480629921,-0.6987994909286499,-0.08509498089551926,-0.10212794691324234,-0.4862106740474701,-0.11936736106872559,-0.10239037871360779,-0.3029997944831848,-0.11846346408128738,-0.013670268468558788,-0.5467977523803711,-0.019471870735287666,-0.009149082005023956,-0.7003805637359619,-0.09899424761533737,-0.018532833084464073,-0.5033688545227051,-0.10261305421590805,-0.027904437854886055,-0.3350699245929718,-0.07748017460107803,0.07060781866312027,-0.5376679301261902,-0.041537806391716,0.09295587241649628,-0.7437717318534851,-0.08487953245639801,0.10663503408432007,-0.8749741911888123,-0.09127943217754364,0.11471009999513626,-1.0,-0.08232879638671875
Y,Y_session_002,69,0.0,0.0,0.0,-0.16875112056732178,-0.08778700232505798,-0.029537303373217583,-0.3045652508735657,-0.2811304032802582,-0.0424644760787487,-0.37696579098701477,-0.4616551995277405,-0.06304161250591278,-0.43101605772972107,-0.6002312302589417,-0.0739792063832283,-0.19769437611103058,-0.5234142541885376,0.006752566900104284,-0.21207156777381897,-0.708650529384613,-0.055927686393260956,-0.1987614929676056,-0.5534833669662476,-0.0913877934217453,-0.18770556151866913,-0.4015432894229889,-0.10133448988199234,-0.10119584947824478,-0.5390818119049072,-0.0031431461684405804,-0.10430629551410675,-0.697227954864502,-0.08977263420820236,-0.10272006690502167,-0.4855784773826599,-0.12419836223125458,-0.10348044335842133,-0.3059110939502716,-0.12403691560029984,-0.011474741622805595,-0.5469979047775269,-0.022849934175610542,-0.00681657437235117,-0.701336145401001,-0.10273659229278564,-0.018633319064974785,-0.5020520687103271,-0.10507924854755402,-0.02942405454814434,-0.33366143703460693,-0.07961387187242508,0.07366935163736343,-0.5378428101539612,-0.0445675365626812,0.09611757099628448,-0.7432017922401428,-0.08905427157878876,0.10917419195175171,-0.87474524974823,-0.09540098160505295,0.11663408577442169,-1.0,-0.08647213131189346
Y,Y_session_002,70,0.0,0.0,0.0,-0.1671392321586609,-0.08620570600032806,-0.029902582988142967,-0.3022698760032654,-0.2835805416107178,-0.04306286573410034,-0.37416261434555054,-0.4638575315475464,-0.06370235979557037,-0.4277292490005493,-0.6028874516487122,-0.07485903799533844,-0.1946297287940979,-0.5229735374450684,0.003995930776000023,-0.2102137804031372,-0.7093394994735718,-0.05857955664396286,-0.19556830823421478,-0.5553752183914185,-0.0938122496008873,-0.18384899199008942,-0.4031895399093628,-0.10359551012516022,-0.09896191954612732,-0.5395208597183228,-0.005762862041592598,-0.10079695284366608,-0.6940107941627502,-0.09220658987760544,-0.09964749217033386,-0.48026609420776367,-0.12621349096298218,-0.10168929398059845,-0.29941263794898987,-0.12590064108371735,-0.009373943321406841,-0.5465924143791199,-0.02518903836607933,-0.0033891822677105665,-0.7031632661819458,-0.10449089109897614,-0.016146257519721985,-0.5054501295089722,-0.10690347105264664,-0.028597170487046242,-0.33746692538261414,-0.08184316009283066,0.07476402819156647,-0.5363965630531311,-0.046603478491306305,0.0972038060426712,-0.7427466511726379,-0.09095615893602371,0.11045999079942703,-0.8745108246803284,-0.0974835455417633,0.11829987913370132,-1.0,-0.08881210535764694
Y,Y_session_002,71,0.0,0.0,0.0,-0.16501492261886597,-0.088147833943367,-0.03045693412423134,-0.2990127503871918,-0.28593847155570984,-0.044069644063711166,-0.3713513910770416,-0.4638838469982147,-0.06487452238798141,-0.4244382679462433,-0.6037945747375488,-0.0761721283197403,-0.19117893278598785,-0.5235700011253357,0.0015465697506442666,-0.2081034928560257,-0.7097143530845642,-0.06063365936279297,-0.1952623873949051,-0.5562481880187988,-0.09485356509685516,-0.18370135128498077,-0.4053856432437897,-0.1041703149676323,-0.09572164714336395,-0.5386245846748352,-0.0080641470849514,-0.09924107044935226,-0.6946312785148621,-0.09426849335432053,-0.09866540879011154,-0.48078322410583496,-0.12711521983146667,-0.09987808763980865,-0.29998818039894104,-0.12617816030979156,-0.006579861044883728,-0.5430417656898499,-0.02731696516275406,-0.0013009455287829041,-0.6995788812637329,-0.10642044246196747,-0.015383363701403141,-0.5011283755302429,-0.1081567108631134,-0.02852715365588665,-0.33236974477767944,-0.08284250646829605,0.0769897997379303,-0.5306727290153503,-0.04864158481359482,0.09943998605012894,-0.7376996278762817,-0.0932910293340683,0.11313683539628983,-0.8718970417976379,-0.1002947986125946,0.12127383053302765,-1.0,-0.09220267087221146
Y,Y_session_002,72,0.0,0.0,0.0,-0.1641690731048584,-0.08880798518657684,-0.03042053058743477,-0.2973122298717499,-0.29081594944000244,-0.044327665120363235,-0.3689894378185272,-0.47255584597587585,-0.06570480763912201,-0.4260154664516449,-0.6113171577453613,-0.07779164612293243,-0.18868142366409302,-0.5301252007484436,0.0027262151706963778,-0.20333456993103027,-0.714413046836853,-0.060791656374931335,-0.19159846007823944,-0.5613323450088501,-0.09668447077274323,-0.18134817481040955,-0.4095037579536438,-0.10701409727334976,-0.09323693066835403,-0.5428699851036072,-0.007408117409795523,-0.09482066333293915,-0.6967859268188477,-0.09509150683879852,-0.0961804986000061,-0.4799773097038269,-0.12959003448486328,-0.09905309975147247,-0.2982231676578522,-0.12953773140907288,-0.003906928468495607,-0.545577347278595,-0.027288954704999924,0.003322355914860964,-0.7025136947631836,-0.1073877289891243,-0.012751228176057339,-0.5028925538063049,-0.10974018275737762,-0.027798684313893318,-0.3343193531036377,-0.08460945636034012,0.07987718284130096,-0.5321718454360962,-0.049265410751104355,0.10333558171987534,-0.7396529912948608,-0.09479034692049026,0.11869689077138901,-0.872204065322876,-0.1019243374466896,0.12903757393360138,-1.0,-0.09358129650354385
Y,Y_session_002,73,0.0,0.0,0.0,-0.16289779543876648,-0.09249653667211533,-0.031156416982412338,-0.29473671317100525,-0.29530614614486694,-0.04540017619729042,-0.3667754828929901,-0.4735003113746643,-0.06681852787733078,-0.4241993725299835,-0.6095279455184937,-0.07902129739522934,-0.18430274724960327,-0.5255608558654785,-0.0010870355181396008,-0.19836875796318054,-0.7124956846237183,-0.06351499259471893,-0.18952159583568573,-0.5584889650344849,-0.09797823429107666,-0.1815853714942932,-0.40729013085365295,-0.107670858502388,-0.08905110508203506,-0.5386396050453186,-0.010396848432719707,-0.0907488465309143,-0.6890589594841003,-0.09703291952610016,-0.0947326049208641,-0.47264084219932556,-0.13027958571910858,-0.09965238720178604,-0.2945617735385895,-0.12999087572097778,0.0005303965881466866,-0.5424055457115173,-0.029144298285245895,0.008271314203739166,-0.7035067677497864,-0.1086917445063591,-0.008669862523674965,-0.5036551356315613,-0.11010554432868958,-0.02442247048020363,-0.33499497175216675,-0.08465338498353958,0.08420764654874802,-0.5307790637016296,-0.049944598227739334,0.10710795968770981,-0.7391484379768372,-0.09470517188310623,0.12092742323875427,-0.8723480701446533,-0.10116724669933319,0.13006357848644257,-1.0,-0.09264236688613892
Y,Y_session_002,74,0.0,0.0,0.0,-0.16700677573680878,-0.09523298591375351,-0.030062953010201454,-0.29975786805152893,-0.29973235726356506,-0.04342677816748619,-0.3707103729248047,-0.4819697141647339,-0.06456415355205536,-0.429194837808609,-0.6186783909797668,-0.07666188478469849,-0.18787623941898346,-0.5282692909240723,0.001897740992717445,-0.2014770358800888,-0.7125670909881592,-0.06169572472572327,-0.18889111280441284,-0.5539950728416443,-0.09688293933868408,-0.178230881690979,-0.3992406725883484,-0.10649856179952621,-0.09045042842626572,-0.5391548871994019,-0.008211926557123661,-0.09199652820825577,-0.6930124759674072,-0.09615844488143921,-0.0929374173283577,-0.4730309844017029,-0.12966808676719666,-0.09583689272403717,-0.2903370261192322,-0.1290644258260727,0.0003778717655222863,-0.5408921837806702,-0.0280983354896307,0.008984566666185856,-0.7008535265922546,-0.108931764960289,-0.007589447312057018,-0.4990970194339752,-0.11069992929697037,-0.023373326286673546,-0.32829228043556213,-0.08498590439558029,0.08466209471225739,-0.5285108685493469,-0.05000615119934082,0.10878878831863403,-0.7379145622253418,-0.0952289029955864,0.12540584802627563,-0.8718196153640747,-0.10196814686059952,0.1370352953672409,-1.0,-0.09352220594882965
Y,Y_session_002,75,0.0,0.0,0.0,-0.1645774394273758,-0.09613968431949615,-0.028837760910391808,-0.29716694355010986,-0.30658119916915894,-0.04051601141691208,-0.36772632598876953,-0.4892066419124603,-0.05993283540010452,-0.42571911215782166,-0.6238029599189758,-0.07016514986753464,-0.1855546534061432,-0.536591112613678,0.002346065593883395,-0.1963758021593094,-0.7205144166946411,-0.05920033156871796,-0.1849815845489502,-0.560024619102478,-0.09244854003190994,-0.1760009080171585,-0.4068562090396881,-0.10110751539468765,-0.0881800502538681,-0.5479569435119629,-0.007697416003793478,-0.08677595108747482,-0.6955955624580383,-0.09388741105794907,-0.08890939503908157,-0.47193440794944763,-0.12575295567512512,-0.0940748080611229,-0.2916717827320099,-0.12415434420108795,0.0023357216268777847,-0.5489580035209656,-0.02719157189130783,0.011852508410811424,-0.7054272890090942,-0.10732676088809967,-0.003140305168926716,-0.5014269351959229,-0.1084381714463234,-0.018825065344572067,-0.3329009413719177,-0.08234580606222153,0.08620008081197739,-0.5349423885345459,-0.04843876138329506,0.1123829036951065,-0.7437695264816284,-0.09315130859613419,0.12898209691047668,-0.873869001865387,-0.09909059852361679,0.1397290676832199,-1.0,-0.09004095941781998
Y,Y_session_002,76,0.0,0.0,0.0,-0.16634780168533325,-0.1006675660610199,-0.028450800105929375,-0.29786771535873413,-0.310011625289917,-0.04108976572751999,-0.3687501549720764,-0.49305641651153564,-0.061688829213380814,-0.4277617037296295,-0.6262853741645813,-0.0730501338839531,-0.18601524829864502,-0.5379495024681091,0.0026162986177951097,-0.1967381089925766,-0.7206434607505798,-0.05991175398230553,-0.183942511677742,-0.5581676959991455,-0.09410396218299866,-0.17358696460723877,-0.4049015939235687,-0.10327386856079102,-0.08925807476043701,-0.5479934215545654,-0.00797116756439209,-0.08818034082651138,-0.6986366510391235,-0.0940103754401207,-0.08954288065433502,-0.47804707288742065,-0.1261177808046341,-0.09306066483259201,-0.29930955171585083,-0.12498671561479568,0.0012753173941746354,-0.5482619404792786,-0.028050396591424942,0.010731653310358524,-0.7056114077568054,-0.10775959491729736,-0.003936746623367071,-0.5036522150039673,-0.10842517018318176,-0.018102392554283142,-0.33543503284454346,-0.08224871754646301,0.085505411028862,-0.5339257121086121,-0.05002443492412567,0.11175645887851715,-0.7436776161193848,-0.09440110623836517,0.13041432201862335,-0.8745993971824646,-0.09998105466365814,0.14481763541698456,-1.0,-0.0907643586397171
Y,Y_session_002,77,0.0,0.0,0.0,-0.1641157567501068,-0.10528139024972916,-0.029611844569444656,-0.2952278256416321,-0.3144853115081787,-0.0427977554500103,-0.3666501045227051,-0.496975839138031,-0.06364753842353821,-0.4249618947505951,-0.6316532492637634,-0.07498344033956528,-0.18721739947795868,-0.5385128855705261,0.0004362580948509276,-0.19559572637081146,-0.7241823673248291,-0.06333824247121811,-0.17993997037410736,-0.5620835423469543,-0.09783459454774857,-0.16844996809959412,-0.40960049629211426,-0.10709376633167267,-0.0901326909661293,-0.549127459526062,-0.009458528831601143,-0.0869259461760521,-0.6985000967979431,-0.09625323116779327,-0.08611580729484558,-0.47830137610435486,-0.12801453471183777,-0.08920961618423462,-0.30231085419654846,-0.12686854600906372,0.0009868860943242908,-0.5499856472015381,-0.029048781841993332,0.01276677567511797,-0.7099798917770386,-0.1089949682354927,-0.0005259847966954112,-0.5124890804290771,-0.10956349968910217,-0.014783298596739769,-0.34703636169433594,-0.0835694745182991,0.085445836186409,-0.5363861918449402,-0.05063101276755333,0.11162532866001129,-0.7461984157562256,-0.09532288461923599,0.13057544827461243,-0.8764216303825378,-0.10117809474468231,0.14502227306365967,-1.0,-0.09217938035726547
Y,Y_session_002,78,0.0,0.0,0.0,-0.16389067471027374,-0.10540364682674408,-0.030208870768547058,-0.295627236366272,-0.3164888918399811,-0.04338310286402702,-0.36804306507110596,-0.4997849464416504,-0.06391537934541702,-0.4275837242603302,-0.632594645023346,-0.07473528385162354,-0.1885598599910736,-0.5402251482009888,-0.0008111387141980231,-0.19394713640213013,-0.7246358394622803,-0.06384933739900589,-0.17858877778053284,-0.5604622960090637,-0.09742248803377151,-0.1682666391134262,-0.4092833995819092,-0.10636933147907257,-0.09079904854297638,-0.5518059730529785,-0.010040427558124065,-0.08540984988212585,-0.6994772553443909,-0.09550327807664871,-0.0842319205403328,-0.4788867235183716,-0.12605923414230347,-0.08818010240793228,-0.3044949769973755,-0.12455993890762329,0.0009003955055959523,-0.5530338883399963,-0.02889968454837799,0.013756479136645794,-0.7106092572212219,-0.10804110020399094,0.0017878279322758317,-0.5124692916870117,-0.10788101702928543,-0.012653988786041737,-0.3478648364543915,-0.08173924684524536,0.08598490059375763,-0.5390723347663879,-0.049768369644880295,0.11260256171226501,-0.7480082511901855,-0.09392938762903214,0.13200600445270538,-0.8767794966697693,-0.09940354526042938,0.14604045450687408,-1.0,-0.09031612426042557
Y,Y_session_002,79,0.0,0.0,0.0,-0.16719190776348114,-0.10543940961360931,-0.03106534108519554,-0.29836416244506836,-0.31473493576049805,-0.04502549767494202,-0.37102872133255005,-0.5002425312995911,-0.06660701334476471,-0.4331287741661072,-0.6318631768226624,-0.07859557121992111,-0.18973954021930695,-0.5376240015029907,-0.0010812022956088185,-0.1965579092502594,-0.719863772392273,-0.06571409851312637,-0.18062226474285126,-0.5555761456489563,-0.10040304809808731,-0.1703111082315445,-0.4031161665916443,-0.10969985276460648,-0.09122593700885773,-0.5495721101760864,-0.01043009851127863,-0.0864567831158638,-0.6955564022064209,-0.09775396436452866,-0.08497878909111023,-0.47325581312179565,-0.12956391274929047,-0.08945827931165695,-0.2965332865715027,-0.1287609040737152,0.000952933682128787,-0.5518605709075928,-0.029597409069538116,0.013068927451968193,-0.706215500831604,-0.1111912801861763,0.0013620052486658096,-0.5049489140510559,-0.11225719749927521,-0.012968314811587334,-0.3383677303791046,-0.0863693580031395,0.0860748440027237,-0.5387347936630249,-0.05076016113162041,0.11387333273887634,-0.7476329803466797,-0.09622236341238022,0.13475948572158813,-0.8766103386878967,-0.10235092788934708,0.14986243844032288,-1.0,-0.09359211474657059
Y,Y_session_002,80,0.0,0.0,0.0,-0.16561466455459595,-0.10520568490028381,-0.03089669533073902,-0.2953641712665558,-0.3157382607460022,-0.04490991309285164,-0.36677098274230957,-0.4981648623943329,-0.06617646664381027,-0.42764145135879517,-0.6281831860542297,-0.07775638997554779,-0.18525482714176178,-0.5390703678131104,-0.004032354336231947,-0.1916082501411438,-0.7229061126708984,-0.06822166591882706,-0.1780390590429306,-0.5555103421211243,-0.10185669362545013,-0.16921722888946533,-0.4032279849052429,-0.11069035530090332,-0.08812303096055984,-0.5501658320426941,-0.013142958283424377,-0.08363513648509979,-0.6942173838615417,-0.0997408926486969,-0.08587132394313812,-0.47247323393821716,-0.13041391968727112,-0.09191147238016129,-0.2992442846298218,-0.12924784421920776,0.003239548532292247,-0.5514358878135681,-0.03182770684361458,0.015853434801101685,-0.7048158645629883,-0.1123158261179924,0.0010397264268249273,-0.5028069019317627,-0.11213281750679016,-0.015471060760319233,-0.33808633685112,-0.08602719008922577,0.08825892955064774,-0.5371448993682861,-0.052525147795677185,0.11577776074409485,-0.7459453344345093,-0.09764615446329117,0.1361018717288971,-0.874809741973877,-0.10347240418195724,0.15065909922122955,-1.0,-0.0947384387254715
Y,Y_session_002,81,0.0,0.0,0.0,-0.16442669928073883,-0.1055164709687233,-0.0334971584379673,-0.29575639963150024,-0.31572410464286804,-0.048825908452272415,-0.3689499497413635,-0.49900686740875244,-0.07086338102817535,-0.43040069937705994,-0.629618227481842,-0.08274530619382858,-0.19007179141044617,-0.5415896773338318,-0.006838588044047356,-0.1941186934709549,-0.725363552570343,-0.07097519934177399,-0.17963653802871704,-0.5541203022003174,-0.10363250970840454,-0.17043405771255493,-0.40109625458717346,-0.11191117018461227,-0.09170056879520416,-0.5543922185897827,-0.014521877281367779,-0.08614049851894379,-0.6966779828071594,-0.10167734324932098,-0.08635926246643066,-0.4701056480407715,-0.13150472939014435,-0.09118679165840149,-0.2958265244960785,-0.12967416644096375,0.00025646568974480033,-0.5558733940124512,-0.03195425495505333,0.012808248400688171,-0.7070759534835815,-0.11385297775268555,-0.0010343339527025819,-0.5009812712669373,-0.11346932500600815,-0.016833553090691566,-0.333683043718338,-0.0868726447224617,0.0847446545958519,-0.5408726334571838,-0.05144581198692322,0.11286100000143051,-0.748580813407898,-0.09754035621881485,0.13378149271011353,-0.8762454390525818,-0.10373624414205551,0.14881999790668488,-1.0,-0.09515136480331421
Y,Y_session_002,82,0.0,0.0,0.0,-0.16246125102043152,-0.10254950821399689,-0.035007476806640625,-0.2949150502681732,-0.31032001972198486,-0.051273565739393234,-0.3688467741012573,-0.4916916489601135,-0.07410147786140442,-0.43150466680526733,-0.6203677654266357,-0.08679589629173279,-0.19184695184230804,-0.5405569672584534,-0.010542530566453934,-0.1977357715368271,-0.7201943397521973,-0.07605177909135818,-0.18167637288570404,-0.5522080659866333,-0.1090923473238945,-0.1703532338142395,-0.4002548158168793,-0.11725332587957382,-0.09402798861265182,-0.5543693900108337,-0.018180733546614647,-0.08806555718183517,-0.6914666295051575,-0.10657394677400589,-0.08566738665103912,-0.46568018198013306,-0.13606232404708862,-0.08865650743246078,-0.2925717234611511,-0.13373880088329315,-0.002482745796442032,-0.556466817855835,-0.035726625472307205,0.011374400928616524,-0.7056074738502502,-0.11942806094884872,0.0007858232129365206,-0.5002583265304565,-0.11950056999921799,-0.012930018827319145,-0.3342975378036499,-0.09269827604293823,0.08137930929660797,-0.5413492918014526,-0.055389780551195145,0.10889113694429398,-0.7498409152030945,-0.10322509706020355,0.12961843609809875,-0.8768350481987,-0.11003530025482178,0.14420382678508759,-1.0,-0.10135474801063538
Y,Y_session_002,83,0.0,0.0,0.0,-0.16465018689632416,-0.10100901126861572,-0.03252203390002251,-0.29712897539138794,-0.3084549307823181,-0.04714426025748253,-0.37009117007255554,-0.48807409405708313,-0.06878337264060974,-0.43233126401901245,-0.6145998239517212,-0.08079160749912262,-0.19165898859500885,-0.5345484018325806,-0.007260120939463377,-0.19796834886074066,-0.7136927843093872,-0.07121336460113525,-0.18258342146873474,-0.5492604970932007,-0.10351304709911346,-0.17242686450481415,-0.3975986838340759,-0.11110863089561462,-0.09351564198732376,-0.5470932722091675,-0.01568388193845749,-0.08834882080554962,-0.6887519955635071,-0.102829709649086,-0.08560270071029663,-0.46479758620262146,-0.13220129907131195,-0.08915050327777863,-0.2893127501010895,-0.12966863811016083,-0.002071594586595893,-0.5498307347297668,-0.033690743148326874,0.01085159182548523,-0.7022324800491333,-0.11661861091852188,0.0016755139222368598,-0.4970201849937439,-0.11684596538543701,-0.011540289968252182,-0.32959914207458496,-0.0900154709815979,0.08173435926437378,-0.5368150472640991,-0.053530413657426834,0.10929940640926361,-0.7467070817947388,-0.10060234367847443,0.130230113863945,-0.8750765919685364,-0.10694940388202667,0.1443444937467575,-1.0,-0.09803307056427002
Y,Y_session_002,84,0.0,0.0,0.0,-0.1615956574678421,-0.09892686456441879,-0.03696645051240921,-0.29396578669548035,-0.3001370131969452,-0.05477973446249962,-0.37002861499786377,-0.4808388650417328,-0.07900343090295792,-0.4338199496269226,-0.6120186448097229,-0.09325377643108368,-0.19074472784996033,-0.5277407765388489,-0.010336377657949924,-0.200519859790802,-0.7105804085731506,-0.07758579403162003,-0.18250241875648499,-0.5445961952209473,-0.11225080490112305,-0.1685766875743866,-0.3943135738372803,-0.12128762155771255,-0.0936594158411026,-0.5443227291107178,-0.017270194366574287,-0.08864493668079376,-0.6830277442932129,-0.10711287707090378,-0.08530836552381516,-0.4558064043521881,-0.13747520744800568,-0.08736234158277512,-0.2824341952800751,-0.13559186458587646,-0.002761371433734894,-0.5491389036178589,-0.03456338122487068,0.011256013996899128,-0.701848030090332,-0.11935442686080933,0.0005397312343120575,-0.49710914492607117,-0.11988236010074615,-0.012871195562183857,-0.3315545916557312,-0.09320573508739471,0.08050969243049622,-0.5384397506713867,-0.05411887168884277,0.10684651136398315,-0.7474238276481628,-0.10175547748804092,0.12782001495361328,-0.8753283023834229,-0.10836412757635117,0.14319390058517456,-1.0,-0.09967950731515884
Y,Y_session_002,85,0.0,0.0,0.0,-0.16211427748203278,-0.09604045003652573,-0.03514246642589569,-0.2946576178073883,-0.29861533641815186,-0.0520474947988987,-0.36880797147750854,-0.4781658947467804,-0.07530568540096283,-0.43258121609687805,-0.6056900024414062,-0.08890964835882187,-0.18970106542110443,-0.5301234722137451,-0.010411803610622883,-0.19774208962917328,-0.7113273739814758,-0.07540975511074066,-0.1829824000597,-0.551320493221283,-0.10882146656513214,-0.1701546609401703,-0.4005080461502075,-0.11720333248376846,-0.09351307898759842,-0.544607937335968,-0.01784592866897583,-0.09049764275550842,-0.6875271201133728,-0.10568811744451523,-0.08807215094566345,-0.4644400477409363,-0.13521841168403625,-0.08762214332818985,-0.28677934408187866,-0.1326475441455841,-0.0037598847411572933,-0.5488964915275574,-0.03512321785092354,0.0068254126235842705,-0.7011618614196777,-0.11849187314510345,-0.0030084573663771152,-0.4963654577732086,-0.1189279556274414,-0.012739812023937702,-0.3274405598640442,-0.09218587726354599,0.07975973933935165,-0.536628246307373,-0.05449708178639412,0.10584769397974014,-0.7457674741744995,-0.102206289768219,0.12629581987857819,-0.8748728632926941,-0.10929905623197556,0.14214618504047394,-1.0,-0.10089210420846939
Y,Y_session_002,86,0.0,0.0,0.0,-0.16005097329616547,-0.09770068526268005,-0.03784949332475662,-0.29455605149269104,-0.2916281819343567,-0.057493098080158234,-0.37145593762397766,-0.47057732939720154,-0.0828782320022583,-0.43472591042518616,-0.6039938926696777,-0.09812749177217484,-0.1943742334842682,-0.5255432724952698,-0.01504098903387785,-0.20273879170417786,-0.7079429030418396,-0.08213288336992264,-0.1835903376340866,-0.5493524074554443,-0.11656968295574188,-0.1691427379846573,-0.3977625370025635,-0.12534797191619873,-0.09875819832086563,-0.5436384081840515,-0.021580694243311882,-0.09311982989311218,-0.682518482208252,-0.11111117899417877,-0.08768399059772491,-0.4604705572128296,-0.1414846032857895,-0.08838606625795364,-0.2835247814655304,-0.1396990716457367,-0.00926184095442295,-0.5503678321838379,-0.038214992731809616,0.003544507548213005,-0.6968184113502502,-0.12267810106277466,-0.006018311250954866,-0.4946792721748352,-0.12423450499773026,-0.01829894259572029,-0.3270164728164673,-0.09843175113201141,0.07262690365314484,-0.5403837561607361,-0.05708568915724754,0.09891402721405029,-0.7486518025398254,-0.10510781407356262,0.11919351667165756,-0.8774275183677673,-0.11252372711896896,0.1333162635564804,-1.0,-0.10446135699748993
Y,Y_session_002,87,0.0,0.0,0.0,-0.16032733023166656,-0.0958162471652031,-0.036210257560014725,-0.2948440611362457,-0.28690072894096375,-0.05511226877570152,-0.3722672462463379,-0.46152085065841675,-0.08020702749490738,-0.43589529395103455,-0.5928937792778015,-0.09528449922800064,-0.19616512954235077,-0.5231579542160034,-0.013022438623011112,-0.2048742026090622,-0.7046580910682678,-0.07933484762907028,-0.18780559301376343,-0.5485487580299377,-0.11331124603748322,-0.1747988611459732,-0.3994331359863281,-0.12178230285644531,-0.10048756748437881,-0.5416036248207092,-0.020301098003983498,-0.09556218236684799,-0.6785789728164673,-0.10887816548347473,-0.09040853381156921,-0.45860007405281067,-0.13860324025154114,-0.09114135801792145,-0.2840949296951294,-0.13630059361457825,-0.010786043480038643,-0.5495966672897339,-0.037509094923734665,0.0009314952185377479,-0.6977402567863464,-0.12102804332971573,-0.0053009213879704475,-0.4988129734992981,-0.12174185365438461,-0.014589439146220684,-0.33426517248153687,-0.0952620580792427,0.07254690676927567,-0.5418639779090881,-0.056894972920417786,0.09691809117794037,-0.7515049576759338,-0.10410135239362717,0.11628878861665726,-0.8788907527923584,-0.11051744222640991,0.13028009235858917,-1.0,-0.10144758224487305
Y,Y_session_002,88,0.0,0.0,0.0,-0.1576409637928009,-0.09598975628614426,-0.037006672471761703,-0.29168644547462463,-0.2902657985687256,-0.055789101868867874,-0.36969202756881714,-0.46676453948020935,-0.08057579398155212,-0.43403276801109314,-0.5966435074806213,-0.09540285915136337,-0.19558148086071014,-0.528598964214325,-0.011865487322211266,-0.20365066826343536,-0.7094340920448303,-0.07926013320684433,-0.1857871562242508,-0.5491371750831604,-0.11496397852897644,-0.17291951179504395,-0.3977046608924866,-0.1247730478644371,-0.10030234605073929,-0.546859860420227,-0.018910430371761322,-0.09497484564781189,-0.6845552921295166,-0.10872770100831985,-0.08929130434989929,-0.4625694453716278,-0.14013101160526276,-0.09067436307668686,-0.28834158182144165,-0.13877500593662262,-0.010465918108820915,-0.552167534828186,-0.03603265807032585,0.0024624583311378956,-0.7039362788200378,-0.1199275329709053,-0.005189340561628342,-0.5032973885536194,-0.12077784538269043,-0.017417525872588158,-0.3381640613079071,-0.09443798661231995,0.07267017662525177,-0.5401699542999268,-0.05544349178671837,0.09576059877872467,-0.748420000076294,-0.10344213992357254,0.11495103687047958,-0.876349687576294,-0.11012215167284012,0.12848131358623505,-1.0,-0.10109636187553406
Y,Y_session_002,89,0.0,0.0,0.0,-0.16037236154079437,-0.09341473877429962,-0.03503355383872986,-0.29598164558410645,-0.2843101918697357,-0.05235926806926727,-0.37409666180610657,-0.45761722326278687,-0.07627050578594208,-0.43778136372566223,-0.5864363312721252,-0.09030571579933167,-0.19829082489013672,-0.5154340267181396,-0.008974160067737103,-0.2090623378753662,-0.7019089460372925,-0.07423176616430283,-0.1920405775308609,-0.5464038252830505,-0.10835165530443192,-0.17863161861896515,-0.3970726728439331,-0.11727274954319,-0.10380998998880386,-0.5350894331932068,-0.016588401049375534,-0.10113973915576935,-0.6778913140296936,-0.10437653213739395,-0.09460332989692688,-0.4607258141040802,-0.13512961566448212,-0.09459078311920166,-0.2880411148071289,-0.13381659984588623,-0.0149286650121212,-0.5447258949279785,-0.03415419161319733,-0.004362415987998247,-0.7000219821929932,-0.11642375588417053,-0.0099698631092906,-0.5023653507232666,-0.11742392182350159,-0.01921248249709606,-0.3369673192501068,-0.09160313755273819,0.06724923104047775,-0.5385339856147766,-0.053965531289577484,0.09091192483901978,-0.7471383213996887,-0.10076504200696945,0.1109200045466423,-0.8765140771865845,-0.10768508166074753,0.12566931545734406,-1.0,-0.09928784519433975
Y,Y_session_002,90,0.0,0.0,0.0,-0.1596730798482895,-0.0931185856461525,-0.0345396026968956,-0.2967953085899353,-0.2854761779308319,-0.051280129700899124,-0.3746758997440338,-0.45759350061416626,-0.07427436113357544,-0.4387652277946472,-0.582254946231842,-0.0874311551451683,-0.19858558475971222,-0.5187515020370483,-0.01079863216727972,-0.20628322660923004,-0.7007726430892944,-0.07535409927368164,-0.18925030529499054,-0.5417599678039551,-0.10872065275907516,-0.17674879729747772,-0.3923792839050293,-0.11753766983747482,-0.10326293110847473,-0.5399402976036072,-0.01808333583176136,-0.09837289154529572,-0.6809474229812622,-0.10565799474716187,-0.09187709540128708,-0.4604646563529968,-0.13535402715206146,-0.09159650653600693,-0.28686174750328064,-0.1333128958940506,-0.013974299654364586,-0.5494292974472046,-0.03493773937225342,-0.001930179656483233,-0.7024591565132141,-0.11763279139995575,-0.006473148241639137,-0.4986712634563446,-0.1176544800400734,-0.015094575472176075,-0.3313691020011902,-0.09103527665138245,0.06846559792757034,-0.5405304431915283,-0.05384785309433937,0.0914037823677063,-0.7478687167167664,-0.10140345990657806,0.1114271953701973,-0.8756294250488281,-0.10807684808969498,0.12648381292819977,-1.0,-0.0993327721953392
Y,Y_session_002,91,0.0,0.0,0.0,-0.15850847959518433,-0.09235098212957382,-0.03478733450174332,-0.2966598570346832,-0.28157371282577515,-0.05257755145430565,-0.37591496109962463,-0.45237958431243896,-0.07660499960184097,-0.4399070739746094,-0.5793179869651794,-0.09076381474733353,-0.1993384212255478,-0.5198631286621094,-0.011426115408539772,-0.2075747549533844,-0.7007755041122437,-0.07697565108537674,-0.19195981323719025,-0.5465042591094971,-0.1113567054271698,-0.18077316880226135,-0.3969998359680176,-0.1206582635641098,-0.103468157351017,-0.5421307682991028,-0.019202381372451782,-0.09871677309274673,-0.6799513101577759,-0.10762829333543777,-0.09351779520511627,-0.4608626365661621,-0.13842402398586273,-0.09458228200674057,-0.2867961525917053,-0.13695542514324188,-0.013881241902709007,-0.5523678064346313,-0.03652149438858032,-0.0026966892182826996,-0.7008681893348694,-0.11975143849849701,-0.007636189926415682,-0.497898131608963,-0.12048402428627014,-0.017022810876369476,-0.33128052949905396,-0.09411633014678955,0.0686187818646431,-0.544120192527771,-0.0558626689016819,0.09138819575309753,-0.7506465315818787,-0.10351697355508804,0.11149481683969498,-0.8773716688156128,-0.10991872102022171,0.1266138106584549,-1.0,-0.1007494255900383
Y,Y_session_002,92,0.0,0.0,0.0,-0.15881603956222534,-0.09376215934753418,-0.03382004052400589,-0.2955229580402374,-0.28484612703323364,-0.05068907514214516,-0.37307214736938477,-0.4576023817062378,-0.07422573119401932,-0.43690937757492065,-0.5829020142555237,-0.08810339868068695,-0.19699181616306305,-0.5244191288948059,-0.008094160817563534,-0.20470063388347626,-0.7045754790306091,-0.07353608310222626,-0.18914498388767242,-0.5505310893058777,-0.10825074464082718,-0.17833952605724335,-0.40063613653182983,-0.11750778555870056,-0.1026209145784378,-0.5454006195068359,-0.015986060723662376,-0.09657255560159683,-0.681122899055481,-0.10454446077346802,-0.09166640788316727,-0.46076926589012146,-0.13601365685462952,-0.09385472536087036,-0.28637462854385376,-0.1347016543149948,-0.014333397150039673,-0.555385947227478,-0.03347747400403023,-0.0019166788551956415,-0.7049694657325745,-0.11687296628952026,-0.007102177012711763,-0.5015826225280762,-0.11832543462514877,-0.017017873004078865,-0.335459440946579,-0.09207629412412643,0.06698327511548996,-0.546515941619873,-0.052919141948223114,0.08960755169391632,-0.7525789141654968,-0.10031326860189438,0.10963845252990723,-0.8779141902923584,-0.10673977434635162,0.12493206560611725,-1.0,-0.09728235006332397
Y,Y_session_002,93,0.0,0.0,0.0,-0.1550460308790207,-0.0882711261510849,-0.039402592927217484,-0.28997403383255005,-0.2750494182109833,-0.05947425961494446,-0.36486777663230896,-0.4542764127254486,-0.08505843579769135,-0.42345327138900757,-0.5938747525215149,-0.10036566853523254,-0.1918385773897171,-0.5249664187431335,-0.012598692439496517,-0.1982550472021103,-0.7023313641548157,-0.07893724739551544,-0.18460623919963837,-0.5483151078224182,-0.11391379684209824,-0.17509803175926208,-0.39991313219070435,-0.12351579964160919,-0.09818799793720245,-0.5459173321723938,-0.018398502841591835,-0.09237954020500183,-0.6790653467178345,-0.10788261890411377,-0.0890791043639183,-0.4583727717399597,-0.14015547931194305,-0.09193640947341919,-0.28614532947540283,-0.13939152657985687,-0.01062808558344841,-0.5555729866027832,-0.03424158692359924,0.001930340426042676,-0.7046207785606384,-0.11900941282510757,-0.004287199582904577,-0.5013413429260254,-0.1210395023226738,-0.014946640469133854,-0.3367181420326233,-0.09497343003749847,0.07022028416395187,-0.5462591052055359,-0.052447717636823654,0.09232762455940247,-0.7525663375854492,-0.10163794457912445,0.11232749372720718,-0.8776546120643616,-0.10907972604036331,0.12766098976135254,-1.0,-0.09996186941862106
Y,Y_session_002,94,0.0,0.0,0.0,-0.15537771582603455,-0.08701461553573608,-0.04164106026291847,-0.28651320934295654,-0.27134355902671814,-0.06326402723789215,-0.35855433344841003,-0.4516447186470032,-0.09000390768051147,-0.413626104593277,-0.597100019454956,-0.10625333338975906,-0.1872323900461197,-0.5263139009475708,-0.016902465373277664,-0.1932385414838791,-0.6972742080688477,-0.08355894684791565,-0.1801915168762207,-0.5401401519775391,-0.11772714555263519,-0.1711883246898651,-0.3915008306503296,-0.12670564651489258,-0.09376221150159836,-0.5463172197341919,-0.022105161100625992,-0.08758846670389175,-0.6722965836524963,-0.11207665503025055,-0.08549962937831879,-0.4501574635505676,-0.14394429326057434,-0.08956015110015869,-0.27868106961250305,-0.14305612444877625,-0.0065433187410235405,-0.5542977452278137,-0.03739464282989502,0.006531229242682457,-0.6967372298240662,-0.1236918717622757,-0.001517484663054347,-0.4928675591945648,-0.12642328441143036,-0.014099475927650928,-0.32923874258995056,-0.1006065160036087,0.07373808324337006,-0.5435250997543335,-0.05514486879110336,0.09786608815193176,-0.7514427900314331,-0.10586287081241608,0.11903583258390427,-0.8774327039718628,-0.11413262039422989,0.1349506676197052,-1.0,-0.10540001094341278
Y,Y_session_002,95,0.0,0.0,0.0,-0.15576082468032837,-0.0915188416838646,-0.03985706344246864,-0.2861804664134979,-0.27802911400794983,-0.06023498997092247,-0.35409021377563477,-0.46368956565856934,-0.08642695099115372,-0.40573230385780334,-0.6111609935760498,-0.10238095372915268,-0.18802988529205322,-0.527725100517273,-0.013736322522163391,-0.1900937855243683,-0.6990320682525635,-0.0802825540304184,-0.1772526055574417,-0.5412611365318298,-0.11480982601642609,-0.1697385460138321,-0.3933613896369934,-0.1239151656627655,-0.09285891056060791,-0.5473748445510864,-0.020029433071613312,-0.0836704894900322,-0.6782143115997314,-0.1100594699382782,-0.08218423277139664,-0.45724886655807495,-0.14301079511642456,-0.08773386478424072,-0.28447189927101135,-0.14249780774116516,-0.004220404662191868,-0.5556668043136597,-0.03631579875946045,0.011516544967889786,-0.6985077857971191,-0.12265202403068542,0.0027620939072221518,-0.4975510239601135,-0.12667816877365112,-0.011354093439877033,-0.33382341265678406,-0.10138760507106781,0.07674888521432877,-0.5453954339027405,-0.05489947646856308,0.10268795490264893,-0.7538270354270935,-0.10495448112487793,0.12437868863344193,-0.8795981407165527,-0.11304931342601776,0.1408793032169342,-1.0,-0.1041053980588913
Y,Y_session_002,96,0.0,0.0,0.0,-0.1572021245956421,-0.0901975929737091,-0.040886878967285156,-0.28716936707496643,-0.27101534605026245,-0.06287401169538498,-0.3504296839237213,-0.4586278200149536,-0.08975600451231003,-0.397842139005661,-0.6076343059539795,-0.10599386692047119,-0.19027897715568542,-0.5267354249954224,-0.02153620682656765,-0.18759045004844666,-0.6954824924468994,-0.08800487220287323,-0.1718447357416153,-0.5333020091056824,-0.12034973502159119,-0.1634291410446167,-0.38504815101623535,-0.12801440060138702,-0.09334958344697952,-0.5460431575775146,-0.02717624604701996,-0.07990904152393341,-0.6760733127593994,-0.11645644158124924,-0.07726224511861801,-0.4532526433467865,-0.14700530469417572,-0.083842433989048,-0.28224486112594604,-0.14569219946861267,-0.0038713121321052313,-0.5548603534698486,-0.042435143142938614,0.0148200374096632,-0.6923025846481323,-0.12853917479515076,0.005599771160632372,-0.48998668789863586,-0.13116014003753662,-0.010212210938334465,-0.32749855518341064,-0.10568130016326904,0.07741618156433105,-0.5451279282569885,-0.05992519110441208,0.10353998839855194,-0.755199670791626,-0.11004441976547241,0.12651348114013672,-0.8800258040428162,-0.1175559014081955,0.14311020076274872,-1.0,-0.1086411103606224
Y,Y_session_002,97,0.0,0.0,0.0,-0.15494146943092346,-0.08529356122016907,-0.048206839710474014,-0.2849481403827667,-0.2624230980873108,-0.07450312376022339,-0.3513110280036926,-0.45346102118492126,-0.10433947294950485,-0.3991791605949402,-0.6122530102729797,-0.12266817688941956,-0.19066041707992554,-0.526660680770874,-0.027472537010908127,-0.1886264830827713,-0.698052167892456,-0.09666413068771362,-0.17052507400512695,-0.5296167135238647,-0.13046395778656006,-0.16021716594696045,-0.3821916878223419,-0.13909432291984558,-0.09414780884981155,-0.5478259325027466,-0.030255308374762535,-0.08039133995771408,-0.6796700954437256,-0.12114784121513367,-0.07674949616193771,-0.45148003101348877,-0.15153515338897705,-0.08330140262842178,-0.28323787450790405,-0.15025150775909424,-0.005032622255384922,-0.5556983351707458,-0.0435195192694664,0.014325142838060856,-0.6986045837402344,-0.13153453171253204,0.005844594445079565,-0.49359452724456787,-0.13343451917171478,-0.00981941632926464,-0.33295702934265137,-0.10725974291563034,0.07612849026918411,-0.5440773367881775,-0.05959005281329155,0.10186661034822464,-0.7551100850105286,-0.11124522238969803,0.12443596869707108,-0.8787344694137573,-0.11914189904928207,0.140065997838974,-1.0,-0.11027389764785767
Y,Y_session_002,98,0.0,0.0,0.0,-0.15335503220558167,-0.08621054887771606,-0.047546565532684326,-0.28328025341033936,-0.26738226413726807,-0.07297063618898392,-0.3478137254714966,-0.4567740559577942,-0.10182058066129684,-0.3949047923088074,-0.6131325960159302,-0.11957932263612747,-0.1866941601037979,-0.5308710336685181,-0.027939166873693466,-0.18604208528995514,-0.6936680674552917,-0.09717626124620438,-0.1694003790616989,-0.5275522470474243,-0.1314190924167633,-0.1587042510509491,-0.37874531745910645,-0.14008350670337677,-0.08979042619466782,-0.550936222076416,-0.030879367142915726,-0.07750911265611649,-0.6769297122955322,-0.1222626194357872,-0.07503346353769302,-0.45091530680656433,-0.1530190110206604,-0.08049220591783524,-0.27929574251174927,-0.15120959281921387,-0.0008013211190700531,-0.5571528077125549,-0.04409646615386009,0.016233479604125023,-0.6911430358886719,-0.1320694535970688,0.006994112394750118,-0.4888796806335449,-0.1349009871482849,-0.00808426272124052,-0.3284247815608978,-0.10891956835985184,0.08002869039773941,-0.5444577932357788,-0.05996221303939819,0.10424090921878815,-0.7538992166519165,-0.11142441630363464,0.1258324384689331,-0.878827691078186,-0.119374580681324,0.14123915135860443,-1.0,-0.11029985547065735
Y,Y_session_002,99,0.0,0.0,0.0,-0.15625864267349243,-0.08838596940040588,-0.04479216784238815,-0.28640827536582947,-0.2680872678756714,-0.06843384355306625,-0.3506113588809967,-0.45715221762657166,-0.09657812863588333,-0.39565327763557434,-0.6152187585830688,-0.1135866641998291,-0.1892973631620407,-0.5293847322463989,-0.01992778107523918,-0.18922792375087738,-0.6917524337768555,-0.08870158344507217,-0.17188714444637299,-0.5279251337051392,-0.12327910959720612,-0.16026365756988525,-0.3794859051704407,-0.13189181685447693,-0.09238886833190918,-0.551525890827179,-0.023933349177241325,-0.08076474815607071,-0.6752234697341919,-0.11536108702421188,-0.07691318541765213,-0.44932690262794495,-0.14639566838741302,-0.08060728013515472,-0.2756844162940979,-0.14430488646030426,-0.002891993848606944,-0.5594780445098877,-0.03867097571492195,0.012980937957763672,-0.6883361339569092,-0.12687218189239502,0.005518450401723385,-0.4871600568294525,-0.13050240278244019,-0.006689305417239666,-0.3254218101501465,-0.10451208800077438,0.07901468873023987,-0.5490583777427673,-0.05603954941034317,0.10481826215982437,-0.7574117183685303,-0.1071985736489296,0.12716540694236755,-0.8818949460983276,-0.11575010418891907,0.14327263832092285,-1.0,-0.10702051967382431
Y,Y_session_002,100,0.0,0.0,0.0,-0.15627770125865936,-0.08624032884836197,-0.04568450525403023,-0.2859596014022827,-0.2669665813446045,-0.06972185522317886,-0.34870943427085876,-0.4563664495944977,-0.09774914383888245,-0.3939651548862457,-0.6121557354927063,-0.11469321697950363,-0.18993784487247467,-0.5275569558143616,-0.025711024180054665,-0.18708868324756622,-0.6893082857131958,-0.09484975785017014,-0.17035387456417084,-0.5199090838432312,-0.12802651524543762,-0.15950091183185577,-0.37236830592155457,-0.13566245138645172,-0.09219329059123993,-0.5483012795448303,-0.029180265963077545,-0.07859602570533752,-0.6737587451934814,-0.12059229612350464,-0.07650741934776306,-0.44491031765937805,-0.14986678957939148,-0.08232007920742035,-0.2751906216144562,-0.14679431915283203,-0.0022601275704801083,-0.5553780794143677,-0.0430077500641346,0.015274479053914547,-0.6877521872520447,-0.13205507397651672,0.006439454387873411,-0.481913298368454,-0.1342816948890686,-0.007933125831186771,-0.3217908442020416,-0.10722582787275314,0.07987113296985626,-0.54353928565979,-0.05929843708872795,0.10545468330383301,-0.7540556192398071,-0.11127527058124542,0.12726335227489471,-0.8786209225654602,-0.11929433792829514,0.1423129290342331,-1.0,-0.10999583452939987
Y,Y_session_002,101,0.0,0.0,0.0,-0.15567879378795624,-0.08508174866437912,-0.04924563318490982,-0.28539445996284485,-0.26526835560798645,-0.07489866763353348,-0.3497379422187805,-0.4546969532966614,-0.10368570685386658,-0.39590996503829956,-0.6115143895149231,-0.12099604308605194,-0.1898650825023651,-0.5261781215667725,-0.028568103909492493,-0.18799449503421783,-0.6913710236549377,-0.0969315841794014,-0.17166925966739655,-0.5233456492424011,-0.12935107946395874,-0.16103437542915344,-0.3770281970500946,-0.13700531423091888,-0.0924745723605156,-0.5486319065093994,-0.030536942183971405,-0.07990606129169464,-0.6767934560775757,-0.12175722420215607,-0.07760486751794815,-0.44801047444343567,-0.15113301575183868,-0.08283750712871552,-0.27877604961395264,-0.14841228723526,-0.0029150554910302162,-0.5564063787460327,-0.04298686236143112,0.013606884516775608,-0.6937094330787659,-0.13171012699604034,0.0044401478953659534,-0.48752206563949585,-0.13329042494297028,-0.009919931180775166,-0.32585281133651733,-0.10608063638210297,0.07879329472780228,-0.5440911054611206,-0.05826020985841751,0.10248696804046631,-0.7543392777442932,-0.1106298565864563,0.12320065498352051,-0.8788031935691833,-0.11867135018110275,0.13738125562667847,-1.0,-0.10944686084985733
Y,Y_session_002,102,0.0,0.0,0.0,-0.15775161981582642,-0.08506134152412415,-0.047102950513362885,-0.2858777940273285,-0.26774176955223083,-0.07143539935350418,-0.3476470410823822,-0.4587622284889221,-0.09926126897335052,-0.3948972523212433,-0.6118866801261902,-0.11575374752283096,-0.18903833627700806,-0.5260146856307983,-0.025883575901389122,-0.18717274069786072,-0.689885675907135,-0.09485424309968948,-0.17074398696422577,-0.5178707242012024,-0.1282639056444168,-0.15941500663757324,-0.372087687253952,-0.1366226226091385,-0.09206408262252808,-0.5457932949066162,-0.028793901205062866,-0.08045877516269684,-0.6740257143974304,-0.11956585943698883,-0.07920609414577484,-0.4447750151157379,-0.14857961237430573,-0.08422145992517471,-0.2787322700023651,-0.14610926806926727,-0.002742640906944871,-0.5510192513465881,-0.04229279235005379,0.012810539454221725,-0.6895405054092407,-0.13090543448925018,0.0026168683543801308,-0.4816606044769287,-0.13171376287937164,-0.011555332690477371,-0.3217620551586151,-0.10437741130590439,0.07924241572618484,-0.5367426872253418,-0.05853450298309326,0.10485782474279404,-0.7480787038803101,-0.11081525683403015,0.12521745264530182,-0.8744850158691406,-0.11874929815530777,0.1390356421470642,-1.0,-0.10984384268522263
Y,Y_session_002,103,0.0,0.0,0.0,-0.157366544008255,-0.08334479480981827,-0.046011827886104584,-0.2866881489753723,-0.26971060037612915,-0.06884564459323883,-0.34806087613105774,-0.46232953667640686,-0.09549060463905334,-0.39537233114242554,-0.6136568188667297,-0.11123606562614441,-0.18987959623336792,-0.5268292427062988,-0.024866923689842224,-0.1864526867866516,-0.6894885301589966,-0.09328262507915497,-0.17015008628368378,-0.5191934108734131,-0.1264040321111679,-0.16057035326957703,-0.3749699592590332,-0.13459078967571259,-0.09227558970451355,-0.5464898943901062,-0.02822786755859852,-0.07974347472190857,-0.6758188605308533,-0.11865147203207016,-0.07853562384843826,-0.4456886053085327,-0.1478719711303711,-0.08527883887290955,-0.279009073972702,-0.14540183544158936,-0.0026671476662158966,-0.551901638507843,-0.041974008083343506,0.013622643426060677,-0.6902006268501282,-0.13106399774551392,0.003660926828160882,-0.4787404239177704,-0.13228054344654083,-0.01190813910216093,-0.3166801333427429,-0.10481274873018265,0.07886219024658203,-0.5374340415000916,-0.058243684470653534,0.10394341498613358,-0.7494049072265625,-0.1106092780828476,0.1251101791858673,-0.8750467300415039,-0.11827625334262848,0.13951000571250916,-1.0,-0.10899794101715088
Y,Y_session_002,104,0.0,0.0,0.0,-0.15565583109855652,-0.08621538430452347,-0.045602161437273026,-0.282509446144104,-0.2704808712005615,-0.06894969195127487,-0.3442580997943878,-0.45849448442459106,-0.09607876092195511,-0.39228346943855286,-0.6089085936546326,-0.11225239932537079,-0.18718713521957397,-0.5234690308570862,-0.025854168459773064,-0.1871287077665329,-0.6874758005142212,-0.09318298101425171,-0.17147991061210632,-0.5204899907112122,-0.12490139901638031,-0.16123579442501068,-0.3773808181285858,-0.13238053023815155,-0.09104938805103302,-0.5428822636604309,-0.029670627787709236,-0.08029864728450775,-0.6704456806182861,-0.11955821514129639,-0.07958587259054184,-0.44292914867401123,-0.1483537256717682,-0.08588486909866333,-0.2770419418811798,-0.14591386914253235,-0.0021220617927610874,-0.5480918288230896,-0.043775636702775955,0.01282480638474226,-0.6863067150115967,-0.13226693868637085,0.002287111012265086,-0.47898605465888977,-0.13405495882034302,-0.012899297289550304,-0.31810247898101807,-0.1075294092297554,0.07899662107229233,-0.5341774225234985,-0.06038566678762436,0.1038718968629837,-0.7467883825302124,-0.11293022334575653,0.12443732470273972,-0.8747317790985107,-0.12159271538257599,0.13837845623493195,-1.0,-0.11341817677021027
Y,Y_session_002,105,0.0,0.0,0.0,-0.1554645597934723,-0.08689898997545242,-0.04460270330309868,-0.28249260783195496,-0.2756417393684387,-0.06705447286367416,-0.34502217173576355,-0.46442875266075134,-0.09345066547393799,-0.3942706286907196,-0.6132601499557495,-0.1088109016418457,-0.19034680724143982,-0.5277851223945618,-0.02405960112810135,-0.1890745460987091,-0.6930260062217712,-0.091292604804039,-0.17117196321487427,-0.524608314037323,-0.12293855100870132,-0.1603843718767166,-0.3805488049983978,-0.1301121860742569,-0.09375717490911484,-0.5476248264312744,-0.027777165174484253,-0.08181056380271912,-0.6737556457519531,-0.11684224009513855,-0.07953181117773056,-0.4466087222099304,-0.1452864706516266,-0.08614072948694229,-0.2811908721923828,-0.1425645798444748,-0.00441499799489975,-0.5529589653015137,-0.04175198823213577,0.01085362397134304,-0.6872996687889099,-0.12962870299816132,0.0014291806146502495,-0.47959041595458984,-0.13124199211597443,-0.014164349995553493,-0.31963229179382324,-0.10449808090925217,0.07692794501781464,-0.5392348766326904,-0.0580994077026844,0.10159489512443542,-0.750160813331604,-0.10972502082586288,0.12216882407665253,-0.8760785460472107,-0.117709219455719,0.13529828190803528,-1.0,-0.10896878689527512
Y,Y_session_002,106,0.0,0.0,0.0,-0.15714377164840698,-0.08582640439271927,-0.04373680800199509,-0.2848179042339325,-0.27447858452796936,-0.0655488446354866,-0.34682539105415344,-0.4645783603191376,-0.09149432927370071,-0.3954574465751648,-0.6136411428451538,-0.10667495429515839,-0.1901247799396515,-0.5238816142082214,-0.022744283080101013,-0.1899769902229309,-0.689822256565094,-0.08958353847265244,-0.1720224916934967,-0.5225616097450256,-0.12135510891675949,-0.16103112697601318,-0.37640565633773804,-0.12882815301418304,-0.09325452893972397,-0.5437153577804565,-0.02718402072787285,-0.0822528824210167,-0.6715505123138428,-0.11709140241146088,-0.08052920550107956,-0.4441526532173157,-0.14685751497745514,-0.08670870959758759,-0.27552124857902527,-0.1449327915906906,-0.0034998368937522173,-0.5492936372756958,-0.041805461049079895,0.0113469697535038,-0.6850997805595398,-0.12958543002605438,-0.00020152611250523478,-0.4784211218357086,-0.13206307590007782,-0.01682407222688198,-0.31682300567626953,-0.10620833188295364,0.07820305228233337,-0.5362679362297058,-0.05880482867360115,0.10251130163669586,-0.7472250461578369,-0.11067348718643188,0.12294037640094757,-0.8753586411476135,-0.11934678256511688,0.13672497868537903,-1.0,-0.11137756705284119
Y,Y_session_002,107,0.0,0.0,0.0,-0.15407487750053406,-0.08659530431032181,-0.04801886901259422,-0.2817501425743103,-0.271940141916275,-0.07244870811700821,-0.34732842445373535,-0.460641086101532,-0.10006844252347946,-0.39709076285362244,-0.6123473644256592,-0.11632799357175827,-0.18969014286994934,-0.5225942134857178,-0.02777169831097126,-0.18882758915424347,-0.6850230693817139,-0.09482263028621674,-0.16915950179100037,-0.5153427124023438,-0.12550561130046844,-0.15797892212867737,-0.3702053725719452,-0.13223114609718323,-0.09208835661411285,-0.5452092885971069,-0.03008348122239113,-0.08107432723045349,-0.6702437996864319,-0.12010063230991364,-0.07832727581262589,-0.44181835651397705,-0.14940375089645386,-0.08448335528373718,-0.27472248673439026,-0.14739161729812622,-0.0019122243393212557,-0.5531629323959351,-0.04268255829811096,0.012718969956040382,-0.6864238977432251,-0.1316659152507782,0.0021027117036283016,-0.47677162289619446,-0.13408279418945312,-0.014339267276227474,-0.3136312663555145,-0.10793011635541916,0.07924778759479523,-0.5410561561584473,-0.05781668424606323,0.10178767144680023,-0.7507563233375549,-0.11053194105625153,0.12301577627658844,-0.8772351145744324,-0.11935195326805115,0.13744346797466278,-1.0,-0.11129916459321976
Y,Y_session_002,108,0.0,0.0,0.0,-0.15481898188591003,-0.09030812233686447,-0.04358096048235893,-0.28277161717414856,-0.279557466506958,-0.0658927783370018,-0.34853750467300415,-0.46866849064826965,-0.0924987941980362,-0.3992178440093994,-0.6184448003768921,-0.10818557441234589,-0.1905641108751297,-0.5225227475166321,-0.02323981374502182,-0.19087183475494385,-0.6917948126792908,-0.09079144895076752,-0.1724809855222702,-0.523188054561615,-0.12297451496124268,-0.1618686020374298,-0.37669637799263,-0.13048341870307922,-0.09376060962677002,-0.5433389544487,-0.027574269101023674,-0.08400936424732208,-0.6729283332824707,-0.11699752509593964,-0.08086397498846054,-0.4472466707229614,-0.14651823043823242,-0.08588171750307083,-0.2804647386074066,-0.1446182280778885,-0.0036786748096346855,-0.5505925416946411,-0.04201509803533554,0.0102524533867836,-0.689189612865448,-0.1289616823196411,0.0004481740470509976,-0.48434513807296753,-0.1307719647884369,-0.014778843149542809,-0.323224276304245,-0.1045641154050827,0.077897809445858,-0.5399137139320374,-0.058846697211265564,0.1004457026720047,-0.7510340809822083,-0.10955867916345596,0.12034081667661667,-0.8777410387992859,-0.11737415939569473,0.13374201953411102,-1.0,-0.10882220417261124
Y,Y_session_002,109,0.0,0.0,0.0,-0.15434062480926514,-0.0891529768705368,-0.04180813208222389,-0.2825995981693268,-0.2809728980064392,-0.06240689381957054,-0.3486950695514679,-0.46567732095718384,-0.08784464746713638,-0.39854806661605835,-0.6144235730171204,-0.1027585044503212,-0.18934856355190277,-0.5242548584938049,-0.01865565963089466,-0.19148272275924683,-0.6893743872642517,-0.08528664708137512,-0.17302106320858002,-0.5229779481887817,-0.11792715638875961,-0.16092029213905334,-0.37533727288246155,-0.12563572824001312,-0.09248092025518417,-0.5447805523872375,-0.02344239316880703,-0.0850992351770401,-0.671340823173523,-0.11255205422639847,-0.08111225813627243,-0.4453009068965912,-0.14256088435649872,-0.0835382491350174,-0.27427059412002563,-0.14033456146717072,-0.0022385031916201115,-0.5517102479934692,-0.03843238949775696,0.009823421947658062,-0.6871493458747864,-0.12488403171300888,-2.2674765205010772e-05,-0.4828167259693146,-0.12776577472686768,-0.013657767325639725,-0.31995123624801636,-0.10180957615375519,0.07941816002130508,-0.5416014790534973,-0.05571408569812775,0.10023044049739838,-0.7518777847290039,-0.10589445382356644,0.11834757775068283,-0.8787128925323486,-0.11424679309129715,0.1309921145439148,-1.0,-0.10588466376066208
Y,Y_session_002,110,0.0,0.0,0.0,-0.15705880522727966,-0.09202681481838226,-0.04028986021876335,-0.28478601574897766,-0.28535181283950806,-0.06003807112574577,-0.3507069945335388,-0.4706152677536011,-0.08541054278612137,-0.4009564220905304,-0.6211925148963928,-0.1001906469464302,-0.18946698307991028,-0.5260586142539978,-0.012063191272318363,-0.1967068761587143,-0.6937997937202454,-0.07884931564331055,-0.17976069450378418,-0.5306423306465149,-0.1128019466996193,-0.16618269681930542,-0.3837701678276062,-0.12130320072174072,-0.0935579463839531,-0.5465928912162781,-0.017552003264427185,-0.09036312252283096,-0.672816276550293,-0.10695349425077438,-0.08487696945667267,-0.44750773906707764,-0.13762596249580383,-0.08406732231378555,-0.27490532398223877,-0.13541287183761597,-0.004104622174054384,-0.5540261268615723,-0.03367035090923309,0.003500122344121337,-0.6889351606369019,-0.11960454285144806,-0.004730583168566227,-0.4843622148036957,-0.12199477106332779,-0.014891983941197395,-0.31957685947418213,-0.09548879414796829,0.07771807909011841,-0.5454005002975464,-0.05225319042801857,0.0994049459695816,-0.7534257769584656,-0.10176078975200653,0.11671409010887146,-0.8797565698623657,-0.10997582226991653,0.1282496601343155,-1.0,-0.10152476280927658
Y,Y_session_002,111,0.0,0.0,0.0,-0.15981391072273254,-0.09543851763010025,-0.039014533162117004,-0.28834548592567444,-0.28753671050071716,-0.058664675801992416,-0.3551308512687683,-0.4753144383430481,-0.08457401394844055,-0.404643177986145,-0.6296501159667969,-0.09999101608991623,-0.1940947324037552,-0.5310273170471191,-0.006850550416857004,-0.20108626782894135,-0.7010722160339355,-0.07411544024944305,-0.18227390944957733,-0.5342439413070679,-0.10949360579252243,-0.16855570673942566,-0.3838374614715576,-0.11888299137353897,-0.09730841964483261,-0.5520002245903015,-0.013047524727880955,-0.09403133392333984,-0.6835957765579224,-0.10251933336257935,-0.08728056401014328,-0.45674264430999756,-0.13504144549369812,-0.08712900429964066,-0.2819187641143799,-0.13388626277446747,-0.006493724882602692,-0.5591843128204346,-0.030004549771547318,0.001736944541335106,-0.6940574049949646,-0.11567499488592148,-0.007290855050086975,-0.4873504340648651,-0.1183658242225647,-0.02010370045900345,-0.3204551637172699,-0.09184561669826508,0.07684135437011719,-0.5502451062202454,-0.04934711009263992,0.0968114584684372,-0.7567892670631409,-0.09816928207874298,0.11436734348535538,-0.8813872337341309,-0.10540349781513214,0.12459623068571091,-1.0,-0.09602997452020645
Y,Y_session_002,112,0.0,0.0,0.0,-0.16174641251564026,-0.10096843540668488,-0.03417325019836426,-0.2900213897228241,-0.2997271716594696,-0.05022541433572769,-0.35484081506729126,-0.487131804227829,-0.07310947775840759,-0.40365341305732727,-0.6353733539581299,-0.08588483929634094,-0.19435220956802368,-0.5331376791000366,-0.0004022797802463174,-0.20230194926261902,-0.7031276822090149,-0.06595735251903534,-0.18307918310165405,-0.539283037185669,-0.10137779265642166,-0.16887713968753815,-0.39004603028297424,-0.11058498173952103,-0.09774472564458847,-0.5525146126747131,-0.007813760079443455,-0.09551730006933212,-0.6874943375587463,-0.09481341391801834,-0.08793430775403976,-0.46578243374824524,-0.12700827419757843,-0.08603121340274811,-0.28961724042892456,-0.1255098581314087,-0.007605674676597118,-0.5590076446533203,-0.025657963007688522,-0.0006091597606427968,-0.6924877762794495,-0.10760173946619034,-0.010005763731896877,-0.4913167357444763,-0.11043530702590942,-0.02181064896285534,-0.32554861903190613,-0.08450200408697128,0.07527890801429749,-0.5502102971076965,-0.04560708627104759,0.09612981975078583,-0.7560573816299438,-0.09066575765609741,0.11185265332460403,-0.8820217251777649,-0.09696461260318756,0.12023720890283585,-1.0,-0.08750861138105392
Y,Y_session_002,113,0.0,0.0,0.0,-0.1630159467458725,-0.10515717417001724,-0.030535491183400154,-0.29448357224464417,-0.3043022155761719,-0.04510689154267311,-0.3589026629924774,-0.4917806088924408,-0.06679125875234604,-0.39938464760780334,-0.6459488272666931,-0.07844502478837967,-0.19104032218456268,-0.5385994911193848,0.003415713319554925,-0.2002495974302292,-0.710652232170105,-0.0586252361536026,-0.18594270944595337,-0.5502499938011169,-0.09261174499988556,-0.17445513606071472,-0.39992716908454895,-0.1017475575208664,-0.09382428228855133,-0.5529021620750427,-0.004995043855160475,-0.0947117879986763,-0.6896013021469116,-0.08950120210647583,-0.09115198999643326,-0.4699634909629822,-0.12192507088184357,-0.09119166433811188,-0.2942703366279602,-0.12144364416599274,-0.003021949203684926,-0.5579745173454285,-0.023012537509202957,0.002151624532416463,-0.7001527547836304,-0.1021779328584671,-0.009348034858703613,-0.49564486742019653,-0.10361263155937195,-0.022018028423190117,-0.32555240392684937,-0.07781790941953659,0.0802750512957573,-0.5471274852752686,-0.042830269783735275,0.09979221969842911,-0.7510871291160583,-0.0866510421037674,0.11445873975753784,-0.8790795803070068,-0.09212423861026764,0.12293411791324615,-1.0,-0.08255622535943985
Y,Y_session_002,114,0.0,0.0,0.0,-0.1631709337234497,-0.11137948930263519,-0.030403446406126022,-0.2921809256076813,-0.31487005949020386,-0.044409312307834625,-0.35446369647979736,-0.5061583518981934,-0.06540944427251816,-0.38947978615760803,-0.6641973257064819,-0.07639491558074951,-0.18315191566944122,-0.5420172810554504,0.004982063081115484,-0.19289737939834595,-0.7182019948959351,-0.05495592951774597,-0.18561194837093353,-0.5630522966384888,-0.08750300854444504,-0.1785677969455719,-0.415378600358963,-0.0962352603673935,-0.0869431272149086,-0.555496335029602,-0.0030638708267360926,-0.08874493092298508,-0.6962540149688721,-0.08624771982431412,-0.0916636735200882,-0.4803822934627533,-0.1183808296918869,-0.09475399553775787,-0.3045158088207245,-0.11773721873760223,0.0030609124805778265,-0.5592760443687439,-0.020542487502098083,0.006641711108386517,-0.7046736478805542,-0.09821892529726028,-0.007964554242789745,-0.5004267692565918,-0.09873290359973907,-0.02056310698390007,-0.32978516817092896,-0.07252823561429977,0.08707315474748611,-0.5452936887741089,-0.039943598210811615,0.10860739648342133,-0.7474130392074585,-0.08317636698484421,0.12222078442573547,-0.8773220181465149,-0.08864111453294754,0.13027657568454742,-1.0,-0.0792061984539032
Y,Y_session_002,115,0.0,0.0,0.0,-0.16126230359077454,-0.11780941486358643,-0.02900119125843048,-0.2864108383655548,-0.3248641788959503,-0.04326294735074043,-0.3472045958042145,-0.5153400301933289,-0.06527700275182724,-0.38509878516197205,-0.6727495789527893,-0.07760538905858994,-0.17730888724327087,-0.5494168996810913,0.006313161924481392,-0.18825802206993103,-0.7254737615585327,-0.0552457831799984,-0.1817244291305542,-0.5716323852539062,-0.08958221226930618,-0.1752987951040268,-0.4243657886981964,-0.09910120815038681,-0.08116034418344498,-0.5593926310539246,-0.003163948655128479,-0.08187680691480637,-0.7025278806686401,-0.08726732432842255,-0.08761323243379593,-0.486787348985672,-0.12041853368282318,-0.09328611940145493,-0.3090536892414093,-0.12034378200769424,0.009132432751357555,-0.5610007047653198,-0.022145304828882217,0.014876799657940865,-0.7094696760177612,-0.10072687268257141,-0.003923589363694191,-0.5069953203201294,-0.10224063694477081,-0.020083926618099213,-0.3357774615287781,-0.0764494240283966,0.09278472512960434,-0.5462666153907776,-0.04295622557401657,0.116024911403656,-0.7502303719520569,-0.08642089366912842,0.1299828439950943,-0.8793727159500122,-0.09198695421218872,0.13805903494358063,-1.0,-0.08252284675836563
Y,Y_session_002,116,0.0,0.0,0.0,-0.16086970269680023,-0.11724412441253662,-0.029530785977840424,-0.2875143587589264,-0.3286036252975464,-0.044180579483509064,-0.34803473949432373,-0.5211771726608276,-0.0664825364947319,-0.3848508298397064,-0.6803563237190247,-0.0788956806063652,-0.17432712018489838,-0.5563033223152161,0.006921101827174425,-0.18704955279827118,-0.7341094017028809,-0.05479930341243744,-0.18089911341667175,-0.5789073705673218,-0.08953852206468582,-0.17411081492900848,-0.428932785987854,-0.09937016665935516,-0.07809612900018692,-0.5658764839172363,-0.002440714742988348,-0.08016350120306015,-0.7121255397796631,-0.08687112480401993,-0.08668489009141922,-0.4957939684391022,-0.12013600021600723,-0.09268304705619812,-0.316228985786438,-0.1198742538690567,0.012004107236862183,-0.5648425817489624,-0.02146988920867443,0.017220349982380867,-0.7166615128517151,-0.0991811752319336,-0.0023587297182530165,-0.5147218108177185,-0.09965866059064865,-0.019350668415427208,-0.3420971632003784,-0.07339751720428467,0.09525829553604126,-0.5468533039093018,-0.042540475726127625,0.11842943727970123,-0.74941486120224,-0.08566392958164215,0.1320512294769287,-0.8786066174507141,-0.09095161408185959,0.13962599635124207,-1.0,-0.08135440945625305
Y,Y_session_002,117,0.0,0.0,0.0,-0.16287536919116974,-0.11864929646253586,-0.027913453057408333,-0.2884848713874817,-0.3240402340888977,-0.042643480002880096,-0.3469735085964203,-0.5172841548919678,-0.06542336195707321,-0.3845789134502411,-0.6751055717468262,-0.07894660532474518,-0.17088529467582703,-0.5539990663528442,0.010636991821229458,-0.18227972090244293,-0.7329108119010925,-0.05080403387546539,-0.18001019954681396,-0.5870875716209412,-0.08738645911216736,-0.17637446522712708,-0.43607908487319946,-0.09841752797365189,-0.0746796652674675,-0.5615617632865906,0.0002231326070614159,-0.07706469297409058,-0.709380030632019,-0.08393888920545578,-0.08649084717035294,-0.498471200466156,-0.11961629241704941,-0.0941331684589386,-0.3157314360141754,-0.12089325487613678,0.014942283742129803,-0.5595154166221619,-0.019755369052290916,0.019841549918055534,-0.7088538408279419,-0.09652749449014664,-0.0019265140872448683,-0.5102652311325073,-0.09841889888048172,-0.019946608692407608,-0.337041437625885,-0.07305237650871277,0.09879186749458313,-0.5413826107978821,-0.041768018156290054,0.12298215925693512,-0.7447258830070496,-0.08381285518407822,0.13587720692157745,-0.8764438033103943,-0.08883776515722275,0.14292898774147034,-1.0,-0.07906090468168259
Y,Y_session_002,118,0.0,0.0,0.0,-0.1651260256767273,-0.11882390081882477,-0.029254525899887085,-0.293245792388916,-0.32690170407295227,-0.042959969490766525,-0.35220351815223694,-0.5255695581436157,-0.06479821354150772,-0.389648973941803,-0.6861931085586548,-0.07668372988700867,-0.1760624498128891,-0.5540952086448669,0.013060622848570347,-0.18761098384857178,-0.7361554503440857,-0.048451583832502365,-0.18138891458511353,-0.5829285383224487,-0.08387789875268936,-0.17484913766384125,-0.43283790349960327,-0.09403939545154572,-0.07905479520559311,-0.5640676021575928,0.0036471758503466845,-0.08055489510297775,-0.7132083773612976,-0.0809209942817688,-0.0872688740491867,-0.49760961532592773,-0.11546682566404343,-0.0937851294875145,-0.31672370433807373,-0.11594324558973312,0.01114873681217432,-0.5654290318489075,-0.015955355018377304,0.016500016674399376,-0.7164228558540344,-0.09386266022920609,-0.004239433445036411,-0.5158096551895142,-0.09562794864177704,-0.02165510132908821,-0.34261390566825867,-0.06988175958395004,0.09453942626714706,-0.550790548324585,-0.03772692009806633,0.11993509531021118,-0.75214022397995,-0.0801587924361229,0.1341940015554428,-0.8799649477005005,-0.08561599254608154,0.14235538244247437,-1.0,-0.07609784603118896
Y,Y_session_002,119,0.0,0.0,0.0,-0.16458463668823242,-0.12151409685611725,-0.030600083991885185,-0.29252099990844727,-0.32745304703712463,-0.045099642127752304,-0.35341334342956543,-0.5233373641967773,-0.06736405938863754,-0.3876941204071045,-0.6844412088394165,-0.07958534359931946,-0.17461919784545898,-0.5541863441467285,0.009632356464862823,-0.18657264113426208,-0.7352460622787476,-0.05329665541648865,-0.1794871687889099,-0.5800362825393677,-0.08890616148710251,-0.1725337952375412,-0.4303297698497772,-0.09882127493619919,-0.07697761058807373,-0.562816321849823,0.0004854086728300899,-0.07828683406114578,-0.7126947641372681,-0.08529917150735855,-0.08413100242614746,-0.4969613552093506,-0.11926593631505966,-0.09074611961841583,-0.3182782232761383,-0.11891670525074005,0.013021287508308887,-0.5609655380249023,-0.018957871943712234,0.019365202635526657,-0.7119908928871155,-0.09840954095125198,-0.0005522032151930034,-0.5145772099494934,-0.10054457187652588,-0.018052278086543083,-0.3456568121910095,-0.07452644407749176,0.09533004462718964,-0.5421923995018005,-0.04050711914896965,0.1215515285730362,-0.7477419376373291,-0.08355995267629623,0.13541842997074127,-0.8780344724655151,-0.08910239487886429,0.14301736652851105,-1.0,-0.07940470427274704
Y,Y_session_002,120,0.0,0.0,0.0,-0.16516722738742828,-0.12199729681015015,-0.03042585775256157,-0.29348820447921753,-0.32774868607521057,-0.04488690569996834,-0.3564642667770386,-0.5256394743919373,-0.06716365367174149,-0.3926540017127991,-0.6875056028366089,-0.07914698123931885,-0.1786649078130722,-0.5527431964874268,0.011460975743830204,-0.19004656374454498,-0.7380450367927551,-0.05106629431247711,-0.18196843564510345,-0.5808598399162292,-0.0863938257098198,-0.17393173277378082,-0.42967742681503296,-0.09613215923309326,-0.08090700209140778,-0.5624890327453613,0.0027069204952567816,-0.08157572895288467,-0.7175348997116089,-0.08225730806589127,-0.08534657955169678,-0.5014820694923401,-0.1152329072356224,-0.08999017626047134,-0.3222689628601074,-0.11430522054433823,0.009434975683689117,-0.5616542100906372,-0.016489936038851738,0.01657147705554962,-0.716691792011261,-0.09425358474254608,-0.0009307246655225754,-0.522821843624115,-0.09536018967628479,-0.0160873681306839,-0.35510656237602234,-0.06913456320762634,0.0926382765173912,-0.5450580716133118,-0.03795476257801056,0.1187722384929657,-0.7499323487281799,-0.07952301949262619,0.13230000436306,-0.8792194128036499,-0.08440158516168594,0.14011111855506897,-1.0,-0.07457249611616135
Y,Y_session_002,121,0.0,0.0,0.0,-0.16218441724777222,-0.11658768355846405,-0.03507840260863304,-0.29124319553375244,-0.32383760809898376,-0.051927659660577774,-0.3546634316444397,-0.5243561863899231,-0.07536842674016953,-0.3899168372154236,-0.6891235113143921,-0.08826673775911331,-0.17703142762184143,-0.5545574426651001,0.0035344758071005344,-0.18517589569091797,-0.7353190779685974,-0.06189871206879616,-0.17675098776817322,-0.5732807517051697,-0.09813355654478073,-0.16922388970851898,-0.42082446813583374,-0.1081831306219101,-0.07846440374851227,-0.5623531937599182,-0.0035537616349756718,-0.07834009826183319,-0.7178758382797241,-0.09095385670661926,-0.08240698277950287,-0.5010489225387573,-0.12378004193305969,-0.08709952980279922,-0.3212093710899353,-0.12237298488616943,0.012380358763039112,-0.5597428679466248,-0.021387668326497078,0.020313505083322525,-0.7153418064117432,-0.10126106441020966,0.0025229142047464848,-0.5220792889595032,-0.10191626846790314,-0.013088230974972248,-0.35570386052131653,-0.0749623104929924,0.09654983133077621,-0.541033923625946,-0.0417691133916378,0.12124686688184738,-0.7476630210876465,-0.0852905809879303,0.13447357714176178,-0.8777364492416382,-0.09076404571533203,0.14181137084960938,-1.0,-0.08095678687095642
Y,Y_session_002,122,0.0,0.0,0.0,-0.1624169945716858,-0.11933118104934692,-0.030726922675967216,-0.2909665107727051,-0.3296080231666565,-0.04541274532675743,-0.35318025946617126,-0.5291785001754761,-0.06730100512504578,-0.3902560770511627,-0.6892780661582947,-0.07913073152303696,-0.1765589714050293,-0.5515685081481934,0.005450842436403036,-0.18452775478363037,-0.7377420663833618,-0.05740680918097496,-0.17660504579544067,-0.5783116221427917,-0.09241364896297455,-0.1697910577058792,-0.4240994453430176,-0.10200932621955872,-0.07717201113700867,-0.5577899813652039,-0.003252888796851039,-0.07654283940792084,-0.7207345962524414,-0.0885799452662468,-0.08286368101835251,-0.5042968392372131,-0.12127233296632767,-0.08863586187362671,-0.32026422023773193,-0.12010584771633148,0.01489004585891962,-0.5546151995658875,-0.02178337424993515,0.02394385077059269,-0.7151633501052856,-0.0994333028793335,0.00403802702203393,-0.5166136026382446,-0.09907717257738113,-0.01244533620774746,-0.3436872661113739,-0.07194662094116211,0.0997539833188057,-0.534681499004364,-0.042498450726270676,0.12575775384902954,-0.7413147687911987,-0.08442524820566177,0.1378648281097412,-0.8748818039894104,-0.08896705508232117,0.14489774405956268,-1.0,-0.0789727047085762
Y,Y_session_002,123,0.0,0.0,0.0,-0.16454802453517914,-0.1157640814781189,-0.03420371934771538,-0.29578080773353577,-0.3253011703491211,-0.05067983642220497,-0.3593272566795349,-0.5264140963554382,-0.07396898418664932,-0.39476311206817627,-0.6897763013839722,-0.08692548424005508,-0.17771098017692566,-0.5507268905639648,0.002497101668268442,-0.18545331060886383,-0.736890435218811,-0.062481217086315155,-0.17718946933746338,-0.5759077668190002,-0.09841708838939667,-0.1699868142604828,-0.42220208048820496,-0.10847089439630508,-0.0769801214337349,-0.5586346387863159,-0.005022222176194191,-0.07588078826665878,-0.7201192378997803,-0.09340281784534454,-0.08228898048400879,-0.5009145736694336,-0.12691694498062134,-0.08929983526468277,-0.3169053792953491,-0.12580768764019012,0.01607203111052513,-0.5566277503967285,-0.0227969978004694,0.025422345846891403,-0.7183952927589417,-0.10358993709087372,0.005469391122460365,-0.517462432384491,-0.10364723950624466,-0.012540996074676514,-0.3441612124443054,-0.07604176551103592,0.10160756856203079,-0.5369725823402405,-0.04296570643782616,0.12748512625694275,-0.7428668737411499,-0.08703196793794632,0.14001725614070892,-0.874786376953125,-0.09227743744850159,0.14617422223091125,-1.0,-0.08238181471824646
Y,Y_session_002,124,0.0,0.0,0.0,-0.16467097401618958,-0.11765292286872864,-0.03072291612625122,-0.2955358326435089,-0.32914531230926514,-0.04589131847023964,-0.35909897089004517,-0.5277033448219299,-0.06850432604551315,-0.39403480291366577,-0.6901016235351562,-0.08115113526582718,-0.1750723421573639,-0.5559067130088806,0.005210686940699816,-0.18452955782413483,-0.7402108907699585,-0.05920197442173958,-0.17923510074615479,-0.5849347710609436,-0.09545839577913284,-0.17395059764385223,-0.4310818612575531,-0.1057332307100296,-0.0755058079957962,-0.5615375638008118,-0.0041181775741279125,-0.07542995363473892,-0.7189366221427917,-0.09165023267269135,-0.08432629704475403,-0.502088725566864,-0.12543942034244537,-0.09261421859264374,-0.31834718585014343,-0.12473054230213165,0.016936784610152245,-0.557216465473175,-0.023391595110297203,0.025700872763991356,-0.7170485258102417,-0.10263140499591827,0.0045294505544006824,-0.519526481628418,-0.10284552723169327,-0.013861269690096378,-0.34869274497032166,-0.07595285028219223,0.10219838470220566,-0.5356413722038269,-0.04486583545804024,0.12870673835277557,-0.7419943809509277,-0.08818696439266205,0.1410205066204071,-0.8744792342185974,-0.09325309842824936,0.14747962355613708,-1.0,-0.08342873305082321
Y,Y_session_002,125,0.0,0.0,0.0,-0.16323687136173248,-0.11898237466812134,-0.031618647277355194,-0.293325811624527,-0.3301619589328766,-0.04752686619758606,-0.3563860058784485,-0.5276047587394714,-0.07066415995359421,-0.3910450041294098,-0.6906272768974304,-0.08386534452438354,-0.17495682835578918,-0.5618149042129517,0.003958926070481539,-0.18231099843978882,-0.742679238319397,-0.06023295596241951,-0.17763333022594452,-0.5897074937820435,-0.09635155647993088,-0.17367425560951233,-0.43770667910575867,-0.10658488422632217,-0.07504041492938995,-0.5666260123252869,-0.004772131331264973,-0.0729929506778717,-0.7181669473648071,-0.0919191762804985,-0.08247046172618866,-0.5007519125938416,-0.12574346363544464,-0.09211140871047974,-0.3164803385734558,-0.12521366775035858,0.017622394487261772,-0.5620533227920532,-0.02341434732079506,0.02704520896077156,-0.7166058421134949,-0.1034727394580841,0.0052372245118021965,-0.5172708034515381,-0.10463406890630722,-0.014023498632013798,-0.34502270817756653,-0.07809856534004211,0.10287743806838989,-0.5397980809211731,-0.04414341226220131,0.12937213480472565,-0.7450246810913086,-0.08831042796373367,0.14355486631393433,-0.8763152360916138,-0.09395160526037216,0.15193994343280792,-1.0,-0.08424434065818787
Y,Y_session_002,126,0.0,0.0,0.0,-0.16091269254684448,-0.12553387880325317,-0.027412867173552513,-0.2878311574459076,-0.3418583273887634,-0.04103650525212288,-0.34778034687042236,-0.5375058054924011,-0.06244543567299843,-0.38349786400794983,-0.6964331269264221,-0.0746290311217308,-0.16630643606185913,-0.5643397569656372,0.004620831459760666,-0.17193232476711273,-0.7458153963088989,-0.0570128858089447,-0.17380280792713165,-0.5936170220375061,-0.09227129817008972,-0.17600765824317932,-0.4415833353996277,-0.10254751145839691,-0.06811514496803284,-0.5661755204200745,-0.005790535360574722,-0.06632261723279953,-0.7145863771438599,-0.08933603018522263,-0.07942457497119904,-0.501197338104248,-0.12292489409446716,-0.09139462560415268,-0.3213862180709839,-0.12339700758457184,0.0233229398727417,-0.5602168440818787,-0.025188200175762177,0.03194794803857803,-0.712226927280426,-0.1014624610543251,0.009062000550329685,-0.514365017414093,-0.1019466444849968,-0.011355290189385414,-0.3441013693809509,-0.07623200863599777,0.10827556252479553,-0.5382002592086792,-0.046456895768642426,0.1329907327890396,-0.7445754408836365,-0.08873756974935532,0.1488354206085205,-0.8760448694229126,-0.09331908077001572,0.15968884527683258,-1.0,-0.08335554599761963
Y,Y_session_002,127,0.0,0.0,0.0,-0.15926878154277802,-0.12369392067193985,-0.030193062499165535,-0.28683575987815857,-0.3413880169391632,-0.04578499495983124,-0.34776270389556885,-0.5376645922660828,-0.0688919648528099,-0.38337522745132446,-0.7008320689201355,-0.08256232738494873,-0.16548238694667816,-0.5591985583305359,-0.0002883601700887084,-0.17242370545864105,-0.7433003187179565,-0.06383825093507767,-0.17258304357528687,-0.5901991724967957,-0.09933997690677643,-0.17317332327365875,-0.43844926357269287,-0.10955537110567093,-0.06682845205068588,-0.5617325901985168,-0.010284331627190113,-0.06493964046239853,-0.7067713737487793,-0.09581727534532547,-0.07879581302404404,-0.494125634431839,-0.1295032501220703,-0.09157691150903702,-0.31643974781036377,-0.13012206554412842,0.025162989273667336,-0.5553520321846008,-0.029609331861138344,0.03480052202939987,-0.7050635814666748,-0.10843495279550552,0.009895137511193752,-0.5090115666389465,-0.10957660526037216,-0.012706248089671135,-0.34098729491233826,-0.08401553332805634,0.10971737653017044,-0.5341835618019104,-0.05090047046542168,0.13467703759670258,-0.7412335276603699,-0.09502071142196655,0.15214207768440247,-0.8745389580726624,-0.1005689799785614,0.16475115716457367,-1.0,-0.09121816605329514
Y,Y_session_002,128,0.0,0.0,0.0,-0.15835629403591156,-0.12774504721164703,-0.03142964467406273,-0.28285646438598633,-0.35083481669425964,-0.04753844067454338,-0.3432691991329193,-0.5471560955047607,-0.07124777883291245,-0.38042184710502625,-0.7089493274688721,-0.08525412529706955,-0.16373701393604279,-0.5716941356658936,-0.0007410771795548499,-0.16770225763320923,-0.7490455508232117,-0.06549747288227081,-0.16712769865989685,-0.5870481729507446,-0.10117881000041962,-0.1681458204984665,-0.43305402994155884,-0.11103849858045578,-0.06583182513713837,-0.5708536505699158,-0.01046005543321371,-0.06252504885196686,-0.711882472038269,-0.09754263609647751,-0.07465838640928268,-0.49287107586860657,-0.13148674368858337,-0.08707769215106964,-0.31453704833984375,-0.1315585821866989,0.02606968767940998,-0.5606120824813843,-0.029747307300567627,0.037061747163534164,-0.7081775069236755,-0.11026794463396072,0.013796419836580753,-0.5090439915657043,-0.11193463206291199,-0.008645649068057537,-0.3408809304237366,-0.08590324968099594,0.11078483611345291,-0.5360239148139954,-0.051070407032966614,0.13627997040748596,-0.7450417280197144,-0.09622562676668167,0.15553340315818787,-0.8762219548225403,-0.10204869508743286,0.16952337324619293,-1.0,-0.09231958538293839
Y,Y_session_002,129,0.0,0.0,0.0,-0.1586788147687912,-0.12560828030109406,-0.03624252602458,-0.2819874882698059,-0.34863924980163574,-0.05427262559533119,-0.3413141071796417,-0.5485019087791443,-0.07927792519330978,-0.38146042823791504,-0.7100491523742676,-0.09412479400634766,-0.16468289494514465,-0.5719398260116577,-0.0032229952048510313,-0.16991513967514038,-0.7441926598548889,-0.0700003057718277,-0.16249926388263702,-0.5760390162467957,-0.10644444078207016,-0.1588502824306488,-0.4223317801952362,-0.1166316568851471,-0.06579334288835526,-0.573220431804657,-0.011118643917143345,-0.06105374917387962,-0.7045712471008301,-0.1005052849650383,-0.07086282223463058,-0.4817850589752197,-0.13550828397274017,-0.08350463956594467,-0.3075581192970276,-0.13641397655010223,0.02699747495353222,-0.5642082095146179,-0.02927038073539734,0.039683032780885696,-0.7061190605163574,-0.11313415318727493,0.016129547730088234,-0.5037763714790344,-0.1156790480017662,-0.007712693884968758,-0.33738356828689575,-0.08972661197185516,0.11114295572042465,-0.5410869121551514,-0.04974691569805145,0.13798266649246216,-0.7485488653182983,-0.09652567654848099,0.15762758255004883,-0.8770782351493835,-0.10260769724845886,0.17124120891094208,-1.0,-0.09286262094974518
Y,Y_session_002,130,0.0,0.0,0.0,-0.15862421691417694,-0.12971048057079315,-0.03525436297059059,-0.2802245616912842,-0.35370558500289917,-0.053154923021793365,-0.33930835127830505,-0.5524513125419617,-0.07838770002126694,-0.37858694791793823,-0.7161900401115417,-0.09336183220148087,-0.16402718424797058,-0.5795636177062988,-0.00039042613934725523,-0.16679516434669495,-0.7473617196083069,-0.066407710313797,-0.15918566286563873,-0.5765431523323059,-0.10220417380332947,-0.15525203943252563,-0.42226114869117737,-0.11210102587938309,-0.0645608901977539,-0.5798187255859375,-0.00861289817839861,-0.05980091542005539,-0.7097845077514648,-0.09753353148698807,-0.06877533346414566,-0.4840470850467682,-0.13235072791576385,-0.08013835549354553,-0.3085581064224243,-0.13308246433734894,0.02884417399764061,-0.5695642232894897,-0.027133913710713387,0.04107694700360298,-0.7092006206512451,-0.11119426786899567,0.017984818667173386,-0.5051286816596985,-0.1140453964471817,-0.0057668727822601795,-0.33782482147216797,-0.08809821307659149,0.11378981918096542,-0.5451282858848572,-0.04784855246543884,0.1404608190059662,-0.7528085112571716,-0.09527765214443207,0.16200073063373566,-0.8791821599006653,-0.10181093961000443,0.1770518571138382,-1.0,-0.09219000488519669
Y,Y_session_002,131,0.0,0.0,0.0,-0.15950188040733337,-0.12511472404003143,-0.03900030255317688,-0.2832290232181549,-0.34616944193840027,-0.0594429112970829,-0.3436613976955414,-0.547755241394043,-0.08674172312021255,-0.3844643235206604,-0.7134407162666321,-0.10360927134752274,-0.1679135113954544,-0.5760844945907593,-0.004996666219085455,-0.1699339896440506,-0.7427873611450195,-0.07449792325496674,-0.16160082817077637,-0.5686884522438049,-0.11226239800453186,-0.157441183924675,-0.4124458134174347,-0.12307123839855194,-0.06692860275506973,-0.5772665143013,-0.012425319291651249,-0.06120198965072632,-0.7068589925765991,-0.10526830703020096,-0.07084028422832489,-0.4764891266822815,-0.14148059487342834,-0.0829952135682106,-0.29913538694381714,-0.14263223111629486,0.02763986401259899,-0.5678491592407227,-0.030576955527067184,0.040776338428258896,-0.7089287042617798,-0.1187935397028923,0.016426915302872658,-0.500048041343689,-0.12198712676763535,-0.008347664959728718,-0.33025869727134705,-0.09534801542758942,0.11271709948778152,-0.5430195927619934,-0.05113229900598526,0.13989421725273132,-0.7510849237442017,-0.1011948361992836,0.1621798723936081,-0.8776602149009705,-0.1082414835691452,0.1783260554075241,-1.0,-0.09853774309158325
Y,Y_session_002,132,0.0,0.0,0.0,-0.156889408826828,-0.12598244845867157,-0.03897487744688988,-0.2797449827194214,-0.348846971988678,-0.05912996828556061,-0.3398153781890869,-0.5505536198616028,-0.08574668318033218,-0.3821265995502472,-0.7143529057502747,-0.10185954719781876,-0.17079205811023712,-0.5800891518592834,-0.005277846474200487,-0.1721721738576889,-0.7463485598564148,-0.0736738070845604,-0.1612161099910736,-0.5755378007888794,-0.11046821624040604,-0.1555812805891037,-0.42165327072143555,-0.12079202383756638,-0.07033292204141617,-0.5833604335784912,-0.012211160734295845,-0.06302721798419952,-0.7098987698554993,-0.10357670485973358,-0.07092750817537308,-0.48070240020751953,-0.13876503705978394,-0.08235983550548553,-0.30497318506240845,-0.1394256353378296,0.02375653199851513,-0.5742146968841553,-0.029830066487193108,0.03765178844332695,-0.711045503616333,-0.11707281321287155,0.013767162337899208,-0.5040285587310791,-0.1205918937921524,-0.010917779058218002,-0.3357490003108978,-0.09440398216247559,0.10845902562141418,-0.5488827228546143,-0.0497552827000618,0.1351199597120285,-0.7565630078315735,-0.09946262836456299,0.15789306163787842,-0.8810531497001648,-0.10669460147619247,0.17427125573158264,-1.0,-0.09711764752864838
Y,Y_session_002,133,0.0,0.0,0.0,-0.1583779901266098,-0.1241607517004013,-0.03752557188272476,-0.2814856469631195,-0.348600298166275,-0.05664629489183426,-0.3405151963233948,-0.5509698390960693,-0.08277858793735504,-0.3819032609462738,-0.7167491912841797,-0.09841828048229218,-0.17804300785064697,-0.5850569605827332,-0.002088903682306409,-0.1787981390953064,-0.7481480836868286,-0.06964899599552155,-0.1644330620765686,-0.5747101306915283,-0.10608196258544922,-0.15664611756801605,-0.4200669825077057,-0.11639539152383804,-0.07781928777694702,-0.590366005897522,-0.009830119088292122,-0.06970900297164917,-0.7159853577613831,-0.1004728302359581,-0.0729224905371666,-0.48286300897598267,-0.13566453754901886,-0.08225545287132263,-0.3064868152141571,-0.1361749917268753,0.017614999786019325,-0.5810714364051819,-0.02819771133363247,0.03191501647233963,-0.716418445110321,-0.1148979440331459,0.01284876186400652,-0.5061039328575134,-0.11820903420448303,-0.009811364114284515,-0.3369210958480835,-0.09191136062145233,0.10405159741640091,-0.5542460083961487,-0.048808880150318146,0.12678936123847961,-0.7605433464050293,-0.09863545000553131,0.15051059424877167,-0.8828999996185303,-0.10554248839616776,0.1685497909784317,-1.0,-0.09556782245635986
Y,Y_session_002,134,0.0,0.0,0.0,-0.156341090798378,-0.12017194926738739,-0.04161567613482475,-0.27927905321121216,-0.34561899304389954,-0.062254562973976135,-0.33674323558807373,-0.5509162545204163,-0.08878377079963684,-0.3745463192462921,-0.7214314937591553,-0.10431898385286331,-0.18294884264469147,-0.5914021730422974,-0.004742077086120844,-0.18028035759925842,-0.7432325482368469,-0.07354491949081421,-0.15994206070899963,-0.5655619502067566,-0.11094358563423157,-0.14913462102413177,-0.4122427999973297,-0.12176337838172913,-0.08142099529504776,-0.5970457792282104,-0.010697887279093266,-0.07048114389181137,-0.7166441082954407,-0.10110432654619217,-0.06949406117200851,-0.4811680018901825,-0.1357792168855667,-0.07731684297323227,-0.3052765727043152,-0.135953888297081,0.014508528634905815,-0.586329996585846,-0.027841314673423767,0.030959589406847954,-0.7149644494056702,-0.11558973789215088,0.014208611100912094,-0.5039908289909363,-0.11965517699718475,-0.008008718490600586,-0.3360222578048706,-0.09350159019231796,0.10095769912004471,-0.5570933818817139,-0.047405730932950974,0.12178140878677368,-0.7628371119499207,-0.09776128828525543,0.14528249204158783,-0.8844650983810425,-0.10481598228216171,0.16325633227825165,-1.0,-0.09464003890752792
Y,Y_session_002,135,0.0,0.0,0.0,-0.1574612557888031,-0.11854441463947296,-0.041036009788513184,-0.28081876039505005,-0.34430259466171265,-0.06061980128288269,-0.33438897132873535,-0.5529742240905762,-0.08595390617847443,-0.3642854392528534,-0.7273151278495789,-0.10002677887678146,-0.18491168320178986,-0.5884497165679932,-0.004124182276427746,-0.18428781628608704,-0.7440885901451111,-0.07175669074058533,-0.16569261252880096,-0.5667273998260498,-0.10798991471529007,-0.1552334725856781,-0.41254469752311707,-0.11823641508817673,-0.08274099230766296,-0.5959085822105408,-0.009791777469217777,-0.0750986710190773,-0.7165064811706543,-0.09917423874139786,-0.07384943217039108,-0.4828859865665436,-0.13306209444999695,-0.0807967334985733,-0.30911150574684143,-0.13291536271572113,0.013681583106517792,-0.5865017771720886,-0.026568308472633362,0.026912299916148186,-0.7165019512176514,-0.11343879252672195,0.011268837377429008,-0.505402147769928,-0.11631818115711212,-0.009885338135063648,-0.33694663643836975,-0.08971861004829407,0.10047449916601181,-0.5577864646911621,-0.04575156792998314,0.12061987817287445,-0.76272052526474,-0.09584648907184601,0.14300306141376495,-0.8840998411178589,-0.10244650393724442,0.15940137207508087,-1.0,-0.09209296852350235
Y,Y_session_002,136,0.0,0.0,0.0,-0.1572764813899994,-0.1170809268951416,-0.043058887124061584,-0.27938395738601685,-0.3441481590270996,-0.06331038475036621,-0.3280666470527649,-0.5578425526618958,-0.08846583962440491,-0.3536932170391083,-0.7350836992263794,-0.10209447145462036,-0.186935693025589,-0.5913352370262146,-0.006460992619395256,-0.18405385315418243,-0.7416236400604248,-0.0734209194779396,-0.16364845633506775,-0.5615255832672119,-0.10868553072214127,-0.1528419405221939,-0.4080740809440613,-0.11834125965833664,-0.08365771919488907,-0.599578857421875,-0.011109620332717896,-0.07522200793027878,-0.7157557606697083,-0.09960396587848663,-0.07347184419631958,-0.4823642671108246,-0.1333109438419342,-0.08117754757404327,-0.3103139400482178,-0.13320937752723694,0.013250447809696198,-0.5905090570449829,-0.02683236636221409,0.026343349367380142,-0.7145652770996094,-0.11372638493776321,0.010902649722993374,-0.5028213262557983,-0.11720389872789383,-0.01089787483215332,-0.3358038067817688,-0.09099875390529633,0.10011813789606094,-0.5615184307098389,-0.04492597654461861,0.1198677271604538,-0.76503586769104,-0.0945197343826294,0.14180691540241241,-0.8849202990531921,-0.10068830102682114,0.15699394047260284,-1.0,-0.09007744491100311
Y,Y_session_002,137,0.0,0.0,0.0,-0.15579882264137268,-0.11612096428871155,-0.04466213285923004,-0.2739730775356293,-0.3405904769897461,-0.06564384698867798,-0.317395955324173,-0.5542914271354675,-0.09095082432031631,-0.34133049845695496,-0.7351378798484802,-0.10469639301300049,-0.18175433576107025,-0.5867018103599548,-0.009378639981150627,-0.18195930123329163,-0.7381355166435242,-0.07458589971065521,-0.16165265440940857,-0.5615136027336121,-0.1086110919713974,-0.1493266373872757,-0.40744340419769287,-0.11822904646396637,-0.07877098023891449,-0.5951821208000183,-0.013249138370156288,-0.07287789136171341,-0.712376058101654,-0.10042055696249008,-0.07155010104179382,-0.4815005362033844,-0.13364149630069733,-0.078026182949543,-0.3095671236515045,-0.13422217965126038,0.01742788404226303,-0.5854616165161133,-0.028199385851621628,0.029242033138871193,-0.7172139883041382,-0.11348466575145721,0.01239476166665554,-0.5119061470031738,-0.11702512204647064,-0.008431551977992058,-0.344784677028656,-0.09211943298578262,0.1030755341053009,-0.5568205714225769,-0.04577823355793953,0.12369146943092346,-0.7619770169258118,-0.09652293473482132,0.14483943581581116,-0.8843935132026672,-0.10476550459861755,0.15963949263095856,-1.0,-0.09618660062551498
Y,Y_session_002,138,0.0,0.0,0.0,-0.15297947824001312,-0.11225644499063492,-0.04796822369098663,-0.2711237072944641,-0.33609020709991455,-0.07046794891357422,-0.31586164236068726,-0.5505433082580566,-0.09645632654428482,-0.33723610639572144,-0.7343873381614685,-0.11014360934495926,-0.1824600100517273,-0.5800271034240723,-0.015005873516201973,-0.18158867955207825,-0.7370012998580933,-0.07956191152334213,-0.16189274191856384,-0.5587142109870911,-0.11051624268293381,-0.1497219204902649,-0.4028184413909912,-0.11812382191419601,-0.07981089502573013,-0.5922696590423584,-0.017633678391575813,-0.0726626068353653,-0.7100337743759155,-0.10481943935155869,-0.07238263636827469,-0.4763965904712677,-0.13657228648662567,-0.080267034471035,-0.3063656985759735,-0.1362859606742859,0.016580753028392792,-0.5835288763046265,-0.031471140682697296,0.029070112854242325,-0.7126016020774841,-0.11792042851448059,0.01119916420429945,-0.5058073401451111,-0.12182743102312088,-0.011239035986363888,-0.3395254611968994,-0.09712614119052887,0.10265886783599854,-0.5556180477142334,-0.048023682087659836,0.12344694137573242,-0.7624396681785583,-0.10026385635137558,0.1445498764514923,-0.8855206966400146,-0.10972727090120316,0.1590481996536255,-1.0,-0.10211138427257538
Y,Y_session_002,139,0.0,0.0,0.0,-0.15279154479503632,-0.1141788512468338,-0.04790056124329567,-0.2697269022464752,-0.3412746489048004,-0.07030966877937317,-0.3137671649456024,-0.5551032423973083,-0.09624269604682922,-0.33385080099105835,-0.7387576699256897,-0.1098044291138649,-0.1788281351327896,-0.5857540965080261,-0.013719072565436363,-0.17922326922416687,-0.7393394112586975,-0.0788092315196991,-0.15960822999477386,-0.5589205622673035,-0.11052937805652618,-0.1473061442375183,-0.39973244071006775,-0.1185394823551178,-0.07623311132192612,-0.5964167714118958,-0.016201041638851166,-0.07084208726882935,-0.7115557193756104,-0.10415993630886078,-0.07001987099647522,-0.47854310274124146,-0.13661397993564606,-0.07674305140972137,-0.3064975142478943,-0.13657298684120178,0.020254792645573616,-0.5856539011001587,-0.02995418757200241,0.031469594687223434,-0.714936375617981,-0.11628500372171402,0.013707534410059452,-0.5078809261322021,-0.11961765587329865,-0.008253442123532295,-0.3396284878253937,-0.09450498968362808,0.10596411675214767,-0.5557604432106018,-0.046529628336429596,0.12666535377502441,-0.7611525058746338,-0.09885513782501221,0.14813357591629028,-0.8845428228378296,-0.10814985632896423,0.16282053291797638,-1.0,-0.100308857858181
Y,Y_session_002,140,0.0,0.0,0.0,-0.1528918594121933,-0.1132485494017601,-0.047612179070711136,-0.27103522419929504,-0.33872976899147034,-0.06957320868968964,-0.3161303699016571,-0.5536952614784241,-0.09526611864566803,-0.3361358642578125,-0.7376766204833984,-0.10862746834754944,-0.18018601834774017,-0.5831238031387329,-0.013060811907052994,-0.18127940595149994,-0.7406293749809265,-0.07857540249824524,-0.16112512350082397,-0.5616562962532043,-0.1107398122549057,-0.1487361341714859,-0.4026815891265869,-0.11874332278966904,-0.07783373445272446,-0.5937148928642273,-0.01584639586508274,-0.07236286252737045,-0.7108079791069031,-0.10374334454536438,-0.07121402770280838,-0.47856977581977844,-0.13629348576068878,-0.0785321295261383,-0.30767035484313965,-0.1361357867717743,0.01822498068213463,-0.5829336643218994,-0.030007699504494667,0.029269805178046227,-0.7107083797454834,-0.11616314947605133,0.01129776332527399,-0.5051895380020142,-0.11990609765052795,-0.011040061712265015,-0.33946651220321655,-0.09492003917694092,0.10368605703115463,-0.5535104870796204,-0.04698248952627182,0.12586037814617157,-0.7596350312232971,-0.09852515161037445,0.14685945212841034,-0.8838602304458618,-0.10756253451108932,0.1607002466917038,-1.0,-0.099549800157547
Y,Y_session_002,141,0.0,0.0,0.0,-0.15399523079395294,-0.11549875885248184,-0.047644440084695816,-0.2717162072658539,-0.33678239583969116,-0.07034850120544434,-0.3174994885921478,-0.5505761504173279,-0.09690409898757935,-0.33879828453063965,-0.7339934706687927,-0.11123846471309662,-0.178461953997612,-0.5811697840690613,-0.012248296290636063,-0.1788644790649414,-0.7394245862960815,-0.07751304656267166,-0.1597905158996582,-0.5598077178001404,-0.11016343533992767,-0.1484663486480713,-0.40376585721969604,-0.11893706023693085,-0.07668797671794891,-0.5920416116714478,-0.01509676594287157,-0.07072557508945465,-0.7092676758766174,-0.10324593633413315,-0.07103358954191208,-0.4780920147895813,-0.13695266842842102,-0.07916943728923798,-0.3083834648132324,-0.1378834843635559,0.018696369603276253,-0.5834596753120422,-0.029263263568282127,0.03072912059724331,-0.7120003700256348,-0.11578341573476791,0.011872132308781147,-0.5072899460792542,-0.1204799935221672,-0.01137098390609026,-0.34193435311317444,-0.0962553322315216,0.10360516607761383,-0.5564249753952026,-0.046204470098018646,0.12604215741157532,-0.7616525888442993,-0.09785239398479462,0.1476658582687378,-0.8848167657852173,-0.10724971443414688,0.16157877445220947,-1.0,-0.09961197525262833
Y,Y_session_002,142,0.0,0.0,0.0,-0.15610171854496002,-0.11632607877254486,-0.04591960087418556,-0.2735496461391449,-0.3397320508956909,-0.06734622269868851,-0.31892433762550354,-0.5542994737625122,-0.09332414716482162,-0.3417784571647644,-0.737791895866394,-0.10749080032110214,-0.17821753025054932,-0.5810692310333252,-0.007438387256115675,-0.18005472421646118,-0.738158106803894,-0.07250436395406723,-0.16164512932300568,-0.5602699518203735,-0.10642104595899582,-0.15070991218090057,-0.40580445528030396,-0.11592864990234375,-0.07684540748596191,-0.5921068787574768,-0.011088691651821136,-0.07155431061983109,-0.7099084854125977,-0.09896964579820633,-0.07257934659719467,-0.4803585410118103,-0.13394960761070251,-0.08083122223615646,-0.307819128036499,-0.135539710521698,0.01838577538728714,-0.5857205986976624,-0.02610265463590622,0.02896364964544773,-0.7152987718582153,-0.11218206584453583,0.009478547610342503,-0.5106584429740906,-0.11789332330226898,-0.013413035310804844,-0.3424801528453827,-0.09414883702993393,0.1031731441617012,-0.561766505241394,-0.04382771998643875,0.12492512166500092,-0.7664012312889099,-0.0945054292678833,0.1471347063779831,-0.8882112503051758,-0.10363928973674774,0.16231931746006012,-1.0,-0.09574522078037262
Y,Y_session_002,143,0.0,0.0,0.0,-0.15642865002155304,-0.11862392723560333,-0.04615252837538719,-0.2713721692562103,-0.3425649404525757,-0.06779852509498596,-0.3151630163192749,-0.5576097369194031,-0.09355928003787994,-0.3405546247959137,-0.7406988739967346,-0.10732060670852661,-0.17680113017559052,-0.5789283514022827,-0.010492040775716305,-0.17927205562591553,-0.7382658123970032,-0.07545776665210724,-0.1608988493680954,-0.5604735016822815,-0.10788865387439728,-0.14954774081707,-0.40555471181869507,-0.11635063588619232,-0.07519929856061935,-0.5883932709693909,-0.014054234139621258,-0.07102687656879425,-0.708915114402771,-0.10213978588581085,-0.07245096564292908,-0.4804016649723053,-0.1361554116010666,-0.07974874973297119,-0.30993983149528503,-0.13725557923316956,0.019848182797431946,-0.5810837745666504,-0.0287968460470438,0.030104581266641617,-0.7139760255813599,-0.11431017518043518,0.009816786274313927,-0.5104467272758484,-0.11867012083530426,-0.013126441277563572,-0.3442980647087097,-0.09444764256477356,0.10444089770317078,-0.5558961629867554,-0.046385060995817184,0.12541864812374115,-0.7606373429298401,-0.09716073423624039,0.14633987843990326,-0.8844818472862244,-0.10635766386985779,0.16067731380462646,-1.0,-0.09873723238706589
Y,Y_session_002,144,0.0,0.0,0.0,-0.1543591320514679,-0.11731524020433426,-0.04751765355467796,-0.26824918389320374,-0.3396451771259308,-0.0698447972536087,-0.3116452395915985,-0.5535395741462708,-0.09580901265144348,-0.3369107246398926,-0.7364432215690613,-0.10969489067792892,-0.17452414333820343,-0.5748195648193359,-0.014751496724784374,-0.17750133574008942,-0.7360400557518005,-0.07873421162366867,-0.15898317098617554,-0.5583987832069397,-0.10974901914596558,-0.14773015677928925,-0.401921808719635,-0.11750039458274841,-0.07350914925336838,-0.584663987159729,-0.017694253474473953,-0.06867922097444534,-0.7065049409866333,-0.10519642382860184,-0.07012578845024109,-0.4782561659812927,-0.13810352981090546,-0.07812586426734924,-0.3073885440826416,-0.13876263797283173,0.021556170657277107,-0.5768980383872986,-0.03162327781319618,0.03181728720664978,-0.7114316821098328,-0.11604806780815125,0.012507063336670399,-0.5097694993019104,-0.11922407895326614,-0.009536541067063808,-0.343447208404541,-0.09479926526546478,0.1065826416015625,-0.5519065260887146,-0.04855900630354881,0.12868036329746246,-0.7585814595222473,-0.09891956299543381,0.14885981380939484,-0.8840892910957336,-0.1077410876750946,0.16164368391036987,-1.0,-0.10026799142360687
Y,Y_session_002,145,0.0,0.0,0.0,-0.1562197506427765,-0.12049130350351334,-0.0471518449485302,-0.27008581161499023,-0.34527111053466797,-0.06904450803995132,-0.3131420910358429,-0.561556875705719,-0.0944899246096611,-0.3388111889362335,-0.7437909245491028,-0.1075303927063942,-0.17686930298805237,-0.5774545669555664,-0.015145481564104557,-0.178490549325943,-0.7417047619819641,-0.0791587084531784,-0.15996067225933075,-0.5599993467330933,-0.10922271013259888,-0.14873161911964417,-0.40190061926841736,-0.11621689796447754,-0.07455852627754211,-0.5870278477668762,-0.018123535439372063,-0.06968137621879578,-0.7125112414360046,-0.10519114136695862,-0.07120800018310547,-0.48369166254997253,-0.1370774358510971,-0.07916949689388275,-0.3137800991535187,-0.13714328408241272,0.02093258686363697,-0.5784337520599365,-0.0320778526365757,0.03185615316033363,-0.713250994682312,-0.1164797767996788,0.011769192293286324,-0.5105122923851013,-0.11929862946271896,-0.011622061021625996,-0.34481891989707947,-0.09461790323257446,0.10609167814254761,-0.5522923469543457,-0.048987794667482376,0.12857508659362793,-0.7590446472167969,-0.09947172552347183,0.14870525896549225,-0.884117066860199,-0.10839306563138962,0.16095711290836334,-1.0,-0.10096509009599686
Y,Y_session_002,146,0.0,0.0,0.0,-0.15580454468727112,-0.1194547489285469,-0.04549509659409523,-0.2708224952220917,-0.3481621742248535,-0.06540890783071518,-0.31386828422546387,-0.5660707354545593,-0.08939141780138016,-0.3386048376560211,-0.7463340163230896,-0.10100038349628448,-0.17916564643383026,-0.579763650894165,-0.01065187156200409,-0.17922034859657288,-0.7452478408813477,-0.07296678423881531,-0.16085465252399445,-0.5660774111747742,-0.10199754685163498,-0.15029078722000122,-0.40811511874198914,-0.10840289294719696,-0.07661739736795425,-0.5911337733268738,-0.014062494970858097,-0.07038158178329468,-0.7152083516120911,-0.10039693117141724,-0.07091112434864044,-0.4853499233722687,-0.13244427740573883,-0.07990618795156479,-0.31350499391555786,-0.13225409388542175,0.01869625225663185,-0.5849500298500061,-0.028495406731963158,0.03013981692492962,-0.7174921035766602,-0.11271852999925613,0.011698535643517971,-0.5125215649604797,-0.1166771873831749,-0.01229720190167427,-0.3444015383720398,-0.09241586923599243,0.10302632302045822,-0.5608806610107422,-0.04573071002960205,0.12518922984600067,-0.7647119760513306,-0.09601905196905136,0.14649420976638794,-0.8869929909706116,-0.10556978732347488,0.15940126776695251,-1.0,-0.0984521433711052
Y,Y_session_002,147,0.0,0.0,0.0,-0.1548641473054886,-0.11923261731863022,-0.04682690650224686,-0.27034127712249756,-0.344164103269577,-0.06768915802240372,-0.314984530210495,-0.5610867142677307,-0.09248215705156326,-0.3380001485347748,-0.7428896427154541,-0.10487492382526398,-0.1796174794435501,-0.5765706300735474,-0.010251876898109913,-0.17922550439834595,-0.7405875325202942,-0.07365695387125015,-0.15948323905467987,-0.5617709755897522,-0.10380364209413528,-0.14861580729484558,-0.40453389286994934,-0.11077650636434555,-0.07682086527347565,-0.5884336233139038,-0.013057282194495201,-0.07074537873268127,-0.7126428484916687,-0.1001269742846489,-0.07003720104694366,-0.4840017259120941,-0.13285768032073975,-0.07888427376747131,-0.31292930245399475,-0.13298317790031433,0.01867203786969185,-0.5826906561851501,-0.02719106897711754,0.029462406411767006,-0.7143170833587646,-0.11210580915212631,0.01187071856111288,-0.5130192041397095,-0.11677467823028564,-0.011738123372197151,-0.3475241959095001,-0.0927179604768753,0.10290058702230453,-0.5591705441474915,-0.044164709746837616,0.12517249584197998,-0.7639251351356506,-0.09434594213962555,0.1460629254579544,-0.8867247104644775,-0.10388688743114471,0.15783634781837463,-1.0,-0.09665635228157043
Y,Y_session_002,148,0.0,0.0,0.0,-0.15484794974327087,-0.11684859544038773,-0.04572585970163345,-0.2697294056415558,-0.34195640683174133,-0.06622231006622314,-0.31323540210723877,-0.5585664510726929,-0.09083312749862671,-0.33765116333961487,-0.7395403385162354,-0.10324433445930481,-0.17938479781150818,-0.5783307552337646,-0.009374609217047691,-0.17831972241401672,-0.741062343120575,-0.07251577824354172,-0.16059865057468414,-0.5613662004470825,-0.10331987589597702,-0.15012449026107788,-0.40555381774902344,-0.11092676222324371,-0.07740312069654465,-0.5882396101951599,-0.012521062046289444,-0.07096990197896957,-0.7123551368713379,-0.09875401109457016,-0.07159866392612457,-0.4838639497756958,-0.13147476315498352,-0.07987947016954422,-0.31460753083229065,-0.13188797235488892,0.01785440184175968,-0.5815380215644836,-0.026771539822220802,0.029528895393013954,-0.7176318764686584,-0.11103805899620056,0.011100780218839645,-0.5148699283599854,-0.11510533094406128,-0.011956405825912952,-0.3492901921272278,-0.09085772931575775,0.10231692343950272,-0.5572360157966614,-0.04377492144703865,0.12494812160730362,-0.7622321844100952,-0.0936136469244957,0.1453683227300644,-0.8854965567588806,-0.10271352529525757,0.1579483300447464,-1.0,-0.09516257792711258
Y,Y_session_002,149,0.0,0.0,0.0,-0.1552771031856537,-0.11746109277009964,-0.047234077006578445,-0.2710290551185608,-0.342090368270874,-0.0690840408205986,-0.31511494517326355,-0.5582315921783447,-0.09467872977256775,-0.3396032452583313,-0.7390499711036682,-0.1078934594988823,-0.18051138520240784,-0.5763566493988037,-0.014587432146072388,-0.18062935769557953,-0.7413262724876404,-0.07930663228034973,-0.16039115190505981,-0.5604395866394043,-0.11002504080533981,-0.14867426455020905,-0.4027334749698639,-0.11737162619829178,-0.07783439755439758,-0.5870926380157471,-0.017731256783008575,-0.07109200209379196,-0.7108113169670105,-0.10614202171564102,-0.07053438574075699,-0.47942930459976196,-0.13878396153450012,-0.07916567474603653,-0.30889907479286194,-0.13892793655395508,0.018018538132309914,-0.579311728477478,-0.03195662423968315,0.02953362837433815,-0.712433397769928,-0.11785624176263809,0.011359536089003086,-0.5072207450866699,-0.12136252224445343,-0.012471098452806473,-0.34043610095977783,-0.09663059562444687,0.10268715023994446,-0.5534725189208984,-0.04905232787132263,0.12509986758232117,-0.759289026260376,-0.10038524121046066,0.14524129033088684,-0.8843066096305847,-0.1096644476056099,0.1569739282131195,-1.0,-0.10218199342489243
Y,Y_session_002,150,0.0,0.0,0.0,-0.15472747385501862,-0.11745895445346832,-0.04635802283883095,-0.2726795971393585,-0.3441765308380127,-0.06705927103757858,-0.319143682718277,-0.5570859313011169,-0.09162440896034241,-0.34366151690483093,-0.734447717666626,-0.1036716103553772,-0.18113704025745392,-0.5797247886657715,-0.010558860376477242,-0.18084216117858887,-0.7409926652908325,-0.07326196879148483,-0.1632779836654663,-0.5599489212036133,-0.10328865051269531,-0.1527303159236908,-0.4032651484012604,-0.11061666905879974,-0.07785670459270477,-0.5900961756706238,-0.013714224100112915,-0.07276584953069687,-0.7106842398643494,-0.10052528232336044,-0.07367055863142014,-0.48117369413375854,-0.13331010937690735,-0.08181321620941162,-0.311603307723999,-0.13367360830307007,0.018078749999403954,-0.5823618173599243,-0.02797986939549446,0.02861388772726059,-0.7134107351303101,-0.11245253682136536,0.009330793283879757,-0.5092366933822632,-0.11616025865077972,-0.014489701017737389,-0.341887503862381,-0.09172624349594116,0.1028517335653305,-0.5569846630096436,-0.04509434849023819,0.12413112074136734,-0.7616140246391296,-0.09547259658575058,0.14428500831127167,-0.8856278657913208,-0.10457705706357956,0.15677669644355774,-1.0,-0.09703727811574936
Y,Y_session_002,151,0.0,0.0,0.0,-0.1553792804479599,-0.1161322295665741,-0.04583180323243141,-0.27306708693504333,-0.34037768840789795,-0.06696533411741257,-0.319242000579834,-0.5507566332817078,-0.09234209358692169,-0.34509995579719543,-0.7271588444709778,-0.10553319752216339,-0.18069717288017273,-0.5824573636054993,-0.009526138193905354,-0.18060147762298584,-0.7403239607810974,-0.07386848330497742,-0.16310296952724457,-0.5589063167572021,-0.10599429160356522,-0.15228885412216187,-0.4023289978504181,-0.11445598304271698,-0.07758119702339172,-0.5922805666923523,-0.013242506422102451,-0.07277058064937592,-0.7097514867782593,-0.10128078609704971,-0.07399608194828033,-0.47930964827537537,-0.13496918976306915,-0.08175066113471985,-0.308702677488327,-0.13565318286418915,0.01797635294497013,-0.5835141539573669,-0.02824193798005581,0.028384773060679436,-0.7129274606704712,-0.11413625627756119,0.00859944336116314,-0.507965087890625,-0.1187349408864975,-0.014810536056756973,-0.3410061001777649,-0.09438636898994446,0.10206027328968048,-0.5574873089790344,-0.04600305110216141,0.12449728697538376,-0.7620042562484741,-0.09703216701745987,0.14451009035110474,-0.8857046365737915,-0.10643073916435242,0.1569981575012207,-1.0,-0.09882820397615433
Y,Y_session_002,152,0.0,0.0,0.0,-0.15438944101333618,-0.11311597377061844,-0.04497592896223068,-0.2733995318412781,-0.33478042483329773,-0.06581911444664001,-0.3222252428531647,-0.5415375828742981,-0.09105972200632095,-0.3519887924194336,-0.7165784239768982,-0.1042700707912445,-0.18406689167022705,-0.5769780874252319,-0.009365735575556755,-0.1839401125907898,-0.7395362257957458,-0.07304493337869644,-0.1655644178390503,-0.5631266236305237,-0.10452333092689514,-0.1549607217311859,-0.40658441185951233,-0.1121421828866005,-0.08134021610021591,-0.5877360701560974,-0.013149936683475971,-0.07520328462123871,-0.7101607918739319,-0.10047227889299393,-0.07509157061576843,-0.48278194665908813,-0.13380266726016998,-0.08414649218320847,-0.31007644534111023,-0.1338319033384323,0.014134518802165985,-0.5811869502067566,-0.027985021471977234,0.025212198495864868,-0.7119887471199036,-0.11301524937152863,0.007885660044848919,-0.5093616843223572,-0.11810719221830368,-0.015049138106405735,-0.3423304855823517,-0.09380751848220825,0.09847474098205566,-0.5584080219268799,-0.04543185234069824,0.11858991533517838,-0.7637175917625427,-0.09528780728578568,0.13902710378170013,-0.8869894742965698,-0.104387566447258,0.15192368626594543,-1.0,-0.09647385776042938
Y,Y_session_002,153,0.0,0.0,0.0,-0.1572619378566742,-0.1158994510769844,-0.041945166885852814,-0.27869221568107605,-0.3327721357345581,-0.062054283916950226,-0.3314419984817505,-0.534852147102356,-0.08761121332645416,-0.36266112327575684,-0.7077836990356445,-0.10146617144346237,-0.18844647705554962,-0.5718803405761719,-0.0036595691926777363,-0.1909104585647583,-0.737446665763855,-0.06772111356258392,-0.170354425907135,-0.5660321116447449,-0.1010008305311203,-0.15720732510089874,-0.40851518511772156,-0.10945054143667221,-0.0853094831109047,-0.5856574773788452,-0.008713895455002785,-0.0822635367512703,-0.7120330929756165,-0.09519536793231964,-0.07818183302879333,-0.48805737495422363,-0.12864813208580017,-0.08297841250896454,-0.3115873634815216,-0.12860924005508423,0.01015749666839838,-0.5823857188224792,-0.02495317906141281,0.01811184547841549,-0.7151166796684265,-0.1089390441775322,0.005201447755098343,-0.5142941474914551,-0.11398403346538544,-0.013097492977976799,-0.34462955594062805,-0.08949510753154755,0.094071164727211,-0.5627372860908508,-0.04373294487595558,0.11275625973939896,-0.7679433226585388,-0.09215415269136429,0.1320996731519699,-0.8904550075531006,-0.10055994987487793,0.14440330862998962,-1.0,-0.09216955304145813
Y,Y_session_002,154,0.0,0.0,0.0,-0.15982277691364288,-0.1090615838766098,-0.038529593497514725,-0.28589683771133423,-0.32195723056793213,-0.056973181664943695,-0.33971911668777466,-0.5260190963745117,-0.0811883732676506,-0.3734634220600128,-0.6974772810935974,-0.0943148210644722,-0.19606028497219086,-0.5679587721824646,-0.0025788494385778904,-0.19668079912662506,-0.7320733666419983,-0.06567348539829254,-0.178658589720726,-0.5590924620628357,-0.09961817413568497,-0.1663990020751953,-0.4022626280784607,-0.10898999869823456,-0.09400368481874466,-0.581822395324707,-0.008873393759131432,-0.09109047055244446,-0.7141535878181458,-0.09324130415916443,-0.0849829614162445,-0.4882282316684723,-0.1256868541240692,-0.08504040539264679,-0.3112405240535736,-0.12539543211460114,0.0012578468304127455,-0.5794250965118408,-0.025901727378368378,0.0105583555996418,-0.7134942412376404,-0.10760527104139328,-0.001353075378574431,-0.5097730755805969,-0.11146924644708633,-0.01688362844288349,-0.33835336565971375,-0.08674945682287216,0.08629278838634491,-0.5604127645492554,-0.04530826956033707,0.10206469148397446,-0.7662742137908936,-0.09248990565538406,0.11964571475982666,-0.8892201781272888,-0.10009074211120605,0.13233666121959686,-1.0,-0.09142626821994781
Y,Y_session_002,155,0.0,0.0,0.0,-0.16122111678123474,-0.10643935203552246,-0.03535360470414162,-0.2912043631076813,-0.31275805830955505,-0.052669256925582886,-0.3500600755214691,-0.5091100335121155,-0.07661612331867218,-0.38576269149780273,-0.6766767501831055,-0.08939224481582642,-0.20647159218788147,-0.555859386920929,0.004063304979354143,-0.20957793295383453,-0.7229839563369751,-0.05818427354097366,-0.18908122181892395,-0.5542885065078735,-0.09185801446437836,-0.17500121891498566,-0.4009801745414734,-0.10068905353546143,-0.10587476193904877,-0.5740322470664978,-0.003248760476708412,-0.10517989844083786,-0.7069817781448364,-0.08528673648834229,-0.09568208456039429,-0.4839678406715393,-0.11640014499425888,-0.09464967995882034,-0.3117319643497467,-0.11503511667251587,-0.011193542741239071,-0.5764827132225037,-0.021263854578137398,-0.006530001759529114,-0.7146168351173401,-0.1005873754620552,-0.011423642747104168,-0.5122535824775696,-0.10247468203306198,-0.0214751698076725,-0.34389761090278625,-0.07629546523094177,0.07408294826745987,-0.561741292476654,-0.041512876749038696,0.08330368250608444,-0.7678685784339905,-0.08570146560668945,0.09658639132976532,-0.8890246748924255,-0.0906861275434494,0.1055641919374466,-1.0,-0.08010367304086685
Y,Y_session_002,156,0.0,0.0,0.0,-0.16307243704795837,-0.09719923883676529,-0.03601161763072014,-0.2960866689682007,-0.2963840961456299,-0.05300654470920563,-0.35723891854286194,-0.4903668463230133,-0.076407790184021,-0.3929237425327301,-0.6571047306060791,-0.08925586938858032,-0.21055667102336884,-0.541949987411499,0.002949546789750457,-0.21710214018821716,-0.7082328200340271,-0.05977847799658775,-0.1972319781780243,-0.5415862798690796,-0.09425360709428787,-0.1816468983888626,-0.38884061574935913,-0.10329420864582062,-0.11068547517061234,-0.5638570785522461,-0.0035992779303342104,-0.11282998323440552,-0.699773371219635,-0.08667819201946259,-0.1016884297132492,-0.4764479696750641,-0.11763127893209457,-0.09641606360673904,-0.2990005314350128,-0.11520622670650482,-0.017465980723500252,-0.5702465176582336,-0.020878661423921585,-0.015056977979838848,-0.7085785269737244,-0.10055772960186005,-0.018868358805775642,-0.5078398585319519,-0.10313774645328522,-0.02600010298192501,-0.33723223209381104,-0.07674391567707062,0.06764873117208481,-0.5595347285270691,-0.040406569838523865,0.07000527530908585,-0.7650864124298096,-0.08430466800928116,0.07798055559396744,-0.8885966539382935,-0.08953917771577835,0.08353102952241898,-1.0,-0.0788874700665474
Y,Y_session_002,157,0.0,0.0,0.0,-0.1604301482439041,-0.08353399485349655,-0.03537823259830475,-0.2995666563510895,-0.27468088269233704,-0.05131186917424202,-0.3657382130622864,-0.4624796509742737,-0.07304531335830688,-0.4043382406234741,-0.6215761303901672,-0.08417577296495438,-0.2212660163640976,-0.5180174112319946,-0.00075820047641173,-0.23028939962387085,-0.6956638097763062,-0.06271246820688248,-0.20553050935268402,-0.5374873280525208,-0.09532063454389572,-0.1864044964313507,-0.38459745049476624,-0.10264654457569122,-0.12507635354995728,-0.5456812381744385,-0.006511712912470102,-0.12870648503303528,-0.6926730275154114,-0.08967585861682892,-0.11010923981666565,-0.4742046594619751,-0.11862189322710037,-0.10063943266868591,-0.29671207070350647,-0.11412543803453445,-0.03466469421982765,-0.5584572553634644,-0.022624433040618896,-0.033550895750522614,-0.7046700119972229,-0.10055277496576309,-0.03071914054453373,-0.5077601075172424,-0.10111869871616364,-0.03342967480421066,-0.3381136655807495,-0.0735214576125145,0.047835443168878555,-0.5555592775344849,-0.04093492403626442,0.04686501994729042,-0.7626141905784607,-0.08241373300552368,0.05012864992022514,-0.8879597187042236,-0.08622488379478455,0.05037500336766243,-1.0,-0.07502494007349014
Y,Y_session_002,158,0.0,0.0,0.0,-0.1679590493440628,-0.06216275691986084,-0.0360274463891983,-0.311307430267334,-0.240749329328537,-0.05087776854634285,-0.38083410263061523,-0.4334681034088135,-0.07213638722896576,-0.421368271112442,-0.5967395901679993,-0.08260717988014221,-0.23534980416297913,-0.49905407428741455,0.007348428945988417,-0.2509469985961914,-0.6804651618003845,-0.055293235927820206,-0.2227519452571869,-0.522169291973114,-0.08863711357116699,-0.19936959445476532,-0.3712366819381714,-0.09590503573417664,-0.14039869606494904,-0.5346205830574036,0.0018967754440382123,-0.14620663225650787,-0.6819122433662415,-0.08245427906513214,-0.12169838696718216,-0.46162983775138855,-0.11310632526874542,-0.1086558997631073,-0.2853206992149353,-0.1087137833237648,-0.05100782960653305,-0.5562283396720886,-0.014609193429350853,-0.052456945180892944,-0.6972968578338623,-0.09331387281417847,-0.04334632307291031,-0.4958476424217224,-0.09434028714895248,-0.0422087088227272,-0.3282795548439026,-0.06618654727935791,0.03324291110038757,-0.5624564290046692,-0.033548206090927124,0.027878928929567337,-0.7650372982025146,-0.07418622076511383,0.0280451662838459,-0.8870325088500977,-0.07721245288848877,0.023484336212277412,-1.0,-0.06496589630842209
Y,Y_session_002,159,0.0,0.0,0.0,-0.17082789540290833,-0.047326069325208664,-0.035805873572826385,-0.31860116124153137,-0.21555744111537933,-0.0498582161962986,-0.39161038398742676,-0.4097571074962616,-0.07042921334505081,-0.43214112520217896,-0.5742322206497192,-0.08052480965852737,-0.2392754703760147,-0.48408058285713196,0.012192213907837868,-0.2613488435745239,-0.6643101572990417,-0.04958120360970497,-0.23423294723033905,-0.5095608234405518,-0.08380770683288574,-0.20914757251739502,-0.36300528049468994,-0.09240853786468506,-0.14414985477924347,-0.5228502154350281,0.006283132825046778,-0.15677182376384735,-0.6737840175628662,-0.07852355390787125,-0.13273531198501587,-0.45406222343444824,-0.11159822344779968,-0.1174326092004776,-0.2778446674346924,-0.10886235535144806,-0.055447760969400406,-0.5483078360557556,-0.010749504901468754,-0.06434350460767746,-0.6937446594238281,-0.09024382382631302,-0.055820003151893616,-0.49094176292419434,-0.09250855445861816,-0.05172847583889961,-0.32232874631881714,-0.06510619074106216,0.02889268286526203,-0.5581108927726746,-0.030182277783751488,0.02172376960515976,-0.7607919573783875,-0.07191797345876694,0.01796618103981018,-0.8846206665039062,-0.07594085484743118,0.01034753117710352,-1.0,-0.06438640505075455
Y,Y_session_002,160,0.0,0.0,0.0,-0.17217537760734558,-0.04753098636865616,-0.036096181720495224,-0.32093632221221924,-0.20953939855098724,-0.04989852383732796,-0.3972509205341339,-0.39559492468833923,-0.07013072073459625,-0.4383251965045929,-0.55769282579422,-0.08024240285158157,-0.23774757981300354,-0.47779080271720886,0.012756203301250935,-0.2627289593219757,-0.6481618881225586,-0.04856368899345398,-0.23275142908096313,-0.4987736642360687,-0.0835132896900177,-0.2071278840303421,-0.35323208570480347,-0.09231992810964584,-0.14545369148254395,-0.5209434628486633,0.007556620053946972,-0.15946300327777863,-0.6618017554283142,-0.07603150606155396,-0.13185979425907135,-0.4469917118549347,-0.10980939865112305,-0.11540830880403519,-0.2706250548362732,-0.10788669437170029,-0.05810299515724182,-0.5505885481834412,-0.008712845854461193,-0.06727010756731033,-0.6960589289665222,-0.08770938217639923,-0.05410828813910484,-0.5020619630813599,-0.09233590960502625,-0.04679799824953079,-0.33668455481529236,-0.06657366454601288,0.025348342955112457,-0.5631600618362427,-0.027255186811089516,0.014946282841265202,-0.7638591527938843,-0.0683075562119484,0.009943827986717224,-0.8874002695083618,-0.07291200011968613,0.002066211774945259,-1.0,-0.06176309287548065
Y,Y_session_002,161,0.0,0.0,0.0,-0.17036986351013184,-0.03661162033677101,-0.03926818445324898,-0.32102373242378235,-0.18984222412109375,-0.056151021271944046,-0.401760071516037,-0.3742368221282959,-0.07894966006278992,-0.44208288192749023,-0.5418117642402649,-0.09150955826044083,-0.24181878566741943,-0.465286523103714,0.006334620527923107,-0.26715394854545593,-0.6392130851745605,-0.058136068284511566,-0.2398761510848999,-0.491197794675827,-0.09433811902999878,-0.21438397467136383,-0.3437214493751526,-0.10378267616033554,-0.14639383554458618,-0.5121743083000183,0.0016103837406262755,-0.16204556822776794,-0.6593340635299683,-0.08583737909793854,-0.13542009890079498,-0.44212213158607483,-0.11979471892118454,-0.1181526854634285,-0.263654500246048,-0.11754700541496277,-0.05599947273731232,-0.5441681742668152,-0.01429558452218771,-0.06519243866205215,-0.6953974962234497,-0.09732425957918167,-0.05292283371090889,-0.4964611530303955,-0.10076349973678589,-0.046512093394994736,-0.3288966119289398,-0.07341405749320984,0.03062252141535282,-0.5582670569419861,-0.032557521015405655,0.020647231489419937,-0.7612916827201843,-0.07637962698936462,0.013540300540626049,-0.8852736949920654,-0.08084069192409515,0.0027085680048912764,-1.0,-0.06922167539596558
Y,Y_session_002,162,0.0,0.0,0.0,-0.16899944841861725,-0.03504268079996109,-0.03947601467370987,-0.31867167353630066,-0.18465445935726166,-0.05667132884263992,-0.4021799862384796,-0.3660903573036194,-0.08016480505466461,-0.4442608654499054,-0.5327321887016296,-0.09355016052722931,-0.24224844574928284,-0.4599149525165558,0.01157920528203249,-0.2724095284938812,-0.6358688473701477,-0.05346883833408356,-0.24352127313613892,-0.497180700302124,-0.0917237401008606,-0.21557195484638214,-0.3531700074672699,-0.10249371826648712,-0.14977215230464935,-0.5085533857345581,0.0066118245013058186,-0.1666785329580307,-0.6572229862213135,-0.08186079561710358,-0.1410171240568161,-0.4451296627521515,-0.1191752552986145,-0.1233612596988678,-0.2656807601451874,-0.11894789338111877,-0.061264581978321075,-0.5431710481643677,-0.009911437518894672,-0.07069501280784607,-0.6967766880989075,-0.09251416474580765,-0.06127173453569412,-0.500554084777832,-0.09793320298194885,-0.05533052608370781,-0.3321670591831207,-0.07208855450153351,0.02430710755288601,-0.5593657493591309,-0.029102973639965057,0.01595913991332054,-0.7620016932487488,-0.07247573137283325,0.006999675650149584,-0.88643479347229,-0.07783552259206772,-0.004910202696919441,-1.0,-0.06689237058162689
Y,Y_session_002,163,0.0,0.0,0.0,-0.1734500378370285,-0.03490244224667549,-0.03203723579645157,-0.324929416179657,-0.18687289953231812,-0.0446164570748806,-0.40625131130218506,-0.3675084710121155,-0.06512174010276794,-0.4461478590965271,-0.5302271842956543,-0.0765329897403717,-0.2433825582265854,-0.45644500851631165,0.021460020914673805,-0.2769106924533844,-0.6289054751396179,-0.04048888757824898,-0.24993988871574402,-0.4989713430404663,-0.07844366133213043,-0.22203129529953003,-0.3563939929008484,-0.0896807536482811,-0.15092909336090088,-0.5050114393234253,0.012780164368450642,-0.17197862267494202,-0.654995858669281,-0.07434669882059097,-0.1489330679178238,-0.45109203457832336,-0.11387017369270325,-0.130931094288826,-0.27058687806129456,-0.11549264937639236,-0.06331183761358261,-0.5399633646011353,-0.0069585866294801235,-0.07515507191419601,-0.6927329301834106,-0.08761423826217651,-0.07010684907436371,-0.4981108009815216,-0.09466498345136642,-0.06656517833471298,-0.326982319355011,-0.07060014456510544,0.020507115870714188,-0.5566805005073547,-0.028950611129403114,0.013025411404669285,-0.7587602734565735,-0.07139436155557632,0.003272075206041336,-0.8853113651275635,-0.07748424261808395,-0.009461550042033195,-1.0,-0.06767058372497559
Y,Y_session_002,164,0.0,0.0,0.0,-0.1707216203212738,-0.03326378017663956,-0.03405030444264412,-0.32247430086135864,-0.18211501836776733,-0.04819482937455177,-0.40625205636024475,-0.3632916510105133,-0.06954053789377213,-0.44667237997055054,-0.5264779925346375,-0.08124537020921707,-0.24479764699935913,-0.45689627528190613,0.0180237777531147,-0.2771371603012085,-0.6309714317321777,-0.04445800557732582,-0.25072014331817627,-0.49424928426742554,-0.08255629241466522,-0.22395634651184082,-0.35097283124923706,-0.0943671241402626,-0.15314775705337524,-0.5067027807235718,0.010373691096901894,-0.17477336525917053,-0.6587252020835876,-0.07604847848415375,-0.1502840220928192,-0.4535408914089203,-0.11438801139593124,-0.13055624067783356,-0.2767959237098694,-0.1158461943268776,-0.06507440656423569,-0.5424894690513611,-0.00838983803987503,-0.07742030173540115,-0.698230504989624,-0.08787822723388672,-0.07119935005903244,-0.5033251643180847,-0.09264736622571945,-0.06625988334417343,-0.33287379145622253,-0.06780799478292465,0.02031242847442627,-0.559420645236969,-0.02974521368741989,0.01287754811346531,-0.7615537643432617,-0.07215726375579834,0.003389839082956314,-0.886467695236206,-0.07755547761917114,-0.00902407057583332,-1.0,-0.06744278967380524
Y,Y_session_002,165,0.0,0.0,0.0,-0.17288585007190704,-0.03640863299369812,-0.029791641980409622,-0.32701486349105835,-0.18692561984062195,-0.04221758246421814,-0.41058364510536194,-0.36781448125839233,-0.06286291033029556,-0.4476674497127533,-0.5308181643486023,-0.07438560575246811,-0.2474684864282608,-0.46185120940208435,0.021165167912840843,-0.2786337435245514,-0.6340681910514832,-0.04047757014632225,-0.2528356611728668,-0.49816855788230896,-0.07844799757003784,-0.2262536883354187,-0.35212942957878113,-0.09029725193977356,-0.15496674180030823,-0.5104661583900452,0.011820105835795403,-0.17619198560714722,-0.6628172993659973,-0.07340840250253677,-0.15053091943264008,-0.4566624164581299,-0.11120811849832535,-0.13014504313468933,-0.27979570627212524,-0.1125364750623703,-0.06653107702732086,-0.5445418357849121,-0.008189121261239052,-0.0788823589682579,-0.6960523724555969,-0.08769501000642776,-0.07026828080415726,-0.49475905299186707,-0.09188967943191528,-0.06452231109142303,-0.32252028584480286,-0.06652605533599854,0.01922205463051796,-0.5583337545394897,-0.030326159670948982,0.013763616792857647,-0.7599109411239624,-0.07315977662801743,0.007378716487437487,-0.8844072818756104,-0.07813786715269089,-0.0033182159531861544,-1.0,-0.06765555590391159
Y,Y_session_002,166,0.0,0.0,0.0,-0.1707366555929184,-0.03788146749138832,-0.029465602710843086,-0.3243185877799988,-0.18968284130096436,-0.04253498837351799,-0.40845146775245667,-0.37512344121932983,-0.06346456706523895,-0.4469600021839142,-0.5391228199005127,-0.07507239282131195,-0.24759812653064728,-0.4616560637950897,0.017410283908247948,-0.27878379821777344,-0.6398881077766418,-0.04475093632936478,-0.25155094265937805,-0.5021545886993408,-0.08276927471160889,-0.22414185106754303,-0.35631176829338074,-0.0953841283917427,-0.15637199580669403,-0.5088353157043457,0.007372857537120581,-0.1757986843585968,-0.6696568727493286,-0.07726554572582245,-0.15100780129432678,-0.46399202942848206,-0.1142110526561737,-0.1323605328798294,-0.2889920473098755,-0.11626062542200089,-0.06778053194284439,-0.5416631102561951,-0.013116874732077122,-0.07882222533226013,-0.6999397277832031,-0.09188012778759003,-0.07124148309230804,-0.499776154756546,-0.09446225315332413,-0.06704933196306229,-0.3285589814186096,-0.06953329592943192,0.018963344395160675,-0.5537606477737427,-0.03581767901778221,0.01804615929722786,-0.7574524283409119,-0.07947516441345215,0.015629012137651443,-0.8827407956123352,-0.08438549190759659,0.008042005822062492,-1.0,-0.07461437582969666
Y,Y_session_002,167,0.0,0.0,0.0,-0.17485904693603516,-0.040371958166360855,-0.027584776282310486,-0.32758623361587524,-0.1916387975215912,-0.03930550068616867,-0.4112931489944458,-0.37279659509658813,-0.05950844660401344,-0.4470641016960144,-0.5356162190437317,-0.07038433849811554,-0.24873609840869904,-0.46497607231140137,0.02287248708307743,-0.2764626145362854,-0.6397032737731934,-0.03811347112059593,-0.25193583965301514,-0.49903973937034607,-0.07545601576566696,-0.2266993373632431,-0.3507005572319031,-0.08751024305820465,-0.1567317247390747,-0.5087758898735046,0.012530381791293621,-0.17544154822826385,-0.6652153134346008,-0.07085385918617249,-0.15146589279174805,-0.45994672179222107,-0.10745032131671906,-0.1317066103219986,-0.2852728068828583,-0.10923029482364655,-0.06814032793045044,-0.540014922618866,-0.0084910299628973,-0.07845969498157501,-0.6940608024597168,-0.08773725479841232,-0.07088939845561981,-0.4947624206542969,-0.09180895984172821,-0.06513476371765137,-0.32447439432144165,-0.06767076998949051,0.019545335322618484,-0.5505546927452087,-0.03143801912665367,0.022311151027679443,-0.7533811926841736,-0.0759785994887352,0.025188814848661423,-0.8803642392158508,-0.08217271417379379,0.023859625682234764,-1.0,-0.07316126674413681
Y,Y_session_002,168,0.0,0.0,0.0,-0.17607063055038452,-0.04407188668847084,-0.026000356301665306,-0.3285651206970215,-0.19611598551273346,-0.03792767599225044,-0.41025981307029724,-0.376913458108902,-0.058089397847652435,-0.44421979784965515,-0.5388395190238953,-0.06898093968629837,-0.2462141066789627,-0.4677075445652008,0.01820041425526142,-0.27650710940361023,-0.6402298808097839,-0.04218606650829315,-0.25331228971481323,-0.5028183460235596,-0.07884684205055237,-0.2276332676410675,-0.3528057634830475,-0.09082110226154327,-0.15321101248264313,-0.5110297799110413,0.007040003314614296,-0.17485103011131287,-0.6702497601509094,-0.07539577782154083,-0.1545635610818863,-0.47125115990638733,-0.11085784435272217,-0.13473676145076752,-0.2928285300731659,-0.11286816745996475,-0.06396797299385071,-0.5403650999069214,-0.014157027006149292,-0.07942012697458267,-0.6925195455551147,-0.09289168566465378,-0.07217732071876526,-0.4941672384738922,-0.09625472128391266,-0.06289529800415039,-0.32049664855003357,-0.07261914759874344,0.023759471252560616,-0.5455437302589417,-0.0370740070939064,0.03360360488295555,-0.7486972808837891,-0.08299480378627777,0.03996289521455765,-0.8785161972045898,-0.09042374789714813,0.04056675359606743,-1.0,-0.0829223096370697
Y,Y_session_002,169,0.0,0.0,0.0,-0.1737157255411148,-0.04596517235040665,-0.030027201399207115,-0.3232273757457733,-0.1982027292251587,-0.04478410631418228,-0.4062103033065796,-0.3755185008049011,-0.0668492242693901,-0.4406086206436157,-0.5368720293045044,-0.07906965166330338,-0.24133390188217163,-0.46413034200668335,0.009655723348259926,-0.27354103326797485,-0.6428907513618469,-0.05261407420039177,-0.25132474303245544,-0.5052698254585266,-0.08903810381889343,-0.22581665217876434,-0.35501790046691895,-0.10089296102523804,-0.14858798682689667,-0.508470892906189,-0.00028148878482170403,-0.1715547740459442,-0.672296941280365,-0.08417097479104996,-0.1536261886358261,-0.47616472840309143,-0.11907584965229034,-0.13386236131191254,-0.3001122772693634,-0.12121561914682388,-0.05861935764551163,-0.5372823476791382,-0.020348243415355682,-0.07546339929103851,-0.6963403224945068,-0.10094506293535233,-0.07029920071363449,-0.4988611042499542,-0.10436352342367172,-0.06094072759151459,-0.3258179724216461,-0.08101999759674072,0.02970072068274021,-0.5392886996269226,-0.042424481362104416,0.04262017086148262,-0.7423959374427795,-0.0918692946434021,0.05312037840485573,-0.8745467662811279,-0.10176987946033478,0.0591856949031353,-1.0,-0.09577605128288269
Y,Y_session_002,170,0.0,0.0,0.0,-0.17496244609355927,-0.048084408044815063,-0.03039470873773098,-0.32372310757637024,-0.20154455304145813,-0.046431370079517365,-0.4055466055870056,-0.3811434805393219,-0.06954033672809601,-0.44296663999557495,-0.5444895029067993,-0.08275416493415833,-0.2399808019399643,-0.47273483872413635,0.006221269257366657,-0.2726779282093048,-0.6530106067657471,-0.058129943907260895,-0.2524377405643463,-0.5176088213920593,-0.09575678408145905,-0.2273624837398529,-0.36673375964164734,-0.10817340761423111,-0.1461612582206726,-0.5130659937858582,-0.004732516128569841,-0.16903643310070038,-0.6832882165908813,-0.09137016534805298,-0.15366414189338684,-0.48684221506118774,-0.1270880401134491,-0.1343649923801422,-0.3071015775203705,-0.1292041391134262,-0.0552683062851429,-0.5371997952461243,-0.025822173804044724,-0.0720626711845398,-0.6962299346923828,-0.10798249393701553,-0.07050148397684097,-0.5012275576591492,-0.11235162615776062,-0.06238756701350212,-0.33026623725891113,-0.08948948979377747,0.03405361995100975,-0.5350250005722046,-0.04899676516652107,0.05013741925358772,-0.7402134537696838,-0.1002916470170021,0.0624212920665741,-0.8735610842704773,-0.11157156527042389,0.0708933025598526,-1.0,-0.1063685268163681
Y,Y_session_002,171,0.0,0.0,0.0,-0.17229869961738586,-0.05028311535716057,-0.030743373557925224,-0.3184565305709839,-0.20817027986049652,-0.04661664366722107,-0.39873623847961426,-0.3883286118507385,-0.06917699426412582,-0.4383065402507782,-0.5508528351783752,-0.0817163810133934,-0.23631830513477325,-0.4777030646800995,0.004353087395429611,-0.26657354831695557,-0.6589162945747375,-0.05924146622419357,-0.24666732549667358,-0.5216999053955078,-0.0956827700138092,-0.22256971895694733,-0.36933350563049316,-0.10733997076749802,-0.142334446310997,-0.5171968340873718,-0.005960788577795029,-0.16320134699344635,-0.6866337656974792,-0.09129588305950165,-0.1493390053510666,-0.4865722358226776,-0.125702902674675,-0.13121457397937775,-0.30551671981811523,-0.1273917555809021,-0.051352184265851974,-0.5395738482475281,-0.026393311098217964,-0.06512892991304398,-0.7022567391395569,-0.10820242762565613,-0.06584210693836212,-0.5068889856338501,-0.11341529339551926,-0.05972122773528099,-0.3354214131832123,-0.09167899191379547,0.037556372582912445,-0.5355731844902039,-0.048792026937007904,0.05676267296075821,-0.7405269742012024,-0.10149220377206802,0.07272849977016449,-0.8737491965293884,-0.11483315378427505,0.08534521609544754,-1.0,-0.1111288070678711
Y,Y_session_002,172,0.0,0.0,0.0,-0.1753573715686798,-0.050478361546993256,-0.029734211042523384,-0.31996116042137146,-0.21136033535003662,-0.04426896199584007,-0.3998177945613861,-0.3935459852218628,-0.0661969855427742,-0.44249558448791504,-0.5542488694190979,-0.07810186594724655,-0.2331773340702057,-0.47731146216392517,0.008456583134829998,-0.26439014077186584,-0.6640360951423645,-0.05460638552904129,-0.2445501834154129,-0.5263718366622925,-0.09109089523553848,-0.22052830457687378,-0.3741874098777771,-0.10312952101230621,-0.13985887169837952,-0.5140019655227661,-0.0028172945603728294,-0.1595572829246521,-0.6851051449775696,-0.08948608487844467,-0.14666242897510529,-0.48594602942466736,-0.12608537077903748,-0.12979020178318024,-0.3073394000530243,-0.12936943769454956,-0.04971899092197418,-0.5355754494667053,-0.024344516918063164,-0.061693545430898666,-0.7034140229225159,-0.10665078461170197,-0.06489615142345428,-0.5090956687927246,-0.11310090124607086,-0.06115153804421425,-0.33829450607299805,-0.09251660853624344,0.03826591745018959,-0.5310273766517639,-0.047937437891960144,0.06199370324611664,-0.7365429401397705,-0.10170047730207443,0.07999914884567261,-0.8712886571884155,-0.11645296216011047,0.09435350447893143,-1.0,-0.11387002468109131
Y,Y_session_002,173,0.0,0.0,0.0,-0.17408934235572815,-0.05638815835118294,-0.029739420861005783,-0.3175218105316162,-0.21975284814834595,-0.044600337743759155,-0.39781638979911804,-0.39977651834487915,-0.06671440601348877,-0.4412372410297394,-0.5586941242218018,-0.07891714572906494,-0.22877466678619385,-0.4839712083339691,0.0062444754876196384,-0.25659462809562683,-0.6715729832649231,-0.05727950483560562,-0.23883606493473053,-0.5310061573982239,-0.09393026679754257,-0.21789228916168213,-0.37556302547454834,-0.10595518350601196,-0.13612785935401917,-0.5172306299209595,-0.004700054414570332,-0.1522192358970642,-0.6855259537696838,-0.09139504283666611,-0.1426006257534027,-0.4783328175544739,-0.1273760050535202,-0.12895408272743225,-0.2966146469116211,-0.13040342926979065,-0.04665931314229965,-0.5362200140953064,-0.02583986520767212,-0.05523093417286873,-0.7048048377037048,-0.10819198191165924,-0.061408668756484985,-0.5080958008766174,-0.11495214700698853,-0.06029220297932625,-0.3360205292701721,-0.09479306638240814,0.04044961929321289,-0.5294017195701599,-0.04896663501858711,0.06646785140037537,-0.7373289465904236,-0.10326895117759705,0.08621525019407272,-0.8718125820159912,-0.11866362392902374,0.10301968455314636,-1.0,-0.1164795458316803
Y,Y_session_002,174,0.0,0.0,0.0,-0.1759706437587738,-0.05766458064317703,-0.02892523817718029,-0.3195733428001404,-0.2209521383047104,-0.04358774051070213,-0.40099549293518066,-0.40203601121902466,-0.06568028032779694,-0.4431820511817932,-0.5604100227355957,-0.0775439664721489,-0.22742386162281036,-0.4826107919216156,0.007255606818944216,-0.2574443519115448,-0.6710865497589111,-0.05600203946232796,-0.23753388226032257,-0.5268940329551697,-0.09156156331300735,-0.21388410031795502,-0.37350279092788696,-0.10257447510957718,-0.133823961019516,-0.5154040455818176,-0.0036404982674866915,-0.15189999341964722,-0.6866974830627441,-0.08996192365884781,-0.14124077558517456,-0.47904691100120544,-0.12444066256284714,-0.12442900240421295,-0.2982245981693268,-0.12625178694725037,-0.043699752539396286,-0.5350268483161926,-0.02471357211470604,-0.05314020812511444,-0.7022324204444885,-0.1074216291308403,-0.058861639350652695,-0.5032727122306824,-0.11347890645265579,-0.054759539663791656,-0.33094877004623413,-0.09245136380195618,0.04392348602414131,-0.5293093919754028,-0.04764016717672348,0.07254930585622787,-0.7364518642425537,-0.1018117219209671,0.09462828189134598,-0.87156081199646,-0.11715959757566452,0.11459217220544815,-1.0,-0.11492246389389038
Y,Y_session_002,175,0.0,0.0,0.0,-0.17943143844604492,-0.060478441417217255,-0.027808958664536476,-0.3227633237838745,-0.22550585865974426,-0.041703835129737854,-0.40439367294311523,-0.40954193472862244,-0.06410431116819382,-0.4479236602783203,-0.5694239139556885,-0.07642446458339691,-0.2261006236076355,-0.4850984811782837,0.012235727161169052,-0.2562340199947357,-0.67851322889328,-0.05348656326532364,-0.23695813119411469,-0.5351133346557617,-0.09182055294513702,-0.21486255526542664,-0.379574179649353,-0.10423991084098816,-0.13190659880638123,-0.515382707118988,8.708769018994644e-05,-0.1489597111940384,-0.6922619938850403,-0.08913207054138184,-0.13928796350955963,-0.4858619272708893,-0.126170352101326,-0.1251373440027237,-0.30356109142303467,-0.1290830820798874,-0.04164620488882065,-0.5350605249404907,-0.022662296891212463,-0.05004841461777687,-0.707904577255249,-0.10766442865133286,-0.055727388709783554,-0.5085869431495667,-0.1144929975271225,-0.053108327090740204,-0.33539125323295593,-0.09311706572771072,0.04596039652824402,-0.529934823513031,-0.04735947772860527,0.07693280279636383,-0.7375597953796387,-0.10262534022331238,0.09984461218118668,-0.8716516494750977,-0.11797616630792618,0.11985275894403458,-1.0,-0.11514091491699219
Y,Y_session_002,176,0.0,0.0,0.0,-0.17928457260131836,-0.06015985459089279,-0.0304426159709692,-0.32510992884635925,-0.22661860287189484,-0.045681361109018326,-0.4065325856208801,-0.4134213626384735,-0.06873442977666855,-0.44784340262413025,-0.5755684971809387,-0.08155340701341629,-0.22646154463291168,-0.48869645595550537,0.007171067409217358,-0.2552347481250763,-0.6832429766654968,-0.059021834284067154,-0.23619593679904938,-0.5362461805343628,-0.09700553119182587,-0.2147553712129593,-0.37923431396484375,-0.10927043110132217,-0.13021209836006165,-0.5184059143066406,-0.0039940690621733665,-0.14561696350574493,-0.6946470737457275,-0.0937676727771759,-0.13732481002807617,-0.4862954318523407,-0.1305186152458191,-0.12495367228984833,-0.3033267557621002,-0.1332380622625351,-0.0386088490486145,-0.5364684462547302,-0.025649551302194595,-0.04499185457825661,-0.7087597250938416,-0.11125973612070084,-0.05204593762755394,-0.5072601437568665,-0.11747203767299652,-0.05148576572537422,-0.33276280760765076,-0.09564290195703506,0.04996088892221451,-0.5295512080192566,-0.049349263310432434,0.07945980131626129,-0.7364203333854675,-0.10508469492197037,0.10327598452568054,-0.8708701133728027,-0.11991678178310394,0.12435323745012283,-1.0,-0.11655846983194351
Y,Y_session_002,177,0.0,0.0,0.0,-0.1762986034154892,-0.059402335435152054,-0.03132339194417,-0.3199225068092346,-0.2254946380853653,-0.04742761701345444,-0.40025413036346436,-0.4098365306854248,-0.07118558138608932,-0.44185230135917664,-0.571340024471283,-0.08478488773107529,-0.22318002581596375,-0.48801103234291077,0.004512960556894541,-0.2511540651321411,-0.6812670230865479,-0.061803001910448074,-0.2319680005311966,-0.5391715168952942,-0.09919622540473938,-0.2100193202495575,-0.3852637708187103,-0.11106006801128387,-0.12785005569458008,-0.5176124572753906,-0.0067420597188174725,-0.1415613293647766,-0.6933966875076294,-0.09740852564573288,-0.13329821825027466,-0.4854644536972046,-0.13384728133678436,-0.1213713139295578,-0.3022477328777313,-0.13624590635299683,-0.03713224083185196,-0.5349688529968262,-0.028499551117420197,-0.04159022867679596,-0.7093527317047119,-0.11511964350938797,-0.04821636527776718,-0.5089482665061951,-0.12177909165620804,-0.04795778542757034,-0.33451181650161743,-0.10010326653718948,0.04986618459224701,-0.5275935530662537,-0.05232127383351326,0.07985372841358185,-0.7360737919807434,-0.10837800800800323,0.10367973893880844,-0.870814859867096,-0.12363923341035843,0.12433739006519318,-1.0,-0.12075293809175491
Y,Y_session_002,178,0.0,0.0,0.0,-0.17695850133895874,-0.05680887773633003,-0.03383642062544823,-0.3211388885974884,-0.2162904590368271,-0.05195286497473717,-0.4024864733219147,-0.40054193139076233,-0.07750920951366425,-0.43993932008743286,-0.5673943161964417,-0.09280301630496979,-0.22358131408691406,-0.48270249366760254,0.004105063155293465,-0.2530745565891266,-0.674360990524292,-0.06383618712425232,-0.23277676105499268,-0.5318862199783325,-0.10257503390312195,-0.20886987447738647,-0.37843140959739685,-0.11506709456443787,-0.12818917632102966,-0.5130458474159241,-0.006558611523360014,-0.1433318853378296,-0.6882351040840149,-0.09923940151929855,-0.133448526263237,-0.47731947898864746,-0.13637299835681915,-0.12021157145500183,-0.2918761372566223,-0.13859638571739197,-0.037163469940423965,-0.530525803565979,-0.02818935178220272,-0.0434269979596138,-0.7035858631134033,-0.11667987704277039,-0.048747118562459946,-0.5021941065788269,-0.12310498207807541,-0.04687900096178055,-0.32754361629486084,-0.10047826170921326,0.05045348405838013,-0.5235648155212402,-0.05208320915699005,0.08013185113668442,-0.7334348559379578,-0.10803152620792389,0.1023300290107727,-0.8695806264877319,-0.12245753407478333,0.12070711702108383,-1.0,-0.11888541281223297
Y,Y_session_002,179,0.0,0.0,0.0,-0.17830663919448853,-0.059327900409698486,-0.029579775407910347,-0.3229397237300873,-0.2230953574180603,-0.04426395520567894,-0.40218695998191833,-0.40754902362823486,-0.0674997940659523,-0.43869614601135254,-0.5709423422813416,-0.08127535879611969,-0.22367142140865326,-0.4828836917877197,0.00986400619149208,-0.2525252401828766,-0.6724250912666321,-0.05631382763385773,-0.2331126183271408,-0.535075306892395,-0.09489473700523376,-0.20969107747077942,-0.38298743963241577,-0.1072901040315628,-0.1286809742450714,-0.5120662450790405,-0.002307132352143526,-0.14245657622814178,-0.6866015195846558,-0.09477794170379639,-0.13378290832042694,-0.4762464463710785,-0.13311660289764404,-0.1213376373052597,-0.2883746027946472,-0.1357482224702835,-0.03853142634034157,-0.5304868817329407,-0.02508731186389923,-0.04224392771720886,-0.7022597789764404,-0.11328383535146713,-0.04946047067642212,-0.5012609958648682,-0.12170344591140747,-0.04947233572602272,-0.32493799924850464,-0.10004206746816635,0.047755561769008636,-0.525484025478363,-0.04975197836756706,0.07672736048698425,-0.7358335256576538,-0.10468638688325882,0.09804010391235352,-0.8717464208602905,-0.11926110088825226,0.11642230302095413,-1.0,-0.11575101315975189
Y,Y_session_002,180,0.0,0.0,0.0,-0.1752985417842865,-0.056621138006448746,-0.031132526695728302,-0.3208772838115692,-0.22115378081798553,-0.04668885096907616,-0.40103137493133545,-0.4041118621826172,-0.07018866389989853,-0.4402126669883728,-0.5667296648025513,-0.0840974673628807,-0.22668194770812988,-0.48153549432754517,0.006799792870879173,-0.2568708658218384,-0.6701173186302185,-0.05903992801904678,-0.23611803352832794,-0.5327032804489136,-0.09720951318740845,-0.2118617594242096,-0.3812151849269867,-0.1093793734908104,-0.13254524767398834,-0.5126252770423889,-0.004318523686379194,-0.14765402674674988,-0.6844240427017212,-0.09517396241426468,-0.13627910614013672,-0.47603410482406616,-0.13241910934448242,-0.12213189899921417,-0.28962406516075134,-0.13469946384429932,-0.04265424236655235,-0.5320771336555481,-0.026008734479546547,-0.04731641709804535,-0.7027465105056763,-0.11246971040964127,-0.052077170461416245,-0.5031430125236511,-0.11983142793178558,-0.05066840723156929,-0.32749029994010925,-0.0979626476764679,0.04393579810857773,-0.528184711933136,-0.049738407135009766,0.06956643611192703,-0.7371411919593811,-0.10350681841373444,0.08999975025653839,-0.8724806308746338,-0.11742516607046127,0.10752341896295547,-1.0,-0.11369922757148743
Y,Y_session_002,181,0.0,0.0,0.0,-0.17520646750926971,-0.05122983828186989,-0.03109751082956791,-0.32270288467407227,-0.21618419885635376,-0.04532414302229881,-0.4038674235343933,-0.398579865694046,-0.06746772676706314,-0.44464111328125,-0.5591214299201965,-0.08013328164815903,-0.23090501129627228,-0.4760245680809021,0.008516979403793812,-0.26021328568458557,-0.6628687977790833,-0.05674433708190918,-0.23650681972503662,-0.5246328115463257,-0.09458795934915543,-0.2093808799982071,-0.373533695936203,-0.10648386925458908,-0.13573826849460602,-0.5092238783836365,-0.00228388630785048,-0.1515217125415802,-0.6817794442176819,-0.09267271310091019,-0.13568511605262756,-0.47386670112609863,-0.12901060283184052,-0.11854627728462219,-0.28925493359565735,-0.1303219348192215,-0.04557696357369423,-0.5293272137641907,-0.02379036135971546,-0.05195420980453491,-0.6990317106246948,-0.10968158394098282,-0.051737938076257706,-0.499923974275589,-0.11565503478050232,-0.046956852078437805,-0.32538849115371704,-0.09257948398590088,0.04076977074146271,-0.5263576507568359,-0.04737653583288193,0.06424819678068161,-0.7355483770370483,-0.09992709755897522,0.08313962817192078,-0.8713885545730591,-0.11239994317293167,0.09829875081777573,-1.0,-0.10773494094610214
Y,Y_session_002,182,0.0,0.0,0.0,-0.17424307763576508,-0.057548899203538895,-0.03072866052389145,-0.3223164975643158,-0.21720795333385468,-0.045086510479450226,-0.4058307409286499,-0.39379116892814636,-0.06697884202003479,-0.44708967208862305,-0.5566021203994751,-0.07885337620973587,-0.2376706600189209,-0.47281119227409363,0.008885137736797333,-0.26573625206947327,-0.6625565886497498,-0.055129192769527435,-0.2404603511095047,-0.5223735570907593,-0.09170699119567871,-0.21303081512451172,-0.37153932452201843,-0.10304547101259232,-0.14124712347984314,-0.5103647112846375,-0.0014721164479851723,-0.15589332580566406,-0.6849824786186218,-0.08954738825559616,-0.13708524405956268,-0.47550079226493835,-0.12322504073381424,-0.11882192641496658,-0.2929297983646393,-0.12288659811019897,-0.04954224452376366,-0.5308581590652466,-0.02248127944767475,-0.055055975914001465,-0.6986207365989685,-0.10564194619655609,-0.05128030851483345,-0.5032846331596375,-0.10858704894781113,-0.044172272086143494,-0.3334558308124542,-0.08394967764616013,0.03813758119940758,-0.5261297821998596,-0.04566847160458565,0.058698054403066635,-0.7351311445236206,-0.09663057327270508,0.07671014219522476,-0.8714033365249634,-0.10716424882411957,0.09179894626140594,-1.0,-0.10118124634027481
Y,Y_session_002,183,0.0,0.0,0.0,-0.17882464826107025,-0.061198413372039795,-0.025150831788778305,-0.32593244314193726,-0.213246688246727,-0.03740011155605316,-0.40894848108291626,-0.3844795227050781,-0.05857706815004349,-0.45333123207092285,-0.5423558354377747,-0.07031448930501938,-0.24500837922096252,-0.4709239602088928,0.01995384879410267,-0.2748595178127289,-0.6532544493675232,-0.041708577424287796,-0.252264142036438,-0.5267919898033142,-0.07884585857391357,-0.22627106308937073,-0.37933170795440674,-0.09045568108558655,-0.14988139271736145,-0.5108603835105896,0.007687664125114679,-0.1681719273328781,-0.6802439093589783,-0.07816778868436813,-0.1481749266386032,-0.48132821917533875,-0.11336985230445862,-0.12803833186626434,-0.29813653230667114,-0.11365563422441483,-0.05951113998889923,-0.5356404781341553,-0.014894746243953705,-0.07203719764947891,-0.685537576675415,-0.09559576213359833,-0.062958724796772,-0.49322420358657837,-0.0990150198340416,-0.050182122737169266,-0.32372233271598816,-0.07414297014474869,0.02786385640501976,-0.5358766913414001,-0.03941374272108078,0.04698693007230759,-0.7414462566375732,-0.08675090223550797,0.06248259171843529,-0.8748020529747009,-0.09522967040538788,0.07347369194030762,-1.0,-0.08783092349767685
Y,Y_session_002,184,0.0,0.0,0.0,-0.18179500102996826,-0.053636547178030014,-0.020675119012594223,-0.33160340785980225,-0.19446398317813873,-0.029725007712841034,-0.4136843681335449,-0.36395370960235596,-0.04897721856832504,-0.454285204410553,-0.5212266445159912,-0.0591646209359169,-0.253663569688797,-0.4531036913394928,0.03338790312409401,-0.2863297760486603,-0.6367888450622559,-0.02556765265762806,-0.26531413197517395,-0.519020676612854,-0.06387923657894135,-0.24029317498207092,-0.3736235499382019,-0.07678941637277603,-0.16050481796264648,-0.49963313341140747,0.019921205937862396,-0.18292377889156342,-0.6710094809532166,-0.06355680525302887,-0.16269873082637787,-0.4830324947834015,-0.10218773037195206,-0.14178109169006348,-0.2994374930858612,-0.10534830391407013,-0.07224879413843155,-0.5329245924949646,-0.003948570229113102,-0.08800774067640305,-0.6840993762016296,-0.08165587484836578,-0.07757028937339783,-0.4972706139087677,-0.08719059079885483,-0.06304556131362915,-0.3259167969226837,-0.0642251968383789,0.013848859816789627,-0.5418075323104858,-0.029662616550922394,0.02858215942978859,-0.7452087998390198,-0.07407894730567932,0.03991566225886345,-0.8786808848381042,-0.08264545351266861,0.047398556023836136,-1.0,-0.07578595727682114
Y,Y_session_002,185,0.0,0.0,0.0,-0.18249458074569702,-0.04594208300113678,-0.0201543141156435,-0.3340446352958679,-0.17775891721248627,-0.02817038632929325,-0.4224057197570801,-0.3382507562637329,-0.04659749194979668,-0.46198850870132446,-0.49651750922203064,-0.05628252029418945,-0.25996458530426025,-0.4366327226161957,0.04475519061088562,-0.29703471064567566,-0.6215503811836243,-0.011108866892755032,-0.2813851237297058,-0.5228216052055359,-0.0498337484896183,-0.2576150894165039,-0.38652023673057556,-0.06379789113998413,-0.16784152388572693,-0.48859548568725586,0.03154733404517174,-0.19430412352085114,-0.6645118594169617,-0.05094084143638611,-0.17546844482421875,-0.4791540205478668,-0.09185609966516495,-0.1536768525838852,-0.29483217000961304,-0.09597385674715042,-0.08008778840303421,-0.5272494554519653,0.007721463218331337,-0.10079116374254227,-0.6836858987808228,-0.06897208839654922,-0.08997249603271484,-0.49803224205970764,-0.07421739399433136,-0.07215778529644012,-0.325167715549469,-0.05046800523996353,0.008750872686505318,-0.5416995882987976,-0.01802045851945877,0.016040131449699402,-0.7443038821220398,-0.060182955116033554,0.02170623652637005,-0.8780944347381592,-0.06658060848712921,0.02487635798752308,-1.0,-0.058100081980228424
Y,Y_session_002,186,0.0,0.0,0.0,-0.18640907108783722,-0.02940366230905056,-0.019218824803829193,-0.3374421000480652,-0.15589112043380737,-0.02717600017786026,-0.42222046852111816,-0.31959378719329834,-0.04572639986872673,-0.46400129795074463,-0.4735250771045685,-0.055642854422330856,-0.2580292820930481,-0.42294055223464966,0.038999155163764954,-0.2962395250797272,-0.6046321392059326,-0.01864892616868019,-0.27567148208618164,-0.49234825372695923,-0.057333484292030334,-0.24722567200660706,-0.3498314917087555,-0.07095811516046524,-0.16561643779277802,-0.4771716892719269,0.024218853563070297,-0.19490325450897217,-0.6535394787788391,-0.05981714278459549,-0.17292314767837524,-0.4657149612903595,-0.1001150906085968,-0.1471850723028183,-0.2828015983104706,-0.10402339696884155,-0.07755229622125626,-0.5176131725311279,-0.0008453373447991908,-0.09994149953126907,-0.6744681596755981,-0.07886738330125809,-0.08605487644672394,-0.48844823241233826,-0.08412446826696396,-0.06589160859584808,-0.31988725066185,-0.06079999357461929,0.011150093749165535,-0.5336948037147522,-0.027711382135748863,0.017250852659344673,-0.7407323718070984,-0.0710902139544487,0.020565887913107872,-0.875773012638092,-0.07802227884531021,0.02073240838944912,-1.0,-0.07031037658452988
Y,Y_session_002,187,0.0,0.0,0.0,-0.19031397998332977,-0.023180639371275902,-0.017297815531492233,-0.3419535756111145,-0.1460239589214325,-0.022399408742785454,-0.4298366904258728,-0.3077029287815094,-0.03905025124549866,-0.47629430890083313,-0.4595164656639099,-0.04726511240005493,-0.26492324471473694,-0.40591487288475037,0.0503360740840435,-0.3071437180042267,-0.5907798409461975,-0.005730858072638512,-0.28638899326324463,-0.4893312156200409,-0.045409396290779114,-0.25526943802833557,-0.35364437103271484,-0.05983905494213104,-0.17214256525039673,-0.46542447805404663,0.03474840149283409,-0.20377245545387268,-0.6480255126953125,-0.04865788295865059,-0.18175843358039856,-0.46637752652168274,-0.09167691320180893,-0.154137521982193,-0.28440067172050476,-0.09693340212106705,-0.08438325673341751,-0.5136327743530273,0.008622274734079838,-0.10821385681629181,-0.6748140454292297,-0.06894256174564362,-0.09658631682395935,-0.4878425598144531,-0.07455957680940628,-0.07620863616466522,-0.3165992796421051,-0.05091474950313568,0.006052760407328606,-0.5386037230491638,-0.019439637660980225,0.00877106562256813,-0.741952657699585,-0.0612327866256237,0.008753795176744461,-0.8766657710075378,-0.06631290912628174,0.007497901562601328,-1.0,-0.05709712579846382
Y,Y_session_002,188,0.0,0.0,0.0,-0.18642014265060425,-0.025944175198674202,-0.01827886700630188,-0.3382970988750458,-0.14923106133937836,-0.021754076704382896,-0.4299851953983307,-0.31093519926071167,-0.03701130673289299,-0.47531893849372864,-0.46585145592689514,-0.04378848150372505,-0.26500242948532104,-0.40413275361061096,0.05923258885741234,-0.31128227710723877,-0.5869645476341248,0.003804890438914299,-0.2913080155849457,-0.49231892824172974,-0.03622235730290413,-0.2601638436317444,-0.3616325259208679,-0.05122126638889313,-0.17436674237251282,-0.4655606746673584,0.044126514345407486,-0.21103131771087646,-0.6463449001312256,-0.04216032102704048,-0.18401408195495605,-0.46366894245147705,-0.08709637075662613,-0.15278083086013794,-0.282833993434906,-0.09218698740005493,-0.08813592046499252,-0.513028621673584,0.01771051250398159,-0.11643519252538681,-0.6741752624511719,-0.06390862911939621,-0.0999116525053978,-0.4870174825191498,-0.07055056840181351,-0.07553276419639587,-0.31563034653663635,-0.045466404408216476,0.0019283980363979936,-0.5385631322860718,-0.010625557042658329,0.0009655339526943862,-0.7423650622367859,-0.05444611236453056,-0.001223300932906568,-0.8770611882209778,-0.0599370077252388,-0.005687864031642675,-1.0,-0.050014328211545944
Y,Y_session_002,189,0.0,0.0,0.0,-0.18720833957195282,-0.027870114892721176,-0.020115729421377182,-0.3384089469909668,-0.1519237905740738,-0.026421012356877327,-0.4283435344696045,-0.3116424083709717,-0.043782319873571396,-0.47418084740638733,-0.4660884141921997,-0.053035199642181396,-0.26366883516311646,-0.417777419090271,0.05031358823180199,-0.3081916570663452,-0.5897420048713684,-0.0063998643308877945,-0.2914571464061737,-0.49712231755256653,-0.047765105962753296,-0.2638528645038605,-0.3676559627056122,-0.06394936889410019,-0.17386147379875183,-0.4761277437210083,0.03519992530345917,-0.20681825280189514,-0.6492959260940552,-0.05135377123951912,-0.18453221023082733,-0.46806952357292175,-0.09731970727443695,-0.1572561264038086,-0.287169873714447,-0.10399134457111359,-0.08746455609798431,-0.5206196904182434,0.00907017383724451,-0.11250124126672745,-0.6754254698753357,-0.07354966551065445,-0.10225143283605576,-0.48524460196495056,-0.08362780511379242,-0.08383392542600632,-0.31062817573547363,-0.06146356090903282,0.001522553851827979,-0.5415538549423218,-0.01880452036857605,0.0006549506215378642,-0.7443220019340515,-0.06493311375379562,-0.0007408855599351227,-0.878163754940033,-0.07310325652360916,-0.0034410397056490183,-1.0,-0.0651480108499527
Y,Y_session_002,190,0.0,0.0,0.0,-0.18598118424415588,-0.025394657626748085,-0.023785630241036415,-0.3366685211658478,-0.1489015817642212,-0.032156843692064285,-0.4295198917388916,-0.3094613254070282,-0.05086205154657364,-0.4766598045825958,-0.4641723930835724,-0.06130211055278778,-0.2640385329723358,-0.4064004421234131,0.043734416365623474,-0.30888935923576355,-0.5848304033279419,-0.013961143791675568,-0.2911863327026367,-0.4948953688144684,-0.054908387362957,-0.2634415030479431,-0.371808797121048,-0.07120820879936218,-0.17543214559555054,-0.46772345900535583,0.029574723914265633,-0.20913007855415344,-0.6459966897964478,-0.058699045330286026,-0.1869150698184967,-0.46767526865005493,-0.10436557233333588,-0.15939682722091675,-0.29037097096443176,-0.11106650531291962,-0.0894414633512497,-0.5135106444358826,0.004251641687005758,-0.11543340235948563,-0.6757028102874756,-0.08005303889513016,-0.10482010990381241,-0.48900529742240906,-0.09045106172561646,-0.08600503206253052,-0.31627190113067627,-0.06863265484571457,-0.0014980699634179473,-0.5342000722885132,-0.02312098816037178,-0.0005875452188774943,-0.7394755482673645,-0.07086227089166641,-0.0032475623302161694,-0.8763433694839478,-0.08065900206565857,-0.007371331565082073,-1.0,-0.07419625669717789
Y,Y_session_002,191,0.0,0.0,0.0,-0.18490387499332428,-0.022091127932071686,-0.023153621703386307,-0.33661651611328125,-0.14411750435829163,-0.031751736998558044,-0.42847344279289246,-0.3044995069503784,-0.050484247505664825,-0.47432249784469604,-0.459158331155777,-0.06049388274550438,-0.2615082561969757,-0.4096853733062744,0.042385149747133255,-0.3089580833911896,-0.5839967131614685,-0.015323907136917114,-0.28741148114204407,-0.48275643587112427,-0.055367644876241684,-0.25539717078208923,-0.35139572620391846,-0.0705251395702362,-0.1723487675189972,-0.4706647992134094,0.028976112604141235,-0.20872730016708374,-0.6422481536865234,-0.057751208543777466,-0.18253421783447266,-0.45957109332084656,-0.10116948932409286,-0.1511220633983612,-0.282768189907074,-0.10650189220905304,-0.08548013120889664,-0.515622079372406,0.004524608142673969,-0.11355377733707428,-0.6727392077445984,-0.07768363505601883,-0.09998943656682968,-0.4830135405063629,-0.08541911840438843,-0.07832928746938705,-0.31108614802360535,-0.06228068470954895,0.0037766294553875923,-0.5361872911453247,-0.021943118423223495,0.003995075356215239,-0.7403644323348999,-0.06853565573692322,0.001411649165675044,-0.8756662607192993,-0.07735326886177063,-0.003265115898102522,-1.0,-0.0702560618519783
Y,Y_session_002,192,0.0,0.0,0.0,-0.18481148779392242,-0.02015739679336548,-0.024402393028140068,-0.33603933453559875,-0.1462419033050537,-0.032620325684547424,-0.4285433888435364,-0.3085522949695587,-0.051072895526885986,-0.47810399532318115,-0.46101465821266174,-0.061248019337654114,-0.26119598746299744,-0.40356090664863586,0.04030681028962135,-0.30767524242401123,-0.5837664008140564,-0.017832869663834572,-0.28948089480400085,-0.4844290614128113,-0.057872310280799866,-0.2603648602962494,-0.3549676239490509,-0.07305313646793365,-0.17186680436134338,-0.46573808789253235,0.02692365273833275,-0.20666129887104034,-0.6436504125595093,-0.06104365736246109,-0.18353083729743958,-0.4625346064567566,-0.10535319894552231,-0.15396258234977722,-0.286253958940506,-0.11103146523237228,-0.08456701785326004,-0.5129902362823486,0.0025649620220065117,-0.11274533718824387,-0.6793340444564819,-0.08104589581489563,-0.10033699125051498,-0.4903307855129242,-0.09004373103380203,-0.07961487770080566,-0.3174601197242737,-0.06734525412321091,0.003961365204304457,-0.5355567336082458,-0.023867372423410416,0.004309961572289467,-0.7403702139854431,-0.07168129086494446,0.0012056543491780758,-0.8757715821266174,-0.0813584253191948,-0.0029688652139157057,-1.0,-0.07463078945875168
Y,Y_session_002,193,0.0,0.0,0.0,-0.1858161836862564,-0.021975088864564896,-0.022900423035025597,-0.33691295981407166,-0.1473306566476822,-0.030479080975055695,-0.42839330434799194,-0.3104645311832428,-0.04864421859383583,-0.4764934182167053,-0.4637328088283539,-0.05859418585896492,-0.2602928876876831,-0.4091426432132721,0.04457829147577286,-0.30753597617149353,-0.586880087852478,-0.01321661937981844,-0.2900122404098511,-0.48626476526260376,-0.054092127829790115,-0.26085299253463745,-0.35235801339149475,-0.06979713588953018,-0.1709519475698471,-0.46931689977645874,0.030824439600110054,-0.20694312453269958,-0.6433788537979126,-0.056579094380140305,-0.1838209480047226,-0.4624946117401123,-0.1019589975476265,-0.15404704213142395,-0.2860528528690338,-0.10848789662122726,-0.08397380262613297,-0.5152186751365662,0.00603133998811245,-0.11275118589401245,-0.6785719990730286,-0.07701234519481659,-0.10122404247522354,-0.488408625125885,-0.08648842573165894,-0.08088750392198563,-0.31487712264060974,-0.06421290338039398,0.004773479886353016,-0.5373438000679016,-0.020745499059557915,0.0051175812259316444,-0.74077308177948,-0.06833720952272415,0.002202593954280019,-0.875845193862915,-0.07805190235376358,-0.002123109996318817,-1.0,-0.0712522491812706
Y,Y_session_002,194,0.0,0.0,0.0,-0.18267597258090973,-0.023078380152583122,-0.027335137128829956,-0.3325943052768707,-0.14547936618328094,-0.038572750985622406,-0.42530888319015503,-0.30385369062423706,-0.05956632271409035,-0.476604163646698,-0.45772096514701843,-0.07221337407827377,-0.25587740540504456,-0.4162820875644684,0.03588268533349037,-0.3034258782863617,-0.588410496711731,-0.024517975747585297,-0.2856309413909912,-0.4820156693458557,-0.06615006178617477,-0.2556011974811554,-0.346542090177536,-0.08195482194423676,-0.16730153560638428,-0.4729319214820862,0.02356346696615219,-0.20210540294647217,-0.6441073417663574,-0.06670636683702469,-0.17997653782367706,-0.45954594016075134,-0.11232020705938339,-0.14995893836021423,-0.2812197506427765,-0.11862437427043915,-0.08019094169139862,-0.5158469676971436,3.0050394343561493e-05,-0.10792924463748932,-0.6750504374504089,-0.08583579957485199,-0.09802453219890594,-0.4784657955169678,-0.09630653262138367,-0.07890575379133224,-0.30136236548423767,-0.07404514402151108,0.00791500136256218,-0.5346447229385376,-0.025587692856788635,0.010316924192011356,-0.7382946610450745,-0.07559692859649658,0.008787729777395725,-0.8746179342269897,-0.08687186241149902,0.005222251173108816,-1.0,-0.08075939118862152
Y,Y_session_002,195,0.0,0.0,0.0,-0.17626507580280304,-0.03291631489992142,-0.027039868757128716,-0.3240158259868622,-0.16535444557666779,-0.03978129103779793,-0.4147960841655731,-0.32469141483306885,-0.061030782759189606,-0.4649471938610077,-0.47576776146888733,-0.07329673320055008,-0.24551841616630554,-0.43349045515060425,0.02460295520722866,-0.2956012487411499,-0.6075857281684875,-0.0348333902657032,-0.27595099806785583,-0.49176445603370667,-0.07401946187019348,-0.2457846701145172,-0.3534397780895233,-0.0885651707649231,-0.1590835303068161,-0.48494625091552734,0.013294631615281105,-0.19317695498466492,-0.6514543294906616,-0.07304281741380692,-0.17380724847316742,-0.46526211500167847,-0.11457978934049606,-0.1456279456615448,-0.289988249540329,-0.12004111707210541,-0.07384948432445526,-0.523653507232666,-0.00836188718676567,-0.09958644956350327,-0.6814391016960144,-0.0897674486041069,-0.09460326284170151,-0.48136699199676514,-0.09726046770811081,-0.07943610846996307,-0.30300426483154297,-0.07552259415388107,0.012525370344519615,-0.5385819673538208,-0.03206167742609978,0.018710840493440628,-0.7390404343605042,-0.08174563199281693,0.021813740953803062,-0.8745081424713135,-0.09332069754600525,0.022806165739893913,-1.0,-0.08816184103488922
Y,Y_session_002,196,0.0,0.0,0.0,-0.17304058372974396,-0.04450737312436104,-0.023777758702635765,-0.32017412781715393,-0.18218117952346802,-0.035331591963768005,-0.40694138407707214,-0.3396497070789337,-0.055263109505176544,-0.45870858430862427,-0.4814653992652893,-0.06675688177347183,-0.2344755232334137,-0.44542062282562256,0.015816079452633858,-0.27850356698036194,-0.6215090751647949,-0.042433544993400574,-0.262753427028656,-0.501112163066864,-0.07932524383068085,-0.2369164377450943,-0.3546336591243744,-0.09227469563484192,-0.1459735929965973,-0.4919438362121582,0.0037088997196406126,-0.1750638335943222,-0.65192711353302,-0.08023824542760849,-0.15853382647037506,-0.4607686698436737,-0.11840453743934631,-0.13280299305915833,-0.2797393202781677,-0.12251245975494385,-0.059817638248205185,-0.5246086716651917,-0.017670074477791786,-0.07985024899244308,-0.6793656349182129,-0.09639910608530045,-0.07665698975324631,-0.48186272382736206,-0.10336801409721375,-0.06259012967348099,-0.3038554787635803,-0.08274680376052856,0.025392552837729454,-0.5324300527572632,-0.04069896414875984,0.04035688191652298,-0.7346258759498596,-0.09091473370790482,0.0489540696144104,-0.8732923269271851,-0.10448690503835678,0.055763013660907745,-1.0,-0.10117030143737793
Y,Y_session_002,197,0.0,0.0,0.0,-0.17296674847602844,-0.05829385295510292,-0.028307126834988594,-0.32024598121643066,-0.21035520732402802,-0.04276273399591446,-0.40423038601875305,-0.3755338191986084,-0.0641804039478302,-0.4499931335449219,-0.5217849016189575,-0.07648758590221405,-0.23177950084209442,-0.47139424085617065,0.005437319632619619,-0.2637811601161957,-0.6461562514305115,-0.05530242621898651,-0.2475554496049881,-0.5128982663154602,-0.09198879450559616,-0.22782471776008606,-0.3644314408302307,-0.10441302508115768,-0.14018554985523224,-0.510465681552887,-0.004413582384586334,-0.16324013471603394,-0.6680804491043091,-0.08783818036317825,-0.1502498984336853,-0.46763211488723755,-0.12289494276046753,-0.13019995391368866,-0.2836726903915405,-0.12543806433677673,-0.05249809846282005,-0.5369306206703186,-0.023733921349048615,-0.06617456674575806,-0.6937770843505859,-0.10373349487781525,-0.0675838366150856,-0.49647048115730286,-0.11026826500892639,-0.059491485357284546,-0.31799066066741943,-0.08932488411664963,0.03332868590950966,-0.5387753248214722,-0.04469100758433342,0.049171674996614456,-0.7410745024681091,-0.09598583728075027,0.06310970336198807,-0.8767955303192139,-0.10958627611398697,0.0755348652601242,-1.0,-0.10601669549942017
Y,Y_session_002,198,0.0,0.0,0.0,-0.1678357720375061,-0.07229680567979813,-0.029572252184152603,-0.31154665350914,-0.23000980913639069,-0.04514477401971817,-0.39348289370536804,-0.39929187297821045,-0.06729766726493835,-0.4387824237346649,-0.5483300089836121,-0.07961288839578629,-0.21616391837596893,-0.48530542850494385,0.0014146860921755433,-0.2486620992422104,-0.6674291491508484,-0.06060045212507248,-0.23151497542858124,-0.5238777995109558,-0.09709189087152481,-0.21182718873023987,-0.3704938590526581,-0.10964300483465195,-0.12334619462490082,-0.5187707543373108,-0.007843688130378723,-0.145568385720253,-0.6757185459136963,-0.09283342212438583,-0.13303779065608978,-0.4741177260875702,-0.1283397376537323,-0.11431781947612762,-0.29479777812957764,-0.13169275224208832,-0.03455064073204994,-0.5401315093040466,-0.026486458256840706,-0.044920049607753754,-0.6999391913414001,-0.10582399368286133,-0.051704954355955124,-0.5026190280914307,-0.11086888611316681,-0.050281163305044174,-0.3269491493701935,-0.08995816856622696,0.05093255639076233,-0.5378972887992859,-0.047084417194128036,0.06952433288097382,-0.7383738160133362,-0.09929002076387405,0.08540020883083344,-0.8746991753578186,-0.11363289505243301,0.0997113510966301,-1.0,-0.110720694065094
Y,Y_session_002,199,0.0,0.0,0.0,-0.16351817548274994,-0.0801759660243988,-0.031059956178069115,-0.3040318489074707,-0.2512276768684387,-0.04707953333854675,-0.38519540429115295,-0.42080798745155334,-0.06968127191066742,-0.44082486629486084,-0.5584527254104614,-0.08248601853847504,-0.2134273648262024,-0.4973739683628082,-0.0026589324697852135,-0.23940132558345795,-0.6794045567512512,-0.0661514401435852,-0.22157533466815948,-0.5317494869232178,-0.10199142247438431,-0.2047240138053894,-0.3811602294445038,-0.11318767070770264,-0.1195748969912529,-0.52851802110672,-0.011706260032951832,-0.13184089958667755,-0.678514838218689,-0.09654709696769714,-0.12133155018091202,-0.472708135843277,-0.12989561259746552,-0.11050138622522354,-0.2960330843925476,-0.13171200454235077,-0.03069467842578888,-0.5462175011634827,-0.030410565435886383,-0.03254687413573265,-0.6997508406639099,-0.11070483922958374,-0.03875300660729408,-0.5050259232521057,-0.11549637466669083,-0.04186580702662468,-0.33433258533477783,-0.0938795879483223,0.05324545130133629,-0.5418866276741028,-0.05103219300508499,0.07330262660980225,-0.7447274327278137,-0.10098009556531906,0.09249042719602585,-0.8774765729904175,-0.11291919648647308,0.10917987674474716,-1.0,-0.10854260623455048
Y,Y_session_002,200,0.0,0.0,0.0,-0.16115787625312805,-0.08237022161483765,-0.0353136770427227,-0.30013591051101685,-0.2553253471851349,-0.05401966720819473,-0.381013423204422,-0.4251021444797516,-0.07847629487514496,-0.4366650879383087,-0.5654522180557251,-0.09306000918149948,-0.205446258187294,-0.5000299215316772,-0.009965990670025349,-0.22844067215919495,-0.6769741177558899,-0.07530322670936584,-0.21421799063682556,-0.5287429094314575,-0.11191444844007492,-0.20089653134346008,-0.378004789352417,-0.1238376721739769,-0.11070326715707779,-0.529741108417511,-0.01761835440993309,-0.12168055027723312,-0.6735263466835022,-0.10458649694919586,-0.11586970835924149,-0.4652447998523712,-0.1382560431957245,-0.10803114622831345,-0.2888597249984741,-0.1406172811985016,-0.02063627727329731,-0.5450592637062073,-0.03509054332971573,-0.018965749070048332,-0.6990468502044678,-0.1182171031832695,-0.028550921007990837,-0.4996401071548462,-0.12267449498176575,-0.03526657447218895,-0.325865238904953,-0.10059566795825958,0.06434732675552368,-0.5366184115409851,-0.05471999570727348,0.08790061622858047,-0.739903450012207,-0.10712017118930817,0.10945948958396912,-0.874168336391449,-0.11974301934242249,0.12759244441986084,-1.0,-0.11573539674282074
Y,Y_session_002,201,0.0,0.0,0.0,-0.1636108160018921,-0.08319651335477829,-0.035981398075819016,-0.3004480004310608,-0.25903695821762085,-0.05554535984992981,-0.3800358772277832,-0.4332689046859741,-0.08109799772500992,-0.43918079137802124,-0.5738852024078369,-0.09686512500047684,-0.20065034925937653,-0.5028900504112244,-0.013453192077577114,-0.21961557865142822,-0.6837281584739685,-0.08043725043535233,-0.20751379430294037,-0.5236979722976685,-0.11722174286842346,-0.19541701674461365,-0.37053877115249634,-0.1289917528629303,-0.10282208770513535,-0.5287485718727112,-0.021459700539708138,-0.11003918200731277,-0.6773213744163513,-0.11142430454492569,-0.10672309994697571,-0.46087855100631714,-0.14508260786533356,-0.09985941648483276,-0.2810972332954407,-0.1466226428747177,-0.010820056311786175,-0.5413024425506592,-0.03913934901356697,-0.005080424714833498,-0.6957998871803284,-0.12504753470420837,-0.017299329861998558,-0.4916873872280121,-0.12905536592006683,-0.025367489084601402,-0.3174055516719818,-0.10584970563650131,0.07569709420204163,-0.5315455794334412,-0.058940254151821136,0.10144306719303131,-0.7381025552749634,-0.11279860883951187,0.1265120506286621,-0.8731974363327026,-0.1250932216644287,0.1491793692111969,-1.0,-0.120491623878479
Y,Y_session_002,202,0.0,0.0,0.0,-0.16131888329982758,-0.09461436420679092,-0.03496062010526657,-0.29712602496147156,-0.2769850492477417,-0.054215434938669205,-0.37548261880874634,-0.4513683617115021,-0.07983481884002686,-0.4348627030849457,-0.5922013521194458,-0.0957842692732811,-0.19423040747642517,-0.513709545135498,-0.012738188728690147,-0.20865868031978607,-0.6936825513839722,-0.07985474914312363,-0.19903253018856049,-0.5325365662574768,-0.11712291836738586,-0.1916595995426178,-0.3789452612400055,-0.12940675020217896,-0.09675787389278412,-0.535921573638916,-0.02161102183163166,-0.09923794120550156,-0.6811113357543945,-0.11124754697084427,-0.09893275797367096,-0.4645625948905945,-0.1455429047346115,-0.09770096838474274,-0.28637441992759705,-0.14821480214595795,-0.00490415608510375,-0.5460194945335388,-0.04007579758763313,0.004486785735934973,-0.7015505433082581,-0.12499668449163437,-0.008753261528909206,-0.5034123063087463,-0.1296301931142807,-0.020274845883250237,-0.33206120133399963,-0.10760343819856644,0.08084408193826675,-0.5350128412246704,-0.06068990379571915,0.10837403684854507,-0.7425584197044373,-0.11369885504245758,0.13640940189361572,-0.8759816884994507,-0.12583886086940765,0.16124506294727325,-1.0,-0.12155858427286148
Y,Y_session_002,203,0.0,0.0,0.0,-0.16187521815299988,-0.09786763787269592,-0.03449327498674393,-0.29653725028038025,-0.2839604914188385,-0.05353940650820732,-0.37473824620246887,-0.4566315710544586,-0.07891742885112762,-0.43537819385528564,-0.5955973863601685,-0.09473301470279694,-0.1900245100259781,-0.521011471748352,-0.012559080496430397,-0.20521339774131775,-0.7008646726608276,-0.07885497063398361,-0.19938503205776215,-0.5434635877609253,-0.11575999855995178,-0.19290606677532196,-0.39334210753440857,-0.12788259983062744,-0.09234043210744858,-0.5390517711639404,-0.02141115441918373,-0.09724265336990356,-0.6889978647232056,-0.1100587248802185,-0.1014426127076149,-0.47780540585517883,-0.14355528354644775,-0.10018153488636017,-0.3024156987667084,-0.14562077820301056,-0.0009266017586924136,-0.5449700951576233,-0.03975442051887512,0.008077910169959068,-0.7002070546150208,-0.12487681210041046,-0.008695418015122414,-0.5018830299377441,-0.12884050607681274,-0.020643573254346848,-0.33191990852355957,-0.10592049360275269,0.08489883691072464,-0.5300377607345581,-0.06021317467093468,0.11319814622402191,-0.7394766807556152,-0.11404910683631897,0.14213037490844727,-0.8746233582496643,-0.12619206309318542,0.16978612542152405,-1.0,-0.12150122225284576
Y,Y_session_002,204,0.0,0.0,0.0,-0.16189491748809814,-0.09362876415252686,-0.036536358296871185,-0.2998756468296051,-0.2851427495479584,-0.05596373975276947,-0.3785577416419983,-0.46369874477386475,-0.08131405711174011,-0.4395177364349365,-0.6032580733299255,-0.09690762311220169,-0.19404791295528412,-0.5239325761795044,-0.016735678538680077,-0.2074260115623474,-0.7055801749229431,-0.08319112658500671,-0.1985020637512207,-0.545781672000885,-0.11853670328855515,-0.1917898952960968,-0.39254045486450195,-0.12926194071769714,-0.0950515866279602,-0.5423991680145264,-0.02488924376666546,-0.09608560800552368,-0.6871247291564941,-0.11382332444190979,-0.0990951731801033,-0.4709897041320801,-0.1468658745288849,-0.10080365091562271,-0.2951272428035736,-0.14872312545776367,-0.0027234547305852175,-0.5482999682426453,-0.04250076413154602,0.00933451484888792,-0.6986363530158997,-0.12960635125637054,-0.008377122692763805,-0.49472296237945557,-0.13474151492118835,-0.024868840351700783,-0.32381749153137207,-0.11226247251033783,0.08310198783874512,-0.5336117148399353,-0.062017109245061874,0.11325813084840775,-0.7434056997299194,-0.11713019758462906,0.14478950202465057,-0.8756777048110962,-0.12965033948421478,0.17346319556236267,-1.0,-0.12501461803913116
Y,Y_session_002,205,0.0,0.0,0.0,-0.16172608733177185,-0.09736033529043198,-0.03673385828733444,-0.29683753848075867,-0.28719401359558105,-0.056526221334934235,-0.3747149109840393,-0.4653211236000061,-0.08245720714330673,-0.4347914457321167,-0.6086832284927368,-0.09853031486272812,-0.18869206309318542,-0.5286496877670288,-0.014913038350641727,-0.19966518878936768,-0.7083671689033508,-0.08192064613103867,-0.19374622404575348,-0.5458405613899231,-0.11817626655101776,-0.18897588551044464,-0.3930286169052124,-0.12967552244663239,-0.08978850394487381,-0.5453469753265381,-0.02299417182803154,-0.09003155678510666,-0.6898797154426575,-0.11282072216272354,-0.09594260156154633,-0.47165146470069885,-0.14710555970668793,-0.09842833876609802,-0.29519644379615784,-0.14976246654987335,0.0020064394921064377,-0.5505526661872864,-0.040761321783065796,0.014879771508276463,-0.6998165845870972,-0.12894822657108307,-0.005788050126284361,-0.49710342288017273,-0.13593485951423645,-0.023422429338097572,-0.32728520035743713,-0.11463435739278793,0.08748171478509903,-0.5343231558799744,-0.06039940193295479,0.12033245712518692,-0.7439677715301514,-0.11701437085866928,0.15304706990718842,-0.8760051727294922,-0.1314346343278885,0.18289020657539368,-1.0,-0.12799547612667084
Y,Y_session_002,206,0.0,0.0,0.0,-0.16014796495437622,-0.10183960944414139,-0.03508446365594864,-0.295046865940094,-0.296142041683197,-0.05543205887079239,-0.3727520704269409,-0.4723101854324341,-0.08199760317802429,-0.4308355748653412,-0.616055965423584,-0.09871578216552734,-0.18385151028633118,-0.5349216461181641,-0.016669299453496933,-0.19487647712230682,-0.7165271639823914,-0.08429303020238876,-0.19149009883403778,-0.5570805668830872,-0.12042243778705597,-0.18694046139717102,-0.40290719270706177,-0.13155828416347504,-0.08579161018133163,-0.5480260848999023,-0.02573193609714508,-0.08583209663629532,-0.6954617500305176,-0.11565423756837845,-0.09495918452739716,-0.4795457124710083,-0.14874908328056335,-0.0980992540717125,-0.3019958436489105,-0.15047559142112732,0.005493033677339554,-0.5494657158851624,-0.04424802213907242,0.018597964197397232,-0.7007191181182861,-0.13116401433944702,-0.004874428268522024,-0.5006309747695923,-0.13631589710712433,-0.023146692663431168,-0.3317314088344574,-0.11408080905675888,0.09062487632036209,-0.5300971865653992,-0.06465021520853043,0.1246868371963501,-0.7417569756507874,-0.12018413841724396,0.15715761482715607,-0.8751678466796875,-0.13359060883522034,0.18750298023223877,-1.0,-0.12963779270648956
Y,Y_session_002,207,0.0,0.0,0.0,-0.16420744359493256,-0.09839097410440445,-0.035088617354631424,-0.29812753200531006,-0.2933211624622345,-0.05451321229338646,-0.37347304821014404,-0.47226712107658386,-0.08058259636163712,-0.43079647421836853,-0.6167645454406738,-0.09652137011289597,-0.18401667475700378,-0.5352450013160706,-0.013068227097392082,-0.19507214426994324,-0.7170891761779785,-0.08068133145570755,-0.191299706697464,-0.5505226254463196,-0.11747221648693085,-0.18716147541999817,-0.3949975371360779,-0.1292705088853836,-0.08512157946825027,-0.5479752421379089,-0.022296706214547157,-0.08606725186109543,-0.6945905685424805,-0.1127152144908905,-0.0953221544623375,-0.4753914475440979,-0.1468413770198822,-0.09901292622089386,-0.2988179624080658,-0.14932097494602203,0.007236631121486425,-0.5498201847076416,-0.04128603637218475,0.02159614861011505,-0.7029937505722046,-0.12887902557849884,-0.00247825775295496,-0.5028533935546875,-0.13452668488025665,-0.02183728665113449,-0.33476659655570984,-0.11252955347299576,0.09324086457490921,-0.531943678855896,-0.062250472605228424,0.13050436973571777,-0.7432680726051331,-0.11824890226125717,0.16502298414707184,-0.8756007552146912,-0.13192850351333618,0.1969878226518631,-1.0,-0.1280606985092163
Y,Y_session_002,208,0.0,0.0,0.0,-0.16409967839717865,-0.107488714158535,-0.031715262681245804,-0.2963651418685913,-0.30373916029930115,-0.04977253079414368,-0.3717472553253174,-0.4820077121257782,-0.07519914954900742,-0.4272381663322449,-0.6252226829528809,-0.0908152163028717,-0.18191219866275787,-0.5384074449539185,-0.007583044469356537,-0.19219765067100525,-0.7221395373344421,-0.07415410876274109,-0.19046741724014282,-0.5625282526016235,-0.11121295392513275,-0.18788133561611176,-0.4075355529785156,-0.1231531873345375,-0.08352638781070709,-0.5511195659637451,-0.017558112740516663,-0.08366177976131439,-0.6969172358512878,-0.10618353635072708,-0.09420783072710037,-0.4821913242340088,-0.14052651822566986,-0.09917870908975601,-0.3054739236831665,-0.14330227673053741,0.009052637033164501,-0.5535738468170166,-0.03702061250805855,0.022950494661927223,-0.708965539932251,-0.12254557758569717,-0.000461654388345778,-0.5101790428161621,-0.1274765431880951,-0.018949564546346664,-0.3406427502632141,-0.10513687878847122,0.09540849924087524,-0.5357002019882202,-0.058291301131248474,0.13424111902713776,-0.7449917793273926,-0.11218292266130447,0.16912829875946045,-0.8763968348503113,-0.12471694499254227,0.20107708871364594,-1.0,-0.12011730670928955
Y,Y_session_002,209,0.0,0.0,0.0,-0.1675633192062378,-0.11046064645051956,-0.03126530721783638,-0.299814909696579,-0.3111460506916046,-0.04897717013955116,-0.3731050193309784,-0.4963832497596741,-0.0741134062409401,-0.4288153648376465,-0.641734778881073,-0.08947640657424927,-0.18063431978225708,-0.5503423810005188,-0.006993838120251894,-0.19065040349960327,-0.7353070378303528,-0.07433865964412689,-0.18775911629199982,-0.5729379057884216,-0.11195901036262512,-0.1836322695016861,-0.4142877757549286,-0.12418658286333084,-0.08198382705450058,-0.5598710179328918,-0.0174268651753664,-0.08236939460039139,-0.7092700600624084,-0.10710107535123825,-0.09293079376220703,-0.49352774024009705,-0.14222432672977448,-0.0970015749335289,-0.31382861733436584,-0.14564935863018036,0.010666217654943466,-0.5591217875480652,-0.037555135786533356,0.024583322927355766,-0.7146345376968384,-0.12456180900335312,-0.001899123191833496,-0.5165653824806213,-0.1315275877714157,-0.022041359916329384,-0.3468397259712219,-0.11080002784729004,0.0970669761300087,-0.5373604893684387,-0.05932113528251648,0.14010830223560333,-0.7457442283630371,-0.11519679427146912,0.1772913783788681,-0.8764918446540833,-0.13006196916103363,0.21098314225673676,-1.0,-0.12731823325157166
Y,Y_session_002,210,0.0,0.0,0.0,-0.16596944630146027,-0.1114085465669632,-0.03381720930337906,-0.297024130821228,-0.31717902421951294,-0.0527188777923584,-0.37011122703552246,-0.5052497982978821,-0.07846160978078842,-0.4262971580028534,-0.6517781615257263,-0.0940919890999794,-0.17934009432792664,-0.5573873519897461,-0.010981614701449871,-0.18993118405342102,-0.7452635169029236,-0.07969705015420914,-0.18677102029323578,-0.5791654586791992,-0.11733310669660568,-0.18226557970046997,-0.4199497401714325,-0.12937964498996735,-0.07999220490455627,-0.5671007037162781,-0.020301975309848785,-0.07773823291063309,-0.7155036330223083,-0.11166001111268997,-0.09174328297376633,-0.49483373761177063,-0.1461343765258789,-0.09873716533184052,-0.3139687776565552,-0.14872905611991882,0.013017375953495502,-0.565807580947876,-0.03949783369898796,0.02851225808262825,-0.7226336002349854,-0.12791801989078522,-0.0010851038387045264,-0.5205680131912231,-0.13423693180084229,-0.023128166794776917,-0.34960806369781494,-0.11281365901231766,0.09833904355764389,-0.5427713394165039,-0.060472410172224045,0.14423322677612305,-0.7477173209190369,-0.11725939810276031,0.18241944909095764,-0.8764246106147766,-0.13227008283138275,0.21744483709335327,-1.0,-0.12940086424350739
Y,Y_session_002,211,0.0,0.0,0.0,-0.16610370576381683,-0.1165003627538681,-0.03279144689440727,-0.2955067455768585,-0.3262236416339874,-0.05170849710702896,-0.3664129078388214,-0.5193634629249573,-0.07742709666490555,-0.4196673035621643,-0.6709662675857544,-0.09314858168363571,-0.17495769262313843,-0.5634439587593079,-0.010700051672756672,-0.18480847775936127,-0.7517479062080383,-0.0792357549071312,-0.18182790279388428,-0.5871208906173706,-0.11709039658308029,-0.17674951255321503,-0.4266485571861267,-0.12950319051742554,-0.07490342110395432,-0.5692047476768494,-0.020684827119112015,-0.07263102382421494,-0.7226848006248474,-0.11199083179235458,-0.08868223428726196,-0.5034663081169128,-0.14682424068450928,-0.09602387249469757,-0.3218143582344055,-0.1498437374830246,0.019702719524502754,-0.5635091066360474,-0.04036436602473259,0.03531493991613388,-0.7253687381744385,-0.12839946150779724,0.0031547110993415117,-0.526167631149292,-0.13466262817382812,-0.01962250843644142,-0.35646429657936096,-0.1136542409658432,0.10732873529195786,-0.5363667011260986,-0.06170906499028206,0.15674035251140594,-0.7427748441696167,-0.11871776729822159,0.19503815472126007,-0.8737437725067139,-0.13411766290664673,0.22998815774917603,-1.0,-0.1318182647228241
Y,Y_session_002,212,0.0,0.0,0.0,-0.16906364262104034,-0.1221652701497078,-0.032094381749629974,-0.2959536015987396,-0.33675330877304077,-0.05044688284397125,-0.3643665909767151,-0.5329475402832031,-0.07651107758283615,-0.4152320921421051,-0.6890131831169128,-0.09300953149795532,-0.16949906945228577,-0.5752379894256592,-0.003652014769613743,-0.17785000801086426,-0.7592840194702148,-0.07304802536964417,-0.17817096412181854,-0.6013839244842529,-0.11346376687288284,-0.1749613881111145,-0.4409504532814026,-0.1273908168077469,-0.06804151833057404,-0.5760917067527771,-0.014899203553795815,-0.06470564007759094,-0.7327179312705994,-0.10833514481782913,-0.08497675508260727,-0.5145595073699951,-0.14619608223438263,-0.09400692582130432,-0.3269762396812439,-0.15041162073612213,0.02761862799525261,-0.5658805966377258,-0.0362672433257103,0.04588080197572708,-0.7317246794700623,-0.12681011855602264,0.010847924277186394,-0.5329479575157166,-0.1349875032901764,-0.012816776521503925,-0.3598893880844116,-0.11414728313684464,0.11600147932767868,-0.5332582592964172,-0.059351131319999695,0.16728226840496063,-0.740530788898468,-0.11800485849380493,0.20637427270412445,-0.8729715943336487,-0.13412652909755707,0.24338550865650177,-1.0,-0.13177132606506348
Y,Y_session_002,213,0.0,0.0,0.0,-0.1726607382297516,-0.12666642665863037,-0.027650833129882812,-0.30036669969558716,-0.3452654480934143,-0.04374496266245842,-0.3674047589302063,-0.5404482483863831,-0.06838631629943848,-0.4164838194847107,-0.693248987197876,-0.08378325402736664,-0.16913442313671112,-0.5801909565925598,0.0009488335344940424,-0.17606055736541748,-0.762047290802002,-0.066558837890625,-0.1746440976858139,-0.608636736869812,-0.10647456347942352,-0.1713843196630478,-0.44756975769996643,-0.11998849362134933,-0.06611921638250351,-0.5791173577308655,-0.012020665220916271,-0.06373395025730133,-0.7339277863502502,-0.10258898138999939,-0.08229280263185501,-0.5188558101654053,-0.139743372797966,-0.0914539024233818,-0.3302275538444519,-0.14385360479354858,0.03127894550561905,-0.5674512386322021,-0.034707263112068176,0.04878053441643715,-0.7289388179779053,-0.12230565398931503,0.013789724558591843,-0.5332068204879761,-0.1296306848526001,-0.01110151782631874,-0.3608497381210327,-0.1086566299200058,0.1210351511836052,-0.5344381928443909,-0.05881989002227783,0.174708753824234,-0.741728663444519,-0.11395195126533508,0.21407939493656158,-0.8739325404167175,-0.12783662974834442,0.2499370127916336,-1.0,-0.1243891566991806
Y,Y_session_002,214,0.0,0.0,0.0,-0.17542734742164612,-0.13119445741176605,-0.02774815820157528,-0.3018639087677002,-0.3564433753490448,-0.044667914509773254,-0.3670477867126465,-0.5609589219093323,-0.07044000178575516,-0.4112658202648163,-0.7220873832702637,-0.08693845570087433,-0.16274404525756836,-0.5913882255554199,0.001333046006038785,-0.16816268861293793,-0.7784726023674011,-0.06779060512781143,-0.16959187388420105,-0.6225149631500244,-0.10901639610528946,-0.16843993961811066,-0.4569619596004486,-0.12346094846725464,-0.057344794273376465,-0.5836789011955261,-0.012452992610633373,-0.05257515236735344,-0.7490441203117371,-0.10493990033864975,-0.07678885757923126,-0.5285940766334534,-0.1427624374628067,-0.08874713629484177,-0.3337176442146301,-0.14730042219161987,0.04261783882975578,-0.5669708847999573,-0.03604588657617569,0.0631735548377037,-0.7399701476097107,-0.1251813769340515,0.022508224472403526,-0.538192629814148,-0.13133104145526886,-0.005252190865576267,-0.36006420850753784,-0.109530508518219,0.13507238030433655,-0.5283864140510559,-0.06120118126273155,0.19114603102207184,-0.7382121086120605,-0.118443064391613,0.23256324231624603,-0.8715692162513733,-0.13256894052028656,0.27129021286964417,-1.0,-0.12910811603069305
Y,Y_session_002,215,0.0,0.0,0.0,-0.1745886504650116,-0.14024189114570618,-0.027724403887987137,-0.2996215522289276,-0.37255123257637024,-0.04506649821996689,-0.36088982224464417,-0.5826830863952637,-0.07123342156410217,-0.3971577286720276,-0.75086909532547,-0.0884908065199852,-0.15246400237083435,-0.6091080904006958,0.0015373937785625458,-0.15917113423347473,-0.7907642722129822,-0.06775382906198502,-0.16450229287147522,-0.6391949653625488,-0.11018124222755432,-0.16707570850849152,-0.4686821401119232,-0.12501075863838196,-0.04624480381608009,-0.5956790447235107,-0.012193265371024609,-0.041702985763549805,-0.7580044269561768,-0.104005366563797,-0.07090266048908234,-0.5414955615997314,-0.14352478086948395,-0.0880209356546402,-0.3407708704471588,-0.14906463027000427,0.054404426366090775,-0.5734171271324158,-0.03565144166350365,0.07488401234149933,-0.7384718656539917,-0.12543469667434692,0.028526585549116135,-0.5384294986724854,-0.13434998691082,-0.0041019730269908905,-0.3586365878582001,-0.11396404355764389,0.14804959297180176,-0.5290248990058899,-0.06037699058651924,0.20954576134681702,-0.7373265027999878,-0.11780183762311935,0.2532701790332794,-0.8713665008544922,-0.1328457146883011,0.29341191053390503,-1.0,-0.12982577085494995
Y,Y_session_002,216,0.0,0.0,0.0,-0.17547059059143066,-0.1505315750837326,-0.027358777821063995,-0.2959153950214386,-0.392356812953949,-0.04439368471503258,-0.3539588153362274,-0.6076341867446899,-0.07065467536449432,-0.3901008665561676,-0.7787924408912659,-0.08783872425556183,-0.1419936716556549,-0.6167839765548706,0.0032304986380040646,-0.1458899825811386,-0.8100151419639587,-0.0668526440858841,-0.15688560903072357,-0.6579000949859619,-0.10992185026407242,-0.16361777484416962,-0.4860009253025055,-0.12535211443901062,-0.036325495690107346,-0.5969148278236389,-0.011653531342744827,-0.030041581019759178,-0.7705828547477722,-0.1041383445262909,-0.06378232687711716,-0.5595880150794983,-0.1435936838388443,-0.08362219482660294,-0.3602456748485565,-0.14933224022388458,0.06356614083051682,-0.5684146285057068,-0.03669094294309616,0.08704972267150879,-0.7454037070274353,-0.12493625283241272,0.036462537944316864,-0.5564743876457214,-0.132570281624794,0.0009842129657045007,-0.3819613754749298,-0.11229999363422394,0.15628613531589508,-0.5195662975311279,-0.06341863423585892,0.22106245160102844,-0.7312111854553223,-0.1192791610956192,0.2647530436515808,-0.8688815236091614,-0.13380004465579987,0.3050134479999542,-1.0,-0.131299689412117
Y,Y_session_002,217,0.0,0.0,0.0,-0.17527765035629272,-0.15493305027484894,-0.031333692371845245,-0.2926881015300751,-0.40330439805984497,-0.05010988190770149,-0.3472205102443695,-0.6247082948684692,-0.07763393968343735,-0.37863653898239136,-0.8049380779266357,-0.0956411063671112,-0.13567286729812622,-0.6302202939987183,0.000454460532637313,-0.13871268928050995,-0.8263893723487854,-0.07052810490131378,-0.15257447957992554,-0.6718840003013611,-0.11366710066795349,-0.16115808486938477,-0.5010045170783997,-0.12954476475715637,-0.0313364639878273,-0.6091963648796082,-0.013257430866360664,-0.02534201554954052,-0.7836647629737854,-0.1075122207403183,-0.062351029366254807,-0.5716515183448792,-0.1478143036365509,-0.08379767835140228,-0.37559327483177185,-0.15423265099525452,0.06771636754274368,-0.577812910079956,-0.03756653517484665,0.09022418409585953,-0.7506465315818787,-0.1276041716337204,0.03579509258270264,-0.5564981698989868,-0.13460643589496613,-0.0021671371068805456,-0.38170325756073,-0.1137673407793045,0.16070400178432465,-0.5259139537811279,-0.06406942009925842,0.22488509118556976,-0.7355595827102661,-0.1215759739279747,0.26971983909606934,-0.8700746893882751,-0.1363631933927536,0.31149837374687195,-1.0,-0.13404707610607147
Y,Y_session_002,218,0.0,0.0,0.0,-0.17576400935649872,-0.16083544492721558,-0.03075232170522213,-0.2903815507888794,-0.41165831685066223,-0.049215275794267654,-0.3435038626194,-0.6342134475708008,-0.07655825465917587,-0.3768768012523651,-0.8138856887817383,-0.09380921721458435,-0.13092578947544098,-0.6350236535072327,0.00017195775581058115,-0.1344362050294876,-0.8348574042320251,-0.07041965425014496,-0.14826007187366486,-0.6699469685554504,-0.11150657385587692,-0.15435944497585297,-0.49760013818740845,-0.12569652497768402,-0.0267650056630373,-0.6127755641937256,-0.013554612174630165,-0.02091621235013008,-0.787946879863739,-0.10741794854402542,-0.05689120665192604,-0.5726649165153503,-0.14543794095516205,-0.07570063322782516,-0.37835219502449036,-0.1500236988067627,0.07129541039466858,-0.5796583890914917,-0.03787475451827049,0.09309138357639313,-0.7519810199737549,-0.12656532227993011,0.04006599634885788,-0.5576347708702087,-0.131563201546669,0.004495487082749605,-0.38354864716529846,-0.1094679981470108,0.16280090808868408,-0.5276225209236145,-0.06448617577552795,0.22996388375759125,-0.737044095993042,-0.12083731591701508,0.27628809213638306,-0.8711944222450256,-0.13497522473335266,0.3195066452026367,-1.0,-0.13226434588432312
Y,Y_session_002,219,0.0,0.0,0.0,-0.17710502445697784,-0.1642000824213028,-0.03069431148469448,-0.29115164279937744,-0.4136033058166504,-0.04964565113186836,-0.34463658928871155,-0.6365566849708557,-0.07769094407558441,-0.379810094833374,-0.8176738023757935,-0.09572624415159225,-0.13298912346363068,-0.6290372610092163,0.00128144898917526,-0.135940819978714,-0.8365300297737122,-0.07033336907625198,-0.14846697449684143,-0.674964964389801,-0.1128162294626236,-0.15508629381656647,-0.5046380758285522,-0.1276215761899948,-0.02924421802163124,-0.6071317195892334,-0.012590305879712105,-0.02267891727387905,-0.7860031723976135,-0.10664635896682739,-0.05843097344040871,-0.5739846229553223,-0.14528636634349823,-0.07899445295333862,-0.3823472261428833,-0.15010876953601837,0.06885180622339249,-0.5753061771392822,-0.037220925092697144,0.09061209112405777,-0.7497630715370178,-0.1250760704278946,0.038709674030542374,-0.5578978657722473,-0.12963928282260895,0.003467608941718936,-0.3853262960910797,-0.10708963125944138,0.160663902759552,-0.5260227918624878,-0.0643104836344719,0.22818869352340698,-0.736049234867096,-0.1188800185918808,0.27411720156669617,-0.8710951209068298,-0.13180603086948395,0.31672653555870056,-1.0,-0.12821580469608307
Y,Y_session_002,220,0.0,0.0,0.0,-0.17619270086288452,-0.16637657582759857,-0.028429975733160973,-0.2873191833496094,-0.41999953985214233,-0.04611919820308685,-0.33879396319389343,-0.6438120007514954,-0.07310124486684799,-0.3706471025943756,-0.8230038285255432,-0.0899374857544899,-0.12923641502857208,-0.6309404373168945,0.001830743975006044,-0.13337311148643494,-0.8421587944030762,-0.069892518222332,-0.14556914567947388,-0.6780897974967957,-0.1121877133846283,-0.15172435343265533,-0.5058731436729431,-0.12702353298664093,-0.026717623695731163,-0.6068989038467407,-0.013030891306698322,-0.02061407081782818,-0.7910813093185425,-0.10675624758005142,-0.05616327375173569,-0.5826709270477295,-0.14535962045192719,-0.07650968432426453,-0.39205676317214966,-0.15072879195213318,0.07081130892038345,-0.574180543422699,-0.03839676082134247,0.09116214513778687,-0.7533433437347412,-0.12446905672550201,0.03861229494214058,-0.5644921064376831,-0.12840978801250458,0.0026586500462144613,-0.39347895979881287,-0.1065591350197792,0.16223964095115662,-0.5251292586326599,-0.0662481039762497,0.23099158704280853,-0.734271764755249,-0.12025562673807144,0.27660858631134033,-0.870150625705719,-0.1335209459066391,0.31831374764442444,-1.0,-0.13074268400669098
Y,Y_session_002,221,0.0,0.0,0.0,-0.1758936047554016,-0.16761240363121033,-0.027570342645049095,-0.28447023034095764,-0.4242774248123169,-0.045044928789138794,-0.33368727564811707,-0.649416983127594,-0.07187754660844803,-0.36710450053215027,-0.826373279094696,-0.08859828114509583,-0.126229390501976,-0.6331363916397095,0.000859777326695621,-0.1325661838054657,-0.846061646938324,-0.0713532343506813,-0.14245116710662842,-0.675342321395874,-0.11440761387348175,-0.14761526882648468,-0.4985027015209198,-0.12965962290763855,-0.02454647235572338,-0.6081605553627014,-0.01441118586808443,-0.018745603039860725,-0.7949652075767517,-0.10729407519102097,-0.05332290381193161,-0.5869484543800354,-0.1459438055753708,-0.07431178539991379,-0.3968864977359772,-0.15191122889518738,0.07311759144067764,-0.5730940699577332,-0.03990621492266655,0.09408100694417953,-0.7557466626167297,-0.12401782721281052,0.040757857263088226,-0.565096378326416,-0.12624382972717285,0.003328942693769932,-0.39256730675697327,-0.10393236577510834,0.16513578593730927,-0.5213454961776733,-0.06803259998559952,0.23453831672668457,-0.7315959334373474,-0.12053961306810379,0.27952441573143005,-0.8691519498825073,-0.1324349194765091,0.3203772008419037,-1.0,-0.12902578711509705
Y,Y_session_002,222,0.0,0.0,0.0,-0.1705065667629242,-0.17292974889278412,-0.023342711851000786,-0.2763530910015106,-0.4272989332675934,-0.03965581953525543,-0.3244136869907379,-0.6465097665786743,-0.06598439812660217,-0.35477614402770996,-0.8225731253623962,-0.08266631513834,-0.12244179099798203,-0.6360069513320923,0.006204728968441486,-0.12699192762374878,-0.8419480323791504,-0.06287909299135208,-0.1380428671836853,-0.6840969324111938,-0.10499365627765656,-0.14545734226703644,-0.5113762617111206,-0.11994519829750061,-0.022759228944778442,-0.6136149168014526,-0.009664598852396011,-0.018638746812939644,-0.791042149066925,-0.09773121774196625,-0.052986785769462585,-0.5904788970947266,-0.13539060950279236,-0.07452046871185303,-0.40469124913215637,-0.14153029024600983,0.07450161874294281,-0.5787466764450073,-0.035211026668548584,0.0900317057967186,-0.7557116746902466,-0.11604733020067215,0.03910895809531212,-0.5655195116996765,-0.11771313846111298,0.004475708585232496,-0.3926522135734558,-0.09540385007858276,0.16625021398067474,-0.525081217288971,-0.0629601776599884,0.23588882386684418,-0.7330653071403503,-0.11370231956243515,0.27977412939071655,-0.8699063658714294,-0.12470480054616928,0.31908750534057617,-1.0,-0.12063494324684143
Y,Y_session_002,223,0.0,0.0,0.0,-0.17106696963310242,-0.18029537796974182,-0.018231844529509544,-0.2741450369358063,-0.433025598526001,-0.03189216926693916,-0.3185725808143616,-0.6466699838638306,-0.05683934688568115,-0.3477194011211395,-0.8177652955055237,-0.07252614945173264,-0.12234025448560715,-0.6351680755615234,0.015580893494188786,-0.13033290207386017,-0.8390188217163086,-0.05341591686010361,-0.13809561729431152,-0.6810688376426697,-0.09684813767671585,-0.14251253008842468,-0.5088239312171936,-0.1120762974023819,-0.024308957159519196,-0.6112182140350342,-0.0027291602455079556,-0.02114037796854973,-0.7969970107078552,-0.09020765125751495,-0.05467653647065163,-0.6024448275566101,-0.12906233966350555,-0.077274389564991,-0.4150310754776001,-0.135329470038414,0.07158496975898743,-0.5759934186935425,-0.030940642580389977,0.08465484529733658,-0.7538576722145081,-0.10902265459299088,0.03492182120680809,-0.5719865560531616,-0.11206326633691788,0.0016211613547056913,-0.40169718861579895,-0.09064435958862305,0.16185331344604492,-0.5238561034202576,-0.061350058764219284,0.23065172135829926,-0.7323688864707947,-0.10844356566667557,0.27132487297058105,-0.8709959387779236,-0.11913371086120605,0.30683276057243347,-1.0,-0.11526259034872055
Y,Y_session_002,224,0.0,0.0,0.0,-0.17348463833332062,-0.17576926946640015,-0.015384101308882236,-0.2766685485839844,-0.42992258071899414,-0.026975594460964203,-0.32017815113067627,-0.6428487300872803,-0.050537288188934326,-0.3503081798553467,-0.8109244108200073,-0.06509256362915039,-0.12420342117547989,-0.6305146813392639,0.019285427406430244,-0.13402825593948364,-0.8367085456848145,-0.049491994082927704,-0.14089827239513397,-0.6774929165840149,-0.0928848385810852,-0.14383748173713684,-0.5024660229682922,-0.107993945479393,-0.025529783219099045,-0.607612133026123,-3.458543142187409e-05,-0.02569659613072872,-0.7931399345397949,-0.08775424212217331,-0.05950551852583885,-0.5938067436218262,-0.12672357261180878,-0.081293985247612,-0.404529869556427,-0.13278904557228088,0.07089775055646896,-0.5721989870071411,-0.029114652425050735,0.08176881074905396,-0.7493459582328796,-0.10718699544668198,0.0303614754229784,-0.5612230896949768,-0.10964228212833405,-0.004016411490738392,-0.3885785937309265,-0.08757337182760239,0.16153831779956818,-0.5195696353912354,-0.06018427759408951,0.22912909090518951,-0.7279157638549805,-0.10683611780405045,0.2678318917751312,-0.8678979873657227,-0.11713218688964844,0.3013542592525482,-1.0,-0.11296188086271286
Y,Y_session_002,225,0.0,0.0,0.0,-0.17067979276180267,-0.1744052767753601,-0.018992960453033447,-0.27352896332740784,-0.42505118250846863,-0.03237267583608627,-0.31670886278152466,-0.6395826935768127,-0.056902285665273666,-0.3421103358268738,-0.8099743723869324,-0.07194055616855621,-0.12339287996292114,-0.6289656758308411,0.017947835847735405,-0.1328243464231491,-0.8316413164138794,-0.051519446074962616,-0.13872580230236053,-0.6694664359092712,-0.09516599029302597,-0.14177630841732025,-0.49731653928756714,-0.11057551950216293,-0.026680460199713707,-0.6078174114227295,0.0004969248548150063,-0.027209430932998657,-0.7847599387168884,-0.08749135583639145,-0.06050565093755722,-0.5856245160102844,-0.12659116089344025,-0.08246687799692154,-0.4026683568954468,-0.13306784629821777,0.06823123246431351,-0.5739020109176636,-0.02724643051624298,0.07923658192157745,-0.7503589391708374,-0.10633724182844162,0.026859277859330177,-0.5639620423316956,-0.10912329703569412,-0.009425916709005833,-0.394174188375473,-0.08718593418598175,0.15685270726680756,-0.5223671197891235,-0.05723368749022484,0.22146150469779968,-0.7298622727394104,-0.10504993796348572,0.2593625783920288,-0.8682164549827576,-0.11602163314819336,0.2924889028072357,-1.0,-0.11198373138904572
Y,Y_session_002,226,0.0,0.0,0.0,-0.17061614990234375,-0.17134036123752594,-0.020862827077507973,-0.273752897977829,-0.42374280095100403,-0.03365020081400871,-0.3154720664024353,-0.6408770680427551,-0.057390861213207245,-0.3430017828941345,-0.8113675713539124,-0.07142386585474014,-0.12449441850185394,-0.6294289827346802,0.018617426976561546,-0.1355566680431366,-0.8296396732330322,-0.050926122814416885,-0.14265486598014832,-0.6619346141815186,-0.09400675445795059,-0.14488454163074493,-0.4903150498867035,-0.10899510979652405,-0.028194500133395195,-0.6097573041915894,0.0017781432252377272,-0.031227339059114456,-0.7894818186759949,-0.08737485110759735,-0.06280631572008133,-0.5854719877243042,-0.12587250769138336,-0.08107049763202667,-0.4023790955543518,-0.13102272152900696,0.06591905653476715,-0.5761402249336243,-0.025822319090366364,0.07482719421386719,-0.7542533874511719,-0.1053660437464714,0.025193430483341217,-0.56428062915802,-0.10696931183338165,-0.007726867683231831,-0.39381128549575806,-0.08363828808069229,0.1544608175754547,-0.5251637101173401,-0.055992551147937775,0.21622233092784882,-0.7314251661300659,-0.10372880846261978,0.2519530653953552,-0.8680984377861023,-0.11409338563680649,0.2832995653152466,-1.0,-0.10935930162668228
Y,Y_session_002,227,0.0,0.0,0.0,-0.16844774782657623,-0.17260950803756714,-0.01942632533609867,-0.27139824628829956,-0.42833828926086426,-0.03110560216009617,-0.3129006028175354,-0.6427321434020996,-0.053483303636312485,-0.3416892886161804,-0.8087872862815857,-0.06648644804954529,-0.12368995696306229,-0.6325559616088867,0.016175154596567154,-0.13552358746528625,-0.8298711180686951,-0.052066411823034286,-0.1446090191602707,-0.6616472005844116,-0.09387751668691635,-0.148528054356575,-0.4919537603855133,-0.10838384926319122,-0.028354419395327568,-0.6115396022796631,-0.001101105473935604,-0.032624751329422,-0.7889400124549866,-0.08981504291296005,-0.06702966243028641,-0.5855650901794434,-0.12743698060512543,-0.0875118151307106,-0.40380582213401794,-0.1320282220840454,0.06492236256599426,-0.5756402611732483,-0.028699716553092003,0.07182634621858597,-0.7511323690414429,-0.10764014720916748,0.02030303329229355,-0.5639054179191589,-0.10968470573425293,-0.014368521980941296,-0.39635396003723145,-0.08696845918893814,0.1528172791004181,-0.5235989689826965,-0.058583710342645645,0.21401382982730865,-0.7306746244430542,-0.1062631756067276,0.2489163875579834,-0.8676538467407227,-0.1171189397573471,0.27888262271881104,-1.0,-0.11299962550401688
Y,Y_session_002,228,0.0,0.0,0.0,-0.1679214984178543,-0.1753683090209961,-0.015860561281442642,-0.26966723799705505,-0.431395560503006,-0.02544250711798668,-0.311779648065567,-0.6435829401016235,-0.046881698071956635,-0.33869773149490356,-0.8087089657783508,-0.05924588814377785,-0.11929120868444443,-0.6299525499343872,0.022243978455662727,-0.1335885226726532,-0.8287608623504639,-0.04500928148627281,-0.14308412373065948,-0.6620950102806091,-0.08650343865156174,-0.1468401998281479,-0.49250730872154236,-0.10060735046863556,-0.02529030293226242,-0.6090071797370911,0.0036827311851084232,-0.03176591917872429,-0.7833961248397827,-0.08394274860620499,-0.06643438339233398,-0.5786735415458679,-0.12225675582885742,-0.08735717833042145,-0.39833709597587585,-0.12733879685401917,0.06741975247859955,-0.5740509629249573,-0.02500150538980961,0.07250773906707764,-0.748546302318573,-0.10309474170207977,0.02113172970712185,-0.5591607093811035,-0.10576476156711578,-0.013610705733299255,-0.39159443974494934,-0.08336705714464188,0.15468686819076538,-0.5234506726264954,-0.05570385605096817,0.2162119448184967,-0.7314141988754272,-0.10228919982910156,0.25149282813072205,-0.8680775761604309,-0.11290880292654037,0.2815380096435547,-1.0,-0.10855363309383392
Y,Y_session_002,229,0.0,0.0,0.0,-0.16754987835884094,-0.17734405398368835,-0.016995243728160858,-0.2677689790725708,-0.4364514946937561,-0.027046481147408485,-0.3074137568473816,-0.6512730717658997,-0.04863203316926956,-0.3304642140865326,-0.8191222548484802,-0.06082821264863014,-0.1180802658200264,-0.6329824328422546,0.020259598270058632,-0.12991158664226532,-0.8322855830192566,-0.04724081605672836,-0.14065928757190704,-0.6625993847846985,-0.0880696251988411,-0.14545340836048126,-0.4943057596683502,-0.10192250460386276,-0.02348690666258335,-0.6113494634628296,0.002084738342091441,-0.028735104948282242,-0.7871599197387695,-0.08579044044017792,-0.06441012024879456,-0.5819799900054932,-0.12321405112743378,-0.08559820801019669,-0.4023081362247467,-0.12777382135391235,0.06968825310468674,-0.5749833583831787,-0.02627810835838318,0.07558991014957428,-0.7499865889549255,-0.1044662594795227,0.02317381463944912,-0.5593350529670715,-0.10576776415109634,-0.01209420245140791,-0.391956090927124,-0.08260706067085266,0.15764151513576508,-0.5224354267120361,-0.056825876235961914,0.21972264349460602,-0.7296226024627686,-0.10366134345531464,0.25540852546691895,-0.8667014837265015,-0.113983154296875,0.2858037054538727,-1.0,-0.10955681651830673
Y,Y_session_002,230,0.0,0.0,0.0,-0.1654520332813263,-0.1793576031923294,-0.016837680712342262,-0.26392000913619995,-0.4430904984474182,-0.026403013616800308,-0.3019319772720337,-0.6580390930175781,-0.04741295054554939,-0.32838115096092224,-0.8248545527458191,-0.05900130793452263,-0.11515966057777405,-0.641298234462738,0.019039586186408997,-0.128367081284523,-0.8383347392082214,-0.04804084822535515,-0.13990303874015808,-0.6666384935379028,-0.08794035017490387,-0.14500045776367188,-0.4988430142402649,-0.10123716294765472,-0.021410027518868446,-0.6196101307868958,0.0008088233298622072,-0.02850639820098877,-0.7916173338890076,-0.08657252788543701,-0.06476101279258728,-0.587682843208313,-0.12332796305418015,-0.08618639409542084,-0.4105434715747833,-0.12752273678779602,0.07103759795427322,-0.5823191404342651,-0.027553213760256767,0.0746842697262764,-0.753150463104248,-0.10618449747562408,0.021744705736637115,-0.5623173713684082,-0.10792852193117142,-0.013735468499362469,-0.39672404527664185,-0.08497024327516556,0.15815892815589905,-0.5290640592575073,-0.057946376502513885,0.21960315108299255,-0.7342012524604797,-0.10537552088499069,0.25570565462112427,-0.8684171438217163,-0.11611028015613556,0.2867073714733124,-1.0,-0.11189939081668854
Y,Y_session_002,231,0.0,0.0,0.0,-0.167227640748024,-0.17592880129814148,-0.01613890565931797,-0.2653782069683075,-0.4405190646648407,-0.02479240857064724,-0.30160534381866455,-0.657600462436676,-0.0446629524230957,-0.3302394449710846,-0.8241283893585205,-0.055343154817819595,-0.11878251284360886,-0.6345424056053162,0.017751142382621765,-0.13095153868198395,-0.836580753326416,-0.046945031732320786,-0.14030371606349945,-0.6667217016220093,-0.0853070318698883,-0.14442016184329987,-0.49646052718162537,-0.0979076400399208,-0.02362135611474514,-0.6128793954849243,-8.083342981990427e-05,-0.02990267612040043,-0.7874218225479126,-0.0847967118024826,-0.06440460681915283,-0.5861760377883911,-0.12038129568099976,-0.08510125428438187,-0.40877410769462585,-0.12471435964107513,0.07051286846399307,-0.5764462947845459,-0.027643373236060143,0.07577622681856155,-0.7516695261001587,-0.10459022969007492,0.023039905354380608,-0.5640251636505127,-0.10641033202409744,-0.01229457464069128,-0.3978176712989807,-0.08430751413106918,0.15948820114135742,-0.52500981092453,-0.05703354626893997,0.222992405295372,-0.7316871285438538,-0.10402077436447144,0.2598705589771271,-0.868145763874054,-0.11513408273458481,0.2913212478160858,-1.0,-0.11162436008453369
Y,Y_session_002,232,0.0,0.0,0.0,-0.16738642752170563,-0.17559000849723816,-0.018193546682596207,-0.2677028179168701,-0.44443777203559875,-0.027457891032099724,-0.3047447204589844,-0.6612157225608826,-0.04752977937459946,-0.331805944442749,-0.8287823796272278,-0.05827992036938667,-0.11987846344709396,-0.6394476890563965,0.013171900063753128,-0.1309070587158203,-0.8414827585220337,-0.05273469537496567,-0.1410973072052002,-0.6667155623435974,-0.09145864844322205,-0.1455363929271698,-0.49315130710601807,-0.10464437305927277,-0.023355675861239433,-0.6173174977302551,-0.004392421804368496,-0.02859574183821678,-0.7893826961517334,-0.09124806523323059,-0.06383580714464188,-0.5844221711158752,-0.12707793712615967,-0.08460686355829239,-0.40510183572769165,-0.1316191405057907,0.0712672770023346,-0.5787857174873352,-0.03193037584424019,0.07845423370599747,-0.7503613829612732,-0.11060238629579544,0.02567952685058117,-0.5635756254196167,-0.11325809359550476,-0.010540775954723358,-0.3978287875652313,-0.09185609966516495,0.16008958220481873,-0.5252975821495056,-0.061435356736183167,0.2242278754711151,-0.7325424551963806,-0.11041975021362305,0.2613835334777832,-0.8690236806869507,-0.12314755469560623,0.2928414046764374,-1.0,-0.12093032896518707
Y,Y_session_002,233,0.0,0.0,0.0,-0.16553321480751038,-0.17655888199806213,-0.02320283092558384,-0.26838409900665283,-0.4405316412448883,-0.03682851046323776,-0.30910927057266235,-0.6572835445404053,-0.060406818985939026,-0.3351708948612213,-0.8273391723632812,-0.07379492372274399,-0.12386688590049744,-0.6429914832115173,0.006747366860508919,-0.13263702392578125,-0.8423426747322083,-0.06415761262178421,-0.13753479719161987,-0.6624411940574646,-0.10544303804636002,-0.13925014436244965,-0.48680970072746277,-0.1193649023771286,-0.02620079182088375,-0.621036946773529,-0.009053296409547329,-0.029290270060300827,-0.7885197997093201,-0.10020609200000763,-0.05895323306322098,-0.5770676732063293,-0.13572974503040314,-0.07643155753612518,-0.3958740830421448,-0.1391497254371643,0.06909435242414474,-0.5818630456924438,-0.03553052619099617,0.07916552573442459,-0.7521926760673523,-0.11769772320985794,0.030163435265421867,-0.5621839165687561,-0.11894509941339493,-0.0043810768984258175,-0.3944856822490692,-0.09550275653600693,0.15768851339817047,-0.5271663069725037,-0.06438663601875305,0.22154073417186737,-0.7338576316833496,-0.11488299816846848,0.25968292355537415,-0.8696458339691162,-0.1269427388906479,0.2921364903450012,-1.0,-0.12353559583425522
Y,Y_session_002,234,0.0,0.0,0.0,-0.16429974138736725,-0.17135313153266907,-0.023916132748126984,-0.2683405876159668,-0.4346243143081665,-0.038353923708200455,-0.3110179901123047,-0.6523722410202026,-0.06244264915585518,-0.34148725867271423,-0.8233475685119629,-0.07656972855329514,-0.12720902264118195,-0.6425862312316895,0.003921127878129482,-0.1349145919084549,-0.8430750370025635,-0.06633571535348892,-0.1402713656425476,-0.6669210195541382,-0.10728442668914795,-0.14264686405658722,-0.49205899238586426,-0.12133374065160751,-0.029265154153108597,-0.6217380166053772,-0.011866927146911621,-0.02983197383582592,-0.7907211780548096,-0.10178656876087189,-0.06018988415598869,-0.580277681350708,-0.1371866762638092,-0.07820113748311996,-0.3983096480369568,-0.14112499356269836,0.06568637490272522,-0.583409309387207,-0.038099683821201324,0.07644151896238327,-0.7517893314361572,-0.1202273890376091,0.02770441770553589,-0.5607468485832214,-0.12235359847545624,-0.006018579937517643,-0.3921239376068115,-0.09999288618564606,0.15416264533996582,-0.529322624206543,-0.0666036456823349,0.2182428389787674,-0.7370548844337463,-0.11791539192199707,0.25805750489234924,-0.8719043135643005,-0.13063399493694305,0.2928963601589203,-1.0,-0.12796694040298462
Y,Y_session_002,235,0.0,0.0,0.0,-0.16230814158916473,-0.16555634140968323,-0.030924206599593163,-0.2707357108592987,-0.42595788836479187,-0.04945402219891548,-0.3157956600189209,-0.6432824730873108,-0.07610508799552917,-0.3465396463871002,-0.8186839818954468,-0.0920756459236145,-0.1315494179725647,-0.6481790542602539,-0.00687432661652565,-0.13708873093128204,-0.8394950032234192,-0.07987555116415024,-0.1411111056804657,-0.6551698446273804,-0.12136781215667725,-0.1435542106628418,-0.47904786467552185,-0.13564129173755646,-0.0304209366440773,-0.6271755695343018,-0.020275652408599854,-0.029187185689806938,-0.7875591516494751,-0.11409322917461395,-0.056927505880594254,-0.5694101452827454,-0.1492428332567215,-0.07403161376714706,-0.38603711128234863,-0.15251463651657104,0.06620722264051437,-0.5865069627761841,-0.04453078284859657,0.08070802688598633,-0.7483185529708862,-0.13237364590168,0.03291405364871025,-0.5502893924713135,-0.13468855619430542,-0.0024641200434416533,-0.37884578108787537,-0.11118483543395996,0.15530842542648315,-0.5286487340927124,-0.0712016299366951,0.2190578132867813,-0.7372322082519531,-0.12685415148735046,0.26152050495147705,-0.8712285757064819,-0.14048074185848236,0.29786568880081177,-1.0,-0.13770146667957306
Y,Y_session_002,236,0.0,0.0,0.0,-0.16407187283039093,-0.16395504772663116,-0.03179459646344185,-0.275894433259964,-0.419966459274292,-0.050169866532087326,-0.32450273633003235,-0.6372936367988586,-0.07684739679098129,-0.3587404191493988,-0.8111203908920288,-0.0925832986831665,-0.13936661183834076,-0.639660656452179,-0.00408587884157896,-0.14498507976531982,-0.826075553894043,-0.07701291143894196,-0.14538080990314484,-0.6418879628181458,-0.11829731613397598,-0.14503848552703857,-0.47089219093322754,-0.1323441118001938,-0.038454871624708176,-0.6224672198295593,-0.016911566257476807,-0.037143465131521225,-0.7731339335441589,-0.11002179980278015,-0.060049086809158325,-0.5526263117790222,-0.14545108377933502,-0.07358676940202713,-0.3757050335407257,-0.1493215411901474,0.057216010987758636,-0.5886295437812805,-0.04089977592229843,0.07393220067024231,-0.748275876045227,-0.12970903515815735,0.02958136796951294,-0.5489295721054077,-0.1329525113105774,-0.004388120025396347,-0.3797787129878998,-0.10988523066043854,0.1446189135313034,-0.5379703640937805,-0.06729225814342499,0.20738735795021057,-0.7451104521751404,-0.12349601835012436,0.251712441444397,-0.8749397993087769,-0.13727708160877228,0.2901113033294678,-1.0,-0.1342923641204834
Y,Y_session_002,237,0.0,0.0,0.0,-0.16576871275901794,-0.15991076827049255,-0.03195277974009514,-0.27861976623535156,-0.4079977869987488,-0.05013106390833855,-0.32887789607048035,-0.6238308548927307,-0.07663498818874359,-0.3665333688259125,-0.7965824604034424,-0.09241367876529694,-0.14089414477348328,-0.6230181455612183,-0.003464252222329378,-0.14680561423301697,-0.8126227259635925,-0.07420181483030319,-0.1499098539352417,-0.6311048269271851,-0.11356551200151443,-0.14951127767562866,-0.4654897451400757,-0.12646108865737915,-0.03895276412367821,-0.6079494953155518,-0.015678318217396736,-0.036401696503162384,-0.7616572976112366,-0.10717647522687912,-0.06012643128633499,-0.540359616279602,-0.1416819989681244,-0.07298427820205688,-0.3650239109992981,-0.14481186866760254,0.057020753622055054,-0.5789250135421753,-0.03865646943449974,0.07593535631895065,-0.740515410900116,-0.1271231323480606,0.03386257588863373,-0.5395710468292236,-0.12988343834877014,0.002644498134031892,-0.37042856216430664,-0.10609390586614609,0.14532935619354248,-0.53379887342453,-0.06385162472724915,0.20620299875736237,-0.7444251775741577,-0.11935365200042725,0.2501312494277954,-0.8747882843017578,-0.13182586431503296,0.28869882225990295,-1.0,-0.1276436448097229
Y,Y_session_002,238,0.0,0.0,0.0,-0.16897468268871307,-0.15918970108032227,-0.03240690380334854,-0.28553858399391174,-0.40043944120407104,-0.051800910383462906,-0.33771705627441406,-0.616995096206665,-0.07983284443616867,-0.3761919140815735,-0.7907916307449341,-0.09733610600233078,-0.1459292322397232,-0.6176450252532959,-0.005536242853850126,-0.14854495227336884,-0.8036211133003235,-0.07784904539585114,-0.15193262696266174,-0.6210073232650757,-0.11793377995491028,-0.15296848118305206,-0.45730388164520264,-0.13128401339054108,-0.041764337569475174,-0.6024691462516785,-0.01841099001467228,-0.036215201020240784,-0.7536215782165527,-0.11298932135105133,-0.06094205752015114,-0.5272698402404785,-0.1489204317331314,-0.07598935067653656,-0.35165274143218994,-0.15253953635692596,0.05532803013920784,-0.5763341784477234,-0.04198109731078148,0.07697214186191559,-0.7338849306106567,-0.13452723622322083,0.03404167294502258,-0.5282861590385437,-0.1386072337627411,0.0004788519872818142,-0.3590039014816284,-0.11464682221412659,0.14391757547855377,-0.5340632796287537,-0.06753083318471909,0.20477834343910217,-0.7457660436630249,-0.12573261559009552,0.2503918409347534,-0.8743902444839478,-0.13863149285316467,0.2902776598930359,-1.0,-0.1341065913438797
Y,Y_session_002,239,0.0,0.0,0.0,-0.166046142578125,-0.16011185944080353,-0.03213850036263466,-0.2836839258670807,-0.39450952410697937,-0.05137991905212402,-0.3401666283607483,-0.604860246181488,-0.07943860441446304,-0.3786601126194,-0.7765315175056458,-0.09738225489854813,-0.14538122713565826,-0.6121508479118347,0.0006576725281774998,-0.14790678024291992,-0.7923583984375,-0.06908291578292847,-0.1530638337135315,-0.6242538094520569,-0.10933192074298859,-0.1544780433177948,-0.46373221278190613,-0.12300247699022293,-0.04232708737254143,-0.6002479195594788,-0.011221435852348804,-0.03687485679984093,-0.7444111704826355,-0.10368505120277405,-0.061152420938014984,-0.5232878923416138,-0.14064837992191315,-0.0747436061501503,-0.343085378408432,-0.1448824256658554,0.05385339632630348,-0.5782787799835205,-0.03381701558828354,0.07595895230770111,-0.7325697541236877,-0.12458501011133194,0.034624792635440826,-0.5305169820785522,-0.1301475167274475,0.003501197323203087,-0.35722875595092773,-0.10706572979688644,0.1415243148803711,-0.538641095161438,-0.05834116041660309,0.20087437331676483,-0.7478105425834656,-0.11479956656694412,0.24611371755599976,-0.8772688508033752,-0.12763544917106628,0.28623950481414795,-1.0,-0.12300322949886322
Y,Y_session_002,240,0.0,0.0,0.0,-0.1691291481256485,-0.15502765774726868,-0.0292595773935318,-0.29102015495300293,-0.385036826133728,-0.046303004026412964,-0.34421372413635254,-0.5961653590202332,-0.07310884445905685,-0.378732293844223,-0.7672573328018188,-0.09041786938905716,-0.1578916311264038,-0.6032171845436096,0.005304536782205105,-0.15537987649440765,-0.7810954451560974,-0.06353263556957245,-0.16091257333755493,-0.6238143444061279,-0.10386967658996582,-0.1655607372522354,-0.4671717584133148,-0.11727764457464218,-0.0541536919772625,-0.5932159423828125,-0.007400942035019398,-0.04444687440991402,-0.7358750700950623,-0.09971968084573746,-0.06865553557872772,-0.5153331756591797,-0.1370714157819748,-0.08557259291410446,-0.3310345709323883,-0.14085257053375244,0.042399048805236816,-0.5760709047317505,-0.03060084767639637,0.06778980046510696,-0.7298324704170227,-0.12160541117191315,0.02901284024119377,-0.5261900424957275,-0.12773467600345612,-0.0016534742899239063,-0.34946978092193604,-0.10404642671346664,0.13008928298950195,-0.5407843589782715,-0.05546116828918457,0.18832899630069733,-0.7488902807235718,-0.11119937896728516,0.23325881361961365,-0.878359854221344,-0.12340211868286133,0.27383729815483093,-1.0,-0.11773986369371414
Y,Y_session_002,241,0.0,0.0,0.0,-0.1682426631450653,-0.14719904959201813,-0.026165638118982315,-0.28914323449134827,-0.37809237837791443,-0.039117418229579926,-0.34061646461486816,-0.5881754159927368,-0.0620194748044014,-0.3758717179298401,-0.750950276851654,-0.07585983723402023,-0.16390641033649445,-0.5996924042701721,0.010441508144140244,-0.15616177022457123,-0.7727816104888916,-0.056155938655138016,-0.15443718433380127,-0.6150059700012207,-0.09490634500980377,-0.1558186560869217,-0.46038952469825745,-0.10715176910161972,-0.06242088973522186,-0.5944064855575562,-0.0019241529516875744,-0.04704804718494415,-0.7360248565673828,-0.0928393080830574,-0.06534460186958313,-0.5132216811180115,-0.13072673976421356,-0.08065199851989746,-0.33128926157951355,-0.1344282478094101,0.03226634860038757,-0.5815371870994568,-0.024456333369016647,0.06124310567975044,-0.7280535697937012,-0.11529555171728134,0.024908222258090973,-0.5242753624916077,-0.12498011440038681,-0.007608052808791399,-0.35177162289619446,-0.10329313576221466,0.11820331960916519,-0.5493040084838867,-0.04801001772284508,0.17508433759212494,-0.756844162940979,-0.10443301498889923,0.22089555859565735,-0.8823381662368774,-0.11850124597549438,0.26064854860305786,-1.0,-0.11369278281927109
Y,Y_session_002,242,0.0,0.0,0.0,-0.1677490919828415,-0.13687613606452942,-0.03567587956786156,-0.29052725434303284,-0.3563189208507538,-0.053575508296489716,-0.34411635994911194,-0.568378210067749,-0.0796961858868599,-0.3738299012184143,-0.739392876625061,-0.09527258574962616,-0.16972807049751282,-0.5871285796165466,0.0036816580686718225,-0.1631128191947937,-0.7611689567565918,-0.06714046746492386,-0.15561561286449432,-0.5919526219367981,-0.10810048878192902,-0.15225933492183685,-0.4343304932117462,-0.12172605842351913,-0.06834692507982254,-0.588408350944519,-0.005178006831556559,-0.05211285129189491,-0.7306501269340515,-0.09956564009189606,-0.06424610316753387,-0.5044772028923035,-0.1377769410610199,-0.07669549435377121,-0.32562848925590515,-0.14162378013134003,0.02558850310742855,-0.579160749912262,-0.025503046810626984,0.05485156178474426,-0.7274219989776611,-0.11944105476140976,0.023874880746006966,-0.5218543410301208,-0.12823961675167084,-0.006249497644603252,-0.3509167432785034,-0.10569684207439423,0.11018184572458267,-0.549430787563324,-0.04782396927475929,0.16597802937030792,-0.7558391690254211,-0.1069340780377388,0.2117466926574707,-0.8809411525726318,-0.12179261445999146,0.25059938430786133,-1.0,-0.11720947176218033
Y,Y_session_002,243,0.0,0.0,0.0,-0.16497628390789032,-0.12912067770957947,-0.04085160419344902,-0.290957510471344,-0.3381620943546295,-0.06047994643449783,-0.34735941886901855,-0.5494592189788818,-0.08622648566961288,-0.3737269937992096,-0.7226954102516174,-0.1000341847538948,-0.18050195276737213,-0.576987624168396,-0.0058717126958072186,-0.16365256905555725,-0.751857578754425,-0.07595168799161911,-0.15346841514110565,-0.5743408799171448,-0.11281793564558029,-0.14954997599124908,-0.41788533329963684,-0.12411167472600937,-0.07703953236341476,-0.5839409828186035,-0.011343895457684994,-0.05534395948052406,-0.7273073792457581,-0.1042490303516388,-0.06289056688547134,-0.4964863657951355,-0.13754738867282867,-0.07278022170066833,-0.32397618889808655,-0.13890047371387482,0.017142469063401222,-0.5792737007141113,-0.028533386066555977,0.0482105053961277,-0.7308453917503357,-0.12162858992815018,0.022315414622426033,-0.5262129902839661,-0.1278735250234604,-0.005177888087928295,-0.3605194091796875,-0.10447484999895096,0.10054212808609009,-0.5516019463539124,-0.04799811169505119,0.15463440120220184,-0.7583815455436707,-0.10752791166305542,0.20032788813114166,-0.8807080984115601,-0.12270436435937881,0.23805689811706543,-1.0,-0.118667833507061
Y,Y_session_002,244,0.0,0.0,0.0,-0.16311383247375488,-0.12486494332551956,-0.04247421771287918,-0.28923168778419495,-0.32760289311408997,-0.06318335235118866,-0.34708502888679504,-0.5363910794258118,-0.08919255435466766,-0.37362775206565857,-0.7108694911003113,-0.10347872227430344,-0.18107864260673523,-0.569105863571167,-0.011241446249186993,-0.16750958561897278,-0.7411379814147949,-0.08072955161333084,-0.15231335163116455,-0.5703606605529785,-0.11686088889837265,-0.14521630108356476,-0.41336899995803833,-0.1276855617761612,-0.07917648553848267,-0.5818066000938416,-0.01604592613875866,-0.05565899610519409,-0.7234768867492676,-0.10878430306911469,-0.06125449016690254,-0.49367818236351013,-0.14111553132534027,-0.07180444151163101,-0.3148917555809021,-0.14174529910087585,0.013411211781203747,-0.5798870325088501,-0.03232625871896744,0.045352526009082794,-0.7304388880729675,-0.12551629543304443,0.02368263341486454,-0.5287806987762451,-0.13250663876533508,-0.0005742285284213722,-0.3621034026145935,-0.10989712923765182,0.09519442915916443,-0.5519806146621704,-0.050902109593153,0.14923542737960815,-0.7589635252952576,-0.11119961738586426,0.1929062008857727,-0.8819409012794495,-0.12692701816558838,0.2292291522026062,-1.0,-0.1234811544418335
Y,Y_session_002,245,0.0,0.0,0.0,-0.1636192947626114,-0.11821744590997696,-0.04677808657288551,-0.2896852195262909,-0.31529536843299866,-0.06913638859987259,-0.3482692539691925,-0.5264620780944824,-0.09596234560012817,-0.3741973638534546,-0.7045255303382874,-0.11076779663562775,-0.1852826029062271,-0.5630467534065247,-0.012249808758497238,-0.17114371061325073,-0.7255670428276062,-0.08138449490070343,-0.15427857637405396,-0.550608217716217,-0.11671401560306549,-0.14533649384975433,-0.3966812193393707,-0.12706805765628815,-0.08420991152524948,-0.5783373117446899,-0.015234476886689663,-0.0621037632226944,-0.7151792645454407,-0.10775912553071976,-0.06538666784763336,-0.48259595036506653,-0.14009064435958862,-0.07318553328514099,-0.307437926530838,-0.14072230458259583,0.007633531931787729,-0.577369749546051,-0.030224639922380447,0.03830336034297943,-0.7238076329231262,-0.12482287734746933,0.020299015566706657,-0.5214287042617798,-0.13269926607608795,0.000333017494995147,-0.3572322726249695,-0.1101965606212616,0.08964849263429642,-0.5501406788825989,-0.047744911164045334,0.14115120470523834,-0.7585044503211975,-0.1086534857749939,0.18491524457931519,-0.8818133473396301,-0.12475671619176865,0.22210808098316193,-1.0,-0.12147433310747147
Y,Y_session_002,246,0.0,0.0,0.0,-0.16031435132026672,-0.10824760049581528,-0.05039636418223381,-0.28922370076179504,-0.30294713377952576,-0.075177863240242,-0.35109296441078186,-0.5114725232124329,-0.10334113240242004,-0.3761335611343384,-0.6936143040657043,-0.11933101713657379,-0.18605086207389832,-0.5565177798271179,-0.020454630255699158,-0.17302639782428741,-0.7229102253913879,-0.08976856619119644,-0.155220627784729,-0.5528519153594971,-0.12428503483533859,-0.1449461728334427,-0.39802616834640503,-0.13420499861240387,-0.08558227121829987,-0.5744858980178833,-0.021916018798947334,-0.06183657422661781,-0.7085551023483276,-0.11482726037502289,-0.0640646368265152,-0.4772338271141052,-0.14651967585086823,-0.07129967957735062,-0.30072617530822754,-0.14697250723838806,0.006251850165426731,-0.5742763876914978,-0.03517983481287956,0.03895483911037445,-0.7220946550369263,-0.13064482808113098,0.024914249777793884,-0.5214464068412781,-0.1387287825345993,0.00783590879291296,-0.3569418787956238,-0.11656728386878967,0.08877266943454742,-0.5471172332763672,-0.05106146261096001,0.1394774615764618,-0.7581790685653687,-0.11411067843437195,0.18362677097320557,-0.8825028538703918,-0.13124044239521027,0.22199448943138123,-1.0,-0.12847800552845
Y,Y_session_002,247,0.0,0.0,0.0,-0.1601441353559494,-0.1117529645562172,-0.05239269137382507,-0.28675517439842224,-0.3053278923034668,-0.0789426788687706,-0.3490365743637085,-0.5142379403114319,-0.10873910039663315,-0.3728092610836029,-0.696877121925354,-0.12615589797496796,-0.18664386868476868,-0.5591076612472534,-0.021045908331871033,-0.17299561202526093,-0.7239507436752319,-0.0919690653681755,-0.15417902171611786,-0.5534727573394775,-0.12842975556850433,-0.144309401512146,-0.3960042893886566,-0.13933901488780975,-0.08605670183897018,-0.5754858255386353,-0.02183849737048149,-0.06174108013510704,-0.7094956636428833,-0.11627885699272156,-0.0626639723777771,-0.4770406484603882,-0.1500767320394516,-0.07000569254159927,-0.29528698325157166,-0.15169410407543182,0.006306534167379141,-0.5753973126411438,-0.03460444137454033,0.038562241941690445,-0.7227903604507446,-0.13101214170455933,0.02209107019007206,-0.5189442038536072,-0.14018560945987701,0.001927148550748825,-0.34859880805015564,-0.11837947368621826,0.08896098285913467,-0.5480620265007019,-0.05014659836888313,0.1398588865995407,-0.7590305209159851,-0.11307717114686966,0.18405339121818542,-0.8835510015487671,-0.13016566634178162,0.22134490311145782,-1.0,-0.1271647959947586
Y,Y_session_002,248,0.0,0.0,0.0,-0.16230791807174683,-0.11101877689361572,-0.05344218388199806,-0.29255911707878113,-0.3086990416049957,-0.07875426113605499,-0.3559749722480774,-0.5213116407394409,-0.10716024041175842,-0.38066336512565613,-0.7065011858940125,-0.12306608259677887,-0.18955452740192413,-0.5558969974517822,-0.019328230991959572,-0.17764422297477722,-0.7281093001365662,-0.08919980376958847,-0.15848441421985626,-0.5590474605560303,-0.12497304379940033,-0.14798800647258759,-0.40247106552124023,-0.13570484519004822,-0.08669491857290268,-0.573100209236145,-0.019453905522823334,-0.06323814392089844,-0.712660014629364,-0.11458766460418701,-0.0641593337059021,-0.47723838686943054,-0.14914266765117645,-0.07131459563970566,-0.2905876040458679,-0.1509510576725006,0.0069662658497691154,-0.5744035243988037,-0.03168352320790291,0.03833429887890816,-0.7259920835494995,-0.12901538610458374,0.022310998290777206,-0.5183684825897217,-0.1389770805835724,0.002945832908153534,-0.3427344560623169,-0.11744630336761475,0.09077955037355423,-0.5491779446601868,-0.046751927584409714,0.14294274151325226,-0.7583358883857727,-0.1107366681098938,0.18805117905139923,-0.8837019801139832,-0.1291227787733078,0.22648528218269348,-1.0,-0.12710076570510864
Y,Y_session_002,249,0.0,0.0,0.0,-0.16425730288028717,-0.11044968664646149,-0.052253466099500656,-0.29363733530044556,-0.3095379173755646,-0.07766368985176086,-0.3565008044242859,-0.5210354328155518,-0.10678771883249283,-0.3804073631763458,-0.7075197696685791,-0.12379029393196106,-0.1898188591003418,-0.5630420446395874,-0.01703541725873947,-0.17841406166553497,-0.7309476137161255,-0.08793432265520096,-0.15829479694366455,-0.5622301697731018,-0.12555094063282013,-0.14794012904167175,-0.4050752818584442,-0.13738183677196503,-0.08595305681228638,-0.5780448913574219,-0.01828773505985737,-0.06260602921247482,-0.7135905027389526,-0.11447544395923615,-0.06445781886577606,-0.4775213599205017,-0.15057657659053802,-0.07290878146886826,-0.2890503406524658,-0.1531311571598053,0.009522922337055206,-0.577011227607727,-0.03165323659777641,0.04036274924874306,-0.7251513004302979,-0.1310124397277832,0.02410283498466015,-0.5163047909736633,-0.14256809651851654,0.004611755721271038,-0.3405417501926422,-0.12146089971065521,0.0955878347158432,-0.5489452481269836,-0.04762514680624008,0.14764484763145447,-0.7591196894645691,-0.11334733664989471,0.19454319775104523,-0.8839696049690247,-0.13238535821437836,0.23507870733737946,-1.0,-0.13029204308986664
Y,Y_session_002,250,0.0,0.0,0.0,-0.16375181078910828,-0.11779288947582245,-0.050399668514728546,-0.2929811477661133,-0.3246084153652191,-0.07493743300437927,-0.3548685610294342,-0.5364716053009033,-0.10345753282308578,-0.3770791292190552,-0.7228087782859802,-0.11978959292173386,-0.1852308213710785,-0.5719906091690063,-0.015372819267213345,-0.17720167338848114,-0.7437669634819031,-0.08651339262723923,-0.16035130620002747,-0.5732100009918213,-0.12492405623197556,-0.15064440667629242,-0.41459429264068604,-0.1375778764486313,-0.08128736168146133,-0.5814058780670166,-0.017902040854096413,-0.060788340866565704,-0.722438633441925,-0.11480935662984848,-0.0664231926202774,-0.48708009719848633,-0.15182317793369293,-0.07537519186735153,-0.29962149262428284,-0.15509063005447388,0.014734623022377491,-0.5753641128540039,-0.032399557530879974,0.045047737658023834,-0.7335357666015625,-0.13142961263656616,0.02586749754846096,-0.526793897151947,-0.14265069365501404,0.005874259397387505,-0.3510475754737854,-0.12183982878923416,0.10117171704769135,-0.5434232950210571,-0.04949256032705307,0.15304671227931976,-0.7542083263397217,-0.11562185734510422,0.1999063789844513,-0.8814569115638733,-0.13510707020759583,0.2420513778924942,-1.0,-0.1336095929145813
Y,Y_session_002,251,0.0,0.0,0.0,-0.16646747291088104,-0.12070973217487335,-0.046159498393535614,-0.2941628396511078,-0.3334600031375885,-0.06831856817007065,-0.352586954832077,-0.5455906391143799,-0.09584758430719376,-0.3749927878379822,-0.729065477848053,-0.11179525405168533,-0.18069468438625336,-0.5821654200553894,-0.009020142257213593,-0.1716560423374176,-0.7478116154670715,-0.0809645876288414,-0.15639063715934753,-0.5758113861083984,-0.12141282111406326,-0.14820152521133423,-0.41513144969940186,-0.1349240392446518,-0.0753147229552269,-0.5892549157142639,-0.013702666386961937,-0.05612514540553093,-0.7267540693283081,-0.10992167145013809,-0.06272538006305695,-0.4919377863407135,-0.14751338958740234,-0.07300746440887451,-0.303410142660141,-0.15089096128940582,0.021859312430024147,-0.580565333366394,-0.0303852166980505,0.0501721128821373,-0.730808675289154,-0.1286996752023697,0.02920474112033844,-0.5213136672973633,-0.1395772099494934,0.0066046216525137424,-0.3453575372695923,-0.11812109500169754,0.10874930769205093,-0.5460201501846313,-0.049432266503572464,0.16332092881202698,-0.7559770941734314,-0.11390046775341034,0.21045911312103271,-0.8817735314369202,-0.13185714185237885,0.25073403120040894,-1.0,-0.12917029857635498
Y,Y_session_002,252,0.0,0.0,0.0,-0.16903378069400787,-0.12842115759849548,-0.039889127016067505,-0.2944282293319702,-0.3448292911052704,-0.058627307415008545,-0.3529687821865082,-0.5568035244941711,-0.08455155789852142,-0.37394797801971436,-0.7376878261566162,-0.09942086786031723,-0.17631204426288605,-0.5816313028335571,0.004258055239915848,-0.1675780713558197,-0.753714382648468,-0.06543181091547012,-0.15818358957767487,-0.5865229964256287,-0.10624874383211136,-0.15318536758422852,-0.4283474087715149,-0.12032127380371094,-0.07126614451408386,-0.5840795636177063,-0.0026208164636045694,-0.05446595698595047,-0.7277330756187439,-0.0975424200296402,-0.06549211591482162,-0.49829110503196716,-0.13710609078407288,-0.07560995221138,-0.312127023935318,-0.14171701669692993,0.025589514523744583,-0.57449871301651,-0.021426992490887642,0.05374235287308693,-0.729193389415741,-0.11589469760656357,0.02503437176346779,-0.5286941528320312,-0.12720505893230438,-0.0017734490102156997,-0.3558896780014038,-0.106722392141819,0.11258925497531891,-0.5426210165023804,-0.04244454950094223,0.16796110570430756,-0.752183198928833,-0.10241875052452087,0.21253231167793274,-0.8807376027107239,-0.11940620839595795,0.2509029805660248,-1.0,-0.11680249124765396
Y,Y_session_002,253,0.0,0.0,0.0,-0.17272672057151794,-0.13061565160751343,-0.03532995656132698,-0.29887905716896057,-0.35300490260124207,-0.052931852638721466,-0.3559255003929138,-0.56742924451828,-0.07897423207759857,-0.37631574273109436,-0.7472409605979919,-0.09425652027130127,-0.1736135184764862,-0.5774526000022888,0.0034920843318104744,-0.17052634060382843,-0.7669472098350525,-0.06663256138563156,-0.16533342003822327,-0.5941988229751587,-0.10682225227355957,-0.16121137142181396,-0.42971596121788025,-0.12040843069553375,-0.06861256808042526,-0.5768821835517883,-0.006246952340006828,-0.05542464926838875,-0.7346264123916626,-0.10162950307130814,-0.06949616223573685,-0.5046758651733398,-0.13957853615283966,-0.07888802140951157,-0.3182657063007355,-0.14298026263713837,0.02850031666457653,-0.5661063194274902,-0.027199653908610344,0.05644770711660385,-0.7340326309204102,-0.11943292617797852,0.025189168751239777,-0.5288454294204712,-0.12536343932151794,-0.0017506851581856608,-0.35244065523147583,-0.10181739926338196,0.11564674228429794,-0.5349155068397522,-0.05045156553387642,0.16832253336906433,-0.7455008625984192,-0.10869184881448746,0.2098589837551117,-0.8767508864402771,-0.12240816652774811,0.2473810613155365,-1.0,-0.11764116585254669
Y,Y_session_002,254,0.0,0.0,0.0,-0.16825543344020844,-0.1367526650428772,-0.03787136450409889,-0.2926310896873474,-0.3574015200138092,-0.05740024149417877,-0.35184580087661743,-0.5704460144042969,-0.08477874845266342,-0.37155279517173767,-0.7529945373535156,-0.10091142356395721,-0.1757097989320755,-0.586784303188324,0.005071266088634729,-0.17598824203014374,-0.7726696729660034,-0.0661570206284523,-0.1701490432024002,-0.6024167537689209,-0.10729397088289261,-0.16578929126262665,-0.4410754144191742,-0.12088955193758011,-0.07139139622449875,-0.5866256952285767,-0.003295417409390211,-0.06195615977048874,-0.7401464581489563,-0.09822766482830048,-0.07307551056146622,-0.5154642462730408,-0.13645392656326294,-0.0816718190908432,-0.33237773180007935,-0.13922715187072754,0.025092238560318947,-0.5752886533737183,-0.023442409932613373,0.046475619077682495,-0.7352712750434875,-0.11437404155731201,0.01754458248615265,-0.5344793796539307,-0.12005754560232162,-0.008013403043150902,-0.3611988425254822,-0.09565860033035278,0.1119212657213211,-0.5439661741256714,-0.04617539048194885,0.15879103541374207,-0.7507318258285522,-0.10120202600955963,0.1953941136598587,-0.8795636892318726,-0.11281654238700867,0.22705213725566864,-1.0,-0.10625334829092026
Y,Y_session_002,255,0.0,0.0,0.0,-0.16713978350162506,-0.13582894206047058,-0.036628346890211105,-0.29083991050720215,-0.3555220663547516,-0.056556668132543564,-0.34995129704475403,-0.5656254887580872,-0.08453157544136047,-0.372805655002594,-0.7431780695915222,-0.10146772861480713,-0.17694887518882751,-0.5818077921867371,0.003109806450083852,-0.18029449880123138,-0.7675700783729553,-0.07009847462177277,-0.17025136947631836,-0.5994504690170288,-0.11274538189172745,-0.16271230578422546,-0.4376447796821594,-0.12698428332805634,-0.07421326637268066,-0.5826717019081116,-0.0062539535574615,-0.06712451577186584,-0.7378372550010681,-0.10273942351341248,-0.0741165354847908,-0.5152391791343689,-0.14124050736427307,-0.0794292613863945,-0.3318883180618286,-0.14394068717956543,0.021993819624185562,-0.5721455812454224,-0.027282031252980232,0.04100470617413521,-0.7348804473876953,-0.11789669841527939,0.01604163646697998,-0.5345751047134399,-0.12225022166967392,-0.005821123719215393,-0.36034896969795227,-0.09696918725967407,0.10900463163852692,-0.5422332286834717,-0.05103537440299988,0.15470732748508453,-0.7498815655708313,-0.10554976016283035,0.18989835679531097,-0.879300057888031,-0.11652738600969315,0.22024279832839966,-1.0,-0.10957739502191544
Y,Y_session_002,256,0.0,0.0,0.0,-0.17159447073936462,-0.13335831463336945,-0.032750051468610764,-0.29302990436553955,-0.35343796014785767,-0.05139854550361633,-0.3474736213684082,-0.5625551342964172,-0.07870019227266312,-0.3705928325653076,-0.7399678230285645,-0.09522826969623566,-0.1722363829612732,-0.5832939147949219,0.006519664078950882,-0.18151937425136566,-0.7672199606895447,-0.06496162712574005,-0.17622287571430206,-0.5978304743766785,-0.10730486363172531,-0.1693945676088333,-0.4361475706100464,-0.12228954583406448,-0.07128416746854782,-0.5838087797164917,-0.0048998016864061356,-0.07063862681388855,-0.7401202917098999,-0.09805614501237869,-0.08167499303817749,-0.5183207392692566,-0.1358390599489212,-0.08571942150592804,-0.3408702611923218,-0.13962823152542114,0.025070667266845703,-0.571499228477478,-0.027573149651288986,0.03745752200484276,-0.7358092069625854,-0.11514069139957428,0.008120373822748661,-0.529869794845581,-0.11704187095165253,-0.013662436045706272,-0.3558303415775299,-0.09178339689970016,0.11441926658153534,-0.5388975143432617,-0.05296938493847847,0.15921828150749207,-0.7450509667396545,-0.10684827715158463,0.1916925013065338,-0.8750906586647034,-0.11694958806037903,0.2201705425977707,-1.0,-0.11019248515367508
Y,Y_session_002,257,0.0,0.0,0.0,-0.17013494670391083,-0.13609933853149414,-0.029316000640392303,-0.29188406467437744,-0.35787004232406616,-0.04718966782093048,-0.3460899293422699,-0.5659515857696533,-0.07381422072649002,-0.36734408140182495,-0.7433536052703857,-0.09004071354866028,-0.1743202656507492,-0.5860951542854309,0.007033799774944782,-0.1870471090078354,-0.7734435200691223,-0.06289585679769516,-0.18085189163684845,-0.6095719337463379,-0.10495422035455704,-0.17414893209934235,-0.44527480006217957,-0.11983295530080795,-0.07463869452476501,-0.5869287252426147,-0.005486692301928997,-0.07838098704814911,-0.7433271408081055,-0.09527052938938141,-0.08920719474554062,-0.5265317559242249,-0.1322098672389984,-0.0939541906118393,-0.3477438986301422,-0.1362610161304474,0.022006165236234665,-0.5732159614562988,-0.028691226616501808,0.029468372464179993,-0.7372163534164429,-0.11240513622760773,-9.481474262429401e-05,-0.5344358086585999,-0.11377423256635666,-0.021838434040546417,-0.35996007919311523,-0.08924690634012222,0.11201735585927963,-0.5394352078437805,-0.05435637757182121,0.15283991396427155,-0.7456464767456055,-0.10515059530735016,0.18230709433555603,-0.8762063384056091,-0.1139768585562706,0.2079065889120102,-1.0,-0.10706541687250137
Y,Y_session_002,258,0.0,0.0,0.0,-0.17003221809864044,-0.13820457458496094,-0.024878107011318207,-0.2909078001976013,-0.36350610852241516,-0.03966972976922989,-0.34218630194664,-0.569534182548523,-0.0638260692358017,-0.3624093532562256,-0.7423068284988403,-0.07838203758001328,-0.1732587367296219,-0.5912480354309082,0.011115074157714844,-0.185640349984169,-0.773405909538269,-0.056479454040527344,-0.1812552511692047,-0.61473548412323,-0.0979812890291214,-0.1763126701116562,-0.44941526651382446,-0.11233048886060715,-0.07388224452733994,-0.5894418358802795,-0.0028011437971144915,-0.07763411849737167,-0.742781400680542,-0.09014219045639038,-0.08899304270744324,-0.5297831296920776,-0.12693774700164795,-0.09467598050832748,-0.3485707640647888,-0.13058137893676758,0.02235952951014042,-0.5732666254043579,-0.026857975870370865,0.02879384718835354,-0.729949414730072,-0.10840341448783875,-0.00027922148001380265,-0.5296745300292969,-0.1106456071138382,-0.021726787090301514,-0.35539335012435913,-0.08661188930273056,0.11273549497127533,-0.5378723740577698,-0.05287789925932884,0.15392149984836578,-0.7442381381988525,-0.10199697315692902,0.1815057098865509,-0.8756726384162903,-0.11030511558055878,0.20423121750354767,-1.0,-0.10301829874515533
Y,Y_session_002,259,0.0,0.0,0.0,-0.1724647879600525,-0.1329125463962555,-0.024146540090441704,-0.2962592840194702,-0.3535088002681732,-0.038282666355371475,-0.3482397496700287,-0.5597960948944092,-0.06150628998875618,-0.3675907850265503,-0.7343114614486694,-0.07440272718667984,-0.18294499814510345,-0.5805522799491882,0.011102377437055111,-0.19587188959121704,-0.7726508975028992,-0.05448530241847038,-0.18751731514930725,-0.611956775188446,-0.09364902973175049,-0.1803463250398636,-0.4438783526420593,-0.10654712468385696,-0.08411400765180588,-0.5834589600563049,-0.0022612782195210457,-0.08879248797893524,-0.7432045936584473,-0.08608962595462799,-0.09623254835605621,-0.5334184169769287,-0.11987262219190598,-0.10113852471113205,-0.3532421290874481,-0.12242097407579422,0.011923807673156261,-0.5710853338241577,-0.02577659673988819,0.01471863966435194,-0.7319628596305847,-0.10301869362592697,-0.00979271624237299,-0.5357114672660828,-0.10298607498407364,-0.02706301398575306,-0.36369311809539795,-0.07865670323371887,0.10219457000494003,-0.5386703610420227,-0.05142048001289368,0.14412108063697815,-0.7466596364974976,-0.09750969707965851,0.16913017630577087,-0.8774343132972717,-0.10492386668920517,0.1882648915052414,-1.0,-0.097784124314785
Y,Y_session_002,260,0.0,0.0,0.0,-0.1715448796749115,-0.13376250863075256,-0.023406051099300385,-0.2926294803619385,-0.3556455671787262,-0.03756323829293251,-0.34311288595199585,-0.5628883838653564,-0.06056249141693115,-0.3623007833957672,-0.7364473342895508,-0.07330134510993958,-0.18078595399856567,-0.5788841247558594,0.007642162032425404,-0.19615411758422852,-0.7681033611297607,-0.059127505868673325,-0.18584318459033966,-0.6028612852096558,-0.09782174229621887,-0.17546643316745758,-0.43501001596450806,-0.11044956743717194,-0.08297081291675568,-0.5802358388900757,-0.006047840695828199,-0.08958098292350769,-0.7428748607635498,-0.09139226377010345,-0.09455976635217667,-0.5316267609596252,-0.123721644282341,-0.09650897979736328,-0.35100844502449036,-0.125179260969162,0.012724627740681171,-0.5665269494056702,-0.029708178713917732,0.014019574970006943,-0.7293288111686707,-0.1073419600725174,-0.009102066047489643,-0.5319806337356567,-0.10538681596517563,-0.025160986930131912,-0.35970303416252136,-0.08011647313833237,0.10342863947153091,-0.5331627726554871,-0.05549705773591995,0.14468145370483398,-0.7410057783126831,-0.10209648311138153,0.16778163611888885,-0.873772919178009,-0.10962428152561188,0.18354536592960358,-1.0,-0.10296300798654556
Y,Y_session_002,261,0.0,0.0,0.0,-0.17091093957424164,-0.1297455132007599,-0.022349117323756218,-0.2911472022533417,-0.35240328311920166,-0.03512553498148918,-0.3407076299190521,-0.5574283003807068,-0.05723473057150841,-0.35655590891838074,-0.7293330430984497,-0.06946950405836105,-0.17640912532806396,-0.576607346534729,0.01236629392951727,-0.1925046592950821,-0.7616267204284668,-0.052550964057445526,-0.18584616482257843,-0.6018067002296448,-0.09146229177713394,-0.1789575070142746,-0.43373629450798035,-0.10457701981067657,-0.07949291914701462,-0.5788699984550476,-0.0016557157505303621,-0.08839956670999527,-0.7342727780342102,-0.08449552953243256,-0.09691905975341797,-0.5272718667984009,-0.11788681149482727,-0.10123486071825027,-0.34831124544143677,-0.12064842134714127,0.016252778470516205,-0.5645155310630798,-0.025619614869356155,0.013565437868237495,-0.7212907075881958,-0.10204052925109863,-0.011406824924051762,-0.5224323272705078,-0.10058377683162689,-0.027983110398054123,-0.3489812910556793,-0.07568927854299545,0.10724443942308426,-0.5307724475860596,-0.051674168556928635,0.14659328758716583,-0.7395790815353394,-0.09783092141151428,0.16795779764652252,-0.873257040977478,-0.10490557551383972,0.1826578974723816,-1.0,-0.09779863804578781
Y,Y_session_002,262,0.0,0.0,0.0,-0.17231574654579163,-0.13672515749931335,-0.01800053007900715,-0.290205180644989,-0.36189135909080505,-0.028147883713245392,-0.33680033683776855,-0.5664495825767517,-0.04854567348957062,-0.3548625111579895,-0.7362264394760132,-0.05933525413274765,-0.1734294891357422,-0.577667236328125,0.019507775083184242,-0.19237186014652252,-0.7664459943771362,-0.04296843707561493,-0.18814094364643097,-0.6072660684585571,-0.08083488047122955,-0.18241368234157562,-0.44203224778175354,-0.0935983955860138,-0.07816766947507858,-0.5791909098625183,0.00415128655731678,-0.09039618074893951,-0.7444944977760315,-0.07597925513982773,-0.09932942688465118,-0.5415335893630981,-0.10887017846107483,-0.10243780165910721,-0.3638850450515747,-0.11173893511295319,0.01645229198038578,-0.5657134652137756,-0.021015318110585213,0.013581282459199429,-0.7342692017555237,-0.09327708184719086,-0.013821743428707123,-0.5429763197898865,-0.09188280254602432,-0.031798940151929855,-0.37175360321998596,-0.06826455146074295,0.10709012299776077,-0.533237636089325,-0.04825392737984657,0.14573290944099426,-0.7416970729827881,-0.09137413650751114,0.16670800745487213,-0.8752409815788269,-0.09868598729372025,0.18142803013324738,-1.0,-0.09253200143575668
Y,Y_session_002,263,0.0,0.0,0.0,-0.1695556342601776,-0.1348741203546524,-0.018481284379959106,-0.287065714597702,-0.36025917530059814,-0.02862011268734932,-0.33432966470718384,-0.5644363164901733,-0.0489172637462616,-0.3526131808757782,-0.7343887686729431,-0.059531815350055695,-0.17508962750434875,-0.5768775939941406,0.020892171189188957,-0.19353435933589935,-0.767813503742218,-0.04172448813915253,-0.18788479268550873,-0.611386775970459,-0.0798455998301506,-0.18168988823890686,-0.4463903605937958,-0.09256752580404282,-0.08047876507043839,-0.5804513692855835,0.005997969303280115,-0.09297467768192291,-0.7444673180580139,-0.07386051118373871,-0.10281398892402649,-0.5418881177902222,-0.10737429559230804,-0.10752421617507935,-0.36575156450271606,-0.11045397073030472,0.013945835642516613,-0.5677308440208435,-0.018876489251852036,0.007738887798041105,-0.7322108149528503,-0.09132665395736694,-0.019978102296590805,-0.5393134951591492,-0.09084095060825348,-0.03814912587404251,-0.3687218427658081,-0.06735386699438095,0.1046123206615448,-0.5358728170394897,-0.0457865409553051,0.1411881446838379,-0.7434336543083191,-0.08905640989542007,0.16126693785190582,-0.875808835029602,-0.0967293456196785,0.17520709335803986,-1.0,-0.09047925472259521
Y,Y_session_002,264,0.0,0.0,0.0,-0.168350949883461,-0.12911257147789001,-0.020783301442861557,-0.2843581736087799,-0.35865896940231323,-0.03153027966618538,-0.3298855721950531,-0.563345193862915,-0.05188293755054474,-0.3497239053249359,-0.7314866781234741,-0.062458913773298264,-0.17572180926799774,-0.5794982314109802,0.014840792864561081,-0.1924932897090912,-0.7672207951545715,-0.04898136854171753,-0.183832049369812,-0.6034557223320007,-0.08616221696138382,-0.17529341578483582,-0.4378277659416199,-0.09793392568826675,-0.08108469843864441,-0.5824089050292969,0.0006316551007330418,-0.09088198095560074,-0.7406148910522461,-0.08164797723293304,-0.09775889664888382,-0.529827356338501,-0.11372588574886322,-0.10104848444461823,-0.35441938042640686,-0.11508647352457047,0.012978237122297287,-0.5677223205566406,-0.023678025230765343,0.010471343994140625,-0.7289220690727234,-0.09917058050632477,-0.015829022973775864,-0.5307087302207947,-0.09825470298528671,-0.03482101112604141,-0.36037561297416687,-0.07361961156129837,0.10279540717601776,-0.5347455143928528,-0.04993739351630211,0.140349343419075,-0.7432652115821838,-0.09525522589683533,0.16121415793895721,-0.8745339512825012,-0.10312831401824951,0.17448705434799194,-1.0,-0.09657426923513412
Y,Y_session_002,265,0.0,0.0,0.0,-0.1661221981048584,-0.12788252532482147,-0.020461294800043106,-0.2807745337486267,-0.3568114936351776,-0.0310879684984684,-0.32559913396835327,-0.5597901344299316,-0.0511494055390358,-0.34446799755096436,-0.7277398705482483,-0.061742622405290604,-0.17100879549980164,-0.5788347721099854,0.014084969647228718,-0.18865929543972015,-0.764715313911438,-0.0488126277923584,-0.1841883510351181,-0.6036924123764038,-0.08595086634159088,-0.17803965508937836,-0.43601545691490173,-0.09811972081661224,-0.07776275277137756,-0.5830882787704468,-0.000217385619180277,-0.08971641212701797,-0.7404512763023376,-0.0812227874994278,-0.09942123293876648,-0.5309754610061646,-0.11331204324960709,-0.10275568813085556,-0.3543667793273926,-0.11498352885246277,0.01607329025864601,-0.5679430961608887,-0.02436869591474533,0.010385668836534023,-0.7290095686912537,-0.09873529523611069,-0.016945524141192436,-0.5307587385177612,-0.09777361899614334,-0.034609273076057434,-0.3596456050872803,-0.07345101982355118,0.10666429996490479,-0.5338661074638367,-0.050454117357730865,0.1443234384059906,-0.7429134845733643,-0.09560520946979523,0.1637115478515625,-0.8743689060211182,-0.103644959628582,0.17623770236968994,-1.0,-0.09740346670150757
Y,Y_session_002,266,0.0,0.0,0.0,-0.16790257394313812,-0.12897992134094238,-0.017200876027345657,-0.2819129526615143,-0.36007988452911377,-0.025359278544783592,-0.3256637752056122,-0.5627173185348511,-0.04390009120106697,-0.3468092381954193,-0.7269155383110046,-0.05316409468650818,-0.16855627298355103,-0.5806145071983337,0.01859464682638645,-0.18823541700839996,-0.7645246386528015,-0.043003033846616745,-0.1823091208934784,-0.598061740398407,-0.07875243574380875,-0.17430439591407776,-0.4294030964374542,-0.0897582396864891,-0.07538585364818573,-0.5844134092330933,0.0031026704236865044,-0.08981545269489288,-0.7405434250831604,-0.07701046764850616,-0.09897460788488388,-0.5289019346237183,-0.10840316116809845,-0.10173738747835159,-0.3521573543548584,-0.10950350761413574,0.018016869202256203,-0.5694172978401184,-0.022107508033514023,0.010421655140817165,-0.7283516526222229,-0.09573756903409958,-0.016617782413959503,-0.5276119112968445,-0.09458278864622116,-0.034118011593818665,-0.35596054792404175,-0.07007628679275513,0.10754181444644928,-0.5361430048942566,-0.04903775081038475,0.14486347138881683,-0.7451649308204651,-0.09328088164329529,0.16455401480197906,-0.8754550218582153,-0.10095223784446716,0.17707881331443787,-1.0,-0.0944812148809433
Y,Y_session_002,267,0.0,0.0,0.0,-0.16893839836120605,-0.12884218990802765,-0.01851789839565754,-0.283299058675766,-0.35895872116088867,-0.02828165516257286,-0.32558318972587585,-0.5624651908874512,-0.0481053963303566,-0.3468850255012512,-0.7277135848999023,-0.05859376862645149,-0.17038846015930176,-0.5807008743286133,0.0134096285328269,-0.18849144876003265,-0.7684020400047302,-0.04995056986808777,-0.18363934755325317,-0.603870153427124,-0.08617419004440308,-0.17733624577522278,-0.4355907738208771,-0.09721571207046509,-0.07578255981206894,-0.5833228826522827,-0.00217702379450202,-0.08891990035772324,-0.744041919708252,-0.08431091904640198,-0.09809824079275131,-0.5321306586265564,-0.11570720374584198,-0.10160494595766068,-0.3540898561477661,-0.11629778891801834,0.018412495031952858,-0.567620575428009,-0.02736414410173893,0.012603835202753544,-0.7285745739936829,-0.10247719287872314,-0.01444199401885271,-0.527784526348114,-0.10085901618003845,-0.03265780955553055,-0.3558614253997803,-0.07553866505622864,0.10820583999156952,-0.5337165594100952,-0.054350148886442184,0.1458776742219925,-0.7431437969207764,-0.09948074817657471,0.1659175157546997,-0.874198317527771,-0.10700859874486923,0.17884714901447296,-1.0,-0.10010714828968048
Y,Y_session_002,268,0.0,0.0,0.0,-0.1682652086019516,-0.12518341839313507,-0.019945457577705383,-0.2840880751609802,-0.353176474571228,-0.030098214745521545,-0.3280651569366455,-0.5548236966133118,-0.049824029207229614,-0.34887999296188354,-0.7207723259925842,-0.06016021594405174,-0.17069385945796967,-0.5769433379173279,0.012942488305270672,-0.19208581745624542,-0.7615106105804443,-0.04918788745999336,-0.1893141120672226,-0.5994457602500916,-0.08499694615602493,-0.18347567319869995,-0.43204596638679504,-0.09623213857412338,-0.07727611809968948,-0.5811840891838074,-0.0016550016589462757,-0.09280645847320557,-0.7389615774154663,-0.08262021094560623,-0.10427628457546234,-0.5312387943267822,-0.11425717920064926,-0.10841138660907745,-0.3548709750175476,-0.11564216762781143,0.01646866649389267,-0.5655782222747803,-0.025872323662042618,0.009081816300749779,-0.7257063984870911,-0.10053865611553192,-0.020136630162596703,-0.5261806845664978,-0.09964533895254135,-0.038893379271030426,-0.3540387749671936,-0.07531487941741943,0.10644364356994629,-0.5314984321594238,-0.051942192018032074,0.143731951713562,-0.7400349378585815,-0.0974612906575203,0.16332542896270752,-0.8729692101478577,-0.10590529441833496,0.17620788514614105,-1.0,-0.09995921701192856
Y,Y_session_002,269,0.0,0.0,0.0,-0.1679457724094391,-0.12489627301692963,-0.023626253008842468,-0.2851341962814331,-0.3456817865371704,-0.036359600722789764,-0.33230724930763245,-0.5471193194389343,-0.058237526565790176,-0.3518472909927368,-0.714336633682251,-0.07043233513832092,-0.17397570610046387,-0.5736680626869202,0.011131673119962215,-0.19313888251781464,-0.7574385404586792,-0.05331917852163315,-0.18934665620326996,-0.5943004488945007,-0.09108205139636993,-0.1836085170507431,-0.42625537514686584,-0.10356949269771576,-0.08017957955598831,-0.5789688229560852,-0.002390621230006218,-0.09457816183567047,-0.7355100512504578,-0.0860048159956932,-0.10441368073225021,-0.5264492630958557,-0.11956106126308441,-0.10828475654125214,-0.3497832119464874,-0.12197968363761902,0.013647760264575481,-0.5646381378173828,-0.026112934574484825,0.008421526290476322,-0.721818208694458,-0.10360999405384064,-0.01980275847017765,-0.5225180983543396,-0.10436499863862991,-0.038867078721523285,-0.3499544858932495,-0.08041904866695404,0.10296633839607239,-0.5312950611114502,-0.05199830234050751,0.13936179876327515,-0.7403703927993774,-0.09953728318214417,0.1595047116279602,-0.8737301230430603,-0.10925712436437607,0.17323632538318634,-1.0,-0.10378436744213104
Y,Y_session_002,270,0.0,0.0,0.0,-0.1674097627401352,-0.1198071539402008,-0.024723682552576065,-0.2850196361541748,-0.33468836545944214,-0.03863689675927162,-0.3337189853191376,-0.5341324806213379,-0.061720110476017,-0.3576781451702118,-0.7016608119010925,-0.07538284361362457,-0.17541828751564026,-0.5622401833534241,0.009166098199784756,-0.19713889062404633,-0.748051643371582,-0.05610635131597519,-0.19287550449371338,-0.5901275873184204,-0.09509140253067017,-0.1869845688343048,-0.4229455292224884,-0.10836915671825409,-0.0819777101278305,-0.5704050064086914,-0.004541346337646246,-0.09808796644210815,-0.7295235395431519,-0.08832448720932007,-0.10694465786218643,-0.5265347361564636,-0.12291063368320465,-0.11069691181182861,-0.3495507836341858,-0.12634041905403137,0.011424683965742588,-0.5596940517425537,-0.028416281566023827,0.003724027657881379,-0.7201125621795654,-0.10559269785881042,-0.02175784669816494,-0.5225493311882019,-0.10609956830739975,-0.03850020095705986,-0.348524272441864,-0.08222025632858276,0.10074015706777573,-0.5299260020256042,-0.054688166826963425,0.13447034358978271,-0.7400051951408386,-0.10195433348417282,0.15349487960338593,-0.8745591044425964,-0.110954150557518,0.1665966957807541,-1.0,-0.10507713258266449
Y,Y_session_002,271,0.0,0.0,0.0,-0.16718381643295288,-0.11681441962718964,-0.026369962841272354,-0.2870267331600189,-0.33237335085868835,-0.04074027016758919,-0.3363940417766571,-0.5296855568885803,-0.06394848972558975,-0.36300233006477356,-0.6946159601211548,-0.07752788811922073,-0.18112969398498535,-0.5687218904495239,0.0081816790625453,-0.20368324220180511,-0.7491691708564758,-0.05770939216017723,-0.19726750254631042,-0.589220404624939,-0.09639089554548264,-0.1889650970697403,-0.42315244674682617,-0.10921236872673035,-0.0865321084856987,-0.5791436433792114,-0.004620027728378773,-0.102025106549263,-0.7347958087921143,-0.0891256257891655,-0.10936111956834793,-0.5272611975669861,-0.12280833721160889,-0.11152586340904236,-0.35010749101638794,-0.12517668306827545,0.006948701571673155,-0.5687921047210693,-0.027987483888864517,-0.0002660118043422699,-0.7231860756874084,-0.10689271241426468,-0.025341348722577095,-0.5233081579208374,-0.10858706384897232,-0.04164799302816391,-0.3496546745300293,-0.08488889783620834,0.09522678703069687,-0.5389299988746643,-0.05373820289969444,0.1273314654827118,-0.7470287680625916,-0.10258840024471283,0.14700190722942352,-0.877723217010498,-0.11305489391088486,0.16154058277606964,-1.0,-0.10780563950538635
Y,Y_session_002,272,0.0,0.0,0.0,-0.16862477362155914,-0.1089472621679306,-0.022235995158553123,-0.2911442518234253,-0.3135797381401062,-0.03518565744161606,-0.3423289954662323,-0.5061222910881042,-0.057362042367458344,-0.3683803379535675,-0.6702325940132141,-0.0700710341334343,-0.18587720394134521,-0.5497939586639404,0.011007568798959255,-0.2103549838066101,-0.7365335822105408,-0.05167412757873535,-0.2044794112443924,-0.5856431722640991,-0.08852579444646835,-0.1956942081451416,-0.42105230689048767,-0.10054599493741989,-0.09299444407224655,-0.565009355545044,-0.0028574196621775627,-0.11091265082359314,-0.7266035079956055,-0.08355667442083359,-0.1155562773346901,-0.5260231494903564,-0.11576148867607117,-0.11482331156730652,-0.3502257764339447,-0.11787310987710953,-0.0005739769549109042,-0.56082683801651,-0.02652161754667759,-0.010099959559738636,-0.7192820906639099,-0.1009829044342041,-0.03136100247502327,-0.5210130214691162,-0.1002475693821907,-0.04365773871541023,-0.34690234065055847,-0.07603862881660461,0.08814118802547455,-0.5361356735229492,-0.05241943895816803,0.1190820038318634,-0.7443577647209167,-0.09788903594017029,0.13674823939800262,-0.8770259022712708,-0.10612999647855759,0.14935940504074097,-1.0,-0.09997308254241943
Y,Y_session_002,273,0.0,0.0,0.0,-0.17192865908145905,-0.1020994484424591,-0.02145804837346077,-0.29679742455482483,-0.29974451661109924,-0.034455593675374985,-0.3511846661567688,-0.49047574400901794,-0.05692870914936066,-0.3794979155063629,-0.653304398059845,-0.07030440866947174,-0.19251462817192078,-0.5366504788398743,0.010610422119498253,-0.21854598820209503,-0.7262535095214844,-0.05293896049261093,-0.20871105790138245,-0.5765897035598755,-0.0910608321428299,-0.1969548910856247,-0.4096100628376007,-0.10391406714916229,-0.10026702284812927,-0.5556318759918213,-0.004145006183534861,-0.11783543974161148,-0.7215732932090759,-0.08583995699882507,-0.11869440227746964,-0.520552396774292,-0.11923298239707947,-0.11588754504919052,-0.3410157263278961,-0.12222103029489517,-0.008587921969592571,-0.5560556650161743,-0.028607375919818878,-0.017552947625517845,-0.7170599699020386,-0.10284528881311417,-0.03489068150520325,-0.5194584727287292,-0.10283927619457245,-0.04544840008020401,-0.3441789448261261,-0.07961121201515198,0.07955797016620636,-0.5356451272964478,-0.05534307658672333,0.10909824818372726,-0.7456579208374023,-0.10052390396595001,0.12647931277751923,-0.8784318566322327,-0.10871434956789017,0.13824094831943512,-1.0,-0.10293036699295044
Y,Y_session_002,274,0.0,0.0,0.0,-0.17113657295703888,-0.09698884934186935,-0.02227959595620632,-0.29669424891471863,-0.2872074246406555,-0.03704845905303955,-0.3523206114768982,-0.47585028409957886,-0.06081687659025192,-0.37996935844421387,-0.6403775215148926,-0.07555150240659714,-0.1939922571182251,-0.5312954783439636,0.00687079131603241,-0.220417320728302,-0.7172855138778687,-0.05827690288424492,-0.2103898972272873,-0.570049524307251,-0.09746472537517548,-0.19757476449012756,-0.40614715218544006,-0.11065412312746048,-0.10115467011928558,-0.5497206449508667,-0.00802966021001339,-0.1184554472565651,-0.7141137719154358,-0.09176138788461685,-0.1192745789885521,-0.5127533674240112,-0.1251363903284073,-0.1155894473195076,-0.33259132504463196,-0.12719187140464783,-0.009385624900460243,-0.549496054649353,-0.03247766196727753,-0.018929729238152504,-0.7080101370811462,-0.10788597911596298,-0.036583028733730316,-0.5113266110420227,-0.10721405595541,-0.04655388370156288,-0.33781781792640686,-0.08285071700811386,0.07916155457496643,-0.5289235711097717,-0.05912371724843979,0.10890394449234009,-0.7407156825065613,-0.10396930575370789,0.12172743678092957,-0.875251293182373,-0.11083848774433136,0.12789906561374664,-1.0,-0.10379306226968765
Y,Y_session_002,275,0.0,0.0,0.0,-0.16952098906040192,-0.09396804869174957,-0.023396402597427368,-0.2971312999725342,-0.2777153551578522,-0.03923455998301506,-0.3557274639606476,-0.4664085805416107,-0.06375838816165924,-0.3840072453022003,-0.6330837607383728,-0.07905179262161255,-0.19790396094322205,-0.5227978825569153,0.004390005953609943,-0.22384680807590485,-0.7153764367103577,-0.06133798882365227,-0.21325190365314484,-0.5705394744873047,-0.10028441995382309,-0.200059711933136,-0.40730544924736023,-0.11334392428398132,-0.10592354089021683,-0.5446265935897827,-0.010197827592492104,-0.12379293888807297,-0.7125353813171387,-0.09413714706897736,-0.1235111653804779,-0.5131048560142517,-0.12740422785282135,-0.11850155144929886,-0.3344934284687042,-0.1296694427728653,-0.015001018531620502,-0.5482447147369385,-0.03440413251519203,-0.024656198918819427,-0.7087770104408264,-0.1099911481142044,-0.04136354848742485,-0.5139099955558777,-0.1093543991446495,-0.050538644194602966,-0.34133708477020264,-0.0852670893073082,0.07283080369234085,-0.5314828753471375,-0.06091732159256935,0.10067115724086761,-0.7433749437332153,-0.10601004958152771,0.11311743408441544,-0.8768801093101501,-0.1130581796169281,0.11940488964319229,-1.0,-0.10626278817653656
Y,Y_session_002,276,0.0,0.0,0.0,-0.1713094264268875,-0.08940774947404861,-0.023339878767728806,-0.2997876703739166,-0.2748671770095825,-0.037847213447093964,-0.3572918772697449,-0.4657319486141205,-0.06096344813704491,-0.38389745354652405,-0.6318467259407043,-0.0750008076429367,-0.1975208818912506,-0.5171238780021667,0.004757941700518131,-0.2235400676727295,-0.7060376405715942,-0.0594831258058548,-0.21165652573108673,-0.5582300424575806,-0.09756322205066681,-0.19715379178524017,-0.39662879705429077,-0.11048971861600876,-0.1051124781370163,-0.5379093885421753,-0.009583557955920696,-0.12273138761520386,-0.7040870785713196,-0.09357345104217529,-0.12229111045598984,-0.5043205618858337,-0.12708315253257751,-0.1173270046710968,-0.32475027441978455,-0.12963107228279114,-0.014563009142875671,-0.5421596169471741,-0.033448949456214905,-0.02432597056031227,-0.7038175463676453,-0.10992411524057388,-0.041254207491874695,-0.5082235336303711,-0.1105547770857811,-0.05042167380452156,-0.33454933762550354,-0.08733261376619339,0.07268542796373367,-0.5274225473403931,-0.05943820998072624,0.10013426095247269,-0.7391967177391052,-0.10566699504852295,0.11340846866369247,-0.8748743534088135,-0.11419756710529327,0.12060340493917465,-1.0,-0.10863281041383743
Y,Y_session_002,277,0.0,0.0,0.0,-0.17081859707832336,-0.08579305559396744,-0.024817775934934616,-0.3005675673484802,-0.2697032690048218,-0.03963521867990494,-0.35904887318611145,-0.4615837335586548,-0.06258329004049301,-0.385975182056427,-0.6294313669204712,-0.07631700485944748,-0.20006799697875977,-0.5140068531036377,0.0050360760651528835,-0.22593802213668823,-0.7003927826881409,-0.05830122530460358,-0.21420174837112427,-0.5513765215873718,-0.09627274423837662,-0.20018258690834045,-0.3908417224884033,-0.10945352911949158,-0.10686162859201431,-0.5352082252502441,-0.008500346913933754,-0.12422451376914978,-0.698149561882019,-0.09069821983575821,-0.1243271455168724,-0.4982646107673645,-0.12445950508117676,-0.1200927123427391,-0.32091647386550903,-0.12790723145008087,-0.015408709645271301,-0.5400591492652893,-0.03159236162900925,-0.024919020012021065,-0.7013722658157349,-0.10726054757833481,-0.04243166744709015,-0.5068736672401428,-0.10829992592334747,-0.0521656759083271,-0.3346554934978485,-0.08592987060546875,0.07313735783100128,-0.5254753828048706,-0.056827206164598465,0.10006485879421234,-0.7366829514503479,-0.10297775268554688,0.11391463875770569,-0.8731730580329895,-0.11165083944797516,0.12195908278226852,-1.0,-0.10638866573572159
Y,Y_session_002,278,0.0,0.0,0.0,-0.17161820828914642,-0.0860893577337265,-0.026760628446936607,-0.3066527247428894,-0.27126824855804443,-0.042412169277668,-0.36910903453826904,-0.4624701738357544,-0.06586664170026779,-0.39260315895080566,-0.6297248005867004,-0.08007833361625671,-0.2022182196378708,-0.5229673981666565,0.003542135702446103,-0.22576116025447845,-0.7070145606994629,-0.06069299578666687,-0.21662695705890656,-0.5584038496017456,-0.09954272955656052,-0.2041022777557373,-0.39895039796829224,-0.11356386542320251,-0.10669376701116562,-0.541792631149292,-0.009553488343954086,-0.12176840752363205,-0.7060322165489197,-0.09468720853328705,-0.12401067465543747,-0.5030757188796997,-0.1293465942144394,-0.12077441066503525,-0.322666734457016,-0.13249626755714417,-0.014462650753557682,-0.5434860587120056,-0.03232912719249725,-0.019969837740063667,-0.7080063819885254,-0.11162751168012619,-0.037869349122047424,-0.5111972689628601,-0.11332126706838608,-0.048377130180597305,-0.33655428886413574,-0.09019668400287628,0.07408389449119568,-0.5242651700973511,-0.057214152067899704,0.10278261452913284,-0.7341823577880859,-0.10636317729949951,0.11929810792207718,-0.871249794960022,-0.11594986170530319,0.13033506274223328,-1.0,-0.11058979481458664
Y,Y_session_002,279,0.0,0.0,0.0,-0.17245858907699585,-0.08590167760848999,-0.027373187243938446,-0.30729982256889343,-0.2721084952354431,-0.04339141398668289,-0.37146908044815063,-0.4636053144931793,-0.066927470266819,-0.3969902992248535,-0.6309307813644409,-0.08086076378822327,-0.20088882744312286,-0.528645396232605,0.003922133706510067,-0.22460275888442993,-0.7085779905319214,-0.05900488421320915,-0.21329057216644287,-0.561235249042511,-0.09608621150255203,-0.1974586546421051,-0.4055268168449402,-0.10878194868564606,-0.10515184700489044,-0.5479373931884766,-0.008092801086604595,-0.11989641189575195,-0.7084285616874695,-0.09157320111989975,-0.12042512744665146,-0.5039730668067932,-0.12526625394821167,-0.11455065757036209,-0.3250453472137451,-0.12803001701831818,-0.013110252097249031,-0.5510252714157104,-0.029646217823028564,-0.016639702022075653,-0.7159251570701599,-0.10859677940607071,-0.034866753965616226,-0.5180395245552063,-0.11060907691717148,-0.045421771705150604,-0.3432128131389618,-0.08791983127593994,0.07429362088441849,-0.5315892100334167,-0.053117536008358,0.10440342873334885,-0.7390663623809814,-0.10227550566196442,0.12269715219736099,-0.8729571104049683,-0.11214768141508102,0.13586093485355377,-1.0,-0.1068638265132904
Y,Y_session_002,280,0.0,0.0,0.0,-0.17196272313594818,-0.09058888256549835,-0.029171517118811607,-0.3069920241832733,-0.27475547790527344,-0.046833645552396774,-0.37236663699150085,-0.46642908453941345,-0.07188740372657776,-0.39677852392196655,-0.6374502182006836,-0.08732540905475616,-0.19788065552711487,-0.5298510193824768,0.004085205495357513,-0.21932335197925568,-0.7084652185440063,-0.06121351942420006,-0.20779938995838165,-0.5618441104888916,-0.10043089091777802,-0.19271020591259003,-0.40538349747657776,-0.11389683932065964,-0.1012272983789444,-0.5466848611831665,-0.007620058488100767,-0.11327526718378067,-0.7080154418945312,-0.0940365269780159,-0.11411449313163757,-0.5024241209030151,-0.1293693631887436,-0.10913876444101334,-0.3190472722053528,-0.13203859329223633,-0.008717230521142483,-0.5484767556190491,-0.029218900948762894,-0.010389387607574463,-0.7168386578559875,-0.10927912592887878,-0.027406295761466026,-0.5229746699333191,-0.1114165410399437,-0.03669553995132446,-0.34878963232040405,-0.08813861757516861,0.0782751590013504,-0.527810275554657,-0.05295693874359131,0.1092246025800705,-0.7361656427383423,-0.1016298308968544,0.12869226932525635,-0.8719000816345215,-0.11066346615552902,0.14334037899971008,-1.0,-0.10446728020906448
Y,Y_session_002,281,0.0,0.0,0.0,-0.1718650758266449,-0.08837452530860901,-0.029744544997811317,-0.30763867497444153,-0.27532514929771423,-0.04776819795370102,-0.3741183280944824,-0.4674692749977112,-0.07326079159975052,-0.397225558757782,-0.6383025646209717,-0.08917921036481857,-0.1929340362548828,-0.5310733318328857,0.0028581295628100634,-0.2154110074043274,-0.7130698561668396,-0.06236371770501137,-0.20648358762264252,-0.5662047863006592,-0.10124800354242325,-0.1931464821100235,-0.40863510966300964,-0.11454983055591583,-0.09639012068510056,-0.5474597811698914,-0.008618582971394062,-0.10751325637102127,-0.7078844308853149,-0.09579913318157196,-0.11004576832056046,-0.4984174072742462,-0.1312282830476761,-0.10712560266256332,-0.3125608563423157,-0.13382326066493988,-0.0038672660011798143,-0.549308717250824,-0.0299054104834795,-0.003399553708732128,-0.7218184471130371,-0.11024057120084763,-0.02131936326622963,-0.5261961817741394,-0.11224425584077835,-0.032534483820199966,-0.35096997022628784,-0.0889827162027359,0.08346719294786453,-0.5284335017204285,-0.05336756259202957,0.1147666946053505,-0.7365438342094421,-0.10242830961942673,0.13561980426311493,-0.8716307282447815,-0.11167334765195847,0.1518741399049759,-1.0,-0.10559124499559402
Y,Y_session_002,282,0.0,0.0,0.0,-0.17160655558109283,-0.09788469225168228,-0.0272037535905838,-0.3027271628379822,-0.293182373046875,-0.042288001626729965,-0.365000456571579,-0.48815634846687317,-0.06559178978204727,-0.3931686282157898,-0.6531234979629517,-0.07949335128068924,-0.18865922093391418,-0.5399426221847534,0.009568779729306698,-0.21147304773330688,-0.7214842438697815,-0.05402309447526932,-0.20205707848072052,-0.5760968327522278,-0.09220096468925476,-0.18934018909931183,-0.42245596647262573,-0.1049407348036766,-0.09292230010032654,-0.5543485283851624,-0.002511759288609028,-0.10376868396997452,-0.7167608141899109,-0.08840913325548172,-0.10718118399381638,-0.5081248879432678,-0.12423370033502579,-0.10525178164243698,-0.3229866623878479,-0.12690244615077972,-0.0015357673401013017,-0.5561841130256653,-0.02444828301668167,-0.0008160110446624458,-0.7255834937095642,-0.10429338365793228,-0.01982083171606064,-0.5268809795379639,-0.10719925910234451,-0.03159720450639725,-0.3495132327079773,-0.08406758308410645,0.08480887860059738,-0.5357940793037415,-0.0484650656580925,0.11754701286554337,-0.7414140701293945,-0.09669676423072815,0.14008955657482147,-0.8740546107292175,-0.10620421171188354,0.15818259119987488,-1.0,-0.10022374242544174
Y,Y_session_002,283,0.0,0.0,0.0,-0.17314454913139343,-0.0981806144118309,-0.02572512999176979,-0.3038904070854187,-0.2972710132598877,-0.04009193554520607,-0.3646645247936249,-0.4928668737411499,-0.06295210868120193,-0.395724356174469,-0.6552537083625793,-0.07678893208503723,-0.186687633395195,-0.5386947393417358,0.007160244043916464,-0.20481757819652557,-0.7192754149436951,-0.05712859332561493,-0.19544708728790283,-0.5707641839981079,-0.0956398993730545,-0.18401537835597992,-0.4130047857761383,-0.10853303968906403,-0.08825213462114334,-0.5511633157730103,-0.006049104034900665,-0.09622139483690262,-0.7136191129684448,-0.09244054555892944,-0.09977620095014572,-0.5051061511039734,-0.12790445983409882,-0.09928043186664581,-0.31893959641456604,-0.13056716322898865,0.005450848024338484,-0.550249457359314,-0.0288518276065588,0.008034846745431423,-0.716954231262207,-0.10925843566656113,-0.01054216455668211,-0.5159692764282227,-0.11124423891305923,-0.023465774953365326,-0.3371351361274719,-0.08759346604347229,0.09324217587709427,-0.5279738903045654,-0.05356709286570549,0.12946276366710663,-0.7357159852981567,-0.10198428481817245,0.15439729392528534,-0.8710795640945435,-0.11082910001277924,0.1731283962726593,-1.0,-0.10473500192165375
Y,Y_session_002,284,0.0,0.0,0.0,-0.17502321302890778,-0.10523383319377899,-0.023504553362727165,-0.3049655258655548,-0.3077801465988159,-0.03605914115905762,-0.36559930443763733,-0.5029113292694092,-0.05800681561231613,-0.39526277780532837,-0.6642781496047974,-0.0711277425289154,-0.18914508819580078,-0.5387037396430969,0.011999603360891342,-0.20580776035785675,-0.7255933284759521,-0.05180729925632477,-0.19733259081840515,-0.5810914039611816,-0.09073823690414429,-0.18732252717018127,-0.4229249358177185,-0.10383795201778412,-0.09002608805894852,-0.5504549741744995,-0.002179644303396344,-0.09662964940071106,-0.7156888246536255,-0.08866702020168304,-0.10167344659566879,-0.5105382800102234,-0.1257672905921936,-0.10337729007005692,-0.32386529445648193,-0.12939991056919098,0.004480876959860325,-0.5504640936851501,-0.025869281962513924,0.008395480923354626,-0.7201586961746216,-0.10619442909955978,-0.01155832689255476,-0.5210588574409485,-0.10940547287464142,-0.02661624550819397,-0.3418830931186676,-0.08631030470132828,0.09252644330263138,-0.5295419096946716,-0.051339954137802124,0.12944665551185608,-0.7363893389701843,-0.09897981584072113,0.15358000993728638,-0.8719999194145203,-0.1077706515789032,0.17148222029209137,-1.0,-0.10158795863389969
Y,Y_session_002,285,0.0,0.0,0.0,-0.17358629405498505,-0.112493596971035,-0.024934422224760056,-0.30005884170532227,-0.3140539824962616,-0.03984368219971657,-0.3603545129299164,-0.508927583694458,-0.0635082945227623,-0.3891749978065491,-0.6745492219924927,-0.07782067358493805,-0.18752804398536682,-0.5431515574455261,0.006775385234504938,-0.20096822082996368,-0.7328692078590393,-0.05744224414229393,-0.1916479766368866,-0.583666980266571,-0.0957258939743042,-0.18230745196342468,-0.4231099784374237,-0.1085985004901886,-0.08726691454648972,-0.5536554455757141,-0.006595055107027292,-0.09057240933179855,-0.7172287106513977,-0.09248825907707214,-0.09503959119319916,-0.510415256023407,-0.12840765714645386,-0.09749295562505722,-0.32741835713386536,-0.13202598690986633,0.008932223543524742,-0.5514703989028931,-0.029187966138124466,0.014920269139111042,-0.7246286273002625,-0.1086583361029625,-0.0050710453651845455,-0.5266355872154236,-0.1096576526761055,-0.021230516955256462,-0.34912559390068054,-0.08585745096206665,0.09813258796930313,-0.5273944735527039,-0.05363534763455391,0.13676989078521729,-0.7361956834793091,-0.10168518126010895,0.16151195764541626,-0.871559202671051,-0.10958945006132126,0.17912264168262482,-1.0,-0.10281478613615036
Y,Y_session_002,286,0.0,0.0,0.0,-0.17564330995082855,-0.1249762699007988,-0.017883621156215668,-0.3008520305156708,-0.3301447629928589,-0.02919691801071167,-0.3577485680580139,-0.5244532227516174,-0.050887513905763626,-0.3855738341808319,-0.6855180263519287,-0.0638241246342659,-0.18359993398189545,-0.5451265573501587,0.011993193067610264,-0.20132191479206085,-0.7399020791053772,-0.05159161239862442,-0.19520194828510284,-0.5863948464393616,-0.0901019498705864,-0.1876257359981537,-0.4197574853897095,-0.10307595878839493,-0.08428842574357986,-0.5525042414665222,-0.0045644561760127544,-0.0930652916431427,-0.7178199291229248,-0.08922012150287628,-0.09904970228672028,-0.5089325308799744,-0.12381783872842789,-0.10076345503330231,-0.3226888179779053,-0.1268254965543747,0.011791983619332314,-0.5474668145179749,-0.030053043738007545,0.011764061637222767,-0.7186998128890991,-0.10675124078989029,-0.0081771370023489,-0.5232706665992737,-0.10651642084121704,-0.021389571949839592,-0.346373975276947,-0.0826406329870224,0.10162904113531113,-0.5224521160125732,-0.05718468129634857,0.14435473084449768,-0.7340348362922668,-0.10329139232635498,0.16929638385772705,-0.8712249994277954,-0.1108611673116684,0.18703864514827728,-1.0,-0.10448464006185532
Y,Y_session_002,287,0.0,0.0,0.0,-0.16985149681568146,-0.12837359309196472,-0.01985192485153675,-0.2899940311908722,-0.34618228673934937,-0.03180414065718651,-0.3451717793941498,-0.5429531931877136,-0.053816016763448715,-0.371685653924942,-0.7055774927139282,-0.0668589249253273,-0.17617420852184296,-0.56307053565979,0.011646052822470665,-0.1957075297832489,-0.7584879398345947,-0.053179435431957245,-0.19137592613697052,-0.6069046258926392,-0.09225169569253922,-0.18470361828804016,-0.4424377977848053,-0.10558342188596725,-0.08111749589443207,-0.5656376481056213,-0.004439199343323708,-0.08965843170881271,-0.7353255152702332,-0.08996068686246872,-0.10122424364089966,-0.5321051478385925,-0.12494607269763947,-0.10620943456888199,-0.3481498658657074,-0.12798510491847992,0.012522928416728973,-0.5545403957366943,-0.029988843947649002,0.013796263374388218,-0.7292308211326599,-0.10750807821750641,-0.013096587732434273,-0.5363965630531311,-0.10796118527650833,-0.031070217490196228,-0.3613807260990143,-0.08418602496385574,0.10162650793790817,-0.5247254371643066,-0.05748550221323967,0.14193569123744965,-0.73475581407547,-0.10480903834104538,0.1650329977273941,-0.8714590072631836,-0.11370152980089188,0.1828298270702362,-1.0,-0.1078614592552185
Y,Y_session_002,288,0.0,0.0,0.0,-0.16741445660591125,-0.12845636904239655,-0.01673821359872818,-0.28472086787223816,-0.347409725189209,-0.027017205953598022,-0.33402541279792786,-0.5432307720184326,-0.0474243201315403,-0.3572548031806946,-0.7058980464935303,-0.05885785073041916,-0.17131730914115906,-0.5638514161109924,0.013190176337957382,-0.19001512229442596,-0.7525199055671692,-0.04843563213944435,-0.18468496203422546,-0.5987593531608582,-0.0847591832280159,-0.17708079516887665,-0.43611714243888855,-0.09645319730043411,-0.07703478634357452,-0.5665969848632812,-0.0032175774686038494,-0.0878138318657875,-0.72956782579422,-0.08420703560113907,-0.09821493178606033,-0.5250237584114075,-0.11620340496301651,-0.10201948136091232,-0.3463626801967621,-0.11800237745046616,0.016508743166923523,-0.5547859072685242,-0.0286320261657238,0.01360600721091032,-0.7220401167869568,-0.10171545296907425,-0.01197763066738844,-0.5303382277488708,-0.10055264830589294,-0.02839605323970318,-0.36082711815834045,-0.07676964998245239,0.10612478852272034,-0.5247260332107544,-0.055743277072906494,0.14681965112686157,-0.7360308766365051,-0.09963390976190567,0.1678670048713684,-0.8712812066078186,-0.10722954571247101,0.18168790638446808,-1.0,-0.10118681937456131
Y,Y_session_002,289,0.0,0.0,0.0,-0.17098687589168549,-0.12939441204071045,-0.01485187653452158,-0.2855290174484253,-0.3548150658607483,-0.02289007045328617,-0.334444522857666,-0.5487080216407776,-0.04199904948472977,-0.36179059743881226,-0.704571008682251,-0.05211891606450081,-0.17125679552555084,-0.566279947757721,0.020174479112029076,-0.19564083218574524,-0.7589417695999146,-0.04188553988933563,-0.1906687468290329,-0.6028894782066345,-0.0782526284456253,-0.18344798684120178,-0.4401962161064148,-0.08931101858615875,-0.07954078912734985,-0.569416880607605,0.003361899172887206,-0.09518425166606903,-0.7340714931488037,-0.07715314626693726,-0.10569457709789276,-0.5318158268928528,-0.10935042798519135,-0.10961661487817764,-0.3572360873222351,-0.11110788583755493,0.011644543148577213,-0.5589135885238647,-0.023033354431390762,0.00605668593198061,-0.7278361320495605,-0.09566544741392136,-0.02257855422794819,-0.537572979927063,-0.09549502283334732,-0.04085700213909149,-0.3694237470626831,-0.0720461755990982,0.09888198226690292,-0.5319597125053406,-0.051217421889305115,0.13481839001178741,-0.7418327927589417,-0.09432373940944672,0.15454071760177612,-0.8748580813407898,-0.10253781825304031,0.16889430582523346,-1.0,-0.0966842994093895
Y,Y_session_002,290,0.0,0.0,0.0,-0.16894511878490448,-0.12710082530975342,-0.008399860933423042,-0.2791641652584076,-0.35448330640792847,-0.011988773010671139,-0.3206864297389984,-0.5490775108337402,-0.027562879025936127,-0.3444051444530487,-0.7040220499038696,-0.03448079526424408,-0.16795507073402405,-0.5669286847114563,0.02924432046711445,-0.19127993285655975,-0.7517610192298889,-0.02775031328201294,-0.18351337313652039,-0.5934934020042419,-0.060514625161886215,-0.1722489446401596,-0.432151198387146,-0.06942630559206009,-0.07780557870864868,-0.5697616338729858,0.01098215114325285,-0.09501674771308899,-0.7338948845863342,-0.06541528552770615,-0.10324086993932724,-0.5288657546043396,-0.09540662914514542,-0.10360259562730789,-0.353057324886322,-0.09527698159217834,0.012636905536055565,-0.5581932663917542,-0.016190219670534134,0.003191332332789898,-0.7260417342185974,-0.08485612273216248,-0.0226006917655468,-0.5317621827125549,-0.08294383436441422,-0.03723672777414322,-0.3636874854564667,-0.0586751326918602,0.09967734664678574,-0.5298708081245422,-0.04464197903871536,0.13395343720912933,-0.7380380034446716,-0.08549823611974716,0.1507132202386856,-0.8719098567962646,-0.09308826178312302,0.16208800673484802,-1.0,-0.08697202056646347
Y,Y_session_002,291,0.0,0.0,0.0,-0.1664736419916153,-0.12734124064445496,-0.008482947014272213,-0.27445030212402344,-0.35560551285743713,-0.01140789594501257,-0.3150910437107086,-0.5479455590248108,-0.0263375211507082,-0.3346322774887085,-0.7018821835517883,-0.032725740224123,-0.1626550704240799,-0.5670223236083984,0.032518550753593445,-0.18585526943206787,-0.7485672235488892,-0.023094389587640762,-0.1851375848054886,-0.5897125005722046,-0.05525129660964012,-0.1773962676525116,-0.42541828751564026,-0.06399423629045486,-0.07442894577980042,-0.5689404010772705,0.01498443353921175,-0.09332235902547836,-0.7307791113853455,-0.060366589576005936,-0.10643233358860016,-0.5243034958839417,-0.09081115573644638,-0.10814636200666428,-0.3483259975910187,-0.0909363329410553,0.015780750662088394,-0.5568466782569885,-0.011693454347550869,0.0029796829912811518,-0.7234256863594055,-0.0799090564250946,-0.026741059496998787,-0.5310251712799072,-0.07969193905591965,-0.04264374077320099,-0.3632018566131592,-0.05641155689954758,0.10413289070129395,-0.5300905108451843,-0.03953175991773605,0.13834115862846375,-0.7386140823364258,-0.08070848882198334,0.1525895744562149,-0.8724169135093689,-0.08992275595664978,0.16135437786579132,-1.0,-0.08488399535417557
Y,Y_session_002,292,0.0,0.0,0.0,-0.16295239329338074,-0.12475324422121048,-0.005716310814023018,-0.2682564854621887,-0.3515384793281555,-0.007588893175125122,-0.30815592408180237,-0.540138840675354,-0.02196321450173855,-0.33222776651382446,-0.6891906261444092,-0.02828807197511196,-0.1535729318857193,-0.5662083625793457,0.032388679683208466,-0.1818779557943344,-0.7474809288978577,-0.022807108238339424,-0.18389445543289185,-0.5884228944778442,-0.05410085245966911,-0.17651799321174622,-0.4253455698490143,-0.0620356984436512,-0.06835544854402542,-0.5665954351425171,0.013352644629776478,-0.0924200564622879,-0.7319214940071106,-0.06109645590186119,-0.10740668326616287,-0.527206301689148,-0.090378038585186,-0.1086772158741951,-0.3515886664390564,-0.08945398032665253,0.019519103690981865,-0.5523260831832886,-0.014349712058901787,0.0016052877763286233,-0.7195427417755127,-0.08086778223514557,-0.027797816321253777,-0.5242571830749512,-0.0789710208773613,-0.04106483608484268,-0.3565504252910614,-0.054656870663166046,0.10643087327480316,-0.5245680809020996,-0.04316161945462227,0.1374204456806183,-0.7349686026573181,-0.08297619223594666,0.1492994874715805,-0.8701033592224121,-0.09097457677125931,0.1572837233543396,-1.0,-0.0851690024137497
Y,Y_session_002,293,0.0,0.0,0.0,-0.16422976553440094,-0.1273602694272995,-0.006658927537500858,-0.2673042118549347,-0.35427647829055786,-0.008771700784564018,-0.3045505881309509,-0.5458396077156067,-0.02344178594648838,-0.32617461681365967,-0.7010928988456726,-0.029753295704722404,-0.14922507107257843,-0.566007673740387,0.03497634828090668,-0.17766991257667542,-0.7495431303977966,-0.020512457937002182,-0.18020910024642944,-0.5892736315727234,-0.05214693024754524,-0.1731470227241516,-0.4256467819213867,-0.05999644100666046,-0.06368910521268845,-0.566597044467926,0.016339827328920364,-0.08829505741596222,-0.7366373538970947,-0.058013804256916046,-0.10503111034631729,-0.5334377288818359,-0.0879494771361351,-0.10697156190872192,-0.357034832239151,-0.08720675110816956,0.024254126474261284,-0.5521451830863953,-0.011294946074485779,0.005371488630771637,-0.7220808267593384,-0.07757620513439178,-0.02606804482638836,-0.5288251638412476,-0.07633836567401886,-0.04011332243680954,-0.36197954416275024,-0.052249640226364136,0.11145758628845215,-0.5239966511726379,-0.040198907256126404,0.14246101677417755,-0.734395444393158,-0.07884018123149872,0.15230625867843628,-0.87068772315979,-0.08666890114545822,0.1581438183784485,-1.0,-0.08077555894851685
Y,Y_session_002,294,0.0,0.0,0.0,-0.1607452780008316,-0.12487658113241196,-0.005345184355974197,-0.2629797160625458,-0.36031773686408997,-0.00507026631385088,-0.300036758184433,-0.5509187579154968,-0.017550956457853317,-0.32583996653556824,-0.6967275738716125,-0.02220138907432556,-0.1467316448688507,-0.5749074816703796,0.03439384698867798,-0.1759837567806244,-0.7553613781929016,-0.02146894857287407,-0.18221941590309143,-0.593188464641571,-0.05258696526288986,-0.1777818202972412,-0.4287245571613312,-0.059830427169799805,-0.06292638927698135,-0.5754005908966064,0.015499977394938469,-0.08941207826137543,-0.7400469779968262,-0.05966532975435257,-0.10822659730911255,-0.5315209627151489,-0.08860012143850327,-0.11164268106222153,-0.35607415437698364,-0.08653248101472855,0.024253787472844124,-0.5574826598167419,-0.012414749711751938,0.0035513006150722504,-0.7233507037162781,-0.08071639388799667,-0.02855665050446987,-0.5263555645942688,-0.08038580417633057,-0.04358812794089317,-0.3593454658985138,-0.05605797842144966,0.11068166792392731,-0.5267874598503113,-0.04126278683543205,0.14087936282157898,-0.7389563918113708,-0.08209716528654099,0.14926216006278992,-0.8726615905761719,-0.09129789471626282,0.15339991450309753,-1.0,-0.08596794307231903
Y,Y_session_002,295,0.0,0.0,0.0,-0.1600518375635147,-0.12129440158605576,-0.005435841158032417,-0.26042884588241577,-0.35320207476615906,-0.004859123844653368,-0.2947319447994232,-0.5435954332351685,-0.017243560403585434,-0.31998273730278015,-0.6890910863876343,-0.022061968222260475,-0.14231686294078827,-0.5647095441818237,0.03615014627575874,-0.17127560079097748,-0.7496908903121948,-0.018639052286744118,-0.1799340844154358,-0.5924711227416992,-0.04922691732645035,-0.17739541828632355,-0.428406685590744,-0.05606367066502571,-0.05950796604156494,-0.5645763874053955,0.017078295350074768,-0.08607169985771179,-0.7343748807907104,-0.05770882964134216,-0.1060858741402626,-0.5291516184806824,-0.0870305597782135,-0.10997021943330765,-0.3533823490142822,-0.08489257842302322,0.026677586138248444,-0.5476694107055664,-0.011036919429898262,0.005039702169597149,-0.7174253463745117,-0.07853829115629196,-0.026839809492230415,-0.5227938294410706,-0.07813864946365356,-0.04071071743965149,-0.35650956630706787,-0.05359776318073273,0.11310427635908127,-0.5195578932762146,-0.04020864889025688,0.14291566610336304,-0.733368992805481,-0.07946453243494034,0.150071382522583,-0.8700098395347595,-0.08770297467708588,0.1536615639925003,-1.0,-0.08181188255548477
Y,Y_session_002,296,0.0,0.0,0.0,-0.16056771576404572,-0.12151098996400833,-0.005215023644268513,-0.2598593533039093,-0.35395577549934387,-0.004142438992857933,-0.2940952181816101,-0.5418710112571716,-0.0162290520966053,-0.31760814785957336,-0.685461163520813,-0.02093290165066719,-0.14080238342285156,-0.5633147358894348,0.038626279681921005,-0.168809175491333,-0.745439350605011,-0.015447158366441727,-0.17840787768363953,-0.5905891060829163,-0.04619429633021355,-0.1767192929983139,-0.4280274510383606,-0.053247734904289246,-0.058555811643600464,-0.5635000467300415,0.019468143582344055,-0.08446253091096878,-0.7317386269569397,-0.054922811686992645,-0.10579545795917511,-0.5287572145462036,-0.08506392687559128,-0.11043167859315872,-0.3537590205669403,-0.0833372175693512,0.026536863297224045,-0.5469624400138855,-0.00879742857068777,0.006024535279721022,-0.7149969339370728,-0.0753629058599472,-0.027532368898391724,-0.523436427116394,-0.07561331987380981,-0.042439449578523636,-0.35895106196403503,-0.051507484167814255,0.11154063045978546,-0.5190132260322571,-0.03822590783238411,0.1409362256526947,-0.7320587635040283,-0.07630759477615356,0.14742086827754974,-0.8697192072868347,-0.08438371121883392,0.15085460245609283,-1.0,-0.07841615378856659
Y,Y_session_002,297,0.0,0.0,0.0,-0.15912511944770813,-0.12202756851911545,-0.0062805041670799255,-0.2570226490497589,-0.35738682746887207,-0.004886585753411055,-0.2887219786643982,-0.5476952195167542,-0.01630433276295662,-0.3141334354877472,-0.6909534335136414,-0.02025628089904785,-0.14045774936676025,-0.5662002563476562,0.03971998393535614,-0.1677948385477066,-0.7451202869415283,-0.014436538331210613,-0.17511820793151855,-0.5907019376754761,-0.045623891055583954,-0.17255175113677979,-0.42982685565948486,-0.052892547100782394,-0.05786887928843498,-0.5676677227020264,0.021459832787513733,-0.08338741958141327,-0.7327364683151245,-0.05223304405808449,-0.1031624972820282,-0.5300085544586182,-0.08223669975996017,-0.10721364617347717,-0.3562781512737274,-0.08053440600633621,0.027077127248048782,-0.55208820104599,-0.0061660087667405605,0.006427668035030365,-0.7205430269241333,-0.07245071232318878,-0.02631733939051628,-0.5291630029678345,-0.0726119726896286,-0.04103725403547287,-0.3650779724121094,-0.048491500318050385,0.11205317080020905,-0.524531364440918,-0.035049546509981155,0.1401427835226059,-0.7354657053947449,-0.07264576852321625,0.14673204720020294,-0.870818555355072,-0.08031053096055984,0.14998005330562592,-1.0,-0.07408709079027176
Y,Y_session_002,298,0.0,0.0,0.0,-0.1610458791255951,-0.1258264034986496,-0.004288563504815102,-0.2573331594467163,-0.36065325140953064,-0.0016429232200607657,-0.28744781017303467,-0.5509157180786133,-0.012085969559848309,-0.31322646141052246,-0.6908037662506104,-0.0151395658031106,-0.14044490456581116,-0.5674259662628174,0.04365868493914604,-0.16686904430389404,-0.7460663914680481,-0.01020368468016386,-0.17467357218265533,-0.5904653668403625,-0.04184288904070854,-0.17254625260829926,-0.428739994764328,-0.04919592663645744,-0.05810439586639404,-0.5676887631416321,0.025087615475058556,-0.08197162300348282,-0.7331094741821289,-0.048280488699674606,-0.1027163565158844,-0.5291153192520142,-0.07851821929216385,-0.10873088240623474,-0.35580193996429443,-0.07679096609354019,0.026042627170681953,-0.5519985556602478,-0.002916766796261072,0.006574282422661781,-0.7176958918571472,-0.06823796033859253,-0.027120856568217278,-0.5262806415557861,-0.06827991455793381,-0.04307694360613823,-0.36347728967666626,-0.04410958290100098,0.11062288284301758,-0.5248759984970093,-0.03211691603064537,0.14016173779964447,-0.7364983558654785,-0.06845955550670624,0.14505432546138763,-0.8712784051895142,-0.07554198056459427,0.14570248126983643,-1.0,-0.06901086121797562
Y,Y_session_002,299,0.0,0.0,0.0,-0.15998995304107666,-0.1271531581878662,-0.003924263641238213,-0.25548025965690613,-0.36334913969039917,-0.000560054904781282,-0.2841320037841797,-0.554480254650116,-0.010285499505698681,-0.31072163581848145,-0.6913580298423767,-0.012402081862092018,-0.13741721212863922,-0.5711663961410522,0.044486697763204575,-0.16452808678150177,-0.7468898892402649,-0.008722594007849693,-0.17251458764076233,-0.5861821174621582,-0.039260383695364,-0.16896332800388336,-0.42359527945518494,-0.0459350124001503,-0.05595187097787857,-0.5704595446586609,0.026091936975717545,-0.08162040263414383,-0.7314764261245728,-0.04746950417757034,-0.10104662925004959,-0.5232095122337341,-0.07688608020544052,-0.10367409884929657,-0.3506830334663391,-0.07431516796350479,0.02756487764418125,-0.554547905921936,-0.0017235815757885575,0.007098871748894453,-0.7197617888450623,-0.06726976484060287,-0.02662992849946022,-0.5263075232505798,-0.06678348034620285,-0.04131468012928963,-0.3628929555416107,-0.042120516300201416,0.11115612089633942,-0.5273647308349609,-0.03066546469926834,0.14073722064495087,-0.7372957468032837,-0.06760682910680771,0.14500552415847778,-0.8715667128562927,-0.07499267905950546,0.1448691487312317,-1.0,-0.06853479146957397
